date,fold,feature_name,raw_validation_value,was_validation_missing,imputed_validation_value,training_median,training_scaler_mean,training_scaler_scale,validation_zscore,abs_validation_zscore,arm,model
2026-02-26,cv_1,simple_return,-0.0545612512893816,False,-0.0545612512893816,-0.0011109090129327,0.00028598184748099075,0.022691677285319588,-2.4170638621035776,2.4170638621035776,control,ols
2026-02-27,cv_1,simple_return,-0.0416463679683114,False,-0.0416463679683114,-0.0011109090129327,0.00028598184748099075,0.022691677285319588,-1.8479175994152086,1.8479175994152086,control,ols
2026-03-02,cv_1,simple_return,0.0298549196526034,False,0.0298549196526034,-0.0011109090129327,0.00028598184748099075,0.022691677285319588,1.3030741374174255,1.3030741374174255,control,ols
2026-03-03,cv_1,simple_return,-0.013316488013346,False,-0.013316488013346,-0.0011109090129327,0.00028598184748099075,0.022691677285319588,-0.5994475282630221,0.5994475282630221,control,ols
2026-03-04,cv_1,simple_return,0.0166064436750688,False,0.0166064436750688,-0.0011109090129327,0.00028598184748099075,0.022691677285319588,0.7192267729872202,0.7192267729872202,control,ols
2026-03-05,cv_1,simple_return,0.0016390027467323,False,0.0016390027467323,-0.0011109090129327,0.00028598184748099075,0.022691677285319588,0.05962630625487733,0.05962630625487733,control,ols
2026-03-06,cv_1,simple_return,-0.0301079367510115,False,-0.0301079367510115,-0.0011109090129327,0.00028598184748099075,0.022691677285319588,-1.3394302332228158,1.3394302332228158,control,ols
2026-03-09,cv_1,simple_return,0.0271622223221437,False,0.0271622223221437,-0.0011109090129327,0.00028598184748099075,0.022691677285319588,1.1844096025484345,1.1844096025484345,control,ols
2026-03-10,cv_1,simple_return,0.0116069556354763,False,0.0116069556354763,-0.0011109090129327,0.00028598184748099075,0.022691677285319588,0.4989042302007102,0.4989042302007102,control,ols
2026-03-11,cv_1,simple_return,0.0068192589581692,False,0.0068192589581692,-0.0011109090129327,0.00028598184748099075,0.022691677285319588,0.28791512538012876,0.28791512538012876,control,ols
2026-03-12,cv_1,simple_return,-0.0155351255636844,False,-0.0155351255636844,-0.0011109090129327,0.00028598184748099075,0.022691677285319588,-0.6972207127853381,0.6972207127853381,control,ols
2026-03-13,cv_1,simple_return,-0.0157802741033087,False,-0.0157802741033087,-0.0011109090129327,0.00028598184748099075,0.022691677285319588,-0.7080241688957817,0.7080241688957817,control,ols
2026-03-16,cv_1,simple_return,0.0164771218901698,False,0.0164771218901698,-0.0011109090129327,0.00028598184748099075,0.022691677285319588,0.7135276885487742,0.7135276885487742,control,ols
2026-03-17,cv_1,simple_return,-0.0070407626696168,False,-0.0070407626696168,-0.0011109090129327,0.00028598184748099075,0.022691677285319588,-0.32288245707768104,0.32288245707768104,control,ols
2026-03-18,cv_1,simple_return,-0.0084098215846326,False,-0.0084098215846326,-0.0011109090129327,0.00028598184748099075,0.022691677285319588,-0.3832155429840946,0.3832155429840946,control,ols
2026-03-19,cv_1,simple_return,-0.0101995365861623,False,-0.0101995365861623,-0.0011109090129327,0.00028598184748099075,0.022691677285319588,-0.46208653074873896,0.46208653074873896,control,ols
2026-03-20,cv_1,simple_return,-0.0328181042253241,False,-0.0328181042253241,-0.0011109090129327,0.00028598184748099075,0.022691677285319588,-1.4588646602259687,1.4588646602259687,control,ols
2026-03-23,cv_1,simple_return,0.0170237550281333,False,0.0170237550281333,-0.0011109090129327,0.00028598184748099075,0.022691677285319588,0.7376172757172443,0.7376172757172443,control,ols
2026-03-24,cv_1,simple_return,-0.0025051380262768,False,-0.0025051380262768,-0.0011109090129327,0.00028598184748099075,0.022691677285319588,-0.12300191998427147,0.12300191998427147,control,ols
2026-03-25,cv_1,simple_return,0.0198629896584252,False,0.0198629896584252,-0.0011109090129327,0.00028598184748099075,0.022691677285319588,0.8627395659116651,0.8627395659116651,control,ols
2026-03-26,cv_1,simple_return,-0.0416386136533887,False,-0.0416386136533887,-0.0011109090129327,0.00028598184748099075,0.022691677285319588,-1.8475758743490007,1.8475758743490007,control,ols
2026-03-27,cv_1,simple_return,-0.0217239027176486,False,-0.0217239027176486,-0.0011109090129327,0.00028598184748099075,0.022691677285319588,-0.9699540623807882,0.9699540623807882,control,ols
2026-03-30,cv_1,simple_return,-0.0140282118169808,False,-0.0140282118169808,-0.0011109090129327,0.00028598184748099075,0.022691677285319588,-0.6308124994234066,0.6308124994234066,control,ols
2026-03-31,cv_1,simple_return,0.0558817934846622,False,0.0558817934846622,-0.0011109090129327,0.00028598184748099075,0.022691677285319588,2.450052983661503,2.450052983661503,control,ols
2026-04-01,cv_1,simple_return,0.0077408609562046,False,0.0077408609562046,-0.0011109090129327,0.00028598184748099075,0.022691677285319588,0.3285292230709871,0.3285292230709871,control,ols
2026-02-26,cv_1,log_return,-0.0561061748851635,False,-0.0561061748851635,-0.0011115265297292,2.9508116299229933e-05,0.022629184996429432,-2.4806763040878472,2.4806763040878472,control,ols
2026-02-27,cv_1,log_return,-0.0425384333926578,False,-0.0425384333926578,-0.0011115265297292,2.9508116299229933e-05,0.022629184996429432,-1.88110802557289,1.88110802557289,control,ols
2026-03-02,cv_1,log_return,0.0294179376143784,False,0.0294179376143784,-0.0011115265297292,2.9508116299229933e-05,0.022629184996429432,1.2986958877536354,1.2986958877536354,control,ols
2026-03-03,cv_1,log_return,-0.0134059475184354,False,-0.0134059475184354,-0.0011115265297292,2.9508116299229933e-05,0.022629184996429432,-0.5937224710856602,0.5937224710856602,control,ols
2026-03-04,cv_1,log_return,0.0164700644672649,False,0.0164700644672649,-0.0011115265297292,2.9508116299229933e-05,0.022629184996429432,0.726520038329253,0.726520038329253,control,ols
2026-03-05,cv_1,log_return,0.0016376610475628,False,0.0016376610475628,-0.0011115265297292,2.9508116299229933e-05,0.022629184996429432,0.07106543746570254,0.07106543746570254,control,ols
2026-03-06,cv_1,log_return,-0.0305704886772736,False,-0.0305704886772736,-0.0011115265297292,2.9508116299229933e-05,0.022629184996429432,-1.352235920047544,1.352235920047544,control,ols
2026-03-09,cv_1,log_return,0.0267998759428952,False,0.0267998759428952,-0.0011115265297292,2.9508116299229933e-05,0.022629184996429432,1.183001854941747,1.183001854941747,control,ols
2026-03-10,cv_1,log_return,0.0115401116653568,False,0.0115401116653568,-0.0011115265297292,2.9508116299229933e-05,0.022629184996429432,0.5086618696552165,0.5086618696552165,control,ols
2026-03-11,cv_1,log_return,0.0067961129778422,False,0.0067961129778422,-0.0011115265297292,2.9508116299229933e-05,0.022629184996429432,0.2990211473639305,0.2990211473639305,control,ols
2026-03-12,cv_1,log_return,-0.0156570601211533,False,-0.0156570601211533,-0.0011115265297292,2.9508116299229933e-05,0.022629184996429432,-0.6932007599888219,0.6932007599888219,control,ols
2026-03-13,cv_1,log_return,-0.0159061081818228,False,-0.0159061081818228,-0.0011115265297292,2.9508116299229933e-05,0.022629184996429432,-0.7042063733464746,0.7042063733464746,control,ols
2026-03-16,cv_1,log_return,0.0163428470845033,False,0.0163428470845033,-0.0011115265297292,2.9508116299229933e-05,0.022629184996429432,0.7208982104648526,0.7208982104648526,control,ols
2026-03-17,cv_1,log_return,-0.0070656657992947,False,-0.0070656657992947,-0.0011115265297292,2.9508116299229933e-05,0.022629184996429432,-0.3135408507515162,0.3135408507515162,control,ols
2026-03-18,cv_1,log_return,-0.0084453836549795,False,-0.0084453836549795,-0.0011115265297292,2.9508116299229933e-05,0.022629184996429432,-0.3745115775321095,0.3745115775321095,control,ols
2026-03-19,cv_1,log_return,-0.0102519082750917,False,-0.0102519082750917,-0.0011115265297292,2.9508116299229933e-05,0.022629184996429432,-0.45434320294845765,0.45434320294845765,control,ols
2026-03-20,cv_1,log_return,-0.0333686980384248,False,-0.0333686980384248,-0.0011115265297292,2.9508116299229933e-05,0.022629184996429432,-1.4758908091472938,1.4758908091472938,control,ols
2026-03-23,cv_1,log_return,0.016880474736731,False,0.016880474736731,-0.0011115265297292,2.9508116299229933e-05,0.022629184996429432,0.744656364031255,0.744656364031255,control,ols
2026-03-24,cv_1,log_return,-0.0025082811349201,False,-0.0025082811349201,-0.0011115265297292,2.9508116299229933e-05,0.022629184996429432,-0.11214673668626411,0.11214673668626411,control,ols
2026-03-25,cv_1,log_return,0.0196682944096325,False,0.0196682944096325,-0.0011115265297292,2.9508116299229933e-05,0.022629184996429432,0.8678521253165767,0.8678521253165767,control,ols
2026-03-26,cv_1,log_return,-0.0425303421377259,False,-0.0425303421377259,-0.0011115265297292,2.9508116299229933e-05,0.022629184996429432,-1.8807504671838813,1.8807504671838813,control,ols
2026-03-27,cv_1,log_return,-0.0219633407290778,False,-0.0219633407290778,-0.0011115265297292,2.9508116299229933e-05,0.022629184996429432,-0.9718798467044744,0.9718798467044744,control,ols
2026-03-30,cv_1,log_return,-0.014127537179291,False,-0.014127537179291,-0.0011115265297292,2.9508116299229933e-05,0.022629184996429432,-0.6256100384447788,0.6256100384447788,control,ols
2026-03-31,cv_1,log_return,0.0543762410305363,False,0.0543762410305363,-0.0011115265297292,2.9508116299229933e-05,0.022629184996429432,2.401621309950501,2.401621309950501,control,ols
2026-04-01,cv_1,log_return,0.0077110542131182,False,0.0077110542131182,-0.0011115265297292,2.9508116299229933e-05,0.022629184996429432,0.3394530601977495,0.3394530601977495,control,ols
2026-02-26,cv_1,intraday_return,-0.0482833411052853,False,-0.0482833411052853,-0.0034331215146040997,-0.0031551391481495633,0.01930817729048011,-2.3372585241065806,2.3372585241065806,control,ols
2026-02-27,cv_1,intraday_return,-0.0223999865301723,False,-0.0223999865301723,-0.0034331215146040997,-0.0031551391481495633,0.01930817729048011,-0.996720047288534,0.996720047288534,control,ols
2026-03-02,cv_1,intraday_return,0.0426832835561932,False,0.0426832835561932,-0.0034331215146040997,-0.0031551391481495633,0.01930817729048011,2.3740419416463188,2.3740419416463188,control,ols
2026-03-03,cv_1,intraday_return,0.0087399714862661,False,0.0087399714862661,-0.0034331215146040997,-0.0031551391481495633,0.01930817729048011,0.6160659525475013,0.6160659525475013,control,ols
2026-03-04,cv_1,intraday_return,0.0144091709684543,False,0.0144091709684543,-0.0034331215146040997,-0.0031551391481495633,0.01930817729048011,0.9096824548666197,0.9096824548666197,control,ols
2026-03-05,cv_1,intraday_return,0.0119776905165156,False,0.0119776905165156,-0.0034331215146040997,-0.0031551391481495633,0.01930817729048011,0.7837523675591274,0.7837523675591274,control,ols
2026-03-06,cv_1,intraday_return,-0.0112321455449578,False,-0.0112321455449578,-0.0034331215146040997,-0.0031551391481495633,0.01930817729048011,-0.418320500961559,0.418320500961559,control,ols
2026-03-09,cv_1,intraday_return,0.0329129220447002,False,0.0329129220447002,-0.0034331215146040997,-0.0031551391481495633,0.01930817729048011,1.868019992266857,1.868019992266857,control,ols
2026-03-10,cv_1,intraday_return,0.0129934783732588,False,0.0129934783732588,-0.0034331215146040997,-0.0031551391481495633,0.01930817729048011,0.8363615725328166,0.8363615725328166,control,ols
2026-03-11,cv_1,intraday_return,0.0006454473391632,False,0.0006454473391632,-0.0034331215146040997,-0.0031551391481495633,0.01930817729048011,0.19683818053538596,0.19683818053538596,control,ols
2026-03-12,cv_1,intraday_return,-0.0049443284271691,False,-0.0049443284271691,-0.0034331215146040997,-0.0031551391481495633,0.01930817729048011,-0.09266484619973402,0.09266484619973402,control,ols
2026-03-13,cv_1,intraday_return,-0.0252541543109834,False,-0.0252541543109834,-0.0034331215146040997,-0.0031551391481495633,0.01930817729048011,-1.1445417571201684,1.1445417571201684,control,ols
2026-03-16,cv_1,intraday_return,0.0013663442003175,False,0.0013663442003175,-0.0034331215146040997,-0.0031551391481495633,0.01930817729048011,0.23417453032691898,0.23417453032691898,control,ols
2026-03-17,cv_1,intraday_return,-0.0169134600891878,False,-0.0169134600891878,-0.0034331215146040997,-0.0031551391481495633,0.01930817729048011,-0.7125644608526447,0.7125644608526447,control,ols
2026-03-18,cv_1,intraday_return,-0.0113985197268432,False,-0.0113985197268432,-0.0034331215146040997,-0.0031551391481495633,0.01930817729048011,-0.42693727402006154,0.42693727402006154,control,ols
2026-03-19,cv_1,intraday_return,0.0030897313000965,False,0.0030897313000965,-0.0034331215146040997,-0.0031551391481495633,0.01930817729048011,0.32343138113430797,0.32343138113430797,control,ols
2026-03-20,cv_1,intraday_return,-0.0297752980435832,False,-0.0297752980435832,-0.0034331215146040997,-0.0031551391481495633,0.01930817729048011,-1.3786986982224727,1.3786986982224727,control,ols
2026-03-23,cv_1,intraday_return,-0.0091390904174095,False,-0.0091390904174095,-0.0034331215146040997,-0.0031551391481495633,0.01930817729048011,-0.30991797823455464,0.30991797823455464,control,ols
2026-03-24,cv_1,intraday_return,0.0021163136378905,False,0.0021163136378905,-0.0034331215146040997,-0.0031551391481495633,0.01930817729048011,0.2730165932668927,0.2730165932668927,control,ols
2026-03-25,cv_1,intraday_return,0.008921437141804,False,0.008921437141804,-0.0034331215146040997,-0.0031551391481495633,0.01930817729048011,0.6254643360825112,0.6254643360825112,control,ols
2026-03-26,cv_1,intraday_return,-0.0274322805141969,False,-0.0274322805141969,-0.0034331215146040997,-0.0031551391481495633,0.01930817729048011,-1.2573502408234656,1.2573502408234656,control,ols
2026-03-27,cv_1,intraday_return,-0.0145882101619945,False,-0.0145882101619945,-0.0034331215146040997,-0.0031551391481495633,0.01930817729048011,-0.5921362147157209,0.5921362147157209,control,ols
2026-03-30,cv_1,intraday_return,-0.0213887939119619,False,-0.0213887939119619,-0.0034331215146040997,-0.0031551391481495633,0.01930817729048011,-0.9443488367388482,0.9443488367388482,control,ols
2026-03-31,cv_1,intraday_return,0.0444989676077212,False,0.0444989676077212,-0.0034331215146040997,-0.0031551391481495633,0.01930817729048011,2.468078992591735,2.468078992591735,control,ols
2026-04-01,cv_1,intraday_return,-0.0014204545454545,False,-0.0014204545454545,-0.0034331215146040997,-0.0031551391481495633,0.01930817729048011,0.08984196574320606,0.08984196574320606,control,ols
2026-02-26,cv_1,daily_range,0.0539238790352457,False,0.0539238790352457,0.02567096643920575,0.02965174908094993,0.01438011773598153,1.687895078463977,1.687895078463977,control,ols
2026-02-27,cv_1,daily_range,0.0350470758480388,False,0.0350470758480388,0.02567096643920575,0.02965174908094993,0.01438011773598153,0.37519350440287685,0.37519350440287685,control,ols
2026-03-02,cv_1,daily_range,0.0483341052757799,False,0.0483341052757799,0.02567096643920575,0.02965174908094993,0.01438011773598153,1.299179640795534,1.299179640795534,control,ols
2026-03-03,cv_1,daily_range,0.0221049467374626,False,0.0221049467374626,0.02567096643920575,0.02965174908094993,0.01438011773598153,-0.5248081053330967,0.5248081053330967,control,ols
2026-03-04,cv_1,daily_range,0.0253496479449443,False,0.0253496479449443,0.02567096643920575,0.02965174908094993,0.01438011773598153,-0.2991700913018975,0.2991700913018975,control,ols
2026-03-05,cv_1,daily_range,0.0337078258930018,False,0.0337078258930018,0.02567096643920575,0.02965174908094993,0.01438011773598153,0.2820614466808481,0.2820614466808481,control,ols
2026-03-06,cv_1,daily_range,0.0334044929589213,False,0.0334044929589213,0.02567096643920575,0.02965174908094993,0.01438011773598153,0.2609675349584487,0.2609675349584487,control,ols
2026-03-09,cv_1,daily_range,0.0402409326533082,False,0.0402409326533082,0.02567096643920575,0.02965174908094993,0.01438011773598153,0.736376695015668,0.736376695015668,control,ols
2026-03-10,cv_1,daily_range,0.0239757960282222,False,0.0239757960282222,0.02567096643920575,0.02965174908094993,0.01438011773598153,-0.39470838535108216,0.39470838535108216,control,ols
2026-03-11,cv_1,daily_range,0.0170402525923044,False,0.0170402525923044,0.02567096643920575,0.02965174908094993,0.01438011773598153,-0.8770092651668209,0.8770092651668209,control,ols
2026-03-12,cv_1,daily_range,0.017418381850156,False,0.017418381850156,0.02567096643920575,0.02965174908094993,0.01438011773598153,-0.8507139826945879,0.8507139826945879,control,ols
2026-03-13,cv_1,daily_range,0.0341192449180826,False,0.0341192449180826,0.02567096643920575,0.02965174908094993,0.01438011773598153,0.31067171487436646,0.31067171487436646,control,ols
2026-03-16,cv_1,daily_range,0.0407706646159495,False,0.0407706646159495,0.02567096643920575,0.02965174908094993,0.01438011773598153,0.7732144992928763,0.7732144992928763,control,ols
2026-03-17,cv_1,daily_range,0.0204474323666499,False,0.0204474323666499,0.02567096643920575,0.02965174908094993,0.01438011773598153,-0.6400724168807912,0.6400724168807912,control,ols
2026-03-18,cv_1,daily_range,0.016906891102823,False,0.016906891102823,0.02567096643920575,0.02965174908094993,0.01438011773598153,-0.8862832844711069,0.8862832844711069,control,ols
2026-03-19,cv_1,daily_range,0.0234655157857028,False,0.0234655157857028,0.02567096643920575,0.02965174908094993,0.01438011773598153,-0.43019350806621753,0.43019350806621753,control,ols
2026-03-20,cv_1,daily_range,0.0378690990254784,False,0.0378690990254784,0.02567096643920575,0.02965174908094993,0.01438011773598153,0.5714382938581405,0.5714382938581405,control,ols
2026-03-23,cv_1,daily_range,0.0205534082378522,False,0.0205534082378522,0.02567096643920575,0.02965174908094993,0.01438011773598153,-0.6327028060648012,0.6327028060648012,control,ols
2026-03-24,cv_1,daily_range,0.0127854197042355,False,0.0127854197042355,0.02567096643920575,0.02965174908094993,0.01438011773598153,-1.1728923007710828,1.1728923007710828,control,ols
2026-03-25,cv_1,daily_range,0.0244571037402992,False,0.0244571037402992,0.02567096643920575,0.02965174908094993,0.01438011773598153,-0.3612380257258138,0.3612380257258138,control,ols
2026-03-26,cv_1,daily_range,0.0313594659245784,False,0.0313594659245784,0.02567096643920575,0.02965174908094993,0.01438011773598153,0.11875541459271036,0.11875541459271036,control,ols
2026-03-27,cv_1,daily_range,0.0236390079564854,False,0.0236390079564854,0.02567096643920575,0.02965174908094993,0.01438011773598153,-0.418128782730312,0.418128782730312,control,ols
2026-03-30,cv_1,daily_range,0.0313615834183327,False,0.0313615834183327,0.02567096643920575,0.02965174908094993,0.01438011773598153,0.11890266608210526,0.11890266608210526,control,ols
2026-03-31,cv_1,daily_range,0.0439219533910472,False,0.0439219533910472,0.02567096643920575,0.02965174908094993,0.01438011773598153,0.9923565698207577,0.9923565698207577,control,ols
2026-04-01,cv_1,daily_range,0.0149075113353485,False,0.0149075113353485,0.02567096643920575,0.02965174908094993,0.01438011773598153,-1.0253210729081033,1.0253210729081033,control,ols
2026-02-26,cv_1,sma_5,190.9340026855469,False,190.9340026855469,185.30899963378903,185.93922993342082,5.619094730116829,0.8888927829166922,0.8888927829166922,control,ols
2026-02-27,cv_1,sma_5,188.4080017089844,False,188.4080017089844,185.30899963378903,185.93922993342082,5.619094730116829,0.4393540052513473,0.4393540052513473,control,ols
2026-03-02,cv_1,sma_5,186.5940002441406,False,186.5940002441406,185.30899963378903,185.93922993342082,5.619094730116829,0.11652594273066647,0.11652594273066647,control,ols
2026-03-03,cv_1,sma_5,184.03399963378905,False,184.03399963378905,185.30899963378903,185.93922993342082,5.619094730116829,-0.3390635664887884,0.3390635664887884,control,ols
2026-03-04,cv_1,sma_5,181.52999877929688,False,181.52999877929688,185.30899963378903,185.93922993342082,5.619094730116829,-0.7846871010185426,0.7846871010185426,control,ols
2026-03-05,cv_1,sma_5,181.21999816894527,False,181.21999816894527,185.30899963378903,185.93922993342082,5.619094730116829,-0.8398562386182502,0.8398562386182502,control,ols
2026-03-06,cv_1,sma_5,181.34599914550785,False,181.34599914550785,185.30899963378903,185.93922993342082,5.619094730116829,-0.8174325240139656,0.8174325240139656,control,ols
2026-03-09,cv_1,sma_5,181.37999877929687,False,181.37999877929687,185.30899963378903,185.93922993342082,5.619094730116829,-0.8113817924598606,0.8113817924598606,control,ols
2026-03-10,cv_1,sma_5,182.3239990234375,False,182.3239990234375,185.30899963378903,185.93922993342082,5.619094730116829,-0.6433831575407805,0.6433831575407805,control,ols
2026-03-11,cv_1,sma_5,182.9220001220703,False,182.9220001220703,185.30899963378903,185.93922993342082,5.619094730116829,-0.5369601254769708,0.5369601254769708,control,ols
2026-03-12,cv_1,sma_5,182.8820007324219,False,182.8820007324219,185.30899963378903,185.93922993342082,5.619094730116829,-0.5440786012403405,0.5440786012403405,control,ols
2026-03-13,cv_1,sma_5,183.3679992675781,False,183.3679992675781,185.30899963378903,185.93922993342082,5.619094730116829,-0.45758806166082305,0.45758806166082305,control,ols
2026-03-16,cv_1,sma_5,183.48200073242188,False,183.48200073242188,185.30899963378903,185.93922993342082,5.619094730116829,-0.4372998354750729,0.4372998354750729,control,ols
2026-03-17,cv_1,sma_5,182.91399841308595,False,182.91399841308595,185.30899963378903,185.93922993342082,5.619094730116829,-0.5383841464925742,0.5383841464925742,control,ols
2026-03-18,cv_1,sma_5,181.78799743652343,False,181.78799743652343,185.30899963378903,185.93922993342082,5.619094730116829,-0.7387724707056297,0.7387724707056297,control,ols
2026-03-19,cv_1,sma_5,180.8719970703125,False,180.8719970703125,185.30899963378903,185.93922993342082,5.619094730116829,-0.9017881182798596,0.9017881182798596,control,ols
2026-03-20,cv_1,sma_5,179.36199645996095,False,179.36199645996095,185.30899963378903,185.93922993342082,5.619094730116829,-1.1705147874100923,1.1705147874100923,control,ols
2026-03-23,cv_1,sma_5,177.84599609375,False,177.84599609375,185.30899963378903,185.93922993342082,5.619094730116829,-1.4403092007495948,1.4403092007495948,control,ols
2026-03-24,cv_1,sma_5,176.4999969482422,False,176.4999969482422,185.30899963378903,185.93922993342082,5.619094730116829,-1.6798494132136415,1.6798494132136415,control,ols
2026-03-25,cv_1,sma_5,176.15599670410157,False,176.15599670410157,185.30899963378903,185.93922993342082,5.619094730116829,-1.7410692823674543,1.7410692823674543,control,ols
2026-03-26,cv_1,sma_5,174.69199829101564,False,174.69199829101564,185.30899963378903,185.93922993342082,5.619094730116829,-2.0016091884201668,2.0016091884201668,control,ols
2026-03-27,cv_1,sma_5,173.65599975585937,False,173.65599975585937,185.30899963378903,185.93922993342082,5.619094730116829,-2.185980263284521,2.185980263284521,control,ols
2026-03-30,cv_1,sma_5,171.56199951171874,False,171.56199951171874,185.30899963378903,185.93922993342082,5.619094730116829,-2.5586381992537004,2.5586381992537004,control,ols
2026-03-31,cv_1,sma_5,171.4019989013672,False,171.4019989013672,185.30899963378903,185.93922993342082,5.619094730116829,-2.5871126454120796,2.5871126454120796,control,ols
2026-04-01,cv_1,sma_5,170.81600036621094,False,170.81600036621094,185.30899963378903,185.93922993342082,5.619094730116829,-2.6913996459524796,2.6913996459524796,control,ols
2026-02-26,cv_1,sma_20,186.7485000610352,False,186.7485000610352,185.5185005187988,185.97273004055023,3.332890459411112,0.2327619314023421,0.2327619314023421,control,ols
2026-02-27,cv_1,sma_20,185.98250045776368,False,185.98250045776368,185.5185005187988,185.97273004055023,3.332890459411112,0.002931514651451209,0.002931514651451209,control,ols
2026-03-02,cv_1,sma_20,185.55,False,185.55,185.5185005187988,185.97273004055023,3.332890459411112,-0.12683586385401718,0.12683586385401718,control,ols
2026-03-03,cv_1,sma_20,185.27200012207032,False,185.27200012207032,185.5185005187988,185.97273004055023,3.332890459411112,-0.21024690940599347,0.21024690940599347,control,ols
2026-03-04,cv_1,sma_20,185.40699996948243,False,185.40699996948243,185.5185005187988,185.97273004055023,3.332890459411112,-0.16974157355527464,0.16974157355527464,control,ols
2026-03-05,cv_1,sma_20,185.86449966430663,False,185.86449966430663,185.5185005187988,185.97273004055023,3.332890459411112,-0.032473427363322406,0.032473427363322406,control,ols
2026-03-06,cv_1,sma_20,186.16149978637696,False,186.16149978637696,185.5185005187988,185.97273004055023,3.332890459411112,0.05663844885561773,0.05663844885561773,control,ols
2026-03-09,cv_1,sma_20,186.0234992980957,False,186.0234992980957,185.5185005187988,185.97273004055023,3.332890459411112,0.015232801126750668,0.015232801126750668,control,ols
2026-03-10,cv_1,sma_20,185.7599998474121,False,185.7599998474121,185.5185005187988,185.97273004055023,3.332890459411112,-0.06382753820709593,0.06382753820709593,control,ols
2026-03-11,cv_1,sma_20,185.6345001220703,False,185.6345001220703,185.5185005187988,185.97273004055023,3.332890459411112,-0.1014824587243371,0.1014824587243371,control,ols
2026-03-12,cv_1,sma_20,185.28899993896485,False,185.28899993896485,185.5185005187988,185.97273004055023,3.332890459411112,-0.20514628665779513,0.20514628665779513,control,ols
2026-03-13,cv_1,sma_20,184.95449981689453,False,184.95449981689453,185.5185005187988,185.97273004055023,3.332890459411112,-0.30550965777483646,0.30550965777483646,control,ols
2026-03-16,cv_1,sma_20,184.975,False,184.975,185.5185005187988,185.97273004055023,3.332890459411112,-0.2993587856249336,0.2993587856249336,control,ols
2026-03-17,cv_1,sma_20,184.8229995727539,False,184.8229995727539,185.5185005187988,185.97273004055023,3.332890459411112,-0.3449649731361039,0.3449649731361039,control,ols
2026-03-18,cv_1,sma_20,184.4439994812012,False,184.4439994812012,185.5185005187988,185.97273004055023,3.332890459411112,-0.4586801090423938,0.4586801090423938,control,ols
2026-03-19,cv_1,sma_20,183.97699966430665,False,183.97699966430665,185.5185005187988,185.97273004055023,3.332890459411112,-0.5987986705678322,0.5987986705678322,control,ols
2026-03-20,cv_1,sma_20,183.12099914550785,False,183.12099914550785,185.5185005187988,185.97273004055023,3.332890459411112,-0.8556329497688476,0.8556329497688476,control,ols
2026-03-23,cv_1,sma_20,182.32549896240235,False,182.32549896240235,185.5185005187988,185.97273004055023,3.332890459411112,-1.0943147164795541,1.0943147164795541,control,ols
2026-03-24,cv_1,sma_20,181.44299850463867,False,181.44299850463867,185.5185005187988,185.97273004055023,3.332890459411112,-1.3591000337622627,1.3591000337622627,control,ols
2026-03-25,cv_1,sma_20,180.59899826049804,False,180.59899826049804,185.5185005187988,185.97273004055023,3.332890459411112,-1.6123337521874872,1.6123337521874872,control,ols
2026-03-26,cv_1,sma_20,179.91649856567383,False,179.91649856567383,185.5185005187988,185.97273004055023,3.332890459411112,-1.8171108677680552,1.8171108677680552,control,ols
2026-03-27,cv_1,sma_20,179.43299865722656,False,179.43299865722656,185.5185005187988,185.97273004055023,3.332890459411112,-1.9621801145181272,1.9621801145181272,control,ols
2026-03-30,cv_1,sma_20,178.56749877929687,False,178.56749877929687,185.5185005187988,185.97273004055023,3.332890459411112,-2.2218645801403842,2.2218645801403842,control,ols
2026-03-31,cv_1,sma_20,178.2849983215332,False,178.2849983215332,185.5185005187988,185.97273004055023,3.332890459411112,-2.306625979053439,2.306625979053439,control,ols
2026-04-01,cv_1,sma_20,177.92049865722657,False,177.92049865722657,185.5185005187988,185.97273004055023,3.332890459411112,-2.415990408741608,2.415990408741608,control,ols
2026-02-26,cv_1,rolling_volatility_20,0.0276565899887898,False,0.0276565899887898,0.020491051623451398,0.0220291792560285,0.003998453894873429,1.4073966789954533,1.4073966789954533,control,ols
2026-02-27,cv_1,rolling_volatility_20,0.0290188801208111,False,0.0290188801208111,0.020491051623451398,0.0220291792560285,0.003998453894873429,1.7481009031376766,1.7481009031376766,control,ols
2026-03-02,cv_1,rolling_volatility_20,0.0299545755346953,False,0.0299545755346953,0.020491051623451398,0.0220291792560285,0.003998453894873429,1.9821152092883336,1.9821152092883336,control,ols
2026-03-03,cv_1,rolling_volatility_20,0.0294137554017679,False,0.0294137554017679,0.020491051623451398,0.0220291792560285,0.003998453894873429,1.8468578955499395,1.8468578955499395,control,ols
2026-03-04,cv_1,rolling_volatility_20,0.0289342945420005,False,0.0289342945420005,0.020491051623451398,0.0220291792560285,0.003998453894873429,1.7269463316371643,1.7269463316371643,control,ols
2026-03-05,cv_1,rolling_volatility_20,0.0277215425836363,False,0.0277215425836363,0.020491051623451398,0.0220291792560285,0.003998453894873429,1.4236411066052803,1.4236411066052803,control,ols
2026-03-06,cv_1,rolling_volatility_20,0.0284846923372723,False,0.0284846923372723,0.020491051623451398,0.0220291792560285,0.003998453894873429,1.6145023178885871,1.6145023178885871,control,ols
2026-03-09,cv_1,rolling_volatility_20,0.0229866330390899,False,0.0229866330390899,0.020491051623451398,0.0220291792560285,0.003998453894873429,0.23945600180334434,0.23945600180334434,control,ols
2026-03-10,cv_1,rolling_volatility_20,0.0223939511722012,False,0.0223939511722012,0.020491051623451398,0.0220291792560285,0.003998453894873429,0.09122824115600986,0.09122824115600986,control,ols
2026-03-11,cv_1,rolling_volatility_20,0.0224028963635755,False,0.0224028963635755,0.020491051623451398,0.0220291792560285,0.003998453894873429,0.09346540372171322,0.09346540372171322,control,ols
2026-03-12,cv_1,rolling_volatility_20,0.0225543079650108,False,0.0225543079650108,0.020491051623451398,0.0220291792560285,0.003998453894873429,0.13133294087887004,0.13133294087887004,control,ols
2026-03-13,cv_1,rolling_volatility_20,0.0225345690097148,False,0.0225345690097148,0.020491051623451398,0.0220291792560285,0.003998453894873429,0.1263962939110737,0.1263962939110737,control,ols
2026-03-16,cv_1,rolling_volatility_20,0.0223358553732382,False,0.0223358553732382,0.020491051623451398,0.0220291792560285,0.003998453894873429,0.07669867535621713,0.07669867535621713,control,ols
2026-03-17,cv_1,rolling_volatility_20,0.0222242204311207,False,0.0222242204311207,0.020491051623451398,0.0220291792560285,0.003998453894873429,0.048779148195824115,0.048779148195824115,control,ols
2026-03-18,cv_1,rolling_volatility_20,0.0219217812248288,False,0.0219217812248288,0.020491051623451398,0.0220291792560285,0.003998453894873429,-0.026859889853275493,0.026859889853275493,control,ols
2026-03-19,cv_1,rolling_volatility_20,0.0219977709222145,False,0.0219977709222145,0.020491051623451398,0.0220291792560285,0.003998453894873429,-0.007855119663695688,0.007855119663695688,control,ols
2026-03-20,cv_1,rolling_volatility_20,0.0227978033552245,False,0.0227978033552245,0.020491051623451398,0.0220291792560285,0.003998453894873429,0.19223032687246527,0.19223032687246527,control,ols
2026-03-23,cv_1,rolling_volatility_20,0.0231122055082049,False,0.0231122055082049,0.020491051623451398,0.0220291792560285,0.003998453894873429,0.27086125803901057,0.27086125803901057,control,ols
2026-03-24,cv_1,rolling_volatility_20,0.0229754808433268,False,0.0229754808433268,0.020491051623451398,0.0220291792560285,0.003998453894873429,0.23666687479167633,0.23666687479167633,control,ols
2026-03-25,cv_1,rolling_volatility_20,0.0232578841466805,False,0.0232578841466805,0.020491051623451398,0.0220291792560285,0.003998453894873429,0.3072950002568169,0.3072950002568169,control,ols
2026-03-26,cv_1,rolling_volatility_20,0.0219278969394713,False,0.0219278969394713,0.020491051623451398,0.0220291792560285,0.003998453894873429,-0.025330369993025608,0.025330369993025608,control,ols
2026-03-27,cv_1,rolling_volatility_20,0.0205154839397399,False,0.0205154839397399,0.020491051623451398,0.0220291792560285,0.003998453894873429,-0.37857015638703884,0.37857015638703884,control,ols
2026-03-30,cv_1,rolling_volatility_20,0.0191637146393753,False,0.0191637146393753,0.020491051623451398,0.0220291792560285,0.003998453894873429,-0.7166431555774898,0.7166431555774898,control,ols
2026-03-31,cv_1,rolling_volatility_20,0.0233366566005746,False,0.0233366566005746,0.020491051623451398,0.0220291792560285,0.003998453894873429,0.3269957285796063,0.3269957285796063,control,ols
2026-04-01,cv_1,rolling_volatility_20,0.0230604813682612,False,0.0230604813682612,0.020491051623451398,0.0220291792560285,0.003998453894873429,0.2579252229355382,0.2579252229355382,control,ols
2026-02-26,cv_1,simple_return,-0.0545612512893816,False,-0.0545612512893816,-0.0011109090129327,0.00028598184748099075,0.022691677285319588,-2.4170638621035776,2.4170638621035776,control,ridge
2026-02-27,cv_1,simple_return,-0.0416463679683114,False,-0.0416463679683114,-0.0011109090129327,0.00028598184748099075,0.022691677285319588,-1.8479175994152086,1.8479175994152086,control,ridge
2026-03-02,cv_1,simple_return,0.0298549196526034,False,0.0298549196526034,-0.0011109090129327,0.00028598184748099075,0.022691677285319588,1.3030741374174255,1.3030741374174255,control,ridge
2026-03-03,cv_1,simple_return,-0.013316488013346,False,-0.013316488013346,-0.0011109090129327,0.00028598184748099075,0.022691677285319588,-0.5994475282630221,0.5994475282630221,control,ridge
2026-03-04,cv_1,simple_return,0.0166064436750688,False,0.0166064436750688,-0.0011109090129327,0.00028598184748099075,0.022691677285319588,0.7192267729872202,0.7192267729872202,control,ridge
2026-03-05,cv_1,simple_return,0.0016390027467323,False,0.0016390027467323,-0.0011109090129327,0.00028598184748099075,0.022691677285319588,0.05962630625487733,0.05962630625487733,control,ridge
2026-03-06,cv_1,simple_return,-0.0301079367510115,False,-0.0301079367510115,-0.0011109090129327,0.00028598184748099075,0.022691677285319588,-1.3394302332228158,1.3394302332228158,control,ridge
2026-03-09,cv_1,simple_return,0.0271622223221437,False,0.0271622223221437,-0.0011109090129327,0.00028598184748099075,0.022691677285319588,1.1844096025484345,1.1844096025484345,control,ridge
2026-03-10,cv_1,simple_return,0.0116069556354763,False,0.0116069556354763,-0.0011109090129327,0.00028598184748099075,0.022691677285319588,0.4989042302007102,0.4989042302007102,control,ridge
2026-03-11,cv_1,simple_return,0.0068192589581692,False,0.0068192589581692,-0.0011109090129327,0.00028598184748099075,0.022691677285319588,0.28791512538012876,0.28791512538012876,control,ridge
2026-03-12,cv_1,simple_return,-0.0155351255636844,False,-0.0155351255636844,-0.0011109090129327,0.00028598184748099075,0.022691677285319588,-0.6972207127853381,0.6972207127853381,control,ridge
2026-03-13,cv_1,simple_return,-0.0157802741033087,False,-0.0157802741033087,-0.0011109090129327,0.00028598184748099075,0.022691677285319588,-0.7080241688957817,0.7080241688957817,control,ridge
2026-03-16,cv_1,simple_return,0.0164771218901698,False,0.0164771218901698,-0.0011109090129327,0.00028598184748099075,0.022691677285319588,0.7135276885487742,0.7135276885487742,control,ridge
2026-03-17,cv_1,simple_return,-0.0070407626696168,False,-0.0070407626696168,-0.0011109090129327,0.00028598184748099075,0.022691677285319588,-0.32288245707768104,0.32288245707768104,control,ridge
2026-03-18,cv_1,simple_return,-0.0084098215846326,False,-0.0084098215846326,-0.0011109090129327,0.00028598184748099075,0.022691677285319588,-0.3832155429840946,0.3832155429840946,control,ridge
2026-03-19,cv_1,simple_return,-0.0101995365861623,False,-0.0101995365861623,-0.0011109090129327,0.00028598184748099075,0.022691677285319588,-0.46208653074873896,0.46208653074873896,control,ridge
2026-03-20,cv_1,simple_return,-0.0328181042253241,False,-0.0328181042253241,-0.0011109090129327,0.00028598184748099075,0.022691677285319588,-1.4588646602259687,1.4588646602259687,control,ridge
2026-03-23,cv_1,simple_return,0.0170237550281333,False,0.0170237550281333,-0.0011109090129327,0.00028598184748099075,0.022691677285319588,0.7376172757172443,0.7376172757172443,control,ridge
2026-03-24,cv_1,simple_return,-0.0025051380262768,False,-0.0025051380262768,-0.0011109090129327,0.00028598184748099075,0.022691677285319588,-0.12300191998427147,0.12300191998427147,control,ridge
2026-03-25,cv_1,simple_return,0.0198629896584252,False,0.0198629896584252,-0.0011109090129327,0.00028598184748099075,0.022691677285319588,0.8627395659116651,0.8627395659116651,control,ridge
2026-03-26,cv_1,simple_return,-0.0416386136533887,False,-0.0416386136533887,-0.0011109090129327,0.00028598184748099075,0.022691677285319588,-1.8475758743490007,1.8475758743490007,control,ridge
2026-03-27,cv_1,simple_return,-0.0217239027176486,False,-0.0217239027176486,-0.0011109090129327,0.00028598184748099075,0.022691677285319588,-0.9699540623807882,0.9699540623807882,control,ridge
2026-03-30,cv_1,simple_return,-0.0140282118169808,False,-0.0140282118169808,-0.0011109090129327,0.00028598184748099075,0.022691677285319588,-0.6308124994234066,0.6308124994234066,control,ridge
2026-03-31,cv_1,simple_return,0.0558817934846622,False,0.0558817934846622,-0.0011109090129327,0.00028598184748099075,0.022691677285319588,2.450052983661503,2.450052983661503,control,ridge
2026-04-01,cv_1,simple_return,0.0077408609562046,False,0.0077408609562046,-0.0011109090129327,0.00028598184748099075,0.022691677285319588,0.3285292230709871,0.3285292230709871,control,ridge
2026-02-26,cv_1,log_return,-0.0561061748851635,False,-0.0561061748851635,-0.0011115265297292,2.9508116299229933e-05,0.022629184996429432,-2.4806763040878472,2.4806763040878472,control,ridge
2026-02-27,cv_1,log_return,-0.0425384333926578,False,-0.0425384333926578,-0.0011115265297292,2.9508116299229933e-05,0.022629184996429432,-1.88110802557289,1.88110802557289,control,ridge
2026-03-02,cv_1,log_return,0.0294179376143784,False,0.0294179376143784,-0.0011115265297292,2.9508116299229933e-05,0.022629184996429432,1.2986958877536354,1.2986958877536354,control,ridge
2026-03-03,cv_1,log_return,-0.0134059475184354,False,-0.0134059475184354,-0.0011115265297292,2.9508116299229933e-05,0.022629184996429432,-0.5937224710856602,0.5937224710856602,control,ridge
2026-03-04,cv_1,log_return,0.0164700644672649,False,0.0164700644672649,-0.0011115265297292,2.9508116299229933e-05,0.022629184996429432,0.726520038329253,0.726520038329253,control,ridge
2026-03-05,cv_1,log_return,0.0016376610475628,False,0.0016376610475628,-0.0011115265297292,2.9508116299229933e-05,0.022629184996429432,0.07106543746570254,0.07106543746570254,control,ridge
2026-03-06,cv_1,log_return,-0.0305704886772736,False,-0.0305704886772736,-0.0011115265297292,2.9508116299229933e-05,0.022629184996429432,-1.352235920047544,1.352235920047544,control,ridge
2026-03-09,cv_1,log_return,0.0267998759428952,False,0.0267998759428952,-0.0011115265297292,2.9508116299229933e-05,0.022629184996429432,1.183001854941747,1.183001854941747,control,ridge
2026-03-10,cv_1,log_return,0.0115401116653568,False,0.0115401116653568,-0.0011115265297292,2.9508116299229933e-05,0.022629184996429432,0.5086618696552165,0.5086618696552165,control,ridge
2026-03-11,cv_1,log_return,0.0067961129778422,False,0.0067961129778422,-0.0011115265297292,2.9508116299229933e-05,0.022629184996429432,0.2990211473639305,0.2990211473639305,control,ridge
2026-03-12,cv_1,log_return,-0.0156570601211533,False,-0.0156570601211533,-0.0011115265297292,2.9508116299229933e-05,0.022629184996429432,-0.6932007599888219,0.6932007599888219,control,ridge
2026-03-13,cv_1,log_return,-0.0159061081818228,False,-0.0159061081818228,-0.0011115265297292,2.9508116299229933e-05,0.022629184996429432,-0.7042063733464746,0.7042063733464746,control,ridge
2026-03-16,cv_1,log_return,0.0163428470845033,False,0.0163428470845033,-0.0011115265297292,2.9508116299229933e-05,0.022629184996429432,0.7208982104648526,0.7208982104648526,control,ridge
2026-03-17,cv_1,log_return,-0.0070656657992947,False,-0.0070656657992947,-0.0011115265297292,2.9508116299229933e-05,0.022629184996429432,-0.3135408507515162,0.3135408507515162,control,ridge
2026-03-18,cv_1,log_return,-0.0084453836549795,False,-0.0084453836549795,-0.0011115265297292,2.9508116299229933e-05,0.022629184996429432,-0.3745115775321095,0.3745115775321095,control,ridge
2026-03-19,cv_1,log_return,-0.0102519082750917,False,-0.0102519082750917,-0.0011115265297292,2.9508116299229933e-05,0.022629184996429432,-0.45434320294845765,0.45434320294845765,control,ridge
2026-03-20,cv_1,log_return,-0.0333686980384248,False,-0.0333686980384248,-0.0011115265297292,2.9508116299229933e-05,0.022629184996429432,-1.4758908091472938,1.4758908091472938,control,ridge
2026-03-23,cv_1,log_return,0.016880474736731,False,0.016880474736731,-0.0011115265297292,2.9508116299229933e-05,0.022629184996429432,0.744656364031255,0.744656364031255,control,ridge
2026-03-24,cv_1,log_return,-0.0025082811349201,False,-0.0025082811349201,-0.0011115265297292,2.9508116299229933e-05,0.022629184996429432,-0.11214673668626411,0.11214673668626411,control,ridge
2026-03-25,cv_1,log_return,0.0196682944096325,False,0.0196682944096325,-0.0011115265297292,2.9508116299229933e-05,0.022629184996429432,0.8678521253165767,0.8678521253165767,control,ridge
2026-03-26,cv_1,log_return,-0.0425303421377259,False,-0.0425303421377259,-0.0011115265297292,2.9508116299229933e-05,0.022629184996429432,-1.8807504671838813,1.8807504671838813,control,ridge
2026-03-27,cv_1,log_return,-0.0219633407290778,False,-0.0219633407290778,-0.0011115265297292,2.9508116299229933e-05,0.022629184996429432,-0.9718798467044744,0.9718798467044744,control,ridge
2026-03-30,cv_1,log_return,-0.014127537179291,False,-0.014127537179291,-0.0011115265297292,2.9508116299229933e-05,0.022629184996429432,-0.6256100384447788,0.6256100384447788,control,ridge
2026-03-31,cv_1,log_return,0.0543762410305363,False,0.0543762410305363,-0.0011115265297292,2.9508116299229933e-05,0.022629184996429432,2.401621309950501,2.401621309950501,control,ridge
2026-04-01,cv_1,log_return,0.0077110542131182,False,0.0077110542131182,-0.0011115265297292,2.9508116299229933e-05,0.022629184996429432,0.3394530601977495,0.3394530601977495,control,ridge
2026-02-26,cv_1,intraday_return,-0.0482833411052853,False,-0.0482833411052853,-0.0034331215146040997,-0.0031551391481495633,0.01930817729048011,-2.3372585241065806,2.3372585241065806,control,ridge
2026-02-27,cv_1,intraday_return,-0.0223999865301723,False,-0.0223999865301723,-0.0034331215146040997,-0.0031551391481495633,0.01930817729048011,-0.996720047288534,0.996720047288534,control,ridge
2026-03-02,cv_1,intraday_return,0.0426832835561932,False,0.0426832835561932,-0.0034331215146040997,-0.0031551391481495633,0.01930817729048011,2.3740419416463188,2.3740419416463188,control,ridge
2026-03-03,cv_1,intraday_return,0.0087399714862661,False,0.0087399714862661,-0.0034331215146040997,-0.0031551391481495633,0.01930817729048011,0.6160659525475013,0.6160659525475013,control,ridge
2026-03-04,cv_1,intraday_return,0.0144091709684543,False,0.0144091709684543,-0.0034331215146040997,-0.0031551391481495633,0.01930817729048011,0.9096824548666197,0.9096824548666197,control,ridge
2026-03-05,cv_1,intraday_return,0.0119776905165156,False,0.0119776905165156,-0.0034331215146040997,-0.0031551391481495633,0.01930817729048011,0.7837523675591274,0.7837523675591274,control,ridge
2026-03-06,cv_1,intraday_return,-0.0112321455449578,False,-0.0112321455449578,-0.0034331215146040997,-0.0031551391481495633,0.01930817729048011,-0.418320500961559,0.418320500961559,control,ridge
2026-03-09,cv_1,intraday_return,0.0329129220447002,False,0.0329129220447002,-0.0034331215146040997,-0.0031551391481495633,0.01930817729048011,1.868019992266857,1.868019992266857,control,ridge
2026-03-10,cv_1,intraday_return,0.0129934783732588,False,0.0129934783732588,-0.0034331215146040997,-0.0031551391481495633,0.01930817729048011,0.8363615725328166,0.8363615725328166,control,ridge
2026-03-11,cv_1,intraday_return,0.0006454473391632,False,0.0006454473391632,-0.0034331215146040997,-0.0031551391481495633,0.01930817729048011,0.19683818053538596,0.19683818053538596,control,ridge
2026-03-12,cv_1,intraday_return,-0.0049443284271691,False,-0.0049443284271691,-0.0034331215146040997,-0.0031551391481495633,0.01930817729048011,-0.09266484619973402,0.09266484619973402,control,ridge
2026-03-13,cv_1,intraday_return,-0.0252541543109834,False,-0.0252541543109834,-0.0034331215146040997,-0.0031551391481495633,0.01930817729048011,-1.1445417571201684,1.1445417571201684,control,ridge
2026-03-16,cv_1,intraday_return,0.0013663442003175,False,0.0013663442003175,-0.0034331215146040997,-0.0031551391481495633,0.01930817729048011,0.23417453032691898,0.23417453032691898,control,ridge
2026-03-17,cv_1,intraday_return,-0.0169134600891878,False,-0.0169134600891878,-0.0034331215146040997,-0.0031551391481495633,0.01930817729048011,-0.7125644608526447,0.7125644608526447,control,ridge
2026-03-18,cv_1,intraday_return,-0.0113985197268432,False,-0.0113985197268432,-0.0034331215146040997,-0.0031551391481495633,0.01930817729048011,-0.42693727402006154,0.42693727402006154,control,ridge
2026-03-19,cv_1,intraday_return,0.0030897313000965,False,0.0030897313000965,-0.0034331215146040997,-0.0031551391481495633,0.01930817729048011,0.32343138113430797,0.32343138113430797,control,ridge
2026-03-20,cv_1,intraday_return,-0.0297752980435832,False,-0.0297752980435832,-0.0034331215146040997,-0.0031551391481495633,0.01930817729048011,-1.3786986982224727,1.3786986982224727,control,ridge
2026-03-23,cv_1,intraday_return,-0.0091390904174095,False,-0.0091390904174095,-0.0034331215146040997,-0.0031551391481495633,0.01930817729048011,-0.30991797823455464,0.30991797823455464,control,ridge
2026-03-24,cv_1,intraday_return,0.0021163136378905,False,0.0021163136378905,-0.0034331215146040997,-0.0031551391481495633,0.01930817729048011,0.2730165932668927,0.2730165932668927,control,ridge
2026-03-25,cv_1,intraday_return,0.008921437141804,False,0.008921437141804,-0.0034331215146040997,-0.0031551391481495633,0.01930817729048011,0.6254643360825112,0.6254643360825112,control,ridge
2026-03-26,cv_1,intraday_return,-0.0274322805141969,False,-0.0274322805141969,-0.0034331215146040997,-0.0031551391481495633,0.01930817729048011,-1.2573502408234656,1.2573502408234656,control,ridge
2026-03-27,cv_1,intraday_return,-0.0145882101619945,False,-0.0145882101619945,-0.0034331215146040997,-0.0031551391481495633,0.01930817729048011,-0.5921362147157209,0.5921362147157209,control,ridge
2026-03-30,cv_1,intraday_return,-0.0213887939119619,False,-0.0213887939119619,-0.0034331215146040997,-0.0031551391481495633,0.01930817729048011,-0.9443488367388482,0.9443488367388482,control,ridge
2026-03-31,cv_1,intraday_return,0.0444989676077212,False,0.0444989676077212,-0.0034331215146040997,-0.0031551391481495633,0.01930817729048011,2.468078992591735,2.468078992591735,control,ridge
2026-04-01,cv_1,intraday_return,-0.0014204545454545,False,-0.0014204545454545,-0.0034331215146040997,-0.0031551391481495633,0.01930817729048011,0.08984196574320606,0.08984196574320606,control,ridge
2026-02-26,cv_1,daily_range,0.0539238790352457,False,0.0539238790352457,0.02567096643920575,0.02965174908094993,0.01438011773598153,1.687895078463977,1.687895078463977,control,ridge
2026-02-27,cv_1,daily_range,0.0350470758480388,False,0.0350470758480388,0.02567096643920575,0.02965174908094993,0.01438011773598153,0.37519350440287685,0.37519350440287685,control,ridge
2026-03-02,cv_1,daily_range,0.0483341052757799,False,0.0483341052757799,0.02567096643920575,0.02965174908094993,0.01438011773598153,1.299179640795534,1.299179640795534,control,ridge
2026-03-03,cv_1,daily_range,0.0221049467374626,False,0.0221049467374626,0.02567096643920575,0.02965174908094993,0.01438011773598153,-0.5248081053330967,0.5248081053330967,control,ridge
2026-03-04,cv_1,daily_range,0.0253496479449443,False,0.0253496479449443,0.02567096643920575,0.02965174908094993,0.01438011773598153,-0.2991700913018975,0.2991700913018975,control,ridge
2026-03-05,cv_1,daily_range,0.0337078258930018,False,0.0337078258930018,0.02567096643920575,0.02965174908094993,0.01438011773598153,0.2820614466808481,0.2820614466808481,control,ridge
2026-03-06,cv_1,daily_range,0.0334044929589213,False,0.0334044929589213,0.02567096643920575,0.02965174908094993,0.01438011773598153,0.2609675349584487,0.2609675349584487,control,ridge
2026-03-09,cv_1,daily_range,0.0402409326533082,False,0.0402409326533082,0.02567096643920575,0.02965174908094993,0.01438011773598153,0.736376695015668,0.736376695015668,control,ridge
2026-03-10,cv_1,daily_range,0.0239757960282222,False,0.0239757960282222,0.02567096643920575,0.02965174908094993,0.01438011773598153,-0.39470838535108216,0.39470838535108216,control,ridge
2026-03-11,cv_1,daily_range,0.0170402525923044,False,0.0170402525923044,0.02567096643920575,0.02965174908094993,0.01438011773598153,-0.8770092651668209,0.8770092651668209,control,ridge
2026-03-12,cv_1,daily_range,0.017418381850156,False,0.017418381850156,0.02567096643920575,0.02965174908094993,0.01438011773598153,-0.8507139826945879,0.8507139826945879,control,ridge
2026-03-13,cv_1,daily_range,0.0341192449180826,False,0.0341192449180826,0.02567096643920575,0.02965174908094993,0.01438011773598153,0.31067171487436646,0.31067171487436646,control,ridge
2026-03-16,cv_1,daily_range,0.0407706646159495,False,0.0407706646159495,0.02567096643920575,0.02965174908094993,0.01438011773598153,0.7732144992928763,0.7732144992928763,control,ridge
2026-03-17,cv_1,daily_range,0.0204474323666499,False,0.0204474323666499,0.02567096643920575,0.02965174908094993,0.01438011773598153,-0.6400724168807912,0.6400724168807912,control,ridge
2026-03-18,cv_1,daily_range,0.016906891102823,False,0.016906891102823,0.02567096643920575,0.02965174908094993,0.01438011773598153,-0.8862832844711069,0.8862832844711069,control,ridge
2026-03-19,cv_1,daily_range,0.0234655157857028,False,0.0234655157857028,0.02567096643920575,0.02965174908094993,0.01438011773598153,-0.43019350806621753,0.43019350806621753,control,ridge
2026-03-20,cv_1,daily_range,0.0378690990254784,False,0.0378690990254784,0.02567096643920575,0.02965174908094993,0.01438011773598153,0.5714382938581405,0.5714382938581405,control,ridge
2026-03-23,cv_1,daily_range,0.0205534082378522,False,0.0205534082378522,0.02567096643920575,0.02965174908094993,0.01438011773598153,-0.6327028060648012,0.6327028060648012,control,ridge
2026-03-24,cv_1,daily_range,0.0127854197042355,False,0.0127854197042355,0.02567096643920575,0.02965174908094993,0.01438011773598153,-1.1728923007710828,1.1728923007710828,control,ridge
2026-03-25,cv_1,daily_range,0.0244571037402992,False,0.0244571037402992,0.02567096643920575,0.02965174908094993,0.01438011773598153,-0.3612380257258138,0.3612380257258138,control,ridge
2026-03-26,cv_1,daily_range,0.0313594659245784,False,0.0313594659245784,0.02567096643920575,0.02965174908094993,0.01438011773598153,0.11875541459271036,0.11875541459271036,control,ridge
2026-03-27,cv_1,daily_range,0.0236390079564854,False,0.0236390079564854,0.02567096643920575,0.02965174908094993,0.01438011773598153,-0.418128782730312,0.418128782730312,control,ridge
2026-03-30,cv_1,daily_range,0.0313615834183327,False,0.0313615834183327,0.02567096643920575,0.02965174908094993,0.01438011773598153,0.11890266608210526,0.11890266608210526,control,ridge
2026-03-31,cv_1,daily_range,0.0439219533910472,False,0.0439219533910472,0.02567096643920575,0.02965174908094993,0.01438011773598153,0.9923565698207577,0.9923565698207577,control,ridge
2026-04-01,cv_1,daily_range,0.0149075113353485,False,0.0149075113353485,0.02567096643920575,0.02965174908094993,0.01438011773598153,-1.0253210729081033,1.0253210729081033,control,ridge
2026-02-26,cv_1,sma_5,190.9340026855469,False,190.9340026855469,185.30899963378903,185.93922993342082,5.619094730116829,0.8888927829166922,0.8888927829166922,control,ridge
2026-02-27,cv_1,sma_5,188.4080017089844,False,188.4080017089844,185.30899963378903,185.93922993342082,5.619094730116829,0.4393540052513473,0.4393540052513473,control,ridge
2026-03-02,cv_1,sma_5,186.5940002441406,False,186.5940002441406,185.30899963378903,185.93922993342082,5.619094730116829,0.11652594273066647,0.11652594273066647,control,ridge
2026-03-03,cv_1,sma_5,184.03399963378905,False,184.03399963378905,185.30899963378903,185.93922993342082,5.619094730116829,-0.3390635664887884,0.3390635664887884,control,ridge
2026-03-04,cv_1,sma_5,181.52999877929688,False,181.52999877929688,185.30899963378903,185.93922993342082,5.619094730116829,-0.7846871010185426,0.7846871010185426,control,ridge
2026-03-05,cv_1,sma_5,181.21999816894527,False,181.21999816894527,185.30899963378903,185.93922993342082,5.619094730116829,-0.8398562386182502,0.8398562386182502,control,ridge
2026-03-06,cv_1,sma_5,181.34599914550785,False,181.34599914550785,185.30899963378903,185.93922993342082,5.619094730116829,-0.8174325240139656,0.8174325240139656,control,ridge
2026-03-09,cv_1,sma_5,181.37999877929687,False,181.37999877929687,185.30899963378903,185.93922993342082,5.619094730116829,-0.8113817924598606,0.8113817924598606,control,ridge
2026-03-10,cv_1,sma_5,182.3239990234375,False,182.3239990234375,185.30899963378903,185.93922993342082,5.619094730116829,-0.6433831575407805,0.6433831575407805,control,ridge
2026-03-11,cv_1,sma_5,182.9220001220703,False,182.9220001220703,185.30899963378903,185.93922993342082,5.619094730116829,-0.5369601254769708,0.5369601254769708,control,ridge
2026-03-12,cv_1,sma_5,182.8820007324219,False,182.8820007324219,185.30899963378903,185.93922993342082,5.619094730116829,-0.5440786012403405,0.5440786012403405,control,ridge
2026-03-13,cv_1,sma_5,183.3679992675781,False,183.3679992675781,185.30899963378903,185.93922993342082,5.619094730116829,-0.45758806166082305,0.45758806166082305,control,ridge
2026-03-16,cv_1,sma_5,183.48200073242188,False,183.48200073242188,185.30899963378903,185.93922993342082,5.619094730116829,-0.4372998354750729,0.4372998354750729,control,ridge
2026-03-17,cv_1,sma_5,182.91399841308595,False,182.91399841308595,185.30899963378903,185.93922993342082,5.619094730116829,-0.5383841464925742,0.5383841464925742,control,ridge
2026-03-18,cv_1,sma_5,181.78799743652343,False,181.78799743652343,185.30899963378903,185.93922993342082,5.619094730116829,-0.7387724707056297,0.7387724707056297,control,ridge
2026-03-19,cv_1,sma_5,180.8719970703125,False,180.8719970703125,185.30899963378903,185.93922993342082,5.619094730116829,-0.9017881182798596,0.9017881182798596,control,ridge
2026-03-20,cv_1,sma_5,179.36199645996095,False,179.36199645996095,185.30899963378903,185.93922993342082,5.619094730116829,-1.1705147874100923,1.1705147874100923,control,ridge
2026-03-23,cv_1,sma_5,177.84599609375,False,177.84599609375,185.30899963378903,185.93922993342082,5.619094730116829,-1.4403092007495948,1.4403092007495948,control,ridge
2026-03-24,cv_1,sma_5,176.4999969482422,False,176.4999969482422,185.30899963378903,185.93922993342082,5.619094730116829,-1.6798494132136415,1.6798494132136415,control,ridge
2026-03-25,cv_1,sma_5,176.15599670410157,False,176.15599670410157,185.30899963378903,185.93922993342082,5.619094730116829,-1.7410692823674543,1.7410692823674543,control,ridge
2026-03-26,cv_1,sma_5,174.69199829101564,False,174.69199829101564,185.30899963378903,185.93922993342082,5.619094730116829,-2.0016091884201668,2.0016091884201668,control,ridge
2026-03-27,cv_1,sma_5,173.65599975585937,False,173.65599975585937,185.30899963378903,185.93922993342082,5.619094730116829,-2.185980263284521,2.185980263284521,control,ridge
2026-03-30,cv_1,sma_5,171.56199951171874,False,171.56199951171874,185.30899963378903,185.93922993342082,5.619094730116829,-2.5586381992537004,2.5586381992537004,control,ridge
2026-03-31,cv_1,sma_5,171.4019989013672,False,171.4019989013672,185.30899963378903,185.93922993342082,5.619094730116829,-2.5871126454120796,2.5871126454120796,control,ridge
2026-04-01,cv_1,sma_5,170.81600036621094,False,170.81600036621094,185.30899963378903,185.93922993342082,5.619094730116829,-2.6913996459524796,2.6913996459524796,control,ridge
2026-02-26,cv_1,sma_20,186.7485000610352,False,186.7485000610352,185.5185005187988,185.97273004055023,3.332890459411112,0.2327619314023421,0.2327619314023421,control,ridge
2026-02-27,cv_1,sma_20,185.98250045776368,False,185.98250045776368,185.5185005187988,185.97273004055023,3.332890459411112,0.002931514651451209,0.002931514651451209,control,ridge
2026-03-02,cv_1,sma_20,185.55,False,185.55,185.5185005187988,185.97273004055023,3.332890459411112,-0.12683586385401718,0.12683586385401718,control,ridge
2026-03-03,cv_1,sma_20,185.27200012207032,False,185.27200012207032,185.5185005187988,185.97273004055023,3.332890459411112,-0.21024690940599347,0.21024690940599347,control,ridge
2026-03-04,cv_1,sma_20,185.40699996948243,False,185.40699996948243,185.5185005187988,185.97273004055023,3.332890459411112,-0.16974157355527464,0.16974157355527464,control,ridge
2026-03-05,cv_1,sma_20,185.86449966430663,False,185.86449966430663,185.5185005187988,185.97273004055023,3.332890459411112,-0.032473427363322406,0.032473427363322406,control,ridge
2026-03-06,cv_1,sma_20,186.16149978637696,False,186.16149978637696,185.5185005187988,185.97273004055023,3.332890459411112,0.05663844885561773,0.05663844885561773,control,ridge
2026-03-09,cv_1,sma_20,186.0234992980957,False,186.0234992980957,185.5185005187988,185.97273004055023,3.332890459411112,0.015232801126750668,0.015232801126750668,control,ridge
2026-03-10,cv_1,sma_20,185.7599998474121,False,185.7599998474121,185.5185005187988,185.97273004055023,3.332890459411112,-0.06382753820709593,0.06382753820709593,control,ridge
2026-03-11,cv_1,sma_20,185.6345001220703,False,185.6345001220703,185.5185005187988,185.97273004055023,3.332890459411112,-0.1014824587243371,0.1014824587243371,control,ridge
2026-03-12,cv_1,sma_20,185.28899993896485,False,185.28899993896485,185.5185005187988,185.97273004055023,3.332890459411112,-0.20514628665779513,0.20514628665779513,control,ridge
2026-03-13,cv_1,sma_20,184.95449981689453,False,184.95449981689453,185.5185005187988,185.97273004055023,3.332890459411112,-0.30550965777483646,0.30550965777483646,control,ridge
2026-03-16,cv_1,sma_20,184.975,False,184.975,185.5185005187988,185.97273004055023,3.332890459411112,-0.2993587856249336,0.2993587856249336,control,ridge
2026-03-17,cv_1,sma_20,184.8229995727539,False,184.8229995727539,185.5185005187988,185.97273004055023,3.332890459411112,-0.3449649731361039,0.3449649731361039,control,ridge
2026-03-18,cv_1,sma_20,184.4439994812012,False,184.4439994812012,185.5185005187988,185.97273004055023,3.332890459411112,-0.4586801090423938,0.4586801090423938,control,ridge
2026-03-19,cv_1,sma_20,183.97699966430665,False,183.97699966430665,185.5185005187988,185.97273004055023,3.332890459411112,-0.5987986705678322,0.5987986705678322,control,ridge
2026-03-20,cv_1,sma_20,183.12099914550785,False,183.12099914550785,185.5185005187988,185.97273004055023,3.332890459411112,-0.8556329497688476,0.8556329497688476,control,ridge
2026-03-23,cv_1,sma_20,182.32549896240235,False,182.32549896240235,185.5185005187988,185.97273004055023,3.332890459411112,-1.0943147164795541,1.0943147164795541,control,ridge
2026-03-24,cv_1,sma_20,181.44299850463867,False,181.44299850463867,185.5185005187988,185.97273004055023,3.332890459411112,-1.3591000337622627,1.3591000337622627,control,ridge
2026-03-25,cv_1,sma_20,180.59899826049804,False,180.59899826049804,185.5185005187988,185.97273004055023,3.332890459411112,-1.6123337521874872,1.6123337521874872,control,ridge
2026-03-26,cv_1,sma_20,179.91649856567383,False,179.91649856567383,185.5185005187988,185.97273004055023,3.332890459411112,-1.8171108677680552,1.8171108677680552,control,ridge
2026-03-27,cv_1,sma_20,179.43299865722656,False,179.43299865722656,185.5185005187988,185.97273004055023,3.332890459411112,-1.9621801145181272,1.9621801145181272,control,ridge
2026-03-30,cv_1,sma_20,178.56749877929687,False,178.56749877929687,185.5185005187988,185.97273004055023,3.332890459411112,-2.2218645801403842,2.2218645801403842,control,ridge
2026-03-31,cv_1,sma_20,178.2849983215332,False,178.2849983215332,185.5185005187988,185.97273004055023,3.332890459411112,-2.306625979053439,2.306625979053439,control,ridge
2026-04-01,cv_1,sma_20,177.92049865722657,False,177.92049865722657,185.5185005187988,185.97273004055023,3.332890459411112,-2.415990408741608,2.415990408741608,control,ridge
2026-02-26,cv_1,rolling_volatility_20,0.0276565899887898,False,0.0276565899887898,0.020491051623451398,0.0220291792560285,0.003998453894873429,1.4073966789954533,1.4073966789954533,control,ridge
2026-02-27,cv_1,rolling_volatility_20,0.0290188801208111,False,0.0290188801208111,0.020491051623451398,0.0220291792560285,0.003998453894873429,1.7481009031376766,1.7481009031376766,control,ridge
2026-03-02,cv_1,rolling_volatility_20,0.0299545755346953,False,0.0299545755346953,0.020491051623451398,0.0220291792560285,0.003998453894873429,1.9821152092883336,1.9821152092883336,control,ridge
2026-03-03,cv_1,rolling_volatility_20,0.0294137554017679,False,0.0294137554017679,0.020491051623451398,0.0220291792560285,0.003998453894873429,1.8468578955499395,1.8468578955499395,control,ridge
2026-03-04,cv_1,rolling_volatility_20,0.0289342945420005,False,0.0289342945420005,0.020491051623451398,0.0220291792560285,0.003998453894873429,1.7269463316371643,1.7269463316371643,control,ridge
2026-03-05,cv_1,rolling_volatility_20,0.0277215425836363,False,0.0277215425836363,0.020491051623451398,0.0220291792560285,0.003998453894873429,1.4236411066052803,1.4236411066052803,control,ridge
2026-03-06,cv_1,rolling_volatility_20,0.0284846923372723,False,0.0284846923372723,0.020491051623451398,0.0220291792560285,0.003998453894873429,1.6145023178885871,1.6145023178885871,control,ridge
2026-03-09,cv_1,rolling_volatility_20,0.0229866330390899,False,0.0229866330390899,0.020491051623451398,0.0220291792560285,0.003998453894873429,0.23945600180334434,0.23945600180334434,control,ridge
2026-03-10,cv_1,rolling_volatility_20,0.0223939511722012,False,0.0223939511722012,0.020491051623451398,0.0220291792560285,0.003998453894873429,0.09122824115600986,0.09122824115600986,control,ridge
2026-03-11,cv_1,rolling_volatility_20,0.0224028963635755,False,0.0224028963635755,0.020491051623451398,0.0220291792560285,0.003998453894873429,0.09346540372171322,0.09346540372171322,control,ridge
2026-03-12,cv_1,rolling_volatility_20,0.0225543079650108,False,0.0225543079650108,0.020491051623451398,0.0220291792560285,0.003998453894873429,0.13133294087887004,0.13133294087887004,control,ridge
2026-03-13,cv_1,rolling_volatility_20,0.0225345690097148,False,0.0225345690097148,0.020491051623451398,0.0220291792560285,0.003998453894873429,0.1263962939110737,0.1263962939110737,control,ridge
2026-03-16,cv_1,rolling_volatility_20,0.0223358553732382,False,0.0223358553732382,0.020491051623451398,0.0220291792560285,0.003998453894873429,0.07669867535621713,0.07669867535621713,control,ridge
2026-03-17,cv_1,rolling_volatility_20,0.0222242204311207,False,0.0222242204311207,0.020491051623451398,0.0220291792560285,0.003998453894873429,0.048779148195824115,0.048779148195824115,control,ridge
2026-03-18,cv_1,rolling_volatility_20,0.0219217812248288,False,0.0219217812248288,0.020491051623451398,0.0220291792560285,0.003998453894873429,-0.026859889853275493,0.026859889853275493,control,ridge
2026-03-19,cv_1,rolling_volatility_20,0.0219977709222145,False,0.0219977709222145,0.020491051623451398,0.0220291792560285,0.003998453894873429,-0.007855119663695688,0.007855119663695688,control,ridge
2026-03-20,cv_1,rolling_volatility_20,0.0227978033552245,False,0.0227978033552245,0.020491051623451398,0.0220291792560285,0.003998453894873429,0.19223032687246527,0.19223032687246527,control,ridge
2026-03-23,cv_1,rolling_volatility_20,0.0231122055082049,False,0.0231122055082049,0.020491051623451398,0.0220291792560285,0.003998453894873429,0.27086125803901057,0.27086125803901057,control,ridge
2026-03-24,cv_1,rolling_volatility_20,0.0229754808433268,False,0.0229754808433268,0.020491051623451398,0.0220291792560285,0.003998453894873429,0.23666687479167633,0.23666687479167633,control,ridge
2026-03-25,cv_1,rolling_volatility_20,0.0232578841466805,False,0.0232578841466805,0.020491051623451398,0.0220291792560285,0.003998453894873429,0.3072950002568169,0.3072950002568169,control,ridge
2026-03-26,cv_1,rolling_volatility_20,0.0219278969394713,False,0.0219278969394713,0.020491051623451398,0.0220291792560285,0.003998453894873429,-0.025330369993025608,0.025330369993025608,control,ridge
2026-03-27,cv_1,rolling_volatility_20,0.0205154839397399,False,0.0205154839397399,0.020491051623451398,0.0220291792560285,0.003998453894873429,-0.37857015638703884,0.37857015638703884,control,ridge
2026-03-30,cv_1,rolling_volatility_20,0.0191637146393753,False,0.0191637146393753,0.020491051623451398,0.0220291792560285,0.003998453894873429,-0.7166431555774898,0.7166431555774898,control,ridge
2026-03-31,cv_1,rolling_volatility_20,0.0233366566005746,False,0.0233366566005746,0.020491051623451398,0.0220291792560285,0.003998453894873429,0.3269957285796063,0.3269957285796063,control,ridge
2026-04-01,cv_1,rolling_volatility_20,0.0230604813682612,False,0.0230604813682612,0.020491051623451398,0.0220291792560285,0.003998453894873429,0.2579252229355382,0.2579252229355382,control,ridge
2026-02-26,cv_1,simple_return,-0.0545612512893816,False,-0.0545612512893816,-0.0011109090129327,0.00028598184748099075,0.022691677285319588,-2.4170638621035776,2.4170638621035776,treatment,ols
2026-02-27,cv_1,simple_return,-0.0416463679683114,False,-0.0416463679683114,-0.0011109090129327,0.00028598184748099075,0.022691677285319588,-1.8479175994152086,1.8479175994152086,treatment,ols
2026-03-02,cv_1,simple_return,0.0298549196526034,False,0.0298549196526034,-0.0011109090129327,0.00028598184748099075,0.022691677285319588,1.3030741374174255,1.3030741374174255,treatment,ols
2026-03-03,cv_1,simple_return,-0.013316488013346,False,-0.013316488013346,-0.0011109090129327,0.00028598184748099075,0.022691677285319588,-0.5994475282630221,0.5994475282630221,treatment,ols
2026-03-04,cv_1,simple_return,0.0166064436750688,False,0.0166064436750688,-0.0011109090129327,0.00028598184748099075,0.022691677285319588,0.7192267729872202,0.7192267729872202,treatment,ols
2026-03-05,cv_1,simple_return,0.0016390027467323,False,0.0016390027467323,-0.0011109090129327,0.00028598184748099075,0.022691677285319588,0.05962630625487733,0.05962630625487733,treatment,ols
2026-03-06,cv_1,simple_return,-0.0301079367510115,False,-0.0301079367510115,-0.0011109090129327,0.00028598184748099075,0.022691677285319588,-1.3394302332228158,1.3394302332228158,treatment,ols
2026-03-09,cv_1,simple_return,0.0271622223221437,False,0.0271622223221437,-0.0011109090129327,0.00028598184748099075,0.022691677285319588,1.1844096025484345,1.1844096025484345,treatment,ols
2026-03-10,cv_1,simple_return,0.0116069556354763,False,0.0116069556354763,-0.0011109090129327,0.00028598184748099075,0.022691677285319588,0.4989042302007102,0.4989042302007102,treatment,ols
2026-03-11,cv_1,simple_return,0.0068192589581692,False,0.0068192589581692,-0.0011109090129327,0.00028598184748099075,0.022691677285319588,0.28791512538012876,0.28791512538012876,treatment,ols
2026-03-12,cv_1,simple_return,-0.0155351255636844,False,-0.0155351255636844,-0.0011109090129327,0.00028598184748099075,0.022691677285319588,-0.6972207127853381,0.6972207127853381,treatment,ols
2026-03-13,cv_1,simple_return,-0.0157802741033087,False,-0.0157802741033087,-0.0011109090129327,0.00028598184748099075,0.022691677285319588,-0.7080241688957817,0.7080241688957817,treatment,ols
2026-03-16,cv_1,simple_return,0.0164771218901698,False,0.0164771218901698,-0.0011109090129327,0.00028598184748099075,0.022691677285319588,0.7135276885487742,0.7135276885487742,treatment,ols
2026-03-17,cv_1,simple_return,-0.0070407626696168,False,-0.0070407626696168,-0.0011109090129327,0.00028598184748099075,0.022691677285319588,-0.32288245707768104,0.32288245707768104,treatment,ols
2026-03-18,cv_1,simple_return,-0.0084098215846326,False,-0.0084098215846326,-0.0011109090129327,0.00028598184748099075,0.022691677285319588,-0.3832155429840946,0.3832155429840946,treatment,ols
2026-03-19,cv_1,simple_return,-0.0101995365861623,False,-0.0101995365861623,-0.0011109090129327,0.00028598184748099075,0.022691677285319588,-0.46208653074873896,0.46208653074873896,treatment,ols
2026-03-20,cv_1,simple_return,-0.0328181042253241,False,-0.0328181042253241,-0.0011109090129327,0.00028598184748099075,0.022691677285319588,-1.4588646602259687,1.4588646602259687,treatment,ols
2026-03-23,cv_1,simple_return,0.0170237550281333,False,0.0170237550281333,-0.0011109090129327,0.00028598184748099075,0.022691677285319588,0.7376172757172443,0.7376172757172443,treatment,ols
2026-03-24,cv_1,simple_return,-0.0025051380262768,False,-0.0025051380262768,-0.0011109090129327,0.00028598184748099075,0.022691677285319588,-0.12300191998427147,0.12300191998427147,treatment,ols
2026-03-25,cv_1,simple_return,0.0198629896584252,False,0.0198629896584252,-0.0011109090129327,0.00028598184748099075,0.022691677285319588,0.8627395659116651,0.8627395659116651,treatment,ols
2026-03-26,cv_1,simple_return,-0.0416386136533887,False,-0.0416386136533887,-0.0011109090129327,0.00028598184748099075,0.022691677285319588,-1.8475758743490007,1.8475758743490007,treatment,ols
2026-03-27,cv_1,simple_return,-0.0217239027176486,False,-0.0217239027176486,-0.0011109090129327,0.00028598184748099075,0.022691677285319588,-0.9699540623807882,0.9699540623807882,treatment,ols
2026-03-30,cv_1,simple_return,-0.0140282118169808,False,-0.0140282118169808,-0.0011109090129327,0.00028598184748099075,0.022691677285319588,-0.6308124994234066,0.6308124994234066,treatment,ols
2026-03-31,cv_1,simple_return,0.0558817934846622,False,0.0558817934846622,-0.0011109090129327,0.00028598184748099075,0.022691677285319588,2.450052983661503,2.450052983661503,treatment,ols
2026-04-01,cv_1,simple_return,0.0077408609562046,False,0.0077408609562046,-0.0011109090129327,0.00028598184748099075,0.022691677285319588,0.3285292230709871,0.3285292230709871,treatment,ols
2026-02-26,cv_1,log_return,-0.0561061748851635,False,-0.0561061748851635,-0.0011115265297292,2.9508116299229933e-05,0.022629184996429432,-2.4806763040878472,2.4806763040878472,treatment,ols
2026-02-27,cv_1,log_return,-0.0425384333926578,False,-0.0425384333926578,-0.0011115265297292,2.9508116299229933e-05,0.022629184996429432,-1.88110802557289,1.88110802557289,treatment,ols
2026-03-02,cv_1,log_return,0.0294179376143784,False,0.0294179376143784,-0.0011115265297292,2.9508116299229933e-05,0.022629184996429432,1.2986958877536354,1.2986958877536354,treatment,ols
2026-03-03,cv_1,log_return,-0.0134059475184354,False,-0.0134059475184354,-0.0011115265297292,2.9508116299229933e-05,0.022629184996429432,-0.5937224710856602,0.5937224710856602,treatment,ols
2026-03-04,cv_1,log_return,0.0164700644672649,False,0.0164700644672649,-0.0011115265297292,2.9508116299229933e-05,0.022629184996429432,0.726520038329253,0.726520038329253,treatment,ols
2026-03-05,cv_1,log_return,0.0016376610475628,False,0.0016376610475628,-0.0011115265297292,2.9508116299229933e-05,0.022629184996429432,0.07106543746570254,0.07106543746570254,treatment,ols
2026-03-06,cv_1,log_return,-0.0305704886772736,False,-0.0305704886772736,-0.0011115265297292,2.9508116299229933e-05,0.022629184996429432,-1.352235920047544,1.352235920047544,treatment,ols
2026-03-09,cv_1,log_return,0.0267998759428952,False,0.0267998759428952,-0.0011115265297292,2.9508116299229933e-05,0.022629184996429432,1.183001854941747,1.183001854941747,treatment,ols
2026-03-10,cv_1,log_return,0.0115401116653568,False,0.0115401116653568,-0.0011115265297292,2.9508116299229933e-05,0.022629184996429432,0.5086618696552165,0.5086618696552165,treatment,ols
2026-03-11,cv_1,log_return,0.0067961129778422,False,0.0067961129778422,-0.0011115265297292,2.9508116299229933e-05,0.022629184996429432,0.2990211473639305,0.2990211473639305,treatment,ols
2026-03-12,cv_1,log_return,-0.0156570601211533,False,-0.0156570601211533,-0.0011115265297292,2.9508116299229933e-05,0.022629184996429432,-0.6932007599888219,0.6932007599888219,treatment,ols
2026-03-13,cv_1,log_return,-0.0159061081818228,False,-0.0159061081818228,-0.0011115265297292,2.9508116299229933e-05,0.022629184996429432,-0.7042063733464746,0.7042063733464746,treatment,ols
2026-03-16,cv_1,log_return,0.0163428470845033,False,0.0163428470845033,-0.0011115265297292,2.9508116299229933e-05,0.022629184996429432,0.7208982104648526,0.7208982104648526,treatment,ols
2026-03-17,cv_1,log_return,-0.0070656657992947,False,-0.0070656657992947,-0.0011115265297292,2.9508116299229933e-05,0.022629184996429432,-0.3135408507515162,0.3135408507515162,treatment,ols
2026-03-18,cv_1,log_return,-0.0084453836549795,False,-0.0084453836549795,-0.0011115265297292,2.9508116299229933e-05,0.022629184996429432,-0.3745115775321095,0.3745115775321095,treatment,ols
2026-03-19,cv_1,log_return,-0.0102519082750917,False,-0.0102519082750917,-0.0011115265297292,2.9508116299229933e-05,0.022629184996429432,-0.45434320294845765,0.45434320294845765,treatment,ols
2026-03-20,cv_1,log_return,-0.0333686980384248,False,-0.0333686980384248,-0.0011115265297292,2.9508116299229933e-05,0.022629184996429432,-1.4758908091472938,1.4758908091472938,treatment,ols
2026-03-23,cv_1,log_return,0.016880474736731,False,0.016880474736731,-0.0011115265297292,2.9508116299229933e-05,0.022629184996429432,0.744656364031255,0.744656364031255,treatment,ols
2026-03-24,cv_1,log_return,-0.0025082811349201,False,-0.0025082811349201,-0.0011115265297292,2.9508116299229933e-05,0.022629184996429432,-0.11214673668626411,0.11214673668626411,treatment,ols
2026-03-25,cv_1,log_return,0.0196682944096325,False,0.0196682944096325,-0.0011115265297292,2.9508116299229933e-05,0.022629184996429432,0.8678521253165767,0.8678521253165767,treatment,ols
2026-03-26,cv_1,log_return,-0.0425303421377259,False,-0.0425303421377259,-0.0011115265297292,2.9508116299229933e-05,0.022629184996429432,-1.8807504671838813,1.8807504671838813,treatment,ols
2026-03-27,cv_1,log_return,-0.0219633407290778,False,-0.0219633407290778,-0.0011115265297292,2.9508116299229933e-05,0.022629184996429432,-0.9718798467044744,0.9718798467044744,treatment,ols
2026-03-30,cv_1,log_return,-0.014127537179291,False,-0.014127537179291,-0.0011115265297292,2.9508116299229933e-05,0.022629184996429432,-0.6256100384447788,0.6256100384447788,treatment,ols
2026-03-31,cv_1,log_return,0.0543762410305363,False,0.0543762410305363,-0.0011115265297292,2.9508116299229933e-05,0.022629184996429432,2.401621309950501,2.401621309950501,treatment,ols
2026-04-01,cv_1,log_return,0.0077110542131182,False,0.0077110542131182,-0.0011115265297292,2.9508116299229933e-05,0.022629184996429432,0.3394530601977495,0.3394530601977495,treatment,ols
2026-02-26,cv_1,intraday_return,-0.0482833411052853,False,-0.0482833411052853,-0.0034331215146040997,-0.0031551391481495633,0.01930817729048011,-2.3372585241065806,2.3372585241065806,treatment,ols
2026-02-27,cv_1,intraday_return,-0.0223999865301723,False,-0.0223999865301723,-0.0034331215146040997,-0.0031551391481495633,0.01930817729048011,-0.996720047288534,0.996720047288534,treatment,ols
2026-03-02,cv_1,intraday_return,0.0426832835561932,False,0.0426832835561932,-0.0034331215146040997,-0.0031551391481495633,0.01930817729048011,2.3740419416463188,2.3740419416463188,treatment,ols
2026-03-03,cv_1,intraday_return,0.0087399714862661,False,0.0087399714862661,-0.0034331215146040997,-0.0031551391481495633,0.01930817729048011,0.6160659525475013,0.6160659525475013,treatment,ols
2026-03-04,cv_1,intraday_return,0.0144091709684543,False,0.0144091709684543,-0.0034331215146040997,-0.0031551391481495633,0.01930817729048011,0.9096824548666197,0.9096824548666197,treatment,ols
2026-03-05,cv_1,intraday_return,0.0119776905165156,False,0.0119776905165156,-0.0034331215146040997,-0.0031551391481495633,0.01930817729048011,0.7837523675591274,0.7837523675591274,treatment,ols
2026-03-06,cv_1,intraday_return,-0.0112321455449578,False,-0.0112321455449578,-0.0034331215146040997,-0.0031551391481495633,0.01930817729048011,-0.418320500961559,0.418320500961559,treatment,ols
2026-03-09,cv_1,intraday_return,0.0329129220447002,False,0.0329129220447002,-0.0034331215146040997,-0.0031551391481495633,0.01930817729048011,1.868019992266857,1.868019992266857,treatment,ols
2026-03-10,cv_1,intraday_return,0.0129934783732588,False,0.0129934783732588,-0.0034331215146040997,-0.0031551391481495633,0.01930817729048011,0.8363615725328166,0.8363615725328166,treatment,ols
2026-03-11,cv_1,intraday_return,0.0006454473391632,False,0.0006454473391632,-0.0034331215146040997,-0.0031551391481495633,0.01930817729048011,0.19683818053538596,0.19683818053538596,treatment,ols
2026-03-12,cv_1,intraday_return,-0.0049443284271691,False,-0.0049443284271691,-0.0034331215146040997,-0.0031551391481495633,0.01930817729048011,-0.09266484619973402,0.09266484619973402,treatment,ols
2026-03-13,cv_1,intraday_return,-0.0252541543109834,False,-0.0252541543109834,-0.0034331215146040997,-0.0031551391481495633,0.01930817729048011,-1.1445417571201684,1.1445417571201684,treatment,ols
2026-03-16,cv_1,intraday_return,0.0013663442003175,False,0.0013663442003175,-0.0034331215146040997,-0.0031551391481495633,0.01930817729048011,0.23417453032691898,0.23417453032691898,treatment,ols
2026-03-17,cv_1,intraday_return,-0.0169134600891878,False,-0.0169134600891878,-0.0034331215146040997,-0.0031551391481495633,0.01930817729048011,-0.7125644608526447,0.7125644608526447,treatment,ols
2026-03-18,cv_1,intraday_return,-0.0113985197268432,False,-0.0113985197268432,-0.0034331215146040997,-0.0031551391481495633,0.01930817729048011,-0.42693727402006154,0.42693727402006154,treatment,ols
2026-03-19,cv_1,intraday_return,0.0030897313000965,False,0.0030897313000965,-0.0034331215146040997,-0.0031551391481495633,0.01930817729048011,0.32343138113430797,0.32343138113430797,treatment,ols
2026-03-20,cv_1,intraday_return,-0.0297752980435832,False,-0.0297752980435832,-0.0034331215146040997,-0.0031551391481495633,0.01930817729048011,-1.3786986982224727,1.3786986982224727,treatment,ols
2026-03-23,cv_1,intraday_return,-0.0091390904174095,False,-0.0091390904174095,-0.0034331215146040997,-0.0031551391481495633,0.01930817729048011,-0.30991797823455464,0.30991797823455464,treatment,ols
2026-03-24,cv_1,intraday_return,0.0021163136378905,False,0.0021163136378905,-0.0034331215146040997,-0.0031551391481495633,0.01930817729048011,0.2730165932668927,0.2730165932668927,treatment,ols
2026-03-25,cv_1,intraday_return,0.008921437141804,False,0.008921437141804,-0.0034331215146040997,-0.0031551391481495633,0.01930817729048011,0.6254643360825112,0.6254643360825112,treatment,ols
2026-03-26,cv_1,intraday_return,-0.0274322805141969,False,-0.0274322805141969,-0.0034331215146040997,-0.0031551391481495633,0.01930817729048011,-1.2573502408234656,1.2573502408234656,treatment,ols
2026-03-27,cv_1,intraday_return,-0.0145882101619945,False,-0.0145882101619945,-0.0034331215146040997,-0.0031551391481495633,0.01930817729048011,-0.5921362147157209,0.5921362147157209,treatment,ols
2026-03-30,cv_1,intraday_return,-0.0213887939119619,False,-0.0213887939119619,-0.0034331215146040997,-0.0031551391481495633,0.01930817729048011,-0.9443488367388482,0.9443488367388482,treatment,ols
2026-03-31,cv_1,intraday_return,0.0444989676077212,False,0.0444989676077212,-0.0034331215146040997,-0.0031551391481495633,0.01930817729048011,2.468078992591735,2.468078992591735,treatment,ols
2026-04-01,cv_1,intraday_return,-0.0014204545454545,False,-0.0014204545454545,-0.0034331215146040997,-0.0031551391481495633,0.01930817729048011,0.08984196574320606,0.08984196574320606,treatment,ols
2026-02-26,cv_1,daily_range,0.0539238790352457,False,0.0539238790352457,0.02567096643920575,0.02965174908094993,0.01438011773598153,1.687895078463977,1.687895078463977,treatment,ols
2026-02-27,cv_1,daily_range,0.0350470758480388,False,0.0350470758480388,0.02567096643920575,0.02965174908094993,0.01438011773598153,0.37519350440287685,0.37519350440287685,treatment,ols
2026-03-02,cv_1,daily_range,0.0483341052757799,False,0.0483341052757799,0.02567096643920575,0.02965174908094993,0.01438011773598153,1.299179640795534,1.299179640795534,treatment,ols
2026-03-03,cv_1,daily_range,0.0221049467374626,False,0.0221049467374626,0.02567096643920575,0.02965174908094993,0.01438011773598153,-0.5248081053330967,0.5248081053330967,treatment,ols
2026-03-04,cv_1,daily_range,0.0253496479449443,False,0.0253496479449443,0.02567096643920575,0.02965174908094993,0.01438011773598153,-0.2991700913018975,0.2991700913018975,treatment,ols
2026-03-05,cv_1,daily_range,0.0337078258930018,False,0.0337078258930018,0.02567096643920575,0.02965174908094993,0.01438011773598153,0.2820614466808481,0.2820614466808481,treatment,ols
2026-03-06,cv_1,daily_range,0.0334044929589213,False,0.0334044929589213,0.02567096643920575,0.02965174908094993,0.01438011773598153,0.2609675349584487,0.2609675349584487,treatment,ols
2026-03-09,cv_1,daily_range,0.0402409326533082,False,0.0402409326533082,0.02567096643920575,0.02965174908094993,0.01438011773598153,0.736376695015668,0.736376695015668,treatment,ols
2026-03-10,cv_1,daily_range,0.0239757960282222,False,0.0239757960282222,0.02567096643920575,0.02965174908094993,0.01438011773598153,-0.39470838535108216,0.39470838535108216,treatment,ols
2026-03-11,cv_1,daily_range,0.0170402525923044,False,0.0170402525923044,0.02567096643920575,0.02965174908094993,0.01438011773598153,-0.8770092651668209,0.8770092651668209,treatment,ols
2026-03-12,cv_1,daily_range,0.017418381850156,False,0.017418381850156,0.02567096643920575,0.02965174908094993,0.01438011773598153,-0.8507139826945879,0.8507139826945879,treatment,ols
2026-03-13,cv_1,daily_range,0.0341192449180826,False,0.0341192449180826,0.02567096643920575,0.02965174908094993,0.01438011773598153,0.31067171487436646,0.31067171487436646,treatment,ols
2026-03-16,cv_1,daily_range,0.0407706646159495,False,0.0407706646159495,0.02567096643920575,0.02965174908094993,0.01438011773598153,0.7732144992928763,0.7732144992928763,treatment,ols
2026-03-17,cv_1,daily_range,0.0204474323666499,False,0.0204474323666499,0.02567096643920575,0.02965174908094993,0.01438011773598153,-0.6400724168807912,0.6400724168807912,treatment,ols
2026-03-18,cv_1,daily_range,0.016906891102823,False,0.016906891102823,0.02567096643920575,0.02965174908094993,0.01438011773598153,-0.8862832844711069,0.8862832844711069,treatment,ols
2026-03-19,cv_1,daily_range,0.0234655157857028,False,0.0234655157857028,0.02567096643920575,0.02965174908094993,0.01438011773598153,-0.43019350806621753,0.43019350806621753,treatment,ols
2026-03-20,cv_1,daily_range,0.0378690990254784,False,0.0378690990254784,0.02567096643920575,0.02965174908094993,0.01438011773598153,0.5714382938581405,0.5714382938581405,treatment,ols
2026-03-23,cv_1,daily_range,0.0205534082378522,False,0.0205534082378522,0.02567096643920575,0.02965174908094993,0.01438011773598153,-0.6327028060648012,0.6327028060648012,treatment,ols
2026-03-24,cv_1,daily_range,0.0127854197042355,False,0.0127854197042355,0.02567096643920575,0.02965174908094993,0.01438011773598153,-1.1728923007710828,1.1728923007710828,treatment,ols
2026-03-25,cv_1,daily_range,0.0244571037402992,False,0.0244571037402992,0.02567096643920575,0.02965174908094993,0.01438011773598153,-0.3612380257258138,0.3612380257258138,treatment,ols
2026-03-26,cv_1,daily_range,0.0313594659245784,False,0.0313594659245784,0.02567096643920575,0.02965174908094993,0.01438011773598153,0.11875541459271036,0.11875541459271036,treatment,ols
2026-03-27,cv_1,daily_range,0.0236390079564854,False,0.0236390079564854,0.02567096643920575,0.02965174908094993,0.01438011773598153,-0.418128782730312,0.418128782730312,treatment,ols
2026-03-30,cv_1,daily_range,0.0313615834183327,False,0.0313615834183327,0.02567096643920575,0.02965174908094993,0.01438011773598153,0.11890266608210526,0.11890266608210526,treatment,ols
2026-03-31,cv_1,daily_range,0.0439219533910472,False,0.0439219533910472,0.02567096643920575,0.02965174908094993,0.01438011773598153,0.9923565698207577,0.9923565698207577,treatment,ols
2026-04-01,cv_1,daily_range,0.0149075113353485,False,0.0149075113353485,0.02567096643920575,0.02965174908094993,0.01438011773598153,-1.0253210729081033,1.0253210729081033,treatment,ols
2026-02-26,cv_1,close_to_sma_5,-0.03165493422275567,False,-0.03165493422275567,0.001223839846019703,2.0182039444315247e-05,0.023695009350468484,-1.336784290468057,1.336784290468057,treatment,ols
2026-02-27,cv_1,close_to_sma_5,-0.059540991708544766,False,-0.059540991708544766,0.001223839846019703,2.0182039444315247e-05,0.023695009350468484,-2.5136590100907252,2.5136590100907252,treatment,ols
2026-03-02,cv_1,close_to_sma_5,-0.02204789281123065,False,-0.02204789281123065,0.001223839846019703,2.0182039444315247e-05,0.023695009350468484,-0.9313385162364856,0.9313385162364856,treatment,ols
2026-03-03,cv_1,close_to_sma_5,-0.021648155177624973,False,-0.021648155177624973,0.001223839846019703,2.0182039444315247e-05,0.023695009350468484,-0.9144683969766348,0.9144683969766348,treatment,ols
2026-03-04,cv_1,close_to_sma_5,0.0083181541177213,False,0.0083181541177213,0.001223839846019703,2.0182039444315247e-05,0.023695009350468484,0.3501991476577713,0.3501991476577713,treatment,ols
2026-03-05,cv_1,close_to_sma_5,0.011698478039763538,False,0.011698478039763538,0.001223839846019703,2.0182039444315247e-05,0.023695009350468484,0.49285888971756525,0.49285888971756525,treatment,ols
2026-03-06,cv_1,close_to_sma_5,-0.019443449747462704,False,-0.019443449747462704,0.001223839846019703,2.0182039444315247e-05,0.023695009350468484,-0.8214232583336034,0.8214232583336034,treatment,ols
2026-03-09,cv_1,close_to_sma_5,0.0070018476443638455,False,0.0070018476443638455,0.001223839846019703,2.0182039444315247e-05,0.023695009350468484,0.2946470922064225,0.2946470922064225,treatment,ols
2026-03-10,cv_1,close_to_sma_5,0.013415706446352038,False,0.013415706446352038,0.001223839846019703,2.0182039444315247e-05,0.023695009350468484,0.5653310454018823,0.5653310454018823,treatment,ols
2026-03-11,cv_1,close_to_sma_5,0.01699084120637484,False,0.01699084120637484,0.001223839846019703,2.0182039444315247e-05,0.023695009350468484,0.716212385313745,0.716212385313745,treatment,ols
2026-03-12,cv_1,close_to_sma_5,0.0014107383788086736,False,0.0014107383788086736,0.001223839846019703,2.0182039444315247e-05,0.023695009350468484,0.058685621043524296,0.058685621043524296,treatment,ols
2026-03-13,cv_1,close_to_sma_5,-0.01700405348824363,False,-0.01700405348824363,0.001223839846019703,2.0182039444315247e-05,0.023695009350468484,-0.7184734673823353,0.7184734673823353,treatment,ols
2026-03-16,cv_1,close_to_sma_5,-0.0014279303183577507,False,-0.0014279303183577507,0.001223839846019703,2.0182039444315247e-05,0.023695009350468484,-0.06111465652464217,0.06111465652464217,treatment,ols
2026-03-17,cv_1,close_to_sma_5,-0.005379608700491367,False,-0.005379608700491367,0.001223839846019703,2.0182039444315247e-05,0.023695009350468484,-0.22788725929871478,0.22788725929871478,treatment,ols
2026-03-18,cv_1,close_to_sma_5,-0.007635287035513305,False,-0.007635287035513305,0.001223839846019703,2.0182039444315247e-05,0.023695009350468484,-0.32308360641378103,0.32308360641378103,treatment,ols
2026-03-19,cv_1,close_to_sma_5,-0.012782517742754629,False,-0.012782517742754629,0.001223839846019703,2.0182039444315247e-05,0.023695009350468484,-0.5403120797648394,0.5403120797648394,treatment,ols
2026-03-20,cv_1,close_to_sma_5,-0.03714275957675306,False,-0.03714275957675306,0.001223839846019703,2.0182039444315247e-05,0.023695009350468484,-1.5683868728020829,1.5683868728020829,treatment,ols
2026-03-23,cv_1,close_to_sma_5,-0.012403971708976114,False,-0.012403971708976114,0.001223839846019703,2.0182039444315247e-05,0.023695009350468484,-0.524336309163549,0.524336309163549,treatment,ols
2026-03-24,cv_1,close_to_sma_5,-0.00736543922083599,False,-0.00736543922083599,0.001223839846019703,2.0182039444315247e-05,0.023695009350468484,-0.3116952245530252,0.3116952245530252,treatment,ols
2026-03-25,cv_1,close_to_sma_5,0.014328186487567507,False,0.014328186487567507,0.001223839846019703,2.0182039444315247e-05,0.023695009350468484,0.6038404221115153,0.6038404221115153,treatment,ols
2026-03-26,cv_1,close_to_sma_5,-0.01976045171857832,False,-0.01976045171857832,0.001223839846019703,2.0182039444315247e-05,0.023695009350468484,-0.8348016861040634,0.8348016861040634,treatment,ols
2026-03-27,cv_1,close_to_sma_5,-0.03533419802382265,False,-0.03533419802382265,0.001223839846019703,2.0182039444315247e-05,0.023695009350468484,-1.4920601861913998,1.4920601861913998,treatment,ols
2026-03-30,cv_1,close_to_sma_5,-0.03725767571470173,False,-0.03725767571470173,0.001223839846019703,2.0182039444315247e-05,0.023695009350468484,-1.5732366762458785,1.5732366762458785,treatment,ols
2026-03-31,cv_1,close_to_sma_5,0.017491015357658624,False,0.017491015357658624,0.001223839846019703,2.0182039444315247e-05,0.023695009350468484,0.7373212248961989,0.7373212248961989,treatment,ols
2026-04-01,cv_1,close_to_sma_5,0.028884879772451688,False,0.028884879772451688,0.001223839846019703,2.0182039444315247e-05,0.023695009350468484,1.218176254167069,1.218176254167069,treatment,ols
2026-02-26,cv_1,close_to_sma_20,-0.009951890755638404,False,-0.009951890755638404,0.005775578355408095,0.0019259131896999088,0.034618471271405604,-0.3431059636405499,0.3431059636405499,treatment,ols
2026-02-27,cv_1,close_to_sma_20,-0.04727594260060064,False,-0.04727594260060064,0.005775578355408095,0.0019259131896999088,0.034618471271405604,-1.4212602111907995,1.4212602111907995,treatment,ols
2026-03-02,cv_1,close_to_sma_20,-0.016545428576992594,False,-0.016545428576992594,0.005775578355408095,0.0019259131896999088,0.034618471271405604,-0.5335689615488476,0.5335689615488476,treatment,ols
2026-03-03,cv_1,close_to_sma_20,-0.028185570765533297,False,-0.028185570765533297,0.005775578355408095,0.0019259131896999088,0.034618471271405604,-0.8698097532719444,0.8698097532719444,treatment,ols
2026-03-04,cv_1,close_to_sma_20,-0.01276654432539881,False,-0.01276654432539881,0.005775578355408095,0.0019259131896999088,0.034618471271405604,-0.42441092790930063,0.42441092790930063,treatment,ols
2026-03-05,cv_1,close_to_sma_20,-0.013582493326996459,False,-0.013582493326996459,0.005775578355408095,0.0019259131896999088,0.034618471271405604,-0.4479806862386238,0.4479806862386238,treatment,ols
2026-03-06,cv_1,close_to_sma_20,-0.04480782799735816,False,-0.04480782799735816,0.005775578355408095,0.0019259131896999088,0.034618471271405604,-1.3499654800083423,1.3499654800083423,treatment,ols
2026-03-09,cv_1,close_to_sma_20,-0.01813483465443988,False,-0.01813483465443988,0.005775578355408095,0.0019259131896999088,0.034618471271405604,-0.5794810431363473,0.5794810431363473,treatment,ols
2026-03-10,cv_1,close_to_sma_20,-0.005329433547396678,False,-0.005329433547396678,0.005775578355408095,0.0019259131896999088,0.034618471271405604,-0.20958021745718758,0.20958021745718758,treatment,ols
2026-03-11,cv_1,close_to_sma_20,0.002130523458551581,False,0.002130523458551581,0.005775578355408095,0.0019259131896999088,0.034618471271405604,0.0059104362884064565,0.0059104362884064565,treatment,ols
2026-03-12,cv_1,close_to_sma_20,-0.011598101074668743,False,-0.011598101074668743,0.005775578355408095,0.0019259131896999088,0.034618471271405604,-0.3906589103355152,0.3906589103355152,treatment,ols
2026-03-13,cv_1,close_to_sma_20,-0.025435984642449894,False,-0.025435984642449894,0.005775578355408095,0.0019259131896999088,0.034618471271405604,-0.7903843476401676,0.7903843476401676,treatment,ols
2026-03-16,cv_1,close_to_sma_20,-0.009487762018093648,False,-0.009487762018093648,0.005775578355408095,0.0019259131896999088,0.034618471271405604,-0.32969899561166066,0.32969899561166066,treatment,ols
2026-03-17,cv_1,close_to_sma_20,-0.01565285112599768,False,-0.01565285112599768,0.005775578355408095,0.0019259131896999088,0.034618471271405604,-0.5077856898382863,0.5077856898382863,treatment,ols
2026-03-18,cv_1,close_to_sma_20,-0.021925384377326718,False,-0.021925384377326718,0.005775578355408095,0.0019259131896999088,0.034618471271405604,-0.6889760492320607,0.6889760492320607,treatment,ols
2026-03-19,cv_1,close_to_sma_20,-0.029443909377786515,False,-0.029443909377786515,0.005775578355408095,0.0019259131896999088,0.034618471271405604,-0.906158516404434,0.906158516404434,treatment,ols
2026-03-20,cv_1,close_to_sma_20,-0.056907739941857494,False,-0.056907739941857494,0.005775578355408095,0.0019259131896999088,0.034618471271405604,-1.699487324853458,1.699487324853458,treatment,ols
2026-03-23,cv_1,close_to_sma_20,-0.03666793515334099,False,-0.03666793515334099,0.005775578355408095,0.0019259131896999088,0.034618471271405604,-1.1148339867600943,1.1148339867600943,treatment,ols
2026-03-24,cv_1,close_to_sma_20,-0.03440750873744447,False,-0.03440750873744447,0.005775578355408095,0.0019259131896999088,0.034618471271405604,-1.049538601583349,1.049538601583349,treatment,ols
2026-03-25,cv_1,close_to_sma_20,-0.010625781998794825,False,-0.010625781998794825,0.005775578355408095,0.0019259131896999088,0.034618471271405604,-0.3625721970820319,0.3625721970820319,treatment,ols
2026-03-26,cv_1,close_to_sma_20,-0.04822511076905289,False,-0.04822511076905289,0.005775578355408095,0.0019259131896999088,0.034618471271405604,-1.4486781800840778,1.4486781800840778,treatment,ols
2026-03-27,cv_1,close_to_sma_20,-0.06639243881513224,False,-0.06639243881513224,0.005775578355408095,0.0019259131896999088,0.034618471271405604,-1.973465306114259,1.973465306114259,treatment,ols
2026-03-30,cv_1,close_to_sma_20,-0.07502765453925297,False,-0.07502765453925297,0.005775578355408095,0.0019259131896999088,0.034618471271405604,-2.2229048511600658,2.2229048511600658,treatment,ols
2026-03-31,cv_1,close_to_sma_20,-0.021790977713348147,False,-0.021790977713348147,0.005775578355408095,0.0019259131896999088,0.034618471271405604,-0.6850935362543837,0.6850935362543837,treatment,ols
2026-04-01,cv_1,close_to_sma_20,-0.012199261319563615,False,-0.012199261319563615,0.005775578355408095,0.0019259131896999088,0.034618471271405604,-0.40802421338953604,0.40802421338953604,treatment,ols
2026-02-26,cv_1,rolling_volatility_20,0.0276565899887898,False,0.0276565899887898,0.020491051623451398,0.0220291792560285,0.003998453894873429,1.4073966789954533,1.4073966789954533,treatment,ols
2026-02-27,cv_1,rolling_volatility_20,0.0290188801208111,False,0.0290188801208111,0.020491051623451398,0.0220291792560285,0.003998453894873429,1.7481009031376766,1.7481009031376766,treatment,ols
2026-03-02,cv_1,rolling_volatility_20,0.0299545755346953,False,0.0299545755346953,0.020491051623451398,0.0220291792560285,0.003998453894873429,1.9821152092883336,1.9821152092883336,treatment,ols
2026-03-03,cv_1,rolling_volatility_20,0.0294137554017679,False,0.0294137554017679,0.020491051623451398,0.0220291792560285,0.003998453894873429,1.8468578955499395,1.8468578955499395,treatment,ols
2026-03-04,cv_1,rolling_volatility_20,0.0289342945420005,False,0.0289342945420005,0.020491051623451398,0.0220291792560285,0.003998453894873429,1.7269463316371643,1.7269463316371643,treatment,ols
2026-03-05,cv_1,rolling_volatility_20,0.0277215425836363,False,0.0277215425836363,0.020491051623451398,0.0220291792560285,0.003998453894873429,1.4236411066052803,1.4236411066052803,treatment,ols
2026-03-06,cv_1,rolling_volatility_20,0.0284846923372723,False,0.0284846923372723,0.020491051623451398,0.0220291792560285,0.003998453894873429,1.6145023178885871,1.6145023178885871,treatment,ols
2026-03-09,cv_1,rolling_volatility_20,0.0229866330390899,False,0.0229866330390899,0.020491051623451398,0.0220291792560285,0.003998453894873429,0.23945600180334434,0.23945600180334434,treatment,ols
2026-03-10,cv_1,rolling_volatility_20,0.0223939511722012,False,0.0223939511722012,0.020491051623451398,0.0220291792560285,0.003998453894873429,0.09122824115600986,0.09122824115600986,treatment,ols
2026-03-11,cv_1,rolling_volatility_20,0.0224028963635755,False,0.0224028963635755,0.020491051623451398,0.0220291792560285,0.003998453894873429,0.09346540372171322,0.09346540372171322,treatment,ols
2026-03-12,cv_1,rolling_volatility_20,0.0225543079650108,False,0.0225543079650108,0.020491051623451398,0.0220291792560285,0.003998453894873429,0.13133294087887004,0.13133294087887004,treatment,ols
2026-03-13,cv_1,rolling_volatility_20,0.0225345690097148,False,0.0225345690097148,0.020491051623451398,0.0220291792560285,0.003998453894873429,0.1263962939110737,0.1263962939110737,treatment,ols
2026-03-16,cv_1,rolling_volatility_20,0.0223358553732382,False,0.0223358553732382,0.020491051623451398,0.0220291792560285,0.003998453894873429,0.07669867535621713,0.07669867535621713,treatment,ols
2026-03-17,cv_1,rolling_volatility_20,0.0222242204311207,False,0.0222242204311207,0.020491051623451398,0.0220291792560285,0.003998453894873429,0.048779148195824115,0.048779148195824115,treatment,ols
2026-03-18,cv_1,rolling_volatility_20,0.0219217812248288,False,0.0219217812248288,0.020491051623451398,0.0220291792560285,0.003998453894873429,-0.026859889853275493,0.026859889853275493,treatment,ols
2026-03-19,cv_1,rolling_volatility_20,0.0219977709222145,False,0.0219977709222145,0.020491051623451398,0.0220291792560285,0.003998453894873429,-0.007855119663695688,0.007855119663695688,treatment,ols
2026-03-20,cv_1,rolling_volatility_20,0.0227978033552245,False,0.0227978033552245,0.020491051623451398,0.0220291792560285,0.003998453894873429,0.19223032687246527,0.19223032687246527,treatment,ols
2026-03-23,cv_1,rolling_volatility_20,0.0231122055082049,False,0.0231122055082049,0.020491051623451398,0.0220291792560285,0.003998453894873429,0.27086125803901057,0.27086125803901057,treatment,ols
2026-03-24,cv_1,rolling_volatility_20,0.0229754808433268,False,0.0229754808433268,0.020491051623451398,0.0220291792560285,0.003998453894873429,0.23666687479167633,0.23666687479167633,treatment,ols
2026-03-25,cv_1,rolling_volatility_20,0.0232578841466805,False,0.0232578841466805,0.020491051623451398,0.0220291792560285,0.003998453894873429,0.3072950002568169,0.3072950002568169,treatment,ols
2026-03-26,cv_1,rolling_volatility_20,0.0219278969394713,False,0.0219278969394713,0.020491051623451398,0.0220291792560285,0.003998453894873429,-0.025330369993025608,0.025330369993025608,treatment,ols
2026-03-27,cv_1,rolling_volatility_20,0.0205154839397399,False,0.0205154839397399,0.020491051623451398,0.0220291792560285,0.003998453894873429,-0.37857015638703884,0.37857015638703884,treatment,ols
2026-03-30,cv_1,rolling_volatility_20,0.0191637146393753,False,0.0191637146393753,0.020491051623451398,0.0220291792560285,0.003998453894873429,-0.7166431555774898,0.7166431555774898,treatment,ols
2026-03-31,cv_1,rolling_volatility_20,0.0233366566005746,False,0.0233366566005746,0.020491051623451398,0.0220291792560285,0.003998453894873429,0.3269957285796063,0.3269957285796063,treatment,ols
2026-04-01,cv_1,rolling_volatility_20,0.0230604813682612,False,0.0230604813682612,0.020491051623451398,0.0220291792560285,0.003998453894873429,0.2579252229355382,0.2579252229355382,treatment,ols
2026-02-26,cv_1,simple_return,-0.0545612512893816,False,-0.0545612512893816,-0.0011109090129327,0.00028598184748099075,0.022691677285319588,-2.4170638621035776,2.4170638621035776,treatment,ridge
2026-02-27,cv_1,simple_return,-0.0416463679683114,False,-0.0416463679683114,-0.0011109090129327,0.00028598184748099075,0.022691677285319588,-1.8479175994152086,1.8479175994152086,treatment,ridge
2026-03-02,cv_1,simple_return,0.0298549196526034,False,0.0298549196526034,-0.0011109090129327,0.00028598184748099075,0.022691677285319588,1.3030741374174255,1.3030741374174255,treatment,ridge
2026-03-03,cv_1,simple_return,-0.013316488013346,False,-0.013316488013346,-0.0011109090129327,0.00028598184748099075,0.022691677285319588,-0.5994475282630221,0.5994475282630221,treatment,ridge
2026-03-04,cv_1,simple_return,0.0166064436750688,False,0.0166064436750688,-0.0011109090129327,0.00028598184748099075,0.022691677285319588,0.7192267729872202,0.7192267729872202,treatment,ridge
2026-03-05,cv_1,simple_return,0.0016390027467323,False,0.0016390027467323,-0.0011109090129327,0.00028598184748099075,0.022691677285319588,0.05962630625487733,0.05962630625487733,treatment,ridge
2026-03-06,cv_1,simple_return,-0.0301079367510115,False,-0.0301079367510115,-0.0011109090129327,0.00028598184748099075,0.022691677285319588,-1.3394302332228158,1.3394302332228158,treatment,ridge
2026-03-09,cv_1,simple_return,0.0271622223221437,False,0.0271622223221437,-0.0011109090129327,0.00028598184748099075,0.022691677285319588,1.1844096025484345,1.1844096025484345,treatment,ridge
2026-03-10,cv_1,simple_return,0.0116069556354763,False,0.0116069556354763,-0.0011109090129327,0.00028598184748099075,0.022691677285319588,0.4989042302007102,0.4989042302007102,treatment,ridge
2026-03-11,cv_1,simple_return,0.0068192589581692,False,0.0068192589581692,-0.0011109090129327,0.00028598184748099075,0.022691677285319588,0.28791512538012876,0.28791512538012876,treatment,ridge
2026-03-12,cv_1,simple_return,-0.0155351255636844,False,-0.0155351255636844,-0.0011109090129327,0.00028598184748099075,0.022691677285319588,-0.6972207127853381,0.6972207127853381,treatment,ridge
2026-03-13,cv_1,simple_return,-0.0157802741033087,False,-0.0157802741033087,-0.0011109090129327,0.00028598184748099075,0.022691677285319588,-0.7080241688957817,0.7080241688957817,treatment,ridge
2026-03-16,cv_1,simple_return,0.0164771218901698,False,0.0164771218901698,-0.0011109090129327,0.00028598184748099075,0.022691677285319588,0.7135276885487742,0.7135276885487742,treatment,ridge
2026-03-17,cv_1,simple_return,-0.0070407626696168,False,-0.0070407626696168,-0.0011109090129327,0.00028598184748099075,0.022691677285319588,-0.32288245707768104,0.32288245707768104,treatment,ridge
2026-03-18,cv_1,simple_return,-0.0084098215846326,False,-0.0084098215846326,-0.0011109090129327,0.00028598184748099075,0.022691677285319588,-0.3832155429840946,0.3832155429840946,treatment,ridge
2026-03-19,cv_1,simple_return,-0.0101995365861623,False,-0.0101995365861623,-0.0011109090129327,0.00028598184748099075,0.022691677285319588,-0.46208653074873896,0.46208653074873896,treatment,ridge
2026-03-20,cv_1,simple_return,-0.0328181042253241,False,-0.0328181042253241,-0.0011109090129327,0.00028598184748099075,0.022691677285319588,-1.4588646602259687,1.4588646602259687,treatment,ridge
2026-03-23,cv_1,simple_return,0.0170237550281333,False,0.0170237550281333,-0.0011109090129327,0.00028598184748099075,0.022691677285319588,0.7376172757172443,0.7376172757172443,treatment,ridge
2026-03-24,cv_1,simple_return,-0.0025051380262768,False,-0.0025051380262768,-0.0011109090129327,0.00028598184748099075,0.022691677285319588,-0.12300191998427147,0.12300191998427147,treatment,ridge
2026-03-25,cv_1,simple_return,0.0198629896584252,False,0.0198629896584252,-0.0011109090129327,0.00028598184748099075,0.022691677285319588,0.8627395659116651,0.8627395659116651,treatment,ridge
2026-03-26,cv_1,simple_return,-0.0416386136533887,False,-0.0416386136533887,-0.0011109090129327,0.00028598184748099075,0.022691677285319588,-1.8475758743490007,1.8475758743490007,treatment,ridge
2026-03-27,cv_1,simple_return,-0.0217239027176486,False,-0.0217239027176486,-0.0011109090129327,0.00028598184748099075,0.022691677285319588,-0.9699540623807882,0.9699540623807882,treatment,ridge
2026-03-30,cv_1,simple_return,-0.0140282118169808,False,-0.0140282118169808,-0.0011109090129327,0.00028598184748099075,0.022691677285319588,-0.6308124994234066,0.6308124994234066,treatment,ridge
2026-03-31,cv_1,simple_return,0.0558817934846622,False,0.0558817934846622,-0.0011109090129327,0.00028598184748099075,0.022691677285319588,2.450052983661503,2.450052983661503,treatment,ridge
2026-04-01,cv_1,simple_return,0.0077408609562046,False,0.0077408609562046,-0.0011109090129327,0.00028598184748099075,0.022691677285319588,0.3285292230709871,0.3285292230709871,treatment,ridge
2026-02-26,cv_1,log_return,-0.0561061748851635,False,-0.0561061748851635,-0.0011115265297292,2.9508116299229933e-05,0.022629184996429432,-2.4806763040878472,2.4806763040878472,treatment,ridge
2026-02-27,cv_1,log_return,-0.0425384333926578,False,-0.0425384333926578,-0.0011115265297292,2.9508116299229933e-05,0.022629184996429432,-1.88110802557289,1.88110802557289,treatment,ridge
2026-03-02,cv_1,log_return,0.0294179376143784,False,0.0294179376143784,-0.0011115265297292,2.9508116299229933e-05,0.022629184996429432,1.2986958877536354,1.2986958877536354,treatment,ridge
2026-03-03,cv_1,log_return,-0.0134059475184354,False,-0.0134059475184354,-0.0011115265297292,2.9508116299229933e-05,0.022629184996429432,-0.5937224710856602,0.5937224710856602,treatment,ridge
2026-03-04,cv_1,log_return,0.0164700644672649,False,0.0164700644672649,-0.0011115265297292,2.9508116299229933e-05,0.022629184996429432,0.726520038329253,0.726520038329253,treatment,ridge
2026-03-05,cv_1,log_return,0.0016376610475628,False,0.0016376610475628,-0.0011115265297292,2.9508116299229933e-05,0.022629184996429432,0.07106543746570254,0.07106543746570254,treatment,ridge
2026-03-06,cv_1,log_return,-0.0305704886772736,False,-0.0305704886772736,-0.0011115265297292,2.9508116299229933e-05,0.022629184996429432,-1.352235920047544,1.352235920047544,treatment,ridge
2026-03-09,cv_1,log_return,0.0267998759428952,False,0.0267998759428952,-0.0011115265297292,2.9508116299229933e-05,0.022629184996429432,1.183001854941747,1.183001854941747,treatment,ridge
2026-03-10,cv_1,log_return,0.0115401116653568,False,0.0115401116653568,-0.0011115265297292,2.9508116299229933e-05,0.022629184996429432,0.5086618696552165,0.5086618696552165,treatment,ridge
2026-03-11,cv_1,log_return,0.0067961129778422,False,0.0067961129778422,-0.0011115265297292,2.9508116299229933e-05,0.022629184996429432,0.2990211473639305,0.2990211473639305,treatment,ridge
2026-03-12,cv_1,log_return,-0.0156570601211533,False,-0.0156570601211533,-0.0011115265297292,2.9508116299229933e-05,0.022629184996429432,-0.6932007599888219,0.6932007599888219,treatment,ridge
2026-03-13,cv_1,log_return,-0.0159061081818228,False,-0.0159061081818228,-0.0011115265297292,2.9508116299229933e-05,0.022629184996429432,-0.7042063733464746,0.7042063733464746,treatment,ridge
2026-03-16,cv_1,log_return,0.0163428470845033,False,0.0163428470845033,-0.0011115265297292,2.9508116299229933e-05,0.022629184996429432,0.7208982104648526,0.7208982104648526,treatment,ridge
2026-03-17,cv_1,log_return,-0.0070656657992947,False,-0.0070656657992947,-0.0011115265297292,2.9508116299229933e-05,0.022629184996429432,-0.3135408507515162,0.3135408507515162,treatment,ridge
2026-03-18,cv_1,log_return,-0.0084453836549795,False,-0.0084453836549795,-0.0011115265297292,2.9508116299229933e-05,0.022629184996429432,-0.3745115775321095,0.3745115775321095,treatment,ridge
2026-03-19,cv_1,log_return,-0.0102519082750917,False,-0.0102519082750917,-0.0011115265297292,2.9508116299229933e-05,0.022629184996429432,-0.45434320294845765,0.45434320294845765,treatment,ridge
2026-03-20,cv_1,log_return,-0.0333686980384248,False,-0.0333686980384248,-0.0011115265297292,2.9508116299229933e-05,0.022629184996429432,-1.4758908091472938,1.4758908091472938,treatment,ridge
2026-03-23,cv_1,log_return,0.016880474736731,False,0.016880474736731,-0.0011115265297292,2.9508116299229933e-05,0.022629184996429432,0.744656364031255,0.744656364031255,treatment,ridge
2026-03-24,cv_1,log_return,-0.0025082811349201,False,-0.0025082811349201,-0.0011115265297292,2.9508116299229933e-05,0.022629184996429432,-0.11214673668626411,0.11214673668626411,treatment,ridge
2026-03-25,cv_1,log_return,0.0196682944096325,False,0.0196682944096325,-0.0011115265297292,2.9508116299229933e-05,0.022629184996429432,0.8678521253165767,0.8678521253165767,treatment,ridge
2026-03-26,cv_1,log_return,-0.0425303421377259,False,-0.0425303421377259,-0.0011115265297292,2.9508116299229933e-05,0.022629184996429432,-1.8807504671838813,1.8807504671838813,treatment,ridge
2026-03-27,cv_1,log_return,-0.0219633407290778,False,-0.0219633407290778,-0.0011115265297292,2.9508116299229933e-05,0.022629184996429432,-0.9718798467044744,0.9718798467044744,treatment,ridge
2026-03-30,cv_1,log_return,-0.014127537179291,False,-0.014127537179291,-0.0011115265297292,2.9508116299229933e-05,0.022629184996429432,-0.6256100384447788,0.6256100384447788,treatment,ridge
2026-03-31,cv_1,log_return,0.0543762410305363,False,0.0543762410305363,-0.0011115265297292,2.9508116299229933e-05,0.022629184996429432,2.401621309950501,2.401621309950501,treatment,ridge
2026-04-01,cv_1,log_return,0.0077110542131182,False,0.0077110542131182,-0.0011115265297292,2.9508116299229933e-05,0.022629184996429432,0.3394530601977495,0.3394530601977495,treatment,ridge
2026-02-26,cv_1,intraday_return,-0.0482833411052853,False,-0.0482833411052853,-0.0034331215146040997,-0.0031551391481495633,0.01930817729048011,-2.3372585241065806,2.3372585241065806,treatment,ridge
2026-02-27,cv_1,intraday_return,-0.0223999865301723,False,-0.0223999865301723,-0.0034331215146040997,-0.0031551391481495633,0.01930817729048011,-0.996720047288534,0.996720047288534,treatment,ridge
2026-03-02,cv_1,intraday_return,0.0426832835561932,False,0.0426832835561932,-0.0034331215146040997,-0.0031551391481495633,0.01930817729048011,2.3740419416463188,2.3740419416463188,treatment,ridge
2026-03-03,cv_1,intraday_return,0.0087399714862661,False,0.0087399714862661,-0.0034331215146040997,-0.0031551391481495633,0.01930817729048011,0.6160659525475013,0.6160659525475013,treatment,ridge
2026-03-04,cv_1,intraday_return,0.0144091709684543,False,0.0144091709684543,-0.0034331215146040997,-0.0031551391481495633,0.01930817729048011,0.9096824548666197,0.9096824548666197,treatment,ridge
2026-03-05,cv_1,intraday_return,0.0119776905165156,False,0.0119776905165156,-0.0034331215146040997,-0.0031551391481495633,0.01930817729048011,0.7837523675591274,0.7837523675591274,treatment,ridge
2026-03-06,cv_1,intraday_return,-0.0112321455449578,False,-0.0112321455449578,-0.0034331215146040997,-0.0031551391481495633,0.01930817729048011,-0.418320500961559,0.418320500961559,treatment,ridge
2026-03-09,cv_1,intraday_return,0.0329129220447002,False,0.0329129220447002,-0.0034331215146040997,-0.0031551391481495633,0.01930817729048011,1.868019992266857,1.868019992266857,treatment,ridge
2026-03-10,cv_1,intraday_return,0.0129934783732588,False,0.0129934783732588,-0.0034331215146040997,-0.0031551391481495633,0.01930817729048011,0.8363615725328166,0.8363615725328166,treatment,ridge
2026-03-11,cv_1,intraday_return,0.0006454473391632,False,0.0006454473391632,-0.0034331215146040997,-0.0031551391481495633,0.01930817729048011,0.19683818053538596,0.19683818053538596,treatment,ridge
2026-03-12,cv_1,intraday_return,-0.0049443284271691,False,-0.0049443284271691,-0.0034331215146040997,-0.0031551391481495633,0.01930817729048011,-0.09266484619973402,0.09266484619973402,treatment,ridge
2026-03-13,cv_1,intraday_return,-0.0252541543109834,False,-0.0252541543109834,-0.0034331215146040997,-0.0031551391481495633,0.01930817729048011,-1.1445417571201684,1.1445417571201684,treatment,ridge
2026-03-16,cv_1,intraday_return,0.0013663442003175,False,0.0013663442003175,-0.0034331215146040997,-0.0031551391481495633,0.01930817729048011,0.23417453032691898,0.23417453032691898,treatment,ridge
2026-03-17,cv_1,intraday_return,-0.0169134600891878,False,-0.0169134600891878,-0.0034331215146040997,-0.0031551391481495633,0.01930817729048011,-0.7125644608526447,0.7125644608526447,treatment,ridge
2026-03-18,cv_1,intraday_return,-0.0113985197268432,False,-0.0113985197268432,-0.0034331215146040997,-0.0031551391481495633,0.01930817729048011,-0.42693727402006154,0.42693727402006154,treatment,ridge
2026-03-19,cv_1,intraday_return,0.0030897313000965,False,0.0030897313000965,-0.0034331215146040997,-0.0031551391481495633,0.01930817729048011,0.32343138113430797,0.32343138113430797,treatment,ridge
2026-03-20,cv_1,intraday_return,-0.0297752980435832,False,-0.0297752980435832,-0.0034331215146040997,-0.0031551391481495633,0.01930817729048011,-1.3786986982224727,1.3786986982224727,treatment,ridge
2026-03-23,cv_1,intraday_return,-0.0091390904174095,False,-0.0091390904174095,-0.0034331215146040997,-0.0031551391481495633,0.01930817729048011,-0.30991797823455464,0.30991797823455464,treatment,ridge
2026-03-24,cv_1,intraday_return,0.0021163136378905,False,0.0021163136378905,-0.0034331215146040997,-0.0031551391481495633,0.01930817729048011,0.2730165932668927,0.2730165932668927,treatment,ridge
2026-03-25,cv_1,intraday_return,0.008921437141804,False,0.008921437141804,-0.0034331215146040997,-0.0031551391481495633,0.01930817729048011,0.6254643360825112,0.6254643360825112,treatment,ridge
2026-03-26,cv_1,intraday_return,-0.0274322805141969,False,-0.0274322805141969,-0.0034331215146040997,-0.0031551391481495633,0.01930817729048011,-1.2573502408234656,1.2573502408234656,treatment,ridge
2026-03-27,cv_1,intraday_return,-0.0145882101619945,False,-0.0145882101619945,-0.0034331215146040997,-0.0031551391481495633,0.01930817729048011,-0.5921362147157209,0.5921362147157209,treatment,ridge
2026-03-30,cv_1,intraday_return,-0.0213887939119619,False,-0.0213887939119619,-0.0034331215146040997,-0.0031551391481495633,0.01930817729048011,-0.9443488367388482,0.9443488367388482,treatment,ridge
2026-03-31,cv_1,intraday_return,0.0444989676077212,False,0.0444989676077212,-0.0034331215146040997,-0.0031551391481495633,0.01930817729048011,2.468078992591735,2.468078992591735,treatment,ridge
2026-04-01,cv_1,intraday_return,-0.0014204545454545,False,-0.0014204545454545,-0.0034331215146040997,-0.0031551391481495633,0.01930817729048011,0.08984196574320606,0.08984196574320606,treatment,ridge
2026-02-26,cv_1,daily_range,0.0539238790352457,False,0.0539238790352457,0.02567096643920575,0.02965174908094993,0.01438011773598153,1.687895078463977,1.687895078463977,treatment,ridge
2026-02-27,cv_1,daily_range,0.0350470758480388,False,0.0350470758480388,0.02567096643920575,0.02965174908094993,0.01438011773598153,0.37519350440287685,0.37519350440287685,treatment,ridge
2026-03-02,cv_1,daily_range,0.0483341052757799,False,0.0483341052757799,0.02567096643920575,0.02965174908094993,0.01438011773598153,1.299179640795534,1.299179640795534,treatment,ridge
2026-03-03,cv_1,daily_range,0.0221049467374626,False,0.0221049467374626,0.02567096643920575,0.02965174908094993,0.01438011773598153,-0.5248081053330967,0.5248081053330967,treatment,ridge
2026-03-04,cv_1,daily_range,0.0253496479449443,False,0.0253496479449443,0.02567096643920575,0.02965174908094993,0.01438011773598153,-0.2991700913018975,0.2991700913018975,treatment,ridge
2026-03-05,cv_1,daily_range,0.0337078258930018,False,0.0337078258930018,0.02567096643920575,0.02965174908094993,0.01438011773598153,0.2820614466808481,0.2820614466808481,treatment,ridge
2026-03-06,cv_1,daily_range,0.0334044929589213,False,0.0334044929589213,0.02567096643920575,0.02965174908094993,0.01438011773598153,0.2609675349584487,0.2609675349584487,treatment,ridge
2026-03-09,cv_1,daily_range,0.0402409326533082,False,0.0402409326533082,0.02567096643920575,0.02965174908094993,0.01438011773598153,0.736376695015668,0.736376695015668,treatment,ridge
2026-03-10,cv_1,daily_range,0.0239757960282222,False,0.0239757960282222,0.02567096643920575,0.02965174908094993,0.01438011773598153,-0.39470838535108216,0.39470838535108216,treatment,ridge
2026-03-11,cv_1,daily_range,0.0170402525923044,False,0.0170402525923044,0.02567096643920575,0.02965174908094993,0.01438011773598153,-0.8770092651668209,0.8770092651668209,treatment,ridge
2026-03-12,cv_1,daily_range,0.017418381850156,False,0.017418381850156,0.02567096643920575,0.02965174908094993,0.01438011773598153,-0.8507139826945879,0.8507139826945879,treatment,ridge
2026-03-13,cv_1,daily_range,0.0341192449180826,False,0.0341192449180826,0.02567096643920575,0.02965174908094993,0.01438011773598153,0.31067171487436646,0.31067171487436646,treatment,ridge
2026-03-16,cv_1,daily_range,0.0407706646159495,False,0.0407706646159495,0.02567096643920575,0.02965174908094993,0.01438011773598153,0.7732144992928763,0.7732144992928763,treatment,ridge
2026-03-17,cv_1,daily_range,0.0204474323666499,False,0.0204474323666499,0.02567096643920575,0.02965174908094993,0.01438011773598153,-0.6400724168807912,0.6400724168807912,treatment,ridge
2026-03-18,cv_1,daily_range,0.016906891102823,False,0.016906891102823,0.02567096643920575,0.02965174908094993,0.01438011773598153,-0.8862832844711069,0.8862832844711069,treatment,ridge
2026-03-19,cv_1,daily_range,0.0234655157857028,False,0.0234655157857028,0.02567096643920575,0.02965174908094993,0.01438011773598153,-0.43019350806621753,0.43019350806621753,treatment,ridge
2026-03-20,cv_1,daily_range,0.0378690990254784,False,0.0378690990254784,0.02567096643920575,0.02965174908094993,0.01438011773598153,0.5714382938581405,0.5714382938581405,treatment,ridge
2026-03-23,cv_1,daily_range,0.0205534082378522,False,0.0205534082378522,0.02567096643920575,0.02965174908094993,0.01438011773598153,-0.6327028060648012,0.6327028060648012,treatment,ridge
2026-03-24,cv_1,daily_range,0.0127854197042355,False,0.0127854197042355,0.02567096643920575,0.02965174908094993,0.01438011773598153,-1.1728923007710828,1.1728923007710828,treatment,ridge
2026-03-25,cv_1,daily_range,0.0244571037402992,False,0.0244571037402992,0.02567096643920575,0.02965174908094993,0.01438011773598153,-0.3612380257258138,0.3612380257258138,treatment,ridge
2026-03-26,cv_1,daily_range,0.0313594659245784,False,0.0313594659245784,0.02567096643920575,0.02965174908094993,0.01438011773598153,0.11875541459271036,0.11875541459271036,treatment,ridge
2026-03-27,cv_1,daily_range,0.0236390079564854,False,0.0236390079564854,0.02567096643920575,0.02965174908094993,0.01438011773598153,-0.418128782730312,0.418128782730312,treatment,ridge
2026-03-30,cv_1,daily_range,0.0313615834183327,False,0.0313615834183327,0.02567096643920575,0.02965174908094993,0.01438011773598153,0.11890266608210526,0.11890266608210526,treatment,ridge
2026-03-31,cv_1,daily_range,0.0439219533910472,False,0.0439219533910472,0.02567096643920575,0.02965174908094993,0.01438011773598153,0.9923565698207577,0.9923565698207577,treatment,ridge
2026-04-01,cv_1,daily_range,0.0149075113353485,False,0.0149075113353485,0.02567096643920575,0.02965174908094993,0.01438011773598153,-1.0253210729081033,1.0253210729081033,treatment,ridge
2026-02-26,cv_1,close_to_sma_5,-0.03165493422275567,False,-0.03165493422275567,0.001223839846019703,2.0182039444315247e-05,0.023695009350468484,-1.336784290468057,1.336784290468057,treatment,ridge
2026-02-27,cv_1,close_to_sma_5,-0.059540991708544766,False,-0.059540991708544766,0.001223839846019703,2.0182039444315247e-05,0.023695009350468484,-2.5136590100907252,2.5136590100907252,treatment,ridge
2026-03-02,cv_1,close_to_sma_5,-0.02204789281123065,False,-0.02204789281123065,0.001223839846019703,2.0182039444315247e-05,0.023695009350468484,-0.9313385162364856,0.9313385162364856,treatment,ridge
2026-03-03,cv_1,close_to_sma_5,-0.021648155177624973,False,-0.021648155177624973,0.001223839846019703,2.0182039444315247e-05,0.023695009350468484,-0.9144683969766348,0.9144683969766348,treatment,ridge
2026-03-04,cv_1,close_to_sma_5,0.0083181541177213,False,0.0083181541177213,0.001223839846019703,2.0182039444315247e-05,0.023695009350468484,0.3501991476577713,0.3501991476577713,treatment,ridge
2026-03-05,cv_1,close_to_sma_5,0.011698478039763538,False,0.011698478039763538,0.001223839846019703,2.0182039444315247e-05,0.023695009350468484,0.49285888971756525,0.49285888971756525,treatment,ridge
2026-03-06,cv_1,close_to_sma_5,-0.019443449747462704,False,-0.019443449747462704,0.001223839846019703,2.0182039444315247e-05,0.023695009350468484,-0.8214232583336034,0.8214232583336034,treatment,ridge
2026-03-09,cv_1,close_to_sma_5,0.0070018476443638455,False,0.0070018476443638455,0.001223839846019703,2.0182039444315247e-05,0.023695009350468484,0.2946470922064225,0.2946470922064225,treatment,ridge
2026-03-10,cv_1,close_to_sma_5,0.013415706446352038,False,0.013415706446352038,0.001223839846019703,2.0182039444315247e-05,0.023695009350468484,0.5653310454018823,0.5653310454018823,treatment,ridge
2026-03-11,cv_1,close_to_sma_5,0.01699084120637484,False,0.01699084120637484,0.001223839846019703,2.0182039444315247e-05,0.023695009350468484,0.716212385313745,0.716212385313745,treatment,ridge
2026-03-12,cv_1,close_to_sma_5,0.0014107383788086736,False,0.0014107383788086736,0.001223839846019703,2.0182039444315247e-05,0.023695009350468484,0.058685621043524296,0.058685621043524296,treatment,ridge
2026-03-13,cv_1,close_to_sma_5,-0.01700405348824363,False,-0.01700405348824363,0.001223839846019703,2.0182039444315247e-05,0.023695009350468484,-0.7184734673823353,0.7184734673823353,treatment,ridge
2026-03-16,cv_1,close_to_sma_5,-0.0014279303183577507,False,-0.0014279303183577507,0.001223839846019703,2.0182039444315247e-05,0.023695009350468484,-0.06111465652464217,0.06111465652464217,treatment,ridge
2026-03-17,cv_1,close_to_sma_5,-0.005379608700491367,False,-0.005379608700491367,0.001223839846019703,2.0182039444315247e-05,0.023695009350468484,-0.22788725929871478,0.22788725929871478,treatment,ridge
2026-03-18,cv_1,close_to_sma_5,-0.007635287035513305,False,-0.007635287035513305,0.001223839846019703,2.0182039444315247e-05,0.023695009350468484,-0.32308360641378103,0.32308360641378103,treatment,ridge
2026-03-19,cv_1,close_to_sma_5,-0.012782517742754629,False,-0.012782517742754629,0.001223839846019703,2.0182039444315247e-05,0.023695009350468484,-0.5403120797648394,0.5403120797648394,treatment,ridge
2026-03-20,cv_1,close_to_sma_5,-0.03714275957675306,False,-0.03714275957675306,0.001223839846019703,2.0182039444315247e-05,0.023695009350468484,-1.5683868728020829,1.5683868728020829,treatment,ridge
2026-03-23,cv_1,close_to_sma_5,-0.012403971708976114,False,-0.012403971708976114,0.001223839846019703,2.0182039444315247e-05,0.023695009350468484,-0.524336309163549,0.524336309163549,treatment,ridge
2026-03-24,cv_1,close_to_sma_5,-0.00736543922083599,False,-0.00736543922083599,0.001223839846019703,2.0182039444315247e-05,0.023695009350468484,-0.3116952245530252,0.3116952245530252,treatment,ridge
2026-03-25,cv_1,close_to_sma_5,0.014328186487567507,False,0.014328186487567507,0.001223839846019703,2.0182039444315247e-05,0.023695009350468484,0.6038404221115153,0.6038404221115153,treatment,ridge
2026-03-26,cv_1,close_to_sma_5,-0.01976045171857832,False,-0.01976045171857832,0.001223839846019703,2.0182039444315247e-05,0.023695009350468484,-0.8348016861040634,0.8348016861040634,treatment,ridge
2026-03-27,cv_1,close_to_sma_5,-0.03533419802382265,False,-0.03533419802382265,0.001223839846019703,2.0182039444315247e-05,0.023695009350468484,-1.4920601861913998,1.4920601861913998,treatment,ridge
2026-03-30,cv_1,close_to_sma_5,-0.03725767571470173,False,-0.03725767571470173,0.001223839846019703,2.0182039444315247e-05,0.023695009350468484,-1.5732366762458785,1.5732366762458785,treatment,ridge
2026-03-31,cv_1,close_to_sma_5,0.017491015357658624,False,0.017491015357658624,0.001223839846019703,2.0182039444315247e-05,0.023695009350468484,0.7373212248961989,0.7373212248961989,treatment,ridge
2026-04-01,cv_1,close_to_sma_5,0.028884879772451688,False,0.028884879772451688,0.001223839846019703,2.0182039444315247e-05,0.023695009350468484,1.218176254167069,1.218176254167069,treatment,ridge
2026-02-26,cv_1,close_to_sma_20,-0.009951890755638404,False,-0.009951890755638404,0.005775578355408095,0.0019259131896999088,0.034618471271405604,-0.3431059636405499,0.3431059636405499,treatment,ridge
2026-02-27,cv_1,close_to_sma_20,-0.04727594260060064,False,-0.04727594260060064,0.005775578355408095,0.0019259131896999088,0.034618471271405604,-1.4212602111907995,1.4212602111907995,treatment,ridge
2026-03-02,cv_1,close_to_sma_20,-0.016545428576992594,False,-0.016545428576992594,0.005775578355408095,0.0019259131896999088,0.034618471271405604,-0.5335689615488476,0.5335689615488476,treatment,ridge
2026-03-03,cv_1,close_to_sma_20,-0.028185570765533297,False,-0.028185570765533297,0.005775578355408095,0.0019259131896999088,0.034618471271405604,-0.8698097532719444,0.8698097532719444,treatment,ridge
2026-03-04,cv_1,close_to_sma_20,-0.01276654432539881,False,-0.01276654432539881,0.005775578355408095,0.0019259131896999088,0.034618471271405604,-0.42441092790930063,0.42441092790930063,treatment,ridge
2026-03-05,cv_1,close_to_sma_20,-0.013582493326996459,False,-0.013582493326996459,0.005775578355408095,0.0019259131896999088,0.034618471271405604,-0.4479806862386238,0.4479806862386238,treatment,ridge
2026-03-06,cv_1,close_to_sma_20,-0.04480782799735816,False,-0.04480782799735816,0.005775578355408095,0.0019259131896999088,0.034618471271405604,-1.3499654800083423,1.3499654800083423,treatment,ridge
2026-03-09,cv_1,close_to_sma_20,-0.01813483465443988,False,-0.01813483465443988,0.005775578355408095,0.0019259131896999088,0.034618471271405604,-0.5794810431363473,0.5794810431363473,treatment,ridge
2026-03-10,cv_1,close_to_sma_20,-0.005329433547396678,False,-0.005329433547396678,0.005775578355408095,0.0019259131896999088,0.034618471271405604,-0.20958021745718758,0.20958021745718758,treatment,ridge
2026-03-11,cv_1,close_to_sma_20,0.002130523458551581,False,0.002130523458551581,0.005775578355408095,0.0019259131896999088,0.034618471271405604,0.0059104362884064565,0.0059104362884064565,treatment,ridge
2026-03-12,cv_1,close_to_sma_20,-0.011598101074668743,False,-0.011598101074668743,0.005775578355408095,0.0019259131896999088,0.034618471271405604,-0.3906589103355152,0.3906589103355152,treatment,ridge
2026-03-13,cv_1,close_to_sma_20,-0.025435984642449894,False,-0.025435984642449894,0.005775578355408095,0.0019259131896999088,0.034618471271405604,-0.7903843476401676,0.7903843476401676,treatment,ridge
2026-03-16,cv_1,close_to_sma_20,-0.009487762018093648,False,-0.009487762018093648,0.005775578355408095,0.0019259131896999088,0.034618471271405604,-0.32969899561166066,0.32969899561166066,treatment,ridge
2026-03-17,cv_1,close_to_sma_20,-0.01565285112599768,False,-0.01565285112599768,0.005775578355408095,0.0019259131896999088,0.034618471271405604,-0.5077856898382863,0.5077856898382863,treatment,ridge
2026-03-18,cv_1,close_to_sma_20,-0.021925384377326718,False,-0.021925384377326718,0.005775578355408095,0.0019259131896999088,0.034618471271405604,-0.6889760492320607,0.6889760492320607,treatment,ridge
2026-03-19,cv_1,close_to_sma_20,-0.029443909377786515,False,-0.029443909377786515,0.005775578355408095,0.0019259131896999088,0.034618471271405604,-0.906158516404434,0.906158516404434,treatment,ridge
2026-03-20,cv_1,close_to_sma_20,-0.056907739941857494,False,-0.056907739941857494,0.005775578355408095,0.0019259131896999088,0.034618471271405604,-1.699487324853458,1.699487324853458,treatment,ridge
2026-03-23,cv_1,close_to_sma_20,-0.03666793515334099,False,-0.03666793515334099,0.005775578355408095,0.0019259131896999088,0.034618471271405604,-1.1148339867600943,1.1148339867600943,treatment,ridge
2026-03-24,cv_1,close_to_sma_20,-0.03440750873744447,False,-0.03440750873744447,0.005775578355408095,0.0019259131896999088,0.034618471271405604,-1.049538601583349,1.049538601583349,treatment,ridge
2026-03-25,cv_1,close_to_sma_20,-0.010625781998794825,False,-0.010625781998794825,0.005775578355408095,0.0019259131896999088,0.034618471271405604,-0.3625721970820319,0.3625721970820319,treatment,ridge
2026-03-26,cv_1,close_to_sma_20,-0.04822511076905289,False,-0.04822511076905289,0.005775578355408095,0.0019259131896999088,0.034618471271405604,-1.4486781800840778,1.4486781800840778,treatment,ridge
2026-03-27,cv_1,close_to_sma_20,-0.06639243881513224,False,-0.06639243881513224,0.005775578355408095,0.0019259131896999088,0.034618471271405604,-1.973465306114259,1.973465306114259,treatment,ridge
2026-03-30,cv_1,close_to_sma_20,-0.07502765453925297,False,-0.07502765453925297,0.005775578355408095,0.0019259131896999088,0.034618471271405604,-2.2229048511600658,2.2229048511600658,treatment,ridge
2026-03-31,cv_1,close_to_sma_20,-0.021790977713348147,False,-0.021790977713348147,0.005775578355408095,0.0019259131896999088,0.034618471271405604,-0.6850935362543837,0.6850935362543837,treatment,ridge
2026-04-01,cv_1,close_to_sma_20,-0.012199261319563615,False,-0.012199261319563615,0.005775578355408095,0.0019259131896999088,0.034618471271405604,-0.40802421338953604,0.40802421338953604,treatment,ridge
2026-02-26,cv_1,rolling_volatility_20,0.0276565899887898,False,0.0276565899887898,0.020491051623451398,0.0220291792560285,0.003998453894873429,1.4073966789954533,1.4073966789954533,treatment,ridge
2026-02-27,cv_1,rolling_volatility_20,0.0290188801208111,False,0.0290188801208111,0.020491051623451398,0.0220291792560285,0.003998453894873429,1.7481009031376766,1.7481009031376766,treatment,ridge
2026-03-02,cv_1,rolling_volatility_20,0.0299545755346953,False,0.0299545755346953,0.020491051623451398,0.0220291792560285,0.003998453894873429,1.9821152092883336,1.9821152092883336,treatment,ridge
2026-03-03,cv_1,rolling_volatility_20,0.0294137554017679,False,0.0294137554017679,0.020491051623451398,0.0220291792560285,0.003998453894873429,1.8468578955499395,1.8468578955499395,treatment,ridge
2026-03-04,cv_1,rolling_volatility_20,0.0289342945420005,False,0.0289342945420005,0.020491051623451398,0.0220291792560285,0.003998453894873429,1.7269463316371643,1.7269463316371643,treatment,ridge
2026-03-05,cv_1,rolling_volatility_20,0.0277215425836363,False,0.0277215425836363,0.020491051623451398,0.0220291792560285,0.003998453894873429,1.4236411066052803,1.4236411066052803,treatment,ridge
2026-03-06,cv_1,rolling_volatility_20,0.0284846923372723,False,0.0284846923372723,0.020491051623451398,0.0220291792560285,0.003998453894873429,1.6145023178885871,1.6145023178885871,treatment,ridge
2026-03-09,cv_1,rolling_volatility_20,0.0229866330390899,False,0.0229866330390899,0.020491051623451398,0.0220291792560285,0.003998453894873429,0.23945600180334434,0.23945600180334434,treatment,ridge
2026-03-10,cv_1,rolling_volatility_20,0.0223939511722012,False,0.0223939511722012,0.020491051623451398,0.0220291792560285,0.003998453894873429,0.09122824115600986,0.09122824115600986,treatment,ridge
2026-03-11,cv_1,rolling_volatility_20,0.0224028963635755,False,0.0224028963635755,0.020491051623451398,0.0220291792560285,0.003998453894873429,0.09346540372171322,0.09346540372171322,treatment,ridge
2026-03-12,cv_1,rolling_volatility_20,0.0225543079650108,False,0.0225543079650108,0.020491051623451398,0.0220291792560285,0.003998453894873429,0.13133294087887004,0.13133294087887004,treatment,ridge
2026-03-13,cv_1,rolling_volatility_20,0.0225345690097148,False,0.0225345690097148,0.020491051623451398,0.0220291792560285,0.003998453894873429,0.1263962939110737,0.1263962939110737,treatment,ridge
2026-03-16,cv_1,rolling_volatility_20,0.0223358553732382,False,0.0223358553732382,0.020491051623451398,0.0220291792560285,0.003998453894873429,0.07669867535621713,0.07669867535621713,treatment,ridge
2026-03-17,cv_1,rolling_volatility_20,0.0222242204311207,False,0.0222242204311207,0.020491051623451398,0.0220291792560285,0.003998453894873429,0.048779148195824115,0.048779148195824115,treatment,ridge
2026-03-18,cv_1,rolling_volatility_20,0.0219217812248288,False,0.0219217812248288,0.020491051623451398,0.0220291792560285,0.003998453894873429,-0.026859889853275493,0.026859889853275493,treatment,ridge
2026-03-19,cv_1,rolling_volatility_20,0.0219977709222145,False,0.0219977709222145,0.020491051623451398,0.0220291792560285,0.003998453894873429,-0.007855119663695688,0.007855119663695688,treatment,ridge
2026-03-20,cv_1,rolling_volatility_20,0.0227978033552245,False,0.0227978033552245,0.020491051623451398,0.0220291792560285,0.003998453894873429,0.19223032687246527,0.19223032687246527,treatment,ridge
2026-03-23,cv_1,rolling_volatility_20,0.0231122055082049,False,0.0231122055082049,0.020491051623451398,0.0220291792560285,0.003998453894873429,0.27086125803901057,0.27086125803901057,treatment,ridge
2026-03-24,cv_1,rolling_volatility_20,0.0229754808433268,False,0.0229754808433268,0.020491051623451398,0.0220291792560285,0.003998453894873429,0.23666687479167633,0.23666687479167633,treatment,ridge
2026-03-25,cv_1,rolling_volatility_20,0.0232578841466805,False,0.0232578841466805,0.020491051623451398,0.0220291792560285,0.003998453894873429,0.3072950002568169,0.3072950002568169,treatment,ridge
2026-03-26,cv_1,rolling_volatility_20,0.0219278969394713,False,0.0219278969394713,0.020491051623451398,0.0220291792560285,0.003998453894873429,-0.025330369993025608,0.025330369993025608,treatment,ridge
2026-03-27,cv_1,rolling_volatility_20,0.0205154839397399,False,0.0205154839397399,0.020491051623451398,0.0220291792560285,0.003998453894873429,-0.37857015638703884,0.37857015638703884,treatment,ridge
2026-03-30,cv_1,rolling_volatility_20,0.0191637146393753,False,0.0191637146393753,0.020491051623451398,0.0220291792560285,0.003998453894873429,-0.7166431555774898,0.7166431555774898,treatment,ridge
2026-03-31,cv_1,rolling_volatility_20,0.0233366566005746,False,0.0233366566005746,0.020491051623451398,0.0220291792560285,0.003998453894873429,0.3269957285796063,0.3269957285796063,treatment,ridge
2026-04-01,cv_1,rolling_volatility_20,0.0230604813682612,False,0.0230604813682612,0.020491051623451398,0.0220291792560285,0.003998453894873429,0.2579252229355382,0.2579252229355382,treatment,ridge
2026-04-02,cv_2,simple_return,0.0093314332270182,False,0.0093314332270182,-0.0006991550194092001,-0.00014261555524804794,0.02236163835533308,0.4236741794908225,0.4236741794908225,control,ols
2026-04-06,cv_2,simple_return,0.0014093240930164,False,0.0014093240930164,-0.0006991550194092001,-0.00014261555524804794,0.02236163835533308,0.06940187581981541,0.06940187581981541,control,ols
2026-04-07,cv_2,simple_return,0.0025895446715138,False,0.0025895446715138,-0.0006991550194092001,-0.00014261555524804794,0.02236163835533308,0.12218068208362062,0.12218068208362062,control,ols
2026-04-08,cv_2,simple_return,0.0223469713146771,False,0.0223469713146771,-0.0006991550194092001,-0.00014261555524804794,0.02236163835533308,1.005721786237615,1.005721786237615,control,ols
2026-04-09,cv_2,simple_return,0.0100505371960213,False,0.0100505371960213,-0.0006991550194092001,-0.00014261555524804794,0.02236163835533308,0.4558321080636902,0.4558321080636902,control,ols
2026-04-10,cv_2,simple_return,0.0256647334387258,False,0.0256647334387258,-0.0006991550194092001,-0.00014261555524804794,0.02236163835533308,1.1540902586781614,1.1540902586781614,control,ols
2026-04-13,cv_2,simple_return,0.003604901967763,False,0.003604901967763,-0.0006991550194092001,-0.00014261555524804794,0.02236163835533308,0.16758689428126336,0.16758689428126336,control,ols
2026-04-14,cv_2,simple_return,0.0380328405319099,False,0.0380328405319099,-0.0006991550194092001,-0.00014261555524804794,0.02236163835533308,1.7071851123132666,1.7071851123132666,control,ols
2026-04-15,cv_2,simple_return,0.0120095703848255,False,0.0120095703848255,-0.0006991550194092001,-0.00014261555524804794,0.02236163835533308,0.5434389800501959,0.5434389800501959,control,ols
2026-04-16,cv_2,simple_return,-0.0026147182905369,False,-0.0026147182905369,-0.0006991550194092001,-0.00014261555524804794,0.02236163835533308,-0.11055105605440911,0.11055105605440911,control,ols
2026-04-17,cv_2,simple_return,0.0167884369538551,False,0.0167884369538551,-0.0006991550194092001,-0.00014261555524804794,0.02236163835533308,0.7571472286629312,0.7571472286629312,control,ols
2026-04-20,cv_2,simple_return,0.0018841972263623,False,0.0018841972263623,-0.0006991550194092001,-0.00014261555524804794,0.02236163835533308,0.09063793758774248,0.09063793758774248,control,ols
2026-04-21,cv_2,simple_return,-0.0107888384743203,False,-0.0107888384743203,-0.0006991550194092001,-0.00014261555524804794,0.02236163835533308,-0.476093153368309,0.476093153368309,control,ols
2026-04-22,cv_2,simple_return,0.0131078399699038,False,0.0131078399699038,-0.0006991550194092001,-0.00014261555524804794,0.02236163835533308,0.5925529835783127,0.5925529835783127,control,ols
2026-04-23,cv_2,simple_return,-0.0141234598042052,False,-0.0141234598042052,-0.0006991550194092001,-0.00014261555524804794,0.02236163835533308,-0.6252155600943626,0.6252155600943626,control,ols
2026-04-24,cv_2,simple_return,0.0432278346483503,False,0.0432278346483503,-0.0006991550194092001,-0.00014261555524804794,0.02236163835533308,1.939502352843249,1.939502352843249,control,ols
2026-04-27,cv_2,simple_return,0.0400441550237844,False,0.0400441550237844,-0.0006991550194092001,-0.00014261555524804794,0.02236163835533308,1.79712997502476,1.79712997502476,control,ols
2026-04-28,cv_2,simple_return,-0.0158810878154896,False,-0.0158810878154896,-0.0006991550194092001,-0.00014261555524804794,0.02236163835533308,-0.7038157048313076,0.7038157048313076,control,ols
2026-04-29,cv_2,simple_return,-0.0183890707070258,False,-0.0183890707070258,-0.0006991550194092001,-0.00014261555524804794,0.02236163835533308,-0.8159713014688887,0.8159713014688887,control,ols
2026-04-30,cv_2,simple_return,-0.0462604190001493,False,-0.0462604190001493,-0.0006991550194092001,-0.00014261555524804794,0.02236163835533308,-2.062362458066607,2.062362458066607,control,ols
2026-05-01,cv_2,simple_return,-0.0056121177274749,False,-0.0056121177274749,-0.0006991550194092001,-0.00014261555524804794,0.02236163835533308,-0.2445930877386906,0.2445930877386906,control,ols
2026-05-04,cv_2,simple_return,0.0001511654308801,False,0.0001511654308801,-0.0006991550194092001,-0.00014261555524804794,0.02236163835533308,0.013137721908380806,0.013137721908380806,control,ols
2026-05-05,cv_2,simple_return,-0.0099757948919801,False,-0.0099757948919801,-0.0006991550194092001,-0.00014261555524804794,0.02236163835533308,-0.4397342976610171,0.4397342976610171,control,ols
2026-05-06,cv_2,simple_return,0.0576590423972249,False,0.0576590423972249,-0.0006991550194092001,-0.00014261555524804794,0.02236163835533308,2.584857917563437,2.584857917563437,control,ols
2026-05-07,cv_2,simple_return,0.0176586543646795,False,0.0176586543646795,-0.0006991550194092001,-0.00014261555524804794,0.02236163835533308,0.7960628661039982,0.7960628661039982,control,ols
2026-04-02,cv_2,log_return,0.0092881643693413,False,0.0092881643693413,-0.00069943701438725,-0.0003925142751289122,0.022353008082570094,0.4330816957033531,0.4330816957033531,control,ols
2026-04-06,cv_2,log_return,0.0014083319278955,False,0.0014083319278955,-0.00069943701438725,-0.0003925142751289122,0.022353008082570094,0.08056393109921677,0.08056393109921677,control,ols
2026-04-07,cv_2,log_return,0.0025861975777649,False,0.0025861975777649,-0.00069943701438725,-0.0003925142751289122,0.022353008082570094,0.1332577629771665,0.1332577629771665,control,ols
2026-04-08,cv_2,log_return,0.0221009364285097,False,0.0221009364285097,-0.00069943701438725,-0.0003925142751289122,0.022353008082570094,1.0062829405576976,1.0062829405576976,control,ols
2026-04-09,cv_2,log_return,0.0100003664291116,False,0.0100003664291116,-0.00069943701438725,-0.0003925142751289122,0.022353008082570094,0.4649432714313037,0.4649432714313037,control,ols
2026-04-10,cv_2,log_return,0.0253409228198977,False,0.0253409228198977,-0.00069943701438725,-0.0003925142751289122,0.022353008082570094,1.1512292663237764,1.1512292663237764,control,ols
2026-04-13,cv_2,log_return,0.0035984198821823,False,0.0035984198821823,-0.00069943701438725,-0.0003925142751289122,0.022353008082570094,0.17854125684422625,0.17854125684422625,control,ols
2026-04-14,cv_2,log_return,0.037327422520587,False,0.037327422520587,-0.00069943701438725,-0.0003925142751289122,0.022353008082570094,1.6874658057824568,1.6874658057824568,control,ols
2026-04-15,cv_2,log_return,0.011938027722559,False,0.011938027722559,-0.00069943701438725,-0.0003925142751289122,0.022353008082570094,0.5516278593082394,0.5516278593082394,control,ols
2026-04-16,cv_2,log_return,-0.0026181426368427,False,-0.0026181426368427,-0.00069943701438725,-0.0003925142751289122,0.022353008082570094,-0.09956728658140808,0.09956728658140808,control,ols
2026-04-17,cv_2,log_return,0.0166490688318436,False,0.0166490688318436,-0.00069943701438725,-0.0003925142751289122,0.022353008082570094,0.7623843307362645,0.7623843307362645,control,ols
2026-04-20,cv_2,log_return,0.0018824243533806,False,0.0018824243533806,-0.00069943701438725,-0.0003925142751289122,0.022353008082570094,0.10177326559835186,0.10177326559835186,control,ols
2026-04-21,cv_2,log_return,-0.0108474600122816,False,-0.0108474600122816,-0.00069943701438725,-0.0003925142751289122,0.022353008082570094,-0.46771985669816857,0.46771985669816857,control,ols
2026-04-22,cv_2,log_return,0.0130226756418701,False,0.0130226756418701,-0.00069943701438725,-0.0003925142751289122,0.022353008082570094,0.6001514367750619,0.6001514367750619,control,ols
2026-04-23,cv_2,log_return,-0.0142241450024462,False,-0.0142241450024462,-0.00069943701438725,-0.0003925142751289122,0.022353008082570094,-0.6187816277891741,0.6187816277891741,control,ols
2026-04-24,cv_2,log_return,0.0423195938208257,False,0.0423195938208257,-0.00069943701438725,-0.0003925142751289122,0.022353008082570094,1.9107991165296299,1.9107991165296299,control,ols
2026-04-27,cv_2,log_return,0.0392631690056577,False,0.0392631690056577,-0.00069943701438725,-0.0003925142751289122,0.022353008082570094,1.7740647314357834,1.7740647314357834,control,ols
2026-04-28,cv_2,log_return,-0.0160085435151731,False,-0.0160085435151731,-0.00069943701438725,-0.0003925142751289122,0.022353008082570094,-0.6986097433669739,0.6986097433669739,control,ols
2026-04-29,cv_2,log_return,-0.0185602514858731,False,-0.0185602514858731,-0.00069943701438725,-0.0003925142751289122,0.022353008082570094,-0.8127647582658282,0.8127647582658282,control,ols
2026-04-30,cv_2,log_return,-0.0473646206896926,False,-0.0473646206896926,-0.00069943701438725,-0.0003925142751289122,0.022353008082570094,-2.101377418245131,2.101377418245131,control,ols
2026-05-01,cv_2,log_return,-0.005627924828786,False,-0.005627924828786,-0.00069943701438725,-0.0003925142751289122,0.022353008082570094,-0.23421503425033136,0.23421503425033136,control,ols
2026-05-04,cv_2,log_return,0.0001511540065376,False,0.0001511540065376,-0.00069943701438725,-0.0003925142751289122,0.022353008082570094,0.02432192927494359,0.02432192927494359,control,ols
2026-05-05,cv_2,log_return,-0.0100258865483277,False,-0.0100258865483277,-0.00069943701438725,-0.0003925142751289122,0.022353008082570094,-0.43096536437574473,0.43096536437574473,control,ols
2026-05-06,cv_2,log_return,0.0560580153320141,False,0.0560580153320141,-0.00069943701438725,-0.0003925142751289122,0.022353008082570094,2.5254108708152208,2.5254108708152208,control,ols
2026-05-07,cv_2,log_return,0.0175045518450026,False,0.0175045518450026,-0.00069943701438725,-0.0003925142751289122,0.022353008082570094,0.8006558246666975,0.8006558246666975,control,ols
2026-04-02,cv_2,intraday_return,0.0302590715268395,False,0.0302590715268395,-0.0022345693713182,-0.0025361428019097403,0.019280193989669618,1.7009794790613106,1.7009794790613106,control,ols
2026-04-06,cv_2,intraday_return,0.0027093910454785,False,0.0027093910454785,-0.0022345693713182,-0.0025361428019097403,0.019280193989669618,0.27206852017146776,0.27206852017146776,control,ols
2026-04-07,cv_2,intraday_return,0.0134866581323496,False,0.0134866581323496,-0.0022345693713182,-0.0025361428019097403,0.019280193989669618,0.8310497779661554,0.8310497779661554,control,ols
2026-04-08,cv_2,intraday_return,-0.013116521240896,False,-0.013116521240896,-0.0022345693713182,-0.0025361428019097403,0.019280193989669618,-0.5487692937454497,0.5487692937454497,control,ols
2026-04-09,cv_2,intraday_return,0.0113836744715516,False,0.0113836744715516,-0.0022345693713182,-0.0025361428019097403,0.019280193989669618,0.7219749594282929,0.7219749594282929,control,ols
2026-04-10,cv_2,intraday_return,0.0234388116838069,False,0.0234388116838069,-0.0022345693713182,-0.0025361428019097403,0.019280193989669618,1.3472351211628937,1.3472351211628937,control,ols
2026-04-13,cv_2,intraday_return,0.0176315583552102,False,0.0176315583552102,-0.0022345693713182,-0.0025361428019097403,0.019280193989669618,1.046032066271006,1.046032066271006,control,ols
2026-04-14,cv_2,intraday_return,0.0297107434382168,False,0.0297107434382168,-0.0022345693713182,-0.0025361428019097403,0.019280193989669618,1.6725395116566,1.6725395116566,control,ols
2026-04-15,cv_2,intraday_return,0.0118551028322391,False,0.0118551028322391,-0.0022345693713182,-0.0025361428019097403,0.019280193989669618,0.7464263918640917,0.7464263918640917,control,ols
2026-04-16,cv_2,intraday_return,0.0046599476364526,False,0.0046599476364526,-0.0022345693713182,-0.0025361428019097403,0.019280193989669618,0.37323744990418795,0.37323744990418795,control,ols
2026-04-17,cv_2,intraday_return,0.008904446391422,False,0.008904446391422,-0.0022345693713182,-0.0025361428019097403,0.019280193989669618,0.5933855852001095,0.5933855852001095,control,ols
2026-04-20,cv_2,intraday_return,0.010401049482412,False,0.010401049482412,-0.0022345693713182,-0.0025361428019097403,0.019280193989669618,0.6710094458205931,0.6710094458205931,control,ols
2026-04-21,cv_2,intraday_return,-0.0111314497879939,False,-0.0111314497879939,-0.0022345693713182,-0.0025361428019097403,0.019280193989669618,-0.44581019209088607,0.44581019209088607,control,ols
2026-04-22,cv_2,intraday_return,0.007512784046803,False,0.007512784046803,-0.0022345693713182,-0.0025361428019097403,0.019280193989669618,0.5212046545847507,0.5212046545847507,control,ols
2026-04-23,cv_2,intraday_return,-0.0139287129838151,False,-0.0139287129838151,-0.0022345693713182,-0.0025361428019097403,0.019280193989669618,-0.5908949976338169,0.5908949976338169,control,ols
2026-04-24,cv_2,intraday_return,0.0415582980574955,False,0.0415582980574955,-0.0022345693713182,-0.0025361428019097403,0.019280193989669618,2.2870330497209292,2.2870330497209292,control,ols
2026-04-27,cv_2,intraday_return,0.0331982204459482,False,0.0331982204459482,-0.0022345693713182,-0.0025361428019097403,0.019280193989669618,1.853423428571544,1.853423428571544,control,ols
2026-04-28,cv_2,intraday_return,0.0175664355305069,False,0.0175664355305069,-0.0022345693713182,-0.0025361428019097403,0.019280193989669618,1.0426543603859826,1.0426543603859826,control,ols
2026-04-29,cv_2,intraday_return,-0.0162200140937552,False,-0.0162200140937552,-0.0022345693713182,-0.0025361428019097403,0.019280193989669618,-0.7097372204438045,0.7097372204438045,control,ols
2026-04-30,cv_2,intraday_return,-0.0493497152051188,False,-0.0493497152051188,-0.0022345693713182,-0.0025361428019097403,0.019280193989669618,-2.428065424460558,2.428065424460558,control,ols
2026-05-01,cv_2,intraday_return,-0.0140600250805733,False,-0.0140600250805733,-0.0022345693713182,-0.0025361428019097403,0.019280193989669618,-0.597705722506635,0.597705722506635,control,ols
2026-05-04,cv_2,intraday_return,-0.0051128033707316,False,-0.0051128033707316,-0.0022345693713182,-0.0025361428019097403,0.019280193989669618,-0.13364287569940642,0.13364287569940642,control,ols
2026-05-05,cv_2,intraday_return,-0.0140491871996141,False,-0.0140491871996141,-0.0022345693713182,-0.0025361428019097403,0.019280193989669618,-0.5971435974074266,0.5971435974074266,control,ols
2026-05-06,cv_2,intraday_return,0.0397218593508956,False,0.0397218593508956,-0.0022345693713182,-0.0025361428019097403,0.019280193989669618,2.1917830378391057,2.1917830378391057,control,ols
2026-05-07,cv_2,intraday_return,0.0151675324837021,False,0.0151675324837021,-0.0022345693713182,-0.0025361428019097403,0.019280193989669618,0.918231180407081,0.918231180407081,control,ols
2026-04-02,cv_2,daily_range,0.034500312289497,False,0.034500312289497,0.0253485107139185,0.02927140302976908,0.013689166636319576,0.3819742573557967,0.3819742573557967,control,ols
2026-04-06,cv_2,daily_range,0.0114275995624393,False,0.0114275995624393,0.0253485107139185,0.02927140302976908,0.013689166636319576,-1.3034981559788512,1.3034981559788512,control,ols
2026-04-07,cv_2,daily_range,0.025659696287565,False,0.025659696287565,0.0253485107139185,0.02927140302976908,0.013689166636319576,-0.26383686006287915,0.26383686006287915,control,ols
2026-04-08,cv_2,daily_range,0.0272407260830343,False,0.0272407260830343,0.0253485107139185,0.02927140302976908,0.013689166636319576,-0.14834189696742128,0.14834189696742128,control,ols
2026-04-09,cv_2,daily_range,0.0188135862376693,False,0.0188135862376693,0.0253485107139185,0.02927140302976908,0.013689166636319576,-0.7639483885274285,0.7639483885274285,control,ols
2026-04-10,cv_2,daily_range,0.030217869907724,False,0.030217869907724,0.0253485107139185,0.02927140302976908,0.013689166636319576,0.06913984635440047,0.06913984635440047,control,ols
2026-04-13,cv_2,daily_range,0.0207067678384601,False,0.0207067678384601,0.0253485107139185,0.02927140302976908,0.013689166636319576,-0.6256505906346129,0.6256505906346129,control,ols
2026-04-14,cv_2,daily_range,0.0292096605507532,False,0.0292096605507532,0.0253485107139185,0.02927140302976908,0.013689166636319576,-0.004510316855378892,0.004510316855378892,control,ols
2026-04-15,cv_2,daily_range,0.0234323352830291,False,0.0234323352830291,0.0253485107139185,0.02927140302976908,0.013689166636319576,-0.4265466190796443,0.4265466190796443,control,ols
2026-04-16,cv_2,daily_range,0.020368078752735,False,0.020368078752735,0.0253485107139185,0.02927140302976908,0.013689166636319576,-0.6503919861280758,0.6503919861280758,control,ols
2026-04-17,cv_2,daily_range,0.012048754284158,False,0.012048754284158,0.0253485107139185,0.02927140302976908,0.013689166636319576,-1.2581225141869925,1.2581225141869925,control,ols
2026-04-20,cv_2,daily_range,0.0214292877530053,False,0.0214292877530053,0.0253485107139185,0.02927140302976908,0.013689166636319576,-0.5728701742849255,0.5728701742849255,control,ols
2026-04-21,cv_2,daily_range,0.0187612562957389,False,0.0187612562957389,0.0253485107139185,0.02927140302976908,0.013689166636319576,-0.7677711151638011,0.7677711151638011,control,ols
2026-04-22,cv_2,daily_range,0.0172839506172839,False,0.0172839506172839,0.0253485107139185,0.02927140302976908,0.013689166636319576,-0.8756889831905857,0.8756889831905857,control,ols
2026-04-23,cv_2,daily_range,0.0331096004335807,False,0.0331096004335807,0.0253485107139185,0.02927140302976908,0.013689166636319576,0.28038210840594646,0.28038210840594646,control,ols
2026-04-24,cv_2,daily_range,0.0534882564033321,False,0.0534882564033321,0.0253485107139185,0.02927140302976908,0.013689166636319576,1.7690524205696925,1.7690524205696925,control,ols
2026-04-27,cv_2,daily_range,0.0436267804885024,False,0.0436267804885024,0.0253485107139185,0.02927140302976908,0.013689166636319576,1.0486670109374066,1.0486670109374066,control,ols
2026-04-28,cv_2,daily_range,0.0306328227958306,False,0.0306328227958306,0.0253485107139185,0.02927140302976908,0.013689166636319576,0.09945234813998478,0.09945234813998478,control,ols
2026-04-29,cv_2,daily_range,0.0245639158406138,False,0.0245639158406138,0.0253485107139185,0.02927140302976908,0.013689166636319576,-0.3438841321914773,0.3438841321914773,control,ols
2026-04-30,cv_2,daily_range,0.0581249971328127,False,0.0581249971328127,0.0253485107139185,0.02927140302976908,0.013689166636319576,2.1077684909240832,2.1077684909240832,control,ols
2026-05-01,cv_2,daily_range,0.0296296546900228,False,0.0296296546900228,0.0253485107139185,0.02927140302976908,0.013689166636319576,0.02617045067617341,0.02617045067617341,control,ols
2026-05-04,cv_2,daily_range,0.0352176057277347,False,0.0352176057277347,0.0253485107139185,0.02927140302976908,0.013689166636319576,0.434372877176422,0.434372877176422,control,ols
2026-05-05,cv_2,daily_range,0.0214249705540316,False,0.0214249705540316,0.0253485107139185,0.02927140302976908,0.013689166636319576,-0.5731855476811587,0.5731855476811587,control,ols
2026-05-06,cv_2,daily_range,0.0464803136072815,False,0.0464803136072815,0.0253485107139185,0.02927140302976908,0.013689166636319576,1.2571189346073406,1.2571189346073406,control,ols
2026-05-07,cv_2,daily_range,0.0364066049562278,False,0.0364066049562278,0.0253485107139185,0.02927140302976908,0.013689166636319576,0.521229824723433,0.521229824723433,control,ols
2026-04-02,cv_2,sma_5,172.0459991455078,False,172.0459991455078,184.75799865722647,185.42677725799817,5.429258554027886,-2.464568224065027,2.464568224065027,control,ols
2026-04-06,cv_2,sma_5,174.06999816894532,False,174.06999816894532,184.75799865722647,185.42677725799817,5.429258554027886,-2.0917734854656027,2.0917734854656027,control,ols
2026-04-07,cv_2,sma_5,176.65599975585937,False,176.65599975585937,184.75799865722647,185.42677725799817,5.429258554027886,-1.6154650611789136,1.6154650611789136,control,ols
2026-04-08,cv_2,sma_5,178.19200134277344,False,178.19200134277344,184.75799865722647,185.42677725799817,5.429258554027886,-1.3325532102090365,1.3325532102090365,control,ols
2026-04-09,cv_2,sma_5,179.82400207519532,False,179.82400207519532,184.75799865722647,185.42677725799817,5.429258554027886,-1.031959544208155,1.031959544208155,control,ols
2026-04-10,cv_2,sma_5,182.0720031738281,False,182.0720031738281,184.75799865722647,185.42677725799817,5.429258554027886,-0.6179064877433776,0.6179064877433776,control,ols
2026-04-13,cv_2,sma_5,184.4060028076172,False,184.4060028076172,184.75799865722647,185.42677725799817,5.429258554027886,-0.18801360079336651,0.18801360079336651,control,ols
2026-04-14,cv_2,sma_5,188.08800048828124,False,188.08800048828124,184.75799865722647,185.42677725799817,5.429258554027886,0.4901632891122396,0.4901632891122396,control,ols
2026-04-15,cv_2,sma_5,191.4459991455078,False,191.4459991455078,184.75799865722647,185.42677725799817,5.429258554027886,1.1086637019789882,1.1086637019789882,control,ols
2026-04-16,cv_2,sma_5,194.33399963378903,False,194.33399963378903,184.75799865722647,185.42677725799817,5.429258554027886,1.6405964621417286,1.6405964621417286,control,ols
2026-04-17,cv_2,sma_5,196.9439971923828,False,196.9439971923828,184.75799865722647,185.42677725799817,5.429258554027886,2.121324637567716,2.121324637567716,control,ols
2026-04-20,cv_2,sma_5,199.4939971923828,False,199.4939971923828,184.75799865722647,185.42677725799817,5.429258554027886,2.591002029908555,2.591002029908555,control,ols
2026-04-21,cv_2,sma_5,200.16799926757807,False,200.16799926757807,184.75799865722647,185.42677725799817,5.429258554027886,2.715144593481113,2.715144593481113,control,ols
2026-04-22,cv_2,sma_5,200.8940002441406,False,200.8940002441406,184.75799865722647,185.42677725799817,5.429258554027886,2.848864689759073,2.848864689759073,control,ols
2026-04-23,cv_2,sma_5,201.1519989013672,False,201.1519989013672,184.75799865722647,185.42677725799817,5.429258554027886,2.896384743309511,2.896384743309511,control,ols
2026-04-24,cv_2,sma_5,202.47000122070312,False,202.47000122070312,184.75799865722647,185.42677725799817,5.429258554027886,3.1391439168173054,3.1391439168173054,control,ols
2026-04-27,cv_2,sma_5,205.3800018310547,False,205.3800018310547,184.75799865722647,185.42677725799817,5.429258554027886,3.6751288181428627,3.6751288181428627,control,ols
2026-04-28,cv_2,sma_5,208.03800048828128,False,208.03800048828128,184.75799865722647,185.42677725799817,5.429258554027886,4.164698182131737,4.164698182131737,control,ols
2026-04-29,cv_2,sma_5,209.38800048828125,False,209.38800048828125,184.75799865722647,185.42677725799817,5.429258554027886,4.413350919253349,4.413350919253349,control,ols
2026-04-30,cv_2,sma_5,209.3740020751953,False,209.3740020751953,184.75799865722647,185.42677725799817,5.429258554027886,4.410772590565069,4.410772590565069,control,ols
2026-05-01,cv_2,sma_5,207.4100006103516,False,207.4100006103516,184.75799865722647,185.42677725799817,5.429258554027886,4.049028635050805,4.049028635050805,control,ols
2026-05-04,cv_2,sma_5,203.78399963378905,False,203.78399963378905,184.75799865722647,185.42677725799817,5.429258554027886,3.3811656219930684,3.3811656219930684,control,ols
2026-05-05,cv_2,sma_5,200.45,False,200.45,184.75799865722647,185.42677725799817,5.429258554027886,2.7670855223603814,2.7670855223603814,control,ols
2026-05-06,cv_2,sma_5,200.1660003662109,False,200.1660003662109,184.75799865722647,185.42677725799817,5.429258554027886,2.7147764214098684,2.7147764214098684,control,ols
2026-05-07,cv_2,sma_5,202.5519989013672,False,202.5519989013672,184.75799865722647,185.42677725799817,5.429258554027886,3.1542468410652655,3.1542468410652655,control,ols
2026-04-02,cv_2,sma_20,177.62299880981445,False,177.62299880981445,185.5342502593994,185.7887134110632,3.078635145667587,-2.6523814011348428,2.6523814011348428,control,ols
2026-04-06,cv_2,sma_20,177.61399841308594,False,177.61399841308594,185.5342502593994,185.7887134110632,3.078635145667587,-2.6553049033696485,2.6553049033696485,control,ols
2026-04-07,cv_2,sma_20,177.3864990234375,False,177.3864990234375,185.5342502593994,185.7887134110632,3.078635145667587,-2.7292010875175463,2.7292010875175463,control,ols
2026-04-08,cv_2,sma_20,177.2519989013672,False,177.2519989013672,185.5342502593994,185.7887134110632,3.078635145667587,-2.7728893180828287,2.7728893180828287,control,ols
2026-04-09,cv_2,sma_20,177.1459991455078,False,177.1459991455078,185.5342502593994,185.7887134110632,3.078635145667587,-2.807320080691563,2.807320080691563,control,ols
2026-04-10,cv_2,sma_20,177.420499420166,False,177.420499420166,185.5342502593994,185.7887134110632,3.078635145667587,-2.7181571037001193,2.7181571037001193,control,ols
2026-04-13,cv_2,sma_20,177.8734992980957,False,177.8734992980957,185.5342502593994,185.7887134110632,3.078635145667587,-2.5710140170738316,2.5710140170738316,control,ols
2026-04-14,cv_2,sma_20,178.53799896240236,False,178.53799896240236,185.5342502593994,185.7887134110632,3.078635145667587,-2.3551717256474625,2.3551717256474625,control,ols
2026-04-15,cv_2,sma_20,179.38499908447267,False,179.38499908447267,185.5342502593994,185.7887134110632,3.078635145667587,-2.080049769977511,2.080049769977511,control,ols
2026-04-16,cv_2,sma_20,180.28249969482425,False,180.28249969482425,185.5342502593994,185.7887134110632,3.078635145667587,-1.788524282907504,1.788524282907504,control,ols
2026-04-17,cv_2,sma_20,181.4384994506836,False,181.4384994506836,185.5342502593994,185.7887134110632,3.078635145667587,-1.4130332938287484,1.4130332938287484,control,ols
2026-04-20,cv_2,sma_20,182.9064994812012,False,182.9064994812012,185.5342502593994,185.7887134110632,3.078635145667587,-0.9361986053846029,0.9361986053846029,control,ols
2026-04-21,cv_2,sma_20,184.11849975585932,False,184.11849975585932,185.5342502593994,185.7887134110632,3.078635145667587,-0.5425175690449403,0.5425175690449403,control,ols
2026-04-22,cv_2,sma_20,185.48349990844727,False,185.48349990844727,185.5342502593994,185.7887134110632,3.078635145667587,-0.09913922507038679,0.09913922507038679,control,ols
2026-04-23,cv_2,sma_20,186.53150024414063,False,186.53150024414063,185.5342502593994,185.7887134110632,3.078635145667587,0.24127147191270945,0.24127147191270945,control,ols
2026-04-24,cv_2,sma_20,188.38300018310548,False,188.38300018310548,185.5342502593994,185.7887134110632,3.078635145667587,0.8426743180961472,0.8426743180961472,control,ols
2026-04-27,cv_2,sma_20,190.8375,False,190.8375,185.5342502593994,185.7887134110632,3.078635145667587,1.6399431404015845,1.6399431404015845,control,ols
2026-04-28,cv_2,sma_20,193.2375,False,193.2375,185.5342502593994,185.7887134110632,3.078635145667587,2.4195093723330974,2.4195093723330974,control,ols
2026-04-29,cv_2,sma_20,194.9800003051758,False,194.9800003051758,185.5342502593994,185.7887134110632,3.078635145667587,2.9855070377686777,2.9855070377686777,control,ols
2026-04-30,cv_2,sma_20,196.1710006713867,False,196.1710006713867,185.5342502593994,185.7887134110632,3.078635145667587,3.3723668993170497,3.3723668993170497,control,ols
2026-05-01,cv_2,sma_20,197.2240005493164,False,197.2240005493164,185.5342502593994,185.7887134110632,3.078635145667587,3.714401543926213,3.714401543926213,control,ols
2026-05-04,cv_2,sma_20,198.26600036621093,False,198.26600036621093,185.5342502593994,185.7887134110632,3.078635145667587,4.052863156813627,4.052863156813627,control,ols
2026-05-05,cv_2,sma_20,199.1860000610352,False,199.1860000610352,185.5342502593994,185.7887134110632,3.078635145667587,4.351696779927084,4.351696779927084,control,ols
2026-05-06,cv_2,sma_20,200.4735000610352,False,200.4735000610352,185.5342502593994,185.7887134110632,3.078635145667587,4.769901581432007,4.769901581432007,control,ols
2026-05-07,cv_2,sma_20,201.85299987792968,False,201.85299987792968,185.5342502593994,185.7887134110632,3.078635145667587,5.217989695684774,5.217989695684774,control,ols
2026-04-02,cv_2,sma_60,183.00199966430665,False,183.00199966430665,185.04400037129722,185.13092341672623,0.6059838190727619,-3.5131693048786774,3.5131693048786774,control,ols
2026-04-06,cv_2,sma_60,182.8108329772949,False,182.8108329772949,185.04400037129722,185.13092341672623,0.6059838190727619,-3.828634307400147,3.828634307400147,control,ols
2026-04-07,cv_2,sma_60,182.6951665242513,False,182.6951665242513,185.04400037129722,185.13092341672623,0.6059838190727619,-4.019508138355853,4.019508138355853,control,ols
2026-04-08,cv_2,sma_60,182.64883321126305,False,182.64883321126305,185.04400037129722,185.13092341672623,0.6059838190727619,-4.0959677921122015,4.0959677921122015,control,ols
2026-04-09,cv_2,sma_60,182.6316665649414,False,182.6316665649414,185.04400037129722,185.13092341672623,0.6059838190727619,-4.124296347729262,4.124296347729262,control,ols
2026-04-10,cv_2,sma_60,182.6786666870117,False,182.6786666870117,185.04400037129722,185.13092341672623,0.6059838190727619,-4.046736319571714,4.046736319571714,control,ols
2026-04-13,cv_2,sma_60,182.78149998982747,False,182.78149998982747,185.04400037129722,185.13092341672623,0.6059838190727619,-3.877039869634978,3.877039869634978,control,ols
2026-04-14,cv_2,sma_60,182.9391665140788,False,182.9391665140788,185.04400037129722,185.13092341672623,0.6059838190727619,-3.616857139850887,3.616857139850887,control,ols
2026-04-15,cv_2,sma_60,183.1498331705729,False,183.1498331705729,185.04400037129722,185.13092341672623,0.6059838190727619,-3.269213110648205,3.269213110648205,control,ols
2026-04-16,cv_2,sma_60,183.48783315022783,False,183.48783315022783,185.04400037129722,185.13092341672623,0.6059838190727619,-2.7114424754980377,2.7114424754980377,control,ols
2026-04-17,cv_2,sma_60,183.79383290608723,False,183.79383290608723,185.04400037129722,185.13092341672623,0.6059838190727619,-2.206478900187356,2.206478900187356,control,ols
2026-04-20,cv_2,sma_60,184.0808329264323,False,184.0808329264323,185.04400037129722,185.13092341672623,0.6059838190727619,-1.732868860922263,1.732868860922263,control,ols
2026-04-21,cv_2,sma_60,184.2843330383301,False,184.2843330383301,185.04400037129722,185.13092341672623,0.6059838190727619,-1.3970511286778957,1.3970511286778957,control,ols
2026-04-22,cv_2,sma_60,184.5514996846517,False,184.5514996846517,185.04400037129722,185.13092341672623,0.6059838190727619,-0.9561703032947787,0.9561703032947787,control,ols
2026-04-23,cv_2,sma_60,184.73683293660483,False,184.73683293660483,185.04400037129722,185.13092341672623,0.6059838190727619,-0.650331688269199,0.650331688269199,control,ols
2026-04-24,cv_2,sma_60,185.0159996032715,False,185.0159996032715,185.04400037129722,185.13092341672623,0.6059838190727619,-0.189648320363713,0.189648320363713,control,ols
2026-04-27,cv_2,sma_60,185.41766637166344,False,185.41766637166344,185.04400037129722,185.13092341672623,0.6059838190727619,0.4731858275951434,0.4731858275951434,control,ols
2026-04-28,cv_2,sma_60,185.7849995930989,False,185.7849995930989,185.04400037129722,185.13092341672623,0.6059838190727619,1.0793624446498935,1.0793624446498935,control,ols
2026-04-29,cv_2,sma_60,186.1789995829264,False,186.1789995829264,185.04400037129722,185.13092341672623,0.6059838190727619,1.7295448050145317,1.7295448050145317,control,ols
2026-04-30,cv_2,sma_60,186.4994997660319,False,186.4994997660319,185.04400037129722,185.13092341672623,0.6059838190727619,2.2584371170170496,2.2584371170170496,control,ols
2026-05-01,cv_2,sma_60,186.9038330078125,False,186.9038330078125,185.04400037129722,185.13092341672623,0.6059838190727619,2.925671503570929,2.925671503570929,control,ols
2026-05-04,cv_2,sma_60,187.347166188558,False,187.347166188558,185.04400037129722,185.13092341672623,0.6059838190727619,3.657263943487655,3.657263943487655,control,ols
2026-05-05,cv_2,sma_60,187.53199946085613,False,187.53199946085613,185.04400037129722,185.13092341672623,0.6059838190727619,3.9622774875472233,3.9622774875472233,control,ols
2026-05-06,cv_2,sma_60,187.8284996032715,False,187.8284996032715,185.04400037129722,185.13092341672623,0.6059838190727619,4.451564714504957,4.451564714504957,control,ols
2026-05-07,cv_2,sma_60,188.211166381836,False,188.211166381836,185.04400037129722,185.13092341672623,0.6059838190727619,5.083044906748425,5.083044906748425,control,ols
2026-04-02,cv_2,rolling_volatility_20,0.0231843022002209,False,0.0231843022002209,0.0229866330390899,0.023007241404426712,0.0038104656377400794,0.04646697087109776,0.04646697087109776,control,ols
2026-04-06,cv_2,rolling_volatility_20,0.0221792106834409,False,0.0221792106834409,0.0229866330390899,0.023007241404426712,0.0038104656377400794,-0.21730434012702546,0.21730434012702546,control,ols
2026-04-07,cv_2,rolling_volatility_20,0.0212678335283784,False,0.0212678335283784,0.0229866330390899,0.023007241404426712,0.0038104656377400794,-0.45648171153169737,0.45648171153169737,control,ols
2026-04-08,cv_2,rolling_volatility_20,0.0217346173207621,False,0.0217346173207621,0.0229866330390899,0.023007241404426712,0.0038104656377400794,-0.33398125180821325,0.33398125180821325,control,ols
2026-04-09,cv_2,rolling_volatility_20,0.0218038648330134,False,0.0218038648330134,0.0229866330390899,0.023007241404426712,0.0038104656377400794,-0.3158082727461658,0.3158082727461658,control,ols
2026-04-10,cv_2,rolling_volatility_20,0.0222354923338123,False,0.0222354923338123,0.0229866330390899,0.023007241404426712,0.0038104656377400794,-0.20253405855986756,0.20253405855986756,control,ols
2026-04-13,cv_2,rolling_volatility_20,0.0218520741086747,False,0.0218520741086747,0.0229866330390899,0.023007241404426712,0.0038104656377400794,-0.30315646579012884,0.30315646579012884,control,ols
2026-04-14,cv_2,rolling_volatility_20,0.023066194427183,False,0.023066194427183,0.0229866330390899,0.023007241404426712,0.0038104656377400794,0.015471343494715498,0.015471343494715498,control,ols
2026-04-15,cv_2,rolling_volatility_20,0.0229899713298604,False,0.0229899713298604,0.0229866330390899,0.023007241404426712,0.0038104656377400794,-0.004532274059963397,0.004532274059963397,control,ols
2026-04-16,cv_2,rolling_volatility_20,0.0228520003115691,False,0.0228520003115691,0.0229866330390899,0.023007241404426712,0.0038104656377400794,-0.04074071455206238,0.04074071455206238,control,ols
2026-04-17,cv_2,rolling_volatility_20,0.0227035024966864,False,0.0227035024966864,0.0229866330390899,0.023007241404426712,0.0038104656377400794,-0.07971175615178977,0.07971175615178977,control,ols
2026-04-20,cv_2,rolling_volatility_20,0.02079864717218,False,0.02079864717218,0.0229866330390899,0.023007241404426712,0.0038104656377400794,-0.5796126883738523,0.5796126883738523,control,ols
2026-04-21,cv_2,rolling_volatility_20,0.0210972255883431,False,0.0210972255883431,0.0229866330390899,0.023007241404426712,0.0038104656377400794,-0.5012552264390471,0.5012552264390471,control,ols
2026-04-22,cv_2,rolling_volatility_20,0.0210276276365668,False,0.0210276276365668,0.0229866330390899,0.023007241404426712,0.0038104656377400794,-0.5195201731392562,0.5195201731392562,control,ols
2026-04-23,cv_2,rolling_volatility_20,0.0213447618716321,False,0.0213447618716321,0.0229866330390899,0.023007241404426712,0.0038104656377400794,-0.43629301267773657,0.43629301267773657,control,ols
2026-04-24,cv_2,rolling_volatility_20,0.0198025948331895,False,0.0198025948331895,0.0229866330390899,0.023007241404426712,0.0038104656377400794,-0.8410118016804456,0.8410118016804456,control,ols
2026-04-27,cv_2,rolling_volatility_20,0.0194039791000413,False,0.0194039791000413,0.0229866330390899,0.023007241404426712,0.0038104656377400794,-0.9456225687216653,0.9456225687216653,control,ols
2026-04-28,cv_2,rolling_volatility_20,0.0195442752549368,False,0.0195442752549368,0.0229866330390899,0.023007241404426712,0.0038104656377400794,-0.9088039307300344,0.9088039307300344,control,ols
2026-04-29,cv_2,rolling_volatility_20,0.0179626686694096,False,0.0179626686694096,0.0229866330390899,0.023007241404426712,0.0038104656377400794,-1.3238730419332587,1.3238730419332587,control,ols
2026-04-30,cv_2,rolling_volatility_20,0.0218480501618942,False,0.0218480501618942,0.0229866330390899,0.023007241404426712,0.0038104656377400794,-0.3042124907390604,0.3042124907390604,control,ols
2026-05-01,cv_2,rolling_volatility_20,0.0220047484368616,False,0.0220047484368616,0.0229866330390899,0.023007241404426712,0.0038104656377400794,-0.26308936042779096,0.26308936042779096,control,ols
2026-05-04,cv_2,rolling_volatility_20,0.0220199186835027,False,0.0220199186835027,0.0229866330390899,0.023007241404426712,0.0038104656377400794,-0.2591081549575599,0.2591081549575599,control,ols
2026-05-05,cv_2,rolling_volatility_20,0.0222936432183421,False,0.0222936432183421,0.0229866330390899,0.023007241404426712,0.0038104656377400794,-0.18727322430542503,0.18727322430542503,control,ols
2026-05-06,cv_2,rolling_volatility_20,0.0249644962629608,False,0.0249644962629608,0.0229866330390899,0.023007241404426712,0.0038104656377400794,0.51365241012773,0.51365241012773,control,ols
2026-05-07,cv_2,rolling_volatility_20,0.0250722985184391,False,0.0250722985184391,0.0229866330390899,0.023007241404426712,0.0038104656377400794,0.5419435077853472,0.5419435077853472,control,ols
2026-04-02,cv_2,rolling_volatility_60,0.0235265666719851,False,0.0235265666719851,0.0218968031999569,0.02192750104465032,0.0006275448623170982,2.5481295814143254,2.5481295814143254,control,ols
2026-04-06,cv_2,rolling_volatility_60,0.02348699000999,False,0.02348699000999,0.0218968031999569,0.02192750104465032,0.0006275448623170982,2.48506371254725,2.48506371254725,control,ols
2026-04-07,cv_2,rolling_volatility_60,0.0233317065283358,False,0.0233317065283358,0.0218968031999569,0.02192750104465032,0.0006275448623170982,2.237617687603559,2.237617687603559,control,ols
2026-04-08,cv_2,rolling_volatility_60,0.0235150119881972,False,0.0235150119881972,0.0218968031999569,0.02192750104465032,0.0006275448623170982,2.529717059088456,2.529717059088456,control,ols
2026-04-09,cv_2,rolling_volatility_60,0.0235506388308758,False,0.0235506388308758,0.0218968031999569,0.02192750104465032,0.0006275448623170982,2.5864888451677097,2.5864888451677097,control,ols
2026-04-10,cv_2,rolling_volatility_60,0.0237733150918177,False,0.0237733150918177,0.0218968031999569,0.02192750104465032,0.0006275448623170982,2.941326043770062,2.941326043770062,control,ols
2026-04-13,cv_2,rolling_volatility_60,0.0236955288857876,False,0.0236955288857876,0.0218968031999569,0.02192750104465032,0.0006275448623170982,2.8173728243254996,2.8173728243254996,control,ols
2026-04-14,cv_2,rolling_volatility_60,0.0240358625243672,False,0.0240358625243672,0.0218968031999569,0.02192750104465032,0.0006275448623170982,3.35969841571506,3.35969841571506,control,ols
2026-04-15,cv_2,rolling_volatility_60,0.0240655604850426,False,0.0240655604850426,0.0218968031999569,0.02192750104465032,0.0006275448623170982,3.4070224597136747,3.4070224597136747,control,ols
2026-04-16,cv_2,rolling_volatility_60,0.0233306871126711,False,0.0233306871126711,0.0218968031999569,0.02192750104465032,0.0006275448623170982,2.2359932369452675,2.2359932369452675,control,ols
2026-04-17,cv_2,rolling_volatility_60,0.0231345765492307,False,0.0231345765492307,0.0218968031999569,0.02192750104465032,0.0006275448623170982,1.923488784727624,1.923488784727624,control,ols
2026-04-20,cv_2,rolling_volatility_60,0.0231191405125022,False,0.0231191405125022,0.0218968031999569,0.02192750104465032,0.0006275448623170982,1.8988912815762087,1.8988912815762087,control,ols
2026-04-21,cv_2,rolling_volatility_60,0.0231051460910096,False,0.0231051460910096,0.0218968031999569,0.02192750104465032,0.0006275448623170982,1.8765910089854505,1.8765910089854505,control,ols
2026-04-22,cv_2,rolling_volatility_60,0.0231320560348749,False,0.0231320560348749,0.0218968031999569,0.02192750104465032,0.0006275448623170982,1.9194723159344713,1.9194723159344713,control,ols
2026-04-23,cv_2,rolling_volatility_60,0.023187068746804,False,0.023187068746804,0.0218968031999569,0.02192750104465032,0.0006275448623170982,2.0071357089960835,2.0071357089960835,control,ols
2026-04-24,cv_2,rolling_volatility_60,0.0237419645790367,False,0.0237419645790367,0.0218968031999569,0.02192750104465032,0.0006275448623170982,2.8913686388679785,2.8913686388679785,control,ols
2026-04-27,cv_2,rolling_volatility_60,0.0242504462725725,False,0.0242504462725725,0.0218968031999569,0.02192750104465032,0.0006275448623170982,3.7016401016257503,3.7016401016257503,control,ols
2026-04-28,cv_2,rolling_volatility_60,0.0243337730544939,False,0.0243337730544939,0.0218968031999569,0.02192750104465032,0.0006275448623170982,3.8344222928681866,3.8344222928681866,control,ols
2026-04-29,cv_2,rolling_volatility_60,0.0241442566663432,False,0.0241442566663432,0.0218968031999569,0.02192750104465032,0.0006275448623170982,3.5324257352819384,3.5324257352819384,control,ols
2026-04-30,cv_2,rolling_volatility_60,0.0246342594903129,False,0.0246342594903129,0.0218968031999569,0.02192750104465032,0.0006275448623170982,4.313250905550169,4.313250905550169,control,ols
2026-05-01,cv_2,rolling_volatility_60,0.0241975439827899,False,0.0241975439827899,0.0218968031999569,0.02192750104465032,0.0006275448623170982,3.6173396906762147,3.6173396906762147,control,ols
2026-05-04,cv_2,rolling_volatility_60,0.0241116294961528,False,0.0241116294961528,0.0218968031999569,0.02192750104465032,0.0006275448623170982,3.480433962024597,3.480433962024597,control,ols
2026-05-05,cv_2,rolling_volatility_60,0.0219973590510888,False,0.0219973590510888,0.0218968031999569,0.02192750104465032,0.0006275448623170982,0.11131954165084296,0.11131954165084296,control,ols
2026-05-06,cv_2,rolling_volatility_60,0.0229787687953196,False,0.0229787687953196,0.0218968031999569,0.02192750104465032,0.0006275448623170982,1.6752073258757285,1.6752073258757285,control,ols
2026-05-07,cv_2,rolling_volatility_60,0.0230336978195936,False,0.0230336978195936,0.0218968031999569,0.02192750104465032,0.0006275448623170982,1.7627373616905162,1.7627373616905162,control,ols
2026-04-02,cv_2,simple_return,0.0093314332270182,False,0.0093314332270182,-0.0006991550194092001,-0.00014261555524804794,0.02236163835533308,0.4236741794908225,0.4236741794908225,control,ridge
2026-04-06,cv_2,simple_return,0.0014093240930164,False,0.0014093240930164,-0.0006991550194092001,-0.00014261555524804794,0.02236163835533308,0.06940187581981541,0.06940187581981541,control,ridge
2026-04-07,cv_2,simple_return,0.0025895446715138,False,0.0025895446715138,-0.0006991550194092001,-0.00014261555524804794,0.02236163835533308,0.12218068208362062,0.12218068208362062,control,ridge
2026-04-08,cv_2,simple_return,0.0223469713146771,False,0.0223469713146771,-0.0006991550194092001,-0.00014261555524804794,0.02236163835533308,1.005721786237615,1.005721786237615,control,ridge
2026-04-09,cv_2,simple_return,0.0100505371960213,False,0.0100505371960213,-0.0006991550194092001,-0.00014261555524804794,0.02236163835533308,0.4558321080636902,0.4558321080636902,control,ridge
2026-04-10,cv_2,simple_return,0.0256647334387258,False,0.0256647334387258,-0.0006991550194092001,-0.00014261555524804794,0.02236163835533308,1.1540902586781614,1.1540902586781614,control,ridge
2026-04-13,cv_2,simple_return,0.003604901967763,False,0.003604901967763,-0.0006991550194092001,-0.00014261555524804794,0.02236163835533308,0.16758689428126336,0.16758689428126336,control,ridge
2026-04-14,cv_2,simple_return,0.0380328405319099,False,0.0380328405319099,-0.0006991550194092001,-0.00014261555524804794,0.02236163835533308,1.7071851123132666,1.7071851123132666,control,ridge
2026-04-15,cv_2,simple_return,0.0120095703848255,False,0.0120095703848255,-0.0006991550194092001,-0.00014261555524804794,0.02236163835533308,0.5434389800501959,0.5434389800501959,control,ridge
2026-04-16,cv_2,simple_return,-0.0026147182905369,False,-0.0026147182905369,-0.0006991550194092001,-0.00014261555524804794,0.02236163835533308,-0.11055105605440911,0.11055105605440911,control,ridge
2026-04-17,cv_2,simple_return,0.0167884369538551,False,0.0167884369538551,-0.0006991550194092001,-0.00014261555524804794,0.02236163835533308,0.7571472286629312,0.7571472286629312,control,ridge
2026-04-20,cv_2,simple_return,0.0018841972263623,False,0.0018841972263623,-0.0006991550194092001,-0.00014261555524804794,0.02236163835533308,0.09063793758774248,0.09063793758774248,control,ridge
2026-04-21,cv_2,simple_return,-0.0107888384743203,False,-0.0107888384743203,-0.0006991550194092001,-0.00014261555524804794,0.02236163835533308,-0.476093153368309,0.476093153368309,control,ridge
2026-04-22,cv_2,simple_return,0.0131078399699038,False,0.0131078399699038,-0.0006991550194092001,-0.00014261555524804794,0.02236163835533308,0.5925529835783127,0.5925529835783127,control,ridge
2026-04-23,cv_2,simple_return,-0.0141234598042052,False,-0.0141234598042052,-0.0006991550194092001,-0.00014261555524804794,0.02236163835533308,-0.6252155600943626,0.6252155600943626,control,ridge
2026-04-24,cv_2,simple_return,0.0432278346483503,False,0.0432278346483503,-0.0006991550194092001,-0.00014261555524804794,0.02236163835533308,1.939502352843249,1.939502352843249,control,ridge
2026-04-27,cv_2,simple_return,0.0400441550237844,False,0.0400441550237844,-0.0006991550194092001,-0.00014261555524804794,0.02236163835533308,1.79712997502476,1.79712997502476,control,ridge
2026-04-28,cv_2,simple_return,-0.0158810878154896,False,-0.0158810878154896,-0.0006991550194092001,-0.00014261555524804794,0.02236163835533308,-0.7038157048313076,0.7038157048313076,control,ridge
2026-04-29,cv_2,simple_return,-0.0183890707070258,False,-0.0183890707070258,-0.0006991550194092001,-0.00014261555524804794,0.02236163835533308,-0.8159713014688887,0.8159713014688887,control,ridge
2026-04-30,cv_2,simple_return,-0.0462604190001493,False,-0.0462604190001493,-0.0006991550194092001,-0.00014261555524804794,0.02236163835533308,-2.062362458066607,2.062362458066607,control,ridge
2026-05-01,cv_2,simple_return,-0.0056121177274749,False,-0.0056121177274749,-0.0006991550194092001,-0.00014261555524804794,0.02236163835533308,-0.2445930877386906,0.2445930877386906,control,ridge
2026-05-04,cv_2,simple_return,0.0001511654308801,False,0.0001511654308801,-0.0006991550194092001,-0.00014261555524804794,0.02236163835533308,0.013137721908380806,0.013137721908380806,control,ridge
2026-05-05,cv_2,simple_return,-0.0099757948919801,False,-0.0099757948919801,-0.0006991550194092001,-0.00014261555524804794,0.02236163835533308,-0.4397342976610171,0.4397342976610171,control,ridge
2026-05-06,cv_2,simple_return,0.0576590423972249,False,0.0576590423972249,-0.0006991550194092001,-0.00014261555524804794,0.02236163835533308,2.584857917563437,2.584857917563437,control,ridge
2026-05-07,cv_2,simple_return,0.0176586543646795,False,0.0176586543646795,-0.0006991550194092001,-0.00014261555524804794,0.02236163835533308,0.7960628661039982,0.7960628661039982,control,ridge
2026-04-02,cv_2,log_return,0.0092881643693413,False,0.0092881643693413,-0.00069943701438725,-0.0003925142751289122,0.022353008082570094,0.4330816957033531,0.4330816957033531,control,ridge
2026-04-06,cv_2,log_return,0.0014083319278955,False,0.0014083319278955,-0.00069943701438725,-0.0003925142751289122,0.022353008082570094,0.08056393109921677,0.08056393109921677,control,ridge
2026-04-07,cv_2,log_return,0.0025861975777649,False,0.0025861975777649,-0.00069943701438725,-0.0003925142751289122,0.022353008082570094,0.1332577629771665,0.1332577629771665,control,ridge
2026-04-08,cv_2,log_return,0.0221009364285097,False,0.0221009364285097,-0.00069943701438725,-0.0003925142751289122,0.022353008082570094,1.0062829405576976,1.0062829405576976,control,ridge
2026-04-09,cv_2,log_return,0.0100003664291116,False,0.0100003664291116,-0.00069943701438725,-0.0003925142751289122,0.022353008082570094,0.4649432714313037,0.4649432714313037,control,ridge
2026-04-10,cv_2,log_return,0.0253409228198977,False,0.0253409228198977,-0.00069943701438725,-0.0003925142751289122,0.022353008082570094,1.1512292663237764,1.1512292663237764,control,ridge
2026-04-13,cv_2,log_return,0.0035984198821823,False,0.0035984198821823,-0.00069943701438725,-0.0003925142751289122,0.022353008082570094,0.17854125684422625,0.17854125684422625,control,ridge
2026-04-14,cv_2,log_return,0.037327422520587,False,0.037327422520587,-0.00069943701438725,-0.0003925142751289122,0.022353008082570094,1.6874658057824568,1.6874658057824568,control,ridge
2026-04-15,cv_2,log_return,0.011938027722559,False,0.011938027722559,-0.00069943701438725,-0.0003925142751289122,0.022353008082570094,0.5516278593082394,0.5516278593082394,control,ridge
2026-04-16,cv_2,log_return,-0.0026181426368427,False,-0.0026181426368427,-0.00069943701438725,-0.0003925142751289122,0.022353008082570094,-0.09956728658140808,0.09956728658140808,control,ridge
2026-04-17,cv_2,log_return,0.0166490688318436,False,0.0166490688318436,-0.00069943701438725,-0.0003925142751289122,0.022353008082570094,0.7623843307362645,0.7623843307362645,control,ridge
2026-04-20,cv_2,log_return,0.0018824243533806,False,0.0018824243533806,-0.00069943701438725,-0.0003925142751289122,0.022353008082570094,0.10177326559835186,0.10177326559835186,control,ridge
2026-04-21,cv_2,log_return,-0.0108474600122816,False,-0.0108474600122816,-0.00069943701438725,-0.0003925142751289122,0.022353008082570094,-0.46771985669816857,0.46771985669816857,control,ridge
2026-04-22,cv_2,log_return,0.0130226756418701,False,0.0130226756418701,-0.00069943701438725,-0.0003925142751289122,0.022353008082570094,0.6001514367750619,0.6001514367750619,control,ridge
2026-04-23,cv_2,log_return,-0.0142241450024462,False,-0.0142241450024462,-0.00069943701438725,-0.0003925142751289122,0.022353008082570094,-0.6187816277891741,0.6187816277891741,control,ridge
2026-04-24,cv_2,log_return,0.0423195938208257,False,0.0423195938208257,-0.00069943701438725,-0.0003925142751289122,0.022353008082570094,1.9107991165296299,1.9107991165296299,control,ridge
2026-04-27,cv_2,log_return,0.0392631690056577,False,0.0392631690056577,-0.00069943701438725,-0.0003925142751289122,0.022353008082570094,1.7740647314357834,1.7740647314357834,control,ridge
2026-04-28,cv_2,log_return,-0.0160085435151731,False,-0.0160085435151731,-0.00069943701438725,-0.0003925142751289122,0.022353008082570094,-0.6986097433669739,0.6986097433669739,control,ridge
2026-04-29,cv_2,log_return,-0.0185602514858731,False,-0.0185602514858731,-0.00069943701438725,-0.0003925142751289122,0.022353008082570094,-0.8127647582658282,0.8127647582658282,control,ridge
2026-04-30,cv_2,log_return,-0.0473646206896926,False,-0.0473646206896926,-0.00069943701438725,-0.0003925142751289122,0.022353008082570094,-2.101377418245131,2.101377418245131,control,ridge
2026-05-01,cv_2,log_return,-0.005627924828786,False,-0.005627924828786,-0.00069943701438725,-0.0003925142751289122,0.022353008082570094,-0.23421503425033136,0.23421503425033136,control,ridge
2026-05-04,cv_2,log_return,0.0001511540065376,False,0.0001511540065376,-0.00069943701438725,-0.0003925142751289122,0.022353008082570094,0.02432192927494359,0.02432192927494359,control,ridge
2026-05-05,cv_2,log_return,-0.0100258865483277,False,-0.0100258865483277,-0.00069943701438725,-0.0003925142751289122,0.022353008082570094,-0.43096536437574473,0.43096536437574473,control,ridge
2026-05-06,cv_2,log_return,0.0560580153320141,False,0.0560580153320141,-0.00069943701438725,-0.0003925142751289122,0.022353008082570094,2.5254108708152208,2.5254108708152208,control,ridge
2026-05-07,cv_2,log_return,0.0175045518450026,False,0.0175045518450026,-0.00069943701438725,-0.0003925142751289122,0.022353008082570094,0.8006558246666975,0.8006558246666975,control,ridge
2026-04-02,cv_2,intraday_return,0.0302590715268395,False,0.0302590715268395,-0.0022345693713182,-0.0025361428019097403,0.019280193989669618,1.7009794790613106,1.7009794790613106,control,ridge
2026-04-06,cv_2,intraday_return,0.0027093910454785,False,0.0027093910454785,-0.0022345693713182,-0.0025361428019097403,0.019280193989669618,0.27206852017146776,0.27206852017146776,control,ridge
2026-04-07,cv_2,intraday_return,0.0134866581323496,False,0.0134866581323496,-0.0022345693713182,-0.0025361428019097403,0.019280193989669618,0.8310497779661554,0.8310497779661554,control,ridge
2026-04-08,cv_2,intraday_return,-0.013116521240896,False,-0.013116521240896,-0.0022345693713182,-0.0025361428019097403,0.019280193989669618,-0.5487692937454497,0.5487692937454497,control,ridge
2026-04-09,cv_2,intraday_return,0.0113836744715516,False,0.0113836744715516,-0.0022345693713182,-0.0025361428019097403,0.019280193989669618,0.7219749594282929,0.7219749594282929,control,ridge
2026-04-10,cv_2,intraday_return,0.0234388116838069,False,0.0234388116838069,-0.0022345693713182,-0.0025361428019097403,0.019280193989669618,1.3472351211628937,1.3472351211628937,control,ridge
2026-04-13,cv_2,intraday_return,0.0176315583552102,False,0.0176315583552102,-0.0022345693713182,-0.0025361428019097403,0.019280193989669618,1.046032066271006,1.046032066271006,control,ridge
2026-04-14,cv_2,intraday_return,0.0297107434382168,False,0.0297107434382168,-0.0022345693713182,-0.0025361428019097403,0.019280193989669618,1.6725395116566,1.6725395116566,control,ridge
2026-04-15,cv_2,intraday_return,0.0118551028322391,False,0.0118551028322391,-0.0022345693713182,-0.0025361428019097403,0.019280193989669618,0.7464263918640917,0.7464263918640917,control,ridge
2026-04-16,cv_2,intraday_return,0.0046599476364526,False,0.0046599476364526,-0.0022345693713182,-0.0025361428019097403,0.019280193989669618,0.37323744990418795,0.37323744990418795,control,ridge
2026-04-17,cv_2,intraday_return,0.008904446391422,False,0.008904446391422,-0.0022345693713182,-0.0025361428019097403,0.019280193989669618,0.5933855852001095,0.5933855852001095,control,ridge
2026-04-20,cv_2,intraday_return,0.010401049482412,False,0.010401049482412,-0.0022345693713182,-0.0025361428019097403,0.019280193989669618,0.6710094458205931,0.6710094458205931,control,ridge
2026-04-21,cv_2,intraday_return,-0.0111314497879939,False,-0.0111314497879939,-0.0022345693713182,-0.0025361428019097403,0.019280193989669618,-0.44581019209088607,0.44581019209088607,control,ridge
2026-04-22,cv_2,intraday_return,0.007512784046803,False,0.007512784046803,-0.0022345693713182,-0.0025361428019097403,0.019280193989669618,0.5212046545847507,0.5212046545847507,control,ridge
2026-04-23,cv_2,intraday_return,-0.0139287129838151,False,-0.0139287129838151,-0.0022345693713182,-0.0025361428019097403,0.019280193989669618,-0.5908949976338169,0.5908949976338169,control,ridge
2026-04-24,cv_2,intraday_return,0.0415582980574955,False,0.0415582980574955,-0.0022345693713182,-0.0025361428019097403,0.019280193989669618,2.2870330497209292,2.2870330497209292,control,ridge
2026-04-27,cv_2,intraday_return,0.0331982204459482,False,0.0331982204459482,-0.0022345693713182,-0.0025361428019097403,0.019280193989669618,1.853423428571544,1.853423428571544,control,ridge
2026-04-28,cv_2,intraday_return,0.0175664355305069,False,0.0175664355305069,-0.0022345693713182,-0.0025361428019097403,0.019280193989669618,1.0426543603859826,1.0426543603859826,control,ridge
2026-04-29,cv_2,intraday_return,-0.0162200140937552,False,-0.0162200140937552,-0.0022345693713182,-0.0025361428019097403,0.019280193989669618,-0.7097372204438045,0.7097372204438045,control,ridge
2026-04-30,cv_2,intraday_return,-0.0493497152051188,False,-0.0493497152051188,-0.0022345693713182,-0.0025361428019097403,0.019280193989669618,-2.428065424460558,2.428065424460558,control,ridge
2026-05-01,cv_2,intraday_return,-0.0140600250805733,False,-0.0140600250805733,-0.0022345693713182,-0.0025361428019097403,0.019280193989669618,-0.597705722506635,0.597705722506635,control,ridge
2026-05-04,cv_2,intraday_return,-0.0051128033707316,False,-0.0051128033707316,-0.0022345693713182,-0.0025361428019097403,0.019280193989669618,-0.13364287569940642,0.13364287569940642,control,ridge
2026-05-05,cv_2,intraday_return,-0.0140491871996141,False,-0.0140491871996141,-0.0022345693713182,-0.0025361428019097403,0.019280193989669618,-0.5971435974074266,0.5971435974074266,control,ridge
2026-05-06,cv_2,intraday_return,0.0397218593508956,False,0.0397218593508956,-0.0022345693713182,-0.0025361428019097403,0.019280193989669618,2.1917830378391057,2.1917830378391057,control,ridge
2026-05-07,cv_2,intraday_return,0.0151675324837021,False,0.0151675324837021,-0.0022345693713182,-0.0025361428019097403,0.019280193989669618,0.918231180407081,0.918231180407081,control,ridge
2026-04-02,cv_2,daily_range,0.034500312289497,False,0.034500312289497,0.0253485107139185,0.02927140302976908,0.013689166636319576,0.3819742573557967,0.3819742573557967,control,ridge
2026-04-06,cv_2,daily_range,0.0114275995624393,False,0.0114275995624393,0.0253485107139185,0.02927140302976908,0.013689166636319576,-1.3034981559788512,1.3034981559788512,control,ridge
2026-04-07,cv_2,daily_range,0.025659696287565,False,0.025659696287565,0.0253485107139185,0.02927140302976908,0.013689166636319576,-0.26383686006287915,0.26383686006287915,control,ridge
2026-04-08,cv_2,daily_range,0.0272407260830343,False,0.0272407260830343,0.0253485107139185,0.02927140302976908,0.013689166636319576,-0.14834189696742128,0.14834189696742128,control,ridge
2026-04-09,cv_2,daily_range,0.0188135862376693,False,0.0188135862376693,0.0253485107139185,0.02927140302976908,0.013689166636319576,-0.7639483885274285,0.7639483885274285,control,ridge
2026-04-10,cv_2,daily_range,0.030217869907724,False,0.030217869907724,0.0253485107139185,0.02927140302976908,0.013689166636319576,0.06913984635440047,0.06913984635440047,control,ridge
2026-04-13,cv_2,daily_range,0.0207067678384601,False,0.0207067678384601,0.0253485107139185,0.02927140302976908,0.013689166636319576,-0.6256505906346129,0.6256505906346129,control,ridge
2026-04-14,cv_2,daily_range,0.0292096605507532,False,0.0292096605507532,0.0253485107139185,0.02927140302976908,0.013689166636319576,-0.004510316855378892,0.004510316855378892,control,ridge
2026-04-15,cv_2,daily_range,0.0234323352830291,False,0.0234323352830291,0.0253485107139185,0.02927140302976908,0.013689166636319576,-0.4265466190796443,0.4265466190796443,control,ridge
2026-04-16,cv_2,daily_range,0.020368078752735,False,0.020368078752735,0.0253485107139185,0.02927140302976908,0.013689166636319576,-0.6503919861280758,0.6503919861280758,control,ridge
2026-04-17,cv_2,daily_range,0.012048754284158,False,0.012048754284158,0.0253485107139185,0.02927140302976908,0.013689166636319576,-1.2581225141869925,1.2581225141869925,control,ridge
2026-04-20,cv_2,daily_range,0.0214292877530053,False,0.0214292877530053,0.0253485107139185,0.02927140302976908,0.013689166636319576,-0.5728701742849255,0.5728701742849255,control,ridge
2026-04-21,cv_2,daily_range,0.0187612562957389,False,0.0187612562957389,0.0253485107139185,0.02927140302976908,0.013689166636319576,-0.7677711151638011,0.7677711151638011,control,ridge
2026-04-22,cv_2,daily_range,0.0172839506172839,False,0.0172839506172839,0.0253485107139185,0.02927140302976908,0.013689166636319576,-0.8756889831905857,0.8756889831905857,control,ridge
2026-04-23,cv_2,daily_range,0.0331096004335807,False,0.0331096004335807,0.0253485107139185,0.02927140302976908,0.013689166636319576,0.28038210840594646,0.28038210840594646,control,ridge
2026-04-24,cv_2,daily_range,0.0534882564033321,False,0.0534882564033321,0.0253485107139185,0.02927140302976908,0.013689166636319576,1.7690524205696925,1.7690524205696925,control,ridge
2026-04-27,cv_2,daily_range,0.0436267804885024,False,0.0436267804885024,0.0253485107139185,0.02927140302976908,0.013689166636319576,1.0486670109374066,1.0486670109374066,control,ridge
2026-04-28,cv_2,daily_range,0.0306328227958306,False,0.0306328227958306,0.0253485107139185,0.02927140302976908,0.013689166636319576,0.09945234813998478,0.09945234813998478,control,ridge
2026-04-29,cv_2,daily_range,0.0245639158406138,False,0.0245639158406138,0.0253485107139185,0.02927140302976908,0.013689166636319576,-0.3438841321914773,0.3438841321914773,control,ridge
2026-04-30,cv_2,daily_range,0.0581249971328127,False,0.0581249971328127,0.0253485107139185,0.02927140302976908,0.013689166636319576,2.1077684909240832,2.1077684909240832,control,ridge
2026-05-01,cv_2,daily_range,0.0296296546900228,False,0.0296296546900228,0.0253485107139185,0.02927140302976908,0.013689166636319576,0.02617045067617341,0.02617045067617341,control,ridge
2026-05-04,cv_2,daily_range,0.0352176057277347,False,0.0352176057277347,0.0253485107139185,0.02927140302976908,0.013689166636319576,0.434372877176422,0.434372877176422,control,ridge
2026-05-05,cv_2,daily_range,0.0214249705540316,False,0.0214249705540316,0.0253485107139185,0.02927140302976908,0.013689166636319576,-0.5731855476811587,0.5731855476811587,control,ridge
2026-05-06,cv_2,daily_range,0.0464803136072815,False,0.0464803136072815,0.0253485107139185,0.02927140302976908,0.013689166636319576,1.2571189346073406,1.2571189346073406,control,ridge
2026-05-07,cv_2,daily_range,0.0364066049562278,False,0.0364066049562278,0.0253485107139185,0.02927140302976908,0.013689166636319576,0.521229824723433,0.521229824723433,control,ridge
2026-04-02,cv_2,sma_5,172.0459991455078,False,172.0459991455078,184.75799865722647,185.42677725799817,5.429258554027886,-2.464568224065027,2.464568224065027,control,ridge
2026-04-06,cv_2,sma_5,174.06999816894532,False,174.06999816894532,184.75799865722647,185.42677725799817,5.429258554027886,-2.0917734854656027,2.0917734854656027,control,ridge
2026-04-07,cv_2,sma_5,176.65599975585937,False,176.65599975585937,184.75799865722647,185.42677725799817,5.429258554027886,-1.6154650611789136,1.6154650611789136,control,ridge
2026-04-08,cv_2,sma_5,178.19200134277344,False,178.19200134277344,184.75799865722647,185.42677725799817,5.429258554027886,-1.3325532102090365,1.3325532102090365,control,ridge
2026-04-09,cv_2,sma_5,179.82400207519532,False,179.82400207519532,184.75799865722647,185.42677725799817,5.429258554027886,-1.031959544208155,1.031959544208155,control,ridge
2026-04-10,cv_2,sma_5,182.0720031738281,False,182.0720031738281,184.75799865722647,185.42677725799817,5.429258554027886,-0.6179064877433776,0.6179064877433776,control,ridge
2026-04-13,cv_2,sma_5,184.4060028076172,False,184.4060028076172,184.75799865722647,185.42677725799817,5.429258554027886,-0.18801360079336651,0.18801360079336651,control,ridge
2026-04-14,cv_2,sma_5,188.08800048828124,False,188.08800048828124,184.75799865722647,185.42677725799817,5.429258554027886,0.4901632891122396,0.4901632891122396,control,ridge
2026-04-15,cv_2,sma_5,191.4459991455078,False,191.4459991455078,184.75799865722647,185.42677725799817,5.429258554027886,1.1086637019789882,1.1086637019789882,control,ridge
2026-04-16,cv_2,sma_5,194.33399963378903,False,194.33399963378903,184.75799865722647,185.42677725799817,5.429258554027886,1.6405964621417286,1.6405964621417286,control,ridge
2026-04-17,cv_2,sma_5,196.9439971923828,False,196.9439971923828,184.75799865722647,185.42677725799817,5.429258554027886,2.121324637567716,2.121324637567716,control,ridge
2026-04-20,cv_2,sma_5,199.4939971923828,False,199.4939971923828,184.75799865722647,185.42677725799817,5.429258554027886,2.591002029908555,2.591002029908555,control,ridge
2026-04-21,cv_2,sma_5,200.16799926757807,False,200.16799926757807,184.75799865722647,185.42677725799817,5.429258554027886,2.715144593481113,2.715144593481113,control,ridge
2026-04-22,cv_2,sma_5,200.8940002441406,False,200.8940002441406,184.75799865722647,185.42677725799817,5.429258554027886,2.848864689759073,2.848864689759073,control,ridge
2026-04-23,cv_2,sma_5,201.1519989013672,False,201.1519989013672,184.75799865722647,185.42677725799817,5.429258554027886,2.896384743309511,2.896384743309511,control,ridge
2026-04-24,cv_2,sma_5,202.47000122070312,False,202.47000122070312,184.75799865722647,185.42677725799817,5.429258554027886,3.1391439168173054,3.1391439168173054,control,ridge
2026-04-27,cv_2,sma_5,205.3800018310547,False,205.3800018310547,184.75799865722647,185.42677725799817,5.429258554027886,3.6751288181428627,3.6751288181428627,control,ridge
2026-04-28,cv_2,sma_5,208.03800048828128,False,208.03800048828128,184.75799865722647,185.42677725799817,5.429258554027886,4.164698182131737,4.164698182131737,control,ridge
2026-04-29,cv_2,sma_5,209.38800048828125,False,209.38800048828125,184.75799865722647,185.42677725799817,5.429258554027886,4.413350919253349,4.413350919253349,control,ridge
2026-04-30,cv_2,sma_5,209.3740020751953,False,209.3740020751953,184.75799865722647,185.42677725799817,5.429258554027886,4.410772590565069,4.410772590565069,control,ridge
2026-05-01,cv_2,sma_5,207.4100006103516,False,207.4100006103516,184.75799865722647,185.42677725799817,5.429258554027886,4.049028635050805,4.049028635050805,control,ridge
2026-05-04,cv_2,sma_5,203.78399963378905,False,203.78399963378905,184.75799865722647,185.42677725799817,5.429258554027886,3.3811656219930684,3.3811656219930684,control,ridge
2026-05-05,cv_2,sma_5,200.45,False,200.45,184.75799865722647,185.42677725799817,5.429258554027886,2.7670855223603814,2.7670855223603814,control,ridge
2026-05-06,cv_2,sma_5,200.1660003662109,False,200.1660003662109,184.75799865722647,185.42677725799817,5.429258554027886,2.7147764214098684,2.7147764214098684,control,ridge
2026-05-07,cv_2,sma_5,202.5519989013672,False,202.5519989013672,184.75799865722647,185.42677725799817,5.429258554027886,3.1542468410652655,3.1542468410652655,control,ridge
2026-04-02,cv_2,sma_20,177.62299880981445,False,177.62299880981445,185.5342502593994,185.7887134110632,3.078635145667587,-2.6523814011348428,2.6523814011348428,control,ridge
2026-04-06,cv_2,sma_20,177.61399841308594,False,177.61399841308594,185.5342502593994,185.7887134110632,3.078635145667587,-2.6553049033696485,2.6553049033696485,control,ridge
2026-04-07,cv_2,sma_20,177.3864990234375,False,177.3864990234375,185.5342502593994,185.7887134110632,3.078635145667587,-2.7292010875175463,2.7292010875175463,control,ridge
2026-04-08,cv_2,sma_20,177.2519989013672,False,177.2519989013672,185.5342502593994,185.7887134110632,3.078635145667587,-2.7728893180828287,2.7728893180828287,control,ridge
2026-04-09,cv_2,sma_20,177.1459991455078,False,177.1459991455078,185.5342502593994,185.7887134110632,3.078635145667587,-2.807320080691563,2.807320080691563,control,ridge
2026-04-10,cv_2,sma_20,177.420499420166,False,177.420499420166,185.5342502593994,185.7887134110632,3.078635145667587,-2.7181571037001193,2.7181571037001193,control,ridge
2026-04-13,cv_2,sma_20,177.8734992980957,False,177.8734992980957,185.5342502593994,185.7887134110632,3.078635145667587,-2.5710140170738316,2.5710140170738316,control,ridge
2026-04-14,cv_2,sma_20,178.53799896240236,False,178.53799896240236,185.5342502593994,185.7887134110632,3.078635145667587,-2.3551717256474625,2.3551717256474625,control,ridge
2026-04-15,cv_2,sma_20,179.38499908447267,False,179.38499908447267,185.5342502593994,185.7887134110632,3.078635145667587,-2.080049769977511,2.080049769977511,control,ridge
2026-04-16,cv_2,sma_20,180.28249969482425,False,180.28249969482425,185.5342502593994,185.7887134110632,3.078635145667587,-1.788524282907504,1.788524282907504,control,ridge
2026-04-17,cv_2,sma_20,181.4384994506836,False,181.4384994506836,185.5342502593994,185.7887134110632,3.078635145667587,-1.4130332938287484,1.4130332938287484,control,ridge
2026-04-20,cv_2,sma_20,182.9064994812012,False,182.9064994812012,185.5342502593994,185.7887134110632,3.078635145667587,-0.9361986053846029,0.9361986053846029,control,ridge
2026-04-21,cv_2,sma_20,184.11849975585932,False,184.11849975585932,185.5342502593994,185.7887134110632,3.078635145667587,-0.5425175690449403,0.5425175690449403,control,ridge
2026-04-22,cv_2,sma_20,185.48349990844727,False,185.48349990844727,185.5342502593994,185.7887134110632,3.078635145667587,-0.09913922507038679,0.09913922507038679,control,ridge
2026-04-23,cv_2,sma_20,186.53150024414063,False,186.53150024414063,185.5342502593994,185.7887134110632,3.078635145667587,0.24127147191270945,0.24127147191270945,control,ridge
2026-04-24,cv_2,sma_20,188.38300018310548,False,188.38300018310548,185.5342502593994,185.7887134110632,3.078635145667587,0.8426743180961472,0.8426743180961472,control,ridge
2026-04-27,cv_2,sma_20,190.8375,False,190.8375,185.5342502593994,185.7887134110632,3.078635145667587,1.6399431404015845,1.6399431404015845,control,ridge
2026-04-28,cv_2,sma_20,193.2375,False,193.2375,185.5342502593994,185.7887134110632,3.078635145667587,2.4195093723330974,2.4195093723330974,control,ridge
2026-04-29,cv_2,sma_20,194.9800003051758,False,194.9800003051758,185.5342502593994,185.7887134110632,3.078635145667587,2.9855070377686777,2.9855070377686777,control,ridge
2026-04-30,cv_2,sma_20,196.1710006713867,False,196.1710006713867,185.5342502593994,185.7887134110632,3.078635145667587,3.3723668993170497,3.3723668993170497,control,ridge
2026-05-01,cv_2,sma_20,197.2240005493164,False,197.2240005493164,185.5342502593994,185.7887134110632,3.078635145667587,3.714401543926213,3.714401543926213,control,ridge
2026-05-04,cv_2,sma_20,198.26600036621093,False,198.26600036621093,185.5342502593994,185.7887134110632,3.078635145667587,4.052863156813627,4.052863156813627,control,ridge
2026-05-05,cv_2,sma_20,199.1860000610352,False,199.1860000610352,185.5342502593994,185.7887134110632,3.078635145667587,4.351696779927084,4.351696779927084,control,ridge
2026-05-06,cv_2,sma_20,200.4735000610352,False,200.4735000610352,185.5342502593994,185.7887134110632,3.078635145667587,4.769901581432007,4.769901581432007,control,ridge
2026-05-07,cv_2,sma_20,201.85299987792968,False,201.85299987792968,185.5342502593994,185.7887134110632,3.078635145667587,5.217989695684774,5.217989695684774,control,ridge
2026-04-02,cv_2,sma_60,183.00199966430665,False,183.00199966430665,185.04400037129722,185.13092341672623,0.6059838190727619,-3.5131693048786774,3.5131693048786774,control,ridge
2026-04-06,cv_2,sma_60,182.8108329772949,False,182.8108329772949,185.04400037129722,185.13092341672623,0.6059838190727619,-3.828634307400147,3.828634307400147,control,ridge
2026-04-07,cv_2,sma_60,182.6951665242513,False,182.6951665242513,185.04400037129722,185.13092341672623,0.6059838190727619,-4.019508138355853,4.019508138355853,control,ridge
2026-04-08,cv_2,sma_60,182.64883321126305,False,182.64883321126305,185.04400037129722,185.13092341672623,0.6059838190727619,-4.0959677921122015,4.0959677921122015,control,ridge
2026-04-09,cv_2,sma_60,182.6316665649414,False,182.6316665649414,185.04400037129722,185.13092341672623,0.6059838190727619,-4.124296347729262,4.124296347729262,control,ridge
2026-04-10,cv_2,sma_60,182.6786666870117,False,182.6786666870117,185.04400037129722,185.13092341672623,0.6059838190727619,-4.046736319571714,4.046736319571714,control,ridge
2026-04-13,cv_2,sma_60,182.78149998982747,False,182.78149998982747,185.04400037129722,185.13092341672623,0.6059838190727619,-3.877039869634978,3.877039869634978,control,ridge
2026-04-14,cv_2,sma_60,182.9391665140788,False,182.9391665140788,185.04400037129722,185.13092341672623,0.6059838190727619,-3.616857139850887,3.616857139850887,control,ridge
2026-04-15,cv_2,sma_60,183.1498331705729,False,183.1498331705729,185.04400037129722,185.13092341672623,0.6059838190727619,-3.269213110648205,3.269213110648205,control,ridge
2026-04-16,cv_2,sma_60,183.48783315022783,False,183.48783315022783,185.04400037129722,185.13092341672623,0.6059838190727619,-2.7114424754980377,2.7114424754980377,control,ridge
2026-04-17,cv_2,sma_60,183.79383290608723,False,183.79383290608723,185.04400037129722,185.13092341672623,0.6059838190727619,-2.206478900187356,2.206478900187356,control,ridge
2026-04-20,cv_2,sma_60,184.0808329264323,False,184.0808329264323,185.04400037129722,185.13092341672623,0.6059838190727619,-1.732868860922263,1.732868860922263,control,ridge
2026-04-21,cv_2,sma_60,184.2843330383301,False,184.2843330383301,185.04400037129722,185.13092341672623,0.6059838190727619,-1.3970511286778957,1.3970511286778957,control,ridge
2026-04-22,cv_2,sma_60,184.5514996846517,False,184.5514996846517,185.04400037129722,185.13092341672623,0.6059838190727619,-0.9561703032947787,0.9561703032947787,control,ridge
2026-04-23,cv_2,sma_60,184.73683293660483,False,184.73683293660483,185.04400037129722,185.13092341672623,0.6059838190727619,-0.650331688269199,0.650331688269199,control,ridge
2026-04-24,cv_2,sma_60,185.0159996032715,False,185.0159996032715,185.04400037129722,185.13092341672623,0.6059838190727619,-0.189648320363713,0.189648320363713,control,ridge
2026-04-27,cv_2,sma_60,185.41766637166344,False,185.41766637166344,185.04400037129722,185.13092341672623,0.6059838190727619,0.4731858275951434,0.4731858275951434,control,ridge
2026-04-28,cv_2,sma_60,185.7849995930989,False,185.7849995930989,185.04400037129722,185.13092341672623,0.6059838190727619,1.0793624446498935,1.0793624446498935,control,ridge
2026-04-29,cv_2,sma_60,186.1789995829264,False,186.1789995829264,185.04400037129722,185.13092341672623,0.6059838190727619,1.7295448050145317,1.7295448050145317,control,ridge
2026-04-30,cv_2,sma_60,186.4994997660319,False,186.4994997660319,185.04400037129722,185.13092341672623,0.6059838190727619,2.2584371170170496,2.2584371170170496,control,ridge
2026-05-01,cv_2,sma_60,186.9038330078125,False,186.9038330078125,185.04400037129722,185.13092341672623,0.6059838190727619,2.925671503570929,2.925671503570929,control,ridge
2026-05-04,cv_2,sma_60,187.347166188558,False,187.347166188558,185.04400037129722,185.13092341672623,0.6059838190727619,3.657263943487655,3.657263943487655,control,ridge
2026-05-05,cv_2,sma_60,187.53199946085613,False,187.53199946085613,185.04400037129722,185.13092341672623,0.6059838190727619,3.9622774875472233,3.9622774875472233,control,ridge
2026-05-06,cv_2,sma_60,187.8284996032715,False,187.8284996032715,185.04400037129722,185.13092341672623,0.6059838190727619,4.451564714504957,4.451564714504957,control,ridge
2026-05-07,cv_2,sma_60,188.211166381836,False,188.211166381836,185.04400037129722,185.13092341672623,0.6059838190727619,5.083044906748425,5.083044906748425,control,ridge
2026-04-02,cv_2,rolling_volatility_20,0.0231843022002209,False,0.0231843022002209,0.0229866330390899,0.023007241404426712,0.0038104656377400794,0.04646697087109776,0.04646697087109776,control,ridge
2026-04-06,cv_2,rolling_volatility_20,0.0221792106834409,False,0.0221792106834409,0.0229866330390899,0.023007241404426712,0.0038104656377400794,-0.21730434012702546,0.21730434012702546,control,ridge
2026-04-07,cv_2,rolling_volatility_20,0.0212678335283784,False,0.0212678335283784,0.0229866330390899,0.023007241404426712,0.0038104656377400794,-0.45648171153169737,0.45648171153169737,control,ridge
2026-04-08,cv_2,rolling_volatility_20,0.0217346173207621,False,0.0217346173207621,0.0229866330390899,0.023007241404426712,0.0038104656377400794,-0.33398125180821325,0.33398125180821325,control,ridge
2026-04-09,cv_2,rolling_volatility_20,0.0218038648330134,False,0.0218038648330134,0.0229866330390899,0.023007241404426712,0.0038104656377400794,-0.3158082727461658,0.3158082727461658,control,ridge
2026-04-10,cv_2,rolling_volatility_20,0.0222354923338123,False,0.0222354923338123,0.0229866330390899,0.023007241404426712,0.0038104656377400794,-0.20253405855986756,0.20253405855986756,control,ridge
2026-04-13,cv_2,rolling_volatility_20,0.0218520741086747,False,0.0218520741086747,0.0229866330390899,0.023007241404426712,0.0038104656377400794,-0.30315646579012884,0.30315646579012884,control,ridge
2026-04-14,cv_2,rolling_volatility_20,0.023066194427183,False,0.023066194427183,0.0229866330390899,0.023007241404426712,0.0038104656377400794,0.015471343494715498,0.015471343494715498,control,ridge
2026-04-15,cv_2,rolling_volatility_20,0.0229899713298604,False,0.0229899713298604,0.0229866330390899,0.023007241404426712,0.0038104656377400794,-0.004532274059963397,0.004532274059963397,control,ridge
2026-04-16,cv_2,rolling_volatility_20,0.0228520003115691,False,0.0228520003115691,0.0229866330390899,0.023007241404426712,0.0038104656377400794,-0.04074071455206238,0.04074071455206238,control,ridge
2026-04-17,cv_2,rolling_volatility_20,0.0227035024966864,False,0.0227035024966864,0.0229866330390899,0.023007241404426712,0.0038104656377400794,-0.07971175615178977,0.07971175615178977,control,ridge
2026-04-20,cv_2,rolling_volatility_20,0.02079864717218,False,0.02079864717218,0.0229866330390899,0.023007241404426712,0.0038104656377400794,-0.5796126883738523,0.5796126883738523,control,ridge
2026-04-21,cv_2,rolling_volatility_20,0.0210972255883431,False,0.0210972255883431,0.0229866330390899,0.023007241404426712,0.0038104656377400794,-0.5012552264390471,0.5012552264390471,control,ridge
2026-04-22,cv_2,rolling_volatility_20,0.0210276276365668,False,0.0210276276365668,0.0229866330390899,0.023007241404426712,0.0038104656377400794,-0.5195201731392562,0.5195201731392562,control,ridge
2026-04-23,cv_2,rolling_volatility_20,0.0213447618716321,False,0.0213447618716321,0.0229866330390899,0.023007241404426712,0.0038104656377400794,-0.43629301267773657,0.43629301267773657,control,ridge
2026-04-24,cv_2,rolling_volatility_20,0.0198025948331895,False,0.0198025948331895,0.0229866330390899,0.023007241404426712,0.0038104656377400794,-0.8410118016804456,0.8410118016804456,control,ridge
2026-04-27,cv_2,rolling_volatility_20,0.0194039791000413,False,0.0194039791000413,0.0229866330390899,0.023007241404426712,0.0038104656377400794,-0.9456225687216653,0.9456225687216653,control,ridge
2026-04-28,cv_2,rolling_volatility_20,0.0195442752549368,False,0.0195442752549368,0.0229866330390899,0.023007241404426712,0.0038104656377400794,-0.9088039307300344,0.9088039307300344,control,ridge
2026-04-29,cv_2,rolling_volatility_20,0.0179626686694096,False,0.0179626686694096,0.0229866330390899,0.023007241404426712,0.0038104656377400794,-1.3238730419332587,1.3238730419332587,control,ridge
2026-04-30,cv_2,rolling_volatility_20,0.0218480501618942,False,0.0218480501618942,0.0229866330390899,0.023007241404426712,0.0038104656377400794,-0.3042124907390604,0.3042124907390604,control,ridge
2026-05-01,cv_2,rolling_volatility_20,0.0220047484368616,False,0.0220047484368616,0.0229866330390899,0.023007241404426712,0.0038104656377400794,-0.26308936042779096,0.26308936042779096,control,ridge
2026-05-04,cv_2,rolling_volatility_20,0.0220199186835027,False,0.0220199186835027,0.0229866330390899,0.023007241404426712,0.0038104656377400794,-0.2591081549575599,0.2591081549575599,control,ridge
2026-05-05,cv_2,rolling_volatility_20,0.0222936432183421,False,0.0222936432183421,0.0229866330390899,0.023007241404426712,0.0038104656377400794,-0.18727322430542503,0.18727322430542503,control,ridge
2026-05-06,cv_2,rolling_volatility_20,0.0249644962629608,False,0.0249644962629608,0.0229866330390899,0.023007241404426712,0.0038104656377400794,0.51365241012773,0.51365241012773,control,ridge
2026-05-07,cv_2,rolling_volatility_20,0.0250722985184391,False,0.0250722985184391,0.0229866330390899,0.023007241404426712,0.0038104656377400794,0.5419435077853472,0.5419435077853472,control,ridge
2026-04-02,cv_2,rolling_volatility_60,0.0235265666719851,False,0.0235265666719851,0.0218968031999569,0.02192750104465032,0.0006275448623170982,2.5481295814143254,2.5481295814143254,control,ridge
2026-04-06,cv_2,rolling_volatility_60,0.02348699000999,False,0.02348699000999,0.0218968031999569,0.02192750104465032,0.0006275448623170982,2.48506371254725,2.48506371254725,control,ridge
2026-04-07,cv_2,rolling_volatility_60,0.0233317065283358,False,0.0233317065283358,0.0218968031999569,0.02192750104465032,0.0006275448623170982,2.237617687603559,2.237617687603559,control,ridge
2026-04-08,cv_2,rolling_volatility_60,0.0235150119881972,False,0.0235150119881972,0.0218968031999569,0.02192750104465032,0.0006275448623170982,2.529717059088456,2.529717059088456,control,ridge
2026-04-09,cv_2,rolling_volatility_60,0.0235506388308758,False,0.0235506388308758,0.0218968031999569,0.02192750104465032,0.0006275448623170982,2.5864888451677097,2.5864888451677097,control,ridge
2026-04-10,cv_2,rolling_volatility_60,0.0237733150918177,False,0.0237733150918177,0.0218968031999569,0.02192750104465032,0.0006275448623170982,2.941326043770062,2.941326043770062,control,ridge
2026-04-13,cv_2,rolling_volatility_60,0.0236955288857876,False,0.0236955288857876,0.0218968031999569,0.02192750104465032,0.0006275448623170982,2.8173728243254996,2.8173728243254996,control,ridge
2026-04-14,cv_2,rolling_volatility_60,0.0240358625243672,False,0.0240358625243672,0.0218968031999569,0.02192750104465032,0.0006275448623170982,3.35969841571506,3.35969841571506,control,ridge
2026-04-15,cv_2,rolling_volatility_60,0.0240655604850426,False,0.0240655604850426,0.0218968031999569,0.02192750104465032,0.0006275448623170982,3.4070224597136747,3.4070224597136747,control,ridge
2026-04-16,cv_2,rolling_volatility_60,0.0233306871126711,False,0.0233306871126711,0.0218968031999569,0.02192750104465032,0.0006275448623170982,2.2359932369452675,2.2359932369452675,control,ridge
2026-04-17,cv_2,rolling_volatility_60,0.0231345765492307,False,0.0231345765492307,0.0218968031999569,0.02192750104465032,0.0006275448623170982,1.923488784727624,1.923488784727624,control,ridge
2026-04-20,cv_2,rolling_volatility_60,0.0231191405125022,False,0.0231191405125022,0.0218968031999569,0.02192750104465032,0.0006275448623170982,1.8988912815762087,1.8988912815762087,control,ridge
2026-04-21,cv_2,rolling_volatility_60,0.0231051460910096,False,0.0231051460910096,0.0218968031999569,0.02192750104465032,0.0006275448623170982,1.8765910089854505,1.8765910089854505,control,ridge
2026-04-22,cv_2,rolling_volatility_60,0.0231320560348749,False,0.0231320560348749,0.0218968031999569,0.02192750104465032,0.0006275448623170982,1.9194723159344713,1.9194723159344713,control,ridge
2026-04-23,cv_2,rolling_volatility_60,0.023187068746804,False,0.023187068746804,0.0218968031999569,0.02192750104465032,0.0006275448623170982,2.0071357089960835,2.0071357089960835,control,ridge
2026-04-24,cv_2,rolling_volatility_60,0.0237419645790367,False,0.0237419645790367,0.0218968031999569,0.02192750104465032,0.0006275448623170982,2.8913686388679785,2.8913686388679785,control,ridge
2026-04-27,cv_2,rolling_volatility_60,0.0242504462725725,False,0.0242504462725725,0.0218968031999569,0.02192750104465032,0.0006275448623170982,3.7016401016257503,3.7016401016257503,control,ridge
2026-04-28,cv_2,rolling_volatility_60,0.0243337730544939,False,0.0243337730544939,0.0218968031999569,0.02192750104465032,0.0006275448623170982,3.8344222928681866,3.8344222928681866,control,ridge
2026-04-29,cv_2,rolling_volatility_60,0.0241442566663432,False,0.0241442566663432,0.0218968031999569,0.02192750104465032,0.0006275448623170982,3.5324257352819384,3.5324257352819384,control,ridge
2026-04-30,cv_2,rolling_volatility_60,0.0246342594903129,False,0.0246342594903129,0.0218968031999569,0.02192750104465032,0.0006275448623170982,4.313250905550169,4.313250905550169,control,ridge
2026-05-01,cv_2,rolling_volatility_60,0.0241975439827899,False,0.0241975439827899,0.0218968031999569,0.02192750104465032,0.0006275448623170982,3.6173396906762147,3.6173396906762147,control,ridge
2026-05-04,cv_2,rolling_volatility_60,0.0241116294961528,False,0.0241116294961528,0.0218968031999569,0.02192750104465032,0.0006275448623170982,3.480433962024597,3.480433962024597,control,ridge
2026-05-05,cv_2,rolling_volatility_60,0.0219973590510888,False,0.0219973590510888,0.0218968031999569,0.02192750104465032,0.0006275448623170982,0.11131954165084296,0.11131954165084296,control,ridge
2026-05-06,cv_2,rolling_volatility_60,0.0229787687953196,False,0.0229787687953196,0.0218968031999569,0.02192750104465032,0.0006275448623170982,1.6752073258757285,1.6752073258757285,control,ridge
2026-05-07,cv_2,rolling_volatility_60,0.0230336978195936,False,0.0230336978195936,0.0218968031999569,0.02192750104465032,0.0006275448623170982,1.7627373616905162,1.7627373616905162,control,ridge
2026-04-02,cv_2,simple_return,0.0093314332270182,False,0.0093314332270182,-0.0006991550194092001,-0.00014261555524804794,0.02236163835533308,0.4236741794908225,0.4236741794908225,treatment,ols
2026-04-06,cv_2,simple_return,0.0014093240930164,False,0.0014093240930164,-0.0006991550194092001,-0.00014261555524804794,0.02236163835533308,0.06940187581981541,0.06940187581981541,treatment,ols
2026-04-07,cv_2,simple_return,0.0025895446715138,False,0.0025895446715138,-0.0006991550194092001,-0.00014261555524804794,0.02236163835533308,0.12218068208362062,0.12218068208362062,treatment,ols
2026-04-08,cv_2,simple_return,0.0223469713146771,False,0.0223469713146771,-0.0006991550194092001,-0.00014261555524804794,0.02236163835533308,1.005721786237615,1.005721786237615,treatment,ols
2026-04-09,cv_2,simple_return,0.0100505371960213,False,0.0100505371960213,-0.0006991550194092001,-0.00014261555524804794,0.02236163835533308,0.4558321080636902,0.4558321080636902,treatment,ols
2026-04-10,cv_2,simple_return,0.0256647334387258,False,0.0256647334387258,-0.0006991550194092001,-0.00014261555524804794,0.02236163835533308,1.1540902586781614,1.1540902586781614,treatment,ols
2026-04-13,cv_2,simple_return,0.003604901967763,False,0.003604901967763,-0.0006991550194092001,-0.00014261555524804794,0.02236163835533308,0.16758689428126336,0.16758689428126336,treatment,ols
2026-04-14,cv_2,simple_return,0.0380328405319099,False,0.0380328405319099,-0.0006991550194092001,-0.00014261555524804794,0.02236163835533308,1.7071851123132666,1.7071851123132666,treatment,ols
2026-04-15,cv_2,simple_return,0.0120095703848255,False,0.0120095703848255,-0.0006991550194092001,-0.00014261555524804794,0.02236163835533308,0.5434389800501959,0.5434389800501959,treatment,ols
2026-04-16,cv_2,simple_return,-0.0026147182905369,False,-0.0026147182905369,-0.0006991550194092001,-0.00014261555524804794,0.02236163835533308,-0.11055105605440911,0.11055105605440911,treatment,ols
2026-04-17,cv_2,simple_return,0.0167884369538551,False,0.0167884369538551,-0.0006991550194092001,-0.00014261555524804794,0.02236163835533308,0.7571472286629312,0.7571472286629312,treatment,ols
2026-04-20,cv_2,simple_return,0.0018841972263623,False,0.0018841972263623,-0.0006991550194092001,-0.00014261555524804794,0.02236163835533308,0.09063793758774248,0.09063793758774248,treatment,ols
2026-04-21,cv_2,simple_return,-0.0107888384743203,False,-0.0107888384743203,-0.0006991550194092001,-0.00014261555524804794,0.02236163835533308,-0.476093153368309,0.476093153368309,treatment,ols
2026-04-22,cv_2,simple_return,0.0131078399699038,False,0.0131078399699038,-0.0006991550194092001,-0.00014261555524804794,0.02236163835533308,0.5925529835783127,0.5925529835783127,treatment,ols
2026-04-23,cv_2,simple_return,-0.0141234598042052,False,-0.0141234598042052,-0.0006991550194092001,-0.00014261555524804794,0.02236163835533308,-0.6252155600943626,0.6252155600943626,treatment,ols
2026-04-24,cv_2,simple_return,0.0432278346483503,False,0.0432278346483503,-0.0006991550194092001,-0.00014261555524804794,0.02236163835533308,1.939502352843249,1.939502352843249,treatment,ols
2026-04-27,cv_2,simple_return,0.0400441550237844,False,0.0400441550237844,-0.0006991550194092001,-0.00014261555524804794,0.02236163835533308,1.79712997502476,1.79712997502476,treatment,ols
2026-04-28,cv_2,simple_return,-0.0158810878154896,False,-0.0158810878154896,-0.0006991550194092001,-0.00014261555524804794,0.02236163835533308,-0.7038157048313076,0.7038157048313076,treatment,ols
2026-04-29,cv_2,simple_return,-0.0183890707070258,False,-0.0183890707070258,-0.0006991550194092001,-0.00014261555524804794,0.02236163835533308,-0.8159713014688887,0.8159713014688887,treatment,ols
2026-04-30,cv_2,simple_return,-0.0462604190001493,False,-0.0462604190001493,-0.0006991550194092001,-0.00014261555524804794,0.02236163835533308,-2.062362458066607,2.062362458066607,treatment,ols
2026-05-01,cv_2,simple_return,-0.0056121177274749,False,-0.0056121177274749,-0.0006991550194092001,-0.00014261555524804794,0.02236163835533308,-0.2445930877386906,0.2445930877386906,treatment,ols
2026-05-04,cv_2,simple_return,0.0001511654308801,False,0.0001511654308801,-0.0006991550194092001,-0.00014261555524804794,0.02236163835533308,0.013137721908380806,0.013137721908380806,treatment,ols
2026-05-05,cv_2,simple_return,-0.0099757948919801,False,-0.0099757948919801,-0.0006991550194092001,-0.00014261555524804794,0.02236163835533308,-0.4397342976610171,0.4397342976610171,treatment,ols
2026-05-06,cv_2,simple_return,0.0576590423972249,False,0.0576590423972249,-0.0006991550194092001,-0.00014261555524804794,0.02236163835533308,2.584857917563437,2.584857917563437,treatment,ols
2026-05-07,cv_2,simple_return,0.0176586543646795,False,0.0176586543646795,-0.0006991550194092001,-0.00014261555524804794,0.02236163835533308,0.7960628661039982,0.7960628661039982,treatment,ols
2026-04-02,cv_2,log_return,0.0092881643693413,False,0.0092881643693413,-0.00069943701438725,-0.0003925142751289122,0.022353008082570094,0.4330816957033531,0.4330816957033531,treatment,ols
2026-04-06,cv_2,log_return,0.0014083319278955,False,0.0014083319278955,-0.00069943701438725,-0.0003925142751289122,0.022353008082570094,0.08056393109921677,0.08056393109921677,treatment,ols
2026-04-07,cv_2,log_return,0.0025861975777649,False,0.0025861975777649,-0.00069943701438725,-0.0003925142751289122,0.022353008082570094,0.1332577629771665,0.1332577629771665,treatment,ols
2026-04-08,cv_2,log_return,0.0221009364285097,False,0.0221009364285097,-0.00069943701438725,-0.0003925142751289122,0.022353008082570094,1.0062829405576976,1.0062829405576976,treatment,ols
2026-04-09,cv_2,log_return,0.0100003664291116,False,0.0100003664291116,-0.00069943701438725,-0.0003925142751289122,0.022353008082570094,0.4649432714313037,0.4649432714313037,treatment,ols
2026-04-10,cv_2,log_return,0.0253409228198977,False,0.0253409228198977,-0.00069943701438725,-0.0003925142751289122,0.022353008082570094,1.1512292663237764,1.1512292663237764,treatment,ols
2026-04-13,cv_2,log_return,0.0035984198821823,False,0.0035984198821823,-0.00069943701438725,-0.0003925142751289122,0.022353008082570094,0.17854125684422625,0.17854125684422625,treatment,ols
2026-04-14,cv_2,log_return,0.037327422520587,False,0.037327422520587,-0.00069943701438725,-0.0003925142751289122,0.022353008082570094,1.6874658057824568,1.6874658057824568,treatment,ols
2026-04-15,cv_2,log_return,0.011938027722559,False,0.011938027722559,-0.00069943701438725,-0.0003925142751289122,0.022353008082570094,0.5516278593082394,0.5516278593082394,treatment,ols
2026-04-16,cv_2,log_return,-0.0026181426368427,False,-0.0026181426368427,-0.00069943701438725,-0.0003925142751289122,0.022353008082570094,-0.09956728658140808,0.09956728658140808,treatment,ols
2026-04-17,cv_2,log_return,0.0166490688318436,False,0.0166490688318436,-0.00069943701438725,-0.0003925142751289122,0.022353008082570094,0.7623843307362645,0.7623843307362645,treatment,ols
2026-04-20,cv_2,log_return,0.0018824243533806,False,0.0018824243533806,-0.00069943701438725,-0.0003925142751289122,0.022353008082570094,0.10177326559835186,0.10177326559835186,treatment,ols
2026-04-21,cv_2,log_return,-0.0108474600122816,False,-0.0108474600122816,-0.00069943701438725,-0.0003925142751289122,0.022353008082570094,-0.46771985669816857,0.46771985669816857,treatment,ols
2026-04-22,cv_2,log_return,0.0130226756418701,False,0.0130226756418701,-0.00069943701438725,-0.0003925142751289122,0.022353008082570094,0.6001514367750619,0.6001514367750619,treatment,ols
2026-04-23,cv_2,log_return,-0.0142241450024462,False,-0.0142241450024462,-0.00069943701438725,-0.0003925142751289122,0.022353008082570094,-0.6187816277891741,0.6187816277891741,treatment,ols
2026-04-24,cv_2,log_return,0.0423195938208257,False,0.0423195938208257,-0.00069943701438725,-0.0003925142751289122,0.022353008082570094,1.9107991165296299,1.9107991165296299,treatment,ols
2026-04-27,cv_2,log_return,0.0392631690056577,False,0.0392631690056577,-0.00069943701438725,-0.0003925142751289122,0.022353008082570094,1.7740647314357834,1.7740647314357834,treatment,ols
2026-04-28,cv_2,log_return,-0.0160085435151731,False,-0.0160085435151731,-0.00069943701438725,-0.0003925142751289122,0.022353008082570094,-0.6986097433669739,0.6986097433669739,treatment,ols
2026-04-29,cv_2,log_return,-0.0185602514858731,False,-0.0185602514858731,-0.00069943701438725,-0.0003925142751289122,0.022353008082570094,-0.8127647582658282,0.8127647582658282,treatment,ols
2026-04-30,cv_2,log_return,-0.0473646206896926,False,-0.0473646206896926,-0.00069943701438725,-0.0003925142751289122,0.022353008082570094,-2.101377418245131,2.101377418245131,treatment,ols
2026-05-01,cv_2,log_return,-0.005627924828786,False,-0.005627924828786,-0.00069943701438725,-0.0003925142751289122,0.022353008082570094,-0.23421503425033136,0.23421503425033136,treatment,ols
2026-05-04,cv_2,log_return,0.0001511540065376,False,0.0001511540065376,-0.00069943701438725,-0.0003925142751289122,0.022353008082570094,0.02432192927494359,0.02432192927494359,treatment,ols
2026-05-05,cv_2,log_return,-0.0100258865483277,False,-0.0100258865483277,-0.00069943701438725,-0.0003925142751289122,0.022353008082570094,-0.43096536437574473,0.43096536437574473,treatment,ols
2026-05-06,cv_2,log_return,0.0560580153320141,False,0.0560580153320141,-0.00069943701438725,-0.0003925142751289122,0.022353008082570094,2.5254108708152208,2.5254108708152208,treatment,ols
2026-05-07,cv_2,log_return,0.0175045518450026,False,0.0175045518450026,-0.00069943701438725,-0.0003925142751289122,0.022353008082570094,0.8006558246666975,0.8006558246666975,treatment,ols
2026-04-02,cv_2,intraday_return,0.0302590715268395,False,0.0302590715268395,-0.0022345693713182,-0.0025361428019097403,0.019280193989669618,1.7009794790613106,1.7009794790613106,treatment,ols
2026-04-06,cv_2,intraday_return,0.0027093910454785,False,0.0027093910454785,-0.0022345693713182,-0.0025361428019097403,0.019280193989669618,0.27206852017146776,0.27206852017146776,treatment,ols
2026-04-07,cv_2,intraday_return,0.0134866581323496,False,0.0134866581323496,-0.0022345693713182,-0.0025361428019097403,0.019280193989669618,0.8310497779661554,0.8310497779661554,treatment,ols
2026-04-08,cv_2,intraday_return,-0.013116521240896,False,-0.013116521240896,-0.0022345693713182,-0.0025361428019097403,0.019280193989669618,-0.5487692937454497,0.5487692937454497,treatment,ols
2026-04-09,cv_2,intraday_return,0.0113836744715516,False,0.0113836744715516,-0.0022345693713182,-0.0025361428019097403,0.019280193989669618,0.7219749594282929,0.7219749594282929,treatment,ols
2026-04-10,cv_2,intraday_return,0.0234388116838069,False,0.0234388116838069,-0.0022345693713182,-0.0025361428019097403,0.019280193989669618,1.3472351211628937,1.3472351211628937,treatment,ols
2026-04-13,cv_2,intraday_return,0.0176315583552102,False,0.0176315583552102,-0.0022345693713182,-0.0025361428019097403,0.019280193989669618,1.046032066271006,1.046032066271006,treatment,ols
2026-04-14,cv_2,intraday_return,0.0297107434382168,False,0.0297107434382168,-0.0022345693713182,-0.0025361428019097403,0.019280193989669618,1.6725395116566,1.6725395116566,treatment,ols
2026-04-15,cv_2,intraday_return,0.0118551028322391,False,0.0118551028322391,-0.0022345693713182,-0.0025361428019097403,0.019280193989669618,0.7464263918640917,0.7464263918640917,treatment,ols
2026-04-16,cv_2,intraday_return,0.0046599476364526,False,0.0046599476364526,-0.0022345693713182,-0.0025361428019097403,0.019280193989669618,0.37323744990418795,0.37323744990418795,treatment,ols
2026-04-17,cv_2,intraday_return,0.008904446391422,False,0.008904446391422,-0.0022345693713182,-0.0025361428019097403,0.019280193989669618,0.5933855852001095,0.5933855852001095,treatment,ols
2026-04-20,cv_2,intraday_return,0.010401049482412,False,0.010401049482412,-0.0022345693713182,-0.0025361428019097403,0.019280193989669618,0.6710094458205931,0.6710094458205931,treatment,ols
2026-04-21,cv_2,intraday_return,-0.0111314497879939,False,-0.0111314497879939,-0.0022345693713182,-0.0025361428019097403,0.019280193989669618,-0.44581019209088607,0.44581019209088607,treatment,ols
2026-04-22,cv_2,intraday_return,0.007512784046803,False,0.007512784046803,-0.0022345693713182,-0.0025361428019097403,0.019280193989669618,0.5212046545847507,0.5212046545847507,treatment,ols
2026-04-23,cv_2,intraday_return,-0.0139287129838151,False,-0.0139287129838151,-0.0022345693713182,-0.0025361428019097403,0.019280193989669618,-0.5908949976338169,0.5908949976338169,treatment,ols
2026-04-24,cv_2,intraday_return,0.0415582980574955,False,0.0415582980574955,-0.0022345693713182,-0.0025361428019097403,0.019280193989669618,2.2870330497209292,2.2870330497209292,treatment,ols
2026-04-27,cv_2,intraday_return,0.0331982204459482,False,0.0331982204459482,-0.0022345693713182,-0.0025361428019097403,0.019280193989669618,1.853423428571544,1.853423428571544,treatment,ols
2026-04-28,cv_2,intraday_return,0.0175664355305069,False,0.0175664355305069,-0.0022345693713182,-0.0025361428019097403,0.019280193989669618,1.0426543603859826,1.0426543603859826,treatment,ols
2026-04-29,cv_2,intraday_return,-0.0162200140937552,False,-0.0162200140937552,-0.0022345693713182,-0.0025361428019097403,0.019280193989669618,-0.7097372204438045,0.7097372204438045,treatment,ols
2026-04-30,cv_2,intraday_return,-0.0493497152051188,False,-0.0493497152051188,-0.0022345693713182,-0.0025361428019097403,0.019280193989669618,-2.428065424460558,2.428065424460558,treatment,ols
2026-05-01,cv_2,intraday_return,-0.0140600250805733,False,-0.0140600250805733,-0.0022345693713182,-0.0025361428019097403,0.019280193989669618,-0.597705722506635,0.597705722506635,treatment,ols
2026-05-04,cv_2,intraday_return,-0.0051128033707316,False,-0.0051128033707316,-0.0022345693713182,-0.0025361428019097403,0.019280193989669618,-0.13364287569940642,0.13364287569940642,treatment,ols
2026-05-05,cv_2,intraday_return,-0.0140491871996141,False,-0.0140491871996141,-0.0022345693713182,-0.0025361428019097403,0.019280193989669618,-0.5971435974074266,0.5971435974074266,treatment,ols
2026-05-06,cv_2,intraday_return,0.0397218593508956,False,0.0397218593508956,-0.0022345693713182,-0.0025361428019097403,0.019280193989669618,2.1917830378391057,2.1917830378391057,treatment,ols
2026-05-07,cv_2,intraday_return,0.0151675324837021,False,0.0151675324837021,-0.0022345693713182,-0.0025361428019097403,0.019280193989669618,0.918231180407081,0.918231180407081,treatment,ols
2026-04-02,cv_2,daily_range,0.034500312289497,False,0.034500312289497,0.0253485107139185,0.02927140302976908,0.013689166636319576,0.3819742573557967,0.3819742573557967,treatment,ols
2026-04-06,cv_2,daily_range,0.0114275995624393,False,0.0114275995624393,0.0253485107139185,0.02927140302976908,0.013689166636319576,-1.3034981559788512,1.3034981559788512,treatment,ols
2026-04-07,cv_2,daily_range,0.025659696287565,False,0.025659696287565,0.0253485107139185,0.02927140302976908,0.013689166636319576,-0.26383686006287915,0.26383686006287915,treatment,ols
2026-04-08,cv_2,daily_range,0.0272407260830343,False,0.0272407260830343,0.0253485107139185,0.02927140302976908,0.013689166636319576,-0.14834189696742128,0.14834189696742128,treatment,ols
2026-04-09,cv_2,daily_range,0.0188135862376693,False,0.0188135862376693,0.0253485107139185,0.02927140302976908,0.013689166636319576,-0.7639483885274285,0.7639483885274285,treatment,ols
2026-04-10,cv_2,daily_range,0.030217869907724,False,0.030217869907724,0.0253485107139185,0.02927140302976908,0.013689166636319576,0.06913984635440047,0.06913984635440047,treatment,ols
2026-04-13,cv_2,daily_range,0.0207067678384601,False,0.0207067678384601,0.0253485107139185,0.02927140302976908,0.013689166636319576,-0.6256505906346129,0.6256505906346129,treatment,ols
2026-04-14,cv_2,daily_range,0.0292096605507532,False,0.0292096605507532,0.0253485107139185,0.02927140302976908,0.013689166636319576,-0.004510316855378892,0.004510316855378892,treatment,ols
2026-04-15,cv_2,daily_range,0.0234323352830291,False,0.0234323352830291,0.0253485107139185,0.02927140302976908,0.013689166636319576,-0.4265466190796443,0.4265466190796443,treatment,ols
2026-04-16,cv_2,daily_range,0.020368078752735,False,0.020368078752735,0.0253485107139185,0.02927140302976908,0.013689166636319576,-0.6503919861280758,0.6503919861280758,treatment,ols
2026-04-17,cv_2,daily_range,0.012048754284158,False,0.012048754284158,0.0253485107139185,0.02927140302976908,0.013689166636319576,-1.2581225141869925,1.2581225141869925,treatment,ols
2026-04-20,cv_2,daily_range,0.0214292877530053,False,0.0214292877530053,0.0253485107139185,0.02927140302976908,0.013689166636319576,-0.5728701742849255,0.5728701742849255,treatment,ols
2026-04-21,cv_2,daily_range,0.0187612562957389,False,0.0187612562957389,0.0253485107139185,0.02927140302976908,0.013689166636319576,-0.7677711151638011,0.7677711151638011,treatment,ols
2026-04-22,cv_2,daily_range,0.0172839506172839,False,0.0172839506172839,0.0253485107139185,0.02927140302976908,0.013689166636319576,-0.8756889831905857,0.8756889831905857,treatment,ols
2026-04-23,cv_2,daily_range,0.0331096004335807,False,0.0331096004335807,0.0253485107139185,0.02927140302976908,0.013689166636319576,0.28038210840594646,0.28038210840594646,treatment,ols
2026-04-24,cv_2,daily_range,0.0534882564033321,False,0.0534882564033321,0.0253485107139185,0.02927140302976908,0.013689166636319576,1.7690524205696925,1.7690524205696925,treatment,ols
2026-04-27,cv_2,daily_range,0.0436267804885024,False,0.0436267804885024,0.0253485107139185,0.02927140302976908,0.013689166636319576,1.0486670109374066,1.0486670109374066,treatment,ols
2026-04-28,cv_2,daily_range,0.0306328227958306,False,0.0306328227958306,0.0253485107139185,0.02927140302976908,0.013689166636319576,0.09945234813998478,0.09945234813998478,treatment,ols
2026-04-29,cv_2,daily_range,0.0245639158406138,False,0.0245639158406138,0.0253485107139185,0.02927140302976908,0.013689166636319576,-0.3438841321914773,0.3438841321914773,treatment,ols
2026-04-30,cv_2,daily_range,0.0581249971328127,False,0.0581249971328127,0.0253485107139185,0.02927140302976908,0.013689166636319576,2.1077684909240832,2.1077684909240832,treatment,ols
2026-05-01,cv_2,daily_range,0.0296296546900228,False,0.0296296546900228,0.0253485107139185,0.02927140302976908,0.013689166636319576,0.02617045067617341,0.02617045067617341,treatment,ols
2026-05-04,cv_2,daily_range,0.0352176057277347,False,0.0352176057277347,0.0253485107139185,0.02927140302976908,0.013689166636319576,0.434372877176422,0.434372877176422,treatment,ols
2026-05-05,cv_2,daily_range,0.0214249705540316,False,0.0214249705540316,0.0253485107139185,0.02927140302976908,0.013689166636319576,-0.5731855476811587,0.5731855476811587,treatment,ols
2026-05-06,cv_2,daily_range,0.0464803136072815,False,0.0464803136072815,0.0253485107139185,0.02927140302976908,0.013689166636319576,1.2571189346073406,1.2571189346073406,treatment,ols
2026-05-07,cv_2,daily_range,0.0364066049562278,False,0.0364066049562278,0.0253485107139185,0.02927140302976908,0.013689166636319576,0.521229824723433,0.521229824723433,treatment,ols
2026-04-02,cv_2,close_to_sma_5,0.031061461880441232,False,0.031061461880441232,0.0011701555380534412,-0.0008422217230210656,0.02300916829300397,1.3865639642943002,1.3865639642943002,treatment,ols
2026-04-06,cv_2,close_to_sma_5,0.020508997864400635,False,0.020508997864400635,0.0011701555380534412,-0.0008422217230210656,0.02300916829300397,0.9279439967377539,0.9279439967377539,treatment,ols
2026-04-07,cv_2,close_to_sma_5,0.008174114378520336,False,0.008174114378520336,0.0011701555380534412,-0.0008422217230210656,0.02300916829300397,0.3918584099488227,0.3918584099488227,treatment,ols
2026-04-08,cv_2,close_to_sma_5,0.021819163929823304,False,0.021819163929823304,0.0011701555380534412,-0.0008422217230210656,0.02300916829300397,0.9848850407919637,0.9848850407919637,treatment,ols
2026-04-09,cv_2,close_to_sma_5,0.022722225841717014,False,0.022722225841717014,0.0011701555380534412,-0.0008422217230210656,0.02300916829300397,1.0241329571179218,1.0241329571179218,treatment,ols
2026-04-10,cv_2,close_to_sma_5,0.036018726628296305,False,0.036018726628296305,0.0011701555380534412,-0.0008422217230210656,0.02300916829300397,1.6020113322620657,1.6020113322620657,treatment,ols
2026-04-13,cv_2,close_to_sma_5,0.026593465919287906,False,0.026593465919287906,0.0011701555380534412,-0.0008422217230210656,0.02300916829300397,1.1923806759521554,1.1923806759521554,treatment,ols
2026-04-14,cv_2,close_to_sma_5,0.04477688101681676,False,0.04477688101681676,0.0011701555380534412,-0.0008422217230210656,0.02300916829300397,1.9826489231993882,1.9826489231993882,treatment,ols
2026-04-15,cv_2,close_to_sma_5,0.03877853809855325,False,0.03877853809855325,0.0011701555380534412,-0.0008422217230210656,0.02300916829300397,1.721955323070985,1.721955323070985,treatment,ols
2026-04-16,cv_2,close_to_sma_5,0.02066548559333148,False,0.02066548559333148,0.0011701555380534412,-0.0008422217230210656,0.02300916829300397,0.9347450999735637,0.9347450999735637,treatment,ols
2026-04-17,cv_2,close_to_sma_5,0.02404742236836066,False,0.02404742236836066,0.0011701555380534412,-0.0008422217230210656,0.02300916829300397,1.0817272390914505,1.0817272390914505,treatment,ols
2026-04-20,cv_2,close_to_sma_5,0.012862544248568808,False,0.012862544248568808,0.0011701555380534412,-0.0008422217230210656,0.02300916829300397,0.5956219623877871,0.5956219623877871,treatment,ols
2026-04-21,cv_2,close_to_sma_5,-0.0014387633678677458,False,-0.0014387633678677458,0.0011701555380534412,-0.0008422217230210656,0.02300916829300397,-0.02592625849184045,0.02592625849184045,treatment,ols
2026-04-22,cv_2,close_to_sma_5,0.007994264407636065,False,0.007994264407636065,0.0011701555380534412,-0.0008422217230210656,0.02300916829300397,0.3840419618011095,0.3840419618011095,treatment,ols
2026-04-23,cv_2,close_to_sma_5,-0.007516701399821302,False,-0.007516701399821302,0.0011701555380534412,-0.0008422217230210656,0.02300916829300397,-0.2900791367947723,0.2900791367947723,treatment,ols
2026-04-24,cv_2,close_to_sma_5,0.028646234092898792,False,0.028646234092898792,0.0011701555380534412,-0.0008422217230210656,0.02300916829300397,1.2815959030073218,1.2815959030073218,treatment,ols
2026-04-27,cv_2,close_to_sma_5,0.05467912493512728,False,0.05467912493512728,0.0011701555380534412,-0.0008422217230210656,0.02300916829300397,2.4130097164368096,2.4130097164368096,treatment,ols
2026-04-28,cv_2,close_to_sma_5,0.024668558958550024,False,0.024668558958550024,0.0011701555380534412,-0.0008422217230210656,0.02300916829300397,1.1087224169388057,1.1087224169388057,treatment,ols
2026-04-29,cv_2,close_to_sma_5,-0.000659065887058663,False,-0.000659065887058663,0.0011701555380534412,-0.0008422217230210656,0.02300916829300397,0.00796012413964967,0.00796012413964967,treatment,ols
2026-04-30,cv_2,close_to_sma_5,-0.04682527273589354,False,-0.04682527273589354,0.0011701555380534412,-0.0008422217230210656,0.02300916829300397,-1.9984664559498142,1.9984664559498142,treatment,ols
2026-05-01,cv_2,close_to_sma_5,-0.04319947753600373,False,-0.04319947753600373,0.0011701555380534412,-0.0008422217230210656,0.02300916829300397,-1.8408860013363264,1.8408860013363264,treatment,ols
2026-05-04,cv_2,close_to_sma_5,-0.026027577806803315,False,-0.026027577806803315,0.0011701555380534412,-0.0008422217230210656,0.02300916829300397,-1.0945791591884684,1.0945791591884684,treatment,ols
2026-05-05,cv_2,close_to_sma_5,-0.019705662259915102,False,-0.019705662259915102,0.0011701555380534412,-0.0008422217230210656,0.02300916829300397,-0.8198227896238014,0.8198227896238014,treatment,ols
2026-05-06,cv_2,close_to_sma_5,0.038288228024850435,False,0.038288228024850435,0.0011701555380534412,-0.0008422217230210656,0.02300916829300397,1.7006459881372276,1.7006459881372276,treatment,ols
2026-05-07,cv_2,close_to_sma_5,0.04417631594438154,False,0.04417631594438154,0.0011701555380534412,-0.0008422217230210656,0.02300916829300397,1.9565478027769772,1.9565478027769772,treatment,ols
2026-04-02,cv_2,close_to_sma_20,-0.001311763801575494,False,-0.001311763801575494,-0.005210814535522745,-0.0027686286958137863,0.03317835007539425,0.04391010676925534,0.04391010676925534,treatment,ols
2026-04-06,cv_2,close_to_sma_20,0.00014639035658681188,False,0.00014639035658681188,-0.005210814535522745,-0.0027686286958137863,0.03317835007539425,0.08785907212916041,0.08785907212916041,treatment,ols
2026-04-07,cv_2,close_to_sma_20,0.004022330245008421,False,0.004022330245008421,-0.005210814535522745,-0.0027686286958137863,0.03317835007539425,0.20468042941829476,0.20468042941829476,treatment,ols
2026-04-08,cv_2,close_to_sma_20,0.027238073249453487,False,0.027238073249453487,-0.005210814535522745,-0.0027686286958137863,0.03317835007539425,0.9044060924392038,0.9044060924392038,treatment,ols
2026-04-09,cv_2,close_to_sma_20,0.03818321920466028,False,0.03818321920466028,-0.005210814535522745,-0.0027686286958137863,0.03317835007539425,1.2342942855029069,1.2342942855029069,treatment,ols
2026-04-10,cv_2,close_to_sma_20,0.06318044137673295,False,0.06318044137673295,-0.005210814535522745,-0.0027686286958137863,0.03317835007539425,1.9877139738017273,1.9877139738017273,treatment,ols
2026-04-13,cv_2,close_to_sma_20,0.06429568376192862,False,0.06429568376192862,-0.005210814535522745,-0.0027686286958137863,0.03317835007539425,2.021327531518172,2.021327531518172,treatment,ols
2026-04-14,cv_2,close_to_sma_20,0.10066201956379217,False,0.10066201956379217,-0.005210814535522745,-0.0027686286958137863,0.03317835007539425,3.11741385646275,3.11741385646275,treatment,ols
2026-04-15,cv_2,close_to_sma_20,0.10862110060573871,False,0.10862110060573871,-0.005210814535522745,-0.0027686286958137863,0.03317835007539425,3.357301645453474,3.357301645453474,treatment,ols
2026-04-16,cv_2,close_to_sma_20,0.10021774958343355,False,0.10021774958343355,-0.005210814535522745,-0.0027686286958137863,0.03317835007539425,3.104023498613458,3.104023498613458,treatment,ols
2026-04-17,cv_2,close_to_sma_20,0.1115611807107093,False,0.1115611807107093,-0.005210814535522745,-0.0027686286958137863,0.03317835007539425,3.445916061127839,3.445916061127839,treatment,ols
2026-04-20,cv_2,close_to_sma_20,0.1047174273834981,False,0.1047174273834981,-0.005210814535522745,-0.0027686286958137863,0.03317835007539425,3.2396444016975328,3.2396444016975328,treatment,ols
2026-04-21,cv_2,close_to_sma_20,0.08560522244018332,False,0.08560522244018332,-0.005210814535522745,-0.0027686286958137863,0.03317835007539425,2.6635999359575444,2.6635999359575444,treatment,ols
2026-04-22,cv_2,close_to_sma_20,0.09174131445628264,False,0.09174131445628264,-0.005210814535522745,-0.0027686286958137863,0.03317835007539425,2.848542586877669,2.848542586877669,treatment,ols
2026-04-23,cv_2,close_to_sma_20,0.07027498909487573,False,0.07027498909487573,-0.005210814535522745,-0.0027686286958137863,0.03317835007539425,2.20154461040726,2.20154461040726,treatment,ols
2026-04-24,cv_2,close_to_sma_20,0.1055668721170464,False,0.1055668721170464,-0.005210814535522745,-0.0027686286958137863,0.03317835007539425,3.265246781912885,3.265246781912885,treatment,ols
2026-04-27,cv_2,close_to_sma_20,0.13504945626698928,False,0.13504945626698928,-0.005210814535522745,-0.0027686286958137863,0.03317835007539425,4.153855892460783,4.153855892460783,treatment,ols
2026-04-28,cv_2,close_to_sma_20,0.10315025897636487,False,0.10315025897636487,-0.005210814535522745,-0.0027686286958137863,0.03317835007539425,3.192409731993584,3.192409731993584,treatment,ols
2026-04-29,cv_2,close_to_sma_20,0.07318699185808453,False,0.07318699185808453,-0.005210814535522745,-0.0027686286958137863,0.03317835007539425,2.2893127711684667,2.2893127711684667,treatment,ols
2026-04-30,cv_2,close_to_sma_20,0.017326753909594705,False,0.017326753909594705,-0.005210814535522745,-0.0027686286958137863,0.03317835007539425,0.6056775746757717,0.6056775746757717,treatment,ols
2026-05-01,cv_2,close_to_sma_20,0.006216263717960802,False,0.006216263717960802,-0.005210814535522745,-0.0027686286958137863,0.03317835007539425,0.27080588375725084,0.27080588375725084,treatment,ols
2026-05-04,cv_2,close_to_sma_20,0.0010793346359578848,False,0.0010793346359578848,-0.005210814535522745,-0.0027686286958137863,0.03317835007539425,0.11597814005300404,0.11597814005300404,treatment,ols
2026-05-05,cv_2,close_to_sma_20,-0.01348488377803736,False,-0.01348488377803736,-0.005210814535522745,-0.0027686286958137863,0.03317835007539425,-0.3229893909091932,0.3229893909091932,treatment,ols
2026-05-06,cv_2,close_to_sma_20,0.036695631930303785,False,0.036695631930303785,-0.005210814535522745,-0.0027686286958137863,0.03317835007539425,1.1894582020033926,1.1894582020033926,treatment,ols
2026-05-07,cv_2,close_to_sma_20,0.04779220585230015,False,0.04779220585230015,-0.005210814535522745,-0.0027686286958137863,0.03317835007539425,1.5239104546555164,1.5239104546555164,treatment,ols
2026-04-02,cv_2,close_to_sma_60,-0.030666333072604135,False,-0.030666333072604135,-0.00022532427208565853,-0.0013981960035501435,0.019669356246279884,-1.488006862176262,1.488006862176262,treatment,ols
2026-04-06,cv_2,close_to_sma_60,-0.028285159601502796,False,-0.028285159601502796,-0.00022532427208565853,-0.0013981960035501435,0.019669356246279884,-1.3669468009680212,1.3669468009680212,treatment,ols
2026-04-07,cv_2,close_to_sma_60,-0.025152063451693518,False,-0.025152063451693518,-0.00022532427208565853,-0.0013981960035501435,0.019669356246279884,-1.2076586112286214,1.2076586112286214,treatment,ols
2026-04-08,cv_2,close_to_sma_60,-0.003114344451083495,False,-0.003114344451083495,-0.00022532427208565853,-0.0013981960035501435,0.019669356246279884,-0.08724985332745351,0.08724985332745351,treatment,ols
2026-04-09,cv_2,close_to_sma_60,0.006999536943465001,False,0.006999536943465001,-0.00022532427208565853,-0.0013981960035501435,0.019669356246279884,0.42694498192351515,0.42694498192351515,treatment,ols
2026-04-10,cv_2,close_to_sma_60,0.032578178414217174,False,0.032578178414217174,-0.00022532427208565853,-0.0013981960035501435,0.019669356246279884,1.7273760255470159,1.7273760255470159,treatment,ols
2026-04-13,cv_2,close_to_sma_60,0.03571749640488542,False,0.03571749640488542,-0.00022532427208565853,-0.0013981960035501435,0.019669356246279884,1.8869805368162644,1.8869805368162644,treatment,ols
2026-04-14,cv_2,close_to_sma_60,0.07418218991236514,False,0.07418218991236514,-0.00022532427208565853,-0.0013981960035501435,0.019669356246279884,3.8425449704389782,3.8425449704389782,treatment,ols
2026-04-15,cv_2,close_to_sma_60,0.08583224824438673,False,0.08583224824438673,-0.00022532427208565853,-0.0013981960035501435,0.019669356246279884,4.434839816602284,4.434839816602284,treatment,ols
2026-04-16,cv_2,close_to_sma_60,0.08099813866742656,False,0.08099813866742656,-0.00022532427208565853,-0.0013981960035501435,0.019669356246279884,4.1890712456113315,4.1890712456113315,treatment,ols
2026-04-17,cv_2,close_to_sma_60,0.09731643051828232,False,0.09731643051828232,-0.00022532427208565853,-0.0013981960035501435,0.019669356246279884,5.018701440241727,5.018701440241727,treatment,ols
2026-04-20,cv_2,close_to_sma_60,0.09766994393895834,False,0.09766994393895834,-0.00022532427208565853,-0.0013981960035501435,0.019669356246279884,5.036674240990753,5.036674240990753,treatment,ols
2026-04-21,cv_2,close_to_sma_60,0.08462831097659618,False,0.08462831097659618,-0.00022532427208565853,-0.0013981960035501435,0.019669356246279884,4.373631038200181,4.373631038200181,treatment,ols
2026-04-22,cv_2,close_to_sma_60,0.09725469771861728,False,0.09725469771861728,-0.00022532427208565853,-0.0013981960035501435,0.019669356246279884,5.015562913546084,5.015562913546084,treatment,ols
2026-04-23,cv_2,close_to_sma_60,0.08067241500322697,False,0.08067241500322697,-0.00022532427208565853,-0.0013981960035501435,0.019669356246279884,4.172511290108914,4.172511290108914,treatment,ols
2026-04-24,cv_2,close_to_sma_60,0.1256864526260042,False,0.1256864526260042,-0.00022532427208565853,-0.0013981960035501435,0.019669356246279884,6.461047684445198,6.461047684445198,treatment,ols
2026-04-27,cv_2,close_to_sma_60,0.16822741246329875,False,0.16822741246329875,-0.00022532427208565853,-0.0013981960035501435,0.019669356246279884,8.623851555839842,8.623851555839842,treatment,ols
2026-04-28,cv_2,close_to_sma_60,0.14740155898390217,False,0.14740155898390217,-0.00022532427208565853,-0.0013981960035501435,0.019669356246279884,7.565054652746716,7.565054652746716,treatment,ols
2026-04-29,cv_2,close_to_sma_60,0.12391838214168449,False,0.12391838214168449,-0.00022532427208565853,-0.0013981960035501435,0.019669356246279884,6.371158088559003,6.371158088559003,treatment,ols
2026-04-30,cv_2,close_to_sma_60,0.07008333842495085,False,0.07008333842495085,-0.00022532427208565853,-0.0013981960035501435,0.019669356246279884,3.6341572918544536,3.6341572918544536,treatment,ols
2026-05-01,cv_2,close_to_sma_60,0.06177596122358309,False,0.06177596122358309,-0.00022532427208565853,-0.0013981960035501435,0.019669356246279884,3.211806041648237,3.211806041648237,treatment,ols
2026-05-04,cv_2,close_to_sma_60,0.05942352780386484,False,0.05942352780386484,-0.00022532427208565853,-0.0013981960035501435,0.019669356246279884,3.0922071391593384,3.0922071391593384,treatment,ols
2026-05-05,cv_2,close_to_sma_60,0.04782117486576354,False,0.04782117486576354,-0.00022532427208565853,-0.0013981960035501435,0.019669356246279884,2.502337659303042,2.502337659303042,treatment,ols
2026-05-06,cv_2,close_to_sma_60,0.10648811160196692,False,0.10648811160196692,-0.00022532427208565853,-0.0013981960035501435,0.019669356246279884,5.484994336096885,5.484994336096885,treatment,ols
2026-05-07,cv_2,close_to_sma_60,0.12373778913264077,False,0.12373778913264077,-0.00022532427208565853,-0.0013981960035501435,0.019669356246279884,6.361976648821855,6.361976648821855,treatment,ols
2026-04-02,cv_2,rolling_volatility_20,0.0231843022002209,False,0.0231843022002209,0.0229866330390899,0.023007241404426712,0.0038104656377400794,0.04646697087109776,0.04646697087109776,treatment,ols
2026-04-06,cv_2,rolling_volatility_20,0.0221792106834409,False,0.0221792106834409,0.0229866330390899,0.023007241404426712,0.0038104656377400794,-0.21730434012702546,0.21730434012702546,treatment,ols
2026-04-07,cv_2,rolling_volatility_20,0.0212678335283784,False,0.0212678335283784,0.0229866330390899,0.023007241404426712,0.0038104656377400794,-0.45648171153169737,0.45648171153169737,treatment,ols
2026-04-08,cv_2,rolling_volatility_20,0.0217346173207621,False,0.0217346173207621,0.0229866330390899,0.023007241404426712,0.0038104656377400794,-0.33398125180821325,0.33398125180821325,treatment,ols
2026-04-09,cv_2,rolling_volatility_20,0.0218038648330134,False,0.0218038648330134,0.0229866330390899,0.023007241404426712,0.0038104656377400794,-0.3158082727461658,0.3158082727461658,treatment,ols
2026-04-10,cv_2,rolling_volatility_20,0.0222354923338123,False,0.0222354923338123,0.0229866330390899,0.023007241404426712,0.0038104656377400794,-0.20253405855986756,0.20253405855986756,treatment,ols
2026-04-13,cv_2,rolling_volatility_20,0.0218520741086747,False,0.0218520741086747,0.0229866330390899,0.023007241404426712,0.0038104656377400794,-0.30315646579012884,0.30315646579012884,treatment,ols
2026-04-14,cv_2,rolling_volatility_20,0.023066194427183,False,0.023066194427183,0.0229866330390899,0.023007241404426712,0.0038104656377400794,0.015471343494715498,0.015471343494715498,treatment,ols
2026-04-15,cv_2,rolling_volatility_20,0.0229899713298604,False,0.0229899713298604,0.0229866330390899,0.023007241404426712,0.0038104656377400794,-0.004532274059963397,0.004532274059963397,treatment,ols
2026-04-16,cv_2,rolling_volatility_20,0.0228520003115691,False,0.0228520003115691,0.0229866330390899,0.023007241404426712,0.0038104656377400794,-0.04074071455206238,0.04074071455206238,treatment,ols
2026-04-17,cv_2,rolling_volatility_20,0.0227035024966864,False,0.0227035024966864,0.0229866330390899,0.023007241404426712,0.0038104656377400794,-0.07971175615178977,0.07971175615178977,treatment,ols
2026-04-20,cv_2,rolling_volatility_20,0.02079864717218,False,0.02079864717218,0.0229866330390899,0.023007241404426712,0.0038104656377400794,-0.5796126883738523,0.5796126883738523,treatment,ols
2026-04-21,cv_2,rolling_volatility_20,0.0210972255883431,False,0.0210972255883431,0.0229866330390899,0.023007241404426712,0.0038104656377400794,-0.5012552264390471,0.5012552264390471,treatment,ols
2026-04-22,cv_2,rolling_volatility_20,0.0210276276365668,False,0.0210276276365668,0.0229866330390899,0.023007241404426712,0.0038104656377400794,-0.5195201731392562,0.5195201731392562,treatment,ols
2026-04-23,cv_2,rolling_volatility_20,0.0213447618716321,False,0.0213447618716321,0.0229866330390899,0.023007241404426712,0.0038104656377400794,-0.43629301267773657,0.43629301267773657,treatment,ols
2026-04-24,cv_2,rolling_volatility_20,0.0198025948331895,False,0.0198025948331895,0.0229866330390899,0.023007241404426712,0.0038104656377400794,-0.8410118016804456,0.8410118016804456,treatment,ols
2026-04-27,cv_2,rolling_volatility_20,0.0194039791000413,False,0.0194039791000413,0.0229866330390899,0.023007241404426712,0.0038104656377400794,-0.9456225687216653,0.9456225687216653,treatment,ols
2026-04-28,cv_2,rolling_volatility_20,0.0195442752549368,False,0.0195442752549368,0.0229866330390899,0.023007241404426712,0.0038104656377400794,-0.9088039307300344,0.9088039307300344,treatment,ols
2026-04-29,cv_2,rolling_volatility_20,0.0179626686694096,False,0.0179626686694096,0.0229866330390899,0.023007241404426712,0.0038104656377400794,-1.3238730419332587,1.3238730419332587,treatment,ols
2026-04-30,cv_2,rolling_volatility_20,0.0218480501618942,False,0.0218480501618942,0.0229866330390899,0.023007241404426712,0.0038104656377400794,-0.3042124907390604,0.3042124907390604,treatment,ols
2026-05-01,cv_2,rolling_volatility_20,0.0220047484368616,False,0.0220047484368616,0.0229866330390899,0.023007241404426712,0.0038104656377400794,-0.26308936042779096,0.26308936042779096,treatment,ols
2026-05-04,cv_2,rolling_volatility_20,0.0220199186835027,False,0.0220199186835027,0.0229866330390899,0.023007241404426712,0.0038104656377400794,-0.2591081549575599,0.2591081549575599,treatment,ols
2026-05-05,cv_2,rolling_volatility_20,0.0222936432183421,False,0.0222936432183421,0.0229866330390899,0.023007241404426712,0.0038104656377400794,-0.18727322430542503,0.18727322430542503,treatment,ols
2026-05-06,cv_2,rolling_volatility_20,0.0249644962629608,False,0.0249644962629608,0.0229866330390899,0.023007241404426712,0.0038104656377400794,0.51365241012773,0.51365241012773,treatment,ols
2026-05-07,cv_2,rolling_volatility_20,0.0250722985184391,False,0.0250722985184391,0.0229866330390899,0.023007241404426712,0.0038104656377400794,0.5419435077853472,0.5419435077853472,treatment,ols
2026-04-02,cv_2,rolling_volatility_60,0.0235265666719851,False,0.0235265666719851,0.0218968031999569,0.02192750104465032,0.0006275448623170982,2.5481295814143254,2.5481295814143254,treatment,ols
2026-04-06,cv_2,rolling_volatility_60,0.02348699000999,False,0.02348699000999,0.0218968031999569,0.02192750104465032,0.0006275448623170982,2.48506371254725,2.48506371254725,treatment,ols
2026-04-07,cv_2,rolling_volatility_60,0.0233317065283358,False,0.0233317065283358,0.0218968031999569,0.02192750104465032,0.0006275448623170982,2.237617687603559,2.237617687603559,treatment,ols
2026-04-08,cv_2,rolling_volatility_60,0.0235150119881972,False,0.0235150119881972,0.0218968031999569,0.02192750104465032,0.0006275448623170982,2.529717059088456,2.529717059088456,treatment,ols
2026-04-09,cv_2,rolling_volatility_60,0.0235506388308758,False,0.0235506388308758,0.0218968031999569,0.02192750104465032,0.0006275448623170982,2.5864888451677097,2.5864888451677097,treatment,ols
2026-04-10,cv_2,rolling_volatility_60,0.0237733150918177,False,0.0237733150918177,0.0218968031999569,0.02192750104465032,0.0006275448623170982,2.941326043770062,2.941326043770062,treatment,ols
2026-04-13,cv_2,rolling_volatility_60,0.0236955288857876,False,0.0236955288857876,0.0218968031999569,0.02192750104465032,0.0006275448623170982,2.8173728243254996,2.8173728243254996,treatment,ols
2026-04-14,cv_2,rolling_volatility_60,0.0240358625243672,False,0.0240358625243672,0.0218968031999569,0.02192750104465032,0.0006275448623170982,3.35969841571506,3.35969841571506,treatment,ols
2026-04-15,cv_2,rolling_volatility_60,0.0240655604850426,False,0.0240655604850426,0.0218968031999569,0.02192750104465032,0.0006275448623170982,3.4070224597136747,3.4070224597136747,treatment,ols
2026-04-16,cv_2,rolling_volatility_60,0.0233306871126711,False,0.0233306871126711,0.0218968031999569,0.02192750104465032,0.0006275448623170982,2.2359932369452675,2.2359932369452675,treatment,ols
2026-04-17,cv_2,rolling_volatility_60,0.0231345765492307,False,0.0231345765492307,0.0218968031999569,0.02192750104465032,0.0006275448623170982,1.923488784727624,1.923488784727624,treatment,ols
2026-04-20,cv_2,rolling_volatility_60,0.0231191405125022,False,0.0231191405125022,0.0218968031999569,0.02192750104465032,0.0006275448623170982,1.8988912815762087,1.8988912815762087,treatment,ols
2026-04-21,cv_2,rolling_volatility_60,0.0231051460910096,False,0.0231051460910096,0.0218968031999569,0.02192750104465032,0.0006275448623170982,1.8765910089854505,1.8765910089854505,treatment,ols
2026-04-22,cv_2,rolling_volatility_60,0.0231320560348749,False,0.0231320560348749,0.0218968031999569,0.02192750104465032,0.0006275448623170982,1.9194723159344713,1.9194723159344713,treatment,ols
2026-04-23,cv_2,rolling_volatility_60,0.023187068746804,False,0.023187068746804,0.0218968031999569,0.02192750104465032,0.0006275448623170982,2.0071357089960835,2.0071357089960835,treatment,ols
2026-04-24,cv_2,rolling_volatility_60,0.0237419645790367,False,0.0237419645790367,0.0218968031999569,0.02192750104465032,0.0006275448623170982,2.8913686388679785,2.8913686388679785,treatment,ols
2026-04-27,cv_2,rolling_volatility_60,0.0242504462725725,False,0.0242504462725725,0.0218968031999569,0.02192750104465032,0.0006275448623170982,3.7016401016257503,3.7016401016257503,treatment,ols
2026-04-28,cv_2,rolling_volatility_60,0.0243337730544939,False,0.0243337730544939,0.0218968031999569,0.02192750104465032,0.0006275448623170982,3.8344222928681866,3.8344222928681866,treatment,ols
2026-04-29,cv_2,rolling_volatility_60,0.0241442566663432,False,0.0241442566663432,0.0218968031999569,0.02192750104465032,0.0006275448623170982,3.5324257352819384,3.5324257352819384,treatment,ols
2026-04-30,cv_2,rolling_volatility_60,0.0246342594903129,False,0.0246342594903129,0.0218968031999569,0.02192750104465032,0.0006275448623170982,4.313250905550169,4.313250905550169,treatment,ols
2026-05-01,cv_2,rolling_volatility_60,0.0241975439827899,False,0.0241975439827899,0.0218968031999569,0.02192750104465032,0.0006275448623170982,3.6173396906762147,3.6173396906762147,treatment,ols
2026-05-04,cv_2,rolling_volatility_60,0.0241116294961528,False,0.0241116294961528,0.0218968031999569,0.02192750104465032,0.0006275448623170982,3.480433962024597,3.480433962024597,treatment,ols
2026-05-05,cv_2,rolling_volatility_60,0.0219973590510888,False,0.0219973590510888,0.0218968031999569,0.02192750104465032,0.0006275448623170982,0.11131954165084296,0.11131954165084296,treatment,ols
2026-05-06,cv_2,rolling_volatility_60,0.0229787687953196,False,0.0229787687953196,0.0218968031999569,0.02192750104465032,0.0006275448623170982,1.6752073258757285,1.6752073258757285,treatment,ols
2026-05-07,cv_2,rolling_volatility_60,0.0230336978195936,False,0.0230336978195936,0.0218968031999569,0.02192750104465032,0.0006275448623170982,1.7627373616905162,1.7627373616905162,treatment,ols
2026-04-02,cv_2,simple_return,0.0093314332270182,False,0.0093314332270182,-0.0006991550194092001,-0.00014261555524804794,0.02236163835533308,0.4236741794908225,0.4236741794908225,treatment,ridge
2026-04-06,cv_2,simple_return,0.0014093240930164,False,0.0014093240930164,-0.0006991550194092001,-0.00014261555524804794,0.02236163835533308,0.06940187581981541,0.06940187581981541,treatment,ridge
2026-04-07,cv_2,simple_return,0.0025895446715138,False,0.0025895446715138,-0.0006991550194092001,-0.00014261555524804794,0.02236163835533308,0.12218068208362062,0.12218068208362062,treatment,ridge
2026-04-08,cv_2,simple_return,0.0223469713146771,False,0.0223469713146771,-0.0006991550194092001,-0.00014261555524804794,0.02236163835533308,1.005721786237615,1.005721786237615,treatment,ridge
2026-04-09,cv_2,simple_return,0.0100505371960213,False,0.0100505371960213,-0.0006991550194092001,-0.00014261555524804794,0.02236163835533308,0.4558321080636902,0.4558321080636902,treatment,ridge
2026-04-10,cv_2,simple_return,0.0256647334387258,False,0.0256647334387258,-0.0006991550194092001,-0.00014261555524804794,0.02236163835533308,1.1540902586781614,1.1540902586781614,treatment,ridge
2026-04-13,cv_2,simple_return,0.003604901967763,False,0.003604901967763,-0.0006991550194092001,-0.00014261555524804794,0.02236163835533308,0.16758689428126336,0.16758689428126336,treatment,ridge
2026-04-14,cv_2,simple_return,0.0380328405319099,False,0.0380328405319099,-0.0006991550194092001,-0.00014261555524804794,0.02236163835533308,1.7071851123132666,1.7071851123132666,treatment,ridge
2026-04-15,cv_2,simple_return,0.0120095703848255,False,0.0120095703848255,-0.0006991550194092001,-0.00014261555524804794,0.02236163835533308,0.5434389800501959,0.5434389800501959,treatment,ridge
2026-04-16,cv_2,simple_return,-0.0026147182905369,False,-0.0026147182905369,-0.0006991550194092001,-0.00014261555524804794,0.02236163835533308,-0.11055105605440911,0.11055105605440911,treatment,ridge
2026-04-17,cv_2,simple_return,0.0167884369538551,False,0.0167884369538551,-0.0006991550194092001,-0.00014261555524804794,0.02236163835533308,0.7571472286629312,0.7571472286629312,treatment,ridge
2026-04-20,cv_2,simple_return,0.0018841972263623,False,0.0018841972263623,-0.0006991550194092001,-0.00014261555524804794,0.02236163835533308,0.09063793758774248,0.09063793758774248,treatment,ridge
2026-04-21,cv_2,simple_return,-0.0107888384743203,False,-0.0107888384743203,-0.0006991550194092001,-0.00014261555524804794,0.02236163835533308,-0.476093153368309,0.476093153368309,treatment,ridge
2026-04-22,cv_2,simple_return,0.0131078399699038,False,0.0131078399699038,-0.0006991550194092001,-0.00014261555524804794,0.02236163835533308,0.5925529835783127,0.5925529835783127,treatment,ridge
2026-04-23,cv_2,simple_return,-0.0141234598042052,False,-0.0141234598042052,-0.0006991550194092001,-0.00014261555524804794,0.02236163835533308,-0.6252155600943626,0.6252155600943626,treatment,ridge
2026-04-24,cv_2,simple_return,0.0432278346483503,False,0.0432278346483503,-0.0006991550194092001,-0.00014261555524804794,0.02236163835533308,1.939502352843249,1.939502352843249,treatment,ridge
2026-04-27,cv_2,simple_return,0.0400441550237844,False,0.0400441550237844,-0.0006991550194092001,-0.00014261555524804794,0.02236163835533308,1.79712997502476,1.79712997502476,treatment,ridge
2026-04-28,cv_2,simple_return,-0.0158810878154896,False,-0.0158810878154896,-0.0006991550194092001,-0.00014261555524804794,0.02236163835533308,-0.7038157048313076,0.7038157048313076,treatment,ridge
2026-04-29,cv_2,simple_return,-0.0183890707070258,False,-0.0183890707070258,-0.0006991550194092001,-0.00014261555524804794,0.02236163835533308,-0.8159713014688887,0.8159713014688887,treatment,ridge
2026-04-30,cv_2,simple_return,-0.0462604190001493,False,-0.0462604190001493,-0.0006991550194092001,-0.00014261555524804794,0.02236163835533308,-2.062362458066607,2.062362458066607,treatment,ridge
2026-05-01,cv_2,simple_return,-0.0056121177274749,False,-0.0056121177274749,-0.0006991550194092001,-0.00014261555524804794,0.02236163835533308,-0.2445930877386906,0.2445930877386906,treatment,ridge
2026-05-04,cv_2,simple_return,0.0001511654308801,False,0.0001511654308801,-0.0006991550194092001,-0.00014261555524804794,0.02236163835533308,0.013137721908380806,0.013137721908380806,treatment,ridge
2026-05-05,cv_2,simple_return,-0.0099757948919801,False,-0.0099757948919801,-0.0006991550194092001,-0.00014261555524804794,0.02236163835533308,-0.4397342976610171,0.4397342976610171,treatment,ridge
2026-05-06,cv_2,simple_return,0.0576590423972249,False,0.0576590423972249,-0.0006991550194092001,-0.00014261555524804794,0.02236163835533308,2.584857917563437,2.584857917563437,treatment,ridge
2026-05-07,cv_2,simple_return,0.0176586543646795,False,0.0176586543646795,-0.0006991550194092001,-0.00014261555524804794,0.02236163835533308,0.7960628661039982,0.7960628661039982,treatment,ridge
2026-04-02,cv_2,log_return,0.0092881643693413,False,0.0092881643693413,-0.00069943701438725,-0.0003925142751289122,0.022353008082570094,0.4330816957033531,0.4330816957033531,treatment,ridge
2026-04-06,cv_2,log_return,0.0014083319278955,False,0.0014083319278955,-0.00069943701438725,-0.0003925142751289122,0.022353008082570094,0.08056393109921677,0.08056393109921677,treatment,ridge
2026-04-07,cv_2,log_return,0.0025861975777649,False,0.0025861975777649,-0.00069943701438725,-0.0003925142751289122,0.022353008082570094,0.1332577629771665,0.1332577629771665,treatment,ridge
2026-04-08,cv_2,log_return,0.0221009364285097,False,0.0221009364285097,-0.00069943701438725,-0.0003925142751289122,0.022353008082570094,1.0062829405576976,1.0062829405576976,treatment,ridge
2026-04-09,cv_2,log_return,0.0100003664291116,False,0.0100003664291116,-0.00069943701438725,-0.0003925142751289122,0.022353008082570094,0.4649432714313037,0.4649432714313037,treatment,ridge
2026-04-10,cv_2,log_return,0.0253409228198977,False,0.0253409228198977,-0.00069943701438725,-0.0003925142751289122,0.022353008082570094,1.1512292663237764,1.1512292663237764,treatment,ridge
2026-04-13,cv_2,log_return,0.0035984198821823,False,0.0035984198821823,-0.00069943701438725,-0.0003925142751289122,0.022353008082570094,0.17854125684422625,0.17854125684422625,treatment,ridge
2026-04-14,cv_2,log_return,0.037327422520587,False,0.037327422520587,-0.00069943701438725,-0.0003925142751289122,0.022353008082570094,1.6874658057824568,1.6874658057824568,treatment,ridge
2026-04-15,cv_2,log_return,0.011938027722559,False,0.011938027722559,-0.00069943701438725,-0.0003925142751289122,0.022353008082570094,0.5516278593082394,0.5516278593082394,treatment,ridge
2026-04-16,cv_2,log_return,-0.0026181426368427,False,-0.0026181426368427,-0.00069943701438725,-0.0003925142751289122,0.022353008082570094,-0.09956728658140808,0.09956728658140808,treatment,ridge
2026-04-17,cv_2,log_return,0.0166490688318436,False,0.0166490688318436,-0.00069943701438725,-0.0003925142751289122,0.022353008082570094,0.7623843307362645,0.7623843307362645,treatment,ridge
2026-04-20,cv_2,log_return,0.0018824243533806,False,0.0018824243533806,-0.00069943701438725,-0.0003925142751289122,0.022353008082570094,0.10177326559835186,0.10177326559835186,treatment,ridge
2026-04-21,cv_2,log_return,-0.0108474600122816,False,-0.0108474600122816,-0.00069943701438725,-0.0003925142751289122,0.022353008082570094,-0.46771985669816857,0.46771985669816857,treatment,ridge
2026-04-22,cv_2,log_return,0.0130226756418701,False,0.0130226756418701,-0.00069943701438725,-0.0003925142751289122,0.022353008082570094,0.6001514367750619,0.6001514367750619,treatment,ridge
2026-04-23,cv_2,log_return,-0.0142241450024462,False,-0.0142241450024462,-0.00069943701438725,-0.0003925142751289122,0.022353008082570094,-0.6187816277891741,0.6187816277891741,treatment,ridge
2026-04-24,cv_2,log_return,0.0423195938208257,False,0.0423195938208257,-0.00069943701438725,-0.0003925142751289122,0.022353008082570094,1.9107991165296299,1.9107991165296299,treatment,ridge
2026-04-27,cv_2,log_return,0.0392631690056577,False,0.0392631690056577,-0.00069943701438725,-0.0003925142751289122,0.022353008082570094,1.7740647314357834,1.7740647314357834,treatment,ridge
2026-04-28,cv_2,log_return,-0.0160085435151731,False,-0.0160085435151731,-0.00069943701438725,-0.0003925142751289122,0.022353008082570094,-0.6986097433669739,0.6986097433669739,treatment,ridge
2026-04-29,cv_2,log_return,-0.0185602514858731,False,-0.0185602514858731,-0.00069943701438725,-0.0003925142751289122,0.022353008082570094,-0.8127647582658282,0.8127647582658282,treatment,ridge
2026-04-30,cv_2,log_return,-0.0473646206896926,False,-0.0473646206896926,-0.00069943701438725,-0.0003925142751289122,0.022353008082570094,-2.101377418245131,2.101377418245131,treatment,ridge
2026-05-01,cv_2,log_return,-0.005627924828786,False,-0.005627924828786,-0.00069943701438725,-0.0003925142751289122,0.022353008082570094,-0.23421503425033136,0.23421503425033136,treatment,ridge
2026-05-04,cv_2,log_return,0.0001511540065376,False,0.0001511540065376,-0.00069943701438725,-0.0003925142751289122,0.022353008082570094,0.02432192927494359,0.02432192927494359,treatment,ridge
2026-05-05,cv_2,log_return,-0.0100258865483277,False,-0.0100258865483277,-0.00069943701438725,-0.0003925142751289122,0.022353008082570094,-0.43096536437574473,0.43096536437574473,treatment,ridge
2026-05-06,cv_2,log_return,0.0560580153320141,False,0.0560580153320141,-0.00069943701438725,-0.0003925142751289122,0.022353008082570094,2.5254108708152208,2.5254108708152208,treatment,ridge
2026-05-07,cv_2,log_return,0.0175045518450026,False,0.0175045518450026,-0.00069943701438725,-0.0003925142751289122,0.022353008082570094,0.8006558246666975,0.8006558246666975,treatment,ridge
2026-04-02,cv_2,intraday_return,0.0302590715268395,False,0.0302590715268395,-0.0022345693713182,-0.0025361428019097403,0.019280193989669618,1.7009794790613106,1.7009794790613106,treatment,ridge
2026-04-06,cv_2,intraday_return,0.0027093910454785,False,0.0027093910454785,-0.0022345693713182,-0.0025361428019097403,0.019280193989669618,0.27206852017146776,0.27206852017146776,treatment,ridge
2026-04-07,cv_2,intraday_return,0.0134866581323496,False,0.0134866581323496,-0.0022345693713182,-0.0025361428019097403,0.019280193989669618,0.8310497779661554,0.8310497779661554,treatment,ridge
2026-04-08,cv_2,intraday_return,-0.013116521240896,False,-0.013116521240896,-0.0022345693713182,-0.0025361428019097403,0.019280193989669618,-0.5487692937454497,0.5487692937454497,treatment,ridge
2026-04-09,cv_2,intraday_return,0.0113836744715516,False,0.0113836744715516,-0.0022345693713182,-0.0025361428019097403,0.019280193989669618,0.7219749594282929,0.7219749594282929,treatment,ridge
2026-04-10,cv_2,intraday_return,0.0234388116838069,False,0.0234388116838069,-0.0022345693713182,-0.0025361428019097403,0.019280193989669618,1.3472351211628937,1.3472351211628937,treatment,ridge
2026-04-13,cv_2,intraday_return,0.0176315583552102,False,0.0176315583552102,-0.0022345693713182,-0.0025361428019097403,0.019280193989669618,1.046032066271006,1.046032066271006,treatment,ridge
2026-04-14,cv_2,intraday_return,0.0297107434382168,False,0.0297107434382168,-0.0022345693713182,-0.0025361428019097403,0.019280193989669618,1.6725395116566,1.6725395116566,treatment,ridge
2026-04-15,cv_2,intraday_return,0.0118551028322391,False,0.0118551028322391,-0.0022345693713182,-0.0025361428019097403,0.019280193989669618,0.7464263918640917,0.7464263918640917,treatment,ridge
2026-04-16,cv_2,intraday_return,0.0046599476364526,False,0.0046599476364526,-0.0022345693713182,-0.0025361428019097403,0.019280193989669618,0.37323744990418795,0.37323744990418795,treatment,ridge
2026-04-17,cv_2,intraday_return,0.008904446391422,False,0.008904446391422,-0.0022345693713182,-0.0025361428019097403,0.019280193989669618,0.5933855852001095,0.5933855852001095,treatment,ridge
2026-04-20,cv_2,intraday_return,0.010401049482412,False,0.010401049482412,-0.0022345693713182,-0.0025361428019097403,0.019280193989669618,0.6710094458205931,0.6710094458205931,treatment,ridge
2026-04-21,cv_2,intraday_return,-0.0111314497879939,False,-0.0111314497879939,-0.0022345693713182,-0.0025361428019097403,0.019280193989669618,-0.44581019209088607,0.44581019209088607,treatment,ridge
2026-04-22,cv_2,intraday_return,0.007512784046803,False,0.007512784046803,-0.0022345693713182,-0.0025361428019097403,0.019280193989669618,0.5212046545847507,0.5212046545847507,treatment,ridge
2026-04-23,cv_2,intraday_return,-0.0139287129838151,False,-0.0139287129838151,-0.0022345693713182,-0.0025361428019097403,0.019280193989669618,-0.5908949976338169,0.5908949976338169,treatment,ridge
2026-04-24,cv_2,intraday_return,0.0415582980574955,False,0.0415582980574955,-0.0022345693713182,-0.0025361428019097403,0.019280193989669618,2.2870330497209292,2.2870330497209292,treatment,ridge
2026-04-27,cv_2,intraday_return,0.0331982204459482,False,0.0331982204459482,-0.0022345693713182,-0.0025361428019097403,0.019280193989669618,1.853423428571544,1.853423428571544,treatment,ridge
2026-04-28,cv_2,intraday_return,0.0175664355305069,False,0.0175664355305069,-0.0022345693713182,-0.0025361428019097403,0.019280193989669618,1.0426543603859826,1.0426543603859826,treatment,ridge
2026-04-29,cv_2,intraday_return,-0.0162200140937552,False,-0.0162200140937552,-0.0022345693713182,-0.0025361428019097403,0.019280193989669618,-0.7097372204438045,0.7097372204438045,treatment,ridge
2026-04-30,cv_2,intraday_return,-0.0493497152051188,False,-0.0493497152051188,-0.0022345693713182,-0.0025361428019097403,0.019280193989669618,-2.428065424460558,2.428065424460558,treatment,ridge
2026-05-01,cv_2,intraday_return,-0.0140600250805733,False,-0.0140600250805733,-0.0022345693713182,-0.0025361428019097403,0.019280193989669618,-0.597705722506635,0.597705722506635,treatment,ridge
2026-05-04,cv_2,intraday_return,-0.0051128033707316,False,-0.0051128033707316,-0.0022345693713182,-0.0025361428019097403,0.019280193989669618,-0.13364287569940642,0.13364287569940642,treatment,ridge
2026-05-05,cv_2,intraday_return,-0.0140491871996141,False,-0.0140491871996141,-0.0022345693713182,-0.0025361428019097403,0.019280193989669618,-0.5971435974074266,0.5971435974074266,treatment,ridge
2026-05-06,cv_2,intraday_return,0.0397218593508956,False,0.0397218593508956,-0.0022345693713182,-0.0025361428019097403,0.019280193989669618,2.1917830378391057,2.1917830378391057,treatment,ridge
2026-05-07,cv_2,intraday_return,0.0151675324837021,False,0.0151675324837021,-0.0022345693713182,-0.0025361428019097403,0.019280193989669618,0.918231180407081,0.918231180407081,treatment,ridge
2026-04-02,cv_2,daily_range,0.034500312289497,False,0.034500312289497,0.0253485107139185,0.02927140302976908,0.013689166636319576,0.3819742573557967,0.3819742573557967,treatment,ridge
2026-04-06,cv_2,daily_range,0.0114275995624393,False,0.0114275995624393,0.0253485107139185,0.02927140302976908,0.013689166636319576,-1.3034981559788512,1.3034981559788512,treatment,ridge
2026-04-07,cv_2,daily_range,0.025659696287565,False,0.025659696287565,0.0253485107139185,0.02927140302976908,0.013689166636319576,-0.26383686006287915,0.26383686006287915,treatment,ridge
2026-04-08,cv_2,daily_range,0.0272407260830343,False,0.0272407260830343,0.0253485107139185,0.02927140302976908,0.013689166636319576,-0.14834189696742128,0.14834189696742128,treatment,ridge
2026-04-09,cv_2,daily_range,0.0188135862376693,False,0.0188135862376693,0.0253485107139185,0.02927140302976908,0.013689166636319576,-0.7639483885274285,0.7639483885274285,treatment,ridge
2026-04-10,cv_2,daily_range,0.030217869907724,False,0.030217869907724,0.0253485107139185,0.02927140302976908,0.013689166636319576,0.06913984635440047,0.06913984635440047,treatment,ridge
2026-04-13,cv_2,daily_range,0.0207067678384601,False,0.0207067678384601,0.0253485107139185,0.02927140302976908,0.013689166636319576,-0.6256505906346129,0.6256505906346129,treatment,ridge
2026-04-14,cv_2,daily_range,0.0292096605507532,False,0.0292096605507532,0.0253485107139185,0.02927140302976908,0.013689166636319576,-0.004510316855378892,0.004510316855378892,treatment,ridge
2026-04-15,cv_2,daily_range,0.0234323352830291,False,0.0234323352830291,0.0253485107139185,0.02927140302976908,0.013689166636319576,-0.4265466190796443,0.4265466190796443,treatment,ridge
2026-04-16,cv_2,daily_range,0.020368078752735,False,0.020368078752735,0.0253485107139185,0.02927140302976908,0.013689166636319576,-0.6503919861280758,0.6503919861280758,treatment,ridge
2026-04-17,cv_2,daily_range,0.012048754284158,False,0.012048754284158,0.0253485107139185,0.02927140302976908,0.013689166636319576,-1.2581225141869925,1.2581225141869925,treatment,ridge
2026-04-20,cv_2,daily_range,0.0214292877530053,False,0.0214292877530053,0.0253485107139185,0.02927140302976908,0.013689166636319576,-0.5728701742849255,0.5728701742849255,treatment,ridge
2026-04-21,cv_2,daily_range,0.0187612562957389,False,0.0187612562957389,0.0253485107139185,0.02927140302976908,0.013689166636319576,-0.7677711151638011,0.7677711151638011,treatment,ridge
2026-04-22,cv_2,daily_range,0.0172839506172839,False,0.0172839506172839,0.0253485107139185,0.02927140302976908,0.013689166636319576,-0.8756889831905857,0.8756889831905857,treatment,ridge
2026-04-23,cv_2,daily_range,0.0331096004335807,False,0.0331096004335807,0.0253485107139185,0.02927140302976908,0.013689166636319576,0.28038210840594646,0.28038210840594646,treatment,ridge
2026-04-24,cv_2,daily_range,0.0534882564033321,False,0.0534882564033321,0.0253485107139185,0.02927140302976908,0.013689166636319576,1.7690524205696925,1.7690524205696925,treatment,ridge
2026-04-27,cv_2,daily_range,0.0436267804885024,False,0.0436267804885024,0.0253485107139185,0.02927140302976908,0.013689166636319576,1.0486670109374066,1.0486670109374066,treatment,ridge
2026-04-28,cv_2,daily_range,0.0306328227958306,False,0.0306328227958306,0.0253485107139185,0.02927140302976908,0.013689166636319576,0.09945234813998478,0.09945234813998478,treatment,ridge
2026-04-29,cv_2,daily_range,0.0245639158406138,False,0.0245639158406138,0.0253485107139185,0.02927140302976908,0.013689166636319576,-0.3438841321914773,0.3438841321914773,treatment,ridge
2026-04-30,cv_2,daily_range,0.0581249971328127,False,0.0581249971328127,0.0253485107139185,0.02927140302976908,0.013689166636319576,2.1077684909240832,2.1077684909240832,treatment,ridge
2026-05-01,cv_2,daily_range,0.0296296546900228,False,0.0296296546900228,0.0253485107139185,0.02927140302976908,0.013689166636319576,0.02617045067617341,0.02617045067617341,treatment,ridge
2026-05-04,cv_2,daily_range,0.0352176057277347,False,0.0352176057277347,0.0253485107139185,0.02927140302976908,0.013689166636319576,0.434372877176422,0.434372877176422,treatment,ridge
2026-05-05,cv_2,daily_range,0.0214249705540316,False,0.0214249705540316,0.0253485107139185,0.02927140302976908,0.013689166636319576,-0.5731855476811587,0.5731855476811587,treatment,ridge
2026-05-06,cv_2,daily_range,0.0464803136072815,False,0.0464803136072815,0.0253485107139185,0.02927140302976908,0.013689166636319576,1.2571189346073406,1.2571189346073406,treatment,ridge
2026-05-07,cv_2,daily_range,0.0364066049562278,False,0.0364066049562278,0.0253485107139185,0.02927140302976908,0.013689166636319576,0.521229824723433,0.521229824723433,treatment,ridge
2026-04-02,cv_2,close_to_sma_5,0.031061461880441232,False,0.031061461880441232,0.0011701555380534412,-0.0008422217230210656,0.02300916829300397,1.3865639642943002,1.3865639642943002,treatment,ridge
2026-04-06,cv_2,close_to_sma_5,0.020508997864400635,False,0.020508997864400635,0.0011701555380534412,-0.0008422217230210656,0.02300916829300397,0.9279439967377539,0.9279439967377539,treatment,ridge
2026-04-07,cv_2,close_to_sma_5,0.008174114378520336,False,0.008174114378520336,0.0011701555380534412,-0.0008422217230210656,0.02300916829300397,0.3918584099488227,0.3918584099488227,treatment,ridge
2026-04-08,cv_2,close_to_sma_5,0.021819163929823304,False,0.021819163929823304,0.0011701555380534412,-0.0008422217230210656,0.02300916829300397,0.9848850407919637,0.9848850407919637,treatment,ridge
2026-04-09,cv_2,close_to_sma_5,0.022722225841717014,False,0.022722225841717014,0.0011701555380534412,-0.0008422217230210656,0.02300916829300397,1.0241329571179218,1.0241329571179218,treatment,ridge
2026-04-10,cv_2,close_to_sma_5,0.036018726628296305,False,0.036018726628296305,0.0011701555380534412,-0.0008422217230210656,0.02300916829300397,1.6020113322620657,1.6020113322620657,treatment,ridge
2026-04-13,cv_2,close_to_sma_5,0.026593465919287906,False,0.026593465919287906,0.0011701555380534412,-0.0008422217230210656,0.02300916829300397,1.1923806759521554,1.1923806759521554,treatment,ridge
2026-04-14,cv_2,close_to_sma_5,0.04477688101681676,False,0.04477688101681676,0.0011701555380534412,-0.0008422217230210656,0.02300916829300397,1.9826489231993882,1.9826489231993882,treatment,ridge
2026-04-15,cv_2,close_to_sma_5,0.03877853809855325,False,0.03877853809855325,0.0011701555380534412,-0.0008422217230210656,0.02300916829300397,1.721955323070985,1.721955323070985,treatment,ridge
2026-04-16,cv_2,close_to_sma_5,0.02066548559333148,False,0.02066548559333148,0.0011701555380534412,-0.0008422217230210656,0.02300916829300397,0.9347450999735637,0.9347450999735637,treatment,ridge
2026-04-17,cv_2,close_to_sma_5,0.02404742236836066,False,0.02404742236836066,0.0011701555380534412,-0.0008422217230210656,0.02300916829300397,1.0817272390914505,1.0817272390914505,treatment,ridge
2026-04-20,cv_2,close_to_sma_5,0.012862544248568808,False,0.012862544248568808,0.0011701555380534412,-0.0008422217230210656,0.02300916829300397,0.5956219623877871,0.5956219623877871,treatment,ridge
2026-04-21,cv_2,close_to_sma_5,-0.0014387633678677458,False,-0.0014387633678677458,0.0011701555380534412,-0.0008422217230210656,0.02300916829300397,-0.02592625849184045,0.02592625849184045,treatment,ridge
2026-04-22,cv_2,close_to_sma_5,0.007994264407636065,False,0.007994264407636065,0.0011701555380534412,-0.0008422217230210656,0.02300916829300397,0.3840419618011095,0.3840419618011095,treatment,ridge
2026-04-23,cv_2,close_to_sma_5,-0.007516701399821302,False,-0.007516701399821302,0.0011701555380534412,-0.0008422217230210656,0.02300916829300397,-0.2900791367947723,0.2900791367947723,treatment,ridge
2026-04-24,cv_2,close_to_sma_5,0.028646234092898792,False,0.028646234092898792,0.0011701555380534412,-0.0008422217230210656,0.02300916829300397,1.2815959030073218,1.2815959030073218,treatment,ridge
2026-04-27,cv_2,close_to_sma_5,0.05467912493512728,False,0.05467912493512728,0.0011701555380534412,-0.0008422217230210656,0.02300916829300397,2.4130097164368096,2.4130097164368096,treatment,ridge
2026-04-28,cv_2,close_to_sma_5,0.024668558958550024,False,0.024668558958550024,0.0011701555380534412,-0.0008422217230210656,0.02300916829300397,1.1087224169388057,1.1087224169388057,treatment,ridge
2026-04-29,cv_2,close_to_sma_5,-0.000659065887058663,False,-0.000659065887058663,0.0011701555380534412,-0.0008422217230210656,0.02300916829300397,0.00796012413964967,0.00796012413964967,treatment,ridge
2026-04-30,cv_2,close_to_sma_5,-0.04682527273589354,False,-0.04682527273589354,0.0011701555380534412,-0.0008422217230210656,0.02300916829300397,-1.9984664559498142,1.9984664559498142,treatment,ridge
2026-05-01,cv_2,close_to_sma_5,-0.04319947753600373,False,-0.04319947753600373,0.0011701555380534412,-0.0008422217230210656,0.02300916829300397,-1.8408860013363264,1.8408860013363264,treatment,ridge
2026-05-04,cv_2,close_to_sma_5,-0.026027577806803315,False,-0.026027577806803315,0.0011701555380534412,-0.0008422217230210656,0.02300916829300397,-1.0945791591884684,1.0945791591884684,treatment,ridge
2026-05-05,cv_2,close_to_sma_5,-0.019705662259915102,False,-0.019705662259915102,0.0011701555380534412,-0.0008422217230210656,0.02300916829300397,-0.8198227896238014,0.8198227896238014,treatment,ridge
2026-05-06,cv_2,close_to_sma_5,0.038288228024850435,False,0.038288228024850435,0.0011701555380534412,-0.0008422217230210656,0.02300916829300397,1.7006459881372276,1.7006459881372276,treatment,ridge
2026-05-07,cv_2,close_to_sma_5,0.04417631594438154,False,0.04417631594438154,0.0011701555380534412,-0.0008422217230210656,0.02300916829300397,1.9565478027769772,1.9565478027769772,treatment,ridge
2026-04-02,cv_2,close_to_sma_20,-0.001311763801575494,False,-0.001311763801575494,-0.005210814535522745,-0.0027686286958137863,0.03317835007539425,0.04391010676925534,0.04391010676925534,treatment,ridge
2026-04-06,cv_2,close_to_sma_20,0.00014639035658681188,False,0.00014639035658681188,-0.005210814535522745,-0.0027686286958137863,0.03317835007539425,0.08785907212916041,0.08785907212916041,treatment,ridge
2026-04-07,cv_2,close_to_sma_20,0.004022330245008421,False,0.004022330245008421,-0.005210814535522745,-0.0027686286958137863,0.03317835007539425,0.20468042941829476,0.20468042941829476,treatment,ridge
2026-04-08,cv_2,close_to_sma_20,0.027238073249453487,False,0.027238073249453487,-0.005210814535522745,-0.0027686286958137863,0.03317835007539425,0.9044060924392038,0.9044060924392038,treatment,ridge
2026-04-09,cv_2,close_to_sma_20,0.03818321920466028,False,0.03818321920466028,-0.005210814535522745,-0.0027686286958137863,0.03317835007539425,1.2342942855029069,1.2342942855029069,treatment,ridge
2026-04-10,cv_2,close_to_sma_20,0.06318044137673295,False,0.06318044137673295,-0.005210814535522745,-0.0027686286958137863,0.03317835007539425,1.9877139738017273,1.9877139738017273,treatment,ridge
2026-04-13,cv_2,close_to_sma_20,0.06429568376192862,False,0.06429568376192862,-0.005210814535522745,-0.0027686286958137863,0.03317835007539425,2.021327531518172,2.021327531518172,treatment,ridge
2026-04-14,cv_2,close_to_sma_20,0.10066201956379217,False,0.10066201956379217,-0.005210814535522745,-0.0027686286958137863,0.03317835007539425,3.11741385646275,3.11741385646275,treatment,ridge
2026-04-15,cv_2,close_to_sma_20,0.10862110060573871,False,0.10862110060573871,-0.005210814535522745,-0.0027686286958137863,0.03317835007539425,3.357301645453474,3.357301645453474,treatment,ridge
2026-04-16,cv_2,close_to_sma_20,0.10021774958343355,False,0.10021774958343355,-0.005210814535522745,-0.0027686286958137863,0.03317835007539425,3.104023498613458,3.104023498613458,treatment,ridge
2026-04-17,cv_2,close_to_sma_20,0.1115611807107093,False,0.1115611807107093,-0.005210814535522745,-0.0027686286958137863,0.03317835007539425,3.445916061127839,3.445916061127839,treatment,ridge
2026-04-20,cv_2,close_to_sma_20,0.1047174273834981,False,0.1047174273834981,-0.005210814535522745,-0.0027686286958137863,0.03317835007539425,3.2396444016975328,3.2396444016975328,treatment,ridge
2026-04-21,cv_2,close_to_sma_20,0.08560522244018332,False,0.08560522244018332,-0.005210814535522745,-0.0027686286958137863,0.03317835007539425,2.6635999359575444,2.6635999359575444,treatment,ridge
2026-04-22,cv_2,close_to_sma_20,0.09174131445628264,False,0.09174131445628264,-0.005210814535522745,-0.0027686286958137863,0.03317835007539425,2.848542586877669,2.848542586877669,treatment,ridge
2026-04-23,cv_2,close_to_sma_20,0.07027498909487573,False,0.07027498909487573,-0.005210814535522745,-0.0027686286958137863,0.03317835007539425,2.20154461040726,2.20154461040726,treatment,ridge
2026-04-24,cv_2,close_to_sma_20,0.1055668721170464,False,0.1055668721170464,-0.005210814535522745,-0.0027686286958137863,0.03317835007539425,3.265246781912885,3.265246781912885,treatment,ridge
2026-04-27,cv_2,close_to_sma_20,0.13504945626698928,False,0.13504945626698928,-0.005210814535522745,-0.0027686286958137863,0.03317835007539425,4.153855892460783,4.153855892460783,treatment,ridge
2026-04-28,cv_2,close_to_sma_20,0.10315025897636487,False,0.10315025897636487,-0.005210814535522745,-0.0027686286958137863,0.03317835007539425,3.192409731993584,3.192409731993584,treatment,ridge
2026-04-29,cv_2,close_to_sma_20,0.07318699185808453,False,0.07318699185808453,-0.005210814535522745,-0.0027686286958137863,0.03317835007539425,2.2893127711684667,2.2893127711684667,treatment,ridge
2026-04-30,cv_2,close_to_sma_20,0.017326753909594705,False,0.017326753909594705,-0.005210814535522745,-0.0027686286958137863,0.03317835007539425,0.6056775746757717,0.6056775746757717,treatment,ridge
2026-05-01,cv_2,close_to_sma_20,0.006216263717960802,False,0.006216263717960802,-0.005210814535522745,-0.0027686286958137863,0.03317835007539425,0.27080588375725084,0.27080588375725084,treatment,ridge
2026-05-04,cv_2,close_to_sma_20,0.0010793346359578848,False,0.0010793346359578848,-0.005210814535522745,-0.0027686286958137863,0.03317835007539425,0.11597814005300404,0.11597814005300404,treatment,ridge
2026-05-05,cv_2,close_to_sma_20,-0.01348488377803736,False,-0.01348488377803736,-0.005210814535522745,-0.0027686286958137863,0.03317835007539425,-0.3229893909091932,0.3229893909091932,treatment,ridge
2026-05-06,cv_2,close_to_sma_20,0.036695631930303785,False,0.036695631930303785,-0.005210814535522745,-0.0027686286958137863,0.03317835007539425,1.1894582020033926,1.1894582020033926,treatment,ridge
2026-05-07,cv_2,close_to_sma_20,0.04779220585230015,False,0.04779220585230015,-0.005210814535522745,-0.0027686286958137863,0.03317835007539425,1.5239104546555164,1.5239104546555164,treatment,ridge
2026-04-02,cv_2,close_to_sma_60,-0.030666333072604135,False,-0.030666333072604135,-0.00022532427208565853,-0.0013981960035501435,0.019669356246279884,-1.488006862176262,1.488006862176262,treatment,ridge
2026-04-06,cv_2,close_to_sma_60,-0.028285159601502796,False,-0.028285159601502796,-0.00022532427208565853,-0.0013981960035501435,0.019669356246279884,-1.3669468009680212,1.3669468009680212,treatment,ridge
2026-04-07,cv_2,close_to_sma_60,-0.025152063451693518,False,-0.025152063451693518,-0.00022532427208565853,-0.0013981960035501435,0.019669356246279884,-1.2076586112286214,1.2076586112286214,treatment,ridge
2026-04-08,cv_2,close_to_sma_60,-0.003114344451083495,False,-0.003114344451083495,-0.00022532427208565853,-0.0013981960035501435,0.019669356246279884,-0.08724985332745351,0.08724985332745351,treatment,ridge
2026-04-09,cv_2,close_to_sma_60,0.006999536943465001,False,0.006999536943465001,-0.00022532427208565853,-0.0013981960035501435,0.019669356246279884,0.42694498192351515,0.42694498192351515,treatment,ridge
2026-04-10,cv_2,close_to_sma_60,0.032578178414217174,False,0.032578178414217174,-0.00022532427208565853,-0.0013981960035501435,0.019669356246279884,1.7273760255470159,1.7273760255470159,treatment,ridge
2026-04-13,cv_2,close_to_sma_60,0.03571749640488542,False,0.03571749640488542,-0.00022532427208565853,-0.0013981960035501435,0.019669356246279884,1.8869805368162644,1.8869805368162644,treatment,ridge
2026-04-14,cv_2,close_to_sma_60,0.07418218991236514,False,0.07418218991236514,-0.00022532427208565853,-0.0013981960035501435,0.019669356246279884,3.8425449704389782,3.8425449704389782,treatment,ridge
2026-04-15,cv_2,close_to_sma_60,0.08583224824438673,False,0.08583224824438673,-0.00022532427208565853,-0.0013981960035501435,0.019669356246279884,4.434839816602284,4.434839816602284,treatment,ridge
2026-04-16,cv_2,close_to_sma_60,0.08099813866742656,False,0.08099813866742656,-0.00022532427208565853,-0.0013981960035501435,0.019669356246279884,4.1890712456113315,4.1890712456113315,treatment,ridge
2026-04-17,cv_2,close_to_sma_60,0.09731643051828232,False,0.09731643051828232,-0.00022532427208565853,-0.0013981960035501435,0.019669356246279884,5.018701440241727,5.018701440241727,treatment,ridge
2026-04-20,cv_2,close_to_sma_60,0.09766994393895834,False,0.09766994393895834,-0.00022532427208565853,-0.0013981960035501435,0.019669356246279884,5.036674240990753,5.036674240990753,treatment,ridge
2026-04-21,cv_2,close_to_sma_60,0.08462831097659618,False,0.08462831097659618,-0.00022532427208565853,-0.0013981960035501435,0.019669356246279884,4.373631038200181,4.373631038200181,treatment,ridge
2026-04-22,cv_2,close_to_sma_60,0.09725469771861728,False,0.09725469771861728,-0.00022532427208565853,-0.0013981960035501435,0.019669356246279884,5.015562913546084,5.015562913546084,treatment,ridge
2026-04-23,cv_2,close_to_sma_60,0.08067241500322697,False,0.08067241500322697,-0.00022532427208565853,-0.0013981960035501435,0.019669356246279884,4.172511290108914,4.172511290108914,treatment,ridge
2026-04-24,cv_2,close_to_sma_60,0.1256864526260042,False,0.1256864526260042,-0.00022532427208565853,-0.0013981960035501435,0.019669356246279884,6.461047684445198,6.461047684445198,treatment,ridge
2026-04-27,cv_2,close_to_sma_60,0.16822741246329875,False,0.16822741246329875,-0.00022532427208565853,-0.0013981960035501435,0.019669356246279884,8.623851555839842,8.623851555839842,treatment,ridge
2026-04-28,cv_2,close_to_sma_60,0.14740155898390217,False,0.14740155898390217,-0.00022532427208565853,-0.0013981960035501435,0.019669356246279884,7.565054652746716,7.565054652746716,treatment,ridge
2026-04-29,cv_2,close_to_sma_60,0.12391838214168449,False,0.12391838214168449,-0.00022532427208565853,-0.0013981960035501435,0.019669356246279884,6.371158088559003,6.371158088559003,treatment,ridge
2026-04-30,cv_2,close_to_sma_60,0.07008333842495085,False,0.07008333842495085,-0.00022532427208565853,-0.0013981960035501435,0.019669356246279884,3.6341572918544536,3.6341572918544536,treatment,ridge
2026-05-01,cv_2,close_to_sma_60,0.06177596122358309,False,0.06177596122358309,-0.00022532427208565853,-0.0013981960035501435,0.019669356246279884,3.211806041648237,3.211806041648237,treatment,ridge
2026-05-04,cv_2,close_to_sma_60,0.05942352780386484,False,0.05942352780386484,-0.00022532427208565853,-0.0013981960035501435,0.019669356246279884,3.0922071391593384,3.0922071391593384,treatment,ridge
2026-05-05,cv_2,close_to_sma_60,0.04782117486576354,False,0.04782117486576354,-0.00022532427208565853,-0.0013981960035501435,0.019669356246279884,2.502337659303042,2.502337659303042,treatment,ridge
2026-05-06,cv_2,close_to_sma_60,0.10648811160196692,False,0.10648811160196692,-0.00022532427208565853,-0.0013981960035501435,0.019669356246279884,5.484994336096885,5.484994336096885,treatment,ridge
2026-05-07,cv_2,close_to_sma_60,0.12373778913264077,False,0.12373778913264077,-0.00022532427208565853,-0.0013981960035501435,0.019669356246279884,6.361976648821855,6.361976648821855,treatment,ridge
2026-04-02,cv_2,rolling_volatility_20,0.0231843022002209,False,0.0231843022002209,0.0229866330390899,0.023007241404426712,0.0038104656377400794,0.04646697087109776,0.04646697087109776,treatment,ridge
2026-04-06,cv_2,rolling_volatility_20,0.0221792106834409,False,0.0221792106834409,0.0229866330390899,0.023007241404426712,0.0038104656377400794,-0.21730434012702546,0.21730434012702546,treatment,ridge
2026-04-07,cv_2,rolling_volatility_20,0.0212678335283784,False,0.0212678335283784,0.0229866330390899,0.023007241404426712,0.0038104656377400794,-0.45648171153169737,0.45648171153169737,treatment,ridge
2026-04-08,cv_2,rolling_volatility_20,0.0217346173207621,False,0.0217346173207621,0.0229866330390899,0.023007241404426712,0.0038104656377400794,-0.33398125180821325,0.33398125180821325,treatment,ridge
2026-04-09,cv_2,rolling_volatility_20,0.0218038648330134,False,0.0218038648330134,0.0229866330390899,0.023007241404426712,0.0038104656377400794,-0.3158082727461658,0.3158082727461658,treatment,ridge
2026-04-10,cv_2,rolling_volatility_20,0.0222354923338123,False,0.0222354923338123,0.0229866330390899,0.023007241404426712,0.0038104656377400794,-0.20253405855986756,0.20253405855986756,treatment,ridge
2026-04-13,cv_2,rolling_volatility_20,0.0218520741086747,False,0.0218520741086747,0.0229866330390899,0.023007241404426712,0.0038104656377400794,-0.30315646579012884,0.30315646579012884,treatment,ridge
2026-04-14,cv_2,rolling_volatility_20,0.023066194427183,False,0.023066194427183,0.0229866330390899,0.023007241404426712,0.0038104656377400794,0.015471343494715498,0.015471343494715498,treatment,ridge
2026-04-15,cv_2,rolling_volatility_20,0.0229899713298604,False,0.0229899713298604,0.0229866330390899,0.023007241404426712,0.0038104656377400794,-0.004532274059963397,0.004532274059963397,treatment,ridge
2026-04-16,cv_2,rolling_volatility_20,0.0228520003115691,False,0.0228520003115691,0.0229866330390899,0.023007241404426712,0.0038104656377400794,-0.04074071455206238,0.04074071455206238,treatment,ridge
2026-04-17,cv_2,rolling_volatility_20,0.0227035024966864,False,0.0227035024966864,0.0229866330390899,0.023007241404426712,0.0038104656377400794,-0.07971175615178977,0.07971175615178977,treatment,ridge
2026-04-20,cv_2,rolling_volatility_20,0.02079864717218,False,0.02079864717218,0.0229866330390899,0.023007241404426712,0.0038104656377400794,-0.5796126883738523,0.5796126883738523,treatment,ridge
2026-04-21,cv_2,rolling_volatility_20,0.0210972255883431,False,0.0210972255883431,0.0229866330390899,0.023007241404426712,0.0038104656377400794,-0.5012552264390471,0.5012552264390471,treatment,ridge
2026-04-22,cv_2,rolling_volatility_20,0.0210276276365668,False,0.0210276276365668,0.0229866330390899,0.023007241404426712,0.0038104656377400794,-0.5195201731392562,0.5195201731392562,treatment,ridge
2026-04-23,cv_2,rolling_volatility_20,0.0213447618716321,False,0.0213447618716321,0.0229866330390899,0.023007241404426712,0.0038104656377400794,-0.43629301267773657,0.43629301267773657,treatment,ridge
2026-04-24,cv_2,rolling_volatility_20,0.0198025948331895,False,0.0198025948331895,0.0229866330390899,0.023007241404426712,0.0038104656377400794,-0.8410118016804456,0.8410118016804456,treatment,ridge
2026-04-27,cv_2,rolling_volatility_20,0.0194039791000413,False,0.0194039791000413,0.0229866330390899,0.023007241404426712,0.0038104656377400794,-0.9456225687216653,0.9456225687216653,treatment,ridge
2026-04-28,cv_2,rolling_volatility_20,0.0195442752549368,False,0.0195442752549368,0.0229866330390899,0.023007241404426712,0.0038104656377400794,-0.9088039307300344,0.9088039307300344,treatment,ridge
2026-04-29,cv_2,rolling_volatility_20,0.0179626686694096,False,0.0179626686694096,0.0229866330390899,0.023007241404426712,0.0038104656377400794,-1.3238730419332587,1.3238730419332587,treatment,ridge
2026-04-30,cv_2,rolling_volatility_20,0.0218480501618942,False,0.0218480501618942,0.0229866330390899,0.023007241404426712,0.0038104656377400794,-0.3042124907390604,0.3042124907390604,treatment,ridge
2026-05-01,cv_2,rolling_volatility_20,0.0220047484368616,False,0.0220047484368616,0.0229866330390899,0.023007241404426712,0.0038104656377400794,-0.26308936042779096,0.26308936042779096,treatment,ridge
2026-05-04,cv_2,rolling_volatility_20,0.0220199186835027,False,0.0220199186835027,0.0229866330390899,0.023007241404426712,0.0038104656377400794,-0.2591081549575599,0.2591081549575599,treatment,ridge
2026-05-05,cv_2,rolling_volatility_20,0.0222936432183421,False,0.0222936432183421,0.0229866330390899,0.023007241404426712,0.0038104656377400794,-0.18727322430542503,0.18727322430542503,treatment,ridge
2026-05-06,cv_2,rolling_volatility_20,0.0249644962629608,False,0.0249644962629608,0.0229866330390899,0.023007241404426712,0.0038104656377400794,0.51365241012773,0.51365241012773,treatment,ridge
2026-05-07,cv_2,rolling_volatility_20,0.0250722985184391,False,0.0250722985184391,0.0229866330390899,0.023007241404426712,0.0038104656377400794,0.5419435077853472,0.5419435077853472,treatment,ridge
2026-04-02,cv_2,rolling_volatility_60,0.0235265666719851,False,0.0235265666719851,0.0218968031999569,0.02192750104465032,0.0006275448623170982,2.5481295814143254,2.5481295814143254,treatment,ridge
2026-04-06,cv_2,rolling_volatility_60,0.02348699000999,False,0.02348699000999,0.0218968031999569,0.02192750104465032,0.0006275448623170982,2.48506371254725,2.48506371254725,treatment,ridge
2026-04-07,cv_2,rolling_volatility_60,0.0233317065283358,False,0.0233317065283358,0.0218968031999569,0.02192750104465032,0.0006275448623170982,2.237617687603559,2.237617687603559,treatment,ridge
2026-04-08,cv_2,rolling_volatility_60,0.0235150119881972,False,0.0235150119881972,0.0218968031999569,0.02192750104465032,0.0006275448623170982,2.529717059088456,2.529717059088456,treatment,ridge
2026-04-09,cv_2,rolling_volatility_60,0.0235506388308758,False,0.0235506388308758,0.0218968031999569,0.02192750104465032,0.0006275448623170982,2.5864888451677097,2.5864888451677097,treatment,ridge
2026-04-10,cv_2,rolling_volatility_60,0.0237733150918177,False,0.0237733150918177,0.0218968031999569,0.02192750104465032,0.0006275448623170982,2.941326043770062,2.941326043770062,treatment,ridge
2026-04-13,cv_2,rolling_volatility_60,0.0236955288857876,False,0.0236955288857876,0.0218968031999569,0.02192750104465032,0.0006275448623170982,2.8173728243254996,2.8173728243254996,treatment,ridge
2026-04-14,cv_2,rolling_volatility_60,0.0240358625243672,False,0.0240358625243672,0.0218968031999569,0.02192750104465032,0.0006275448623170982,3.35969841571506,3.35969841571506,treatment,ridge
2026-04-15,cv_2,rolling_volatility_60,0.0240655604850426,False,0.0240655604850426,0.0218968031999569,0.02192750104465032,0.0006275448623170982,3.4070224597136747,3.4070224597136747,treatment,ridge
2026-04-16,cv_2,rolling_volatility_60,0.0233306871126711,False,0.0233306871126711,0.0218968031999569,0.02192750104465032,0.0006275448623170982,2.2359932369452675,2.2359932369452675,treatment,ridge
2026-04-17,cv_2,rolling_volatility_60,0.0231345765492307,False,0.0231345765492307,0.0218968031999569,0.02192750104465032,0.0006275448623170982,1.923488784727624,1.923488784727624,treatment,ridge
2026-04-20,cv_2,rolling_volatility_60,0.0231191405125022,False,0.0231191405125022,0.0218968031999569,0.02192750104465032,0.0006275448623170982,1.8988912815762087,1.8988912815762087,treatment,ridge
2026-04-21,cv_2,rolling_volatility_60,0.0231051460910096,False,0.0231051460910096,0.0218968031999569,0.02192750104465032,0.0006275448623170982,1.8765910089854505,1.8765910089854505,treatment,ridge
2026-04-22,cv_2,rolling_volatility_60,0.0231320560348749,False,0.0231320560348749,0.0218968031999569,0.02192750104465032,0.0006275448623170982,1.9194723159344713,1.9194723159344713,treatment,ridge
2026-04-23,cv_2,rolling_volatility_60,0.023187068746804,False,0.023187068746804,0.0218968031999569,0.02192750104465032,0.0006275448623170982,2.0071357089960835,2.0071357089960835,treatment,ridge
2026-04-24,cv_2,rolling_volatility_60,0.0237419645790367,False,0.0237419645790367,0.0218968031999569,0.02192750104465032,0.0006275448623170982,2.8913686388679785,2.8913686388679785,treatment,ridge
2026-04-27,cv_2,rolling_volatility_60,0.0242504462725725,False,0.0242504462725725,0.0218968031999569,0.02192750104465032,0.0006275448623170982,3.7016401016257503,3.7016401016257503,treatment,ridge
2026-04-28,cv_2,rolling_volatility_60,0.0243337730544939,False,0.0243337730544939,0.0218968031999569,0.02192750104465032,0.0006275448623170982,3.8344222928681866,3.8344222928681866,treatment,ridge
2026-04-29,cv_2,rolling_volatility_60,0.0241442566663432,False,0.0241442566663432,0.0218968031999569,0.02192750104465032,0.0006275448623170982,3.5324257352819384,3.5324257352819384,treatment,ridge
2026-04-30,cv_2,rolling_volatility_60,0.0246342594903129,False,0.0246342594903129,0.0218968031999569,0.02192750104465032,0.0006275448623170982,4.313250905550169,4.313250905550169,treatment,ridge
2026-05-01,cv_2,rolling_volatility_60,0.0241975439827899,False,0.0241975439827899,0.0218968031999569,0.02192750104465032,0.0006275448623170982,3.6173396906762147,3.6173396906762147,treatment,ridge
2026-05-04,cv_2,rolling_volatility_60,0.0241116294961528,False,0.0241116294961528,0.0218968031999569,0.02192750104465032,0.0006275448623170982,3.480433962024597,3.480433962024597,treatment,ridge
2026-05-05,cv_2,rolling_volatility_60,0.0219973590510888,False,0.0219973590510888,0.0218968031999569,0.02192750104465032,0.0006275448623170982,0.11131954165084296,0.11131954165084296,treatment,ridge
2026-05-06,cv_2,rolling_volatility_60,0.0229787687953196,False,0.0229787687953196,0.0218968031999569,0.02192750104465032,0.0006275448623170982,1.6752073258757285,1.6752073258757285,treatment,ridge
2026-05-07,cv_2,rolling_volatility_60,0.0230336978195936,False,0.0230336978195936,0.0218968031999569,0.02192750104465032,0.0006275448623170982,1.7627373616905162,1.7627373616905162,treatment,ridge
2026-05-08,cv_3,simple_return,0.0174940754054004,False,0.0174940754054004,0.0014093240930164,0.000706292121481235,0.022809900737053933,0.7359866874233241,0.7359866874233241,control,ols
2026-05-11,cv_3,simple_return,0.0197026280357421,False,0.0197026280357421,0.0014093240930164,0.000706292121481235,0.022809900737053933,0.8328109855998602,0.8328109855998602,control,ols
2026-05-12,cv_3,simple_return,0.006106436032548,False,0.006106436032548,0.0014093240930164,0.000706292121481235,0.022809900737053933,0.2367456120619766,0.2367456120619766,control,ols
2026-05-13,cv_3,simple_return,0.0228734626310331,False,0.0228734626310331,0.0014093240930164,0.000706292121481235,0.022809900737053933,0.9718223137000341,0.9718223137000341,control,ols
2026-05-14,cv_3,simple_return,0.0438825823927644,False,0.0438825823927644,0.0014093240930164,0.000706292121481235,0.022809900737053933,1.8928749742932773,1.8928749742932773,control,ols
2026-05-15,cv_3,simple_return,-0.0442012298555218,False,-0.0442012298555218,0.0014093240930164,0.000706292121481235,0.022809900737053933,-1.9687732311808022,1.9687732311808022,control,ols
2026-05-18,cv_3,simple_return,-0.0133143968688196,False,-0.0133143968688196,0.0014093240930164,0.000706292121481235,0.022809900737053933,-0.6146755810964442,0.6146755810964442,control,ols
2026-05-19,cv_3,simple_return,-0.007691645634814,False,-0.007691645634814,0.0014093240930164,0.000706292121481235,0.022809900737053933,-0.36817072783894506,0.36817072783894506,control,ols
2026-05-20,cv_3,simple_return,0.0129640569441045,False,0.0129640569441045,0.0014093240930164,0.000706292121481235,0.022809900737053933,0.5373879072919826,0.5373879072919826,control,ols
2026-05-21,cv_3,simple_return,-0.0177205293428006,False,-0.0177205293428006,0.0014093240930164,0.000706292121481235,0.022809900737053933,-0.8078431237689724,0.8078431237689724,control,ols
2026-05-22,cv_3,simple_return,-0.0190423797566589,False,-0.0190423797566589,0.0014093240930164,0.000706292121481235,0.022809900737053933,-0.865793854423008,0.865793854423008,control,ols
2026-05-26,cv_3,simple_return,-0.0021827019769955,False,-0.0021827019769955,0.0014093240930164,0.000706292121481235,0.022809900737053933,-0.12665526833195112,0.12665526833195112,control,ols
2026-05-27,cv_3,simple_return,-0.0105184515517827,False,-0.0105184515517827,0.0014093240930164,0.000706292121481235,0.022809900737053933,-0.49209962825615056,0.49209962825615056,control,ols
2026-05-28,cv_3,simple_return,0.007761024690098,False,0.007761024690098,0.0014093240930164,0.000706292121481235,0.022809900737053933,0.3092837908389748,0.3092837908389748,control,ols
2026-05-29,cv_3,simple_return,-0.0145157554742196,False,-0.0145157554742196,0.0014093240930164,0.000706292121481235,0.022809900737053933,-0.667343877168791,0.667343877168791,control,ols
2026-06-01,cv_3,simple_return,0.062612490569853,False,0.062612490569853,0.0014093240930164,0.000706292121481235,0.022809900737053933,2.714005604934843,2.714005604934843,control,ols
2026-06-02,cv_3,simple_return,-0.0068639386786567,False,-0.0068639386786567,0.0014093240930164,0.000706292121481235,0.022809900737053933,-0.3318835486136222,0.3318835486136222,control,ols
2026-06-03,cv_3,simple_return,-0.0362176064040619,False,-0.0362176064040619,0.0014093240930164,0.000706292121481235,0.022809900737053933,-1.6187662958813966,1.6187662958813966,control,ols
2026-06-04,cv_3,simple_return,0.0182072347478898,False,0.0182072347478898,0.0014093240930164,0.000706292121481235,0.022809900737053933,0.7672520292023394,0.7672520292023394,control,ols
2026-06-05,cv_3,simple_return,-0.0620140735913813,False,-0.0620140735913813,0.0014093240930164,0.000706292121481235,0.022809900737053933,-2.749699195795945,2.749699195795945,control,ols
2026-06-08,cv_3,simple_return,0.0172598399843351,False,0.0172598399843351,0.0014093240930164,0.000706292121481235,0.022809900737053933,0.7257176632936052,0.7257176632936052,control,ols
2026-06-09,cv_3,simple_return,-0.002156810532777,False,-0.002156810532777,0.0014093240930164,0.000706292121481235,0.022809900737053933,-0.12552017158089684,0.12552017158089684,control,ols
2026-06-10,cv_3,simple_return,-0.0373216973982588,False,-0.0373216973982588,0.0014093240930164,0.000706292121481235,0.022809900737053933,-1.667170320384815,1.667170320384815,control,ols
2026-06-11,cv_3,simple_return,0.0222033578929137,False,0.0222033578929137,0.0014093240930164,0.000706292121481235,0.022809900737053933,0.9424445121109708,0.9424445121109708,control,ols
2026-06-12,cv_3,simple_return,0.0015620019126554,False,0.0015620019126554,0.0014093240930164,0.000706292121481235,0.022809900737053933,0.037514840640410704,0.037514840640410704,control,ols
2026-05-08,cv_3,log_return,0.0173428156202659,False,0.0173428156202659,0.0014083319278955,0.0004464532523175449,0.0227831974668494,0.7416150605082249,0.7416150605082249,control,ols
2026-05-11,cv_3,log_return,0.0195110436483701,False,0.0195110436483701,0.0014083319278955,0.0004464532523175449,0.0227831974668494,0.8367829152950287,0.8367829152950287,control,ols
2026-05-12,cv_3,log_return,0.0060878673061894,False,0.0060878673061894,0.0014083319278955,0.0004464532523175449,0.0227831974668494,0.24761292009518732,0.24761292009518732,control,ols
2026-05-13,cv_3,log_return,0.0226157868761655,False,0.0226157868761655,0.0014083319278955,0.0004464532523175449,0.0227831974668494,0.9730562909839743,0.9730562909839743,control,ols
2026-05-14,cv_3,log_return,0.0429470141628899,False,0.0429470141628899,0.0014083319278955,0.0004464532523175449,0.0227831974668494,1.8654344269461134,1.8654344269461134,control,ols
2026-05-15,cv_3,log_return,-0.0452078795678481,False,-0.0452078795678481,0.0014083319278955,0.0004464532523175449,0.0227831974668494,-2.003859769314417,2.003859769314417,control,ols
2026-05-18,cv_3,log_return,-0.0134038281536289,False,-0.0134038281536289,0.0014083319278955,0.0004464532523175449,0.0227831974668494,-0.607916488723729,0.607916488723729,control,ols
2026-05-19,cv_3,log_return,-0.0077213789044106,False,-0.0077213789044106,0.0014083319278955,0.0004464532523175449,0.0227831974668494,-0.35850245202029773,0.35850245202029773,control,ols
2026-05-20,cv_3,log_return,0.0128807428444608,False,0.0128807428444608,0.0014083319278955,0.0004464532523175449,0.0227831974668494,0.5457657824471617,0.5457657824471617,control,ols
2026-05-21,cv_3,log_return,-0.017879417779403,False,-0.017879417779403,0.0014083319278955,0.0004464532523175449,0.0227831974668494,-0.804359048302396,0.804359048302396,control,ols
2026-05-22,cv_3,log_return,-0.0192260209173856,False,-0.0192260209173856,0.0014083319278955,0.0004464532523175449,0.0227831974668494,-0.8634641471341984,0.8634641471341984,control,ols
2026-05-26,cv_3,log_return,-0.0021850875429075,False,-0.0021850875429075,0.0014083319278955,0.0004464532523175449,0.0227831974668494,-0.11550357666232132,0.11550357666232132,control,ols
2026-05-27,cv_3,log_return,-0.0105741614623273,False,-0.0105741614623273,0.0014083319278955,0.0004464532523175449,0.0227831974668494,-0.4837167711283873,0.4837167711283873,control,ols
2026-05-28,cv_3,log_return,0.0077310628611257,False,0.0077310628611257,0.0014083319278955,0.0004464532523175449,0.0227831974668494,0.31973605194826565,0.31973605194826565,control,ols
2026-05-29,cv_3,log_return,-0.0146221398070838,False,-0.0146221398070838,0.0014083319278955,0.0004464532523175449,0.0227831974668494,-0.6613906182978416,0.6613906182978416,control,ols
2026-06-01,cv_3,log_return,0.0607304896897425,False,0.0607304896897425,0.0014083319278955,0.0004464532523175449,0.0227831974668494,2.6459866542060655,2.6459866542060655,control,ols
2026-06-02,cv_3,log_return,-0.0068876038588154,False,-0.0068876038588154,0.0014083319278955,0.0004464532523175449,0.0227831974668494,-0.3219064014962928,0.3219064014962928,control,ols
2026-06-03,cv_3,log_return,-0.0368897426373677,False,-0.0368897426373677,0.0014083319278955,0.0004464532523175449,0.0227831974668494,-1.6387601408455126,1.6387601408455126,control,ols
2026-06-04,cv_3,log_return,0.0180434678899357,False,0.0180434678899357,0.0014083319278955,0.0004464532523175449,0.0227831974668494,0.7723680867543995,0.7723680867543995,control,ols
2026-06-05,cv_3,log_return,-0.0640203339172356,False,-0.0640203339172356,0.0014083319278955,0.0004464532523175449,0.0227831974668494,-2.8295759303914774,2.8295759303914774,control,ols
2026-06-08,cv_3,log_return,0.0171125809758419,False,0.0171125809758419,0.0014083319278955,0.0004464532523175449,0.0227831974668494,0.7315096025382011,0.7315096025382011,control,ols
2026-06-09,cv_3,log_return,-0.0021591397984066,False,-0.0021591397984066,0.0014083319278955,0.0004464532523175449,0.0227831974668494,-0.11436467837823916,0.11436467837823916,control,ols
2026-06-10,cv_3,log_return,-0.038035980520405,False,-0.038035980520405,0.0014083319278955,0.0004464532523175449,0.0227831974668494,-1.6890708088149724,1.6890708088149724,control,ols
2026-06-11,cv_3,log_return,0.0219604523133006,False,0.0219604523133006,0.0014083319278955,0.0004464532523175449,0.0227831974668494,0.944292349319577,0.944292349319577,control,ols
2026-06-12,cv_3,log_return,0.0015607832565316,False,0.0015607832565316,0.0014083319278955,0.0004464532523175449,0.0227831974668494,0.04891016749670262,0.04891016749670262,control,ols
2026-05-08,cv_3,intraday_return,0.010186350191897,False,0.010186350191897,-0.0008035397361736,-0.001141604594464464,0.02004816973347161,0.5650368555813238,0.5650368555813238,control,ols
2026-05-11,cv_3,intraday_return,0.0252289727371397,False,0.0252289727371397,-0.0008035397361736,-0.001141604594464464,0.02004816973347161,1.3153608375320625,1.3153608375320625,control,ols
2026-05-12,cv_3,intraday_return,0.0102035950418675,False,0.0102035950418675,-0.0008035397361736,-0.001141604594464464,0.02004816973347161,0.5658970263699673,0.5658970263699673,control,ols
2026-05-13,cv_3,intraday_return,0.0040012856647833,False,0.0040012856647833,-0.0008035397361736,-0.001141604594464464,0.02004816973347161,0.256526671891719,0.256526671891719,control,ols
2026-05-14,cv_3,intraday_return,0.0256254045388011,False,0.0256254045388011,-0.0008035397361736,-0.001141604594464464,0.02004816973347161,1.3351348022845422,1.3351348022845422,control,ols
2026-05-15,cv_3,intraday_return,-0.0193244572108706,False,-0.0193244572108706,-0.0008035397361736,-0.001141604594464464,0.02004816973347161,-0.906958234000223,0.906958234000223,control,ols
2026-05-18,cv_3,intraday_return,-0.0328445989182701,False,-0.0328445989182701,-0.0008035397361736,-0.001141604594464464,0.02004816973347161,-1.5813410772792693,1.5813410772792693,control,ols
2026-05-19,cv_3,intraday_return,0.0045078112884751,False,0.0045078112884751,-0.0008035397361736,-0.001141604594464464,0.02004816973347161,0.28179210162549295,0.28179210162549295,control,ols
2026-05-20,cv_3,intraday_return,0.0012994379175519,False,0.0012994379175519,-0.0008035397361736,-0.001141604594464464,0.02004816973347161,0.12175887098266625,0.12175887098266625,control,ols
2026-05-21,cv_3,intraday_return,-0.0125061804996251,False,-0.0125061804996251,-0.0008035397361736,-0.001141604594464464,0.02004816973347161,-0.5668635120435359,0.5668635120435359,control,ols
2026-05-22,cv_3,intraday_return,-0.025214994202489,False,-0.025214994202489,-0.0008035397361736,-0.001141604594464464,0.02004816973347161,-1.20077742397764,1.20077742397764,control,ols
2026-05-26,cv_3,intraday_return,-0.0077583482399082,False,-0.0077583482399082,-0.0008035397361736,-0.001141604594464464,0.02004816973347161,-0.3300422798394753,0.3300422798394753,control,ols
2026-05-27,cv_3,intraday_return,-0.0070987719425269,False,-0.0070987719425269,-0.0008035397361736,-0.001141604594464464,0.02004816973347161,-0.29714270316240343,0.29714270316240343,control,ols
2026-05-28,cv_3,intraday_return,0.014057181171255,False,0.014057181171255,-0.0008035397361736,-0.001141604594464464,0.02004816973347161,0.7581133823076223,0.7581133823076223,control,ols
2026-05-29,cv_3,intraday_return,-0.0160313282321372,False,-0.0160313282321372,-0.0008035397361736,-0.001141604594464464,0.02004816973347161,-0.7426974050809962,0.7426974050809962,control,ols
2026-06-01,cv_3,intraday_return,0.0400037317652943,False,0.0400037317652943,-0.0008035397361736,-0.001141604594464464,0.02004816973347161,2.0523238234093846,2.0523238234093846,control,ols
2026-06-02,cv_3,intraday_return,-0.0191917664060533,False,-0.0191917664060533,-0.0008035397361736,-0.001141604594464464,0.02004816973347161,-0.9003396345678887,0.9003396345678887,control,ols
2026-06-03,cv_3,intraday_return,-0.031436050795278,False,-0.031436050795278,-0.0008035397361736,-0.001141604594464464,0.02004816973347161,-1.5110828870445545,1.5110828870445545,control,ols
2026-06-04,cv_3,intraday_return,0.0222056001060289,False,0.0222056001060289,-0.0008035397361736,-0.001141604594464464,0.02004816973347161,1.1645554188177996,1.1645554188177996,control,ols
2026-06-05,cv_3,intraday_return,-0.0439565223019584,False,-0.0439565223019584,-0.0008035397361736,-0.001141604594464464,0.02004816973347161,-2.1356023156573682,2.1356023156573682,control,ols
2026-06-08,cv_3,intraday_return,-0.0073270213140999,False,-0.0073270213140999,-0.0008035397361736,-0.001141604594464464,0.02004816973347161,-0.30852775100504637,0.30852775100504637,control,ols
2026-06-09,cv_3,intraday_return,-0.0115373313650929,False,-0.0115373313650929,-0.0008035397361736,-0.001141604594464464,0.02004816973347161,-0.5185374479981657,0.5185374479981657,control,ols
2026-06-10,cv_3,intraday_return,-0.0196154901457911,False,-0.0196154901457911,-0.0008035397361736,-0.001141604594464464,0.02004816973347161,-0.9214749175074763,0.9214749175074763,control,ols
2026-06-11,cv_3,intraday_return,0.0167749741023164,False,0.0167749741023164,-0.0008035397361736,-0.001141604594464464,0.02004816973347161,0.8936765268336726,0.8936765268336726,control,ols
2026-06-12,cv_3,intraday_return,0.0016108651277528,False,0.0016108651277528,-0.0008035397361736,-0.001141604594464464,0.02004816973347161,0.13729281818787936,0.13729281818787936,control,ols
2026-05-08,cv_3,daily_range,0.0228160024709028,False,0.0228160024709028,0.0253490793294314,0.029052572215517915,0.013361412142156122,-0.46675977645643696,0.46675977645643696,control,ols
2026-05-11,cv_3,daily_range,0.0383248430939795,False,0.0383248430939795,0.0253490793294314,0.029052572215517915,0.013361412142156122,0.6939589004373999,0.6939589004373999,control,ols
2026-05-12,cv_3,daily_range,0.0399945732397689,False,0.0399945732397689,0.0253490793294314,0.029052572215517915,0.013361412142156122,0.8189254928921966,0.8189254928921966,control,ols
2026-05-13,cv_3,daily_range,0.0277641985689861,False,0.0277641985689861,0.0253490793294314,0.029052572215517915,0.013361412142156122,-0.09642496113617442,0.09642496113617442,control,ols
2026-05-14,cv_3,daily_range,0.0307117589958015,False,0.0307117589958015,0.0253490793294314,0.029052572215517915,0.013361412142156122,0.12417750179629161,0.12417750179629161,control,ols
2026-05-15,cv_3,daily_range,0.0322208160431546,False,0.0322208160431546,0.0253490793294314,0.029052572215517915,0.013361412142156122,0.2371189357778036,0.2371189357778036,control,ols
2026-05-18,cv_3,daily_range,0.0523120029672001,False,0.0523120029672001,0.0253490793294314,0.029052572215517915,0.013361412142156122,1.740791355301224,1.740791355301224,control,ols
2026-05-19,cv_3,daily_range,0.0297810255530247,False,0.0297810255530247,0.0253490793294314,0.029052572215517915,0.013361412142156122,0.05451918777420759,0.05451918777420759,control,ols
2026-05-20,cv_3,daily_range,0.0251935599948925,False,0.0251935599948925,0.0253490793294314,0.029052572215517915,0.013361412142156122,-0.28881769228942367,0.28881769228942367,control,ols
2026-05-21,cv_3,daily_range,0.0431415491671758,False,0.0431415491671758,0.0253490793294314,0.029052572215517915,0.013361412142156122,1.0544526882159597,1.0544526882159597,control,ols
2026-05-22,cv_3,daily_range,0.0288394157909794,False,0.0288394157909794,0.0253490793294314,0.029052572215517915,0.013361412142156122,-0.015953135961280035,0.015953135961280035,control,ols
2026-05-26,cv_3,daily_range,0.0287628812167261,False,0.0287628812167261,0.0253490793294314,0.029052572215517915,0.013361412142156122,-0.02168116631009543,0.02168116631009543,control,ols
2026-05-27,cv_3,daily_range,0.0252586780951119,False,0.0252586780951119,0.0253490793294314,0.029052572215517915,0.013361412142156122,-0.28394409812687627,0.28394409812687627,control,ols
2026-05-28,cv_3,daily_range,0.0200700259125217,False,0.0200700259125217,0.0253490793294314,0.029052572215517915,0.013361412142156122,-0.6722752211688539,0.6722752211688539,control,ols
2026-05-29,cv_3,daily_range,0.0318745654399629,False,0.0318745654399629,0.0253490793294314,0.029052572215517915,0.013361412142156122,0.21120471357525256,0.21120471357525256,control,ols
2026-06-01,cv_3,daily_range,0.0408718048850024,False,0.0408718048850024,0.0253490793294314,0.029052572215517915,0.013361412142156122,0.8845796045908981,0.8845796045908981,control,ols
2026-06-02,cv_3,daily_range,0.049053012819793,False,0.049053012819793,0.0253490793294314,0.029052572215517915,0.013361412142156122,1.496880748193703,1.496880748193703,control,ols
2026-06-03,cv_3,daily_range,0.0386962180087673,False,0.0386962180087673,0.0253490793294314,0.029052572215517915,0.013361412142156122,0.7217534861321323,0.7217534861321323,control,ols
2026-06-04,cv_3,daily_range,0.048614308537371,False,0.048614308537371,0.0253490793294314,0.029052572215517915,0.013361412142156122,1.4640470718012308,1.4640470718012308,control,ols
2026-06-05,cv_3,daily_range,0.0513895318014432,False,0.0513895318014432,0.0253490793294314,0.029052572215517915,0.013361412142156122,1.671751409826715,1.671751409826715,control,ols
2026-06-08,cv_3,daily_range,0.0214244691036214,False,0.0214244691036214,0.0253490793294314,0.029052572215517915,0.013361412142156122,-0.5709054575024561,0.5709054575024561,control,ols
2026-06-09,cv_3,daily_range,0.0579278419576749,False,0.0579278419576749,0.0253490793294314,0.029052572215517915,0.013361412142156122,2.161094159430472,2.161094159430472,control,ols
2026-06-10,cv_3,daily_range,0.0364235261872631,False,0.0364235261872631,0.0253490793294314,0.029052572215517915,0.013361412142156122,0.5516598016230145,0.5516598016230145,control,ols
2026-06-11,cv_3,daily_range,0.0298726534965544,False,0.0298726534965544,0.0253490793294314,0.029052572215517915,0.013361412142156122,0.061376841931929965,0.061376841931929965,control,ols
2026-06-12,cv_3,daily_range,0.0176909441962167,False,0.0176909441962167,0.0253490793294314,0.029052572215517915,0.013361412142156122,-0.8503313795294543,0.8503313795294543,control,ols
2026-05-08,cv_3,sma_5,205.9019989013672,False,205.9019989013672,184.77000122070308,185.9811784927159,7.56859585997151,2.63203648037382,2.63203648037382,control,ols
2026-05-11,cv_3,sma_5,210.09400024414063,False,210.09400024414063,184.77000122070308,185.9811784927159,7.56859585997151,3.1859042545727214,3.1859042545727214,control,ols
2026-05-12,cv_3,sma_5,214.95,False,214.95,184.77000122070308,185.9811784927159,7.56859585997151,3.8275027552327416,3.8275027552327416,control,ols
2026-05-13,cv_3,sma_5,218.55,False,218.55,184.77000122070308,185.9811784927159,7.56859585997151,4.303152408960398,4.303152408960398,control,ols
2026-05-14,cv_3,sma_5,223.3980010986328,False,223.3980010986328,184.77000122070308,185.9811784927159,7.56859585997151,4.943694087803721,4.943694087803721,control,ols
2026-05-15,cv_3,sma_5,225.42200317382813,False,225.42200317382813,184.77000122070308,185.9811784927159,7.56859585997151,5.211115167306698,5.211115167306698,control,ols
2026-05-18,cv_3,sma_5,225.9980041503906,False,225.9980041503906,184.77000122070308,185.9811784927159,7.56859585997151,5.287219240931346,5.287219240931346,control,ols
2026-05-19,cv_3,sma_5,225.9640045166016,False,225.9640045166016,184.77000122070308,185.9811784927159,7.56859585997151,5.282727042587287,5.282727042587287,control,ols
2026-05-20,cv_3,sma_5,225.49200439453125,False,225.49200439453125,184.77000122070308,185.9811784927159,7.56859585997151,5.220364071858907,5.220364071858907,control,ols
2026-05-21,cv_3,sma_5,222.2460021972656,False,222.2460021972656,184.77000122070308,185.9811784927159,7.56859585997151,4.791486343767626,4.791486343767626,control,ols
2026-05-22,cv_3,sma_5,220.2480010986328,False,220.2480010986328,184.77000122070308,185.9811784927159,7.56859585997151,4.527500640792027,4.527500640792027,control,ols
2026-05-26,cv_3,sma_5,218.75599975585936,False,218.75599975585936,184.77000122070308,185.9811784927159,7.56859585997151,4.330370106888865,4.330370106888865,control,ols
2026-05-27,cv_3,sma_5,217.15400085449212,False,217.15400085449212,184.77000122070308,185.9811784927159,7.56859585997151,4.118706156136807,4.118706156136807,control,ols
2026-05-28,cv_3,sma_5,215.31000061035155,False,215.31000061035155,184.77000122070308,185.9811784927159,7.56859585997151,3.8750678012481483,3.8750678012481483,control,ols
2026-05-29,cv_3,sma_5,213.6360015869141,False,213.6360015869141,184.77000122070308,185.9811784927159,7.56859585997151,3.653890841293021,3.653890841293021,control,ols
2026-06-01,cv_3,sma_5,215.44200134277344,False,215.44200134277344,184.77000122070308,185.9811784927159,7.56859585997151,3.892508385322667,3.892508385322667,control,ols
2026-06-02,cv_3,sma_5,217.03400268554688,False,217.03400268554688,184.77000122070308,185.9811784927159,7.56859585997151,4.102851409607152,4.102851409607152,control,ols
2026-06-03,cv_3,sma_5,217.46400146484376,False,217.46400146484376,184.77000122070308,185.9811784927159,7.56859585997151,4.159664956961562,4.159664956961562,control,ols
2026-06-04,cv_3,sma_5,218.3460021972656,False,218.3460021972656,184.77000122070308,185.9811784927159,7.56859585997151,4.276199218896001,4.276199218896001,control,ols
2026-06-05,cv_3,sma_5,217.13800354003905,False,217.13800354003905,184.77000122070308,185.9811784927159,7.56859585997151,4.116592512503425,4.116592512503425,control,ols
2026-06-08,cv_3,sma_5,213.99400329589844,False,213.99400329589844,184.77000122070308,185.9811784927159,7.56859585997151,3.7011917826575527,3.7011917826575527,control,ols
2026-06-09,cv_3,sma_5,211.068002319336,False,211.068002319336,184.77000122070308,185.9811784927159,7.56859585997151,3.314594185071801,3.314594185071801,control,ols
2026-06-10,cv_3,sma_5,208.202001953125,False,208.202001953125,184.77000122070308,185.9811784927159,7.56859585997151,2.9359241623574728,2.9359241623574728,control,ols
2026-06-11,cv_3,sma_5,205.44400024414065,False,205.44400024414065,184.77000122070308,185.9811784927159,7.56859585997151,2.571523451841172,2.571523451841172,control,ols
2026-06-12,cv_3,sma_5,205.4619995117188,False,205.4619995117188,184.77000122070308,185.9811784927159,7.56859585997151,2.5739016033386433,2.5739016033386433,control,ols
2026-05-08,cv_3,sma_20,203.1814994812012,False,203.1814994812012,185.304500579834,185.16986344219887,3.9328952363792946,4.579739595500696,4.579739595500696,control,ols
2026-05-11,cv_3,sma_20,204.6879997253418,False,204.6879997253418,185.304500579834,185.16986344219887,3.9328952363792946,4.962790796612148,4.962790796612148,control,ols
2026-05-12,cv_3,sma_20,205.90149993896483,False,205.90149993896483,185.304500579834,185.16986344219887,3.9328952363792946,5.271342166706667,5.271342166706667,control,ols
2026-05-13,cv_3,sma_20,207.2495002746582,False,207.2495002746582,185.304500579834,185.16986344219887,3.9328952363792946,5.614092292167514,5.614092292167514,control,ols
2026-05-14,cv_3,sma_20,209.11900024414064,False,209.11900024414064,185.304500579834,185.16986344219887,3.9328952363792946,6.089441839287292,6.089441839287292,control,ols
2026-05-15,cv_3,sma_20,210.3010009765625,False,210.3010009765625,185.304500579834,185.16986344219887,3.9328952363792946,6.389983974630324,6.389983974630324,control,ols
2026-05-18,cv_3,sma_20,211.31400146484376,False,211.31400146484376,185.304500579834,185.16986344219887,3.9328952363792946,6.647555160079403,6.647555160079403,control,ols
2026-05-19,cv_3,sma_20,212.3505012512207,False,212.3505012512207,185.304500579834,185.16986344219887,3.9328952363792946,6.911101408855447,6.911101408855447,control,ols
2026-05-20,cv_3,sma_20,213.39900131225585,False,213.39900131225585,185.304500579834,185.16986344219887,3.9328952363792946,7.177698914768273,7.177698914768273,control,ols
2026-05-21,cv_3,sma_20,214.3925010681152,False,214.3925010681152,185.304500579834,185.16986344219887,3.9328952363792946,7.430311734624106,7.430311734624106,control,ols
2026-05-22,cv_3,sma_20,214.74550094604493,False,214.74550094604493,185.304500579834,185.16986344219887,3.9328952363792946,7.520067463346418,7.520067463346418,control,ols
2026-05-26,cv_3,sma_20,214.6580009460449,False,214.6580009460449,185.304500579834,185.16986344219887,3.9328952363792946,7.497819222612554,7.497819222612554,control,ols
2026-05-27,cv_3,sma_20,214.62950134277344,False,214.62950134277344,185.304500579834,185.16986344219887,3.9328952363792946,7.490572753647951,7.490572753647951,control,ols
2026-05-28,cv_3,sma_20,214.87950134277344,False,214.87950134277344,185.304500579834,185.16986344219887,3.9328952363792946,7.554139155744681,7.554139155744681,control,ols
2026-05-29,cv_3,sma_20,215.45800094604493,False,215.45800094604493,185.304500579834,185.16986344219887,3.9328952363792946,7.7012317093221,7.7012317093221,control,ols
2026-06-01,cv_3,sma_20,216.7535011291504,False,216.7535011291504,185.304500579834,185.16986344219887,3.9328952363792946,8.030632851544778,8.030632851544778,control,ols
2026-06-02,cv_3,sma_20,217.9705017089844,False,217.9705017089844,185.304500579834,185.16986344219887,3.9328952363792946,8.3400742443835,8.3400742443835,control,ols
2026-06-03,cv_3,sma_20,218.8830017089844,False,218.8830017089844,185.304500579834,185.16986344219887,3.9328952363792946,8.57209161203657,8.57209161203657,control,ols
2026-06-04,cv_3,sma_20,219.42450180053712,False,219.42450180053712,185.304500579834,185.16986344219887,3.9328952363792946,8.70977646225679,8.70977646225679,control,ols
2026-06-05,cv_3,sma_20,219.1045021057129,False,219.1045021057129,185.304500579834,185.16986344219887,3.9328952363792946,8.628411545168683,8.628411545168683,control,ols
2026-06-08,cv_3,sma_20,218.7765022277832,False,218.7765022277832,185.304500579834,185.16986344219887,3.9328952363792946,8.545012456656053,8.545012456656053,control,ols
2026-06-09,cv_3,sma_20,218.2140022277832,False,218.2140022277832,185.304500579834,185.16986344219887,3.9328952363792946,8.40198805193841,8.40198805193841,control,ols
2026-06-10,cv_3,sma_20,217.1960021972656,False,217.1960021972656,185.304500579834,185.16986344219887,3.9328952363792946,8.143145654840954,8.143145654840954,control,ols
2026-06-11,cv_3,sma_20,216.14800186157223,False,216.14800186157223,185.304500579834,185.16986344219887,3.9328952363792946,7.8766752118961785,7.8766752118961785,control,ols
2026-06-12,cv_3,sma_20,214.6205017089844,False,214.6205017089844,185.304500579834,185.16986344219887,3.9328952363792946,7.48828445628732,7.48828445628732,control,ols
2026-05-08,cv_3,sma_60,188.6303329467773,False,188.6303329467773,184.9241671244304,184.87235775603554,0.8554904160058222,4.3927729877878265,4.3927729877878265,control,ols
2026-05-11,cv_3,sma_60,189.171999613444,False,189.171999613444,184.9241671244304,184.87235775603554,0.8554904160058222,5.025938078281403,5.025938078281403,control,ols
2026-05-12,cv_3,sma_60,189.8048329671224,False,189.8048329671224,184.9241671244304,184.87235775603554,0.8554904160058222,5.765669747787431,5.765669747787431,control,ols
2026-05-13,cv_3,sma_60,190.48583297729493,False,190.48583297729493,184.9241671244304,184.87235775603554,0.8554904160058222,6.561704393449556,6.561704393449556,control,ols
2026-05-14,cv_3,sma_60,191.2818331400553,False,191.2818331400553,184.9241671244304,184.87235775603554,0.8554904160058222,7.4921650366871555,7.4921650366871555,control,ols
2026-05-15,cv_3,sma_60,191.9055000305176,False,191.9055000305176,184.9241671244304,184.87235775603554,0.8554904160058222,8.22118184247922,8.22118184247922,control,ols
2026-05-18,cv_3,sma_60,192.44716669718423,False,192.44716669718423,184.9241671244304,184.87235775603554,0.8554904160058222,8.854346932972698,8.854346932972698,control,ols
2026-05-19,cv_3,sma_60,192.93149998982747,False,192.93149998982747,184.9241671244304,184.87235775603554,0.8554904160058222,9.42049388632436,9.42049388632436,control,ols
2026-05-20,cv_3,sma_60,193.44183324178056,False,193.44183324178056,184.9241671244304,184.87235775603554,0.8554904160058222,10.017032716456166,10.017032716456166,control,ols
2026-05-21,cv_3,sma_60,193.84099985758465,False,193.84099985758465,184.9241671244304,184.87235775603554,0.8554904160058222,10.48362662368864,10.48362662368864,control,ols
2026-05-22,cv_3,sma_60,194.34833323160808,False,194.34833323160808,184.9241671244304,184.87235775603554,0.8554904160058222,11.076658836009742,11.076658836009742,control,ols
2026-05-26,cv_3,sma_60,194.97616653442384,False,194.97616653442384,184.9241671244304,184.87235775603554,0.8554904160058222,11.810545845226086,11.810545845226086,control,ols
2026-05-27,cv_3,sma_60,195.4781667073568,False,195.4781667073568,184.9241671244304,184.87235775603554,0.8554904160058222,12.397343971237511,12.397343971237511,control,ols
2026-05-28,cv_3,sma_60,196.0481666564941,False,196.0481666564941,184.9241671244304,184.87235775603554,0.8554904160058222,13.063628407010102,13.063628407010102,control,ols
2026-05-29,cv_3,sma_60,196.5165000915528,False,196.5165000915528,184.9241671244304,184.87235775603554,0.8554904160058222,13.611072804161054,13.611072804161054,control,ols
2026-06-01,cv_3,sma_60,197.20016682942708,False,197.20016682942708,184.9241671244304,184.87235775603554,0.8554904160058222,14.410224641613794,14.410224641613794,control,ols
2026-06-02,cv_3,sma_60,197.95016682942708,False,197.95016682942708,184.9241671244304,184.87235775603554,0.8554904160058222,15.286914766912515,15.286914766912515,control,ols
2026-06-03,cv_3,sma_60,198.48516693115235,False,198.48516693115235,184.9241671244304,184.87235775603554,0.8554904160058222,15.912287175200994,15.912287175200994,control,ols
2026-06-04,cv_3,sma_60,199.05000025431315,False,199.05000025431315,184.9241671244304,184.87235775603554,0.8554904160058222,16.572532237673972,16.572532237673972,control,ols
2026-06-05,cv_3,sma_60,199.3678337097168,False,199.3678337097168,184.9241671244304,184.87235775603554,0.8554904160058222,16.944054173463233,16.944054173463233,control,ols
2026-06-08,cv_3,sma_60,199.7928337097168,False,199.7928337097168,184.9241671244304,184.87235775603554,0.8554904160058222,17.440845244465855,17.440845244465855,control,ols
2026-06-09,cv_3,sma_60,200.2585004170736,False,200.2585004170736,184.9241671244304,184.87235775603554,0.8554904160058222,17.985172449825964,17.985172449825964,control,ols
2026-06-10,cv_3,sma_60,200.5451670328776,False,200.5451670328776,184.9241671244304,184.87235775603554,0.8554904160058222,18.320262838263513,18.320262838263513,control,ols
2026-06-11,cv_3,sma_60,200.92750040690103,False,200.92750040690103,184.9241671244304,184.87235775603554,0.8554904160058222,18.767180029701496,18.767180029701496,control,ols
2026-06-12,cv_3,sma_60,201.34066721598307,False,201.34066721598307,184.9241671244304,184.87235775603554,0.8554904160058222,19.250139045199376,19.250139045199376,control,ols
2026-05-08,cv_3,rolling_volatility_20,0.0248227974185838,False,0.0248227974185838,0.02239842376788835,0.022663117478498758,0.0035648170993197973,0.6058319066347417,0.6058319066347417,control,ols
2026-05-11,cv_3,rolling_volatility_20,0.0249708453538536,False,0.0249708453538536,0.02239842376788835,0.022663117478498758,0.0035648170993197973,0.6473622099139899,0.6473622099139899,control,ols
2026-05-12,cv_3,rolling_volatility_20,0.0239288194928034,False,0.0239288194928034,0.02239842376788835,0.022663117478498758,0.0035648170993197973,0.35505384400959866,0.35505384400959866,control,ols
2026-05-13,cv_3,rolling_volatility_20,0.0241916684731468,False,0.0241916684731468,0.02239842376788835,0.022663117478498758,0.0035648170993197973,0.4287880561781708,0.4287880561781708,control,ols
2026-05-14,cv_3,rolling_volatility_20,0.0254554162776162,False,0.0254554162776162,0.02239842376788835,0.022663117478498758,0.0035648170993197973,0.7832937066112703,0.7832937066112703,control,ols
2026-05-15,cv_3,rolling_volatility_20,0.0279967705323583,False,0.0279967705323583,0.02239842376788835,0.022663117478498758,0.0035648170993197973,1.4961926251075426,1.4961926251075426,control,ols
2026-05-18,cv_3,rolling_volatility_20,0.0283167532351919,False,0.0283167532351919,0.02239842376788835,0.022663117478498758,0.0035648170993197973,1.5859539491582648,1.5859539491582648,control,ols
2026-05-19,cv_3,rolling_volatility_20,0.028233240460304,False,0.028233240460304,0.02239842376788835,0.022663117478498758,0.0035648170993197973,1.562527003943085,1.562527003943085,control,ols
2026-05-20,cv_3,rolling_volatility_20,0.0282311720543956,False,0.0282311720543956,0.02239842376788835,0.022663117478498758,0.0035648170993197973,1.5619467761639956,1.5619467761639956,control,ols
2026-05-21,cv_3,rolling_volatility_20,0.0283726357531294,False,0.0283726357531294,0.02239842376788835,0.022663117478498758,0.0035648170993197973,1.6016300740141969,1.6016300740141969,control,ols
2026-05-22,cv_3,rolling_volatility_20,0.0273715528878476,False,0.0273715528878476,0.02239842376788835,0.022663117478498758,0.0035648170993197973,1.320807008653336,1.320807008653336,control,ols
2026-05-26,cv_3,rolling_volatility_20,0.0258718584704306,False,0.0258718584704306,0.02239842376788835,0.022663117478498758,0.0035648170993197973,0.9001137793420314,0.9001137793420314,control,ols
2026-05-27,cv_3,rolling_volatility_20,0.025726960352678,False,0.025726960352678,0.02239842376788835,0.022663117478498758,0.0035648170993197973,0.859467060670197,0.859467060670197,control,ols
2026-05-28,cv_3,rolling_volatility_20,0.0253959870037243,False,0.0253959870037243,0.02239842376788835,0.022663117478498758,0.0035648170993197973,0.766622648255082,0.766622648255082,control,ols
2026-05-29,cv_3,rolling_volatility_20,0.0231472104673821,False,0.0231472104673821,0.02239842376788835,0.022663117478498758,0.0035648170993197973,0.13579742673914785,0.13579742673914785,control,ols
2026-06-01,cv_3,rolling_volatility_20,0.0265733739372333,False,0.0265733739372333,0.02239842376788835,0.022663117478498758,0.0035648170993197973,1.0969024075542773,1.0969024075542773,control,ols
2026-06-02,cv_3,rolling_volatility_20,0.02670733969941,False,0.02670733969941,0.02239842376788835,0.022663117478498758,0.0035648170993197973,1.1344823894844196,1.1344823894844196,control,ols
2026-06-03,cv_3,rolling_volatility_20,0.0281463088573324,False,0.0281463088573324,0.02239842376788835,0.022663117478498758,0.0035648170993197973,1.5381410114644847,1.5381410114644847,control,ols
2026-06-04,cv_3,rolling_volatility_20,0.0255071625646882,False,0.0255071625646882,0.02239842376788835,0.022663117478498758,0.0035648170993197973,0.7978095388770754,0.7978095388770754,control,ols
2026-06-05,cv_3,rolling_volatility_20,0.0290483339479584,False,0.0290483339479584,0.02239842376788835,0.022663117478498758,0.0035648170993197973,1.791176459145128,1.791176459145128,control,ols
2026-06-08,cv_3,rolling_volatility_20,0.0290404743334059,False,0.0290404743334059,0.02239842376788835,0.022663117478498758,0.0035648170993197973,1.7889716855667028,1.7889716855667028,control,ols
2026-06-09,cv_3,rolling_volatility_20,0.0286228781691375,False,0.0286228781691375,0.02239842376788835,0.022663117478498758,0.0035648170993197973,1.671827901570581,1.671827901570581,control,ols
2026-06-10,cv_3,rolling_volatility_20,0.0295875117646585,False,0.0295875117646585,0.02239842376788835,0.022663117478498758,0.0035648170993197973,1.9424262432653236,1.9424262432653236,control,ols
2026-06-11,cv_3,rolling_volatility_20,0.0295553514559805,False,0.0295553514559805,0.02239842376788835,0.022663117478498758,0.0035648170993197973,1.9334046559630926,1.9334046559630926,control,ols
2026-06-12,cv_3,rolling_volatility_20,0.0273456999079777,False,0.0273456999079777,0.02239842376788835,0.022663117478498758,0.0035648170993197973,1.3135547488179482,1.3135547488179482,control,ols
2026-05-08,cv_3,rolling_volatility_60,0.0231068300040838,False,0.0231068300040838,0.02232033455454245,0.022365952446146534,0.0008176326760699261,0.90612518264119,0.90612518264119,control,ols
2026-05-11,cv_3,rolling_volatility_60,0.0230812295129846,False,0.0230812295129846,0.02232033455454245,0.022365952446146534,0.0008176326760699261,0.8748146787334296,0.8748146787334296,control,ols
2026-05-12,cv_3,rolling_volatility_60,0.0228488608000381,False,0.0228488608000381,0.02232033455454245,0.022365952446146534,0.0008176326760699261,0.5906177285046108,0.5906177285046108,control,ols
2026-05-13,cv_3,rolling_volatility_60,0.0229621495471931,False,0.0229621495471931,0.02232033455454245,0.022365952446146534,0.0008176326760699261,0.7291747486319619,0.7291747486319619,control,ols
2026-05-14,cv_3,rolling_volatility_60,0.0234911528930414,False,0.0234911528930414,0.02232033455454245,0.022365952446146534,0.0008176326760699261,1.3761686388358514,1.3761686388358514,control,ols
2026-05-15,cv_3,rolling_volatility_60,0.0242984816592766,False,0.0242984816592766,0.02232033455454245,0.022365952446146534,0.0008176326760699261,2.3635665130447765,2.3635665130447765,control,ols
2026-05-18,cv_3,rolling_volatility_60,0.0243750806646603,False,0.0243750806646603,0.02232033455454245,0.022365952446146534,0.0008176326760699261,2.4572503977836853,2.4572503977836853,control,ols
2026-05-19,cv_3,rolling_volatility_60,0.0243993565461087,False,0.0243993565461087,0.02232033455454245,0.022365952446146534,0.0008176326760699261,2.486940847002382,2.486940847002382,control,ols
2026-05-20,cv_3,rolling_volatility_60,0.0244301232901015,False,0.0244301232901015,0.02232033455454245,0.022365952446146534,0.0008176326760699261,2.5245699008468105,2.5245699008468105,control,ols
2026-05-21,cv_3,rolling_volatility_60,0.0245252052051098,False,0.0245252052051098,0.02232033455454245,0.022365952446146534,0.0008176326760699261,2.6408591806066704,2.6408591806066704,control,ols
2026-05-22,cv_3,rolling_volatility_60,0.0235402289784066,False,0.0235402289784066,0.02232033455454245,0.022365952446146534,0.0008176326760699261,1.436190806248596,1.436190806248596,control,ols
2026-05-26,cv_3,rolling_volatility_60,0.0228171122455572,False,0.0228171122455572,0.02232033455454245,0.022365952446146534,0.0008176326760699261,0.5517878781205674,0.5517878781205674,control,ols
2026-05-27,cv_3,rolling_volatility_60,0.0226203650251716,False,0.0226203650251716,0.02232033455454245,0.022365952446146534,0.0008176326760699261,0.311157548457993,0.311157548457993,control,ols
2026-05-28,cv_3,rolling_volatility_60,0.0225293222609804,False,0.0225293222609804,0.02232033455454245,0.022365952446146534,0.0008176326760699261,0.19980832422100417,0.19980832422100417,control,ols
2026-05-29,cv_3,rolling_volatility_60,0.0225725103064236,False,0.0225725103064236,0.02232033455454245,0.022365952446146534,0.0008176326760699261,0.25262916505479666,0.25262916505479666,control,ols
2026-06-01,cv_3,rolling_volatility_60,0.0238626884512124,False,0.0238626884512124,0.02232033455454245,0.022365952446146534,0.0008176326760699261,1.830572638388368,1.830572638388368,control,ols
2026-06-02,cv_3,rolling_volatility_60,0.0234911644053764,False,0.0234911644053764,0.02232033455454245,0.022365952446146534,0.0008176326760699261,1.376182718917701,1.376182718917701,control,ols
2026-06-03,cv_3,rolling_volatility_60,0.0238557911512685,False,0.0238557911512685,0.02232033455454245,0.022365952446146534,0.0008176326760699261,1.822136943306984,1.822136943306984,control,ols
2026-06-04,cv_3,rolling_volatility_60,0.0239114010179503,False,0.0239114010179503,0.02232033455454245,0.022365952446146534,0.0008176326760699261,1.890150206853517,1.890150206853517,control,ols
2026-06-05,cv_3,rolling_volatility_60,0.0253381084609177,False,0.0253381084609177,0.02232033455454245,0.022365952446146534,0.0008176326760699261,3.6350748958044097,3.6350748958044097,control,ols
2026-06-08,cv_3,rolling_volatility_60,0.0253084027045559,False,0.0253084027045559,0.02232033455454245,0.022365952446146534,0.0008176326760699261,3.5987434755576233,3.5987434755576233,control,ols
2026-06-09,cv_3,rolling_volatility_60,0.0252026108216626,False,0.0252026108216626,0.02232033455454245,0.022365952446146534,0.0008176326760699261,3.4693554435114904,3.4693554435114904,control,ols
2026-06-10,cv_3,rolling_volatility_60,0.0256576345611,False,0.0256576345611,0.02232033455454245,0.022365952446146534,0.0008176326760699261,4.025869086807327,4.025869086807327,control,ols
2026-06-11,cv_3,rolling_volatility_60,0.0257640165801675,False,0.0257640165801675,0.02232033455454245,0.022365952446146534,0.0008176326760699261,4.155978880827356,4.155978880827356,control,ols
2026-06-12,cv_3,rolling_volatility_60,0.0257258493038802,False,0.0257258493038802,0.02232033455454245,0.022365952446146534,0.0008176326760699261,4.1092986570491705,4.1092986570491705,control,ols
2026-05-08,cv_3,simple_return,0.0174940754054004,False,0.0174940754054004,0.0014093240930164,0.000706292121481235,0.022809900737053933,0.7359866874233241,0.7359866874233241,control,ridge
2026-05-11,cv_3,simple_return,0.0197026280357421,False,0.0197026280357421,0.0014093240930164,0.000706292121481235,0.022809900737053933,0.8328109855998602,0.8328109855998602,control,ridge
2026-05-12,cv_3,simple_return,0.006106436032548,False,0.006106436032548,0.0014093240930164,0.000706292121481235,0.022809900737053933,0.2367456120619766,0.2367456120619766,control,ridge
2026-05-13,cv_3,simple_return,0.0228734626310331,False,0.0228734626310331,0.0014093240930164,0.000706292121481235,0.022809900737053933,0.9718223137000341,0.9718223137000341,control,ridge
2026-05-14,cv_3,simple_return,0.0438825823927644,False,0.0438825823927644,0.0014093240930164,0.000706292121481235,0.022809900737053933,1.8928749742932773,1.8928749742932773,control,ridge
2026-05-15,cv_3,simple_return,-0.0442012298555218,False,-0.0442012298555218,0.0014093240930164,0.000706292121481235,0.022809900737053933,-1.9687732311808022,1.9687732311808022,control,ridge
2026-05-18,cv_3,simple_return,-0.0133143968688196,False,-0.0133143968688196,0.0014093240930164,0.000706292121481235,0.022809900737053933,-0.6146755810964442,0.6146755810964442,control,ridge
2026-05-19,cv_3,simple_return,-0.007691645634814,False,-0.007691645634814,0.0014093240930164,0.000706292121481235,0.022809900737053933,-0.36817072783894506,0.36817072783894506,control,ridge
2026-05-20,cv_3,simple_return,0.0129640569441045,False,0.0129640569441045,0.0014093240930164,0.000706292121481235,0.022809900737053933,0.5373879072919826,0.5373879072919826,control,ridge
2026-05-21,cv_3,simple_return,-0.0177205293428006,False,-0.0177205293428006,0.0014093240930164,0.000706292121481235,0.022809900737053933,-0.8078431237689724,0.8078431237689724,control,ridge
2026-05-22,cv_3,simple_return,-0.0190423797566589,False,-0.0190423797566589,0.0014093240930164,0.000706292121481235,0.022809900737053933,-0.865793854423008,0.865793854423008,control,ridge
2026-05-26,cv_3,simple_return,-0.0021827019769955,False,-0.0021827019769955,0.0014093240930164,0.000706292121481235,0.022809900737053933,-0.12665526833195112,0.12665526833195112,control,ridge
2026-05-27,cv_3,simple_return,-0.0105184515517827,False,-0.0105184515517827,0.0014093240930164,0.000706292121481235,0.022809900737053933,-0.49209962825615056,0.49209962825615056,control,ridge
2026-05-28,cv_3,simple_return,0.007761024690098,False,0.007761024690098,0.0014093240930164,0.000706292121481235,0.022809900737053933,0.3092837908389748,0.3092837908389748,control,ridge
2026-05-29,cv_3,simple_return,-0.0145157554742196,False,-0.0145157554742196,0.0014093240930164,0.000706292121481235,0.022809900737053933,-0.667343877168791,0.667343877168791,control,ridge
2026-06-01,cv_3,simple_return,0.062612490569853,False,0.062612490569853,0.0014093240930164,0.000706292121481235,0.022809900737053933,2.714005604934843,2.714005604934843,control,ridge
2026-06-02,cv_3,simple_return,-0.0068639386786567,False,-0.0068639386786567,0.0014093240930164,0.000706292121481235,0.022809900737053933,-0.3318835486136222,0.3318835486136222,control,ridge
2026-06-03,cv_3,simple_return,-0.0362176064040619,False,-0.0362176064040619,0.0014093240930164,0.000706292121481235,0.022809900737053933,-1.6187662958813966,1.6187662958813966,control,ridge
2026-06-04,cv_3,simple_return,0.0182072347478898,False,0.0182072347478898,0.0014093240930164,0.000706292121481235,0.022809900737053933,0.7672520292023394,0.7672520292023394,control,ridge
2026-06-05,cv_3,simple_return,-0.0620140735913813,False,-0.0620140735913813,0.0014093240930164,0.000706292121481235,0.022809900737053933,-2.749699195795945,2.749699195795945,control,ridge
2026-06-08,cv_3,simple_return,0.0172598399843351,False,0.0172598399843351,0.0014093240930164,0.000706292121481235,0.022809900737053933,0.7257176632936052,0.7257176632936052,control,ridge
2026-06-09,cv_3,simple_return,-0.002156810532777,False,-0.002156810532777,0.0014093240930164,0.000706292121481235,0.022809900737053933,-0.12552017158089684,0.12552017158089684,control,ridge
2026-06-10,cv_3,simple_return,-0.0373216973982588,False,-0.0373216973982588,0.0014093240930164,0.000706292121481235,0.022809900737053933,-1.667170320384815,1.667170320384815,control,ridge
2026-06-11,cv_3,simple_return,0.0222033578929137,False,0.0222033578929137,0.0014093240930164,0.000706292121481235,0.022809900737053933,0.9424445121109708,0.9424445121109708,control,ridge
2026-06-12,cv_3,simple_return,0.0015620019126554,False,0.0015620019126554,0.0014093240930164,0.000706292121481235,0.022809900737053933,0.037514840640410704,0.037514840640410704,control,ridge
2026-05-08,cv_3,log_return,0.0173428156202659,False,0.0173428156202659,0.0014083319278955,0.0004464532523175449,0.0227831974668494,0.7416150605082249,0.7416150605082249,control,ridge
2026-05-11,cv_3,log_return,0.0195110436483701,False,0.0195110436483701,0.0014083319278955,0.0004464532523175449,0.0227831974668494,0.8367829152950287,0.8367829152950287,control,ridge
2026-05-12,cv_3,log_return,0.0060878673061894,False,0.0060878673061894,0.0014083319278955,0.0004464532523175449,0.0227831974668494,0.24761292009518732,0.24761292009518732,control,ridge
2026-05-13,cv_3,log_return,0.0226157868761655,False,0.0226157868761655,0.0014083319278955,0.0004464532523175449,0.0227831974668494,0.9730562909839743,0.9730562909839743,control,ridge
2026-05-14,cv_3,log_return,0.0429470141628899,False,0.0429470141628899,0.0014083319278955,0.0004464532523175449,0.0227831974668494,1.8654344269461134,1.8654344269461134,control,ridge
2026-05-15,cv_3,log_return,-0.0452078795678481,False,-0.0452078795678481,0.0014083319278955,0.0004464532523175449,0.0227831974668494,-2.003859769314417,2.003859769314417,control,ridge
2026-05-18,cv_3,log_return,-0.0134038281536289,False,-0.0134038281536289,0.0014083319278955,0.0004464532523175449,0.0227831974668494,-0.607916488723729,0.607916488723729,control,ridge
2026-05-19,cv_3,log_return,-0.0077213789044106,False,-0.0077213789044106,0.0014083319278955,0.0004464532523175449,0.0227831974668494,-0.35850245202029773,0.35850245202029773,control,ridge
2026-05-20,cv_3,log_return,0.0128807428444608,False,0.0128807428444608,0.0014083319278955,0.0004464532523175449,0.0227831974668494,0.5457657824471617,0.5457657824471617,control,ridge
2026-05-21,cv_3,log_return,-0.017879417779403,False,-0.017879417779403,0.0014083319278955,0.0004464532523175449,0.0227831974668494,-0.804359048302396,0.804359048302396,control,ridge
2026-05-22,cv_3,log_return,-0.0192260209173856,False,-0.0192260209173856,0.0014083319278955,0.0004464532523175449,0.0227831974668494,-0.8634641471341984,0.8634641471341984,control,ridge
2026-05-26,cv_3,log_return,-0.0021850875429075,False,-0.0021850875429075,0.0014083319278955,0.0004464532523175449,0.0227831974668494,-0.11550357666232132,0.11550357666232132,control,ridge
2026-05-27,cv_3,log_return,-0.0105741614623273,False,-0.0105741614623273,0.0014083319278955,0.0004464532523175449,0.0227831974668494,-0.4837167711283873,0.4837167711283873,control,ridge
2026-05-28,cv_3,log_return,0.0077310628611257,False,0.0077310628611257,0.0014083319278955,0.0004464532523175449,0.0227831974668494,0.31973605194826565,0.31973605194826565,control,ridge
2026-05-29,cv_3,log_return,-0.0146221398070838,False,-0.0146221398070838,0.0014083319278955,0.0004464532523175449,0.0227831974668494,-0.6613906182978416,0.6613906182978416,control,ridge
2026-06-01,cv_3,log_return,0.0607304896897425,False,0.0607304896897425,0.0014083319278955,0.0004464532523175449,0.0227831974668494,2.6459866542060655,2.6459866542060655,control,ridge
2026-06-02,cv_3,log_return,-0.0068876038588154,False,-0.0068876038588154,0.0014083319278955,0.0004464532523175449,0.0227831974668494,-0.3219064014962928,0.3219064014962928,control,ridge
2026-06-03,cv_3,log_return,-0.0368897426373677,False,-0.0368897426373677,0.0014083319278955,0.0004464532523175449,0.0227831974668494,-1.6387601408455126,1.6387601408455126,control,ridge
2026-06-04,cv_3,log_return,0.0180434678899357,False,0.0180434678899357,0.0014083319278955,0.0004464532523175449,0.0227831974668494,0.7723680867543995,0.7723680867543995,control,ridge
2026-06-05,cv_3,log_return,-0.0640203339172356,False,-0.0640203339172356,0.0014083319278955,0.0004464532523175449,0.0227831974668494,-2.8295759303914774,2.8295759303914774,control,ridge
2026-06-08,cv_3,log_return,0.0171125809758419,False,0.0171125809758419,0.0014083319278955,0.0004464532523175449,0.0227831974668494,0.7315096025382011,0.7315096025382011,control,ridge
2026-06-09,cv_3,log_return,-0.0021591397984066,False,-0.0021591397984066,0.0014083319278955,0.0004464532523175449,0.0227831974668494,-0.11436467837823916,0.11436467837823916,control,ridge
2026-06-10,cv_3,log_return,-0.038035980520405,False,-0.038035980520405,0.0014083319278955,0.0004464532523175449,0.0227831974668494,-1.6890708088149724,1.6890708088149724,control,ridge
2026-06-11,cv_3,log_return,0.0219604523133006,False,0.0219604523133006,0.0014083319278955,0.0004464532523175449,0.0227831974668494,0.944292349319577,0.944292349319577,control,ridge
2026-06-12,cv_3,log_return,0.0015607832565316,False,0.0015607832565316,0.0014083319278955,0.0004464532523175449,0.0227831974668494,0.04891016749670262,0.04891016749670262,control,ridge
2026-05-08,cv_3,intraday_return,0.010186350191897,False,0.010186350191897,-0.0008035397361736,-0.001141604594464464,0.02004816973347161,0.5650368555813238,0.5650368555813238,control,ridge
2026-05-11,cv_3,intraday_return,0.0252289727371397,False,0.0252289727371397,-0.0008035397361736,-0.001141604594464464,0.02004816973347161,1.3153608375320625,1.3153608375320625,control,ridge
2026-05-12,cv_3,intraday_return,0.0102035950418675,False,0.0102035950418675,-0.0008035397361736,-0.001141604594464464,0.02004816973347161,0.5658970263699673,0.5658970263699673,control,ridge
2026-05-13,cv_3,intraday_return,0.0040012856647833,False,0.0040012856647833,-0.0008035397361736,-0.001141604594464464,0.02004816973347161,0.256526671891719,0.256526671891719,control,ridge
2026-05-14,cv_3,intraday_return,0.0256254045388011,False,0.0256254045388011,-0.0008035397361736,-0.001141604594464464,0.02004816973347161,1.3351348022845422,1.3351348022845422,control,ridge
2026-05-15,cv_3,intraday_return,-0.0193244572108706,False,-0.0193244572108706,-0.0008035397361736,-0.001141604594464464,0.02004816973347161,-0.906958234000223,0.906958234000223,control,ridge
2026-05-18,cv_3,intraday_return,-0.0328445989182701,False,-0.0328445989182701,-0.0008035397361736,-0.001141604594464464,0.02004816973347161,-1.5813410772792693,1.5813410772792693,control,ridge
2026-05-19,cv_3,intraday_return,0.0045078112884751,False,0.0045078112884751,-0.0008035397361736,-0.001141604594464464,0.02004816973347161,0.28179210162549295,0.28179210162549295,control,ridge
2026-05-20,cv_3,intraday_return,0.0012994379175519,False,0.0012994379175519,-0.0008035397361736,-0.001141604594464464,0.02004816973347161,0.12175887098266625,0.12175887098266625,control,ridge
2026-05-21,cv_3,intraday_return,-0.0125061804996251,False,-0.0125061804996251,-0.0008035397361736,-0.001141604594464464,0.02004816973347161,-0.5668635120435359,0.5668635120435359,control,ridge
2026-05-22,cv_3,intraday_return,-0.025214994202489,False,-0.025214994202489,-0.0008035397361736,-0.001141604594464464,0.02004816973347161,-1.20077742397764,1.20077742397764,control,ridge
2026-05-26,cv_3,intraday_return,-0.0077583482399082,False,-0.0077583482399082,-0.0008035397361736,-0.001141604594464464,0.02004816973347161,-0.3300422798394753,0.3300422798394753,control,ridge
2026-05-27,cv_3,intraday_return,-0.0070987719425269,False,-0.0070987719425269,-0.0008035397361736,-0.001141604594464464,0.02004816973347161,-0.29714270316240343,0.29714270316240343,control,ridge
2026-05-28,cv_3,intraday_return,0.014057181171255,False,0.014057181171255,-0.0008035397361736,-0.001141604594464464,0.02004816973347161,0.7581133823076223,0.7581133823076223,control,ridge
2026-05-29,cv_3,intraday_return,-0.0160313282321372,False,-0.0160313282321372,-0.0008035397361736,-0.001141604594464464,0.02004816973347161,-0.7426974050809962,0.7426974050809962,control,ridge
2026-06-01,cv_3,intraday_return,0.0400037317652943,False,0.0400037317652943,-0.0008035397361736,-0.001141604594464464,0.02004816973347161,2.0523238234093846,2.0523238234093846,control,ridge
2026-06-02,cv_3,intraday_return,-0.0191917664060533,False,-0.0191917664060533,-0.0008035397361736,-0.001141604594464464,0.02004816973347161,-0.9003396345678887,0.9003396345678887,control,ridge
2026-06-03,cv_3,intraday_return,-0.031436050795278,False,-0.031436050795278,-0.0008035397361736,-0.001141604594464464,0.02004816973347161,-1.5110828870445545,1.5110828870445545,control,ridge
2026-06-04,cv_3,intraday_return,0.0222056001060289,False,0.0222056001060289,-0.0008035397361736,-0.001141604594464464,0.02004816973347161,1.1645554188177996,1.1645554188177996,control,ridge
2026-06-05,cv_3,intraday_return,-0.0439565223019584,False,-0.0439565223019584,-0.0008035397361736,-0.001141604594464464,0.02004816973347161,-2.1356023156573682,2.1356023156573682,control,ridge
2026-06-08,cv_3,intraday_return,-0.0073270213140999,False,-0.0073270213140999,-0.0008035397361736,-0.001141604594464464,0.02004816973347161,-0.30852775100504637,0.30852775100504637,control,ridge
2026-06-09,cv_3,intraday_return,-0.0115373313650929,False,-0.0115373313650929,-0.0008035397361736,-0.001141604594464464,0.02004816973347161,-0.5185374479981657,0.5185374479981657,control,ridge
2026-06-10,cv_3,intraday_return,-0.0196154901457911,False,-0.0196154901457911,-0.0008035397361736,-0.001141604594464464,0.02004816973347161,-0.9214749175074763,0.9214749175074763,control,ridge
2026-06-11,cv_3,intraday_return,0.0167749741023164,False,0.0167749741023164,-0.0008035397361736,-0.001141604594464464,0.02004816973347161,0.8936765268336726,0.8936765268336726,control,ridge
2026-06-12,cv_3,intraday_return,0.0016108651277528,False,0.0016108651277528,-0.0008035397361736,-0.001141604594464464,0.02004816973347161,0.13729281818787936,0.13729281818787936,control,ridge
2026-05-08,cv_3,daily_range,0.0228160024709028,False,0.0228160024709028,0.0253490793294314,0.029052572215517915,0.013361412142156122,-0.46675977645643696,0.46675977645643696,control,ridge
2026-05-11,cv_3,daily_range,0.0383248430939795,False,0.0383248430939795,0.0253490793294314,0.029052572215517915,0.013361412142156122,0.6939589004373999,0.6939589004373999,control,ridge
2026-05-12,cv_3,daily_range,0.0399945732397689,False,0.0399945732397689,0.0253490793294314,0.029052572215517915,0.013361412142156122,0.8189254928921966,0.8189254928921966,control,ridge
2026-05-13,cv_3,daily_range,0.0277641985689861,False,0.0277641985689861,0.0253490793294314,0.029052572215517915,0.013361412142156122,-0.09642496113617442,0.09642496113617442,control,ridge
2026-05-14,cv_3,daily_range,0.0307117589958015,False,0.0307117589958015,0.0253490793294314,0.029052572215517915,0.013361412142156122,0.12417750179629161,0.12417750179629161,control,ridge
2026-05-15,cv_3,daily_range,0.0322208160431546,False,0.0322208160431546,0.0253490793294314,0.029052572215517915,0.013361412142156122,0.2371189357778036,0.2371189357778036,control,ridge
2026-05-18,cv_3,daily_range,0.0523120029672001,False,0.0523120029672001,0.0253490793294314,0.029052572215517915,0.013361412142156122,1.740791355301224,1.740791355301224,control,ridge
2026-05-19,cv_3,daily_range,0.0297810255530247,False,0.0297810255530247,0.0253490793294314,0.029052572215517915,0.013361412142156122,0.05451918777420759,0.05451918777420759,control,ridge
2026-05-20,cv_3,daily_range,0.0251935599948925,False,0.0251935599948925,0.0253490793294314,0.029052572215517915,0.013361412142156122,-0.28881769228942367,0.28881769228942367,control,ridge
2026-05-21,cv_3,daily_range,0.0431415491671758,False,0.0431415491671758,0.0253490793294314,0.029052572215517915,0.013361412142156122,1.0544526882159597,1.0544526882159597,control,ridge
2026-05-22,cv_3,daily_range,0.0288394157909794,False,0.0288394157909794,0.0253490793294314,0.029052572215517915,0.013361412142156122,-0.015953135961280035,0.015953135961280035,control,ridge
2026-05-26,cv_3,daily_range,0.0287628812167261,False,0.0287628812167261,0.0253490793294314,0.029052572215517915,0.013361412142156122,-0.02168116631009543,0.02168116631009543,control,ridge
2026-05-27,cv_3,daily_range,0.0252586780951119,False,0.0252586780951119,0.0253490793294314,0.029052572215517915,0.013361412142156122,-0.28394409812687627,0.28394409812687627,control,ridge
2026-05-28,cv_3,daily_range,0.0200700259125217,False,0.0200700259125217,0.0253490793294314,0.029052572215517915,0.013361412142156122,-0.6722752211688539,0.6722752211688539,control,ridge
2026-05-29,cv_3,daily_range,0.0318745654399629,False,0.0318745654399629,0.0253490793294314,0.029052572215517915,0.013361412142156122,0.21120471357525256,0.21120471357525256,control,ridge
2026-06-01,cv_3,daily_range,0.0408718048850024,False,0.0408718048850024,0.0253490793294314,0.029052572215517915,0.013361412142156122,0.8845796045908981,0.8845796045908981,control,ridge
2026-06-02,cv_3,daily_range,0.049053012819793,False,0.049053012819793,0.0253490793294314,0.029052572215517915,0.013361412142156122,1.496880748193703,1.496880748193703,control,ridge
2026-06-03,cv_3,daily_range,0.0386962180087673,False,0.0386962180087673,0.0253490793294314,0.029052572215517915,0.013361412142156122,0.7217534861321323,0.7217534861321323,control,ridge
2026-06-04,cv_3,daily_range,0.048614308537371,False,0.048614308537371,0.0253490793294314,0.029052572215517915,0.013361412142156122,1.4640470718012308,1.4640470718012308,control,ridge
2026-06-05,cv_3,daily_range,0.0513895318014432,False,0.0513895318014432,0.0253490793294314,0.029052572215517915,0.013361412142156122,1.671751409826715,1.671751409826715,control,ridge
2026-06-08,cv_3,daily_range,0.0214244691036214,False,0.0214244691036214,0.0253490793294314,0.029052572215517915,0.013361412142156122,-0.5709054575024561,0.5709054575024561,control,ridge
2026-06-09,cv_3,daily_range,0.0579278419576749,False,0.0579278419576749,0.0253490793294314,0.029052572215517915,0.013361412142156122,2.161094159430472,2.161094159430472,control,ridge
2026-06-10,cv_3,daily_range,0.0364235261872631,False,0.0364235261872631,0.0253490793294314,0.029052572215517915,0.013361412142156122,0.5516598016230145,0.5516598016230145,control,ridge
2026-06-11,cv_3,daily_range,0.0298726534965544,False,0.0298726534965544,0.0253490793294314,0.029052572215517915,0.013361412142156122,0.061376841931929965,0.061376841931929965,control,ridge
2026-06-12,cv_3,daily_range,0.0176909441962167,False,0.0176909441962167,0.0253490793294314,0.029052572215517915,0.013361412142156122,-0.8503313795294543,0.8503313795294543,control,ridge
2026-05-08,cv_3,sma_5,205.9019989013672,False,205.9019989013672,184.77000122070308,185.9811784927159,7.56859585997151,2.63203648037382,2.63203648037382,control,ridge
2026-05-11,cv_3,sma_5,210.09400024414063,False,210.09400024414063,184.77000122070308,185.9811784927159,7.56859585997151,3.1859042545727214,3.1859042545727214,control,ridge
2026-05-12,cv_3,sma_5,214.95,False,214.95,184.77000122070308,185.9811784927159,7.56859585997151,3.8275027552327416,3.8275027552327416,control,ridge
2026-05-13,cv_3,sma_5,218.55,False,218.55,184.77000122070308,185.9811784927159,7.56859585997151,4.303152408960398,4.303152408960398,control,ridge
2026-05-14,cv_3,sma_5,223.3980010986328,False,223.3980010986328,184.77000122070308,185.9811784927159,7.56859585997151,4.943694087803721,4.943694087803721,control,ridge
2026-05-15,cv_3,sma_5,225.42200317382813,False,225.42200317382813,184.77000122070308,185.9811784927159,7.56859585997151,5.211115167306698,5.211115167306698,control,ridge
2026-05-18,cv_3,sma_5,225.9980041503906,False,225.9980041503906,184.77000122070308,185.9811784927159,7.56859585997151,5.287219240931346,5.287219240931346,control,ridge
2026-05-19,cv_3,sma_5,225.9640045166016,False,225.9640045166016,184.77000122070308,185.9811784927159,7.56859585997151,5.282727042587287,5.282727042587287,control,ridge
2026-05-20,cv_3,sma_5,225.49200439453125,False,225.49200439453125,184.77000122070308,185.9811784927159,7.56859585997151,5.220364071858907,5.220364071858907,control,ridge
2026-05-21,cv_3,sma_5,222.2460021972656,False,222.2460021972656,184.77000122070308,185.9811784927159,7.56859585997151,4.791486343767626,4.791486343767626,control,ridge
2026-05-22,cv_3,sma_5,220.2480010986328,False,220.2480010986328,184.77000122070308,185.9811784927159,7.56859585997151,4.527500640792027,4.527500640792027,control,ridge
2026-05-26,cv_3,sma_5,218.75599975585936,False,218.75599975585936,184.77000122070308,185.9811784927159,7.56859585997151,4.330370106888865,4.330370106888865,control,ridge
2026-05-27,cv_3,sma_5,217.15400085449212,False,217.15400085449212,184.77000122070308,185.9811784927159,7.56859585997151,4.118706156136807,4.118706156136807,control,ridge
2026-05-28,cv_3,sma_5,215.31000061035155,False,215.31000061035155,184.77000122070308,185.9811784927159,7.56859585997151,3.8750678012481483,3.8750678012481483,control,ridge
2026-05-29,cv_3,sma_5,213.6360015869141,False,213.6360015869141,184.77000122070308,185.9811784927159,7.56859585997151,3.653890841293021,3.653890841293021,control,ridge
2026-06-01,cv_3,sma_5,215.44200134277344,False,215.44200134277344,184.77000122070308,185.9811784927159,7.56859585997151,3.892508385322667,3.892508385322667,control,ridge
2026-06-02,cv_3,sma_5,217.03400268554688,False,217.03400268554688,184.77000122070308,185.9811784927159,7.56859585997151,4.102851409607152,4.102851409607152,control,ridge
2026-06-03,cv_3,sma_5,217.46400146484376,False,217.46400146484376,184.77000122070308,185.9811784927159,7.56859585997151,4.159664956961562,4.159664956961562,control,ridge
2026-06-04,cv_3,sma_5,218.3460021972656,False,218.3460021972656,184.77000122070308,185.9811784927159,7.56859585997151,4.276199218896001,4.276199218896001,control,ridge
2026-06-05,cv_3,sma_5,217.13800354003905,False,217.13800354003905,184.77000122070308,185.9811784927159,7.56859585997151,4.116592512503425,4.116592512503425,control,ridge
2026-06-08,cv_3,sma_5,213.99400329589844,False,213.99400329589844,184.77000122070308,185.9811784927159,7.56859585997151,3.7011917826575527,3.7011917826575527,control,ridge
2026-06-09,cv_3,sma_5,211.068002319336,False,211.068002319336,184.77000122070308,185.9811784927159,7.56859585997151,3.314594185071801,3.314594185071801,control,ridge
2026-06-10,cv_3,sma_5,208.202001953125,False,208.202001953125,184.77000122070308,185.9811784927159,7.56859585997151,2.9359241623574728,2.9359241623574728,control,ridge
2026-06-11,cv_3,sma_5,205.44400024414065,False,205.44400024414065,184.77000122070308,185.9811784927159,7.56859585997151,2.571523451841172,2.571523451841172,control,ridge
2026-06-12,cv_3,sma_5,205.4619995117188,False,205.4619995117188,184.77000122070308,185.9811784927159,7.56859585997151,2.5739016033386433,2.5739016033386433,control,ridge
2026-05-08,cv_3,sma_20,203.1814994812012,False,203.1814994812012,185.304500579834,185.16986344219887,3.9328952363792946,4.579739595500696,4.579739595500696,control,ridge
2026-05-11,cv_3,sma_20,204.6879997253418,False,204.6879997253418,185.304500579834,185.16986344219887,3.9328952363792946,4.962790796612148,4.962790796612148,control,ridge
2026-05-12,cv_3,sma_20,205.90149993896483,False,205.90149993896483,185.304500579834,185.16986344219887,3.9328952363792946,5.271342166706667,5.271342166706667,control,ridge
2026-05-13,cv_3,sma_20,207.2495002746582,False,207.2495002746582,185.304500579834,185.16986344219887,3.9328952363792946,5.614092292167514,5.614092292167514,control,ridge
2026-05-14,cv_3,sma_20,209.11900024414064,False,209.11900024414064,185.304500579834,185.16986344219887,3.9328952363792946,6.089441839287292,6.089441839287292,control,ridge
2026-05-15,cv_3,sma_20,210.3010009765625,False,210.3010009765625,185.304500579834,185.16986344219887,3.9328952363792946,6.389983974630324,6.389983974630324,control,ridge
2026-05-18,cv_3,sma_20,211.31400146484376,False,211.31400146484376,185.304500579834,185.16986344219887,3.9328952363792946,6.647555160079403,6.647555160079403,control,ridge
2026-05-19,cv_3,sma_20,212.3505012512207,False,212.3505012512207,185.304500579834,185.16986344219887,3.9328952363792946,6.911101408855447,6.911101408855447,control,ridge
2026-05-20,cv_3,sma_20,213.39900131225585,False,213.39900131225585,185.304500579834,185.16986344219887,3.9328952363792946,7.177698914768273,7.177698914768273,control,ridge
2026-05-21,cv_3,sma_20,214.3925010681152,False,214.3925010681152,185.304500579834,185.16986344219887,3.9328952363792946,7.430311734624106,7.430311734624106,control,ridge
2026-05-22,cv_3,sma_20,214.74550094604493,False,214.74550094604493,185.304500579834,185.16986344219887,3.9328952363792946,7.520067463346418,7.520067463346418,control,ridge
2026-05-26,cv_3,sma_20,214.6580009460449,False,214.6580009460449,185.304500579834,185.16986344219887,3.9328952363792946,7.497819222612554,7.497819222612554,control,ridge
2026-05-27,cv_3,sma_20,214.62950134277344,False,214.62950134277344,185.304500579834,185.16986344219887,3.9328952363792946,7.490572753647951,7.490572753647951,control,ridge
2026-05-28,cv_3,sma_20,214.87950134277344,False,214.87950134277344,185.304500579834,185.16986344219887,3.9328952363792946,7.554139155744681,7.554139155744681,control,ridge
2026-05-29,cv_3,sma_20,215.45800094604493,False,215.45800094604493,185.304500579834,185.16986344219887,3.9328952363792946,7.7012317093221,7.7012317093221,control,ridge
2026-06-01,cv_3,sma_20,216.7535011291504,False,216.7535011291504,185.304500579834,185.16986344219887,3.9328952363792946,8.030632851544778,8.030632851544778,control,ridge
2026-06-02,cv_3,sma_20,217.9705017089844,False,217.9705017089844,185.304500579834,185.16986344219887,3.9328952363792946,8.3400742443835,8.3400742443835,control,ridge
2026-06-03,cv_3,sma_20,218.8830017089844,False,218.8830017089844,185.304500579834,185.16986344219887,3.9328952363792946,8.57209161203657,8.57209161203657,control,ridge
2026-06-04,cv_3,sma_20,219.42450180053712,False,219.42450180053712,185.304500579834,185.16986344219887,3.9328952363792946,8.70977646225679,8.70977646225679,control,ridge
2026-06-05,cv_3,sma_20,219.1045021057129,False,219.1045021057129,185.304500579834,185.16986344219887,3.9328952363792946,8.628411545168683,8.628411545168683,control,ridge
2026-06-08,cv_3,sma_20,218.7765022277832,False,218.7765022277832,185.304500579834,185.16986344219887,3.9328952363792946,8.545012456656053,8.545012456656053,control,ridge
2026-06-09,cv_3,sma_20,218.2140022277832,False,218.2140022277832,185.304500579834,185.16986344219887,3.9328952363792946,8.40198805193841,8.40198805193841,control,ridge
2026-06-10,cv_3,sma_20,217.1960021972656,False,217.1960021972656,185.304500579834,185.16986344219887,3.9328952363792946,8.143145654840954,8.143145654840954,control,ridge
2026-06-11,cv_3,sma_20,216.14800186157223,False,216.14800186157223,185.304500579834,185.16986344219887,3.9328952363792946,7.8766752118961785,7.8766752118961785,control,ridge
2026-06-12,cv_3,sma_20,214.6205017089844,False,214.6205017089844,185.304500579834,185.16986344219887,3.9328952363792946,7.48828445628732,7.48828445628732,control,ridge
2026-05-08,cv_3,sma_60,188.6303329467773,False,188.6303329467773,184.9241671244304,184.87235775603554,0.8554904160058222,4.3927729877878265,4.3927729877878265,control,ridge
2026-05-11,cv_3,sma_60,189.171999613444,False,189.171999613444,184.9241671244304,184.87235775603554,0.8554904160058222,5.025938078281403,5.025938078281403,control,ridge
2026-05-12,cv_3,sma_60,189.8048329671224,False,189.8048329671224,184.9241671244304,184.87235775603554,0.8554904160058222,5.765669747787431,5.765669747787431,control,ridge
2026-05-13,cv_3,sma_60,190.48583297729493,False,190.48583297729493,184.9241671244304,184.87235775603554,0.8554904160058222,6.561704393449556,6.561704393449556,control,ridge
2026-05-14,cv_3,sma_60,191.2818331400553,False,191.2818331400553,184.9241671244304,184.87235775603554,0.8554904160058222,7.4921650366871555,7.4921650366871555,control,ridge
2026-05-15,cv_3,sma_60,191.9055000305176,False,191.9055000305176,184.9241671244304,184.87235775603554,0.8554904160058222,8.22118184247922,8.22118184247922,control,ridge
2026-05-18,cv_3,sma_60,192.44716669718423,False,192.44716669718423,184.9241671244304,184.87235775603554,0.8554904160058222,8.854346932972698,8.854346932972698,control,ridge
2026-05-19,cv_3,sma_60,192.93149998982747,False,192.93149998982747,184.9241671244304,184.87235775603554,0.8554904160058222,9.42049388632436,9.42049388632436,control,ridge
2026-05-20,cv_3,sma_60,193.44183324178056,False,193.44183324178056,184.9241671244304,184.87235775603554,0.8554904160058222,10.017032716456166,10.017032716456166,control,ridge
2026-05-21,cv_3,sma_60,193.84099985758465,False,193.84099985758465,184.9241671244304,184.87235775603554,0.8554904160058222,10.48362662368864,10.48362662368864,control,ridge
2026-05-22,cv_3,sma_60,194.34833323160808,False,194.34833323160808,184.9241671244304,184.87235775603554,0.8554904160058222,11.076658836009742,11.076658836009742,control,ridge
2026-05-26,cv_3,sma_60,194.97616653442384,False,194.97616653442384,184.9241671244304,184.87235775603554,0.8554904160058222,11.810545845226086,11.810545845226086,control,ridge
2026-05-27,cv_3,sma_60,195.4781667073568,False,195.4781667073568,184.9241671244304,184.87235775603554,0.8554904160058222,12.397343971237511,12.397343971237511,control,ridge
2026-05-28,cv_3,sma_60,196.0481666564941,False,196.0481666564941,184.9241671244304,184.87235775603554,0.8554904160058222,13.063628407010102,13.063628407010102,control,ridge
2026-05-29,cv_3,sma_60,196.5165000915528,False,196.5165000915528,184.9241671244304,184.87235775603554,0.8554904160058222,13.611072804161054,13.611072804161054,control,ridge
2026-06-01,cv_3,sma_60,197.20016682942708,False,197.20016682942708,184.9241671244304,184.87235775603554,0.8554904160058222,14.410224641613794,14.410224641613794,control,ridge
2026-06-02,cv_3,sma_60,197.95016682942708,False,197.95016682942708,184.9241671244304,184.87235775603554,0.8554904160058222,15.286914766912515,15.286914766912515,control,ridge
2026-06-03,cv_3,sma_60,198.48516693115235,False,198.48516693115235,184.9241671244304,184.87235775603554,0.8554904160058222,15.912287175200994,15.912287175200994,control,ridge
2026-06-04,cv_3,sma_60,199.05000025431315,False,199.05000025431315,184.9241671244304,184.87235775603554,0.8554904160058222,16.572532237673972,16.572532237673972,control,ridge
2026-06-05,cv_3,sma_60,199.3678337097168,False,199.3678337097168,184.9241671244304,184.87235775603554,0.8554904160058222,16.944054173463233,16.944054173463233,control,ridge
2026-06-08,cv_3,sma_60,199.7928337097168,False,199.7928337097168,184.9241671244304,184.87235775603554,0.8554904160058222,17.440845244465855,17.440845244465855,control,ridge
2026-06-09,cv_3,sma_60,200.2585004170736,False,200.2585004170736,184.9241671244304,184.87235775603554,0.8554904160058222,17.985172449825964,17.985172449825964,control,ridge
2026-06-10,cv_3,sma_60,200.5451670328776,False,200.5451670328776,184.9241671244304,184.87235775603554,0.8554904160058222,18.320262838263513,18.320262838263513,control,ridge
2026-06-11,cv_3,sma_60,200.92750040690103,False,200.92750040690103,184.9241671244304,184.87235775603554,0.8554904160058222,18.767180029701496,18.767180029701496,control,ridge
2026-06-12,cv_3,sma_60,201.34066721598307,False,201.34066721598307,184.9241671244304,184.87235775603554,0.8554904160058222,19.250139045199376,19.250139045199376,control,ridge
2026-05-08,cv_3,rolling_volatility_20,0.0248227974185838,False,0.0248227974185838,0.02239842376788835,0.022663117478498758,0.0035648170993197973,0.6058319066347417,0.6058319066347417,control,ridge
2026-05-11,cv_3,rolling_volatility_20,0.0249708453538536,False,0.0249708453538536,0.02239842376788835,0.022663117478498758,0.0035648170993197973,0.6473622099139899,0.6473622099139899,control,ridge
2026-05-12,cv_3,rolling_volatility_20,0.0239288194928034,False,0.0239288194928034,0.02239842376788835,0.022663117478498758,0.0035648170993197973,0.35505384400959866,0.35505384400959866,control,ridge
2026-05-13,cv_3,rolling_volatility_20,0.0241916684731468,False,0.0241916684731468,0.02239842376788835,0.022663117478498758,0.0035648170993197973,0.4287880561781708,0.4287880561781708,control,ridge
2026-05-14,cv_3,rolling_volatility_20,0.0254554162776162,False,0.0254554162776162,0.02239842376788835,0.022663117478498758,0.0035648170993197973,0.7832937066112703,0.7832937066112703,control,ridge
2026-05-15,cv_3,rolling_volatility_20,0.0279967705323583,False,0.0279967705323583,0.02239842376788835,0.022663117478498758,0.0035648170993197973,1.4961926251075426,1.4961926251075426,control,ridge
2026-05-18,cv_3,rolling_volatility_20,0.0283167532351919,False,0.0283167532351919,0.02239842376788835,0.022663117478498758,0.0035648170993197973,1.5859539491582648,1.5859539491582648,control,ridge
2026-05-19,cv_3,rolling_volatility_20,0.028233240460304,False,0.028233240460304,0.02239842376788835,0.022663117478498758,0.0035648170993197973,1.562527003943085,1.562527003943085,control,ridge
2026-05-20,cv_3,rolling_volatility_20,0.0282311720543956,False,0.0282311720543956,0.02239842376788835,0.022663117478498758,0.0035648170993197973,1.5619467761639956,1.5619467761639956,control,ridge
2026-05-21,cv_3,rolling_volatility_20,0.0283726357531294,False,0.0283726357531294,0.02239842376788835,0.022663117478498758,0.0035648170993197973,1.6016300740141969,1.6016300740141969,control,ridge
2026-05-22,cv_3,rolling_volatility_20,0.0273715528878476,False,0.0273715528878476,0.02239842376788835,0.022663117478498758,0.0035648170993197973,1.320807008653336,1.320807008653336,control,ridge
2026-05-26,cv_3,rolling_volatility_20,0.0258718584704306,False,0.0258718584704306,0.02239842376788835,0.022663117478498758,0.0035648170993197973,0.9001137793420314,0.9001137793420314,control,ridge
2026-05-27,cv_3,rolling_volatility_20,0.025726960352678,False,0.025726960352678,0.02239842376788835,0.022663117478498758,0.0035648170993197973,0.859467060670197,0.859467060670197,control,ridge
2026-05-28,cv_3,rolling_volatility_20,0.0253959870037243,False,0.0253959870037243,0.02239842376788835,0.022663117478498758,0.0035648170993197973,0.766622648255082,0.766622648255082,control,ridge
2026-05-29,cv_3,rolling_volatility_20,0.0231472104673821,False,0.0231472104673821,0.02239842376788835,0.022663117478498758,0.0035648170993197973,0.13579742673914785,0.13579742673914785,control,ridge
2026-06-01,cv_3,rolling_volatility_20,0.0265733739372333,False,0.0265733739372333,0.02239842376788835,0.022663117478498758,0.0035648170993197973,1.0969024075542773,1.0969024075542773,control,ridge
2026-06-02,cv_3,rolling_volatility_20,0.02670733969941,False,0.02670733969941,0.02239842376788835,0.022663117478498758,0.0035648170993197973,1.1344823894844196,1.1344823894844196,control,ridge
2026-06-03,cv_3,rolling_volatility_20,0.0281463088573324,False,0.0281463088573324,0.02239842376788835,0.022663117478498758,0.0035648170993197973,1.5381410114644847,1.5381410114644847,control,ridge
2026-06-04,cv_3,rolling_volatility_20,0.0255071625646882,False,0.0255071625646882,0.02239842376788835,0.022663117478498758,0.0035648170993197973,0.7978095388770754,0.7978095388770754,control,ridge
2026-06-05,cv_3,rolling_volatility_20,0.0290483339479584,False,0.0290483339479584,0.02239842376788835,0.022663117478498758,0.0035648170993197973,1.791176459145128,1.791176459145128,control,ridge
2026-06-08,cv_3,rolling_volatility_20,0.0290404743334059,False,0.0290404743334059,0.02239842376788835,0.022663117478498758,0.0035648170993197973,1.7889716855667028,1.7889716855667028,control,ridge
2026-06-09,cv_3,rolling_volatility_20,0.0286228781691375,False,0.0286228781691375,0.02239842376788835,0.022663117478498758,0.0035648170993197973,1.671827901570581,1.671827901570581,control,ridge
2026-06-10,cv_3,rolling_volatility_20,0.0295875117646585,False,0.0295875117646585,0.02239842376788835,0.022663117478498758,0.0035648170993197973,1.9424262432653236,1.9424262432653236,control,ridge
2026-06-11,cv_3,rolling_volatility_20,0.0295553514559805,False,0.0295553514559805,0.02239842376788835,0.022663117478498758,0.0035648170993197973,1.9334046559630926,1.9334046559630926,control,ridge
2026-06-12,cv_3,rolling_volatility_20,0.0273456999079777,False,0.0273456999079777,0.02239842376788835,0.022663117478498758,0.0035648170993197973,1.3135547488179482,1.3135547488179482,control,ridge
2026-05-08,cv_3,rolling_volatility_60,0.0231068300040838,False,0.0231068300040838,0.02232033455454245,0.022365952446146534,0.0008176326760699261,0.90612518264119,0.90612518264119,control,ridge
2026-05-11,cv_3,rolling_volatility_60,0.0230812295129846,False,0.0230812295129846,0.02232033455454245,0.022365952446146534,0.0008176326760699261,0.8748146787334296,0.8748146787334296,control,ridge
2026-05-12,cv_3,rolling_volatility_60,0.0228488608000381,False,0.0228488608000381,0.02232033455454245,0.022365952446146534,0.0008176326760699261,0.5906177285046108,0.5906177285046108,control,ridge
2026-05-13,cv_3,rolling_volatility_60,0.0229621495471931,False,0.0229621495471931,0.02232033455454245,0.022365952446146534,0.0008176326760699261,0.7291747486319619,0.7291747486319619,control,ridge
2026-05-14,cv_3,rolling_volatility_60,0.0234911528930414,False,0.0234911528930414,0.02232033455454245,0.022365952446146534,0.0008176326760699261,1.3761686388358514,1.3761686388358514,control,ridge
2026-05-15,cv_3,rolling_volatility_60,0.0242984816592766,False,0.0242984816592766,0.02232033455454245,0.022365952446146534,0.0008176326760699261,2.3635665130447765,2.3635665130447765,control,ridge
2026-05-18,cv_3,rolling_volatility_60,0.0243750806646603,False,0.0243750806646603,0.02232033455454245,0.022365952446146534,0.0008176326760699261,2.4572503977836853,2.4572503977836853,control,ridge
2026-05-19,cv_3,rolling_volatility_60,0.0243993565461087,False,0.0243993565461087,0.02232033455454245,0.022365952446146534,0.0008176326760699261,2.486940847002382,2.486940847002382,control,ridge
2026-05-20,cv_3,rolling_volatility_60,0.0244301232901015,False,0.0244301232901015,0.02232033455454245,0.022365952446146534,0.0008176326760699261,2.5245699008468105,2.5245699008468105,control,ridge
2026-05-21,cv_3,rolling_volatility_60,0.0245252052051098,False,0.0245252052051098,0.02232033455454245,0.022365952446146534,0.0008176326760699261,2.6408591806066704,2.6408591806066704,control,ridge
2026-05-22,cv_3,rolling_volatility_60,0.0235402289784066,False,0.0235402289784066,0.02232033455454245,0.022365952446146534,0.0008176326760699261,1.436190806248596,1.436190806248596,control,ridge
2026-05-26,cv_3,rolling_volatility_60,0.0228171122455572,False,0.0228171122455572,0.02232033455454245,0.022365952446146534,0.0008176326760699261,0.5517878781205674,0.5517878781205674,control,ridge
2026-05-27,cv_3,rolling_volatility_60,0.0226203650251716,False,0.0226203650251716,0.02232033455454245,0.022365952446146534,0.0008176326760699261,0.311157548457993,0.311157548457993,control,ridge
2026-05-28,cv_3,rolling_volatility_60,0.0225293222609804,False,0.0225293222609804,0.02232033455454245,0.022365952446146534,0.0008176326760699261,0.19980832422100417,0.19980832422100417,control,ridge
2026-05-29,cv_3,rolling_volatility_60,0.0225725103064236,False,0.0225725103064236,0.02232033455454245,0.022365952446146534,0.0008176326760699261,0.25262916505479666,0.25262916505479666,control,ridge
2026-06-01,cv_3,rolling_volatility_60,0.0238626884512124,False,0.0238626884512124,0.02232033455454245,0.022365952446146534,0.0008176326760699261,1.830572638388368,1.830572638388368,control,ridge
2026-06-02,cv_3,rolling_volatility_60,0.0234911644053764,False,0.0234911644053764,0.02232033455454245,0.022365952446146534,0.0008176326760699261,1.376182718917701,1.376182718917701,control,ridge
2026-06-03,cv_3,rolling_volatility_60,0.0238557911512685,False,0.0238557911512685,0.02232033455454245,0.022365952446146534,0.0008176326760699261,1.822136943306984,1.822136943306984,control,ridge
2026-06-04,cv_3,rolling_volatility_60,0.0239114010179503,False,0.0239114010179503,0.02232033455454245,0.022365952446146534,0.0008176326760699261,1.890150206853517,1.890150206853517,control,ridge
2026-06-05,cv_3,rolling_volatility_60,0.0253381084609177,False,0.0253381084609177,0.02232033455454245,0.022365952446146534,0.0008176326760699261,3.6350748958044097,3.6350748958044097,control,ridge
2026-06-08,cv_3,rolling_volatility_60,0.0253084027045559,False,0.0253084027045559,0.02232033455454245,0.022365952446146534,0.0008176326760699261,3.5987434755576233,3.5987434755576233,control,ridge
2026-06-09,cv_3,rolling_volatility_60,0.0252026108216626,False,0.0252026108216626,0.02232033455454245,0.022365952446146534,0.0008176326760699261,3.4693554435114904,3.4693554435114904,control,ridge
2026-06-10,cv_3,rolling_volatility_60,0.0256576345611,False,0.0256576345611,0.02232033455454245,0.022365952446146534,0.0008176326760699261,4.025869086807327,4.025869086807327,control,ridge
2026-06-11,cv_3,rolling_volatility_60,0.0257640165801675,False,0.0257640165801675,0.02232033455454245,0.022365952446146534,0.0008176326760699261,4.155978880827356,4.155978880827356,control,ridge
2026-06-12,cv_3,rolling_volatility_60,0.0257258493038802,False,0.0257258493038802,0.02232033455454245,0.022365952446146534,0.0008176326760699261,4.1092986570491705,4.1092986570491705,control,ridge
2026-05-08,cv_3,simple_return,0.0174940754054004,False,0.0174940754054004,0.0014093240930164,0.000706292121481235,0.022809900737053933,0.7359866874233241,0.7359866874233241,treatment,ols
2026-05-11,cv_3,simple_return,0.0197026280357421,False,0.0197026280357421,0.0014093240930164,0.000706292121481235,0.022809900737053933,0.8328109855998602,0.8328109855998602,treatment,ols
2026-05-12,cv_3,simple_return,0.006106436032548,False,0.006106436032548,0.0014093240930164,0.000706292121481235,0.022809900737053933,0.2367456120619766,0.2367456120619766,treatment,ols
2026-05-13,cv_3,simple_return,0.0228734626310331,False,0.0228734626310331,0.0014093240930164,0.000706292121481235,0.022809900737053933,0.9718223137000341,0.9718223137000341,treatment,ols
2026-05-14,cv_3,simple_return,0.0438825823927644,False,0.0438825823927644,0.0014093240930164,0.000706292121481235,0.022809900737053933,1.8928749742932773,1.8928749742932773,treatment,ols
2026-05-15,cv_3,simple_return,-0.0442012298555218,False,-0.0442012298555218,0.0014093240930164,0.000706292121481235,0.022809900737053933,-1.9687732311808022,1.9687732311808022,treatment,ols
2026-05-18,cv_3,simple_return,-0.0133143968688196,False,-0.0133143968688196,0.0014093240930164,0.000706292121481235,0.022809900737053933,-0.6146755810964442,0.6146755810964442,treatment,ols
2026-05-19,cv_3,simple_return,-0.007691645634814,False,-0.007691645634814,0.0014093240930164,0.000706292121481235,0.022809900737053933,-0.36817072783894506,0.36817072783894506,treatment,ols
2026-05-20,cv_3,simple_return,0.0129640569441045,False,0.0129640569441045,0.0014093240930164,0.000706292121481235,0.022809900737053933,0.5373879072919826,0.5373879072919826,treatment,ols
2026-05-21,cv_3,simple_return,-0.0177205293428006,False,-0.0177205293428006,0.0014093240930164,0.000706292121481235,0.022809900737053933,-0.8078431237689724,0.8078431237689724,treatment,ols
2026-05-22,cv_3,simple_return,-0.0190423797566589,False,-0.0190423797566589,0.0014093240930164,0.000706292121481235,0.022809900737053933,-0.865793854423008,0.865793854423008,treatment,ols
2026-05-26,cv_3,simple_return,-0.0021827019769955,False,-0.0021827019769955,0.0014093240930164,0.000706292121481235,0.022809900737053933,-0.12665526833195112,0.12665526833195112,treatment,ols
2026-05-27,cv_3,simple_return,-0.0105184515517827,False,-0.0105184515517827,0.0014093240930164,0.000706292121481235,0.022809900737053933,-0.49209962825615056,0.49209962825615056,treatment,ols
2026-05-28,cv_3,simple_return,0.007761024690098,False,0.007761024690098,0.0014093240930164,0.000706292121481235,0.022809900737053933,0.3092837908389748,0.3092837908389748,treatment,ols
2026-05-29,cv_3,simple_return,-0.0145157554742196,False,-0.0145157554742196,0.0014093240930164,0.000706292121481235,0.022809900737053933,-0.667343877168791,0.667343877168791,treatment,ols
2026-06-01,cv_3,simple_return,0.062612490569853,False,0.062612490569853,0.0014093240930164,0.000706292121481235,0.022809900737053933,2.714005604934843,2.714005604934843,treatment,ols
2026-06-02,cv_3,simple_return,-0.0068639386786567,False,-0.0068639386786567,0.0014093240930164,0.000706292121481235,0.022809900737053933,-0.3318835486136222,0.3318835486136222,treatment,ols
2026-06-03,cv_3,simple_return,-0.0362176064040619,False,-0.0362176064040619,0.0014093240930164,0.000706292121481235,0.022809900737053933,-1.6187662958813966,1.6187662958813966,treatment,ols
2026-06-04,cv_3,simple_return,0.0182072347478898,False,0.0182072347478898,0.0014093240930164,0.000706292121481235,0.022809900737053933,0.7672520292023394,0.7672520292023394,treatment,ols
2026-06-05,cv_3,simple_return,-0.0620140735913813,False,-0.0620140735913813,0.0014093240930164,0.000706292121481235,0.022809900737053933,-2.749699195795945,2.749699195795945,treatment,ols
2026-06-08,cv_3,simple_return,0.0172598399843351,False,0.0172598399843351,0.0014093240930164,0.000706292121481235,0.022809900737053933,0.7257176632936052,0.7257176632936052,treatment,ols
2026-06-09,cv_3,simple_return,-0.002156810532777,False,-0.002156810532777,0.0014093240930164,0.000706292121481235,0.022809900737053933,-0.12552017158089684,0.12552017158089684,treatment,ols
2026-06-10,cv_3,simple_return,-0.0373216973982588,False,-0.0373216973982588,0.0014093240930164,0.000706292121481235,0.022809900737053933,-1.667170320384815,1.667170320384815,treatment,ols
2026-06-11,cv_3,simple_return,0.0222033578929137,False,0.0222033578929137,0.0014093240930164,0.000706292121481235,0.022809900737053933,0.9424445121109708,0.9424445121109708,treatment,ols
2026-06-12,cv_3,simple_return,0.0015620019126554,False,0.0015620019126554,0.0014093240930164,0.000706292121481235,0.022809900737053933,0.037514840640410704,0.037514840640410704,treatment,ols
2026-05-08,cv_3,log_return,0.0173428156202659,False,0.0173428156202659,0.0014083319278955,0.0004464532523175449,0.0227831974668494,0.7416150605082249,0.7416150605082249,treatment,ols
2026-05-11,cv_3,log_return,0.0195110436483701,False,0.0195110436483701,0.0014083319278955,0.0004464532523175449,0.0227831974668494,0.8367829152950287,0.8367829152950287,treatment,ols
2026-05-12,cv_3,log_return,0.0060878673061894,False,0.0060878673061894,0.0014083319278955,0.0004464532523175449,0.0227831974668494,0.24761292009518732,0.24761292009518732,treatment,ols
2026-05-13,cv_3,log_return,0.0226157868761655,False,0.0226157868761655,0.0014083319278955,0.0004464532523175449,0.0227831974668494,0.9730562909839743,0.9730562909839743,treatment,ols
2026-05-14,cv_3,log_return,0.0429470141628899,False,0.0429470141628899,0.0014083319278955,0.0004464532523175449,0.0227831974668494,1.8654344269461134,1.8654344269461134,treatment,ols
2026-05-15,cv_3,log_return,-0.0452078795678481,False,-0.0452078795678481,0.0014083319278955,0.0004464532523175449,0.0227831974668494,-2.003859769314417,2.003859769314417,treatment,ols
2026-05-18,cv_3,log_return,-0.0134038281536289,False,-0.0134038281536289,0.0014083319278955,0.0004464532523175449,0.0227831974668494,-0.607916488723729,0.607916488723729,treatment,ols
2026-05-19,cv_3,log_return,-0.0077213789044106,False,-0.0077213789044106,0.0014083319278955,0.0004464532523175449,0.0227831974668494,-0.35850245202029773,0.35850245202029773,treatment,ols
2026-05-20,cv_3,log_return,0.0128807428444608,False,0.0128807428444608,0.0014083319278955,0.0004464532523175449,0.0227831974668494,0.5457657824471617,0.5457657824471617,treatment,ols
2026-05-21,cv_3,log_return,-0.017879417779403,False,-0.017879417779403,0.0014083319278955,0.0004464532523175449,0.0227831974668494,-0.804359048302396,0.804359048302396,treatment,ols
2026-05-22,cv_3,log_return,-0.0192260209173856,False,-0.0192260209173856,0.0014083319278955,0.0004464532523175449,0.0227831974668494,-0.8634641471341984,0.8634641471341984,treatment,ols
2026-05-26,cv_3,log_return,-0.0021850875429075,False,-0.0021850875429075,0.0014083319278955,0.0004464532523175449,0.0227831974668494,-0.11550357666232132,0.11550357666232132,treatment,ols
2026-05-27,cv_3,log_return,-0.0105741614623273,False,-0.0105741614623273,0.0014083319278955,0.0004464532523175449,0.0227831974668494,-0.4837167711283873,0.4837167711283873,treatment,ols
2026-05-28,cv_3,log_return,0.0077310628611257,False,0.0077310628611257,0.0014083319278955,0.0004464532523175449,0.0227831974668494,0.31973605194826565,0.31973605194826565,treatment,ols
2026-05-29,cv_3,log_return,-0.0146221398070838,False,-0.0146221398070838,0.0014083319278955,0.0004464532523175449,0.0227831974668494,-0.6613906182978416,0.6613906182978416,treatment,ols
2026-06-01,cv_3,log_return,0.0607304896897425,False,0.0607304896897425,0.0014083319278955,0.0004464532523175449,0.0227831974668494,2.6459866542060655,2.6459866542060655,treatment,ols
2026-06-02,cv_3,log_return,-0.0068876038588154,False,-0.0068876038588154,0.0014083319278955,0.0004464532523175449,0.0227831974668494,-0.3219064014962928,0.3219064014962928,treatment,ols
2026-06-03,cv_3,log_return,-0.0368897426373677,False,-0.0368897426373677,0.0014083319278955,0.0004464532523175449,0.0227831974668494,-1.6387601408455126,1.6387601408455126,treatment,ols
2026-06-04,cv_3,log_return,0.0180434678899357,False,0.0180434678899357,0.0014083319278955,0.0004464532523175449,0.0227831974668494,0.7723680867543995,0.7723680867543995,treatment,ols
2026-06-05,cv_3,log_return,-0.0640203339172356,False,-0.0640203339172356,0.0014083319278955,0.0004464532523175449,0.0227831974668494,-2.8295759303914774,2.8295759303914774,treatment,ols
2026-06-08,cv_3,log_return,0.0171125809758419,False,0.0171125809758419,0.0014083319278955,0.0004464532523175449,0.0227831974668494,0.7315096025382011,0.7315096025382011,treatment,ols
2026-06-09,cv_3,log_return,-0.0021591397984066,False,-0.0021591397984066,0.0014083319278955,0.0004464532523175449,0.0227831974668494,-0.11436467837823916,0.11436467837823916,treatment,ols
2026-06-10,cv_3,log_return,-0.038035980520405,False,-0.038035980520405,0.0014083319278955,0.0004464532523175449,0.0227831974668494,-1.6890708088149724,1.6890708088149724,treatment,ols
2026-06-11,cv_3,log_return,0.0219604523133006,False,0.0219604523133006,0.0014083319278955,0.0004464532523175449,0.0227831974668494,0.944292349319577,0.944292349319577,treatment,ols
2026-06-12,cv_3,log_return,0.0015607832565316,False,0.0015607832565316,0.0014083319278955,0.0004464532523175449,0.0227831974668494,0.04891016749670262,0.04891016749670262,treatment,ols
2026-05-08,cv_3,intraday_return,0.010186350191897,False,0.010186350191897,-0.0008035397361736,-0.001141604594464464,0.02004816973347161,0.5650368555813238,0.5650368555813238,treatment,ols
2026-05-11,cv_3,intraday_return,0.0252289727371397,False,0.0252289727371397,-0.0008035397361736,-0.001141604594464464,0.02004816973347161,1.3153608375320625,1.3153608375320625,treatment,ols
2026-05-12,cv_3,intraday_return,0.0102035950418675,False,0.0102035950418675,-0.0008035397361736,-0.001141604594464464,0.02004816973347161,0.5658970263699673,0.5658970263699673,treatment,ols
2026-05-13,cv_3,intraday_return,0.0040012856647833,False,0.0040012856647833,-0.0008035397361736,-0.001141604594464464,0.02004816973347161,0.256526671891719,0.256526671891719,treatment,ols
2026-05-14,cv_3,intraday_return,0.0256254045388011,False,0.0256254045388011,-0.0008035397361736,-0.001141604594464464,0.02004816973347161,1.3351348022845422,1.3351348022845422,treatment,ols
2026-05-15,cv_3,intraday_return,-0.0193244572108706,False,-0.0193244572108706,-0.0008035397361736,-0.001141604594464464,0.02004816973347161,-0.906958234000223,0.906958234000223,treatment,ols
2026-05-18,cv_3,intraday_return,-0.0328445989182701,False,-0.0328445989182701,-0.0008035397361736,-0.001141604594464464,0.02004816973347161,-1.5813410772792693,1.5813410772792693,treatment,ols
2026-05-19,cv_3,intraday_return,0.0045078112884751,False,0.0045078112884751,-0.0008035397361736,-0.001141604594464464,0.02004816973347161,0.28179210162549295,0.28179210162549295,treatment,ols
2026-05-20,cv_3,intraday_return,0.0012994379175519,False,0.0012994379175519,-0.0008035397361736,-0.001141604594464464,0.02004816973347161,0.12175887098266625,0.12175887098266625,treatment,ols
2026-05-21,cv_3,intraday_return,-0.0125061804996251,False,-0.0125061804996251,-0.0008035397361736,-0.001141604594464464,0.02004816973347161,-0.5668635120435359,0.5668635120435359,treatment,ols
2026-05-22,cv_3,intraday_return,-0.025214994202489,False,-0.025214994202489,-0.0008035397361736,-0.001141604594464464,0.02004816973347161,-1.20077742397764,1.20077742397764,treatment,ols
2026-05-26,cv_3,intraday_return,-0.0077583482399082,False,-0.0077583482399082,-0.0008035397361736,-0.001141604594464464,0.02004816973347161,-0.3300422798394753,0.3300422798394753,treatment,ols
2026-05-27,cv_3,intraday_return,-0.0070987719425269,False,-0.0070987719425269,-0.0008035397361736,-0.001141604594464464,0.02004816973347161,-0.29714270316240343,0.29714270316240343,treatment,ols
2026-05-28,cv_3,intraday_return,0.014057181171255,False,0.014057181171255,-0.0008035397361736,-0.001141604594464464,0.02004816973347161,0.7581133823076223,0.7581133823076223,treatment,ols
2026-05-29,cv_3,intraday_return,-0.0160313282321372,False,-0.0160313282321372,-0.0008035397361736,-0.001141604594464464,0.02004816973347161,-0.7426974050809962,0.7426974050809962,treatment,ols
2026-06-01,cv_3,intraday_return,0.0400037317652943,False,0.0400037317652943,-0.0008035397361736,-0.001141604594464464,0.02004816973347161,2.0523238234093846,2.0523238234093846,treatment,ols
2026-06-02,cv_3,intraday_return,-0.0191917664060533,False,-0.0191917664060533,-0.0008035397361736,-0.001141604594464464,0.02004816973347161,-0.9003396345678887,0.9003396345678887,treatment,ols
2026-06-03,cv_3,intraday_return,-0.031436050795278,False,-0.031436050795278,-0.0008035397361736,-0.001141604594464464,0.02004816973347161,-1.5110828870445545,1.5110828870445545,treatment,ols
2026-06-04,cv_3,intraday_return,0.0222056001060289,False,0.0222056001060289,-0.0008035397361736,-0.001141604594464464,0.02004816973347161,1.1645554188177996,1.1645554188177996,treatment,ols
2026-06-05,cv_3,intraday_return,-0.0439565223019584,False,-0.0439565223019584,-0.0008035397361736,-0.001141604594464464,0.02004816973347161,-2.1356023156573682,2.1356023156573682,treatment,ols
2026-06-08,cv_3,intraday_return,-0.0073270213140999,False,-0.0073270213140999,-0.0008035397361736,-0.001141604594464464,0.02004816973347161,-0.30852775100504637,0.30852775100504637,treatment,ols
2026-06-09,cv_3,intraday_return,-0.0115373313650929,False,-0.0115373313650929,-0.0008035397361736,-0.001141604594464464,0.02004816973347161,-0.5185374479981657,0.5185374479981657,treatment,ols
2026-06-10,cv_3,intraday_return,-0.0196154901457911,False,-0.0196154901457911,-0.0008035397361736,-0.001141604594464464,0.02004816973347161,-0.9214749175074763,0.9214749175074763,treatment,ols
2026-06-11,cv_3,intraday_return,0.0167749741023164,False,0.0167749741023164,-0.0008035397361736,-0.001141604594464464,0.02004816973347161,0.8936765268336726,0.8936765268336726,treatment,ols
2026-06-12,cv_3,intraday_return,0.0016108651277528,False,0.0016108651277528,-0.0008035397361736,-0.001141604594464464,0.02004816973347161,0.13729281818787936,0.13729281818787936,treatment,ols
2026-05-08,cv_3,daily_range,0.0228160024709028,False,0.0228160024709028,0.0253490793294314,0.029052572215517915,0.013361412142156122,-0.46675977645643696,0.46675977645643696,treatment,ols
2026-05-11,cv_3,daily_range,0.0383248430939795,False,0.0383248430939795,0.0253490793294314,0.029052572215517915,0.013361412142156122,0.6939589004373999,0.6939589004373999,treatment,ols
2026-05-12,cv_3,daily_range,0.0399945732397689,False,0.0399945732397689,0.0253490793294314,0.029052572215517915,0.013361412142156122,0.8189254928921966,0.8189254928921966,treatment,ols
2026-05-13,cv_3,daily_range,0.0277641985689861,False,0.0277641985689861,0.0253490793294314,0.029052572215517915,0.013361412142156122,-0.09642496113617442,0.09642496113617442,treatment,ols
2026-05-14,cv_3,daily_range,0.0307117589958015,False,0.0307117589958015,0.0253490793294314,0.029052572215517915,0.013361412142156122,0.12417750179629161,0.12417750179629161,treatment,ols
2026-05-15,cv_3,daily_range,0.0322208160431546,False,0.0322208160431546,0.0253490793294314,0.029052572215517915,0.013361412142156122,0.2371189357778036,0.2371189357778036,treatment,ols
2026-05-18,cv_3,daily_range,0.0523120029672001,False,0.0523120029672001,0.0253490793294314,0.029052572215517915,0.013361412142156122,1.740791355301224,1.740791355301224,treatment,ols
2026-05-19,cv_3,daily_range,0.0297810255530247,False,0.0297810255530247,0.0253490793294314,0.029052572215517915,0.013361412142156122,0.05451918777420759,0.05451918777420759,treatment,ols
2026-05-20,cv_3,daily_range,0.0251935599948925,False,0.0251935599948925,0.0253490793294314,0.029052572215517915,0.013361412142156122,-0.28881769228942367,0.28881769228942367,treatment,ols
2026-05-21,cv_3,daily_range,0.0431415491671758,False,0.0431415491671758,0.0253490793294314,0.029052572215517915,0.013361412142156122,1.0544526882159597,1.0544526882159597,treatment,ols
2026-05-22,cv_3,daily_range,0.0288394157909794,False,0.0288394157909794,0.0253490793294314,0.029052572215517915,0.013361412142156122,-0.015953135961280035,0.015953135961280035,treatment,ols
2026-05-26,cv_3,daily_range,0.0287628812167261,False,0.0287628812167261,0.0253490793294314,0.029052572215517915,0.013361412142156122,-0.02168116631009543,0.02168116631009543,treatment,ols
2026-05-27,cv_3,daily_range,0.0252586780951119,False,0.0252586780951119,0.0253490793294314,0.029052572215517915,0.013361412142156122,-0.28394409812687627,0.28394409812687627,treatment,ols
2026-05-28,cv_3,daily_range,0.0200700259125217,False,0.0200700259125217,0.0253490793294314,0.029052572215517915,0.013361412142156122,-0.6722752211688539,0.6722752211688539,treatment,ols
2026-05-29,cv_3,daily_range,0.0318745654399629,False,0.0318745654399629,0.0253490793294314,0.029052572215517915,0.013361412142156122,0.21120471357525256,0.21120471357525256,treatment,ols
2026-06-01,cv_3,daily_range,0.0408718048850024,False,0.0408718048850024,0.0253490793294314,0.029052572215517915,0.013361412142156122,0.8845796045908981,0.8845796045908981,treatment,ols
2026-06-02,cv_3,daily_range,0.049053012819793,False,0.049053012819793,0.0253490793294314,0.029052572215517915,0.013361412142156122,1.496880748193703,1.496880748193703,treatment,ols
2026-06-03,cv_3,daily_range,0.0386962180087673,False,0.0386962180087673,0.0253490793294314,0.029052572215517915,0.013361412142156122,0.7217534861321323,0.7217534861321323,treatment,ols
2026-06-04,cv_3,daily_range,0.048614308537371,False,0.048614308537371,0.0253490793294314,0.029052572215517915,0.013361412142156122,1.4640470718012308,1.4640470718012308,treatment,ols
2026-06-05,cv_3,daily_range,0.0513895318014432,False,0.0513895318014432,0.0253490793294314,0.029052572215517915,0.013361412142156122,1.671751409826715,1.671751409826715,treatment,ols
2026-06-08,cv_3,daily_range,0.0214244691036214,False,0.0214244691036214,0.0253490793294314,0.029052572215517915,0.013361412142156122,-0.5709054575024561,0.5709054575024561,treatment,ols
2026-06-09,cv_3,daily_range,0.0579278419576749,False,0.0579278419576749,0.0253490793294314,0.029052572215517915,0.013361412142156122,2.161094159430472,2.161094159430472,treatment,ols
2026-06-10,cv_3,daily_range,0.0364235261872631,False,0.0364235261872631,0.0253490793294314,0.029052572215517915,0.013361412142156122,0.5516598016230145,0.5516598016230145,treatment,ols
2026-06-11,cv_3,daily_range,0.0298726534965544,False,0.0298726534965544,0.0253490793294314,0.029052572215517915,0.013361412142156122,0.061376841931929965,0.061376841931929965,treatment,ols
2026-06-12,cv_3,daily_range,0.0176909441962167,False,0.0176909441962167,0.0253490793294314,0.029052572215517915,0.013361412142156122,-0.8503313795294543,0.8503313795294543,treatment,ols
2026-05-08,cv_3,close_to_sma_5,0.04515739573431232,False,0.04515739573431232,0.0022575458475780907,0.0015345322547756566,0.023964522111125906,1.8203101767376395,1.8203101767376395,treatment,ols
2026-05-11,cv_3,close_to_sma_5,0.04448486004552743,False,0.04448486004552743,0.0022575458475780907,0.0015345322547756566,0.023964522111125906,1.7922463711809804,1.7922463711809804,treatment,ols
2026-05-12,cv_3,close_to_sma_5,0.02712258096904807,False,0.02712258096904807,0.0022575458475780907,0.0015345322547756566,0.023964522111125906,1.0677470886178348,1.0677470886178348,treatment,ols
2026-05-13,cv_3,close_to_sma_5,0.03331046365158863,False,0.03331046365158863,0.0022575458475780907,0.0015345322547756566,0.023964522111125906,1.325957231672085,1.325957231672085,treatment,ols
2026-05-14,cv_3,close_to_sma_5,0.05524670916407248,False,0.05524670916407248,0.0022575458475780907,0.0015345322547756566,0.023964522111125906,2.2413205930094513,2.2413205930094513,treatment,ols
2026-05-15,cv_3,close_to_sma_5,-0.0004524662551718128,False,-0.0004524662551718128,0.0022575458475780907,0.0015345322547756566,0.023964522111125906,-0.08291417207209711,0.08291417207209711,treatment,ols
2026-05-18,cv_3,close_to_sma_5,-0.01627446596264781,False,-0.01627446596264781,0.0022575458475780907,0.0015345322547756566,0.023964522111125906,-0.7431401358575542,0.7431401358575542,treatment,ols
2026-05-19,cv_3,close_to_sma_5,-0.023694056571991085,False,-0.023694056571991085,0.0022575458475780907,0.0015345322547756566,0.023964522111125906,-1.0527474201145857,1.0527474201145857,treatment,ols
2026-05-20,cv_3,close_to_sma_5,-0.008967072598682235,False,-0.008967072598682235,0.0022575458475780907,0.0015345322547756566,0.023964522111125906,-0.4382146576827567,0.4382146576827567,treatment,ols
2026-05-21,cv_3,close_to_sma_5,-0.012310717238464108,False,-0.012310717238464108,0.0022575458475780907,0.0015345322547756566,0.023964522111125906,-0.577739436198141,0.577739436198141,treatment,ols
2026-05-22,cv_3,close_to_sma_5,-0.022329370723213615,False,-0.022329370723213615,0.0022575458475780907,0.0015345322547756566,0.023964522111125906,-0.9958013294540132,0.9958013294540132,treatment,ols
2026-05-26,cv_3,close_to_sma_5,-0.017809793330724077,False,-0.017809793330724077,0.0022575458475780907,0.0015345322547756566,0.023964522111125906,-0.8072068158003797,0.8072068158003797,treatment,ols
2026-05-27,cv_3,close_to_sma_5,-0.020971268008218802,False,-0.020971268008218802,0.0022575458475780907,0.0015345322547756566,0.023964522111125906,-0.9391299421132954,0.9391299421132954,treatment,ols
2026-05-28,cv_3,close_to_sma_5,-0.004923136906538006,False,-0.004923136906538006,0.0022575458475780907,0.0015345322547756566,0.023964522111125906,-0.26946788804587046,0.26946788804587046,treatment,ols
2026-05-29,cv_3,close_to_sma_5,-0.011683434340303389,False,-0.011683434340303389,0.0022575458475780907,0.0015345322547756566,0.023964522111125906,-0.5515639549908821,0.5515639549908821,treatment,ols
2026-06-01,cv_3,close_to_sma_5,0.04139396780569915,False,0.04139396780569915,0.0022575458475780907,0.0015345322547756566,0.023964522111125906,1.6632685336303086,1.6632685336303086,treatment,ols
2026-06-02,cv_3,close_to_sma_5,0.026659438461608342,False,0.026659438461608342,0.0022575458475780907,0.0015345322547756566,0.023964522111125906,1.0484209153149795,1.0484209153149795,treatment,ols
2026-06-03,cv_3,close_to_sma_5,-0.012480233264182461,False,-0.012480233264182461,0.0022575458475780907,0.0015345322547756566,0.023964522111125906,-0.5848130604887607,0.5848130604887607,treatment,ols
2026-06-04,cv_3,close_to_sma_5,0.001438091202420999,False,0.001438091202420999,0.0022575458475780907,0.0015345322547756566,0.023964522111125906,-0.004024326122901625,0.004024326122901625,treatment,ols
2026-06-05,cv_3,close_to_sma_5,-0.055439385276947695,False,-0.055439385276947695,0.0022575458475780907,0.0015345322547756566,0.023964522111125906,-2.3774276519068294,2.3774276519068294,treatment,ols
2026-06-08,cv_3,close_to_sma_5,-0.025019410935767206,False,-0.025019410935767206,0.0022575458475780907,0.0015345322547756566,0.023964522111125906,-1.108052272747587,1.108052272747587,treatment,ols
2026-06-09,cv_3,close_to_sma_5,-0.013635415346261004,False,-0.013635415346261004,0.0022575458475780907,0.0015345322547756566,0.023964522111125906,-0.6330169043510271,0.6330169043510271,treatment,ols
2026-06-10,cv_3,close_to_sma_5,-0.037377180388168174,False,-0.037377180388168174,0.0022575458475780907,0.0015345322547756566,0.023964522111125906,-1.6237216190878456,1.6237216190878456,treatment,ols
2026-06-11,cv_3,close_to_sma_5,-0.0027939736681091842,False,-0.0027939736681091842,0.0022575458475780907,0.0015345322547756566,0.023964522111125906,-0.18062141622574918,0.18062141622574918,treatment,ols
2026-06-12,cv_3,close_to_sma_5,-0.0013238315160903902,False,-0.0013238315160903902,0.0022575458475780907,0.0015345322547756566,0.023964522111125906,-0.11927480788523659,0.11927480788523659,treatment,ols
2026-05-08,cv_3,close_to_sma_20,0.05915153445431165,False,0.05915153445431165,0.0032973590102367556,0.006893503379308226,0.04315918706235996,1.2108205606258686,1.2108205606258686,treatment,ols
2026-05-11,cv_3,close_to_sma_20,0.07207067701017777,False,0.07207067701017777,0.0032973590102367556,0.006893503379308226,0.04315918706235996,1.5101575832903478,1.5101575832903478,treatment,ols
2026-05-12,cv_3,close_to_sma_20,0.0722602741832501,False,0.0722602741832501,0.0032973590102367556,0.006893503379308226,0.04315918706235996,1.5145505569763065,1.5145505569763065,treatment,ols
2026-05-13,cv_3,close_to_sma_20,0.08965281716854623,False,0.08965281716854623,0.0032973590102367556,0.006893503379308226,0.04315918706235996,1.9175364371358643,1.9175364371358643,treatment,ols
2026-05-14,cv_3,close_to_sma_20,0.12730074846352646,False,0.12730074846352646,0.0032973590102367556,0.006893503379308226,0.04315918706235996,2.789840432125005,2.789840432125005,treatment,ols
2026-05-15,cv_3,close_to_sma_20,0.07141671355777368,False,0.07141671355777368,0.0032973590102367556,0.006893503379308226,0.04315918706235996,1.4950052253124462,1.4950052253124462,treatment,ols
2026-05-18,cv_3,close_to_sma_20,0.05208365646895419,False,0.05208365646895419,0.0032973590102367556,0.006893503379308226,0.04315918706235996,1.0470575598273317,1.0470575598273317,treatment,ols
2026-05-19,cv_3,close_to_sma_20,0.03889559624518868,False,0.03889559624518868,0.0032973590102367556,0.006893503379308226,0.04315918706235996,0.7414897046054455,0.7414897046054455,treatment,ols
2026-05-20,cv_3,close_to_sma_20,0.04719328509748233,False,0.04719328509748233,0.0032973590102367556,0.006893503379308226,0.04315918706235996,0.9337474698016357,0.9337474698016357,treatment,ols
2026-05-21,cv_3,close_to_sma_20,0.023869740840865017,False,0.023869740840865017,0.0032973590102367556,0.006893503379308226,0.04315918706235996,0.39334006539623,0.39334006539623,treatment,ols
2026-05-22,cv_3,close_to_sma_20,0.0027218306434118045,False,0.0027218306434118045,0.0032973590102367556,0.006893503379308226,0.04315918706235996,-0.09665781540020307,0.09665781540020307,treatment,ols
2026-05-26,cv_3,close_to_sma_20,0.0009410302127870196,False,0.0009410302127870196,0.0032973590102367556,0.006893503379308226,0.04315918706235996,-0.13791902887143312,0.13791902887143312,treatment,ols
2026-05-27,cv_3,close_to_sma_20,-0.009455807456853926,False,-0.009455807456853926,0.0032973590102367556,0.006893503379308226,0.04315918706235996,-0.37881415172485333,0.37881415172485333,treatment,ols
2026-05-28,cv_3,close_to_sma_20,-0.0029295551173551537,False,-0.0029295551173551537,0.0032973590102367556,0.006893503379308226,0.04315918706235996,-0.22760063766887484,0.22760063766887484,treatment,ols
2026-05-29,cv_3,close_to_sma_20,-0.02004103601368612,False,-0.02004103601368612,0.0032973590102367556,0.006893503379308226,0.04315918706235996,-0.6240742985746487,0.6240742985746487,treatment,ols
2026-06-01,cv_3,close_to_sma_20,0.0350928563625319,False,0.0350928563625319,0.0032973590102367556,0.006893503379308226,0.04315918706235996,0.653380077397633,0.653380077397633,treatment,ols
2026-06-02,cv_3,close_to_sma_20,0.022248449112206137,False,0.022248449112206137,0.0032973590102367556,0.006893503379308226,0.04315918706235996,0.3557746745950478,0.3557746745950478,treatment,ols
2026-06-03,cv_3,close_to_sma_20,-0.0188822415478358,False,-0.0188822415478358,0.0032973590102367556,0.006893503379308226,0.04315918706235996,-0.5972249868817292,0.5972249868817292,treatment,ols
2026-06-04,cv_3,close_to_sma_20,-0.0034841056133411152,False,-0.0034841056133411152,0.0032973590102367556,0.006893503379308226,0.04315918706235996,-0.24044959367874363,0.24044959367874363,treatment,ols
2026-06-05,cv_3,close_to_sma_20,-0.06391697052140188,False,-0.06391697052140188,0.0032973590102367556,0.006893503379308226,0.04315918706235996,-1.640681364048801,1.640681364048801,treatment,ols
2026-06-08,cv_3,close_to_sma_20,-0.04633268534287538,False,-0.04633268534287538,0.0032973590102367556,0.006893503379308226,0.04315918706235996,-1.2332528100049245,1.2332528100049245,treatment,ols
2026-06-09,cv_3,close_to_sma_20,-0.04593655624313864,False,-0.04593655624313864,0.0032973590102367556,0.006893503379308226,0.04315918706235996,-1.2240744837504383,1.2240744837504383,treatment,ols
2026-06-10,cv_3,close_to_sma_20,-0.0772390092755193,False,-0.0772390092755193,0.0032973590102367556,0.006893503379308226,0.04315918706235996,-1.9493535068968262,1.9493535068968262,treatment,ols
2026-06-11,cv_3,close_to_sma_20,-0.05217724266360557,False,-0.05217724266360557,0.0032973590102367556,0.006893503379308226,0.04315918706235996,-1.3686714246392895,1.3686714246392895,treatment,ols
2026-06-12,cv_3,close_to_sma_20,-0.04394034676316927,False,-0.04394034676316927,0.0032973590102367556,0.006893503379308226,0.04315918706235996,-1.177822234441732,1.177822234441732,treatment,ols
2026-05-08,cv_3,close_to_sma_60,0.14085573399778517,False,0.14085573399778517,0.003518792193652809,0.007010419579059098,0.03883334291504284,3.446659606708196,3.446659606708196,treatment,ols
2026-05-11,cv_3,close_to_sma_60,0.16000255264950525,False,0.16000255264950525,0.003518792193652809,0.007010419579059098,0.03883334291504284,3.9397106091317653,3.9397106091317653,treatment,ols
2026-05-12,cv_3,close_to_sma_60,0.16319482137496433,False,0.16319482137496433,0.003518792193652809,0.007010419579059098,0.03883334291504284,4.021914933710335,4.021914933710335,treatment,ols
2026-05-13,cv_3,close_to_sma_60,0.18554749348720656,False,0.18554749348720656,0.003518792193652809,0.007010419579059098,0.03883334291504284,4.597520082129929,4.597520082129929,treatment,ols
2026-05-14,cv_3,close_to_sma_60,0.23242234572562248,False,0.23242234572562248,0.003518792193652809,0.007010419579059098,0.03883334291504284,5.80459752434153,5.80459752434153,treatment,ols
2026-05-15,cv_3,close_to_sma_60,0.1741195916135152,False,0.1741195916135152,0.003518792193652809,0.007010419579059098,0.03883334291504284,4.303239419795692,4.303239419795692,treatment,ols
2026-05-18,cv_3,close_to_sma_60,0.15522619085392653,False,0.15522619085392653,0.003518792193652809,0.007010419579059098,0.03883334291504284,3.8167141983919497,3.8167141983919497,treatment,ols
2026-05-19,cv_3,close_to_sma_60,0.14346283847885655,False,0.14346283847885655,0.003518792193652809,0.007010419579059098,0.03883334291504284,3.5137953278531677,3.5137953278531677,treatment,ols
2026-05-20,cv_3,close_to_sma_60,0.15523099360514614,False,0.15523099360514614,0.003518792193652809,0.007010419579059098,0.03883334291504284,3.8168378743585056,3.8168378743585056,treatment,ols
2026-05-21,cv_3,close_to_sma_60,0.13242293770724678,False,0.13242293770724678,0.003518792193652809,0.007010419579059098,0.03883334291504284,3.229506107742446,3.229506107742446,treatment,ols
2026-05-22,cv_3,close_to_sma_60,0.10795908691659539,False,0.10795908691659539,0.003518792193652809,0.007010419579059098,0.03883334291504284,2.599535856554649,2.599535856554649,treatment,ols
2026-05-26,cv_3,close_to_sma_60,0.10198084427112364,False,0.10198084427112364,0.003518792193652809,0.007010419579059098,0.03883334291504284,2.445589731994871,2.445589731994871,treatment,ols
2026-05-27,cv_3,close_to_sma_60,0.08758952308874113,False,0.08758952308874113,0.003518792193652809,0.007010419579059098,0.03883334291504284,2.0749978616563594,2.0749978616563594,treatment,ols
2026-05-28,cv_3,close_to_sma_60,0.09284368047877889,False,0.09284368047877889,0.003518792193652809,0.007010419579059098,0.03883334291504284,2.210298018573895,2.210298018573895,treatment,ols
2026-05-29,cv_3,close_to_sma_60,0.07441359525171087,False,0.07441359525171087,0.003518792193652809,0.007010419579059098,0.03883334291504284,1.735703666308415,1.735703666308415,treatment,ols
2026-06-01,cv_3,close_to_sma_60,0.13772723531424313,False,0.13772723531424313,0.003518792193652809,0.007010419579059098,0.03883334291504284,3.3660974287266003,3.3660974287266003,treatment,ols
2026-06-02,cv_3,close_to_sma_60,0.12563687564972814,False,0.12563687564972814,0.003518792193652809,0.007010419579059098,0.03883334291504284,3.054757771696158,3.054757771696158,treatment,ols
2026-06-03,cv_3,close_to_sma_60,0.08194482902840483,False,0.08194482902840483,0.003518792193652809,0.007010419579059098,0.03883334291504284,1.9296409689292666,1.9296409689292666,treatment,ols
2026-06-04,cv_3,close_to_sma_60,0.09851797730591172,False,0.09851797730591172,0.003518792193652809,0.007010419579059098,0.03883334291504284,2.3564172141205337,2.3564172141205337,treatment,ols
2026-06-05,cv_3,close_to_sma_60,0.028751741377422757,False,0.028751741377422757,0.003518792193652809,0.007010419579059098,0.03883334291504284,0.5598622257663464,0.5598622257663464,treatment,ols
2026-06-08,cv_3,close_to_sma_60,0.04428169677389859,False,0.04428169677389859,0.003518792193652809,0.007010419579059098,0.03883334291504284,0.9597751415936369,0.9597751415936369,treatment,ols
2026-06-09,cv_3,close_to_sma_60,0.03960631887192756,False,0.03960631887192756,0.003518792193652809,0.007010419579059098,0.03883334291504284,0.8393791738244049,0.8393791738244049,treatment,ols
2026-06-10,cv_3,close_to_sma_60,-0.0006241430087007283,False,-0.0006241430087007283,0.003518792193652809,0.007010419579059098,0.03883334291504284,-0.1965981297170899,0.1965981297170899,treatment,ols
2026-06-11,cv_3,close_to_sma_60,0.019621478903099288,False,0.019621478903099288,0.003518792193652809,0.007010419579059098,0.03883334291504284,0.3247482286454163,0.3247482286454163,treatment,ols
2026-06-12,cv_3,close_to_sma_60,0.019118518273776752,False,0.019118518273776752,0.003518792193652809,0.007010419579059098,0.03883334291504284,0.3117964559787448,0.3117964559787448,treatment,ols
2026-05-08,cv_3,rolling_volatility_20,0.0248227974185838,False,0.0248227974185838,0.02239842376788835,0.022663117478498758,0.0035648170993197973,0.6058319066347417,0.6058319066347417,treatment,ols
2026-05-11,cv_3,rolling_volatility_20,0.0249708453538536,False,0.0249708453538536,0.02239842376788835,0.022663117478498758,0.0035648170993197973,0.6473622099139899,0.6473622099139899,treatment,ols
2026-05-12,cv_3,rolling_volatility_20,0.0239288194928034,False,0.0239288194928034,0.02239842376788835,0.022663117478498758,0.0035648170993197973,0.35505384400959866,0.35505384400959866,treatment,ols
2026-05-13,cv_3,rolling_volatility_20,0.0241916684731468,False,0.0241916684731468,0.02239842376788835,0.022663117478498758,0.0035648170993197973,0.4287880561781708,0.4287880561781708,treatment,ols
2026-05-14,cv_3,rolling_volatility_20,0.0254554162776162,False,0.0254554162776162,0.02239842376788835,0.022663117478498758,0.0035648170993197973,0.7832937066112703,0.7832937066112703,treatment,ols
2026-05-15,cv_3,rolling_volatility_20,0.0279967705323583,False,0.0279967705323583,0.02239842376788835,0.022663117478498758,0.0035648170993197973,1.4961926251075426,1.4961926251075426,treatment,ols
2026-05-18,cv_3,rolling_volatility_20,0.0283167532351919,False,0.0283167532351919,0.02239842376788835,0.022663117478498758,0.0035648170993197973,1.5859539491582648,1.5859539491582648,treatment,ols
2026-05-19,cv_3,rolling_volatility_20,0.028233240460304,False,0.028233240460304,0.02239842376788835,0.022663117478498758,0.0035648170993197973,1.562527003943085,1.562527003943085,treatment,ols
2026-05-20,cv_3,rolling_volatility_20,0.0282311720543956,False,0.0282311720543956,0.02239842376788835,0.022663117478498758,0.0035648170993197973,1.5619467761639956,1.5619467761639956,treatment,ols
2026-05-21,cv_3,rolling_volatility_20,0.0283726357531294,False,0.0283726357531294,0.02239842376788835,0.022663117478498758,0.0035648170993197973,1.6016300740141969,1.6016300740141969,treatment,ols
2026-05-22,cv_3,rolling_volatility_20,0.0273715528878476,False,0.0273715528878476,0.02239842376788835,0.022663117478498758,0.0035648170993197973,1.320807008653336,1.320807008653336,treatment,ols
2026-05-26,cv_3,rolling_volatility_20,0.0258718584704306,False,0.0258718584704306,0.02239842376788835,0.022663117478498758,0.0035648170993197973,0.9001137793420314,0.9001137793420314,treatment,ols
2026-05-27,cv_3,rolling_volatility_20,0.025726960352678,False,0.025726960352678,0.02239842376788835,0.022663117478498758,0.0035648170993197973,0.859467060670197,0.859467060670197,treatment,ols
2026-05-28,cv_3,rolling_volatility_20,0.0253959870037243,False,0.0253959870037243,0.02239842376788835,0.022663117478498758,0.0035648170993197973,0.766622648255082,0.766622648255082,treatment,ols
2026-05-29,cv_3,rolling_volatility_20,0.0231472104673821,False,0.0231472104673821,0.02239842376788835,0.022663117478498758,0.0035648170993197973,0.13579742673914785,0.13579742673914785,treatment,ols
2026-06-01,cv_3,rolling_volatility_20,0.0265733739372333,False,0.0265733739372333,0.02239842376788835,0.022663117478498758,0.0035648170993197973,1.0969024075542773,1.0969024075542773,treatment,ols
2026-06-02,cv_3,rolling_volatility_20,0.02670733969941,False,0.02670733969941,0.02239842376788835,0.022663117478498758,0.0035648170993197973,1.1344823894844196,1.1344823894844196,treatment,ols
2026-06-03,cv_3,rolling_volatility_20,0.0281463088573324,False,0.0281463088573324,0.02239842376788835,0.022663117478498758,0.0035648170993197973,1.5381410114644847,1.5381410114644847,treatment,ols
2026-06-04,cv_3,rolling_volatility_20,0.0255071625646882,False,0.0255071625646882,0.02239842376788835,0.022663117478498758,0.0035648170993197973,0.7978095388770754,0.7978095388770754,treatment,ols
2026-06-05,cv_3,rolling_volatility_20,0.0290483339479584,False,0.0290483339479584,0.02239842376788835,0.022663117478498758,0.0035648170993197973,1.791176459145128,1.791176459145128,treatment,ols
2026-06-08,cv_3,rolling_volatility_20,0.0290404743334059,False,0.0290404743334059,0.02239842376788835,0.022663117478498758,0.0035648170993197973,1.7889716855667028,1.7889716855667028,treatment,ols
2026-06-09,cv_3,rolling_volatility_20,0.0286228781691375,False,0.0286228781691375,0.02239842376788835,0.022663117478498758,0.0035648170993197973,1.671827901570581,1.671827901570581,treatment,ols
2026-06-10,cv_3,rolling_volatility_20,0.0295875117646585,False,0.0295875117646585,0.02239842376788835,0.022663117478498758,0.0035648170993197973,1.9424262432653236,1.9424262432653236,treatment,ols
2026-06-11,cv_3,rolling_volatility_20,0.0295553514559805,False,0.0295553514559805,0.02239842376788835,0.022663117478498758,0.0035648170993197973,1.9334046559630926,1.9334046559630926,treatment,ols
2026-06-12,cv_3,rolling_volatility_20,0.0273456999079777,False,0.0273456999079777,0.02239842376788835,0.022663117478498758,0.0035648170993197973,1.3135547488179482,1.3135547488179482,treatment,ols
2026-05-08,cv_3,rolling_volatility_60,0.0231068300040838,False,0.0231068300040838,0.02232033455454245,0.022365952446146534,0.0008176326760699261,0.90612518264119,0.90612518264119,treatment,ols
2026-05-11,cv_3,rolling_volatility_60,0.0230812295129846,False,0.0230812295129846,0.02232033455454245,0.022365952446146534,0.0008176326760699261,0.8748146787334296,0.8748146787334296,treatment,ols
2026-05-12,cv_3,rolling_volatility_60,0.0228488608000381,False,0.0228488608000381,0.02232033455454245,0.022365952446146534,0.0008176326760699261,0.5906177285046108,0.5906177285046108,treatment,ols
2026-05-13,cv_3,rolling_volatility_60,0.0229621495471931,False,0.0229621495471931,0.02232033455454245,0.022365952446146534,0.0008176326760699261,0.7291747486319619,0.7291747486319619,treatment,ols
2026-05-14,cv_3,rolling_volatility_60,0.0234911528930414,False,0.0234911528930414,0.02232033455454245,0.022365952446146534,0.0008176326760699261,1.3761686388358514,1.3761686388358514,treatment,ols
2026-05-15,cv_3,rolling_volatility_60,0.0242984816592766,False,0.0242984816592766,0.02232033455454245,0.022365952446146534,0.0008176326760699261,2.3635665130447765,2.3635665130447765,treatment,ols
2026-05-18,cv_3,rolling_volatility_60,0.0243750806646603,False,0.0243750806646603,0.02232033455454245,0.022365952446146534,0.0008176326760699261,2.4572503977836853,2.4572503977836853,treatment,ols
2026-05-19,cv_3,rolling_volatility_60,0.0243993565461087,False,0.0243993565461087,0.02232033455454245,0.022365952446146534,0.0008176326760699261,2.486940847002382,2.486940847002382,treatment,ols
2026-05-20,cv_3,rolling_volatility_60,0.0244301232901015,False,0.0244301232901015,0.02232033455454245,0.022365952446146534,0.0008176326760699261,2.5245699008468105,2.5245699008468105,treatment,ols
2026-05-21,cv_3,rolling_volatility_60,0.0245252052051098,False,0.0245252052051098,0.02232033455454245,0.022365952446146534,0.0008176326760699261,2.6408591806066704,2.6408591806066704,treatment,ols
2026-05-22,cv_3,rolling_volatility_60,0.0235402289784066,False,0.0235402289784066,0.02232033455454245,0.022365952446146534,0.0008176326760699261,1.436190806248596,1.436190806248596,treatment,ols
2026-05-26,cv_3,rolling_volatility_60,0.0228171122455572,False,0.0228171122455572,0.02232033455454245,0.022365952446146534,0.0008176326760699261,0.5517878781205674,0.5517878781205674,treatment,ols
2026-05-27,cv_3,rolling_volatility_60,0.0226203650251716,False,0.0226203650251716,0.02232033455454245,0.022365952446146534,0.0008176326760699261,0.311157548457993,0.311157548457993,treatment,ols
2026-05-28,cv_3,rolling_volatility_60,0.0225293222609804,False,0.0225293222609804,0.02232033455454245,0.022365952446146534,0.0008176326760699261,0.19980832422100417,0.19980832422100417,treatment,ols
2026-05-29,cv_3,rolling_volatility_60,0.0225725103064236,False,0.0225725103064236,0.02232033455454245,0.022365952446146534,0.0008176326760699261,0.25262916505479666,0.25262916505479666,treatment,ols
2026-06-01,cv_3,rolling_volatility_60,0.0238626884512124,False,0.0238626884512124,0.02232033455454245,0.022365952446146534,0.0008176326760699261,1.830572638388368,1.830572638388368,treatment,ols
2026-06-02,cv_3,rolling_volatility_60,0.0234911644053764,False,0.0234911644053764,0.02232033455454245,0.022365952446146534,0.0008176326760699261,1.376182718917701,1.376182718917701,treatment,ols
2026-06-03,cv_3,rolling_volatility_60,0.0238557911512685,False,0.0238557911512685,0.02232033455454245,0.022365952446146534,0.0008176326760699261,1.822136943306984,1.822136943306984,treatment,ols
2026-06-04,cv_3,rolling_volatility_60,0.0239114010179503,False,0.0239114010179503,0.02232033455454245,0.022365952446146534,0.0008176326760699261,1.890150206853517,1.890150206853517,treatment,ols
2026-06-05,cv_3,rolling_volatility_60,0.0253381084609177,False,0.0253381084609177,0.02232033455454245,0.022365952446146534,0.0008176326760699261,3.6350748958044097,3.6350748958044097,treatment,ols
2026-06-08,cv_3,rolling_volatility_60,0.0253084027045559,False,0.0253084027045559,0.02232033455454245,0.022365952446146534,0.0008176326760699261,3.5987434755576233,3.5987434755576233,treatment,ols
2026-06-09,cv_3,rolling_volatility_60,0.0252026108216626,False,0.0252026108216626,0.02232033455454245,0.022365952446146534,0.0008176326760699261,3.4693554435114904,3.4693554435114904,treatment,ols
2026-06-10,cv_3,rolling_volatility_60,0.0256576345611,False,0.0256576345611,0.02232033455454245,0.022365952446146534,0.0008176326760699261,4.025869086807327,4.025869086807327,treatment,ols
2026-06-11,cv_3,rolling_volatility_60,0.0257640165801675,False,0.0257640165801675,0.02232033455454245,0.022365952446146534,0.0008176326760699261,4.155978880827356,4.155978880827356,treatment,ols
2026-06-12,cv_3,rolling_volatility_60,0.0257258493038802,False,0.0257258493038802,0.02232033455454245,0.022365952446146534,0.0008176326760699261,4.1092986570491705,4.1092986570491705,treatment,ols
2026-05-08,cv_3,simple_return,0.0174940754054004,False,0.0174940754054004,0.0014093240930164,0.000706292121481235,0.022809900737053933,0.7359866874233241,0.7359866874233241,treatment,ridge
2026-05-11,cv_3,simple_return,0.0197026280357421,False,0.0197026280357421,0.0014093240930164,0.000706292121481235,0.022809900737053933,0.8328109855998602,0.8328109855998602,treatment,ridge
2026-05-12,cv_3,simple_return,0.006106436032548,False,0.006106436032548,0.0014093240930164,0.000706292121481235,0.022809900737053933,0.2367456120619766,0.2367456120619766,treatment,ridge
2026-05-13,cv_3,simple_return,0.0228734626310331,False,0.0228734626310331,0.0014093240930164,0.000706292121481235,0.022809900737053933,0.9718223137000341,0.9718223137000341,treatment,ridge
2026-05-14,cv_3,simple_return,0.0438825823927644,False,0.0438825823927644,0.0014093240930164,0.000706292121481235,0.022809900737053933,1.8928749742932773,1.8928749742932773,treatment,ridge
2026-05-15,cv_3,simple_return,-0.0442012298555218,False,-0.0442012298555218,0.0014093240930164,0.000706292121481235,0.022809900737053933,-1.9687732311808022,1.9687732311808022,treatment,ridge
2026-05-18,cv_3,simple_return,-0.0133143968688196,False,-0.0133143968688196,0.0014093240930164,0.000706292121481235,0.022809900737053933,-0.6146755810964442,0.6146755810964442,treatment,ridge
2026-05-19,cv_3,simple_return,-0.007691645634814,False,-0.007691645634814,0.0014093240930164,0.000706292121481235,0.022809900737053933,-0.36817072783894506,0.36817072783894506,treatment,ridge
2026-05-20,cv_3,simple_return,0.0129640569441045,False,0.0129640569441045,0.0014093240930164,0.000706292121481235,0.022809900737053933,0.5373879072919826,0.5373879072919826,treatment,ridge
2026-05-21,cv_3,simple_return,-0.0177205293428006,False,-0.0177205293428006,0.0014093240930164,0.000706292121481235,0.022809900737053933,-0.8078431237689724,0.8078431237689724,treatment,ridge
2026-05-22,cv_3,simple_return,-0.0190423797566589,False,-0.0190423797566589,0.0014093240930164,0.000706292121481235,0.022809900737053933,-0.865793854423008,0.865793854423008,treatment,ridge
2026-05-26,cv_3,simple_return,-0.0021827019769955,False,-0.0021827019769955,0.0014093240930164,0.000706292121481235,0.022809900737053933,-0.12665526833195112,0.12665526833195112,treatment,ridge
2026-05-27,cv_3,simple_return,-0.0105184515517827,False,-0.0105184515517827,0.0014093240930164,0.000706292121481235,0.022809900737053933,-0.49209962825615056,0.49209962825615056,treatment,ridge
2026-05-28,cv_3,simple_return,0.007761024690098,False,0.007761024690098,0.0014093240930164,0.000706292121481235,0.022809900737053933,0.3092837908389748,0.3092837908389748,treatment,ridge
2026-05-29,cv_3,simple_return,-0.0145157554742196,False,-0.0145157554742196,0.0014093240930164,0.000706292121481235,0.022809900737053933,-0.667343877168791,0.667343877168791,treatment,ridge
2026-06-01,cv_3,simple_return,0.062612490569853,False,0.062612490569853,0.0014093240930164,0.000706292121481235,0.022809900737053933,2.714005604934843,2.714005604934843,treatment,ridge
2026-06-02,cv_3,simple_return,-0.0068639386786567,False,-0.0068639386786567,0.0014093240930164,0.000706292121481235,0.022809900737053933,-0.3318835486136222,0.3318835486136222,treatment,ridge
2026-06-03,cv_3,simple_return,-0.0362176064040619,False,-0.0362176064040619,0.0014093240930164,0.000706292121481235,0.022809900737053933,-1.6187662958813966,1.6187662958813966,treatment,ridge
2026-06-04,cv_3,simple_return,0.0182072347478898,False,0.0182072347478898,0.0014093240930164,0.000706292121481235,0.022809900737053933,0.7672520292023394,0.7672520292023394,treatment,ridge
2026-06-05,cv_3,simple_return,-0.0620140735913813,False,-0.0620140735913813,0.0014093240930164,0.000706292121481235,0.022809900737053933,-2.749699195795945,2.749699195795945,treatment,ridge
2026-06-08,cv_3,simple_return,0.0172598399843351,False,0.0172598399843351,0.0014093240930164,0.000706292121481235,0.022809900737053933,0.7257176632936052,0.7257176632936052,treatment,ridge
2026-06-09,cv_3,simple_return,-0.002156810532777,False,-0.002156810532777,0.0014093240930164,0.000706292121481235,0.022809900737053933,-0.12552017158089684,0.12552017158089684,treatment,ridge
2026-06-10,cv_3,simple_return,-0.0373216973982588,False,-0.0373216973982588,0.0014093240930164,0.000706292121481235,0.022809900737053933,-1.667170320384815,1.667170320384815,treatment,ridge
2026-06-11,cv_3,simple_return,0.0222033578929137,False,0.0222033578929137,0.0014093240930164,0.000706292121481235,0.022809900737053933,0.9424445121109708,0.9424445121109708,treatment,ridge
2026-06-12,cv_3,simple_return,0.0015620019126554,False,0.0015620019126554,0.0014093240930164,0.000706292121481235,0.022809900737053933,0.037514840640410704,0.037514840640410704,treatment,ridge
2026-05-08,cv_3,log_return,0.0173428156202659,False,0.0173428156202659,0.0014083319278955,0.0004464532523175449,0.0227831974668494,0.7416150605082249,0.7416150605082249,treatment,ridge
2026-05-11,cv_3,log_return,0.0195110436483701,False,0.0195110436483701,0.0014083319278955,0.0004464532523175449,0.0227831974668494,0.8367829152950287,0.8367829152950287,treatment,ridge
2026-05-12,cv_3,log_return,0.0060878673061894,False,0.0060878673061894,0.0014083319278955,0.0004464532523175449,0.0227831974668494,0.24761292009518732,0.24761292009518732,treatment,ridge
2026-05-13,cv_3,log_return,0.0226157868761655,False,0.0226157868761655,0.0014083319278955,0.0004464532523175449,0.0227831974668494,0.9730562909839743,0.9730562909839743,treatment,ridge
2026-05-14,cv_3,log_return,0.0429470141628899,False,0.0429470141628899,0.0014083319278955,0.0004464532523175449,0.0227831974668494,1.8654344269461134,1.8654344269461134,treatment,ridge
2026-05-15,cv_3,log_return,-0.0452078795678481,False,-0.0452078795678481,0.0014083319278955,0.0004464532523175449,0.0227831974668494,-2.003859769314417,2.003859769314417,treatment,ridge
2026-05-18,cv_3,log_return,-0.0134038281536289,False,-0.0134038281536289,0.0014083319278955,0.0004464532523175449,0.0227831974668494,-0.607916488723729,0.607916488723729,treatment,ridge
2026-05-19,cv_3,log_return,-0.0077213789044106,False,-0.0077213789044106,0.0014083319278955,0.0004464532523175449,0.0227831974668494,-0.35850245202029773,0.35850245202029773,treatment,ridge
2026-05-20,cv_3,log_return,0.0128807428444608,False,0.0128807428444608,0.0014083319278955,0.0004464532523175449,0.0227831974668494,0.5457657824471617,0.5457657824471617,treatment,ridge
2026-05-21,cv_3,log_return,-0.017879417779403,False,-0.017879417779403,0.0014083319278955,0.0004464532523175449,0.0227831974668494,-0.804359048302396,0.804359048302396,treatment,ridge
2026-05-22,cv_3,log_return,-0.0192260209173856,False,-0.0192260209173856,0.0014083319278955,0.0004464532523175449,0.0227831974668494,-0.8634641471341984,0.8634641471341984,treatment,ridge
2026-05-26,cv_3,log_return,-0.0021850875429075,False,-0.0021850875429075,0.0014083319278955,0.0004464532523175449,0.0227831974668494,-0.11550357666232132,0.11550357666232132,treatment,ridge
2026-05-27,cv_3,log_return,-0.0105741614623273,False,-0.0105741614623273,0.0014083319278955,0.0004464532523175449,0.0227831974668494,-0.4837167711283873,0.4837167711283873,treatment,ridge
2026-05-28,cv_3,log_return,0.0077310628611257,False,0.0077310628611257,0.0014083319278955,0.0004464532523175449,0.0227831974668494,0.31973605194826565,0.31973605194826565,treatment,ridge
2026-05-29,cv_3,log_return,-0.0146221398070838,False,-0.0146221398070838,0.0014083319278955,0.0004464532523175449,0.0227831974668494,-0.6613906182978416,0.6613906182978416,treatment,ridge
2026-06-01,cv_3,log_return,0.0607304896897425,False,0.0607304896897425,0.0014083319278955,0.0004464532523175449,0.0227831974668494,2.6459866542060655,2.6459866542060655,treatment,ridge
2026-06-02,cv_3,log_return,-0.0068876038588154,False,-0.0068876038588154,0.0014083319278955,0.0004464532523175449,0.0227831974668494,-0.3219064014962928,0.3219064014962928,treatment,ridge
2026-06-03,cv_3,log_return,-0.0368897426373677,False,-0.0368897426373677,0.0014083319278955,0.0004464532523175449,0.0227831974668494,-1.6387601408455126,1.6387601408455126,treatment,ridge
2026-06-04,cv_3,log_return,0.0180434678899357,False,0.0180434678899357,0.0014083319278955,0.0004464532523175449,0.0227831974668494,0.7723680867543995,0.7723680867543995,treatment,ridge
2026-06-05,cv_3,log_return,-0.0640203339172356,False,-0.0640203339172356,0.0014083319278955,0.0004464532523175449,0.0227831974668494,-2.8295759303914774,2.8295759303914774,treatment,ridge
2026-06-08,cv_3,log_return,0.0171125809758419,False,0.0171125809758419,0.0014083319278955,0.0004464532523175449,0.0227831974668494,0.7315096025382011,0.7315096025382011,treatment,ridge
2026-06-09,cv_3,log_return,-0.0021591397984066,False,-0.0021591397984066,0.0014083319278955,0.0004464532523175449,0.0227831974668494,-0.11436467837823916,0.11436467837823916,treatment,ridge
2026-06-10,cv_3,log_return,-0.038035980520405,False,-0.038035980520405,0.0014083319278955,0.0004464532523175449,0.0227831974668494,-1.6890708088149724,1.6890708088149724,treatment,ridge
2026-06-11,cv_3,log_return,0.0219604523133006,False,0.0219604523133006,0.0014083319278955,0.0004464532523175449,0.0227831974668494,0.944292349319577,0.944292349319577,treatment,ridge
2026-06-12,cv_3,log_return,0.0015607832565316,False,0.0015607832565316,0.0014083319278955,0.0004464532523175449,0.0227831974668494,0.04891016749670262,0.04891016749670262,treatment,ridge
2026-05-08,cv_3,intraday_return,0.010186350191897,False,0.010186350191897,-0.0008035397361736,-0.001141604594464464,0.02004816973347161,0.5650368555813238,0.5650368555813238,treatment,ridge
2026-05-11,cv_3,intraday_return,0.0252289727371397,False,0.0252289727371397,-0.0008035397361736,-0.001141604594464464,0.02004816973347161,1.3153608375320625,1.3153608375320625,treatment,ridge
2026-05-12,cv_3,intraday_return,0.0102035950418675,False,0.0102035950418675,-0.0008035397361736,-0.001141604594464464,0.02004816973347161,0.5658970263699673,0.5658970263699673,treatment,ridge
2026-05-13,cv_3,intraday_return,0.0040012856647833,False,0.0040012856647833,-0.0008035397361736,-0.001141604594464464,0.02004816973347161,0.256526671891719,0.256526671891719,treatment,ridge
2026-05-14,cv_3,intraday_return,0.0256254045388011,False,0.0256254045388011,-0.0008035397361736,-0.001141604594464464,0.02004816973347161,1.3351348022845422,1.3351348022845422,treatment,ridge
2026-05-15,cv_3,intraday_return,-0.0193244572108706,False,-0.0193244572108706,-0.0008035397361736,-0.001141604594464464,0.02004816973347161,-0.906958234000223,0.906958234000223,treatment,ridge
2026-05-18,cv_3,intraday_return,-0.0328445989182701,False,-0.0328445989182701,-0.0008035397361736,-0.001141604594464464,0.02004816973347161,-1.5813410772792693,1.5813410772792693,treatment,ridge
2026-05-19,cv_3,intraday_return,0.0045078112884751,False,0.0045078112884751,-0.0008035397361736,-0.001141604594464464,0.02004816973347161,0.28179210162549295,0.28179210162549295,treatment,ridge
2026-05-20,cv_3,intraday_return,0.0012994379175519,False,0.0012994379175519,-0.0008035397361736,-0.001141604594464464,0.02004816973347161,0.12175887098266625,0.12175887098266625,treatment,ridge
2026-05-21,cv_3,intraday_return,-0.0125061804996251,False,-0.0125061804996251,-0.0008035397361736,-0.001141604594464464,0.02004816973347161,-0.5668635120435359,0.5668635120435359,treatment,ridge
2026-05-22,cv_3,intraday_return,-0.025214994202489,False,-0.025214994202489,-0.0008035397361736,-0.001141604594464464,0.02004816973347161,-1.20077742397764,1.20077742397764,treatment,ridge
2026-05-26,cv_3,intraday_return,-0.0077583482399082,False,-0.0077583482399082,-0.0008035397361736,-0.001141604594464464,0.02004816973347161,-0.3300422798394753,0.3300422798394753,treatment,ridge
2026-05-27,cv_3,intraday_return,-0.0070987719425269,False,-0.0070987719425269,-0.0008035397361736,-0.001141604594464464,0.02004816973347161,-0.29714270316240343,0.29714270316240343,treatment,ridge
2026-05-28,cv_3,intraday_return,0.014057181171255,False,0.014057181171255,-0.0008035397361736,-0.001141604594464464,0.02004816973347161,0.7581133823076223,0.7581133823076223,treatment,ridge
2026-05-29,cv_3,intraday_return,-0.0160313282321372,False,-0.0160313282321372,-0.0008035397361736,-0.001141604594464464,0.02004816973347161,-0.7426974050809962,0.7426974050809962,treatment,ridge
2026-06-01,cv_3,intraday_return,0.0400037317652943,False,0.0400037317652943,-0.0008035397361736,-0.001141604594464464,0.02004816973347161,2.0523238234093846,2.0523238234093846,treatment,ridge
2026-06-02,cv_3,intraday_return,-0.0191917664060533,False,-0.0191917664060533,-0.0008035397361736,-0.001141604594464464,0.02004816973347161,-0.9003396345678887,0.9003396345678887,treatment,ridge
2026-06-03,cv_3,intraday_return,-0.031436050795278,False,-0.031436050795278,-0.0008035397361736,-0.001141604594464464,0.02004816973347161,-1.5110828870445545,1.5110828870445545,treatment,ridge
2026-06-04,cv_3,intraday_return,0.0222056001060289,False,0.0222056001060289,-0.0008035397361736,-0.001141604594464464,0.02004816973347161,1.1645554188177996,1.1645554188177996,treatment,ridge
2026-06-05,cv_3,intraday_return,-0.0439565223019584,False,-0.0439565223019584,-0.0008035397361736,-0.001141604594464464,0.02004816973347161,-2.1356023156573682,2.1356023156573682,treatment,ridge
2026-06-08,cv_3,intraday_return,-0.0073270213140999,False,-0.0073270213140999,-0.0008035397361736,-0.001141604594464464,0.02004816973347161,-0.30852775100504637,0.30852775100504637,treatment,ridge
2026-06-09,cv_3,intraday_return,-0.0115373313650929,False,-0.0115373313650929,-0.0008035397361736,-0.001141604594464464,0.02004816973347161,-0.5185374479981657,0.5185374479981657,treatment,ridge
2026-06-10,cv_3,intraday_return,-0.0196154901457911,False,-0.0196154901457911,-0.0008035397361736,-0.001141604594464464,0.02004816973347161,-0.9214749175074763,0.9214749175074763,treatment,ridge
2026-06-11,cv_3,intraday_return,0.0167749741023164,False,0.0167749741023164,-0.0008035397361736,-0.001141604594464464,0.02004816973347161,0.8936765268336726,0.8936765268336726,treatment,ridge
2026-06-12,cv_3,intraday_return,0.0016108651277528,False,0.0016108651277528,-0.0008035397361736,-0.001141604594464464,0.02004816973347161,0.13729281818787936,0.13729281818787936,treatment,ridge
2026-05-08,cv_3,daily_range,0.0228160024709028,False,0.0228160024709028,0.0253490793294314,0.029052572215517915,0.013361412142156122,-0.46675977645643696,0.46675977645643696,treatment,ridge
2026-05-11,cv_3,daily_range,0.0383248430939795,False,0.0383248430939795,0.0253490793294314,0.029052572215517915,0.013361412142156122,0.6939589004373999,0.6939589004373999,treatment,ridge
2026-05-12,cv_3,daily_range,0.0399945732397689,False,0.0399945732397689,0.0253490793294314,0.029052572215517915,0.013361412142156122,0.8189254928921966,0.8189254928921966,treatment,ridge
2026-05-13,cv_3,daily_range,0.0277641985689861,False,0.0277641985689861,0.0253490793294314,0.029052572215517915,0.013361412142156122,-0.09642496113617442,0.09642496113617442,treatment,ridge
2026-05-14,cv_3,daily_range,0.0307117589958015,False,0.0307117589958015,0.0253490793294314,0.029052572215517915,0.013361412142156122,0.12417750179629161,0.12417750179629161,treatment,ridge
2026-05-15,cv_3,daily_range,0.0322208160431546,False,0.0322208160431546,0.0253490793294314,0.029052572215517915,0.013361412142156122,0.2371189357778036,0.2371189357778036,treatment,ridge
2026-05-18,cv_3,daily_range,0.0523120029672001,False,0.0523120029672001,0.0253490793294314,0.029052572215517915,0.013361412142156122,1.740791355301224,1.740791355301224,treatment,ridge
2026-05-19,cv_3,daily_range,0.0297810255530247,False,0.0297810255530247,0.0253490793294314,0.029052572215517915,0.013361412142156122,0.05451918777420759,0.05451918777420759,treatment,ridge
2026-05-20,cv_3,daily_range,0.0251935599948925,False,0.0251935599948925,0.0253490793294314,0.029052572215517915,0.013361412142156122,-0.28881769228942367,0.28881769228942367,treatment,ridge
2026-05-21,cv_3,daily_range,0.0431415491671758,False,0.0431415491671758,0.0253490793294314,0.029052572215517915,0.013361412142156122,1.0544526882159597,1.0544526882159597,treatment,ridge
2026-05-22,cv_3,daily_range,0.0288394157909794,False,0.0288394157909794,0.0253490793294314,0.029052572215517915,0.013361412142156122,-0.015953135961280035,0.015953135961280035,treatment,ridge
2026-05-26,cv_3,daily_range,0.0287628812167261,False,0.0287628812167261,0.0253490793294314,0.029052572215517915,0.013361412142156122,-0.02168116631009543,0.02168116631009543,treatment,ridge
2026-05-27,cv_3,daily_range,0.0252586780951119,False,0.0252586780951119,0.0253490793294314,0.029052572215517915,0.013361412142156122,-0.28394409812687627,0.28394409812687627,treatment,ridge
2026-05-28,cv_3,daily_range,0.0200700259125217,False,0.0200700259125217,0.0253490793294314,0.029052572215517915,0.013361412142156122,-0.6722752211688539,0.6722752211688539,treatment,ridge
2026-05-29,cv_3,daily_range,0.0318745654399629,False,0.0318745654399629,0.0253490793294314,0.029052572215517915,0.013361412142156122,0.21120471357525256,0.21120471357525256,treatment,ridge
2026-06-01,cv_3,daily_range,0.0408718048850024,False,0.0408718048850024,0.0253490793294314,0.029052572215517915,0.013361412142156122,0.8845796045908981,0.8845796045908981,treatment,ridge
2026-06-02,cv_3,daily_range,0.049053012819793,False,0.049053012819793,0.0253490793294314,0.029052572215517915,0.013361412142156122,1.496880748193703,1.496880748193703,treatment,ridge
2026-06-03,cv_3,daily_range,0.0386962180087673,False,0.0386962180087673,0.0253490793294314,0.029052572215517915,0.013361412142156122,0.7217534861321323,0.7217534861321323,treatment,ridge
2026-06-04,cv_3,daily_range,0.048614308537371,False,0.048614308537371,0.0253490793294314,0.029052572215517915,0.013361412142156122,1.4640470718012308,1.4640470718012308,treatment,ridge
2026-06-05,cv_3,daily_range,0.0513895318014432,False,0.0513895318014432,0.0253490793294314,0.029052572215517915,0.013361412142156122,1.671751409826715,1.671751409826715,treatment,ridge
2026-06-08,cv_3,daily_range,0.0214244691036214,False,0.0214244691036214,0.0253490793294314,0.029052572215517915,0.013361412142156122,-0.5709054575024561,0.5709054575024561,treatment,ridge
2026-06-09,cv_3,daily_range,0.0579278419576749,False,0.0579278419576749,0.0253490793294314,0.029052572215517915,0.013361412142156122,2.161094159430472,2.161094159430472,treatment,ridge
2026-06-10,cv_3,daily_range,0.0364235261872631,False,0.0364235261872631,0.0253490793294314,0.029052572215517915,0.013361412142156122,0.5516598016230145,0.5516598016230145,treatment,ridge
2026-06-11,cv_3,daily_range,0.0298726534965544,False,0.0298726534965544,0.0253490793294314,0.029052572215517915,0.013361412142156122,0.061376841931929965,0.061376841931929965,treatment,ridge
2026-06-12,cv_3,daily_range,0.0176909441962167,False,0.0176909441962167,0.0253490793294314,0.029052572215517915,0.013361412142156122,-0.8503313795294543,0.8503313795294543,treatment,ridge
2026-05-08,cv_3,close_to_sma_5,0.04515739573431232,False,0.04515739573431232,0.0022575458475780907,0.0015345322547756566,0.023964522111125906,1.8203101767376395,1.8203101767376395,treatment,ridge
2026-05-11,cv_3,close_to_sma_5,0.04448486004552743,False,0.04448486004552743,0.0022575458475780907,0.0015345322547756566,0.023964522111125906,1.7922463711809804,1.7922463711809804,treatment,ridge
2026-05-12,cv_3,close_to_sma_5,0.02712258096904807,False,0.02712258096904807,0.0022575458475780907,0.0015345322547756566,0.023964522111125906,1.0677470886178348,1.0677470886178348,treatment,ridge
2026-05-13,cv_3,close_to_sma_5,0.03331046365158863,False,0.03331046365158863,0.0022575458475780907,0.0015345322547756566,0.023964522111125906,1.325957231672085,1.325957231672085,treatment,ridge
2026-05-14,cv_3,close_to_sma_5,0.05524670916407248,False,0.05524670916407248,0.0022575458475780907,0.0015345322547756566,0.023964522111125906,2.2413205930094513,2.2413205930094513,treatment,ridge
2026-05-15,cv_3,close_to_sma_5,-0.0004524662551718128,False,-0.0004524662551718128,0.0022575458475780907,0.0015345322547756566,0.023964522111125906,-0.08291417207209711,0.08291417207209711,treatment,ridge
2026-05-18,cv_3,close_to_sma_5,-0.01627446596264781,False,-0.01627446596264781,0.0022575458475780907,0.0015345322547756566,0.023964522111125906,-0.7431401358575542,0.7431401358575542,treatment,ridge
2026-05-19,cv_3,close_to_sma_5,-0.023694056571991085,False,-0.023694056571991085,0.0022575458475780907,0.0015345322547756566,0.023964522111125906,-1.0527474201145857,1.0527474201145857,treatment,ridge
2026-05-20,cv_3,close_to_sma_5,-0.008967072598682235,False,-0.008967072598682235,0.0022575458475780907,0.0015345322547756566,0.023964522111125906,-0.4382146576827567,0.4382146576827567,treatment,ridge
2026-05-21,cv_3,close_to_sma_5,-0.012310717238464108,False,-0.012310717238464108,0.0022575458475780907,0.0015345322547756566,0.023964522111125906,-0.577739436198141,0.577739436198141,treatment,ridge
2026-05-22,cv_3,close_to_sma_5,-0.022329370723213615,False,-0.022329370723213615,0.0022575458475780907,0.0015345322547756566,0.023964522111125906,-0.9958013294540132,0.9958013294540132,treatment,ridge
2026-05-26,cv_3,close_to_sma_5,-0.017809793330724077,False,-0.017809793330724077,0.0022575458475780907,0.0015345322547756566,0.023964522111125906,-0.8072068158003797,0.8072068158003797,treatment,ridge
2026-05-27,cv_3,close_to_sma_5,-0.020971268008218802,False,-0.020971268008218802,0.0022575458475780907,0.0015345322547756566,0.023964522111125906,-0.9391299421132954,0.9391299421132954,treatment,ridge
2026-05-28,cv_3,close_to_sma_5,-0.004923136906538006,False,-0.004923136906538006,0.0022575458475780907,0.0015345322547756566,0.023964522111125906,-0.26946788804587046,0.26946788804587046,treatment,ridge
2026-05-29,cv_3,close_to_sma_5,-0.011683434340303389,False,-0.011683434340303389,0.0022575458475780907,0.0015345322547756566,0.023964522111125906,-0.5515639549908821,0.5515639549908821,treatment,ridge
2026-06-01,cv_3,close_to_sma_5,0.04139396780569915,False,0.04139396780569915,0.0022575458475780907,0.0015345322547756566,0.023964522111125906,1.6632685336303086,1.6632685336303086,treatment,ridge
2026-06-02,cv_3,close_to_sma_5,0.026659438461608342,False,0.026659438461608342,0.0022575458475780907,0.0015345322547756566,0.023964522111125906,1.0484209153149795,1.0484209153149795,treatment,ridge
2026-06-03,cv_3,close_to_sma_5,-0.012480233264182461,False,-0.012480233264182461,0.0022575458475780907,0.0015345322547756566,0.023964522111125906,-0.5848130604887607,0.5848130604887607,treatment,ridge
2026-06-04,cv_3,close_to_sma_5,0.001438091202420999,False,0.001438091202420999,0.0022575458475780907,0.0015345322547756566,0.023964522111125906,-0.004024326122901625,0.004024326122901625,treatment,ridge
2026-06-05,cv_3,close_to_sma_5,-0.055439385276947695,False,-0.055439385276947695,0.0022575458475780907,0.0015345322547756566,0.023964522111125906,-2.3774276519068294,2.3774276519068294,treatment,ridge
2026-06-08,cv_3,close_to_sma_5,-0.025019410935767206,False,-0.025019410935767206,0.0022575458475780907,0.0015345322547756566,0.023964522111125906,-1.108052272747587,1.108052272747587,treatment,ridge
2026-06-09,cv_3,close_to_sma_5,-0.013635415346261004,False,-0.013635415346261004,0.0022575458475780907,0.0015345322547756566,0.023964522111125906,-0.6330169043510271,0.6330169043510271,treatment,ridge
2026-06-10,cv_3,close_to_sma_5,-0.037377180388168174,False,-0.037377180388168174,0.0022575458475780907,0.0015345322547756566,0.023964522111125906,-1.6237216190878456,1.6237216190878456,treatment,ridge
2026-06-11,cv_3,close_to_sma_5,-0.0027939736681091842,False,-0.0027939736681091842,0.0022575458475780907,0.0015345322547756566,0.023964522111125906,-0.18062141622574918,0.18062141622574918,treatment,ridge
2026-06-12,cv_3,close_to_sma_5,-0.0013238315160903902,False,-0.0013238315160903902,0.0022575458475780907,0.0015345322547756566,0.023964522111125906,-0.11927480788523659,0.11927480788523659,treatment,ridge
2026-05-08,cv_3,close_to_sma_20,0.05915153445431165,False,0.05915153445431165,0.0032973590102367556,0.006893503379308226,0.04315918706235996,1.2108205606258686,1.2108205606258686,treatment,ridge
2026-05-11,cv_3,close_to_sma_20,0.07207067701017777,False,0.07207067701017777,0.0032973590102367556,0.006893503379308226,0.04315918706235996,1.5101575832903478,1.5101575832903478,treatment,ridge
2026-05-12,cv_3,close_to_sma_20,0.0722602741832501,False,0.0722602741832501,0.0032973590102367556,0.006893503379308226,0.04315918706235996,1.5145505569763065,1.5145505569763065,treatment,ridge
2026-05-13,cv_3,close_to_sma_20,0.08965281716854623,False,0.08965281716854623,0.0032973590102367556,0.006893503379308226,0.04315918706235996,1.9175364371358643,1.9175364371358643,treatment,ridge
2026-05-14,cv_3,close_to_sma_20,0.12730074846352646,False,0.12730074846352646,0.0032973590102367556,0.006893503379308226,0.04315918706235996,2.789840432125005,2.789840432125005,treatment,ridge
2026-05-15,cv_3,close_to_sma_20,0.07141671355777368,False,0.07141671355777368,0.0032973590102367556,0.006893503379308226,0.04315918706235996,1.4950052253124462,1.4950052253124462,treatment,ridge
2026-05-18,cv_3,close_to_sma_20,0.05208365646895419,False,0.05208365646895419,0.0032973590102367556,0.006893503379308226,0.04315918706235996,1.0470575598273317,1.0470575598273317,treatment,ridge
2026-05-19,cv_3,close_to_sma_20,0.03889559624518868,False,0.03889559624518868,0.0032973590102367556,0.006893503379308226,0.04315918706235996,0.7414897046054455,0.7414897046054455,treatment,ridge
2026-05-20,cv_3,close_to_sma_20,0.04719328509748233,False,0.04719328509748233,0.0032973590102367556,0.006893503379308226,0.04315918706235996,0.9337474698016357,0.9337474698016357,treatment,ridge
2026-05-21,cv_3,close_to_sma_20,0.023869740840865017,False,0.023869740840865017,0.0032973590102367556,0.006893503379308226,0.04315918706235996,0.39334006539623,0.39334006539623,treatment,ridge
2026-05-22,cv_3,close_to_sma_20,0.0027218306434118045,False,0.0027218306434118045,0.0032973590102367556,0.006893503379308226,0.04315918706235996,-0.09665781540020307,0.09665781540020307,treatment,ridge
2026-05-26,cv_3,close_to_sma_20,0.0009410302127870196,False,0.0009410302127870196,0.0032973590102367556,0.006893503379308226,0.04315918706235996,-0.13791902887143312,0.13791902887143312,treatment,ridge
2026-05-27,cv_3,close_to_sma_20,-0.009455807456853926,False,-0.009455807456853926,0.0032973590102367556,0.006893503379308226,0.04315918706235996,-0.37881415172485333,0.37881415172485333,treatment,ridge
2026-05-28,cv_3,close_to_sma_20,-0.0029295551173551537,False,-0.0029295551173551537,0.0032973590102367556,0.006893503379308226,0.04315918706235996,-0.22760063766887484,0.22760063766887484,treatment,ridge
2026-05-29,cv_3,close_to_sma_20,-0.02004103601368612,False,-0.02004103601368612,0.0032973590102367556,0.006893503379308226,0.04315918706235996,-0.6240742985746487,0.6240742985746487,treatment,ridge
2026-06-01,cv_3,close_to_sma_20,0.0350928563625319,False,0.0350928563625319,0.0032973590102367556,0.006893503379308226,0.04315918706235996,0.653380077397633,0.653380077397633,treatment,ridge
2026-06-02,cv_3,close_to_sma_20,0.022248449112206137,False,0.022248449112206137,0.0032973590102367556,0.006893503379308226,0.04315918706235996,0.3557746745950478,0.3557746745950478,treatment,ridge
2026-06-03,cv_3,close_to_sma_20,-0.0188822415478358,False,-0.0188822415478358,0.0032973590102367556,0.006893503379308226,0.04315918706235996,-0.5972249868817292,0.5972249868817292,treatment,ridge
2026-06-04,cv_3,close_to_sma_20,-0.0034841056133411152,False,-0.0034841056133411152,0.0032973590102367556,0.006893503379308226,0.04315918706235996,-0.24044959367874363,0.24044959367874363,treatment,ridge
2026-06-05,cv_3,close_to_sma_20,-0.06391697052140188,False,-0.06391697052140188,0.0032973590102367556,0.006893503379308226,0.04315918706235996,-1.640681364048801,1.640681364048801,treatment,ridge
2026-06-08,cv_3,close_to_sma_20,-0.04633268534287538,False,-0.04633268534287538,0.0032973590102367556,0.006893503379308226,0.04315918706235996,-1.2332528100049245,1.2332528100049245,treatment,ridge
2026-06-09,cv_3,close_to_sma_20,-0.04593655624313864,False,-0.04593655624313864,0.0032973590102367556,0.006893503379308226,0.04315918706235996,-1.2240744837504383,1.2240744837504383,treatment,ridge
2026-06-10,cv_3,close_to_sma_20,-0.0772390092755193,False,-0.0772390092755193,0.0032973590102367556,0.006893503379308226,0.04315918706235996,-1.9493535068968262,1.9493535068968262,treatment,ridge
2026-06-11,cv_3,close_to_sma_20,-0.05217724266360557,False,-0.05217724266360557,0.0032973590102367556,0.006893503379308226,0.04315918706235996,-1.3686714246392895,1.3686714246392895,treatment,ridge
2026-06-12,cv_3,close_to_sma_20,-0.04394034676316927,False,-0.04394034676316927,0.0032973590102367556,0.006893503379308226,0.04315918706235996,-1.177822234441732,1.177822234441732,treatment,ridge
2026-05-08,cv_3,close_to_sma_60,0.14085573399778517,False,0.14085573399778517,0.003518792193652809,0.007010419579059098,0.03883334291504284,3.446659606708196,3.446659606708196,treatment,ridge
2026-05-11,cv_3,close_to_sma_60,0.16000255264950525,False,0.16000255264950525,0.003518792193652809,0.007010419579059098,0.03883334291504284,3.9397106091317653,3.9397106091317653,treatment,ridge
2026-05-12,cv_3,close_to_sma_60,0.16319482137496433,False,0.16319482137496433,0.003518792193652809,0.007010419579059098,0.03883334291504284,4.021914933710335,4.021914933710335,treatment,ridge
2026-05-13,cv_3,close_to_sma_60,0.18554749348720656,False,0.18554749348720656,0.003518792193652809,0.007010419579059098,0.03883334291504284,4.597520082129929,4.597520082129929,treatment,ridge
2026-05-14,cv_3,close_to_sma_60,0.23242234572562248,False,0.23242234572562248,0.003518792193652809,0.007010419579059098,0.03883334291504284,5.80459752434153,5.80459752434153,treatment,ridge
2026-05-15,cv_3,close_to_sma_60,0.1741195916135152,False,0.1741195916135152,0.003518792193652809,0.007010419579059098,0.03883334291504284,4.303239419795692,4.303239419795692,treatment,ridge
2026-05-18,cv_3,close_to_sma_60,0.15522619085392653,False,0.15522619085392653,0.003518792193652809,0.007010419579059098,0.03883334291504284,3.8167141983919497,3.8167141983919497,treatment,ridge
2026-05-19,cv_3,close_to_sma_60,0.14346283847885655,False,0.14346283847885655,0.003518792193652809,0.007010419579059098,0.03883334291504284,3.5137953278531677,3.5137953278531677,treatment,ridge
2026-05-20,cv_3,close_to_sma_60,0.15523099360514614,False,0.15523099360514614,0.003518792193652809,0.007010419579059098,0.03883334291504284,3.8168378743585056,3.8168378743585056,treatment,ridge
2026-05-21,cv_3,close_to_sma_60,0.13242293770724678,False,0.13242293770724678,0.003518792193652809,0.007010419579059098,0.03883334291504284,3.229506107742446,3.229506107742446,treatment,ridge
2026-05-22,cv_3,close_to_sma_60,0.10795908691659539,False,0.10795908691659539,0.003518792193652809,0.007010419579059098,0.03883334291504284,2.599535856554649,2.599535856554649,treatment,ridge
2026-05-26,cv_3,close_to_sma_60,0.10198084427112364,False,0.10198084427112364,0.003518792193652809,0.007010419579059098,0.03883334291504284,2.445589731994871,2.445589731994871,treatment,ridge
2026-05-27,cv_3,close_to_sma_60,0.08758952308874113,False,0.08758952308874113,0.003518792193652809,0.007010419579059098,0.03883334291504284,2.0749978616563594,2.0749978616563594,treatment,ridge
2026-05-28,cv_3,close_to_sma_60,0.09284368047877889,False,0.09284368047877889,0.003518792193652809,0.007010419579059098,0.03883334291504284,2.210298018573895,2.210298018573895,treatment,ridge
2026-05-29,cv_3,close_to_sma_60,0.07441359525171087,False,0.07441359525171087,0.003518792193652809,0.007010419579059098,0.03883334291504284,1.735703666308415,1.735703666308415,treatment,ridge
2026-06-01,cv_3,close_to_sma_60,0.13772723531424313,False,0.13772723531424313,0.003518792193652809,0.007010419579059098,0.03883334291504284,3.3660974287266003,3.3660974287266003,treatment,ridge
2026-06-02,cv_3,close_to_sma_60,0.12563687564972814,False,0.12563687564972814,0.003518792193652809,0.007010419579059098,0.03883334291504284,3.054757771696158,3.054757771696158,treatment,ridge
2026-06-03,cv_3,close_to_sma_60,0.08194482902840483,False,0.08194482902840483,0.003518792193652809,0.007010419579059098,0.03883334291504284,1.9296409689292666,1.9296409689292666,treatment,ridge
2026-06-04,cv_3,close_to_sma_60,0.09851797730591172,False,0.09851797730591172,0.003518792193652809,0.007010419579059098,0.03883334291504284,2.3564172141205337,2.3564172141205337,treatment,ridge
2026-06-05,cv_3,close_to_sma_60,0.028751741377422757,False,0.028751741377422757,0.003518792193652809,0.007010419579059098,0.03883334291504284,0.5598622257663464,0.5598622257663464,treatment,ridge
2026-06-08,cv_3,close_to_sma_60,0.04428169677389859,False,0.04428169677389859,0.003518792193652809,0.007010419579059098,0.03883334291504284,0.9597751415936369,0.9597751415936369,treatment,ridge
2026-06-09,cv_3,close_to_sma_60,0.03960631887192756,False,0.03960631887192756,0.003518792193652809,0.007010419579059098,0.03883334291504284,0.8393791738244049,0.8393791738244049,treatment,ridge
2026-06-10,cv_3,close_to_sma_60,-0.0006241430087007283,False,-0.0006241430087007283,0.003518792193652809,0.007010419579059098,0.03883334291504284,-0.1965981297170899,0.1965981297170899,treatment,ridge
2026-06-11,cv_3,close_to_sma_60,0.019621478903099288,False,0.019621478903099288,0.003518792193652809,0.007010419579059098,0.03883334291504284,0.3247482286454163,0.3247482286454163,treatment,ridge
2026-06-12,cv_3,close_to_sma_60,0.019118518273776752,False,0.019118518273776752,0.003518792193652809,0.007010419579059098,0.03883334291504284,0.3117964559787448,0.3117964559787448,treatment,ridge
2026-05-08,cv_3,rolling_volatility_20,0.0248227974185838,False,0.0248227974185838,0.02239842376788835,0.022663117478498758,0.0035648170993197973,0.6058319066347417,0.6058319066347417,treatment,ridge
2026-05-11,cv_3,rolling_volatility_20,0.0249708453538536,False,0.0249708453538536,0.02239842376788835,0.022663117478498758,0.0035648170993197973,0.6473622099139899,0.6473622099139899,treatment,ridge
2026-05-12,cv_3,rolling_volatility_20,0.0239288194928034,False,0.0239288194928034,0.02239842376788835,0.022663117478498758,0.0035648170993197973,0.35505384400959866,0.35505384400959866,treatment,ridge
2026-05-13,cv_3,rolling_volatility_20,0.0241916684731468,False,0.0241916684731468,0.02239842376788835,0.022663117478498758,0.0035648170993197973,0.4287880561781708,0.4287880561781708,treatment,ridge
2026-05-14,cv_3,rolling_volatility_20,0.0254554162776162,False,0.0254554162776162,0.02239842376788835,0.022663117478498758,0.0035648170993197973,0.7832937066112703,0.7832937066112703,treatment,ridge
2026-05-15,cv_3,rolling_volatility_20,0.0279967705323583,False,0.0279967705323583,0.02239842376788835,0.022663117478498758,0.0035648170993197973,1.4961926251075426,1.4961926251075426,treatment,ridge
2026-05-18,cv_3,rolling_volatility_20,0.0283167532351919,False,0.0283167532351919,0.02239842376788835,0.022663117478498758,0.0035648170993197973,1.5859539491582648,1.5859539491582648,treatment,ridge
2026-05-19,cv_3,rolling_volatility_20,0.028233240460304,False,0.028233240460304,0.02239842376788835,0.022663117478498758,0.0035648170993197973,1.562527003943085,1.562527003943085,treatment,ridge
2026-05-20,cv_3,rolling_volatility_20,0.0282311720543956,False,0.0282311720543956,0.02239842376788835,0.022663117478498758,0.0035648170993197973,1.5619467761639956,1.5619467761639956,treatment,ridge
2026-05-21,cv_3,rolling_volatility_20,0.0283726357531294,False,0.0283726357531294,0.02239842376788835,0.022663117478498758,0.0035648170993197973,1.6016300740141969,1.6016300740141969,treatment,ridge
2026-05-22,cv_3,rolling_volatility_20,0.0273715528878476,False,0.0273715528878476,0.02239842376788835,0.022663117478498758,0.0035648170993197973,1.320807008653336,1.320807008653336,treatment,ridge
2026-05-26,cv_3,rolling_volatility_20,0.0258718584704306,False,0.0258718584704306,0.02239842376788835,0.022663117478498758,0.0035648170993197973,0.9001137793420314,0.9001137793420314,treatment,ridge
2026-05-27,cv_3,rolling_volatility_20,0.025726960352678,False,0.025726960352678,0.02239842376788835,0.022663117478498758,0.0035648170993197973,0.859467060670197,0.859467060670197,treatment,ridge
2026-05-28,cv_3,rolling_volatility_20,0.0253959870037243,False,0.0253959870037243,0.02239842376788835,0.022663117478498758,0.0035648170993197973,0.766622648255082,0.766622648255082,treatment,ridge
2026-05-29,cv_3,rolling_volatility_20,0.0231472104673821,False,0.0231472104673821,0.02239842376788835,0.022663117478498758,0.0035648170993197973,0.13579742673914785,0.13579742673914785,treatment,ridge
2026-06-01,cv_3,rolling_volatility_20,0.0265733739372333,False,0.0265733739372333,0.02239842376788835,0.022663117478498758,0.0035648170993197973,1.0969024075542773,1.0969024075542773,treatment,ridge
2026-06-02,cv_3,rolling_volatility_20,0.02670733969941,False,0.02670733969941,0.02239842376788835,0.022663117478498758,0.0035648170993197973,1.1344823894844196,1.1344823894844196,treatment,ridge
2026-06-03,cv_3,rolling_volatility_20,0.0281463088573324,False,0.0281463088573324,0.02239842376788835,0.022663117478498758,0.0035648170993197973,1.5381410114644847,1.5381410114644847,treatment,ridge
2026-06-04,cv_3,rolling_volatility_20,0.0255071625646882,False,0.0255071625646882,0.02239842376788835,0.022663117478498758,0.0035648170993197973,0.7978095388770754,0.7978095388770754,treatment,ridge
2026-06-05,cv_3,rolling_volatility_20,0.0290483339479584,False,0.0290483339479584,0.02239842376788835,0.022663117478498758,0.0035648170993197973,1.791176459145128,1.791176459145128,treatment,ridge
2026-06-08,cv_3,rolling_volatility_20,0.0290404743334059,False,0.0290404743334059,0.02239842376788835,0.022663117478498758,0.0035648170993197973,1.7889716855667028,1.7889716855667028,treatment,ridge
2026-06-09,cv_3,rolling_volatility_20,0.0286228781691375,False,0.0286228781691375,0.02239842376788835,0.022663117478498758,0.0035648170993197973,1.671827901570581,1.671827901570581,treatment,ridge
2026-06-10,cv_3,rolling_volatility_20,0.0295875117646585,False,0.0295875117646585,0.02239842376788835,0.022663117478498758,0.0035648170993197973,1.9424262432653236,1.9424262432653236,treatment,ridge
2026-06-11,cv_3,rolling_volatility_20,0.0295553514559805,False,0.0295553514559805,0.02239842376788835,0.022663117478498758,0.0035648170993197973,1.9334046559630926,1.9334046559630926,treatment,ridge
2026-06-12,cv_3,rolling_volatility_20,0.0273456999079777,False,0.0273456999079777,0.02239842376788835,0.022663117478498758,0.0035648170993197973,1.3135547488179482,1.3135547488179482,treatment,ridge
2026-05-08,cv_3,rolling_volatility_60,0.0231068300040838,False,0.0231068300040838,0.02232033455454245,0.022365952446146534,0.0008176326760699261,0.90612518264119,0.90612518264119,treatment,ridge
2026-05-11,cv_3,rolling_volatility_60,0.0230812295129846,False,0.0230812295129846,0.02232033455454245,0.022365952446146534,0.0008176326760699261,0.8748146787334296,0.8748146787334296,treatment,ridge
2026-05-12,cv_3,rolling_volatility_60,0.0228488608000381,False,0.0228488608000381,0.02232033455454245,0.022365952446146534,0.0008176326760699261,0.5906177285046108,0.5906177285046108,treatment,ridge
2026-05-13,cv_3,rolling_volatility_60,0.0229621495471931,False,0.0229621495471931,0.02232033455454245,0.022365952446146534,0.0008176326760699261,0.7291747486319619,0.7291747486319619,treatment,ridge
2026-05-14,cv_3,rolling_volatility_60,0.0234911528930414,False,0.0234911528930414,0.02232033455454245,0.022365952446146534,0.0008176326760699261,1.3761686388358514,1.3761686388358514,treatment,ridge
2026-05-15,cv_3,rolling_volatility_60,0.0242984816592766,False,0.0242984816592766,0.02232033455454245,0.022365952446146534,0.0008176326760699261,2.3635665130447765,2.3635665130447765,treatment,ridge
2026-05-18,cv_3,rolling_volatility_60,0.0243750806646603,False,0.0243750806646603,0.02232033455454245,0.022365952446146534,0.0008176326760699261,2.4572503977836853,2.4572503977836853,treatment,ridge
2026-05-19,cv_3,rolling_volatility_60,0.0243993565461087,False,0.0243993565461087,0.02232033455454245,0.022365952446146534,0.0008176326760699261,2.486940847002382,2.486940847002382,treatment,ridge
2026-05-20,cv_3,rolling_volatility_60,0.0244301232901015,False,0.0244301232901015,0.02232033455454245,0.022365952446146534,0.0008176326760699261,2.5245699008468105,2.5245699008468105,treatment,ridge
2026-05-21,cv_3,rolling_volatility_60,0.0245252052051098,False,0.0245252052051098,0.02232033455454245,0.022365952446146534,0.0008176326760699261,2.6408591806066704,2.6408591806066704,treatment,ridge
2026-05-22,cv_3,rolling_volatility_60,0.0235402289784066,False,0.0235402289784066,0.02232033455454245,0.022365952446146534,0.0008176326760699261,1.436190806248596,1.436190806248596,treatment,ridge
2026-05-26,cv_3,rolling_volatility_60,0.0228171122455572,False,0.0228171122455572,0.02232033455454245,0.022365952446146534,0.0008176326760699261,0.5517878781205674,0.5517878781205674,treatment,ridge
2026-05-27,cv_3,rolling_volatility_60,0.0226203650251716,False,0.0226203650251716,0.02232033455454245,0.022365952446146534,0.0008176326760699261,0.311157548457993,0.311157548457993,treatment,ridge
2026-05-28,cv_3,rolling_volatility_60,0.0225293222609804,False,0.0225293222609804,0.02232033455454245,0.022365952446146534,0.0008176326760699261,0.19980832422100417,0.19980832422100417,treatment,ridge
2026-05-29,cv_3,rolling_volatility_60,0.0225725103064236,False,0.0225725103064236,0.02232033455454245,0.022365952446146534,0.0008176326760699261,0.25262916505479666,0.25262916505479666,treatment,ridge
2026-06-01,cv_3,rolling_volatility_60,0.0238626884512124,False,0.0238626884512124,0.02232033455454245,0.022365952446146534,0.0008176326760699261,1.830572638388368,1.830572638388368,treatment,ridge
2026-06-02,cv_3,rolling_volatility_60,0.0234911644053764,False,0.0234911644053764,0.02232033455454245,0.022365952446146534,0.0008176326760699261,1.376182718917701,1.376182718917701,treatment,ridge
2026-06-03,cv_3,rolling_volatility_60,0.0238557911512685,False,0.0238557911512685,0.02232033455454245,0.022365952446146534,0.0008176326760699261,1.822136943306984,1.822136943306984,treatment,ridge
2026-06-04,cv_3,rolling_volatility_60,0.0239114010179503,False,0.0239114010179503,0.02232033455454245,0.022365952446146534,0.0008176326760699261,1.890150206853517,1.890150206853517,treatment,ridge
2026-06-05,cv_3,rolling_volatility_60,0.0253381084609177,False,0.0253381084609177,0.02232033455454245,0.022365952446146534,0.0008176326760699261,3.6350748958044097,3.6350748958044097,treatment,ridge
2026-06-08,cv_3,rolling_volatility_60,0.0253084027045559,False,0.0253084027045559,0.02232033455454245,0.022365952446146534,0.0008176326760699261,3.5987434755576233,3.5987434755576233,treatment,ridge
2026-06-09,cv_3,rolling_volatility_60,0.0252026108216626,False,0.0252026108216626,0.02232033455454245,0.022365952446146534,0.0008176326760699261,3.4693554435114904,3.4693554435114904,treatment,ridge
2026-06-10,cv_3,rolling_volatility_60,0.0256576345611,False,0.0256576345611,0.02232033455454245,0.022365952446146534,0.0008176326760699261,4.025869086807327,4.025869086807327,treatment,ridge
2026-06-11,cv_3,rolling_volatility_60,0.0257640165801675,False,0.0257640165801675,0.02232033455454245,0.022365952446146534,0.0008176326760699261,4.155978880827356,4.155978880827356,treatment,ridge
2026-06-12,cv_3,rolling_volatility_60,0.0257258493038802,False,0.0257258493038802,0.02232033455454245,0.022365952446146534,0.0008176326760699261,4.1092986570491705,4.1092986570491705,treatment,ridge
