layer,date,field,legacy_value,expanded_value,reason,evidence
market,2025-10-01,simple_return,,0.0035373762227048,registered_market_warmup_truncated_at_legacy_sample_start,legacy_start=2025-10-01; legacy_position=0; required_preceding_sessions=1; old-prefix reconstruction missing; full-history scalar rolling oracle audited
market,2025-10-01,log_return,,0.0035311344228331,registered_market_warmup_truncated_at_legacy_sample_start,legacy_start=2025-10-01; legacy_position=0; required_preceding_sessions=1; old-prefix reconstruction missing; full-history scalar rolling oracle audited
market,2025-10-01,sma_5,,182.31000366210935,registered_market_warmup_truncated_at_legacy_sample_start,legacy_start=2025-10-01; legacy_position=0; required_preceding_sessions=4; old-prefix reconstruction missing; full-history scalar rolling oracle audited
market,2025-10-02,sma_5,,184.5500030517578,registered_market_warmup_truncated_at_legacy_sample_start,legacy_start=2025-10-01; legacy_position=1; required_preceding_sessions=4; old-prefix reconstruction missing; full-history scalar rolling oracle audited
market,2025-10-03,sma_5,,186.43600158691407,registered_market_warmup_truncated_at_legacy_sample_start,legacy_start=2025-10-01; legacy_position=2; required_preceding_sessions=4; old-prefix reconstruction missing; full-history scalar rolling oracle audited
market,2025-10-06,sma_5,,187.1739990234375,registered_market_warmup_truncated_at_legacy_sample_start,legacy_start=2025-10-01; legacy_position=3; required_preceding_sessions=4; old-prefix reconstruction missing; full-history scalar rolling oracle audited
market,2025-10-01,sma_20,,176.8230010986328,registered_market_warmup_truncated_at_legacy_sample_start,legacy_start=2025-10-01; legacy_position=0; required_preceding_sessions=19; old-prefix reconstruction missing; full-history scalar rolling oracle audited
market,2025-10-02,sma_20,,177.68450088500975,registered_market_warmup_truncated_at_legacy_sample_start,legacy_start=2025-10-01; legacy_position=1; required_preceding_sessions=19; old-prefix reconstruction missing; full-history scalar rolling oracle audited
market,2025-10-03,sma_20,,178.7145004272461,registered_market_warmup_truncated_at_legacy_sample_start,legacy_start=2025-10-01; legacy_position=2; required_preceding_sessions=19; old-prefix reconstruction missing; full-history scalar rolling oracle audited
market,2025-10-06,sma_20,,179.57600021362305,registered_market_warmup_truncated_at_legacy_sample_start,legacy_start=2025-10-01; legacy_position=3; required_preceding_sessions=19; old-prefix reconstruction missing; full-history scalar rolling oracle audited
market,2025-10-07,sma_20,,180.29000015258788,registered_market_warmup_truncated_at_legacy_sample_start,legacy_start=2025-10-01; legacy_position=4; required_preceding_sessions=19; old-prefix reconstruction missing; full-history scalar rolling oracle audited
market,2025-10-08,sma_20,,180.87900009155277,registered_market_warmup_truncated_at_legacy_sample_start,legacy_start=2025-10-01; legacy_position=5; required_preceding_sessions=19; old-prefix reconstruction missing; full-history scalar rolling oracle audited
market,2025-10-09,sma_20,,181.6490005493164,registered_market_warmup_truncated_at_legacy_sample_start,legacy_start=2025-10-01; legacy_position=6; required_preceding_sessions=19; old-prefix reconstruction missing; full-history scalar rolling oracle audited
market,2025-10-10,sma_20,,181.9160003662109,registered_market_warmup_truncated_at_legacy_sample_start,legacy_start=2025-10-01; legacy_position=7; required_preceding_sessions=19; old-prefix reconstruction missing; full-history scalar rolling oracle audited
market,2025-10-13,sma_20,,182.4445007324219,registered_market_warmup_truncated_at_legacy_sample_start,legacy_start=2025-10-01; legacy_position=8; required_preceding_sessions=19; old-prefix reconstruction missing; full-history scalar rolling oracle audited
market,2025-10-14,sma_20,,182.7020004272461,registered_market_warmup_truncated_at_legacy_sample_start,legacy_start=2025-10-01; legacy_position=9; required_preceding_sessions=19; old-prefix reconstruction missing; full-history scalar rolling oracle audited
market,2025-10-15,sma_20,,183.1790008544922,registered_market_warmup_truncated_at_legacy_sample_start,legacy_start=2025-10-01; legacy_position=10; required_preceding_sessions=19; old-prefix reconstruction missing; full-history scalar rolling oracle audited
market,2025-10-16,sma_20,,183.45750045776367,registered_market_warmup_truncated_at_legacy_sample_start,legacy_start=2025-10-01; legacy_position=11; required_preceding_sessions=19; old-prefix reconstruction missing; full-history scalar rolling oracle audited
market,2025-10-17,sma_20,,183.7850006103516,registered_market_warmup_truncated_at_legacy_sample_start,legacy_start=2025-10-01; legacy_position=12; required_preceding_sessions=19; old-prefix reconstruction missing; full-history scalar rolling oracle audited
market,2025-10-20,sma_20,,183.7365005493164,registered_market_warmup_truncated_at_legacy_sample_start,legacy_start=2025-10-01; legacy_position=13; required_preceding_sessions=19; old-prefix reconstruction missing; full-history scalar rolling oracle audited
market,2025-10-21,sma_20,,183.8730010986328,registered_market_warmup_truncated_at_legacy_sample_start,legacy_start=2025-10-01; legacy_position=14; required_preceding_sessions=19; old-prefix reconstruction missing; full-history scalar rolling oracle audited
market,2025-10-22,sma_20,,184.0385009765625,registered_market_warmup_truncated_at_legacy_sample_start,legacy_start=2025-10-01; legacy_position=15; required_preceding_sessions=19; old-prefix reconstruction missing; full-history scalar rolling oracle audited
market,2025-10-23,sma_20,,184.26200103759768,registered_market_warmup_truncated_at_legacy_sample_start,legacy_start=2025-10-01; legacy_position=16; required_preceding_sessions=19; old-prefix reconstruction missing; full-history scalar rolling oracle audited
market,2025-10-24,sma_20,,184.66550064086917,registered_market_warmup_truncated_at_legacy_sample_start,legacy_start=2025-10-01; legacy_position=17; required_preceding_sessions=19; old-prefix reconstruction missing; full-history scalar rolling oracle audited
market,2025-10-27,sma_20,,185.1475006103516,registered_market_warmup_truncated_at_legacy_sample_start,legacy_start=2025-10-01; legacy_position=18; required_preceding_sessions=19; old-prefix reconstruction missing; full-history scalar rolling oracle audited
market,2025-10-01,sma_60,,175.914000193278,registered_market_warmup_truncated_at_legacy_sample_start,legacy_start=2025-10-01; legacy_position=0; required_preceding_sessions=59; old-prefix reconstruction missing; full-history scalar rolling oracle audited
market,2025-10-02,sma_60,,176.34750010172527,registered_market_warmup_truncated_at_legacy_sample_start,legacy_start=2025-10-01; legacy_position=1; required_preceding_sessions=59; old-prefix reconstruction missing; full-history scalar rolling oracle audited
market,2025-10-03,sma_60,,176.7394999186198,registered_market_warmup_truncated_at_legacy_sample_start,legacy_start=2025-10-01; legacy_position=2; required_preceding_sessions=59; old-prefix reconstruction missing; full-history scalar rolling oracle audited
market,2025-10-06,sma_60,,177.08316650390626,registered_market_warmup_truncated_at_legacy_sample_start,legacy_start=2025-10-01; legacy_position=3; required_preceding_sessions=59; old-prefix reconstruction missing; full-history scalar rolling oracle audited
market,2025-10-07,sma_60,,177.43266626993815,registered_market_warmup_truncated_at_legacy_sample_start,legacy_start=2025-10-01; legacy_position=4; required_preceding_sessions=59; old-prefix reconstruction missing; full-history scalar rolling oracle audited
market,2025-10-08,sma_60,,177.73949966430663,registered_market_warmup_truncated_at_legacy_sample_start,legacy_start=2025-10-01; legacy_position=5; required_preceding_sessions=59; old-prefix reconstruction missing; full-history scalar rolling oracle audited
market,2025-10-09,sma_60,,178.09283320109049,registered_market_warmup_truncated_at_legacy_sample_start,legacy_start=2025-10-01; legacy_position=6; required_preceding_sessions=59; old-prefix reconstruction missing; full-history scalar rolling oracle audited
market,2025-10-10,sma_60,,178.26216659545898,registered_market_warmup_truncated_at_legacy_sample_start,legacy_start=2025-10-01; legacy_position=7; required_preceding_sessions=59; old-prefix reconstruction missing; full-history scalar rolling oracle audited
market,2025-10-13,sma_60,,178.5273333231608,registered_market_warmup_truncated_at_legacy_sample_start,legacy_start=2025-10-01; legacy_position=8; required_preceding_sessions=59; old-prefix reconstruction missing; full-history scalar rolling oracle audited
market,2025-10-14,sma_60,,178.6714998881022,registered_market_warmup_truncated_at_legacy_sample_start,legacy_start=2025-10-01; legacy_position=9; required_preceding_sessions=59; old-prefix reconstruction missing; full-history scalar rolling oracle audited
market,2025-10-15,sma_60,,178.88483327229818,registered_market_warmup_truncated_at_legacy_sample_start,legacy_start=2025-10-01; legacy_position=10; required_preceding_sessions=59; old-prefix reconstruction missing; full-history scalar rolling oracle audited
market,2025-10-16,sma_60,,179.06866658528645,registered_market_warmup_truncated_at_legacy_sample_start,legacy_start=2025-10-01; legacy_position=11; required_preceding_sessions=59; old-prefix reconstruction missing; full-history scalar rolling oracle audited
market,2025-10-17,sma_60,,179.22666651407877,registered_market_warmup_truncated_at_legacy_sample_start,legacy_start=2025-10-01; legacy_position=12; required_preceding_sessions=59; old-prefix reconstruction missing; full-history scalar rolling oracle audited
market,2025-10-20,sma_60,,179.37899983723958,registered_market_warmup_truncated_at_legacy_sample_start,legacy_start=2025-10-01; legacy_position=13; required_preceding_sessions=59; old-prefix reconstruction missing; full-history scalar rolling oracle audited
market,2025-10-21,sma_60,,179.45249989827474,registered_market_warmup_truncated_at_legacy_sample_start,legacy_start=2025-10-01; legacy_position=14; required_preceding_sessions=59; old-prefix reconstruction missing; full-history scalar rolling oracle audited
market,2025-10-22,sma_60,,179.53199996948243,registered_market_warmup_truncated_at_legacy_sample_start,legacy_start=2025-10-01; legacy_position=15; required_preceding_sessions=59; old-prefix reconstruction missing; full-history scalar rolling oracle audited
market,2025-10-23,sma_60,,179.58016662597657,registered_market_warmup_truncated_at_legacy_sample_start,legacy_start=2025-10-01; legacy_position=16; required_preceding_sessions=59; old-prefix reconstruction missing; full-history scalar rolling oracle audited
market,2025-10-24,sma_60,,179.71999994913736,registered_market_warmup_truncated_at_legacy_sample_start,legacy_start=2025-10-01; legacy_position=17; required_preceding_sessions=59; old-prefix reconstruction missing; full-history scalar rolling oracle audited
market,2025-10-27,sma_60,,180.01616668701172,registered_market_warmup_truncated_at_legacy_sample_start,legacy_start=2025-10-01; legacy_position=18; required_preceding_sessions=59; old-prefix reconstruction missing; full-history scalar rolling oracle audited
market,2025-10-28,sma_60,,180.36666666666667,registered_market_warmup_truncated_at_legacy_sample_start,legacy_start=2025-10-01; legacy_position=19; required_preceding_sessions=59; old-prefix reconstruction missing; full-history scalar rolling oracle audited
market,2025-10-29,sma_60,,180.8463333129883,registered_market_warmup_truncated_at_legacy_sample_start,legacy_start=2025-10-01; legacy_position=20; required_preceding_sessions=59; old-prefix reconstruction missing; full-history scalar rolling oracle audited
market,2025-10-30,sma_60,,181.2375,registered_market_warmup_truncated_at_legacy_sample_start,legacy_start=2025-10-01; legacy_position=21; required_preceding_sessions=59; old-prefix reconstruction missing; full-history scalar rolling oracle audited
market,2025-10-31,sma_60,,181.59950002034503,registered_market_warmup_truncated_at_legacy_sample_start,legacy_start=2025-10-01; legacy_position=22; required_preceding_sessions=59; old-prefix reconstruction missing; full-history scalar rolling oracle audited
market,2025-11-03,sma_60,,182.00250015258788,registered_market_warmup_truncated_at_legacy_sample_start,legacy_start=2025-10-01; legacy_position=23; required_preceding_sessions=59; old-prefix reconstruction missing; full-history scalar rolling oracle audited
market,2025-11-04,sma_60,,182.2796669006348,registered_market_warmup_truncated_at_legacy_sample_start,legacy_start=2025-10-01; legacy_position=24; required_preceding_sessions=59; old-prefix reconstruction missing; full-history scalar rolling oracle audited
market,2025-11-05,sma_60,,182.48050028483075,registered_market_warmup_truncated_at_legacy_sample_start,legacy_start=2025-10-01; legacy_position=25; required_preceding_sessions=59; old-prefix reconstruction missing; full-history scalar rolling oracle audited
market,2025-11-06,sma_60,,182.5886670430501,registered_market_warmup_truncated_at_legacy_sample_start,legacy_start=2025-10-01; legacy_position=26; required_preceding_sessions=59; old-prefix reconstruction missing; full-history scalar rolling oracle audited
market,2025-11-07,sma_60,,182.69083353678383,registered_market_warmup_truncated_at_legacy_sample_start,legacy_start=2025-10-01; legacy_position=27; required_preceding_sessions=59; old-prefix reconstruction missing; full-history scalar rolling oracle audited
market,2025-11-10,sma_60,,183.0008336385091,registered_market_warmup_truncated_at_legacy_sample_start,legacy_start=2025-10-01; legacy_position=28; required_preceding_sessions=59; old-prefix reconstruction missing; full-history scalar rolling oracle audited
market,2025-11-11,sma_60,,183.18666712443036,registered_market_warmup_truncated_at_legacy_sample_start,legacy_start=2025-10-01; legacy_position=29; required_preceding_sessions=59; old-prefix reconstruction missing; full-history scalar rolling oracle audited
market,2025-11-12,sma_60,,183.48933385213212,registered_market_warmup_truncated_at_legacy_sample_start,legacy_start=2025-10-01; legacy_position=30; required_preceding_sessions=59; old-prefix reconstruction missing; full-history scalar rolling oracle audited
market,2025-11-13,sma_60,,183.68033396403,registered_market_warmup_truncated_at_legacy_sample_start,legacy_start=2025-10-01; legacy_position=31; required_preceding_sessions=59; old-prefix reconstruction missing; full-history scalar rolling oracle audited
market,2025-11-14,sma_60,,183.93350067138672,registered_market_warmup_truncated_at_legacy_sample_start,legacy_start=2025-10-01; legacy_position=32; required_preceding_sessions=59; old-prefix reconstruction missing; full-history scalar rolling oracle audited
market,2025-11-17,sma_60,,184.07700068155924,registered_market_warmup_truncated_at_legacy_sample_start,legacy_start=2025-10-01; legacy_position=33; required_preceding_sessions=59; old-prefix reconstruction missing; full-history scalar rolling oracle audited
market,2025-11-18,sma_60,,184.1028340657552,registered_market_warmup_truncated_at_legacy_sample_start,legacy_start=2025-10-01; legacy_position=34; required_preceding_sessions=59; old-prefix reconstruction missing; full-history scalar rolling oracle audited
market,2025-11-19,sma_60,,184.18200073242187,registered_market_warmup_truncated_at_legacy_sample_start,legacy_start=2025-10-01; legacy_position=35; required_preceding_sessions=59; old-prefix reconstruction missing; full-history scalar rolling oracle audited
market,2025-11-20,sma_60,,184.1660006205241,registered_market_warmup_truncated_at_legacy_sample_start,legacy_start=2025-10-01; legacy_position=36; required_preceding_sessions=59; old-prefix reconstruction missing; full-history scalar rolling oracle audited
market,2025-11-21,sma_60,,184.14450073242188,registered_market_warmup_truncated_at_legacy_sample_start,legacy_start=2025-10-01; legacy_position=37; required_preceding_sessions=59; old-prefix reconstruction missing; full-history scalar rolling oracle audited
market,2025-11-24,sma_60,,184.2840009053548,registered_market_warmup_truncated_at_legacy_sample_start,legacy_start=2025-10-01; legacy_position=38; required_preceding_sessions=59; old-prefix reconstruction missing; full-history scalar rolling oracle audited
market,2025-11-25,sma_60,,184.4013343811035,registered_market_warmup_truncated_at_legacy_sample_start,legacy_start=2025-10-01; legacy_position=39; required_preceding_sessions=59; old-prefix reconstruction missing; full-history scalar rolling oracle audited
market,2025-11-26,sma_60,,184.56200103759767,registered_market_warmup_truncated_at_legacy_sample_start,legacy_start=2025-10-01; legacy_position=40; required_preceding_sessions=59; old-prefix reconstruction missing; full-history scalar rolling oracle audited
market,2025-11-28,sma_60,,184.6510009765625,registered_market_warmup_truncated_at_legacy_sample_start,legacy_start=2025-10-01; legacy_position=41; required_preceding_sessions=59; old-prefix reconstruction missing; full-history scalar rolling oracle audited
market,2025-12-01,sma_60,,184.86600087483723,registered_market_warmup_truncated_at_legacy_sample_start,legacy_start=2025-10-01; legacy_position=42; required_preceding_sessions=59; old-prefix reconstruction missing; full-history scalar rolling oracle audited
market,2025-12-02,sma_60,,185.0851676940918,registered_market_warmup_truncated_at_legacy_sample_start,legacy_start=2025-10-01; legacy_position=43; required_preceding_sessions=59; old-prefix reconstruction missing; full-history scalar rolling oracle audited
market,2025-12-03,sma_60,,185.23233439127603,registered_market_warmup_truncated_at_legacy_sample_start,legacy_start=2025-10-01; legacy_position=44; required_preceding_sessions=59; old-prefix reconstruction missing; full-history scalar rolling oracle audited
market,2025-12-04,sma_60,,185.333167775472,registered_market_warmup_truncated_at_legacy_sample_start,legacy_start=2025-10-01; legacy_position=45; required_preceding_sessions=59; old-prefix reconstruction missing; full-history scalar rolling oracle audited
market,2025-12-05,sma_60,,185.42050120035807,registered_market_warmup_truncated_at_legacy_sample_start,legacy_start=2025-10-01; legacy_position=46; required_preceding_sessions=59; old-prefix reconstruction missing; full-history scalar rolling oracle audited
market,2025-12-08,sma_60,,185.54933446248373,registered_market_warmup_truncated_at_legacy_sample_start,legacy_start=2025-10-01; legacy_position=47; required_preceding_sessions=59; old-prefix reconstruction missing; full-history scalar rolling oracle audited
market,2025-12-09,sma_60,,185.6696678161621,registered_market_warmup_truncated_at_legacy_sample_start,legacy_start=2025-10-01; legacy_position=48; required_preceding_sessions=59; old-prefix reconstruction missing; full-history scalar rolling oracle audited
market,2025-12-10,sma_60,,185.8180010477702,registered_market_warmup_truncated_at_legacy_sample_start,legacy_start=2025-10-01; legacy_position=49; required_preceding_sessions=59; old-prefix reconstruction missing; full-history scalar rolling oracle audited
market,2025-12-11,sma_60,,185.99533437093095,registered_market_warmup_truncated_at_legacy_sample_start,legacy_start=2025-10-01; legacy_position=50; required_preceding_sessions=59; old-prefix reconstruction missing; full-history scalar rolling oracle audited
market,2025-12-12,sma_60,,185.9750010172526,registered_market_warmup_truncated_at_legacy_sample_start,legacy_start=2025-10-01; legacy_position=51; required_preceding_sessions=59; old-prefix reconstruction missing; full-history scalar rolling oracle audited
market,2025-12-15,sma_60,,185.96866760253903,registered_market_warmup_truncated_at_legacy_sample_start,legacy_start=2025-10-01; legacy_position=52; required_preceding_sessions=59; old-prefix reconstruction missing; full-history scalar rolling oracle audited
market,2025-12-16,sma_60,,185.87050094604493,registered_market_warmup_truncated_at_legacy_sample_start,legacy_start=2025-10-01; legacy_position=53; required_preceding_sessions=59; old-prefix reconstruction missing; full-history scalar rolling oracle audited
market,2025-12-17,sma_60,,185.745667775472,registered_market_warmup_truncated_at_legacy_sample_start,legacy_start=2025-10-01; legacy_position=54; required_preceding_sessions=59; old-prefix reconstruction missing; full-history scalar rolling oracle audited
market,2025-12-18,sma_60,,185.69850107828776,registered_market_warmup_truncated_at_legacy_sample_start,legacy_start=2025-10-01; legacy_position=55; required_preceding_sessions=59; old-prefix reconstruction missing; full-history scalar rolling oracle audited
market,2025-12-19,sma_60,,185.7535011291504,registered_market_warmup_truncated_at_legacy_sample_start,legacy_start=2025-10-01; legacy_position=56; required_preceding_sessions=59; old-prefix reconstruction missing; full-history scalar rolling oracle audited
market,2025-12-22,sma_60,,185.84516779581705,registered_market_warmup_truncated_at_legacy_sample_start,legacy_start=2025-10-01; legacy_position=57; required_preceding_sessions=59; old-prefix reconstruction missing; full-history scalar rolling oracle audited
market,2025-12-23,sma_60,,185.96783447265625,registered_market_warmup_truncated_at_legacy_sample_start,legacy_start=2025-10-01; legacy_position=58; required_preceding_sessions=59; old-prefix reconstruction missing; full-history scalar rolling oracle audited
market,2025-10-01,rolling_volatility_20,,0.0202367886146385,registered_market_warmup_truncated_at_legacy_sample_start,legacy_start=2025-10-01; legacy_position=0; required_preceding_sessions=20; old-prefix reconstruction missing; full-history scalar rolling oracle audited
market,2025-10-02,rolling_volatility_20,,0.0202546848042746,registered_market_warmup_truncated_at_legacy_sample_start,legacy_start=2025-10-01; legacy_position=1; required_preceding_sessions=20; old-prefix reconstruction missing; full-history scalar rolling oracle audited
market,2025-10-03,rolling_volatility_20,,0.0190376089542618,registered_market_warmup_truncated_at_legacy_sample_start,legacy_start=2025-10-01; legacy_position=2; required_preceding_sessions=20; old-prefix reconstruction missing; full-history scalar rolling oracle audited
market,2025-10-06,rolling_volatility_20,,0.0194091348208165,registered_market_warmup_truncated_at_legacy_sample_start,legacy_start=2025-10-01; legacy_position=3; required_preceding_sessions=20; old-prefix reconstruction missing; full-history scalar rolling oracle audited
market,2025-10-07,rolling_volatility_20,,0.0193482492414645,registered_market_warmup_truncated_at_legacy_sample_start,legacy_start=2025-10-01; legacy_position=4; required_preceding_sessions=20; old-prefix reconstruction missing; full-history scalar rolling oracle audited
market,2025-10-08,rolling_volatility_20,,0.0181239189566316,registered_market_warmup_truncated_at_legacy_sample_start,legacy_start=2025-10-01; legacy_position=5; required_preceding_sessions=20; old-prefix reconstruction missing; full-history scalar rolling oracle audited
market,2025-10-09,rolling_volatility_20,,0.0183918339998674,registered_market_warmup_truncated_at_legacy_sample_start,legacy_start=2025-10-01; legacy_position=6; required_preceding_sessions=20; old-prefix reconstruction missing; full-history scalar rolling oracle audited
market,2025-10-10,rolling_volatility_20,,0.0219075539818573,registered_market_warmup_truncated_at_legacy_sample_start,legacy_start=2025-10-01; legacy_position=7; required_preceding_sessions=20; old-prefix reconstruction missing; full-history scalar rolling oracle audited
market,2025-10-13,rolling_volatility_20,,0.0226807785998732,registered_market_warmup_truncated_at_legacy_sample_start,legacy_start=2025-10-01; legacy_position=8; required_preceding_sessions=20; old-prefix reconstruction missing; full-history scalar rolling oracle audited
market,2025-10-14,rolling_volatility_20,,0.0246951287681816,registered_market_warmup_truncated_at_legacy_sample_start,legacy_start=2025-10-01; legacy_position=9; required_preceding_sessions=20; old-prefix reconstruction missing; full-history scalar rolling oracle audited
market,2025-10-15,rolling_volatility_20,,0.0238197524402854,registered_market_warmup_truncated_at_legacy_sample_start,legacy_start=2025-10-01; legacy_position=10; required_preceding_sessions=20; old-prefix reconstruction missing; full-history scalar rolling oracle audited
market,2025-10-16,rolling_volatility_20,,0.0227059012515956,registered_market_warmup_truncated_at_legacy_sample_start,legacy_start=2025-10-01; legacy_position=11; required_preceding_sessions=20; old-prefix reconstruction missing; full-history scalar rolling oracle audited
market,2025-10-17,rolling_volatility_20,,0.0227448104894176,registered_market_warmup_truncated_at_legacy_sample_start,legacy_start=2025-10-01; legacy_position=12; required_preceding_sessions=20; old-prefix reconstruction missing; full-history scalar rolling oracle audited
market,2025-10-20,rolling_volatility_20,,0.0210034557782512,registered_market_warmup_truncated_at_legacy_sample_start,legacy_start=2025-10-01; legacy_position=13; required_preceding_sessions=20; old-prefix reconstruction missing; full-history scalar rolling oracle audited
market,2025-10-21,rolling_volatility_20,,0.020043896811532,registered_market_warmup_truncated_at_legacy_sample_start,legacy_start=2025-10-01; legacy_position=14; required_preceding_sessions=20; old-prefix reconstruction missing; full-history scalar rolling oracle audited
market,2025-10-22,rolling_volatility_20,,0.0199778206188902,registered_market_warmup_truncated_at_legacy_sample_start,legacy_start=2025-10-01; legacy_position=15; required_preceding_sessions=20; old-prefix reconstruction missing; full-history scalar rolling oracle audited
market,2025-10-23,rolling_volatility_20,,0.0200776009946137,registered_market_warmup_truncated_at_legacy_sample_start,legacy_start=2025-10-01; legacy_position=16; required_preceding_sessions=20; old-prefix reconstruction missing; full-history scalar rolling oracle audited
market,2025-10-24,rolling_volatility_20,,0.0206241665342425,registered_market_warmup_truncated_at_legacy_sample_start,legacy_start=2025-10-01; legacy_position=17; required_preceding_sessions=20; old-prefix reconstruction missing; full-history scalar rolling oracle audited
market,2025-10-27,rolling_volatility_20,,0.0210375068596612,registered_market_warmup_truncated_at_legacy_sample_start,legacy_start=2025-10-01; legacy_position=18; required_preceding_sessions=20; old-prefix reconstruction missing; full-history scalar rolling oracle audited
market,2025-10-28,rolling_volatility_20,,0.0230020679214846,registered_market_warmup_truncated_at_legacy_sample_start,legacy_start=2025-10-01; legacy_position=19; required_preceding_sessions=20; old-prefix reconstruction missing; full-history scalar rolling oracle audited
market,2025-10-01,rolling_volatility_60,,0.0175223613420753,registered_market_warmup_truncated_at_legacy_sample_start,legacy_start=2025-10-01; legacy_position=0; required_preceding_sessions=60; old-prefix reconstruction missing; full-history scalar rolling oracle audited
market,2025-10-02,rolling_volatility_60,,0.0174269325128197,registered_market_warmup_truncated_at_legacy_sample_start,legacy_start=2025-10-01; legacy_position=1; required_preceding_sessions=60; old-prefix reconstruction missing; full-history scalar rolling oracle audited
market,2025-10-03,rolling_volatility_60,,0.0174562053601234,registered_market_warmup_truncated_at_legacy_sample_start,legacy_start=2025-10-01; legacy_position=2; required_preceding_sessions=60; old-prefix reconstruction missing; full-history scalar rolling oracle audited
market,2025-10-06,rolling_volatility_60,,0.0175386947271572,registered_market_warmup_truncated_at_legacy_sample_start,legacy_start=2025-10-01; legacy_position=3; required_preceding_sessions=60; old-prefix reconstruction missing; full-history scalar rolling oracle audited
market,2025-10-07,rolling_volatility_60,,0.0175242849776375,registered_market_warmup_truncated_at_legacy_sample_start,legacy_start=2025-10-01; legacy_position=4; required_preceding_sessions=60; old-prefix reconstruction missing; full-history scalar rolling oracle audited
market,2025-10-08,rolling_volatility_60,,0.0169963053937176,registered_market_warmup_truncated_at_legacy_sample_start,legacy_start=2025-10-01; legacy_position=5; required_preceding_sessions=60; old-prefix reconstruction missing; full-history scalar rolling oracle audited
market,2025-10-09,rolling_volatility_60,,0.0171268025299393,registered_market_warmup_truncated_at_legacy_sample_start,legacy_start=2025-10-01; legacy_position=6; required_preceding_sessions=60; old-prefix reconstruction missing; full-history scalar rolling oracle audited
market,2025-10-10,rolling_volatility_60,,0.0183149733760373,registered_market_warmup_truncated_at_legacy_sample_start,legacy_start=2025-10-01; legacy_position=7; required_preceding_sessions=60; old-prefix reconstruction missing; full-history scalar rolling oracle audited
market,2025-10-13,rolling_volatility_60,,0.0186337249644588,registered_market_warmup_truncated_at_legacy_sample_start,legacy_start=2025-10-01; legacy_position=8; required_preceding_sessions=60; old-prefix reconstruction missing; full-history scalar rolling oracle audited
market,2025-10-14,rolling_volatility_60,,0.0195234677556496,registered_market_warmup_truncated_at_legacy_sample_start,legacy_start=2025-10-01; legacy_position=9; required_preceding_sessions=60; old-prefix reconstruction missing; full-history scalar rolling oracle audited
market,2025-10-15,rolling_volatility_60,,0.0192164113664056,registered_market_warmup_truncated_at_legacy_sample_start,legacy_start=2025-10-01; legacy_position=10; required_preceding_sessions=60; old-prefix reconstruction missing; full-history scalar rolling oracle audited
market,2025-10-16,rolling_volatility_60,,0.0190602520217094,registered_market_warmup_truncated_at_legacy_sample_start,legacy_start=2025-10-01; legacy_position=11; required_preceding_sessions=60; old-prefix reconstruction missing; full-history scalar rolling oracle audited
market,2025-10-17,rolling_volatility_60,,0.018962912881829,registered_market_warmup_truncated_at_legacy_sample_start,legacy_start=2025-10-01; legacy_position=12; required_preceding_sessions=60; old-prefix reconstruction missing; full-history scalar rolling oracle audited
market,2025-10-20,rolling_volatility_60,,0.0189682097088128,registered_market_warmup_truncated_at_legacy_sample_start,legacy_start=2025-10-01; legacy_position=13; required_preceding_sessions=60; old-prefix reconstruction missing; full-history scalar rolling oracle audited
market,2025-10-21,rolling_volatility_60,,0.0188598902664208,registered_market_warmup_truncated_at_legacy_sample_start,legacy_start=2025-10-01; legacy_position=14; required_preceding_sessions=60; old-prefix reconstruction missing; full-history scalar rolling oracle audited
market,2025-10-22,rolling_volatility_60,,0.0188472009371926,registered_market_warmup_truncated_at_legacy_sample_start,legacy_start=2025-10-01; legacy_position=15; required_preceding_sessions=60; old-prefix reconstruction missing; full-history scalar rolling oracle audited
market,2025-10-23,rolling_volatility_60,,0.018694356971251,registered_market_warmup_truncated_at_legacy_sample_start,legacy_start=2025-10-01; legacy_position=16; required_preceding_sessions=60; old-prefix reconstruction missing; full-history scalar rolling oracle audited
market,2025-10-24,rolling_volatility_60,,0.0188764614350336,registered_market_warmup_truncated_at_legacy_sample_start,legacy_start=2025-10-01; legacy_position=17; required_preceding_sessions=60; old-prefix reconstruction missing; full-history scalar rolling oracle audited
market,2025-10-27,rolling_volatility_60,,0.0189226133582574,registered_market_warmup_truncated_at_legacy_sample_start,legacy_start=2025-10-01; legacy_position=18; required_preceding_sessions=60; old-prefix reconstruction missing; full-history scalar rolling oracle audited
market,2025-10-28,rolling_volatility_60,,0.0194189654820936,registered_market_warmup_truncated_at_legacy_sample_start,legacy_start=2025-10-01; legacy_position=19; required_preceding_sessions=60; old-prefix reconstruction missing; full-history scalar rolling oracle audited
market,2025-10-29,rolling_volatility_60,,0.0196849649734521,registered_market_warmup_truncated_at_legacy_sample_start,legacy_start=2025-10-01; legacy_position=20; required_preceding_sessions=60; old-prefix reconstruction missing; full-history scalar rolling oracle audited
market,2025-10-30,rolling_volatility_60,,0.0198949855453324,registered_market_warmup_truncated_at_legacy_sample_start,legacy_start=2025-10-01; legacy_position=21; required_preceding_sessions=60; old-prefix reconstruction missing; full-history scalar rolling oracle audited
market,2025-10-31,rolling_volatility_60,,0.0198900525837026,registered_market_warmup_truncated_at_legacy_sample_start,legacy_start=2025-10-01; legacy_position=22; required_preceding_sessions=60; old-prefix reconstruction missing; full-history scalar rolling oracle audited
market,2025-11-03,rolling_volatility_60,,0.020020885726004,registered_market_warmup_truncated_at_legacy_sample_start,legacy_start=2025-10-01; legacy_position=23; required_preceding_sessions=60; old-prefix reconstruction missing; full-history scalar rolling oracle audited
market,2025-11-04,rolling_volatility_60,,0.0207268196446643,registered_market_warmup_truncated_at_legacy_sample_start,legacy_start=2025-10-01; legacy_position=24; required_preceding_sessions=60; old-prefix reconstruction missing; full-history scalar rolling oracle audited
market,2025-11-05,rolling_volatility_60,,0.0208652374624989,registered_market_warmup_truncated_at_legacy_sample_start,legacy_start=2025-10-01; legacy_position=25; required_preceding_sessions=60; old-prefix reconstruction missing; full-history scalar rolling oracle audited
market,2025-11-06,rolling_volatility_60,,0.0213942332756878,registered_market_warmup_truncated_at_legacy_sample_start,legacy_start=2025-10-01; legacy_position=26; required_preceding_sessions=60; old-prefix reconstruction missing; full-history scalar rolling oracle audited
market,2025-11-07,rolling_volatility_60,,0.0213933230119324,registered_market_warmup_truncated_at_legacy_sample_start,legacy_start=2025-10-01; legacy_position=27; required_preceding_sessions=60; old-prefix reconstruction missing; full-history scalar rolling oracle audited
market,2025-11-10,rolling_volatility_60,,0.0225896318142479,registered_market_warmup_truncated_at_legacy_sample_start,legacy_start=2025-10-01; legacy_position=28; required_preceding_sessions=60; old-prefix reconstruction missing; full-history scalar rolling oracle audited
market,2025-11-11,rolling_volatility_60,,0.0229324732456488,registered_market_warmup_truncated_at_legacy_sample_start,legacy_start=2025-10-01; legacy_position=29; required_preceding_sessions=60; old-prefix reconstruction missing; full-history scalar rolling oracle audited
market,2025-11-12,rolling_volatility_60,,0.0224340422542092,registered_market_warmup_truncated_at_legacy_sample_start,legacy_start=2025-10-01; legacy_position=30; required_preceding_sessions=60; old-prefix reconstruction missing; full-history scalar rolling oracle audited
market,2025-11-13,rolling_volatility_60,,0.0229534150887171,registered_market_warmup_truncated_at_legacy_sample_start,legacy_start=2025-10-01; legacy_position=31; required_preceding_sessions=60; old-prefix reconstruction missing; full-history scalar rolling oracle audited
market,2025-11-14,rolling_volatility_60,,0.0230449620025803,registered_market_warmup_truncated_at_legacy_sample_start,legacy_start=2025-10-01; legacy_position=32; required_preceding_sessions=60; old-prefix reconstruction missing; full-history scalar rolling oracle audited
market,2025-11-17,rolling_volatility_60,,0.0231013805434824,registered_market_warmup_truncated_at_legacy_sample_start,legacy_start=2025-10-01; legacy_position=33; required_preceding_sessions=60; old-prefix reconstruction missing; full-history scalar rolling oracle audited
market,2025-11-18,rolling_volatility_60,,0.0233712638160087,registered_market_warmup_truncated_at_legacy_sample_start,legacy_start=2025-10-01; legacy_position=34; required_preceding_sessions=60; old-prefix reconstruction missing; full-history scalar rolling oracle audited
market,2025-11-19,rolling_volatility_60,,0.0236133573735011,registered_market_warmup_truncated_at_legacy_sample_start,legacy_start=2025-10-01; legacy_position=35; required_preceding_sessions=60; old-prefix reconstruction missing; full-history scalar rolling oracle audited
market,2025-11-20,rolling_volatility_60,,0.0239767739594009,registered_market_warmup_truncated_at_legacy_sample_start,legacy_start=2025-10-01; legacy_position=36; required_preceding_sessions=60; old-prefix reconstruction missing; full-history scalar rolling oracle audited
market,2025-11-21,rolling_volatility_60,,0.0239886425454614,registered_market_warmup_truncated_at_legacy_sample_start,legacy_start=2025-10-01; legacy_position=37; required_preceding_sessions=60; old-prefix reconstruction missing; full-history scalar rolling oracle audited
market,2025-11-24,rolling_volatility_60,,0.0237221747082455,registered_market_warmup_truncated_at_legacy_sample_start,legacy_start=2025-10-01; legacy_position=38; required_preceding_sessions=60; old-prefix reconstruction missing; full-history scalar rolling oracle audited
market,2025-11-25,rolling_volatility_60,,0.0238302402381588,registered_market_warmup_truncated_at_legacy_sample_start,legacy_start=2025-10-01; legacy_position=39; required_preceding_sessions=60; old-prefix reconstruction missing; full-history scalar rolling oracle audited
market,2025-11-26,rolling_volatility_60,,0.023885617880912,registered_market_warmup_truncated_at_legacy_sample_start,legacy_start=2025-10-01; legacy_position=40; required_preceding_sessions=60; old-prefix reconstruction missing; full-history scalar rolling oracle audited
market,2025-11-28,rolling_volatility_60,,0.0240052556958329,registered_market_warmup_truncated_at_legacy_sample_start,legacy_start=2025-10-01; legacy_position=41; required_preceding_sessions=60; old-prefix reconstruction missing; full-history scalar rolling oracle audited
market,2025-12-01,rolling_volatility_60,,0.0238070393262963,registered_market_warmup_truncated_at_legacy_sample_start,legacy_start=2025-10-01; legacy_position=42; required_preceding_sessions=60; old-prefix reconstruction missing; full-history scalar rolling oracle audited
market,2025-12-02,rolling_volatility_60,,0.0238109754551178,registered_market_warmup_truncated_at_legacy_sample_start,legacy_start=2025-10-01; legacy_position=43; required_preceding_sessions=60; old-prefix reconstruction missing; full-history scalar rolling oracle audited
market,2025-12-03,rolling_volatility_60,,0.0237968213197805,registered_market_warmup_truncated_at_legacy_sample_start,legacy_start=2025-10-01; legacy_position=44; required_preceding_sessions=60; old-prefix reconstruction missing; full-history scalar rolling oracle audited
market,2025-12-04,rolling_volatility_60,,0.0234375863007353,registered_market_warmup_truncated_at_legacy_sample_start,legacy_start=2025-10-01; legacy_position=45; required_preceding_sessions=60; old-prefix reconstruction missing; full-history scalar rolling oracle audited
market,2025-12-05,rolling_volatility_60,,0.0234499206185155,registered_market_warmup_truncated_at_legacy_sample_start,legacy_start=2025-10-01; legacy_position=46; required_preceding_sessions=60; old-prefix reconstruction missing; full-history scalar rolling oracle audited
market,2025-12-08,rolling_volatility_60,,0.0235434490322473,registered_market_warmup_truncated_at_legacy_sample_start,legacy_start=2025-10-01; legacy_position=47; required_preceding_sessions=60; old-prefix reconstruction missing; full-history scalar rolling oracle audited
market,2025-12-09,rolling_volatility_60,,0.0235487962816792,registered_market_warmup_truncated_at_legacy_sample_start,legacy_start=2025-10-01; legacy_position=48; required_preceding_sessions=60; old-prefix reconstruction missing; full-history scalar rolling oracle audited
market,2025-12-10,rolling_volatility_60,,0.0234626024762756,registered_market_warmup_truncated_at_legacy_sample_start,legacy_start=2025-10-01; legacy_position=49; required_preceding_sessions=60; old-prefix reconstruction missing; full-history scalar rolling oracle audited
market,2025-12-11,rolling_volatility_60,,0.0232908005331298,registered_market_warmup_truncated_at_legacy_sample_start,legacy_start=2025-10-01; legacy_position=50; required_preceding_sessions=60; old-prefix reconstruction missing; full-history scalar rolling oracle audited
market,2025-12-12,rolling_volatility_60,,0.0232699257046472,registered_market_warmup_truncated_at_legacy_sample_start,legacy_start=2025-10-01; legacy_position=51; required_preceding_sessions=60; old-prefix reconstruction missing; full-history scalar rolling oracle audited
market,2025-12-15,rolling_volatility_60,,0.0232862588745793,registered_market_warmup_truncated_at_legacy_sample_start,legacy_start=2025-10-01; legacy_position=52; required_preceding_sessions=60; old-prefix reconstruction missing; full-history scalar rolling oracle audited
market,2025-12-16,rolling_volatility_60,,0.0227415973918782,registered_market_warmup_truncated_at_legacy_sample_start,legacy_start=2025-10-01; legacy_position=53; required_preceding_sessions=60; old-prefix reconstruction missing; full-history scalar rolling oracle audited
market,2025-12-17,rolling_volatility_60,,0.022983319775651,registered_market_warmup_truncated_at_legacy_sample_start,legacy_start=2025-10-01; legacy_position=54; required_preceding_sessions=60; old-prefix reconstruction missing; full-history scalar rolling oracle audited
market,2025-12-18,rolling_volatility_60,,0.0230921579790104,registered_market_warmup_truncated_at_legacy_sample_start,legacy_start=2025-10-01; legacy_position=55; required_preceding_sessions=60; old-prefix reconstruction missing; full-history scalar rolling oracle audited
market,2025-12-19,rolling_volatility_60,,0.0236399888176934,registered_market_warmup_truncated_at_legacy_sample_start,legacy_start=2025-10-01; legacy_position=56; required_preceding_sessions=60; old-prefix reconstruction missing; full-history scalar rolling oracle audited
market,2025-12-22,rolling_volatility_60,,0.0237108986299117,registered_market_warmup_truncated_at_legacy_sample_start,legacy_start=2025-10-01; legacy_position=57; required_preceding_sessions=60; old-prefix reconstruction missing; full-history scalar rolling oracle audited
market,2025-12-23,rolling_volatility_60,,0.0238764259059385,registered_market_warmup_truncated_at_legacy_sample_start,legacy_start=2025-10-01; legacy_position=58; required_preceding_sessions=60; old-prefix reconstruction missing; full-history scalar rolling oracle audited
market,2025-12-24,rolling_volatility_60,,0.0236533010933812,registered_market_warmup_truncated_at_legacy_sample_start,legacy_start=2025-10-01; legacy_position=59; required_preceding_sessions=60; old-prefix reconstruction missing; full-history scalar rolling oracle audited
PIT_stage5,2025-10-01,simple_return,,0.0035373762227048,registered_market_warmup_truncated_at_legacy_sample_start,legacy_start=2025-10-01; legacy_position=0; required_preceding_sessions=1; old-prefix reconstruction missing; full-history scalar rolling oracle audited
PIT_stage5,2025-10-01,log_return,,0.0035311344228331,registered_market_warmup_truncated_at_legacy_sample_start,legacy_start=2025-10-01; legacy_position=0; required_preceding_sessions=1; old-prefix reconstruction missing; full-history scalar rolling oracle audited
PIT_stage5,2025-10-01,sma_5,,182.31000366210932,registered_market_warmup_truncated_at_legacy_sample_start,legacy_start=2025-10-01; legacy_position=0; required_preceding_sessions=4; old-prefix reconstruction missing; full-history scalar rolling oracle audited
PIT_stage5,2025-10-02,sma_5,,184.5500030517578,registered_market_warmup_truncated_at_legacy_sample_start,legacy_start=2025-10-01; legacy_position=1; required_preceding_sessions=4; old-prefix reconstruction missing; full-history scalar rolling oracle audited
PIT_stage5,2025-10-03,sma_5,,186.43600158691407,registered_market_warmup_truncated_at_legacy_sample_start,legacy_start=2025-10-01; legacy_position=2; required_preceding_sessions=4; old-prefix reconstruction missing; full-history scalar rolling oracle audited
PIT_stage5,2025-10-06,sma_5,,187.1739990234375,registered_market_warmup_truncated_at_legacy_sample_start,legacy_start=2025-10-01; legacy_position=3; required_preceding_sessions=4; old-prefix reconstruction missing; full-history scalar rolling oracle audited
PIT_stage5,2025-10-01,sma_20,,176.8230010986328,registered_market_warmup_truncated_at_legacy_sample_start,legacy_start=2025-10-01; legacy_position=0; required_preceding_sessions=19; old-prefix reconstruction missing; full-history scalar rolling oracle audited
PIT_stage5,2025-10-02,sma_20,,177.68450088500975,registered_market_warmup_truncated_at_legacy_sample_start,legacy_start=2025-10-01; legacy_position=1; required_preceding_sessions=19; old-prefix reconstruction missing; full-history scalar rolling oracle audited
PIT_stage5,2025-10-03,sma_20,,178.7145004272461,registered_market_warmup_truncated_at_legacy_sample_start,legacy_start=2025-10-01; legacy_position=2; required_preceding_sessions=19; old-prefix reconstruction missing; full-history scalar rolling oracle audited
PIT_stage5,2025-10-06,sma_20,,179.57600021362305,registered_market_warmup_truncated_at_legacy_sample_start,legacy_start=2025-10-01; legacy_position=3; required_preceding_sessions=19; old-prefix reconstruction missing; full-history scalar rolling oracle audited
PIT_stage5,2025-10-07,sma_20,,180.29000015258788,registered_market_warmup_truncated_at_legacy_sample_start,legacy_start=2025-10-01; legacy_position=4; required_preceding_sessions=19; old-prefix reconstruction missing; full-history scalar rolling oracle audited
PIT_stage5,2025-10-08,sma_20,,180.8790000915528,registered_market_warmup_truncated_at_legacy_sample_start,legacy_start=2025-10-01; legacy_position=5; required_preceding_sessions=19; old-prefix reconstruction missing; full-history scalar rolling oracle audited
PIT_stage5,2025-10-09,sma_20,,181.6490005493164,registered_market_warmup_truncated_at_legacy_sample_start,legacy_start=2025-10-01; legacy_position=6; required_preceding_sessions=19; old-prefix reconstruction missing; full-history scalar rolling oracle audited
PIT_stage5,2025-10-10,sma_20,,181.9160003662109,registered_market_warmup_truncated_at_legacy_sample_start,legacy_start=2025-10-01; legacy_position=7; required_preceding_sessions=19; old-prefix reconstruction missing; full-history scalar rolling oracle audited
PIT_stage5,2025-10-13,sma_20,,182.4445007324219,registered_market_warmup_truncated_at_legacy_sample_start,legacy_start=2025-10-01; legacy_position=8; required_preceding_sessions=19; old-prefix reconstruction missing; full-history scalar rolling oracle audited
PIT_stage5,2025-10-14,sma_20,,182.7020004272461,registered_market_warmup_truncated_at_legacy_sample_start,legacy_start=2025-10-01; legacy_position=9; required_preceding_sessions=19; old-prefix reconstruction missing; full-history scalar rolling oracle audited
PIT_stage5,2025-10-15,sma_20,,183.1790008544922,registered_market_warmup_truncated_at_legacy_sample_start,legacy_start=2025-10-01; legacy_position=10; required_preceding_sessions=19; old-prefix reconstruction missing; full-history scalar rolling oracle audited
PIT_stage5,2025-10-16,sma_20,,183.45750045776367,registered_market_warmup_truncated_at_legacy_sample_start,legacy_start=2025-10-01; legacy_position=11; required_preceding_sessions=19; old-prefix reconstruction missing; full-history scalar rolling oracle audited
PIT_stage5,2025-10-17,sma_20,,183.7850006103516,registered_market_warmup_truncated_at_legacy_sample_start,legacy_start=2025-10-01; legacy_position=12; required_preceding_sessions=19; old-prefix reconstruction missing; full-history scalar rolling oracle audited
PIT_stage5,2025-10-20,sma_20,,183.7365005493164,registered_market_warmup_truncated_at_legacy_sample_start,legacy_start=2025-10-01; legacy_position=13; required_preceding_sessions=19; old-prefix reconstruction missing; full-history scalar rolling oracle audited
PIT_stage5,2025-10-21,sma_20,,183.8730010986328,registered_market_warmup_truncated_at_legacy_sample_start,legacy_start=2025-10-01; legacy_position=14; required_preceding_sessions=19; old-prefix reconstruction missing; full-history scalar rolling oracle audited
PIT_stage5,2025-10-22,sma_20,,184.0385009765625,registered_market_warmup_truncated_at_legacy_sample_start,legacy_start=2025-10-01; legacy_position=15; required_preceding_sessions=19; old-prefix reconstruction missing; full-history scalar rolling oracle audited
PIT_stage5,2025-10-23,sma_20,,184.26200103759768,registered_market_warmup_truncated_at_legacy_sample_start,legacy_start=2025-10-01; legacy_position=16; required_preceding_sessions=19; old-prefix reconstruction missing; full-history scalar rolling oracle audited
PIT_stage5,2025-10-24,sma_20,,184.6655006408692,registered_market_warmup_truncated_at_legacy_sample_start,legacy_start=2025-10-01; legacy_position=17; required_preceding_sessions=19; old-prefix reconstruction missing; full-history scalar rolling oracle audited
PIT_stage5,2025-10-27,sma_20,,185.1475006103516,registered_market_warmup_truncated_at_legacy_sample_start,legacy_start=2025-10-01; legacy_position=18; required_preceding_sessions=19; old-prefix reconstruction missing; full-history scalar rolling oracle audited
PIT_stage5,2025-10-01,sma_60,,175.914000193278,registered_market_warmup_truncated_at_legacy_sample_start,legacy_start=2025-10-01; legacy_position=0; required_preceding_sessions=59; old-prefix reconstruction missing; full-history scalar rolling oracle audited
PIT_stage5,2025-10-02,sma_60,,176.34750010172527,registered_market_warmup_truncated_at_legacy_sample_start,legacy_start=2025-10-01; legacy_position=1; required_preceding_sessions=59; old-prefix reconstruction missing; full-history scalar rolling oracle audited
PIT_stage5,2025-10-03,sma_60,,176.7394999186198,registered_market_warmup_truncated_at_legacy_sample_start,legacy_start=2025-10-01; legacy_position=2; required_preceding_sessions=59; old-prefix reconstruction missing; full-history scalar rolling oracle audited
PIT_stage5,2025-10-06,sma_60,,177.08316650390626,registered_market_warmup_truncated_at_legacy_sample_start,legacy_start=2025-10-01; legacy_position=3; required_preceding_sessions=59; old-prefix reconstruction missing; full-history scalar rolling oracle audited
PIT_stage5,2025-10-07,sma_60,,177.43266626993815,registered_market_warmup_truncated_at_legacy_sample_start,legacy_start=2025-10-01; legacy_position=4; required_preceding_sessions=59; old-prefix reconstruction missing; full-history scalar rolling oracle audited
PIT_stage5,2025-10-08,sma_60,,177.73949966430663,registered_market_warmup_truncated_at_legacy_sample_start,legacy_start=2025-10-01; legacy_position=5; required_preceding_sessions=59; old-prefix reconstruction missing; full-history scalar rolling oracle audited
PIT_stage5,2025-10-09,sma_60,,178.09283320109049,registered_market_warmup_truncated_at_legacy_sample_start,legacy_start=2025-10-01; legacy_position=6; required_preceding_sessions=59; old-prefix reconstruction missing; full-history scalar rolling oracle audited
PIT_stage5,2025-10-10,sma_60,,178.26216659545898,registered_market_warmup_truncated_at_legacy_sample_start,legacy_start=2025-10-01; legacy_position=7; required_preceding_sessions=59; old-prefix reconstruction missing; full-history scalar rolling oracle audited
PIT_stage5,2025-10-13,sma_60,,178.5273333231608,registered_market_warmup_truncated_at_legacy_sample_start,legacy_start=2025-10-01; legacy_position=8; required_preceding_sessions=59; old-prefix reconstruction missing; full-history scalar rolling oracle audited
PIT_stage5,2025-10-14,sma_60,,178.6714998881022,registered_market_warmup_truncated_at_legacy_sample_start,legacy_start=2025-10-01; legacy_position=9; required_preceding_sessions=59; old-prefix reconstruction missing; full-history scalar rolling oracle audited
PIT_stage5,2025-10-15,sma_60,,178.88483327229818,registered_market_warmup_truncated_at_legacy_sample_start,legacy_start=2025-10-01; legacy_position=10; required_preceding_sessions=59; old-prefix reconstruction missing; full-history scalar rolling oracle audited
PIT_stage5,2025-10-16,sma_60,,179.06866658528645,registered_market_warmup_truncated_at_legacy_sample_start,legacy_start=2025-10-01; legacy_position=11; required_preceding_sessions=59; old-prefix reconstruction missing; full-history scalar rolling oracle audited
PIT_stage5,2025-10-17,sma_60,,179.22666651407877,registered_market_warmup_truncated_at_legacy_sample_start,legacy_start=2025-10-01; legacy_position=12; required_preceding_sessions=59; old-prefix reconstruction missing; full-history scalar rolling oracle audited
PIT_stage5,2025-10-20,sma_60,,179.37899983723958,registered_market_warmup_truncated_at_legacy_sample_start,legacy_start=2025-10-01; legacy_position=13; required_preceding_sessions=59; old-prefix reconstruction missing; full-history scalar rolling oracle audited
PIT_stage5,2025-10-21,sma_60,,179.45249989827474,registered_market_warmup_truncated_at_legacy_sample_start,legacy_start=2025-10-01; legacy_position=14; required_preceding_sessions=59; old-prefix reconstruction missing; full-history scalar rolling oracle audited
PIT_stage5,2025-10-22,sma_60,,179.53199996948243,registered_market_warmup_truncated_at_legacy_sample_start,legacy_start=2025-10-01; legacy_position=15; required_preceding_sessions=59; old-prefix reconstruction missing; full-history scalar rolling oracle audited
PIT_stage5,2025-10-23,sma_60,,179.58016662597657,registered_market_warmup_truncated_at_legacy_sample_start,legacy_start=2025-10-01; legacy_position=16; required_preceding_sessions=59; old-prefix reconstruction missing; full-history scalar rolling oracle audited
PIT_stage5,2025-10-24,sma_60,,179.71999994913736,registered_market_warmup_truncated_at_legacy_sample_start,legacy_start=2025-10-01; legacy_position=17; required_preceding_sessions=59; old-prefix reconstruction missing; full-history scalar rolling oracle audited
PIT_stage5,2025-10-27,sma_60,,180.01616668701172,registered_market_warmup_truncated_at_legacy_sample_start,legacy_start=2025-10-01; legacy_position=18; required_preceding_sessions=59; old-prefix reconstruction missing; full-history scalar rolling oracle audited
PIT_stage5,2025-10-28,sma_60,,180.36666666666667,registered_market_warmup_truncated_at_legacy_sample_start,legacy_start=2025-10-01; legacy_position=19; required_preceding_sessions=59; old-prefix reconstruction missing; full-history scalar rolling oracle audited
PIT_stage5,2025-10-29,sma_60,,180.8463333129883,registered_market_warmup_truncated_at_legacy_sample_start,legacy_start=2025-10-01; legacy_position=20; required_preceding_sessions=59; old-prefix reconstruction missing; full-history scalar rolling oracle audited
PIT_stage5,2025-10-30,sma_60,,181.2375,registered_market_warmup_truncated_at_legacy_sample_start,legacy_start=2025-10-01; legacy_position=21; required_preceding_sessions=59; old-prefix reconstruction missing; full-history scalar rolling oracle audited
PIT_stage5,2025-10-31,sma_60,,181.59950002034503,registered_market_warmup_truncated_at_legacy_sample_start,legacy_start=2025-10-01; legacy_position=22; required_preceding_sessions=59; old-prefix reconstruction missing; full-history scalar rolling oracle audited
PIT_stage5,2025-11-03,sma_60,,182.00250015258788,registered_market_warmup_truncated_at_legacy_sample_start,legacy_start=2025-10-01; legacy_position=23; required_preceding_sessions=59; old-prefix reconstruction missing; full-history scalar rolling oracle audited
PIT_stage5,2025-11-04,sma_60,,182.2796669006348,registered_market_warmup_truncated_at_legacy_sample_start,legacy_start=2025-10-01; legacy_position=24; required_preceding_sessions=59; old-prefix reconstruction missing; full-history scalar rolling oracle audited
PIT_stage5,2025-11-05,sma_60,,182.48050028483075,registered_market_warmup_truncated_at_legacy_sample_start,legacy_start=2025-10-01; legacy_position=25; required_preceding_sessions=59; old-prefix reconstruction missing; full-history scalar rolling oracle audited
PIT_stage5,2025-11-06,sma_60,,182.5886670430501,registered_market_warmup_truncated_at_legacy_sample_start,legacy_start=2025-10-01; legacy_position=26; required_preceding_sessions=59; old-prefix reconstruction missing; full-history scalar rolling oracle audited
PIT_stage5,2025-11-07,sma_60,,182.69083353678383,registered_market_warmup_truncated_at_legacy_sample_start,legacy_start=2025-10-01; legacy_position=27; required_preceding_sessions=59; old-prefix reconstruction missing; full-history scalar rolling oracle audited
PIT_stage5,2025-11-10,sma_60,,183.0008336385091,registered_market_warmup_truncated_at_legacy_sample_start,legacy_start=2025-10-01; legacy_position=28; required_preceding_sessions=59; old-prefix reconstruction missing; full-history scalar rolling oracle audited
PIT_stage5,2025-11-11,sma_60,,183.1866671244304,registered_market_warmup_truncated_at_legacy_sample_start,legacy_start=2025-10-01; legacy_position=29; required_preceding_sessions=59; old-prefix reconstruction missing; full-history scalar rolling oracle audited
PIT_stage5,2025-11-12,sma_60,,183.4893338521321,registered_market_warmup_truncated_at_legacy_sample_start,legacy_start=2025-10-01; legacy_position=30; required_preceding_sessions=59; old-prefix reconstruction missing; full-history scalar rolling oracle audited
PIT_stage5,2025-11-13,sma_60,,183.68033396403,registered_market_warmup_truncated_at_legacy_sample_start,legacy_start=2025-10-01; legacy_position=31; required_preceding_sessions=59; old-prefix reconstruction missing; full-history scalar rolling oracle audited
PIT_stage5,2025-11-14,sma_60,,183.93350067138672,registered_market_warmup_truncated_at_legacy_sample_start,legacy_start=2025-10-01; legacy_position=32; required_preceding_sessions=59; old-prefix reconstruction missing; full-history scalar rolling oracle audited
PIT_stage5,2025-11-17,sma_60,,184.07700068155924,registered_market_warmup_truncated_at_legacy_sample_start,legacy_start=2025-10-01; legacy_position=33; required_preceding_sessions=59; old-prefix reconstruction missing; full-history scalar rolling oracle audited
PIT_stage5,2025-11-18,sma_60,,184.1028340657552,registered_market_warmup_truncated_at_legacy_sample_start,legacy_start=2025-10-01; legacy_position=34; required_preceding_sessions=59; old-prefix reconstruction missing; full-history scalar rolling oracle audited
PIT_stage5,2025-11-19,sma_60,,184.18200073242187,registered_market_warmup_truncated_at_legacy_sample_start,legacy_start=2025-10-01; legacy_position=35; required_preceding_sessions=59; old-prefix reconstruction missing; full-history scalar rolling oracle audited
PIT_stage5,2025-11-20,sma_60,,184.1660006205241,registered_market_warmup_truncated_at_legacy_sample_start,legacy_start=2025-10-01; legacy_position=36; required_preceding_sessions=59; old-prefix reconstruction missing; full-history scalar rolling oracle audited
PIT_stage5,2025-11-21,sma_60,,184.14450073242188,registered_market_warmup_truncated_at_legacy_sample_start,legacy_start=2025-10-01; legacy_position=37; required_preceding_sessions=59; old-prefix reconstruction missing; full-history scalar rolling oracle audited
PIT_stage5,2025-11-24,sma_60,,184.2840009053548,registered_market_warmup_truncated_at_legacy_sample_start,legacy_start=2025-10-01; legacy_position=38; required_preceding_sessions=59; old-prefix reconstruction missing; full-history scalar rolling oracle audited
PIT_stage5,2025-11-25,sma_60,,184.4013343811035,registered_market_warmup_truncated_at_legacy_sample_start,legacy_start=2025-10-01; legacy_position=39; required_preceding_sessions=59; old-prefix reconstruction missing; full-history scalar rolling oracle audited
PIT_stage5,2025-11-26,sma_60,,184.56200103759767,registered_market_warmup_truncated_at_legacy_sample_start,legacy_start=2025-10-01; legacy_position=40; required_preceding_sessions=59; old-prefix reconstruction missing; full-history scalar rolling oracle audited
PIT_stage5,2025-11-28,sma_60,,184.6510009765625,registered_market_warmup_truncated_at_legacy_sample_start,legacy_start=2025-10-01; legacy_position=41; required_preceding_sessions=59; old-prefix reconstruction missing; full-history scalar rolling oracle audited
PIT_stage5,2025-12-01,sma_60,,184.86600087483723,registered_market_warmup_truncated_at_legacy_sample_start,legacy_start=2025-10-01; legacy_position=42; required_preceding_sessions=59; old-prefix reconstruction missing; full-history scalar rolling oracle audited
PIT_stage5,2025-12-02,sma_60,,185.0851676940918,registered_market_warmup_truncated_at_legacy_sample_start,legacy_start=2025-10-01; legacy_position=43; required_preceding_sessions=59; old-prefix reconstruction missing; full-history scalar rolling oracle audited
PIT_stage5,2025-12-03,sma_60,,185.23233439127603,registered_market_warmup_truncated_at_legacy_sample_start,legacy_start=2025-10-01; legacy_position=44; required_preceding_sessions=59; old-prefix reconstruction missing; full-history scalar rolling oracle audited
PIT_stage5,2025-12-04,sma_60,,185.333167775472,registered_market_warmup_truncated_at_legacy_sample_start,legacy_start=2025-10-01; legacy_position=45; required_preceding_sessions=59; old-prefix reconstruction missing; full-history scalar rolling oracle audited
PIT_stage5,2025-12-05,sma_60,,185.42050120035807,registered_market_warmup_truncated_at_legacy_sample_start,legacy_start=2025-10-01; legacy_position=46; required_preceding_sessions=59; old-prefix reconstruction missing; full-history scalar rolling oracle audited
PIT_stage5,2025-12-08,sma_60,,185.54933446248373,registered_market_warmup_truncated_at_legacy_sample_start,legacy_start=2025-10-01; legacy_position=47; required_preceding_sessions=59; old-prefix reconstruction missing; full-history scalar rolling oracle audited
PIT_stage5,2025-12-09,sma_60,,185.6696678161621,registered_market_warmup_truncated_at_legacy_sample_start,legacy_start=2025-10-01; legacy_position=48; required_preceding_sessions=59; old-prefix reconstruction missing; full-history scalar rolling oracle audited
PIT_stage5,2025-12-10,sma_60,,185.8180010477702,registered_market_warmup_truncated_at_legacy_sample_start,legacy_start=2025-10-01; legacy_position=49; required_preceding_sessions=59; old-prefix reconstruction missing; full-history scalar rolling oracle audited
PIT_stage5,2025-12-11,sma_60,,185.99533437093092,registered_market_warmup_truncated_at_legacy_sample_start,legacy_start=2025-10-01; legacy_position=50; required_preceding_sessions=59; old-prefix reconstruction missing; full-history scalar rolling oracle audited
PIT_stage5,2025-12-12,sma_60,,185.9750010172526,registered_market_warmup_truncated_at_legacy_sample_start,legacy_start=2025-10-01; legacy_position=51; required_preceding_sessions=59; old-prefix reconstruction missing; full-history scalar rolling oracle audited
PIT_stage5,2025-12-15,sma_60,,185.96866760253903,registered_market_warmup_truncated_at_legacy_sample_start,legacy_start=2025-10-01; legacy_position=52; required_preceding_sessions=59; old-prefix reconstruction missing; full-history scalar rolling oracle audited
PIT_stage5,2025-12-16,sma_60,,185.87050094604493,registered_market_warmup_truncated_at_legacy_sample_start,legacy_start=2025-10-01; legacy_position=53; required_preceding_sessions=59; old-prefix reconstruction missing; full-history scalar rolling oracle audited
PIT_stage5,2025-12-17,sma_60,,185.745667775472,registered_market_warmup_truncated_at_legacy_sample_start,legacy_start=2025-10-01; legacy_position=54; required_preceding_sessions=59; old-prefix reconstruction missing; full-history scalar rolling oracle audited
PIT_stage5,2025-12-18,sma_60,,185.69850107828776,registered_market_warmup_truncated_at_legacy_sample_start,legacy_start=2025-10-01; legacy_position=55; required_preceding_sessions=59; old-prefix reconstruction missing; full-history scalar rolling oracle audited
PIT_stage5,2025-12-19,sma_60,,185.7535011291504,registered_market_warmup_truncated_at_legacy_sample_start,legacy_start=2025-10-01; legacy_position=56; required_preceding_sessions=59; old-prefix reconstruction missing; full-history scalar rolling oracle audited
PIT_stage5,2025-12-22,sma_60,,185.84516779581705,registered_market_warmup_truncated_at_legacy_sample_start,legacy_start=2025-10-01; legacy_position=57; required_preceding_sessions=59; old-prefix reconstruction missing; full-history scalar rolling oracle audited
PIT_stage5,2025-12-23,sma_60,,185.96783447265625,registered_market_warmup_truncated_at_legacy_sample_start,legacy_start=2025-10-01; legacy_position=58; required_preceding_sessions=59; old-prefix reconstruction missing; full-history scalar rolling oracle audited
PIT_stage5,2025-10-01,rolling_volatility_20,,0.0202367886146385,registered_market_warmup_truncated_at_legacy_sample_start,legacy_start=2025-10-01; legacy_position=0; required_preceding_sessions=20; old-prefix reconstruction missing; full-history scalar rolling oracle audited
PIT_stage5,2025-10-02,rolling_volatility_20,,0.0202546848042746,registered_market_warmup_truncated_at_legacy_sample_start,legacy_start=2025-10-01; legacy_position=1; required_preceding_sessions=20; old-prefix reconstruction missing; full-history scalar rolling oracle audited
PIT_stage5,2025-10-03,rolling_volatility_20,,0.0190376089542618,registered_market_warmup_truncated_at_legacy_sample_start,legacy_start=2025-10-01; legacy_position=2; required_preceding_sessions=20; old-prefix reconstruction missing; full-history scalar rolling oracle audited
PIT_stage5,2025-10-06,rolling_volatility_20,,0.0194091348208165,registered_market_warmup_truncated_at_legacy_sample_start,legacy_start=2025-10-01; legacy_position=3; required_preceding_sessions=20; old-prefix reconstruction missing; full-history scalar rolling oracle audited
PIT_stage5,2025-10-07,rolling_volatility_20,,0.0193482492414645,registered_market_warmup_truncated_at_legacy_sample_start,legacy_start=2025-10-01; legacy_position=4; required_preceding_sessions=20; old-prefix reconstruction missing; full-history scalar rolling oracle audited
PIT_stage5,2025-10-08,rolling_volatility_20,,0.0181239189566316,registered_market_warmup_truncated_at_legacy_sample_start,legacy_start=2025-10-01; legacy_position=5; required_preceding_sessions=20; old-prefix reconstruction missing; full-history scalar rolling oracle audited
PIT_stage5,2025-10-09,rolling_volatility_20,,0.0183918339998674,registered_market_warmup_truncated_at_legacy_sample_start,legacy_start=2025-10-01; legacy_position=6; required_preceding_sessions=20; old-prefix reconstruction missing; full-history scalar rolling oracle audited
PIT_stage5,2025-10-10,rolling_volatility_20,,0.0219075539818573,registered_market_warmup_truncated_at_legacy_sample_start,legacy_start=2025-10-01; legacy_position=7; required_preceding_sessions=20; old-prefix reconstruction missing; full-history scalar rolling oracle audited
PIT_stage5,2025-10-13,rolling_volatility_20,,0.0226807785998732,registered_market_warmup_truncated_at_legacy_sample_start,legacy_start=2025-10-01; legacy_position=8; required_preceding_sessions=20; old-prefix reconstruction missing; full-history scalar rolling oracle audited
PIT_stage5,2025-10-14,rolling_volatility_20,,0.0246951287681816,registered_market_warmup_truncated_at_legacy_sample_start,legacy_start=2025-10-01; legacy_position=9; required_preceding_sessions=20; old-prefix reconstruction missing; full-history scalar rolling oracle audited
PIT_stage5,2025-10-15,rolling_volatility_20,,0.0238197524402854,registered_market_warmup_truncated_at_legacy_sample_start,legacy_start=2025-10-01; legacy_position=10; required_preceding_sessions=20; old-prefix reconstruction missing; full-history scalar rolling oracle audited
PIT_stage5,2025-10-16,rolling_volatility_20,,0.0227059012515956,registered_market_warmup_truncated_at_legacy_sample_start,legacy_start=2025-10-01; legacy_position=11; required_preceding_sessions=20; old-prefix reconstruction missing; full-history scalar rolling oracle audited
PIT_stage5,2025-10-17,rolling_volatility_20,,0.0227448104894176,registered_market_warmup_truncated_at_legacy_sample_start,legacy_start=2025-10-01; legacy_position=12; required_preceding_sessions=20; old-prefix reconstruction missing; full-history scalar rolling oracle audited
PIT_stage5,2025-10-20,rolling_volatility_20,,0.0210034557782512,registered_market_warmup_truncated_at_legacy_sample_start,legacy_start=2025-10-01; legacy_position=13; required_preceding_sessions=20; old-prefix reconstruction missing; full-history scalar rolling oracle audited
PIT_stage5,2025-10-21,rolling_volatility_20,,0.020043896811532,registered_market_warmup_truncated_at_legacy_sample_start,legacy_start=2025-10-01; legacy_position=14; required_preceding_sessions=20; old-prefix reconstruction missing; full-history scalar rolling oracle audited
PIT_stage5,2025-10-22,rolling_volatility_20,,0.0199778206188902,registered_market_warmup_truncated_at_legacy_sample_start,legacy_start=2025-10-01; legacy_position=15; required_preceding_sessions=20; old-prefix reconstruction missing; full-history scalar rolling oracle audited
PIT_stage5,2025-10-23,rolling_volatility_20,,0.0200776009946137,registered_market_warmup_truncated_at_legacy_sample_start,legacy_start=2025-10-01; legacy_position=16; required_preceding_sessions=20; old-prefix reconstruction missing; full-history scalar rolling oracle audited
PIT_stage5,2025-10-24,rolling_volatility_20,,0.0206241665342425,registered_market_warmup_truncated_at_legacy_sample_start,legacy_start=2025-10-01; legacy_position=17; required_preceding_sessions=20; old-prefix reconstruction missing; full-history scalar rolling oracle audited
PIT_stage5,2025-10-27,rolling_volatility_20,,0.0210375068596612,registered_market_warmup_truncated_at_legacy_sample_start,legacy_start=2025-10-01; legacy_position=18; required_preceding_sessions=20; old-prefix reconstruction missing; full-history scalar rolling oracle audited
PIT_stage5,2025-10-28,rolling_volatility_20,,0.0230020679214846,registered_market_warmup_truncated_at_legacy_sample_start,legacy_start=2025-10-01; legacy_position=19; required_preceding_sessions=20; old-prefix reconstruction missing; full-history scalar rolling oracle audited
PIT_stage5,2025-10-01,rolling_volatility_60,,0.0175223613420753,registered_market_warmup_truncated_at_legacy_sample_start,legacy_start=2025-10-01; legacy_position=0; required_preceding_sessions=60; old-prefix reconstruction missing; full-history scalar rolling oracle audited
PIT_stage5,2025-10-02,rolling_volatility_60,,0.0174269325128197,registered_market_warmup_truncated_at_legacy_sample_start,legacy_start=2025-10-01; legacy_position=1; required_preceding_sessions=60; old-prefix reconstruction missing; full-history scalar rolling oracle audited
PIT_stage5,2025-10-03,rolling_volatility_60,,0.0174562053601234,registered_market_warmup_truncated_at_legacy_sample_start,legacy_start=2025-10-01; legacy_position=2; required_preceding_sessions=60; old-prefix reconstruction missing; full-history scalar rolling oracle audited
PIT_stage5,2025-10-06,rolling_volatility_60,,0.0175386947271572,registered_market_warmup_truncated_at_legacy_sample_start,legacy_start=2025-10-01; legacy_position=3; required_preceding_sessions=60; old-prefix reconstruction missing; full-history scalar rolling oracle audited
PIT_stage5,2025-10-07,rolling_volatility_60,,0.0175242849776375,registered_market_warmup_truncated_at_legacy_sample_start,legacy_start=2025-10-01; legacy_position=4; required_preceding_sessions=60; old-prefix reconstruction missing; full-history scalar rolling oracle audited
PIT_stage5,2025-10-08,rolling_volatility_60,,0.0169963053937176,registered_market_warmup_truncated_at_legacy_sample_start,legacy_start=2025-10-01; legacy_position=5; required_preceding_sessions=60; old-prefix reconstruction missing; full-history scalar rolling oracle audited
PIT_stage5,2025-10-09,rolling_volatility_60,,0.0171268025299393,registered_market_warmup_truncated_at_legacy_sample_start,legacy_start=2025-10-01; legacy_position=6; required_preceding_sessions=60; old-prefix reconstruction missing; full-history scalar rolling oracle audited
PIT_stage5,2025-10-10,rolling_volatility_60,,0.0183149733760373,registered_market_warmup_truncated_at_legacy_sample_start,legacy_start=2025-10-01; legacy_position=7; required_preceding_sessions=60; old-prefix reconstruction missing; full-history scalar rolling oracle audited
PIT_stage5,2025-10-13,rolling_volatility_60,,0.0186337249644588,registered_market_warmup_truncated_at_legacy_sample_start,legacy_start=2025-10-01; legacy_position=8; required_preceding_sessions=60; old-prefix reconstruction missing; full-history scalar rolling oracle audited
PIT_stage5,2025-10-14,rolling_volatility_60,,0.0195234677556496,registered_market_warmup_truncated_at_legacy_sample_start,legacy_start=2025-10-01; legacy_position=9; required_preceding_sessions=60; old-prefix reconstruction missing; full-history scalar rolling oracle audited
PIT_stage5,2025-10-15,rolling_volatility_60,,0.0192164113664056,registered_market_warmup_truncated_at_legacy_sample_start,legacy_start=2025-10-01; legacy_position=10; required_preceding_sessions=60; old-prefix reconstruction missing; full-history scalar rolling oracle audited
PIT_stage5,2025-10-16,rolling_volatility_60,,0.0190602520217094,registered_market_warmup_truncated_at_legacy_sample_start,legacy_start=2025-10-01; legacy_position=11; required_preceding_sessions=60; old-prefix reconstruction missing; full-history scalar rolling oracle audited
PIT_stage5,2025-10-17,rolling_volatility_60,,0.018962912881829,registered_market_warmup_truncated_at_legacy_sample_start,legacy_start=2025-10-01; legacy_position=12; required_preceding_sessions=60; old-prefix reconstruction missing; full-history scalar rolling oracle audited
PIT_stage5,2025-10-20,rolling_volatility_60,,0.0189682097088128,registered_market_warmup_truncated_at_legacy_sample_start,legacy_start=2025-10-01; legacy_position=13; required_preceding_sessions=60; old-prefix reconstruction missing; full-history scalar rolling oracle audited
PIT_stage5,2025-10-21,rolling_volatility_60,,0.0188598902664208,registered_market_warmup_truncated_at_legacy_sample_start,legacy_start=2025-10-01; legacy_position=14; required_preceding_sessions=60; old-prefix reconstruction missing; full-history scalar rolling oracle audited
PIT_stage5,2025-10-22,rolling_volatility_60,,0.0188472009371926,registered_market_warmup_truncated_at_legacy_sample_start,legacy_start=2025-10-01; legacy_position=15; required_preceding_sessions=60; old-prefix reconstruction missing; full-history scalar rolling oracle audited
PIT_stage5,2025-10-23,rolling_volatility_60,,0.018694356971251,registered_market_warmup_truncated_at_legacy_sample_start,legacy_start=2025-10-01; legacy_position=16; required_preceding_sessions=60; old-prefix reconstruction missing; full-history scalar rolling oracle audited
PIT_stage5,2025-10-24,rolling_volatility_60,,0.0188764614350336,registered_market_warmup_truncated_at_legacy_sample_start,legacy_start=2025-10-01; legacy_position=17; required_preceding_sessions=60; old-prefix reconstruction missing; full-history scalar rolling oracle audited
PIT_stage5,2025-10-27,rolling_volatility_60,,0.0189226133582574,registered_market_warmup_truncated_at_legacy_sample_start,legacy_start=2025-10-01; legacy_position=18; required_preceding_sessions=60; old-prefix reconstruction missing; full-history scalar rolling oracle audited
PIT_stage5,2025-10-28,rolling_volatility_60,,0.0194189654820936,registered_market_warmup_truncated_at_legacy_sample_start,legacy_start=2025-10-01; legacy_position=19; required_preceding_sessions=60; old-prefix reconstruction missing; full-history scalar rolling oracle audited
PIT_stage5,2025-10-29,rolling_volatility_60,,0.0196849649734521,registered_market_warmup_truncated_at_legacy_sample_start,legacy_start=2025-10-01; legacy_position=20; required_preceding_sessions=60; old-prefix reconstruction missing; full-history scalar rolling oracle audited
PIT_stage5,2025-10-30,rolling_volatility_60,,0.0198949855453324,registered_market_warmup_truncated_at_legacy_sample_start,legacy_start=2025-10-01; legacy_position=21; required_preceding_sessions=60; old-prefix reconstruction missing; full-history scalar rolling oracle audited
PIT_stage5,2025-10-31,rolling_volatility_60,,0.0198900525837026,registered_market_warmup_truncated_at_legacy_sample_start,legacy_start=2025-10-01; legacy_position=22; required_preceding_sessions=60; old-prefix reconstruction missing; full-history scalar rolling oracle audited
PIT_stage5,2025-11-03,rolling_volatility_60,,0.020020885726004,registered_market_warmup_truncated_at_legacy_sample_start,legacy_start=2025-10-01; legacy_position=23; required_preceding_sessions=60; old-prefix reconstruction missing; full-history scalar rolling oracle audited
PIT_stage5,2025-11-04,rolling_volatility_60,,0.0207268196446643,registered_market_warmup_truncated_at_legacy_sample_start,legacy_start=2025-10-01; legacy_position=24; required_preceding_sessions=60; old-prefix reconstruction missing; full-history scalar rolling oracle audited
PIT_stage5,2025-11-05,rolling_volatility_60,,0.0208652374624989,registered_market_warmup_truncated_at_legacy_sample_start,legacy_start=2025-10-01; legacy_position=25; required_preceding_sessions=60; old-prefix reconstruction missing; full-history scalar rolling oracle audited
PIT_stage5,2025-11-06,rolling_volatility_60,,0.0213942332756878,registered_market_warmup_truncated_at_legacy_sample_start,legacy_start=2025-10-01; legacy_position=26; required_preceding_sessions=60; old-prefix reconstruction missing; full-history scalar rolling oracle audited
PIT_stage5,2025-11-07,rolling_volatility_60,,0.0213933230119324,registered_market_warmup_truncated_at_legacy_sample_start,legacy_start=2025-10-01; legacy_position=27; required_preceding_sessions=60; old-prefix reconstruction missing; full-history scalar rolling oracle audited
PIT_stage5,2025-11-10,rolling_volatility_60,,0.0225896318142479,registered_market_warmup_truncated_at_legacy_sample_start,legacy_start=2025-10-01; legacy_position=28; required_preceding_sessions=60; old-prefix reconstruction missing; full-history scalar rolling oracle audited
PIT_stage5,2025-11-11,rolling_volatility_60,,0.0229324732456488,registered_market_warmup_truncated_at_legacy_sample_start,legacy_start=2025-10-01; legacy_position=29; required_preceding_sessions=60; old-prefix reconstruction missing; full-history scalar rolling oracle audited
PIT_stage5,2025-11-12,rolling_volatility_60,,0.0224340422542092,registered_market_warmup_truncated_at_legacy_sample_start,legacy_start=2025-10-01; legacy_position=30; required_preceding_sessions=60; old-prefix reconstruction missing; full-history scalar rolling oracle audited
PIT_stage5,2025-11-13,rolling_volatility_60,,0.0229534150887171,registered_market_warmup_truncated_at_legacy_sample_start,legacy_start=2025-10-01; legacy_position=31; required_preceding_sessions=60; old-prefix reconstruction missing; full-history scalar rolling oracle audited
PIT_stage5,2025-11-14,rolling_volatility_60,,0.0230449620025803,registered_market_warmup_truncated_at_legacy_sample_start,legacy_start=2025-10-01; legacy_position=32; required_preceding_sessions=60; old-prefix reconstruction missing; full-history scalar rolling oracle audited
PIT_stage5,2025-11-17,rolling_volatility_60,,0.0231013805434824,registered_market_warmup_truncated_at_legacy_sample_start,legacy_start=2025-10-01; legacy_position=33; required_preceding_sessions=60; old-prefix reconstruction missing; full-history scalar rolling oracle audited
PIT_stage5,2025-11-18,rolling_volatility_60,,0.0233712638160087,registered_market_warmup_truncated_at_legacy_sample_start,legacy_start=2025-10-01; legacy_position=34; required_preceding_sessions=60; old-prefix reconstruction missing; full-history scalar rolling oracle audited
PIT_stage5,2025-11-19,rolling_volatility_60,,0.0236133573735011,registered_market_warmup_truncated_at_legacy_sample_start,legacy_start=2025-10-01; legacy_position=35; required_preceding_sessions=60; old-prefix reconstruction missing; full-history scalar rolling oracle audited
PIT_stage5,2025-11-20,rolling_volatility_60,,0.0239767739594009,registered_market_warmup_truncated_at_legacy_sample_start,legacy_start=2025-10-01; legacy_position=36; required_preceding_sessions=60; old-prefix reconstruction missing; full-history scalar rolling oracle audited
PIT_stage5,2025-11-21,rolling_volatility_60,,0.0239886425454614,registered_market_warmup_truncated_at_legacy_sample_start,legacy_start=2025-10-01; legacy_position=37; required_preceding_sessions=60; old-prefix reconstruction missing; full-history scalar rolling oracle audited
PIT_stage5,2025-11-24,rolling_volatility_60,,0.0237221747082455,registered_market_warmup_truncated_at_legacy_sample_start,legacy_start=2025-10-01; legacy_position=38; required_preceding_sessions=60; old-prefix reconstruction missing; full-history scalar rolling oracle audited
PIT_stage5,2025-11-25,rolling_volatility_60,,0.0238302402381588,registered_market_warmup_truncated_at_legacy_sample_start,legacy_start=2025-10-01; legacy_position=39; required_preceding_sessions=60; old-prefix reconstruction missing; full-history scalar rolling oracle audited
PIT_stage5,2025-11-26,rolling_volatility_60,,0.023885617880912,registered_market_warmup_truncated_at_legacy_sample_start,legacy_start=2025-10-01; legacy_position=40; required_preceding_sessions=60; old-prefix reconstruction missing; full-history scalar rolling oracle audited
PIT_stage5,2025-11-28,rolling_volatility_60,,0.0240052556958329,registered_market_warmup_truncated_at_legacy_sample_start,legacy_start=2025-10-01; legacy_position=41; required_preceding_sessions=60; old-prefix reconstruction missing; full-history scalar rolling oracle audited
PIT_stage5,2025-12-01,rolling_volatility_60,,0.0238070393262963,registered_market_warmup_truncated_at_legacy_sample_start,legacy_start=2025-10-01; legacy_position=42; required_preceding_sessions=60; old-prefix reconstruction missing; full-history scalar rolling oracle audited
PIT_stage5,2025-12-02,rolling_volatility_60,,0.0238109754551178,registered_market_warmup_truncated_at_legacy_sample_start,legacy_start=2025-10-01; legacy_position=43; required_preceding_sessions=60; old-prefix reconstruction missing; full-history scalar rolling oracle audited
PIT_stage5,2025-12-03,rolling_volatility_60,,0.0237968213197805,registered_market_warmup_truncated_at_legacy_sample_start,legacy_start=2025-10-01; legacy_position=44; required_preceding_sessions=60; old-prefix reconstruction missing; full-history scalar rolling oracle audited
PIT_stage5,2025-12-04,rolling_volatility_60,,0.0234375863007353,registered_market_warmup_truncated_at_legacy_sample_start,legacy_start=2025-10-01; legacy_position=45; required_preceding_sessions=60; old-prefix reconstruction missing; full-history scalar rolling oracle audited
PIT_stage5,2025-12-05,rolling_volatility_60,,0.0234499206185155,registered_market_warmup_truncated_at_legacy_sample_start,legacy_start=2025-10-01; legacy_position=46; required_preceding_sessions=60; old-prefix reconstruction missing; full-history scalar rolling oracle audited
PIT_stage5,2025-12-08,rolling_volatility_60,,0.0235434490322473,registered_market_warmup_truncated_at_legacy_sample_start,legacy_start=2025-10-01; legacy_position=47; required_preceding_sessions=60; old-prefix reconstruction missing; full-history scalar rolling oracle audited
PIT_stage5,2025-12-09,rolling_volatility_60,,0.0235487962816792,registered_market_warmup_truncated_at_legacy_sample_start,legacy_start=2025-10-01; legacy_position=48; required_preceding_sessions=60; old-prefix reconstruction missing; full-history scalar rolling oracle audited
PIT_stage5,2025-12-10,rolling_volatility_60,,0.0234626024762756,registered_market_warmup_truncated_at_legacy_sample_start,legacy_start=2025-10-01; legacy_position=49; required_preceding_sessions=60; old-prefix reconstruction missing; full-history scalar rolling oracle audited
PIT_stage5,2025-12-11,rolling_volatility_60,,0.0232908005331298,registered_market_warmup_truncated_at_legacy_sample_start,legacy_start=2025-10-01; legacy_position=50; required_preceding_sessions=60; old-prefix reconstruction missing; full-history scalar rolling oracle audited
PIT_stage5,2025-12-12,rolling_volatility_60,,0.0232699257046472,registered_market_warmup_truncated_at_legacy_sample_start,legacy_start=2025-10-01; legacy_position=51; required_preceding_sessions=60; old-prefix reconstruction missing; full-history scalar rolling oracle audited
PIT_stage5,2025-12-15,rolling_volatility_60,,0.0232862588745793,registered_market_warmup_truncated_at_legacy_sample_start,legacy_start=2025-10-01; legacy_position=52; required_preceding_sessions=60; old-prefix reconstruction missing; full-history scalar rolling oracle audited
PIT_stage5,2025-12-16,rolling_volatility_60,,0.0227415973918782,registered_market_warmup_truncated_at_legacy_sample_start,legacy_start=2025-10-01; legacy_position=53; required_preceding_sessions=60; old-prefix reconstruction missing; full-history scalar rolling oracle audited
PIT_stage5,2025-12-17,rolling_volatility_60,,0.022983319775651,registered_market_warmup_truncated_at_legacy_sample_start,legacy_start=2025-10-01; legacy_position=54; required_preceding_sessions=60; old-prefix reconstruction missing; full-history scalar rolling oracle audited
PIT_stage5,2025-12-18,rolling_volatility_60,,0.0230921579790104,registered_market_warmup_truncated_at_legacy_sample_start,legacy_start=2025-10-01; legacy_position=55; required_preceding_sessions=60; old-prefix reconstruction missing; full-history scalar rolling oracle audited
PIT_stage5,2025-12-19,rolling_volatility_60,,0.0236399888176934,registered_market_warmup_truncated_at_legacy_sample_start,legacy_start=2025-10-01; legacy_position=56; required_preceding_sessions=60; old-prefix reconstruction missing; full-history scalar rolling oracle audited
PIT_stage5,2025-12-22,rolling_volatility_60,,0.0237108986299117,registered_market_warmup_truncated_at_legacy_sample_start,legacy_start=2025-10-01; legacy_position=57; required_preceding_sessions=60; old-prefix reconstruction missing; full-history scalar rolling oracle audited
PIT_stage5,2025-12-23,rolling_volatility_60,,0.0238764259059385,registered_market_warmup_truncated_at_legacy_sample_start,legacy_start=2025-10-01; legacy_position=58; required_preceding_sessions=60; old-prefix reconstruction missing; full-history scalar rolling oracle audited
PIT_stage5,2025-12-24,rolling_volatility_60,,0.0236533010933812,registered_market_warmup_truncated_at_legacy_sample_start,legacy_start=2025-10-01; legacy_position=59; required_preceding_sessions=60; old-prefix reconstruction missing; full-history scalar rolling oracle audited
PIT_stage5,2025-10-01,fundamental_effective_date,2025-10-01,2025-08-28,legacy_pre_window_filing_effective_date_left_censoring,same accession=0001045810-25-000209; filing=2025-08-27; legacy_start=2025-10-01; expanded_effective=2025-08-28; original-boundary reconstruction exact; independent next-session oracle
PIT_stage5,2025-10-02,fundamental_effective_date,2025-10-01,2025-08-28,legacy_pre_window_filing_effective_date_left_censoring,same accession=0001045810-25-000209; filing=2025-08-27; legacy_start=2025-10-01; expanded_effective=2025-08-28; original-boundary reconstruction exact; independent next-session oracle
PIT_stage5,2025-10-03,fundamental_effective_date,2025-10-01,2025-08-28,legacy_pre_window_filing_effective_date_left_censoring,same accession=0001045810-25-000209; filing=2025-08-27; legacy_start=2025-10-01; expanded_effective=2025-08-28; original-boundary reconstruction exact; independent next-session oracle
PIT_stage5,2025-10-06,fundamental_effective_date,2025-10-01,2025-08-28,legacy_pre_window_filing_effective_date_left_censoring,same accession=0001045810-25-000209; filing=2025-08-27; legacy_start=2025-10-01; expanded_effective=2025-08-28; original-boundary reconstruction exact; independent next-session oracle
PIT_stage5,2025-10-07,fundamental_effective_date,2025-10-01,2025-08-28,legacy_pre_window_filing_effective_date_left_censoring,same accession=0001045810-25-000209; filing=2025-08-27; legacy_start=2025-10-01; expanded_effective=2025-08-28; original-boundary reconstruction exact; independent next-session oracle
PIT_stage5,2025-10-08,fundamental_effective_date,2025-10-01,2025-08-28,legacy_pre_window_filing_effective_date_left_censoring,same accession=0001045810-25-000209; filing=2025-08-27; legacy_start=2025-10-01; expanded_effective=2025-08-28; original-boundary reconstruction exact; independent next-session oracle
PIT_stage5,2025-10-09,fundamental_effective_date,2025-10-01,2025-08-28,legacy_pre_window_filing_effective_date_left_censoring,same accession=0001045810-25-000209; filing=2025-08-27; legacy_start=2025-10-01; expanded_effective=2025-08-28; original-boundary reconstruction exact; independent next-session oracle
PIT_stage5,2025-10-10,fundamental_effective_date,2025-10-01,2025-08-28,legacy_pre_window_filing_effective_date_left_censoring,same accession=0001045810-25-000209; filing=2025-08-27; legacy_start=2025-10-01; expanded_effective=2025-08-28; original-boundary reconstruction exact; independent next-session oracle
PIT_stage5,2025-10-13,fundamental_effective_date,2025-10-01,2025-08-28,legacy_pre_window_filing_effective_date_left_censoring,same accession=0001045810-25-000209; filing=2025-08-27; legacy_start=2025-10-01; expanded_effective=2025-08-28; original-boundary reconstruction exact; independent next-session oracle
PIT_stage5,2025-10-14,fundamental_effective_date,2025-10-01,2025-08-28,legacy_pre_window_filing_effective_date_left_censoring,same accession=0001045810-25-000209; filing=2025-08-27; legacy_start=2025-10-01; expanded_effective=2025-08-28; original-boundary reconstruction exact; independent next-session oracle
PIT_stage5,2025-10-15,fundamental_effective_date,2025-10-01,2025-08-28,legacy_pre_window_filing_effective_date_left_censoring,same accession=0001045810-25-000209; filing=2025-08-27; legacy_start=2025-10-01; expanded_effective=2025-08-28; original-boundary reconstruction exact; independent next-session oracle
PIT_stage5,2025-10-16,fundamental_effective_date,2025-10-01,2025-08-28,legacy_pre_window_filing_effective_date_left_censoring,same accession=0001045810-25-000209; filing=2025-08-27; legacy_start=2025-10-01; expanded_effective=2025-08-28; original-boundary reconstruction exact; independent next-session oracle
PIT_stage5,2025-10-17,fundamental_effective_date,2025-10-01,2025-08-28,legacy_pre_window_filing_effective_date_left_censoring,same accession=0001045810-25-000209; filing=2025-08-27; legacy_start=2025-10-01; expanded_effective=2025-08-28; original-boundary reconstruction exact; independent next-session oracle
PIT_stage5,2025-10-20,fundamental_effective_date,2025-10-01,2025-08-28,legacy_pre_window_filing_effective_date_left_censoring,same accession=0001045810-25-000209; filing=2025-08-27; legacy_start=2025-10-01; expanded_effective=2025-08-28; original-boundary reconstruction exact; independent next-session oracle
PIT_stage5,2025-10-21,fundamental_effective_date,2025-10-01,2025-08-28,legacy_pre_window_filing_effective_date_left_censoring,same accession=0001045810-25-000209; filing=2025-08-27; legacy_start=2025-10-01; expanded_effective=2025-08-28; original-boundary reconstruction exact; independent next-session oracle
PIT_stage5,2025-10-22,fundamental_effective_date,2025-10-01,2025-08-28,legacy_pre_window_filing_effective_date_left_censoring,same accession=0001045810-25-000209; filing=2025-08-27; legacy_start=2025-10-01; expanded_effective=2025-08-28; original-boundary reconstruction exact; independent next-session oracle
PIT_stage5,2025-10-23,fundamental_effective_date,2025-10-01,2025-08-28,legacy_pre_window_filing_effective_date_left_censoring,same accession=0001045810-25-000209; filing=2025-08-27; legacy_start=2025-10-01; expanded_effective=2025-08-28; original-boundary reconstruction exact; independent next-session oracle
PIT_stage5,2025-10-24,fundamental_effective_date,2025-10-01,2025-08-28,legacy_pre_window_filing_effective_date_left_censoring,same accession=0001045810-25-000209; filing=2025-08-27; legacy_start=2025-10-01; expanded_effective=2025-08-28; original-boundary reconstruction exact; independent next-session oracle
PIT_stage5,2025-10-27,fundamental_effective_date,2025-10-01,2025-08-28,legacy_pre_window_filing_effective_date_left_censoring,same accession=0001045810-25-000209; filing=2025-08-27; legacy_start=2025-10-01; expanded_effective=2025-08-28; original-boundary reconstruction exact; independent next-session oracle
PIT_stage5,2025-10-28,fundamental_effective_date,2025-10-01,2025-08-28,legacy_pre_window_filing_effective_date_left_censoring,same accession=0001045810-25-000209; filing=2025-08-27; legacy_start=2025-10-01; expanded_effective=2025-08-28; original-boundary reconstruction exact; independent next-session oracle
PIT_stage5,2025-10-29,fundamental_effective_date,2025-10-01,2025-08-28,legacy_pre_window_filing_effective_date_left_censoring,same accession=0001045810-25-000209; filing=2025-08-27; legacy_start=2025-10-01; expanded_effective=2025-08-28; original-boundary reconstruction exact; independent next-session oracle
PIT_stage5,2025-10-30,fundamental_effective_date,2025-10-01,2025-08-28,legacy_pre_window_filing_effective_date_left_censoring,same accession=0001045810-25-000209; filing=2025-08-27; legacy_start=2025-10-01; expanded_effective=2025-08-28; original-boundary reconstruction exact; independent next-session oracle
PIT_stage5,2025-10-31,fundamental_effective_date,2025-10-01,2025-08-28,legacy_pre_window_filing_effective_date_left_censoring,same accession=0001045810-25-000209; filing=2025-08-27; legacy_start=2025-10-01; expanded_effective=2025-08-28; original-boundary reconstruction exact; independent next-session oracle
PIT_stage5,2025-11-03,fundamental_effective_date,2025-10-01,2025-08-28,legacy_pre_window_filing_effective_date_left_censoring,same accession=0001045810-25-000209; filing=2025-08-27; legacy_start=2025-10-01; expanded_effective=2025-08-28; original-boundary reconstruction exact; independent next-session oracle
PIT_stage5,2025-11-04,fundamental_effective_date,2025-10-01,2025-08-28,legacy_pre_window_filing_effective_date_left_censoring,same accession=0001045810-25-000209; filing=2025-08-27; legacy_start=2025-10-01; expanded_effective=2025-08-28; original-boundary reconstruction exact; independent next-session oracle
PIT_stage5,2025-11-05,fundamental_effective_date,2025-10-01,2025-08-28,legacy_pre_window_filing_effective_date_left_censoring,same accession=0001045810-25-000209; filing=2025-08-27; legacy_start=2025-10-01; expanded_effective=2025-08-28; original-boundary reconstruction exact; independent next-session oracle
PIT_stage5,2025-11-06,fundamental_effective_date,2025-10-01,2025-08-28,legacy_pre_window_filing_effective_date_left_censoring,same accession=0001045810-25-000209; filing=2025-08-27; legacy_start=2025-10-01; expanded_effective=2025-08-28; original-boundary reconstruction exact; independent next-session oracle
PIT_stage5,2025-11-07,fundamental_effective_date,2025-10-01,2025-08-28,legacy_pre_window_filing_effective_date_left_censoring,same accession=0001045810-25-000209; filing=2025-08-27; legacy_start=2025-10-01; expanded_effective=2025-08-28; original-boundary reconstruction exact; independent next-session oracle
PIT_stage5,2025-11-10,fundamental_effective_date,2025-10-01,2025-08-28,legacy_pre_window_filing_effective_date_left_censoring,same accession=0001045810-25-000209; filing=2025-08-27; legacy_start=2025-10-01; expanded_effective=2025-08-28; original-boundary reconstruction exact; independent next-session oracle
PIT_stage5,2025-11-11,fundamental_effective_date,2025-10-01,2025-08-28,legacy_pre_window_filing_effective_date_left_censoring,same accession=0001045810-25-000209; filing=2025-08-27; legacy_start=2025-10-01; expanded_effective=2025-08-28; original-boundary reconstruction exact; independent next-session oracle
PIT_stage5,2025-11-12,fundamental_effective_date,2025-10-01,2025-08-28,legacy_pre_window_filing_effective_date_left_censoring,same accession=0001045810-25-000209; filing=2025-08-27; legacy_start=2025-10-01; expanded_effective=2025-08-28; original-boundary reconstruction exact; independent next-session oracle
PIT_stage5,2025-11-13,fundamental_effective_date,2025-10-01,2025-08-28,legacy_pre_window_filing_effective_date_left_censoring,same accession=0001045810-25-000209; filing=2025-08-27; legacy_start=2025-10-01; expanded_effective=2025-08-28; original-boundary reconstruction exact; independent next-session oracle
PIT_stage5,2025-11-14,fundamental_effective_date,2025-10-01,2025-08-28,legacy_pre_window_filing_effective_date_left_censoring,same accession=0001045810-25-000209; filing=2025-08-27; legacy_start=2025-10-01; expanded_effective=2025-08-28; original-boundary reconstruction exact; independent next-session oracle
PIT_stage5,2025-11-17,fundamental_effective_date,2025-10-01,2025-08-28,legacy_pre_window_filing_effective_date_left_censoring,same accession=0001045810-25-000209; filing=2025-08-27; legacy_start=2025-10-01; expanded_effective=2025-08-28; original-boundary reconstruction exact; independent next-session oracle
PIT_stage5,2025-11-18,fundamental_effective_date,2025-10-01,2025-08-28,legacy_pre_window_filing_effective_date_left_censoring,same accession=0001045810-25-000209; filing=2025-08-27; legacy_start=2025-10-01; expanded_effective=2025-08-28; original-boundary reconstruction exact; independent next-session oracle
PIT_stage5,2025-11-19,fundamental_effective_date,2025-10-01,2025-08-28,legacy_pre_window_filing_effective_date_left_censoring,same accession=0001045810-25-000209; filing=2025-08-27; legacy_start=2025-10-01; expanded_effective=2025-08-28; original-boundary reconstruction exact; independent next-session oracle
PIT_stage5,2025-10-01,days_since_effective_date,0,34.0,legacy_pre_window_filing_effective_date_left_censoring,same accession=0001045810-25-000209; filing=2025-08-27; legacy_start=2025-10-01; expanded_effective=2025-08-28; original-boundary reconstruction exact; independent next-session oracle
PIT_stage5,2025-10-02,days_since_effective_date,1,35.0,legacy_pre_window_filing_effective_date_left_censoring,same accession=0001045810-25-000209; filing=2025-08-27; legacy_start=2025-10-01; expanded_effective=2025-08-28; original-boundary reconstruction exact; independent next-session oracle
PIT_stage5,2025-10-03,days_since_effective_date,2,36.0,legacy_pre_window_filing_effective_date_left_censoring,same accession=0001045810-25-000209; filing=2025-08-27; legacy_start=2025-10-01; expanded_effective=2025-08-28; original-boundary reconstruction exact; independent next-session oracle
PIT_stage5,2025-10-06,days_since_effective_date,5,39.0,legacy_pre_window_filing_effective_date_left_censoring,same accession=0001045810-25-000209; filing=2025-08-27; legacy_start=2025-10-01; expanded_effective=2025-08-28; original-boundary reconstruction exact; independent next-session oracle
PIT_stage5,2025-10-07,days_since_effective_date,6,40.0,legacy_pre_window_filing_effective_date_left_censoring,same accession=0001045810-25-000209; filing=2025-08-27; legacy_start=2025-10-01; expanded_effective=2025-08-28; original-boundary reconstruction exact; independent next-session oracle
PIT_stage5,2025-10-08,days_since_effective_date,7,41.0,legacy_pre_window_filing_effective_date_left_censoring,same accession=0001045810-25-000209; filing=2025-08-27; legacy_start=2025-10-01; expanded_effective=2025-08-28; original-boundary reconstruction exact; independent next-session oracle
PIT_stage5,2025-10-09,days_since_effective_date,8,42.0,legacy_pre_window_filing_effective_date_left_censoring,same accession=0001045810-25-000209; filing=2025-08-27; legacy_start=2025-10-01; expanded_effective=2025-08-28; original-boundary reconstruction exact; independent next-session oracle
PIT_stage5,2025-10-10,days_since_effective_date,9,43.0,legacy_pre_window_filing_effective_date_left_censoring,same accession=0001045810-25-000209; filing=2025-08-27; legacy_start=2025-10-01; expanded_effective=2025-08-28; original-boundary reconstruction exact; independent next-session oracle
PIT_stage5,2025-10-13,days_since_effective_date,12,46.0,legacy_pre_window_filing_effective_date_left_censoring,same accession=0001045810-25-000209; filing=2025-08-27; legacy_start=2025-10-01; expanded_effective=2025-08-28; original-boundary reconstruction exact; independent next-session oracle
PIT_stage5,2025-10-14,days_since_effective_date,13,47.0,legacy_pre_window_filing_effective_date_left_censoring,same accession=0001045810-25-000209; filing=2025-08-27; legacy_start=2025-10-01; expanded_effective=2025-08-28; original-boundary reconstruction exact; independent next-session oracle
PIT_stage5,2025-10-15,days_since_effective_date,14,48.0,legacy_pre_window_filing_effective_date_left_censoring,same accession=0001045810-25-000209; filing=2025-08-27; legacy_start=2025-10-01; expanded_effective=2025-08-28; original-boundary reconstruction exact; independent next-session oracle
PIT_stage5,2025-10-16,days_since_effective_date,15,49.0,legacy_pre_window_filing_effective_date_left_censoring,same accession=0001045810-25-000209; filing=2025-08-27; legacy_start=2025-10-01; expanded_effective=2025-08-28; original-boundary reconstruction exact; independent next-session oracle
PIT_stage5,2025-10-17,days_since_effective_date,16,50.0,legacy_pre_window_filing_effective_date_left_censoring,same accession=0001045810-25-000209; filing=2025-08-27; legacy_start=2025-10-01; expanded_effective=2025-08-28; original-boundary reconstruction exact; independent next-session oracle
PIT_stage5,2025-10-20,days_since_effective_date,19,53.0,legacy_pre_window_filing_effective_date_left_censoring,same accession=0001045810-25-000209; filing=2025-08-27; legacy_start=2025-10-01; expanded_effective=2025-08-28; original-boundary reconstruction exact; independent next-session oracle
PIT_stage5,2025-10-21,days_since_effective_date,20,54.0,legacy_pre_window_filing_effective_date_left_censoring,same accession=0001045810-25-000209; filing=2025-08-27; legacy_start=2025-10-01; expanded_effective=2025-08-28; original-boundary reconstruction exact; independent next-session oracle
PIT_stage5,2025-10-22,days_since_effective_date,21,55.0,legacy_pre_window_filing_effective_date_left_censoring,same accession=0001045810-25-000209; filing=2025-08-27; legacy_start=2025-10-01; expanded_effective=2025-08-28; original-boundary reconstruction exact; independent next-session oracle
PIT_stage5,2025-10-23,days_since_effective_date,22,56.0,legacy_pre_window_filing_effective_date_left_censoring,same accession=0001045810-25-000209; filing=2025-08-27; legacy_start=2025-10-01; expanded_effective=2025-08-28; original-boundary reconstruction exact; independent next-session oracle
PIT_stage5,2025-10-24,days_since_effective_date,23,57.0,legacy_pre_window_filing_effective_date_left_censoring,same accession=0001045810-25-000209; filing=2025-08-27; legacy_start=2025-10-01; expanded_effective=2025-08-28; original-boundary reconstruction exact; independent next-session oracle
PIT_stage5,2025-10-27,days_since_effective_date,26,60.0,legacy_pre_window_filing_effective_date_left_censoring,same accession=0001045810-25-000209; filing=2025-08-27; legacy_start=2025-10-01; expanded_effective=2025-08-28; original-boundary reconstruction exact; independent next-session oracle
PIT_stage5,2025-10-28,days_since_effective_date,27,61.0,legacy_pre_window_filing_effective_date_left_censoring,same accession=0001045810-25-000209; filing=2025-08-27; legacy_start=2025-10-01; expanded_effective=2025-08-28; original-boundary reconstruction exact; independent next-session oracle
PIT_stage5,2025-10-29,days_since_effective_date,28,62.0,legacy_pre_window_filing_effective_date_left_censoring,same accession=0001045810-25-000209; filing=2025-08-27; legacy_start=2025-10-01; expanded_effective=2025-08-28; original-boundary reconstruction exact; independent next-session oracle
PIT_stage5,2025-10-30,days_since_effective_date,29,63.0,legacy_pre_window_filing_effective_date_left_censoring,same accession=0001045810-25-000209; filing=2025-08-27; legacy_start=2025-10-01; expanded_effective=2025-08-28; original-boundary reconstruction exact; independent next-session oracle
PIT_stage5,2025-10-31,days_since_effective_date,30,64.0,legacy_pre_window_filing_effective_date_left_censoring,same accession=0001045810-25-000209; filing=2025-08-27; legacy_start=2025-10-01; expanded_effective=2025-08-28; original-boundary reconstruction exact; independent next-session oracle
PIT_stage5,2025-11-03,days_since_effective_date,33,67.0,legacy_pre_window_filing_effective_date_left_censoring,same accession=0001045810-25-000209; filing=2025-08-27; legacy_start=2025-10-01; expanded_effective=2025-08-28; original-boundary reconstruction exact; independent next-session oracle
PIT_stage5,2025-11-04,days_since_effective_date,34,68.0,legacy_pre_window_filing_effective_date_left_censoring,same accession=0001045810-25-000209; filing=2025-08-27; legacy_start=2025-10-01; expanded_effective=2025-08-28; original-boundary reconstruction exact; independent next-session oracle
PIT_stage5,2025-11-05,days_since_effective_date,35,69.0,legacy_pre_window_filing_effective_date_left_censoring,same accession=0001045810-25-000209; filing=2025-08-27; legacy_start=2025-10-01; expanded_effective=2025-08-28; original-boundary reconstruction exact; independent next-session oracle
PIT_stage5,2025-11-06,days_since_effective_date,36,70.0,legacy_pre_window_filing_effective_date_left_censoring,same accession=0001045810-25-000209; filing=2025-08-27; legacy_start=2025-10-01; expanded_effective=2025-08-28; original-boundary reconstruction exact; independent next-session oracle
PIT_stage5,2025-11-07,days_since_effective_date,37,71.0,legacy_pre_window_filing_effective_date_left_censoring,same accession=0001045810-25-000209; filing=2025-08-27; legacy_start=2025-10-01; expanded_effective=2025-08-28; original-boundary reconstruction exact; independent next-session oracle
PIT_stage5,2025-11-10,days_since_effective_date,40,74.0,legacy_pre_window_filing_effective_date_left_censoring,same accession=0001045810-25-000209; filing=2025-08-27; legacy_start=2025-10-01; expanded_effective=2025-08-28; original-boundary reconstruction exact; independent next-session oracle
PIT_stage5,2025-11-11,days_since_effective_date,41,75.0,legacy_pre_window_filing_effective_date_left_censoring,same accession=0001045810-25-000209; filing=2025-08-27; legacy_start=2025-10-01; expanded_effective=2025-08-28; original-boundary reconstruction exact; independent next-session oracle
PIT_stage5,2025-11-12,days_since_effective_date,42,76.0,legacy_pre_window_filing_effective_date_left_censoring,same accession=0001045810-25-000209; filing=2025-08-27; legacy_start=2025-10-01; expanded_effective=2025-08-28; original-boundary reconstruction exact; independent next-session oracle
PIT_stage5,2025-11-13,days_since_effective_date,43,77.0,legacy_pre_window_filing_effective_date_left_censoring,same accession=0001045810-25-000209; filing=2025-08-27; legacy_start=2025-10-01; expanded_effective=2025-08-28; original-boundary reconstruction exact; independent next-session oracle
PIT_stage5,2025-11-14,days_since_effective_date,44,78.0,legacy_pre_window_filing_effective_date_left_censoring,same accession=0001045810-25-000209; filing=2025-08-27; legacy_start=2025-10-01; expanded_effective=2025-08-28; original-boundary reconstruction exact; independent next-session oracle
PIT_stage5,2025-11-17,days_since_effective_date,47,81.0,legacy_pre_window_filing_effective_date_left_censoring,same accession=0001045810-25-000209; filing=2025-08-27; legacy_start=2025-10-01; expanded_effective=2025-08-28; original-boundary reconstruction exact; independent next-session oracle
PIT_stage5,2025-11-18,days_since_effective_date,48,82.0,legacy_pre_window_filing_effective_date_left_censoring,same accession=0001045810-25-000209; filing=2025-08-27; legacy_start=2025-10-01; expanded_effective=2025-08-28; original-boundary reconstruction exact; independent next-session oracle
PIT_stage5,2025-11-19,days_since_effective_date,49,83.0,legacy_pre_window_filing_effective_date_left_censoring,same accession=0001045810-25-000209; filing=2025-08-27; legacy_start=2025-10-01; expanded_effective=2025-08-28; original-boundary reconstruction exact; independent next-session oracle
research_stage61,2025-10-01,simple_return,,0.0035373762227048,registered_market_warmup_truncated_at_legacy_sample_start,legacy_start=2025-10-01; legacy_position=0; required_preceding_sessions=1; old-prefix reconstruction missing; full-history scalar rolling oracle audited
research_stage61,2025-10-01,log_return,,0.0035311344228331,registered_market_warmup_truncated_at_legacy_sample_start,legacy_start=2025-10-01; legacy_position=0; required_preceding_sessions=1; old-prefix reconstruction missing; full-history scalar rolling oracle audited
research_stage61,2025-10-01,sma_5,,182.31000366210932,registered_market_warmup_truncated_at_legacy_sample_start,legacy_start=2025-10-01; legacy_position=0; required_preceding_sessions=4; old-prefix reconstruction missing; full-history scalar rolling oracle audited
research_stage61,2025-10-02,sma_5,,184.5500030517578,registered_market_warmup_truncated_at_legacy_sample_start,legacy_start=2025-10-01; legacy_position=1; required_preceding_sessions=4; old-prefix reconstruction missing; full-history scalar rolling oracle audited
research_stage61,2025-10-03,sma_5,,186.43600158691407,registered_market_warmup_truncated_at_legacy_sample_start,legacy_start=2025-10-01; legacy_position=2; required_preceding_sessions=4; old-prefix reconstruction missing; full-history scalar rolling oracle audited
research_stage61,2025-10-06,sma_5,,187.1739990234375,registered_market_warmup_truncated_at_legacy_sample_start,legacy_start=2025-10-01; legacy_position=3; required_preceding_sessions=4; old-prefix reconstruction missing; full-history scalar rolling oracle audited
research_stage61,2025-10-01,sma_20,,176.8230010986328,registered_market_warmup_truncated_at_legacy_sample_start,legacy_start=2025-10-01; legacy_position=0; required_preceding_sessions=19; old-prefix reconstruction missing; full-history scalar rolling oracle audited
research_stage61,2025-10-02,sma_20,,177.68450088500975,registered_market_warmup_truncated_at_legacy_sample_start,legacy_start=2025-10-01; legacy_position=1; required_preceding_sessions=19; old-prefix reconstruction missing; full-history scalar rolling oracle audited
research_stage61,2025-10-03,sma_20,,178.7145004272461,registered_market_warmup_truncated_at_legacy_sample_start,legacy_start=2025-10-01; legacy_position=2; required_preceding_sessions=19; old-prefix reconstruction missing; full-history scalar rolling oracle audited
research_stage61,2025-10-06,sma_20,,179.57600021362305,registered_market_warmup_truncated_at_legacy_sample_start,legacy_start=2025-10-01; legacy_position=3; required_preceding_sessions=19; old-prefix reconstruction missing; full-history scalar rolling oracle audited
research_stage61,2025-10-07,sma_20,,180.29000015258788,registered_market_warmup_truncated_at_legacy_sample_start,legacy_start=2025-10-01; legacy_position=4; required_preceding_sessions=19; old-prefix reconstruction missing; full-history scalar rolling oracle audited
research_stage61,2025-10-08,sma_20,,180.8790000915528,registered_market_warmup_truncated_at_legacy_sample_start,legacy_start=2025-10-01; legacy_position=5; required_preceding_sessions=19; old-prefix reconstruction missing; full-history scalar rolling oracle audited
research_stage61,2025-10-09,sma_20,,181.6490005493164,registered_market_warmup_truncated_at_legacy_sample_start,legacy_start=2025-10-01; legacy_position=6; required_preceding_sessions=19; old-prefix reconstruction missing; full-history scalar rolling oracle audited
research_stage61,2025-10-10,sma_20,,181.9160003662109,registered_market_warmup_truncated_at_legacy_sample_start,legacy_start=2025-10-01; legacy_position=7; required_preceding_sessions=19; old-prefix reconstruction missing; full-history scalar rolling oracle audited
research_stage61,2025-10-13,sma_20,,182.4445007324219,registered_market_warmup_truncated_at_legacy_sample_start,legacy_start=2025-10-01; legacy_position=8; required_preceding_sessions=19; old-prefix reconstruction missing; full-history scalar rolling oracle audited
research_stage61,2025-10-14,sma_20,,182.7020004272461,registered_market_warmup_truncated_at_legacy_sample_start,legacy_start=2025-10-01; legacy_position=9; required_preceding_sessions=19; old-prefix reconstruction missing; full-history scalar rolling oracle audited
research_stage61,2025-10-15,sma_20,,183.1790008544922,registered_market_warmup_truncated_at_legacy_sample_start,legacy_start=2025-10-01; legacy_position=10; required_preceding_sessions=19; old-prefix reconstruction missing; full-history scalar rolling oracle audited
research_stage61,2025-10-16,sma_20,,183.45750045776367,registered_market_warmup_truncated_at_legacy_sample_start,legacy_start=2025-10-01; legacy_position=11; required_preceding_sessions=19; old-prefix reconstruction missing; full-history scalar rolling oracle audited
research_stage61,2025-10-17,sma_20,,183.7850006103516,registered_market_warmup_truncated_at_legacy_sample_start,legacy_start=2025-10-01; legacy_position=12; required_preceding_sessions=19; old-prefix reconstruction missing; full-history scalar rolling oracle audited
research_stage61,2025-10-20,sma_20,,183.7365005493164,registered_market_warmup_truncated_at_legacy_sample_start,legacy_start=2025-10-01; legacy_position=13; required_preceding_sessions=19; old-prefix reconstruction missing; full-history scalar rolling oracle audited
research_stage61,2025-10-21,sma_20,,183.8730010986328,registered_market_warmup_truncated_at_legacy_sample_start,legacy_start=2025-10-01; legacy_position=14; required_preceding_sessions=19; old-prefix reconstruction missing; full-history scalar rolling oracle audited
research_stage61,2025-10-22,sma_20,,184.0385009765625,registered_market_warmup_truncated_at_legacy_sample_start,legacy_start=2025-10-01; legacy_position=15; required_preceding_sessions=19; old-prefix reconstruction missing; full-history scalar rolling oracle audited
research_stage61,2025-10-23,sma_20,,184.26200103759768,registered_market_warmup_truncated_at_legacy_sample_start,legacy_start=2025-10-01; legacy_position=16; required_preceding_sessions=19; old-prefix reconstruction missing; full-history scalar rolling oracle audited
research_stage61,2025-10-24,sma_20,,184.6655006408692,registered_market_warmup_truncated_at_legacy_sample_start,legacy_start=2025-10-01; legacy_position=17; required_preceding_sessions=19; old-prefix reconstruction missing; full-history scalar rolling oracle audited
research_stage61,2025-10-27,sma_20,,185.1475006103516,registered_market_warmup_truncated_at_legacy_sample_start,legacy_start=2025-10-01; legacy_position=18; required_preceding_sessions=19; old-prefix reconstruction missing; full-history scalar rolling oracle audited
research_stage61,2025-10-01,sma_60,,175.914000193278,registered_market_warmup_truncated_at_legacy_sample_start,legacy_start=2025-10-01; legacy_position=0; required_preceding_sessions=59; old-prefix reconstruction missing; full-history scalar rolling oracle audited
research_stage61,2025-10-02,sma_60,,176.34750010172527,registered_market_warmup_truncated_at_legacy_sample_start,legacy_start=2025-10-01; legacy_position=1; required_preceding_sessions=59; old-prefix reconstruction missing; full-history scalar rolling oracle audited
research_stage61,2025-10-03,sma_60,,176.7394999186198,registered_market_warmup_truncated_at_legacy_sample_start,legacy_start=2025-10-01; legacy_position=2; required_preceding_sessions=59; old-prefix reconstruction missing; full-history scalar rolling oracle audited
research_stage61,2025-10-06,sma_60,,177.08316650390626,registered_market_warmup_truncated_at_legacy_sample_start,legacy_start=2025-10-01; legacy_position=3; required_preceding_sessions=59; old-prefix reconstruction missing; full-history scalar rolling oracle audited
research_stage61,2025-10-07,sma_60,,177.43266626993815,registered_market_warmup_truncated_at_legacy_sample_start,legacy_start=2025-10-01; legacy_position=4; required_preceding_sessions=59; old-prefix reconstruction missing; full-history scalar rolling oracle audited
research_stage61,2025-10-08,sma_60,,177.73949966430663,registered_market_warmup_truncated_at_legacy_sample_start,legacy_start=2025-10-01; legacy_position=5; required_preceding_sessions=59; old-prefix reconstruction missing; full-history scalar rolling oracle audited
research_stage61,2025-10-09,sma_60,,178.09283320109049,registered_market_warmup_truncated_at_legacy_sample_start,legacy_start=2025-10-01; legacy_position=6; required_preceding_sessions=59; old-prefix reconstruction missing; full-history scalar rolling oracle audited
research_stage61,2025-10-10,sma_60,,178.26216659545898,registered_market_warmup_truncated_at_legacy_sample_start,legacy_start=2025-10-01; legacy_position=7; required_preceding_sessions=59; old-prefix reconstruction missing; full-history scalar rolling oracle audited
research_stage61,2025-10-13,sma_60,,178.5273333231608,registered_market_warmup_truncated_at_legacy_sample_start,legacy_start=2025-10-01; legacy_position=8; required_preceding_sessions=59; old-prefix reconstruction missing; full-history scalar rolling oracle audited
research_stage61,2025-10-14,sma_60,,178.6714998881022,registered_market_warmup_truncated_at_legacy_sample_start,legacy_start=2025-10-01; legacy_position=9; required_preceding_sessions=59; old-prefix reconstruction missing; full-history scalar rolling oracle audited
research_stage61,2025-10-15,sma_60,,178.88483327229818,registered_market_warmup_truncated_at_legacy_sample_start,legacy_start=2025-10-01; legacy_position=10; required_preceding_sessions=59; old-prefix reconstruction missing; full-history scalar rolling oracle audited
research_stage61,2025-10-16,sma_60,,179.06866658528645,registered_market_warmup_truncated_at_legacy_sample_start,legacy_start=2025-10-01; legacy_position=11; required_preceding_sessions=59; old-prefix reconstruction missing; full-history scalar rolling oracle audited
research_stage61,2025-10-17,sma_60,,179.22666651407877,registered_market_warmup_truncated_at_legacy_sample_start,legacy_start=2025-10-01; legacy_position=12; required_preceding_sessions=59; old-prefix reconstruction missing; full-history scalar rolling oracle audited
research_stage61,2025-10-20,sma_60,,179.37899983723958,registered_market_warmup_truncated_at_legacy_sample_start,legacy_start=2025-10-01; legacy_position=13; required_preceding_sessions=59; old-prefix reconstruction missing; full-history scalar rolling oracle audited
research_stage61,2025-10-21,sma_60,,179.45249989827474,registered_market_warmup_truncated_at_legacy_sample_start,legacy_start=2025-10-01; legacy_position=14; required_preceding_sessions=59; old-prefix reconstruction missing; full-history scalar rolling oracle audited
research_stage61,2025-10-22,sma_60,,179.53199996948243,registered_market_warmup_truncated_at_legacy_sample_start,legacy_start=2025-10-01; legacy_position=15; required_preceding_sessions=59; old-prefix reconstruction missing; full-history scalar rolling oracle audited
research_stage61,2025-10-23,sma_60,,179.58016662597657,registered_market_warmup_truncated_at_legacy_sample_start,legacy_start=2025-10-01; legacy_position=16; required_preceding_sessions=59; old-prefix reconstruction missing; full-history scalar rolling oracle audited
research_stage61,2025-10-24,sma_60,,179.71999994913736,registered_market_warmup_truncated_at_legacy_sample_start,legacy_start=2025-10-01; legacy_position=17; required_preceding_sessions=59; old-prefix reconstruction missing; full-history scalar rolling oracle audited
research_stage61,2025-10-27,sma_60,,180.01616668701172,registered_market_warmup_truncated_at_legacy_sample_start,legacy_start=2025-10-01; legacy_position=18; required_preceding_sessions=59; old-prefix reconstruction missing; full-history scalar rolling oracle audited
research_stage61,2025-10-28,sma_60,,180.36666666666667,registered_market_warmup_truncated_at_legacy_sample_start,legacy_start=2025-10-01; legacy_position=19; required_preceding_sessions=59; old-prefix reconstruction missing; full-history scalar rolling oracle audited
research_stage61,2025-10-29,sma_60,,180.8463333129883,registered_market_warmup_truncated_at_legacy_sample_start,legacy_start=2025-10-01; legacy_position=20; required_preceding_sessions=59; old-prefix reconstruction missing; full-history scalar rolling oracle audited
research_stage61,2025-10-30,sma_60,,181.2375,registered_market_warmup_truncated_at_legacy_sample_start,legacy_start=2025-10-01; legacy_position=21; required_preceding_sessions=59; old-prefix reconstruction missing; full-history scalar rolling oracle audited
research_stage61,2025-10-31,sma_60,,181.59950002034503,registered_market_warmup_truncated_at_legacy_sample_start,legacy_start=2025-10-01; legacy_position=22; required_preceding_sessions=59; old-prefix reconstruction missing; full-history scalar rolling oracle audited
research_stage61,2025-11-03,sma_60,,182.00250015258788,registered_market_warmup_truncated_at_legacy_sample_start,legacy_start=2025-10-01; legacy_position=23; required_preceding_sessions=59; old-prefix reconstruction missing; full-history scalar rolling oracle audited
research_stage61,2025-11-04,sma_60,,182.2796669006348,registered_market_warmup_truncated_at_legacy_sample_start,legacy_start=2025-10-01; legacy_position=24; required_preceding_sessions=59; old-prefix reconstruction missing; full-history scalar rolling oracle audited
research_stage61,2025-11-05,sma_60,,182.48050028483075,registered_market_warmup_truncated_at_legacy_sample_start,legacy_start=2025-10-01; legacy_position=25; required_preceding_sessions=59; old-prefix reconstruction missing; full-history scalar rolling oracle audited
research_stage61,2025-11-06,sma_60,,182.5886670430501,registered_market_warmup_truncated_at_legacy_sample_start,legacy_start=2025-10-01; legacy_position=26; required_preceding_sessions=59; old-prefix reconstruction missing; full-history scalar rolling oracle audited
research_stage61,2025-11-07,sma_60,,182.69083353678383,registered_market_warmup_truncated_at_legacy_sample_start,legacy_start=2025-10-01; legacy_position=27; required_preceding_sessions=59; old-prefix reconstruction missing; full-history scalar rolling oracle audited
research_stage61,2025-11-10,sma_60,,183.0008336385091,registered_market_warmup_truncated_at_legacy_sample_start,legacy_start=2025-10-01; legacy_position=28; required_preceding_sessions=59; old-prefix reconstruction missing; full-history scalar rolling oracle audited
research_stage61,2025-11-11,sma_60,,183.1866671244304,registered_market_warmup_truncated_at_legacy_sample_start,legacy_start=2025-10-01; legacy_position=29; required_preceding_sessions=59; old-prefix reconstruction missing; full-history scalar rolling oracle audited
research_stage61,2025-11-12,sma_60,,183.4893338521321,registered_market_warmup_truncated_at_legacy_sample_start,legacy_start=2025-10-01; legacy_position=30; required_preceding_sessions=59; old-prefix reconstruction missing; full-history scalar rolling oracle audited
research_stage61,2025-11-13,sma_60,,183.68033396403,registered_market_warmup_truncated_at_legacy_sample_start,legacy_start=2025-10-01; legacy_position=31; required_preceding_sessions=59; old-prefix reconstruction missing; full-history scalar rolling oracle audited
research_stage61,2025-11-14,sma_60,,183.93350067138672,registered_market_warmup_truncated_at_legacy_sample_start,legacy_start=2025-10-01; legacy_position=32; required_preceding_sessions=59; old-prefix reconstruction missing; full-history scalar rolling oracle audited
research_stage61,2025-11-17,sma_60,,184.07700068155924,registered_market_warmup_truncated_at_legacy_sample_start,legacy_start=2025-10-01; legacy_position=33; required_preceding_sessions=59; old-prefix reconstruction missing; full-history scalar rolling oracle audited
research_stage61,2025-11-18,sma_60,,184.1028340657552,registered_market_warmup_truncated_at_legacy_sample_start,legacy_start=2025-10-01; legacy_position=34; required_preceding_sessions=59; old-prefix reconstruction missing; full-history scalar rolling oracle audited
research_stage61,2025-11-19,sma_60,,184.18200073242187,registered_market_warmup_truncated_at_legacy_sample_start,legacy_start=2025-10-01; legacy_position=35; required_preceding_sessions=59; old-prefix reconstruction missing; full-history scalar rolling oracle audited
research_stage61,2025-11-20,sma_60,,184.1660006205241,registered_market_warmup_truncated_at_legacy_sample_start,legacy_start=2025-10-01; legacy_position=36; required_preceding_sessions=59; old-prefix reconstruction missing; full-history scalar rolling oracle audited
research_stage61,2025-11-21,sma_60,,184.14450073242188,registered_market_warmup_truncated_at_legacy_sample_start,legacy_start=2025-10-01; legacy_position=37; required_preceding_sessions=59; old-prefix reconstruction missing; full-history scalar rolling oracle audited
research_stage61,2025-11-24,sma_60,,184.2840009053548,registered_market_warmup_truncated_at_legacy_sample_start,legacy_start=2025-10-01; legacy_position=38; required_preceding_sessions=59; old-prefix reconstruction missing; full-history scalar rolling oracle audited
research_stage61,2025-11-25,sma_60,,184.4013343811035,registered_market_warmup_truncated_at_legacy_sample_start,legacy_start=2025-10-01; legacy_position=39; required_preceding_sessions=59; old-prefix reconstruction missing; full-history scalar rolling oracle audited
research_stage61,2025-11-26,sma_60,,184.56200103759767,registered_market_warmup_truncated_at_legacy_sample_start,legacy_start=2025-10-01; legacy_position=40; required_preceding_sessions=59; old-prefix reconstruction missing; full-history scalar rolling oracle audited
research_stage61,2025-11-28,sma_60,,184.6510009765625,registered_market_warmup_truncated_at_legacy_sample_start,legacy_start=2025-10-01; legacy_position=41; required_preceding_sessions=59; old-prefix reconstruction missing; full-history scalar rolling oracle audited
research_stage61,2025-12-01,sma_60,,184.86600087483723,registered_market_warmup_truncated_at_legacy_sample_start,legacy_start=2025-10-01; legacy_position=42; required_preceding_sessions=59; old-prefix reconstruction missing; full-history scalar rolling oracle audited
research_stage61,2025-12-02,sma_60,,185.0851676940918,registered_market_warmup_truncated_at_legacy_sample_start,legacy_start=2025-10-01; legacy_position=43; required_preceding_sessions=59; old-prefix reconstruction missing; full-history scalar rolling oracle audited
research_stage61,2025-12-03,sma_60,,185.23233439127603,registered_market_warmup_truncated_at_legacy_sample_start,legacy_start=2025-10-01; legacy_position=44; required_preceding_sessions=59; old-prefix reconstruction missing; full-history scalar rolling oracle audited
research_stage61,2025-12-04,sma_60,,185.333167775472,registered_market_warmup_truncated_at_legacy_sample_start,legacy_start=2025-10-01; legacy_position=45; required_preceding_sessions=59; old-prefix reconstruction missing; full-history scalar rolling oracle audited
research_stage61,2025-12-05,sma_60,,185.42050120035807,registered_market_warmup_truncated_at_legacy_sample_start,legacy_start=2025-10-01; legacy_position=46; required_preceding_sessions=59; old-prefix reconstruction missing; full-history scalar rolling oracle audited
research_stage61,2025-12-08,sma_60,,185.54933446248373,registered_market_warmup_truncated_at_legacy_sample_start,legacy_start=2025-10-01; legacy_position=47; required_preceding_sessions=59; old-prefix reconstruction missing; full-history scalar rolling oracle audited
research_stage61,2025-12-09,sma_60,,185.6696678161621,registered_market_warmup_truncated_at_legacy_sample_start,legacy_start=2025-10-01; legacy_position=48; required_preceding_sessions=59; old-prefix reconstruction missing; full-history scalar rolling oracle audited
research_stage61,2025-12-10,sma_60,,185.8180010477702,registered_market_warmup_truncated_at_legacy_sample_start,legacy_start=2025-10-01; legacy_position=49; required_preceding_sessions=59; old-prefix reconstruction missing; full-history scalar rolling oracle audited
research_stage61,2025-12-11,sma_60,,185.99533437093092,registered_market_warmup_truncated_at_legacy_sample_start,legacy_start=2025-10-01; legacy_position=50; required_preceding_sessions=59; old-prefix reconstruction missing; full-history scalar rolling oracle audited
research_stage61,2025-12-12,sma_60,,185.9750010172526,registered_market_warmup_truncated_at_legacy_sample_start,legacy_start=2025-10-01; legacy_position=51; required_preceding_sessions=59; old-prefix reconstruction missing; full-history scalar rolling oracle audited
research_stage61,2025-12-15,sma_60,,185.96866760253903,registered_market_warmup_truncated_at_legacy_sample_start,legacy_start=2025-10-01; legacy_position=52; required_preceding_sessions=59; old-prefix reconstruction missing; full-history scalar rolling oracle audited
research_stage61,2025-12-16,sma_60,,185.87050094604493,registered_market_warmup_truncated_at_legacy_sample_start,legacy_start=2025-10-01; legacy_position=53; required_preceding_sessions=59; old-prefix reconstruction missing; full-history scalar rolling oracle audited
research_stage61,2025-12-17,sma_60,,185.745667775472,registered_market_warmup_truncated_at_legacy_sample_start,legacy_start=2025-10-01; legacy_position=54; required_preceding_sessions=59; old-prefix reconstruction missing; full-history scalar rolling oracle audited
research_stage61,2025-12-18,sma_60,,185.69850107828776,registered_market_warmup_truncated_at_legacy_sample_start,legacy_start=2025-10-01; legacy_position=55; required_preceding_sessions=59; old-prefix reconstruction missing; full-history scalar rolling oracle audited
research_stage61,2025-12-19,sma_60,,185.7535011291504,registered_market_warmup_truncated_at_legacy_sample_start,legacy_start=2025-10-01; legacy_position=56; required_preceding_sessions=59; old-prefix reconstruction missing; full-history scalar rolling oracle audited
research_stage61,2025-12-22,sma_60,,185.84516779581705,registered_market_warmup_truncated_at_legacy_sample_start,legacy_start=2025-10-01; legacy_position=57; required_preceding_sessions=59; old-prefix reconstruction missing; full-history scalar rolling oracle audited
research_stage61,2025-12-23,sma_60,,185.96783447265625,registered_market_warmup_truncated_at_legacy_sample_start,legacy_start=2025-10-01; legacy_position=58; required_preceding_sessions=59; old-prefix reconstruction missing; full-history scalar rolling oracle audited
research_stage61,2025-10-01,rolling_volatility_20,,0.0202367886146385,registered_market_warmup_truncated_at_legacy_sample_start,legacy_start=2025-10-01; legacy_position=0; required_preceding_sessions=20; old-prefix reconstruction missing; full-history scalar rolling oracle audited
research_stage61,2025-10-02,rolling_volatility_20,,0.0202546848042746,registered_market_warmup_truncated_at_legacy_sample_start,legacy_start=2025-10-01; legacy_position=1; required_preceding_sessions=20; old-prefix reconstruction missing; full-history scalar rolling oracle audited
research_stage61,2025-10-03,rolling_volatility_20,,0.0190376089542618,registered_market_warmup_truncated_at_legacy_sample_start,legacy_start=2025-10-01; legacy_position=2; required_preceding_sessions=20; old-prefix reconstruction missing; full-history scalar rolling oracle audited
research_stage61,2025-10-06,rolling_volatility_20,,0.0194091348208165,registered_market_warmup_truncated_at_legacy_sample_start,legacy_start=2025-10-01; legacy_position=3; required_preceding_sessions=20; old-prefix reconstruction missing; full-history scalar rolling oracle audited
research_stage61,2025-10-07,rolling_volatility_20,,0.0193482492414645,registered_market_warmup_truncated_at_legacy_sample_start,legacy_start=2025-10-01; legacy_position=4; required_preceding_sessions=20; old-prefix reconstruction missing; full-history scalar rolling oracle audited
research_stage61,2025-10-08,rolling_volatility_20,,0.0181239189566316,registered_market_warmup_truncated_at_legacy_sample_start,legacy_start=2025-10-01; legacy_position=5; required_preceding_sessions=20; old-prefix reconstruction missing; full-history scalar rolling oracle audited
research_stage61,2025-10-09,rolling_volatility_20,,0.0183918339998674,registered_market_warmup_truncated_at_legacy_sample_start,legacy_start=2025-10-01; legacy_position=6; required_preceding_sessions=20; old-prefix reconstruction missing; full-history scalar rolling oracle audited
research_stage61,2025-10-10,rolling_volatility_20,,0.0219075539818573,registered_market_warmup_truncated_at_legacy_sample_start,legacy_start=2025-10-01; legacy_position=7; required_preceding_sessions=20; old-prefix reconstruction missing; full-history scalar rolling oracle audited
research_stage61,2025-10-13,rolling_volatility_20,,0.0226807785998732,registered_market_warmup_truncated_at_legacy_sample_start,legacy_start=2025-10-01; legacy_position=8; required_preceding_sessions=20; old-prefix reconstruction missing; full-history scalar rolling oracle audited
research_stage61,2025-10-14,rolling_volatility_20,,0.0246951287681816,registered_market_warmup_truncated_at_legacy_sample_start,legacy_start=2025-10-01; legacy_position=9; required_preceding_sessions=20; old-prefix reconstruction missing; full-history scalar rolling oracle audited
research_stage61,2025-10-15,rolling_volatility_20,,0.0238197524402854,registered_market_warmup_truncated_at_legacy_sample_start,legacy_start=2025-10-01; legacy_position=10; required_preceding_sessions=20; old-prefix reconstruction missing; full-history scalar rolling oracle audited
research_stage61,2025-10-16,rolling_volatility_20,,0.0227059012515956,registered_market_warmup_truncated_at_legacy_sample_start,legacy_start=2025-10-01; legacy_position=11; required_preceding_sessions=20; old-prefix reconstruction missing; full-history scalar rolling oracle audited
research_stage61,2025-10-17,rolling_volatility_20,,0.0227448104894176,registered_market_warmup_truncated_at_legacy_sample_start,legacy_start=2025-10-01; legacy_position=12; required_preceding_sessions=20; old-prefix reconstruction missing; full-history scalar rolling oracle audited
research_stage61,2025-10-20,rolling_volatility_20,,0.0210034557782512,registered_market_warmup_truncated_at_legacy_sample_start,legacy_start=2025-10-01; legacy_position=13; required_preceding_sessions=20; old-prefix reconstruction missing; full-history scalar rolling oracle audited
research_stage61,2025-10-21,rolling_volatility_20,,0.020043896811532,registered_market_warmup_truncated_at_legacy_sample_start,legacy_start=2025-10-01; legacy_position=14; required_preceding_sessions=20; old-prefix reconstruction missing; full-history scalar rolling oracle audited
research_stage61,2025-10-22,rolling_volatility_20,,0.0199778206188902,registered_market_warmup_truncated_at_legacy_sample_start,legacy_start=2025-10-01; legacy_position=15; required_preceding_sessions=20; old-prefix reconstruction missing; full-history scalar rolling oracle audited
research_stage61,2025-10-23,rolling_volatility_20,,0.0200776009946137,registered_market_warmup_truncated_at_legacy_sample_start,legacy_start=2025-10-01; legacy_position=16; required_preceding_sessions=20; old-prefix reconstruction missing; full-history scalar rolling oracle audited
research_stage61,2025-10-24,rolling_volatility_20,,0.0206241665342425,registered_market_warmup_truncated_at_legacy_sample_start,legacy_start=2025-10-01; legacy_position=17; required_preceding_sessions=20; old-prefix reconstruction missing; full-history scalar rolling oracle audited
research_stage61,2025-10-27,rolling_volatility_20,,0.0210375068596612,registered_market_warmup_truncated_at_legacy_sample_start,legacy_start=2025-10-01; legacy_position=18; required_preceding_sessions=20; old-prefix reconstruction missing; full-history scalar rolling oracle audited
research_stage61,2025-10-28,rolling_volatility_20,,0.0230020679214846,registered_market_warmup_truncated_at_legacy_sample_start,legacy_start=2025-10-01; legacy_position=19; required_preceding_sessions=20; old-prefix reconstruction missing; full-history scalar rolling oracle audited
research_stage61,2025-10-01,rolling_volatility_60,,0.0175223613420753,registered_market_warmup_truncated_at_legacy_sample_start,legacy_start=2025-10-01; legacy_position=0; required_preceding_sessions=60; old-prefix reconstruction missing; full-history scalar rolling oracle audited
research_stage61,2025-10-02,rolling_volatility_60,,0.0174269325128197,registered_market_warmup_truncated_at_legacy_sample_start,legacy_start=2025-10-01; legacy_position=1; required_preceding_sessions=60; old-prefix reconstruction missing; full-history scalar rolling oracle audited
research_stage61,2025-10-03,rolling_volatility_60,,0.0174562053601234,registered_market_warmup_truncated_at_legacy_sample_start,legacy_start=2025-10-01; legacy_position=2; required_preceding_sessions=60; old-prefix reconstruction missing; full-history scalar rolling oracle audited
research_stage61,2025-10-06,rolling_volatility_60,,0.0175386947271572,registered_market_warmup_truncated_at_legacy_sample_start,legacy_start=2025-10-01; legacy_position=3; required_preceding_sessions=60; old-prefix reconstruction missing; full-history scalar rolling oracle audited
research_stage61,2025-10-07,rolling_volatility_60,,0.0175242849776375,registered_market_warmup_truncated_at_legacy_sample_start,legacy_start=2025-10-01; legacy_position=4; required_preceding_sessions=60; old-prefix reconstruction missing; full-history scalar rolling oracle audited
research_stage61,2025-10-08,rolling_volatility_60,,0.0169963053937176,registered_market_warmup_truncated_at_legacy_sample_start,legacy_start=2025-10-01; legacy_position=5; required_preceding_sessions=60; old-prefix reconstruction missing; full-history scalar rolling oracle audited
research_stage61,2025-10-09,rolling_volatility_60,,0.0171268025299393,registered_market_warmup_truncated_at_legacy_sample_start,legacy_start=2025-10-01; legacy_position=6; required_preceding_sessions=60; old-prefix reconstruction missing; full-history scalar rolling oracle audited
research_stage61,2025-10-10,rolling_volatility_60,,0.0183149733760373,registered_market_warmup_truncated_at_legacy_sample_start,legacy_start=2025-10-01; legacy_position=7; required_preceding_sessions=60; old-prefix reconstruction missing; full-history scalar rolling oracle audited
research_stage61,2025-10-13,rolling_volatility_60,,0.0186337249644588,registered_market_warmup_truncated_at_legacy_sample_start,legacy_start=2025-10-01; legacy_position=8; required_preceding_sessions=60; old-prefix reconstruction missing; full-history scalar rolling oracle audited
research_stage61,2025-10-14,rolling_volatility_60,,0.0195234677556496,registered_market_warmup_truncated_at_legacy_sample_start,legacy_start=2025-10-01; legacy_position=9; required_preceding_sessions=60; old-prefix reconstruction missing; full-history scalar rolling oracle audited
research_stage61,2025-10-15,rolling_volatility_60,,0.0192164113664056,registered_market_warmup_truncated_at_legacy_sample_start,legacy_start=2025-10-01; legacy_position=10; required_preceding_sessions=60; old-prefix reconstruction missing; full-history scalar rolling oracle audited
research_stage61,2025-10-16,rolling_volatility_60,,0.0190602520217094,registered_market_warmup_truncated_at_legacy_sample_start,legacy_start=2025-10-01; legacy_position=11; required_preceding_sessions=60; old-prefix reconstruction missing; full-history scalar rolling oracle audited
research_stage61,2025-10-17,rolling_volatility_60,,0.018962912881829,registered_market_warmup_truncated_at_legacy_sample_start,legacy_start=2025-10-01; legacy_position=12; required_preceding_sessions=60; old-prefix reconstruction missing; full-history scalar rolling oracle audited
research_stage61,2025-10-20,rolling_volatility_60,,0.0189682097088128,registered_market_warmup_truncated_at_legacy_sample_start,legacy_start=2025-10-01; legacy_position=13; required_preceding_sessions=60; old-prefix reconstruction missing; full-history scalar rolling oracle audited
research_stage61,2025-10-21,rolling_volatility_60,,0.0188598902664208,registered_market_warmup_truncated_at_legacy_sample_start,legacy_start=2025-10-01; legacy_position=14; required_preceding_sessions=60; old-prefix reconstruction missing; full-history scalar rolling oracle audited
research_stage61,2025-10-22,rolling_volatility_60,,0.0188472009371926,registered_market_warmup_truncated_at_legacy_sample_start,legacy_start=2025-10-01; legacy_position=15; required_preceding_sessions=60; old-prefix reconstruction missing; full-history scalar rolling oracle audited
research_stage61,2025-10-23,rolling_volatility_60,,0.018694356971251,registered_market_warmup_truncated_at_legacy_sample_start,legacy_start=2025-10-01; legacy_position=16; required_preceding_sessions=60; old-prefix reconstruction missing; full-history scalar rolling oracle audited
research_stage61,2025-10-24,rolling_volatility_60,,0.0188764614350336,registered_market_warmup_truncated_at_legacy_sample_start,legacy_start=2025-10-01; legacy_position=17; required_preceding_sessions=60; old-prefix reconstruction missing; full-history scalar rolling oracle audited
research_stage61,2025-10-27,rolling_volatility_60,,0.0189226133582574,registered_market_warmup_truncated_at_legacy_sample_start,legacy_start=2025-10-01; legacy_position=18; required_preceding_sessions=60; old-prefix reconstruction missing; full-history scalar rolling oracle audited
research_stage61,2025-10-28,rolling_volatility_60,,0.0194189654820936,registered_market_warmup_truncated_at_legacy_sample_start,legacy_start=2025-10-01; legacy_position=19; required_preceding_sessions=60; old-prefix reconstruction missing; full-history scalar rolling oracle audited
research_stage61,2025-10-29,rolling_volatility_60,,0.0196849649734521,registered_market_warmup_truncated_at_legacy_sample_start,legacy_start=2025-10-01; legacy_position=20; required_preceding_sessions=60; old-prefix reconstruction missing; full-history scalar rolling oracle audited
research_stage61,2025-10-30,rolling_volatility_60,,0.0198949855453324,registered_market_warmup_truncated_at_legacy_sample_start,legacy_start=2025-10-01; legacy_position=21; required_preceding_sessions=60; old-prefix reconstruction missing; full-history scalar rolling oracle audited
research_stage61,2025-10-31,rolling_volatility_60,,0.0198900525837026,registered_market_warmup_truncated_at_legacy_sample_start,legacy_start=2025-10-01; legacy_position=22; required_preceding_sessions=60; old-prefix reconstruction missing; full-history scalar rolling oracle audited
research_stage61,2025-11-03,rolling_volatility_60,,0.020020885726004,registered_market_warmup_truncated_at_legacy_sample_start,legacy_start=2025-10-01; legacy_position=23; required_preceding_sessions=60; old-prefix reconstruction missing; full-history scalar rolling oracle audited
research_stage61,2025-11-04,rolling_volatility_60,,0.0207268196446643,registered_market_warmup_truncated_at_legacy_sample_start,legacy_start=2025-10-01; legacy_position=24; required_preceding_sessions=60; old-prefix reconstruction missing; full-history scalar rolling oracle audited
research_stage61,2025-11-05,rolling_volatility_60,,0.0208652374624989,registered_market_warmup_truncated_at_legacy_sample_start,legacy_start=2025-10-01; legacy_position=25; required_preceding_sessions=60; old-prefix reconstruction missing; full-history scalar rolling oracle audited
research_stage61,2025-11-06,rolling_volatility_60,,0.0213942332756878,registered_market_warmup_truncated_at_legacy_sample_start,legacy_start=2025-10-01; legacy_position=26; required_preceding_sessions=60; old-prefix reconstruction missing; full-history scalar rolling oracle audited
research_stage61,2025-11-07,rolling_volatility_60,,0.0213933230119324,registered_market_warmup_truncated_at_legacy_sample_start,legacy_start=2025-10-01; legacy_position=27; required_preceding_sessions=60; old-prefix reconstruction missing; full-history scalar rolling oracle audited
research_stage61,2025-11-10,rolling_volatility_60,,0.0225896318142479,registered_market_warmup_truncated_at_legacy_sample_start,legacy_start=2025-10-01; legacy_position=28; required_preceding_sessions=60; old-prefix reconstruction missing; full-history scalar rolling oracle audited
research_stage61,2025-11-11,rolling_volatility_60,,0.0229324732456488,registered_market_warmup_truncated_at_legacy_sample_start,legacy_start=2025-10-01; legacy_position=29; required_preceding_sessions=60; old-prefix reconstruction missing; full-history scalar rolling oracle audited
research_stage61,2025-11-12,rolling_volatility_60,,0.0224340422542092,registered_market_warmup_truncated_at_legacy_sample_start,legacy_start=2025-10-01; legacy_position=30; required_preceding_sessions=60; old-prefix reconstruction missing; full-history scalar rolling oracle audited
research_stage61,2025-11-13,rolling_volatility_60,,0.0229534150887171,registered_market_warmup_truncated_at_legacy_sample_start,legacy_start=2025-10-01; legacy_position=31; required_preceding_sessions=60; old-prefix reconstruction missing; full-history scalar rolling oracle audited
research_stage61,2025-11-14,rolling_volatility_60,,0.0230449620025803,registered_market_warmup_truncated_at_legacy_sample_start,legacy_start=2025-10-01; legacy_position=32; required_preceding_sessions=60; old-prefix reconstruction missing; full-history scalar rolling oracle audited
research_stage61,2025-11-17,rolling_volatility_60,,0.0231013805434824,registered_market_warmup_truncated_at_legacy_sample_start,legacy_start=2025-10-01; legacy_position=33; required_preceding_sessions=60; old-prefix reconstruction missing; full-history scalar rolling oracle audited
research_stage61,2025-11-18,rolling_volatility_60,,0.0233712638160087,registered_market_warmup_truncated_at_legacy_sample_start,legacy_start=2025-10-01; legacy_position=34; required_preceding_sessions=60; old-prefix reconstruction missing; full-history scalar rolling oracle audited
research_stage61,2025-11-19,rolling_volatility_60,,0.0236133573735011,registered_market_warmup_truncated_at_legacy_sample_start,legacy_start=2025-10-01; legacy_position=35; required_preceding_sessions=60; old-prefix reconstruction missing; full-history scalar rolling oracle audited
research_stage61,2025-11-20,rolling_volatility_60,,0.0239767739594009,registered_market_warmup_truncated_at_legacy_sample_start,legacy_start=2025-10-01; legacy_position=36; required_preceding_sessions=60; old-prefix reconstruction missing; full-history scalar rolling oracle audited
research_stage61,2025-11-21,rolling_volatility_60,,0.0239886425454614,registered_market_warmup_truncated_at_legacy_sample_start,legacy_start=2025-10-01; legacy_position=37; required_preceding_sessions=60; old-prefix reconstruction missing; full-history scalar rolling oracle audited
research_stage61,2025-11-24,rolling_volatility_60,,0.0237221747082455,registered_market_warmup_truncated_at_legacy_sample_start,legacy_start=2025-10-01; legacy_position=38; required_preceding_sessions=60; old-prefix reconstruction missing; full-history scalar rolling oracle audited
research_stage61,2025-11-25,rolling_volatility_60,,0.0238302402381588,registered_market_warmup_truncated_at_legacy_sample_start,legacy_start=2025-10-01; legacy_position=39; required_preceding_sessions=60; old-prefix reconstruction missing; full-history scalar rolling oracle audited
research_stage61,2025-11-26,rolling_volatility_60,,0.023885617880912,registered_market_warmup_truncated_at_legacy_sample_start,legacy_start=2025-10-01; legacy_position=40; required_preceding_sessions=60; old-prefix reconstruction missing; full-history scalar rolling oracle audited
research_stage61,2025-11-28,rolling_volatility_60,,0.0240052556958329,registered_market_warmup_truncated_at_legacy_sample_start,legacy_start=2025-10-01; legacy_position=41; required_preceding_sessions=60; old-prefix reconstruction missing; full-history scalar rolling oracle audited
research_stage61,2025-12-01,rolling_volatility_60,,0.0238070393262963,registered_market_warmup_truncated_at_legacy_sample_start,legacy_start=2025-10-01; legacy_position=42; required_preceding_sessions=60; old-prefix reconstruction missing; full-history scalar rolling oracle audited
research_stage61,2025-12-02,rolling_volatility_60,,0.0238109754551178,registered_market_warmup_truncated_at_legacy_sample_start,legacy_start=2025-10-01; legacy_position=43; required_preceding_sessions=60; old-prefix reconstruction missing; full-history scalar rolling oracle audited
research_stage61,2025-12-03,rolling_volatility_60,,0.0237968213197805,registered_market_warmup_truncated_at_legacy_sample_start,legacy_start=2025-10-01; legacy_position=44; required_preceding_sessions=60; old-prefix reconstruction missing; full-history scalar rolling oracle audited
research_stage61,2025-12-04,rolling_volatility_60,,0.0234375863007353,registered_market_warmup_truncated_at_legacy_sample_start,legacy_start=2025-10-01; legacy_position=45; required_preceding_sessions=60; old-prefix reconstruction missing; full-history scalar rolling oracle audited
research_stage61,2025-12-05,rolling_volatility_60,,0.0234499206185155,registered_market_warmup_truncated_at_legacy_sample_start,legacy_start=2025-10-01; legacy_position=46; required_preceding_sessions=60; old-prefix reconstruction missing; full-history scalar rolling oracle audited
research_stage61,2025-12-08,rolling_volatility_60,,0.0235434490322473,registered_market_warmup_truncated_at_legacy_sample_start,legacy_start=2025-10-01; legacy_position=47; required_preceding_sessions=60; old-prefix reconstruction missing; full-history scalar rolling oracle audited
research_stage61,2025-12-09,rolling_volatility_60,,0.0235487962816792,registered_market_warmup_truncated_at_legacy_sample_start,legacy_start=2025-10-01; legacy_position=48; required_preceding_sessions=60; old-prefix reconstruction missing; full-history scalar rolling oracle audited
research_stage61,2025-12-10,rolling_volatility_60,,0.0234626024762756,registered_market_warmup_truncated_at_legacy_sample_start,legacy_start=2025-10-01; legacy_position=49; required_preceding_sessions=60; old-prefix reconstruction missing; full-history scalar rolling oracle audited
research_stage61,2025-12-11,rolling_volatility_60,,0.0232908005331298,registered_market_warmup_truncated_at_legacy_sample_start,legacy_start=2025-10-01; legacy_position=50; required_preceding_sessions=60; old-prefix reconstruction missing; full-history scalar rolling oracle audited
research_stage61,2025-12-12,rolling_volatility_60,,0.0232699257046472,registered_market_warmup_truncated_at_legacy_sample_start,legacy_start=2025-10-01; legacy_position=51; required_preceding_sessions=60; old-prefix reconstruction missing; full-history scalar rolling oracle audited
research_stage61,2025-12-15,rolling_volatility_60,,0.0232862588745793,registered_market_warmup_truncated_at_legacy_sample_start,legacy_start=2025-10-01; legacy_position=52; required_preceding_sessions=60; old-prefix reconstruction missing; full-history scalar rolling oracle audited
research_stage61,2025-12-16,rolling_volatility_60,,0.0227415973918782,registered_market_warmup_truncated_at_legacy_sample_start,legacy_start=2025-10-01; legacy_position=53; required_preceding_sessions=60; old-prefix reconstruction missing; full-history scalar rolling oracle audited
research_stage61,2025-12-17,rolling_volatility_60,,0.022983319775651,registered_market_warmup_truncated_at_legacy_sample_start,legacy_start=2025-10-01; legacy_position=54; required_preceding_sessions=60; old-prefix reconstruction missing; full-history scalar rolling oracle audited
research_stage61,2025-12-18,rolling_volatility_60,,0.0230921579790104,registered_market_warmup_truncated_at_legacy_sample_start,legacy_start=2025-10-01; legacy_position=55; required_preceding_sessions=60; old-prefix reconstruction missing; full-history scalar rolling oracle audited
research_stage61,2025-12-19,rolling_volatility_60,,0.0236399888176934,registered_market_warmup_truncated_at_legacy_sample_start,legacy_start=2025-10-01; legacy_position=56; required_preceding_sessions=60; old-prefix reconstruction missing; full-history scalar rolling oracle audited
research_stage61,2025-12-22,rolling_volatility_60,,0.0237108986299117,registered_market_warmup_truncated_at_legacy_sample_start,legacy_start=2025-10-01; legacy_position=57; required_preceding_sessions=60; old-prefix reconstruction missing; full-history scalar rolling oracle audited
research_stage61,2025-12-23,rolling_volatility_60,,0.0238764259059385,registered_market_warmup_truncated_at_legacy_sample_start,legacy_start=2025-10-01; legacy_position=58; required_preceding_sessions=60; old-prefix reconstruction missing; full-history scalar rolling oracle audited
research_stage61,2025-12-24,rolling_volatility_60,,0.0236533010933812,registered_market_warmup_truncated_at_legacy_sample_start,legacy_start=2025-10-01; legacy_position=59; required_preceding_sessions=60; old-prefix reconstruction missing; full-history scalar rolling oracle audited
research_stage61,2025-10-01,fundamental_effective_date,2025-10-01,2025-08-28,legacy_pre_window_filing_effective_date_left_censoring,same accession=0001045810-25-000209; filing=2025-08-27; legacy_start=2025-10-01; expanded_effective=2025-08-28; original-boundary reconstruction exact; independent next-session oracle
research_stage61,2025-10-02,fundamental_effective_date,2025-10-01,2025-08-28,legacy_pre_window_filing_effective_date_left_censoring,same accession=0001045810-25-000209; filing=2025-08-27; legacy_start=2025-10-01; expanded_effective=2025-08-28; original-boundary reconstruction exact; independent next-session oracle
research_stage61,2025-10-03,fundamental_effective_date,2025-10-01,2025-08-28,legacy_pre_window_filing_effective_date_left_censoring,same accession=0001045810-25-000209; filing=2025-08-27; legacy_start=2025-10-01; expanded_effective=2025-08-28; original-boundary reconstruction exact; independent next-session oracle
research_stage61,2025-10-06,fundamental_effective_date,2025-10-01,2025-08-28,legacy_pre_window_filing_effective_date_left_censoring,same accession=0001045810-25-000209; filing=2025-08-27; legacy_start=2025-10-01; expanded_effective=2025-08-28; original-boundary reconstruction exact; independent next-session oracle
research_stage61,2025-10-07,fundamental_effective_date,2025-10-01,2025-08-28,legacy_pre_window_filing_effective_date_left_censoring,same accession=0001045810-25-000209; filing=2025-08-27; legacy_start=2025-10-01; expanded_effective=2025-08-28; original-boundary reconstruction exact; independent next-session oracle
research_stage61,2025-10-08,fundamental_effective_date,2025-10-01,2025-08-28,legacy_pre_window_filing_effective_date_left_censoring,same accession=0001045810-25-000209; filing=2025-08-27; legacy_start=2025-10-01; expanded_effective=2025-08-28; original-boundary reconstruction exact; independent next-session oracle
research_stage61,2025-10-09,fundamental_effective_date,2025-10-01,2025-08-28,legacy_pre_window_filing_effective_date_left_censoring,same accession=0001045810-25-000209; filing=2025-08-27; legacy_start=2025-10-01; expanded_effective=2025-08-28; original-boundary reconstruction exact; independent next-session oracle
research_stage61,2025-10-10,fundamental_effective_date,2025-10-01,2025-08-28,legacy_pre_window_filing_effective_date_left_censoring,same accession=0001045810-25-000209; filing=2025-08-27; legacy_start=2025-10-01; expanded_effective=2025-08-28; original-boundary reconstruction exact; independent next-session oracle
research_stage61,2025-10-13,fundamental_effective_date,2025-10-01,2025-08-28,legacy_pre_window_filing_effective_date_left_censoring,same accession=0001045810-25-000209; filing=2025-08-27; legacy_start=2025-10-01; expanded_effective=2025-08-28; original-boundary reconstruction exact; independent next-session oracle
research_stage61,2025-10-14,fundamental_effective_date,2025-10-01,2025-08-28,legacy_pre_window_filing_effective_date_left_censoring,same accession=0001045810-25-000209; filing=2025-08-27; legacy_start=2025-10-01; expanded_effective=2025-08-28; original-boundary reconstruction exact; independent next-session oracle
research_stage61,2025-10-15,fundamental_effective_date,2025-10-01,2025-08-28,legacy_pre_window_filing_effective_date_left_censoring,same accession=0001045810-25-000209; filing=2025-08-27; legacy_start=2025-10-01; expanded_effective=2025-08-28; original-boundary reconstruction exact; independent next-session oracle
research_stage61,2025-10-16,fundamental_effective_date,2025-10-01,2025-08-28,legacy_pre_window_filing_effective_date_left_censoring,same accession=0001045810-25-000209; filing=2025-08-27; legacy_start=2025-10-01; expanded_effective=2025-08-28; original-boundary reconstruction exact; independent next-session oracle
research_stage61,2025-10-17,fundamental_effective_date,2025-10-01,2025-08-28,legacy_pre_window_filing_effective_date_left_censoring,same accession=0001045810-25-000209; filing=2025-08-27; legacy_start=2025-10-01; expanded_effective=2025-08-28; original-boundary reconstruction exact; independent next-session oracle
research_stage61,2025-10-20,fundamental_effective_date,2025-10-01,2025-08-28,legacy_pre_window_filing_effective_date_left_censoring,same accession=0001045810-25-000209; filing=2025-08-27; legacy_start=2025-10-01; expanded_effective=2025-08-28; original-boundary reconstruction exact; independent next-session oracle
research_stage61,2025-10-21,fundamental_effective_date,2025-10-01,2025-08-28,legacy_pre_window_filing_effective_date_left_censoring,same accession=0001045810-25-000209; filing=2025-08-27; legacy_start=2025-10-01; expanded_effective=2025-08-28; original-boundary reconstruction exact; independent next-session oracle
research_stage61,2025-10-22,fundamental_effective_date,2025-10-01,2025-08-28,legacy_pre_window_filing_effective_date_left_censoring,same accession=0001045810-25-000209; filing=2025-08-27; legacy_start=2025-10-01; expanded_effective=2025-08-28; original-boundary reconstruction exact; independent next-session oracle
research_stage61,2025-10-23,fundamental_effective_date,2025-10-01,2025-08-28,legacy_pre_window_filing_effective_date_left_censoring,same accession=0001045810-25-000209; filing=2025-08-27; legacy_start=2025-10-01; expanded_effective=2025-08-28; original-boundary reconstruction exact; independent next-session oracle
research_stage61,2025-10-24,fundamental_effective_date,2025-10-01,2025-08-28,legacy_pre_window_filing_effective_date_left_censoring,same accession=0001045810-25-000209; filing=2025-08-27; legacy_start=2025-10-01; expanded_effective=2025-08-28; original-boundary reconstruction exact; independent next-session oracle
research_stage61,2025-10-27,fundamental_effective_date,2025-10-01,2025-08-28,legacy_pre_window_filing_effective_date_left_censoring,same accession=0001045810-25-000209; filing=2025-08-27; legacy_start=2025-10-01; expanded_effective=2025-08-28; original-boundary reconstruction exact; independent next-session oracle
research_stage61,2025-10-28,fundamental_effective_date,2025-10-01,2025-08-28,legacy_pre_window_filing_effective_date_left_censoring,same accession=0001045810-25-000209; filing=2025-08-27; legacy_start=2025-10-01; expanded_effective=2025-08-28; original-boundary reconstruction exact; independent next-session oracle
research_stage61,2025-10-29,fundamental_effective_date,2025-10-01,2025-08-28,legacy_pre_window_filing_effective_date_left_censoring,same accession=0001045810-25-000209; filing=2025-08-27; legacy_start=2025-10-01; expanded_effective=2025-08-28; original-boundary reconstruction exact; independent next-session oracle
research_stage61,2025-10-30,fundamental_effective_date,2025-10-01,2025-08-28,legacy_pre_window_filing_effective_date_left_censoring,same accession=0001045810-25-000209; filing=2025-08-27; legacy_start=2025-10-01; expanded_effective=2025-08-28; original-boundary reconstruction exact; independent next-session oracle
research_stage61,2025-10-31,fundamental_effective_date,2025-10-01,2025-08-28,legacy_pre_window_filing_effective_date_left_censoring,same accession=0001045810-25-000209; filing=2025-08-27; legacy_start=2025-10-01; expanded_effective=2025-08-28; original-boundary reconstruction exact; independent next-session oracle
research_stage61,2025-11-03,fundamental_effective_date,2025-10-01,2025-08-28,legacy_pre_window_filing_effective_date_left_censoring,same accession=0001045810-25-000209; filing=2025-08-27; legacy_start=2025-10-01; expanded_effective=2025-08-28; original-boundary reconstruction exact; independent next-session oracle
research_stage61,2025-11-04,fundamental_effective_date,2025-10-01,2025-08-28,legacy_pre_window_filing_effective_date_left_censoring,same accession=0001045810-25-000209; filing=2025-08-27; legacy_start=2025-10-01; expanded_effective=2025-08-28; original-boundary reconstruction exact; independent next-session oracle
research_stage61,2025-11-05,fundamental_effective_date,2025-10-01,2025-08-28,legacy_pre_window_filing_effective_date_left_censoring,same accession=0001045810-25-000209; filing=2025-08-27; legacy_start=2025-10-01; expanded_effective=2025-08-28; original-boundary reconstruction exact; independent next-session oracle
research_stage61,2025-11-06,fundamental_effective_date,2025-10-01,2025-08-28,legacy_pre_window_filing_effective_date_left_censoring,same accession=0001045810-25-000209; filing=2025-08-27; legacy_start=2025-10-01; expanded_effective=2025-08-28; original-boundary reconstruction exact; independent next-session oracle
research_stage61,2025-11-07,fundamental_effective_date,2025-10-01,2025-08-28,legacy_pre_window_filing_effective_date_left_censoring,same accession=0001045810-25-000209; filing=2025-08-27; legacy_start=2025-10-01; expanded_effective=2025-08-28; original-boundary reconstruction exact; independent next-session oracle
research_stage61,2025-11-10,fundamental_effective_date,2025-10-01,2025-08-28,legacy_pre_window_filing_effective_date_left_censoring,same accession=0001045810-25-000209; filing=2025-08-27; legacy_start=2025-10-01; expanded_effective=2025-08-28; original-boundary reconstruction exact; independent next-session oracle
research_stage61,2025-11-11,fundamental_effective_date,2025-10-01,2025-08-28,legacy_pre_window_filing_effective_date_left_censoring,same accession=0001045810-25-000209; filing=2025-08-27; legacy_start=2025-10-01; expanded_effective=2025-08-28; original-boundary reconstruction exact; independent next-session oracle
research_stage61,2025-11-12,fundamental_effective_date,2025-10-01,2025-08-28,legacy_pre_window_filing_effective_date_left_censoring,same accession=0001045810-25-000209; filing=2025-08-27; legacy_start=2025-10-01; expanded_effective=2025-08-28; original-boundary reconstruction exact; independent next-session oracle
research_stage61,2025-11-13,fundamental_effective_date,2025-10-01,2025-08-28,legacy_pre_window_filing_effective_date_left_censoring,same accession=0001045810-25-000209; filing=2025-08-27; legacy_start=2025-10-01; expanded_effective=2025-08-28; original-boundary reconstruction exact; independent next-session oracle
research_stage61,2025-11-14,fundamental_effective_date,2025-10-01,2025-08-28,legacy_pre_window_filing_effective_date_left_censoring,same accession=0001045810-25-000209; filing=2025-08-27; legacy_start=2025-10-01; expanded_effective=2025-08-28; original-boundary reconstruction exact; independent next-session oracle
research_stage61,2025-11-17,fundamental_effective_date,2025-10-01,2025-08-28,legacy_pre_window_filing_effective_date_left_censoring,same accession=0001045810-25-000209; filing=2025-08-27; legacy_start=2025-10-01; expanded_effective=2025-08-28; original-boundary reconstruction exact; independent next-session oracle
research_stage61,2025-11-18,fundamental_effective_date,2025-10-01,2025-08-28,legacy_pre_window_filing_effective_date_left_censoring,same accession=0001045810-25-000209; filing=2025-08-27; legacy_start=2025-10-01; expanded_effective=2025-08-28; original-boundary reconstruction exact; independent next-session oracle
research_stage61,2025-11-19,fundamental_effective_date,2025-10-01,2025-08-28,legacy_pre_window_filing_effective_date_left_censoring,same accession=0001045810-25-000209; filing=2025-08-27; legacy_start=2025-10-01; expanded_effective=2025-08-28; original-boundary reconstruction exact; independent next-session oracle
research_stage61,2025-10-01,days_since_effective_date,0,34.0,legacy_pre_window_filing_effective_date_left_censoring,same accession=0001045810-25-000209; filing=2025-08-27; legacy_start=2025-10-01; expanded_effective=2025-08-28; original-boundary reconstruction exact; independent next-session oracle
research_stage61,2025-10-02,days_since_effective_date,1,35.0,legacy_pre_window_filing_effective_date_left_censoring,same accession=0001045810-25-000209; filing=2025-08-27; legacy_start=2025-10-01; expanded_effective=2025-08-28; original-boundary reconstruction exact; independent next-session oracle
research_stage61,2025-10-03,days_since_effective_date,2,36.0,legacy_pre_window_filing_effective_date_left_censoring,same accession=0001045810-25-000209; filing=2025-08-27; legacy_start=2025-10-01; expanded_effective=2025-08-28; original-boundary reconstruction exact; independent next-session oracle
research_stage61,2025-10-06,days_since_effective_date,5,39.0,legacy_pre_window_filing_effective_date_left_censoring,same accession=0001045810-25-000209; filing=2025-08-27; legacy_start=2025-10-01; expanded_effective=2025-08-28; original-boundary reconstruction exact; independent next-session oracle
research_stage61,2025-10-07,days_since_effective_date,6,40.0,legacy_pre_window_filing_effective_date_left_censoring,same accession=0001045810-25-000209; filing=2025-08-27; legacy_start=2025-10-01; expanded_effective=2025-08-28; original-boundary reconstruction exact; independent next-session oracle
research_stage61,2025-10-08,days_since_effective_date,7,41.0,legacy_pre_window_filing_effective_date_left_censoring,same accession=0001045810-25-000209; filing=2025-08-27; legacy_start=2025-10-01; expanded_effective=2025-08-28; original-boundary reconstruction exact; independent next-session oracle
research_stage61,2025-10-09,days_since_effective_date,8,42.0,legacy_pre_window_filing_effective_date_left_censoring,same accession=0001045810-25-000209; filing=2025-08-27; legacy_start=2025-10-01; expanded_effective=2025-08-28; original-boundary reconstruction exact; independent next-session oracle
research_stage61,2025-10-10,days_since_effective_date,9,43.0,legacy_pre_window_filing_effective_date_left_censoring,same accession=0001045810-25-000209; filing=2025-08-27; legacy_start=2025-10-01; expanded_effective=2025-08-28; original-boundary reconstruction exact; independent next-session oracle
research_stage61,2025-10-13,days_since_effective_date,12,46.0,legacy_pre_window_filing_effective_date_left_censoring,same accession=0001045810-25-000209; filing=2025-08-27; legacy_start=2025-10-01; expanded_effective=2025-08-28; original-boundary reconstruction exact; independent next-session oracle
research_stage61,2025-10-14,days_since_effective_date,13,47.0,legacy_pre_window_filing_effective_date_left_censoring,same accession=0001045810-25-000209; filing=2025-08-27; legacy_start=2025-10-01; expanded_effective=2025-08-28; original-boundary reconstruction exact; independent next-session oracle
research_stage61,2025-10-15,days_since_effective_date,14,48.0,legacy_pre_window_filing_effective_date_left_censoring,same accession=0001045810-25-000209; filing=2025-08-27; legacy_start=2025-10-01; expanded_effective=2025-08-28; original-boundary reconstruction exact; independent next-session oracle
research_stage61,2025-10-16,days_since_effective_date,15,49.0,legacy_pre_window_filing_effective_date_left_censoring,same accession=0001045810-25-000209; filing=2025-08-27; legacy_start=2025-10-01; expanded_effective=2025-08-28; original-boundary reconstruction exact; independent next-session oracle
research_stage61,2025-10-17,days_since_effective_date,16,50.0,legacy_pre_window_filing_effective_date_left_censoring,same accession=0001045810-25-000209; filing=2025-08-27; legacy_start=2025-10-01; expanded_effective=2025-08-28; original-boundary reconstruction exact; independent next-session oracle
research_stage61,2025-10-20,days_since_effective_date,19,53.0,legacy_pre_window_filing_effective_date_left_censoring,same accession=0001045810-25-000209; filing=2025-08-27; legacy_start=2025-10-01; expanded_effective=2025-08-28; original-boundary reconstruction exact; independent next-session oracle
research_stage61,2025-10-21,days_since_effective_date,20,54.0,legacy_pre_window_filing_effective_date_left_censoring,same accession=0001045810-25-000209; filing=2025-08-27; legacy_start=2025-10-01; expanded_effective=2025-08-28; original-boundary reconstruction exact; independent next-session oracle
research_stage61,2025-10-22,days_since_effective_date,21,55.0,legacy_pre_window_filing_effective_date_left_censoring,same accession=0001045810-25-000209; filing=2025-08-27; legacy_start=2025-10-01; expanded_effective=2025-08-28; original-boundary reconstruction exact; independent next-session oracle
research_stage61,2025-10-23,days_since_effective_date,22,56.0,legacy_pre_window_filing_effective_date_left_censoring,same accession=0001045810-25-000209; filing=2025-08-27; legacy_start=2025-10-01; expanded_effective=2025-08-28; original-boundary reconstruction exact; independent next-session oracle
research_stage61,2025-10-24,days_since_effective_date,23,57.0,legacy_pre_window_filing_effective_date_left_censoring,same accession=0001045810-25-000209; filing=2025-08-27; legacy_start=2025-10-01; expanded_effective=2025-08-28; original-boundary reconstruction exact; independent next-session oracle
research_stage61,2025-10-27,days_since_effective_date,26,60.0,legacy_pre_window_filing_effective_date_left_censoring,same accession=0001045810-25-000209; filing=2025-08-27; legacy_start=2025-10-01; expanded_effective=2025-08-28; original-boundary reconstruction exact; independent next-session oracle
research_stage61,2025-10-28,days_since_effective_date,27,61.0,legacy_pre_window_filing_effective_date_left_censoring,same accession=0001045810-25-000209; filing=2025-08-27; legacy_start=2025-10-01; expanded_effective=2025-08-28; original-boundary reconstruction exact; independent next-session oracle
research_stage61,2025-10-29,days_since_effective_date,28,62.0,legacy_pre_window_filing_effective_date_left_censoring,same accession=0001045810-25-000209; filing=2025-08-27; legacy_start=2025-10-01; expanded_effective=2025-08-28; original-boundary reconstruction exact; independent next-session oracle
research_stage61,2025-10-30,days_since_effective_date,29,63.0,legacy_pre_window_filing_effective_date_left_censoring,same accession=0001045810-25-000209; filing=2025-08-27; legacy_start=2025-10-01; expanded_effective=2025-08-28; original-boundary reconstruction exact; independent next-session oracle
research_stage61,2025-10-31,days_since_effective_date,30,64.0,legacy_pre_window_filing_effective_date_left_censoring,same accession=0001045810-25-000209; filing=2025-08-27; legacy_start=2025-10-01; expanded_effective=2025-08-28; original-boundary reconstruction exact; independent next-session oracle
research_stage61,2025-11-03,days_since_effective_date,33,67.0,legacy_pre_window_filing_effective_date_left_censoring,same accession=0001045810-25-000209; filing=2025-08-27; legacy_start=2025-10-01; expanded_effective=2025-08-28; original-boundary reconstruction exact; independent next-session oracle
research_stage61,2025-11-04,days_since_effective_date,34,68.0,legacy_pre_window_filing_effective_date_left_censoring,same accession=0001045810-25-000209; filing=2025-08-27; legacy_start=2025-10-01; expanded_effective=2025-08-28; original-boundary reconstruction exact; independent next-session oracle
research_stage61,2025-11-05,days_since_effective_date,35,69.0,legacy_pre_window_filing_effective_date_left_censoring,same accession=0001045810-25-000209; filing=2025-08-27; legacy_start=2025-10-01; expanded_effective=2025-08-28; original-boundary reconstruction exact; independent next-session oracle
research_stage61,2025-11-06,days_since_effective_date,36,70.0,legacy_pre_window_filing_effective_date_left_censoring,same accession=0001045810-25-000209; filing=2025-08-27; legacy_start=2025-10-01; expanded_effective=2025-08-28; original-boundary reconstruction exact; independent next-session oracle
research_stage61,2025-11-07,days_since_effective_date,37,71.0,legacy_pre_window_filing_effective_date_left_censoring,same accession=0001045810-25-000209; filing=2025-08-27; legacy_start=2025-10-01; expanded_effective=2025-08-28; original-boundary reconstruction exact; independent next-session oracle
research_stage61,2025-11-10,days_since_effective_date,40,74.0,legacy_pre_window_filing_effective_date_left_censoring,same accession=0001045810-25-000209; filing=2025-08-27; legacy_start=2025-10-01; expanded_effective=2025-08-28; original-boundary reconstruction exact; independent next-session oracle
research_stage61,2025-11-11,days_since_effective_date,41,75.0,legacy_pre_window_filing_effective_date_left_censoring,same accession=0001045810-25-000209; filing=2025-08-27; legacy_start=2025-10-01; expanded_effective=2025-08-28; original-boundary reconstruction exact; independent next-session oracle
research_stage61,2025-11-12,days_since_effective_date,42,76.0,legacy_pre_window_filing_effective_date_left_censoring,same accession=0001045810-25-000209; filing=2025-08-27; legacy_start=2025-10-01; expanded_effective=2025-08-28; original-boundary reconstruction exact; independent next-session oracle
research_stage61,2025-11-13,days_since_effective_date,43,77.0,legacy_pre_window_filing_effective_date_left_censoring,same accession=0001045810-25-000209; filing=2025-08-27; legacy_start=2025-10-01; expanded_effective=2025-08-28; original-boundary reconstruction exact; independent next-session oracle
research_stage61,2025-11-14,days_since_effective_date,44,78.0,legacy_pre_window_filing_effective_date_left_censoring,same accession=0001045810-25-000209; filing=2025-08-27; legacy_start=2025-10-01; expanded_effective=2025-08-28; original-boundary reconstruction exact; independent next-session oracle
research_stage61,2025-11-17,days_since_effective_date,47,81.0,legacy_pre_window_filing_effective_date_left_censoring,same accession=0001045810-25-000209; filing=2025-08-27; legacy_start=2025-10-01; expanded_effective=2025-08-28; original-boundary reconstruction exact; independent next-session oracle
research_stage61,2025-11-18,days_since_effective_date,48,82.0,legacy_pre_window_filing_effective_date_left_censoring,same accession=0001045810-25-000209; filing=2025-08-27; legacy_start=2025-10-01; expanded_effective=2025-08-28; original-boundary reconstruction exact; independent next-session oracle
research_stage61,2025-11-19,days_since_effective_date,49,83.0,legacy_pre_window_filing_effective_date_left_censoring,same accession=0001045810-25-000209; filing=2025-08-27; legacy_start=2025-10-01; expanded_effective=2025-08-28; original-boundary reconstruction exact; independent next-session oracle
research_stage61,2025-10-01,q_effective_date,2025-10-01,2025-08-28,legacy_pre_window_filing_effective_date_left_censoring,same accession=0001045810-25-000209; filing=2025-08-27; legacy_start=2025-10-01; expanded_effective=2025-08-28; original-boundary reconstruction exact; independent next-session oracle
research_stage61,2025-10-02,q_effective_date,2025-10-01,2025-08-28,legacy_pre_window_filing_effective_date_left_censoring,same accession=0001045810-25-000209; filing=2025-08-27; legacy_start=2025-10-01; expanded_effective=2025-08-28; original-boundary reconstruction exact; independent next-session oracle
research_stage61,2025-10-03,q_effective_date,2025-10-01,2025-08-28,legacy_pre_window_filing_effective_date_left_censoring,same accession=0001045810-25-000209; filing=2025-08-27; legacy_start=2025-10-01; expanded_effective=2025-08-28; original-boundary reconstruction exact; independent next-session oracle
research_stage61,2025-10-06,q_effective_date,2025-10-01,2025-08-28,legacy_pre_window_filing_effective_date_left_censoring,same accession=0001045810-25-000209; filing=2025-08-27; legacy_start=2025-10-01; expanded_effective=2025-08-28; original-boundary reconstruction exact; independent next-session oracle
research_stage61,2025-10-07,q_effective_date,2025-10-01,2025-08-28,legacy_pre_window_filing_effective_date_left_censoring,same accession=0001045810-25-000209; filing=2025-08-27; legacy_start=2025-10-01; expanded_effective=2025-08-28; original-boundary reconstruction exact; independent next-session oracle
research_stage61,2025-10-08,q_effective_date,2025-10-01,2025-08-28,legacy_pre_window_filing_effective_date_left_censoring,same accession=0001045810-25-000209; filing=2025-08-27; legacy_start=2025-10-01; expanded_effective=2025-08-28; original-boundary reconstruction exact; independent next-session oracle
research_stage61,2025-10-09,q_effective_date,2025-10-01,2025-08-28,legacy_pre_window_filing_effective_date_left_censoring,same accession=0001045810-25-000209; filing=2025-08-27; legacy_start=2025-10-01; expanded_effective=2025-08-28; original-boundary reconstruction exact; independent next-session oracle
research_stage61,2025-10-10,q_effective_date,2025-10-01,2025-08-28,legacy_pre_window_filing_effective_date_left_censoring,same accession=0001045810-25-000209; filing=2025-08-27; legacy_start=2025-10-01; expanded_effective=2025-08-28; original-boundary reconstruction exact; independent next-session oracle
research_stage61,2025-10-13,q_effective_date,2025-10-01,2025-08-28,legacy_pre_window_filing_effective_date_left_censoring,same accession=0001045810-25-000209; filing=2025-08-27; legacy_start=2025-10-01; expanded_effective=2025-08-28; original-boundary reconstruction exact; independent next-session oracle
research_stage61,2025-10-14,q_effective_date,2025-10-01,2025-08-28,legacy_pre_window_filing_effective_date_left_censoring,same accession=0001045810-25-000209; filing=2025-08-27; legacy_start=2025-10-01; expanded_effective=2025-08-28; original-boundary reconstruction exact; independent next-session oracle
research_stage61,2025-10-15,q_effective_date,2025-10-01,2025-08-28,legacy_pre_window_filing_effective_date_left_censoring,same accession=0001045810-25-000209; filing=2025-08-27; legacy_start=2025-10-01; expanded_effective=2025-08-28; original-boundary reconstruction exact; independent next-session oracle
research_stage61,2025-10-16,q_effective_date,2025-10-01,2025-08-28,legacy_pre_window_filing_effective_date_left_censoring,same accession=0001045810-25-000209; filing=2025-08-27; legacy_start=2025-10-01; expanded_effective=2025-08-28; original-boundary reconstruction exact; independent next-session oracle
research_stage61,2025-10-17,q_effective_date,2025-10-01,2025-08-28,legacy_pre_window_filing_effective_date_left_censoring,same accession=0001045810-25-000209; filing=2025-08-27; legacy_start=2025-10-01; expanded_effective=2025-08-28; original-boundary reconstruction exact; independent next-session oracle
research_stage61,2025-10-20,q_effective_date,2025-10-01,2025-08-28,legacy_pre_window_filing_effective_date_left_censoring,same accession=0001045810-25-000209; filing=2025-08-27; legacy_start=2025-10-01; expanded_effective=2025-08-28; original-boundary reconstruction exact; independent next-session oracle
research_stage61,2025-10-21,q_effective_date,2025-10-01,2025-08-28,legacy_pre_window_filing_effective_date_left_censoring,same accession=0001045810-25-000209; filing=2025-08-27; legacy_start=2025-10-01; expanded_effective=2025-08-28; original-boundary reconstruction exact; independent next-session oracle
research_stage61,2025-10-22,q_effective_date,2025-10-01,2025-08-28,legacy_pre_window_filing_effective_date_left_censoring,same accession=0001045810-25-000209; filing=2025-08-27; legacy_start=2025-10-01; expanded_effective=2025-08-28; original-boundary reconstruction exact; independent next-session oracle
research_stage61,2025-10-23,q_effective_date,2025-10-01,2025-08-28,legacy_pre_window_filing_effective_date_left_censoring,same accession=0001045810-25-000209; filing=2025-08-27; legacy_start=2025-10-01; expanded_effective=2025-08-28; original-boundary reconstruction exact; independent next-session oracle
research_stage61,2025-10-24,q_effective_date,2025-10-01,2025-08-28,legacy_pre_window_filing_effective_date_left_censoring,same accession=0001045810-25-000209; filing=2025-08-27; legacy_start=2025-10-01; expanded_effective=2025-08-28; original-boundary reconstruction exact; independent next-session oracle
research_stage61,2025-10-27,q_effective_date,2025-10-01,2025-08-28,legacy_pre_window_filing_effective_date_left_censoring,same accession=0001045810-25-000209; filing=2025-08-27; legacy_start=2025-10-01; expanded_effective=2025-08-28; original-boundary reconstruction exact; independent next-session oracle
research_stage61,2025-10-28,q_effective_date,2025-10-01,2025-08-28,legacy_pre_window_filing_effective_date_left_censoring,same accession=0001045810-25-000209; filing=2025-08-27; legacy_start=2025-10-01; expanded_effective=2025-08-28; original-boundary reconstruction exact; independent next-session oracle
research_stage61,2025-10-29,q_effective_date,2025-10-01,2025-08-28,legacy_pre_window_filing_effective_date_left_censoring,same accession=0001045810-25-000209; filing=2025-08-27; legacy_start=2025-10-01; expanded_effective=2025-08-28; original-boundary reconstruction exact; independent next-session oracle
research_stage61,2025-10-30,q_effective_date,2025-10-01,2025-08-28,legacy_pre_window_filing_effective_date_left_censoring,same accession=0001045810-25-000209; filing=2025-08-27; legacy_start=2025-10-01; expanded_effective=2025-08-28; original-boundary reconstruction exact; independent next-session oracle
research_stage61,2025-10-31,q_effective_date,2025-10-01,2025-08-28,legacy_pre_window_filing_effective_date_left_censoring,same accession=0001045810-25-000209; filing=2025-08-27; legacy_start=2025-10-01; expanded_effective=2025-08-28; original-boundary reconstruction exact; independent next-session oracle
research_stage61,2025-11-03,q_effective_date,2025-10-01,2025-08-28,legacy_pre_window_filing_effective_date_left_censoring,same accession=0001045810-25-000209; filing=2025-08-27; legacy_start=2025-10-01; expanded_effective=2025-08-28; original-boundary reconstruction exact; independent next-session oracle
research_stage61,2025-11-04,q_effective_date,2025-10-01,2025-08-28,legacy_pre_window_filing_effective_date_left_censoring,same accession=0001045810-25-000209; filing=2025-08-27; legacy_start=2025-10-01; expanded_effective=2025-08-28; original-boundary reconstruction exact; independent next-session oracle
research_stage61,2025-11-05,q_effective_date,2025-10-01,2025-08-28,legacy_pre_window_filing_effective_date_left_censoring,same accession=0001045810-25-000209; filing=2025-08-27; legacy_start=2025-10-01; expanded_effective=2025-08-28; original-boundary reconstruction exact; independent next-session oracle
research_stage61,2025-11-06,q_effective_date,2025-10-01,2025-08-28,legacy_pre_window_filing_effective_date_left_censoring,same accession=0001045810-25-000209; filing=2025-08-27; legacy_start=2025-10-01; expanded_effective=2025-08-28; original-boundary reconstruction exact; independent next-session oracle
research_stage61,2025-11-07,q_effective_date,2025-10-01,2025-08-28,legacy_pre_window_filing_effective_date_left_censoring,same accession=0001045810-25-000209; filing=2025-08-27; legacy_start=2025-10-01; expanded_effective=2025-08-28; original-boundary reconstruction exact; independent next-session oracle
research_stage61,2025-11-10,q_effective_date,2025-10-01,2025-08-28,legacy_pre_window_filing_effective_date_left_censoring,same accession=0001045810-25-000209; filing=2025-08-27; legacy_start=2025-10-01; expanded_effective=2025-08-28; original-boundary reconstruction exact; independent next-session oracle
research_stage61,2025-11-11,q_effective_date,2025-10-01,2025-08-28,legacy_pre_window_filing_effective_date_left_censoring,same accession=0001045810-25-000209; filing=2025-08-27; legacy_start=2025-10-01; expanded_effective=2025-08-28; original-boundary reconstruction exact; independent next-session oracle
research_stage61,2025-11-12,q_effective_date,2025-10-01,2025-08-28,legacy_pre_window_filing_effective_date_left_censoring,same accession=0001045810-25-000209; filing=2025-08-27; legacy_start=2025-10-01; expanded_effective=2025-08-28; original-boundary reconstruction exact; independent next-session oracle
research_stage61,2025-11-13,q_effective_date,2025-10-01,2025-08-28,legacy_pre_window_filing_effective_date_left_censoring,same accession=0001045810-25-000209; filing=2025-08-27; legacy_start=2025-10-01; expanded_effective=2025-08-28; original-boundary reconstruction exact; independent next-session oracle
research_stage61,2025-11-14,q_effective_date,2025-10-01,2025-08-28,legacy_pre_window_filing_effective_date_left_censoring,same accession=0001045810-25-000209; filing=2025-08-27; legacy_start=2025-10-01; expanded_effective=2025-08-28; original-boundary reconstruction exact; independent next-session oracle
research_stage61,2025-11-17,q_effective_date,2025-10-01,2025-08-28,legacy_pre_window_filing_effective_date_left_censoring,same accession=0001045810-25-000209; filing=2025-08-27; legacy_start=2025-10-01; expanded_effective=2025-08-28; original-boundary reconstruction exact; independent next-session oracle
research_stage61,2025-11-18,q_effective_date,2025-10-01,2025-08-28,legacy_pre_window_filing_effective_date_left_censoring,same accession=0001045810-25-000209; filing=2025-08-27; legacy_start=2025-10-01; expanded_effective=2025-08-28; original-boundary reconstruction exact; independent next-session oracle
research_stage61,2025-11-19,q_effective_date,2025-10-01,2025-08-28,legacy_pre_window_filing_effective_date_left_censoring,same accession=0001045810-25-000209; filing=2025-08-27; legacy_start=2025-10-01; expanded_effective=2025-08-28; original-boundary reconstruction exact; independent next-session oracle
research_stage61,2025-10-01,q_effective_date_is_sample_truncated,True,False,legacy_pre_window_filing_effective_date_left_censoring,same accession=0001045810-25-000209; filing=2025-08-27; legacy_start=2025-10-01; expanded_effective=2025-08-28; original-boundary reconstruction exact; independent next-session oracle
research_stage61,2025-10-02,q_effective_date_is_sample_truncated,True,False,legacy_pre_window_filing_effective_date_left_censoring,same accession=0001045810-25-000209; filing=2025-08-27; legacy_start=2025-10-01; expanded_effective=2025-08-28; original-boundary reconstruction exact; independent next-session oracle
research_stage61,2025-10-03,q_effective_date_is_sample_truncated,True,False,legacy_pre_window_filing_effective_date_left_censoring,same accession=0001045810-25-000209; filing=2025-08-27; legacy_start=2025-10-01; expanded_effective=2025-08-28; original-boundary reconstruction exact; independent next-session oracle
research_stage61,2025-10-06,q_effective_date_is_sample_truncated,True,False,legacy_pre_window_filing_effective_date_left_censoring,same accession=0001045810-25-000209; filing=2025-08-27; legacy_start=2025-10-01; expanded_effective=2025-08-28; original-boundary reconstruction exact; independent next-session oracle
research_stage61,2025-10-07,q_effective_date_is_sample_truncated,True,False,legacy_pre_window_filing_effective_date_left_censoring,same accession=0001045810-25-000209; filing=2025-08-27; legacy_start=2025-10-01; expanded_effective=2025-08-28; original-boundary reconstruction exact; independent next-session oracle
research_stage61,2025-10-08,q_effective_date_is_sample_truncated,True,False,legacy_pre_window_filing_effective_date_left_censoring,same accession=0001045810-25-000209; filing=2025-08-27; legacy_start=2025-10-01; expanded_effective=2025-08-28; original-boundary reconstruction exact; independent next-session oracle
research_stage61,2025-10-09,q_effective_date_is_sample_truncated,True,False,legacy_pre_window_filing_effective_date_left_censoring,same accession=0001045810-25-000209; filing=2025-08-27; legacy_start=2025-10-01; expanded_effective=2025-08-28; original-boundary reconstruction exact; independent next-session oracle
research_stage61,2025-10-10,q_effective_date_is_sample_truncated,True,False,legacy_pre_window_filing_effective_date_left_censoring,same accession=0001045810-25-000209; filing=2025-08-27; legacy_start=2025-10-01; expanded_effective=2025-08-28; original-boundary reconstruction exact; independent next-session oracle
research_stage61,2025-10-13,q_effective_date_is_sample_truncated,True,False,legacy_pre_window_filing_effective_date_left_censoring,same accession=0001045810-25-000209; filing=2025-08-27; legacy_start=2025-10-01; expanded_effective=2025-08-28; original-boundary reconstruction exact; independent next-session oracle
research_stage61,2025-10-14,q_effective_date_is_sample_truncated,True,False,legacy_pre_window_filing_effective_date_left_censoring,same accession=0001045810-25-000209; filing=2025-08-27; legacy_start=2025-10-01; expanded_effective=2025-08-28; original-boundary reconstruction exact; independent next-session oracle
research_stage61,2025-10-15,q_effective_date_is_sample_truncated,True,False,legacy_pre_window_filing_effective_date_left_censoring,same accession=0001045810-25-000209; filing=2025-08-27; legacy_start=2025-10-01; expanded_effective=2025-08-28; original-boundary reconstruction exact; independent next-session oracle
research_stage61,2025-10-16,q_effective_date_is_sample_truncated,True,False,legacy_pre_window_filing_effective_date_left_censoring,same accession=0001045810-25-000209; filing=2025-08-27; legacy_start=2025-10-01; expanded_effective=2025-08-28; original-boundary reconstruction exact; independent next-session oracle
research_stage61,2025-10-17,q_effective_date_is_sample_truncated,True,False,legacy_pre_window_filing_effective_date_left_censoring,same accession=0001045810-25-000209; filing=2025-08-27; legacy_start=2025-10-01; expanded_effective=2025-08-28; original-boundary reconstruction exact; independent next-session oracle
research_stage61,2025-10-20,q_effective_date_is_sample_truncated,True,False,legacy_pre_window_filing_effective_date_left_censoring,same accession=0001045810-25-000209; filing=2025-08-27; legacy_start=2025-10-01; expanded_effective=2025-08-28; original-boundary reconstruction exact; independent next-session oracle
research_stage61,2025-10-21,q_effective_date_is_sample_truncated,True,False,legacy_pre_window_filing_effective_date_left_censoring,same accession=0001045810-25-000209; filing=2025-08-27; legacy_start=2025-10-01; expanded_effective=2025-08-28; original-boundary reconstruction exact; independent next-session oracle
research_stage61,2025-10-22,q_effective_date_is_sample_truncated,True,False,legacy_pre_window_filing_effective_date_left_censoring,same accession=0001045810-25-000209; filing=2025-08-27; legacy_start=2025-10-01; expanded_effective=2025-08-28; original-boundary reconstruction exact; independent next-session oracle
research_stage61,2025-10-23,q_effective_date_is_sample_truncated,True,False,legacy_pre_window_filing_effective_date_left_censoring,same accession=0001045810-25-000209; filing=2025-08-27; legacy_start=2025-10-01; expanded_effective=2025-08-28; original-boundary reconstruction exact; independent next-session oracle
research_stage61,2025-10-24,q_effective_date_is_sample_truncated,True,False,legacy_pre_window_filing_effective_date_left_censoring,same accession=0001045810-25-000209; filing=2025-08-27; legacy_start=2025-10-01; expanded_effective=2025-08-28; original-boundary reconstruction exact; independent next-session oracle
research_stage61,2025-10-27,q_effective_date_is_sample_truncated,True,False,legacy_pre_window_filing_effective_date_left_censoring,same accession=0001045810-25-000209; filing=2025-08-27; legacy_start=2025-10-01; expanded_effective=2025-08-28; original-boundary reconstruction exact; independent next-session oracle
research_stage61,2025-10-28,q_effective_date_is_sample_truncated,True,False,legacy_pre_window_filing_effective_date_left_censoring,same accession=0001045810-25-000209; filing=2025-08-27; legacy_start=2025-10-01; expanded_effective=2025-08-28; original-boundary reconstruction exact; independent next-session oracle
research_stage61,2025-10-29,q_effective_date_is_sample_truncated,True,False,legacy_pre_window_filing_effective_date_left_censoring,same accession=0001045810-25-000209; filing=2025-08-27; legacy_start=2025-10-01; expanded_effective=2025-08-28; original-boundary reconstruction exact; independent next-session oracle
research_stage61,2025-10-30,q_effective_date_is_sample_truncated,True,False,legacy_pre_window_filing_effective_date_left_censoring,same accession=0001045810-25-000209; filing=2025-08-27; legacy_start=2025-10-01; expanded_effective=2025-08-28; original-boundary reconstruction exact; independent next-session oracle
research_stage61,2025-10-31,q_effective_date_is_sample_truncated,True,False,legacy_pre_window_filing_effective_date_left_censoring,same accession=0001045810-25-000209; filing=2025-08-27; legacy_start=2025-10-01; expanded_effective=2025-08-28; original-boundary reconstruction exact; independent next-session oracle
research_stage61,2025-11-03,q_effective_date_is_sample_truncated,True,False,legacy_pre_window_filing_effective_date_left_censoring,same accession=0001045810-25-000209; filing=2025-08-27; legacy_start=2025-10-01; expanded_effective=2025-08-28; original-boundary reconstruction exact; independent next-session oracle
research_stage61,2025-11-04,q_effective_date_is_sample_truncated,True,False,legacy_pre_window_filing_effective_date_left_censoring,same accession=0001045810-25-000209; filing=2025-08-27; legacy_start=2025-10-01; expanded_effective=2025-08-28; original-boundary reconstruction exact; independent next-session oracle
research_stage61,2025-11-05,q_effective_date_is_sample_truncated,True,False,legacy_pre_window_filing_effective_date_left_censoring,same accession=0001045810-25-000209; filing=2025-08-27; legacy_start=2025-10-01; expanded_effective=2025-08-28; original-boundary reconstruction exact; independent next-session oracle
research_stage61,2025-11-06,q_effective_date_is_sample_truncated,True,False,legacy_pre_window_filing_effective_date_left_censoring,same accession=0001045810-25-000209; filing=2025-08-27; legacy_start=2025-10-01; expanded_effective=2025-08-28; original-boundary reconstruction exact; independent next-session oracle
research_stage61,2025-11-07,q_effective_date_is_sample_truncated,True,False,legacy_pre_window_filing_effective_date_left_censoring,same accession=0001045810-25-000209; filing=2025-08-27; legacy_start=2025-10-01; expanded_effective=2025-08-28; original-boundary reconstruction exact; independent next-session oracle
research_stage61,2025-11-10,q_effective_date_is_sample_truncated,True,False,legacy_pre_window_filing_effective_date_left_censoring,same accession=0001045810-25-000209; filing=2025-08-27; legacy_start=2025-10-01; expanded_effective=2025-08-28; original-boundary reconstruction exact; independent next-session oracle
research_stage61,2025-11-11,q_effective_date_is_sample_truncated,True,False,legacy_pre_window_filing_effective_date_left_censoring,same accession=0001045810-25-000209; filing=2025-08-27; legacy_start=2025-10-01; expanded_effective=2025-08-28; original-boundary reconstruction exact; independent next-session oracle
research_stage61,2025-11-12,q_effective_date_is_sample_truncated,True,False,legacy_pre_window_filing_effective_date_left_censoring,same accession=0001045810-25-000209; filing=2025-08-27; legacy_start=2025-10-01; expanded_effective=2025-08-28; original-boundary reconstruction exact; independent next-session oracle
research_stage61,2025-11-13,q_effective_date_is_sample_truncated,True,False,legacy_pre_window_filing_effective_date_left_censoring,same accession=0001045810-25-000209; filing=2025-08-27; legacy_start=2025-10-01; expanded_effective=2025-08-28; original-boundary reconstruction exact; independent next-session oracle
research_stage61,2025-11-14,q_effective_date_is_sample_truncated,True,False,legacy_pre_window_filing_effective_date_left_censoring,same accession=0001045810-25-000209; filing=2025-08-27; legacy_start=2025-10-01; expanded_effective=2025-08-28; original-boundary reconstruction exact; independent next-session oracle
research_stage61,2025-11-17,q_effective_date_is_sample_truncated,True,False,legacy_pre_window_filing_effective_date_left_censoring,same accession=0001045810-25-000209; filing=2025-08-27; legacy_start=2025-10-01; expanded_effective=2025-08-28; original-boundary reconstruction exact; independent next-session oracle
research_stage61,2025-11-18,q_effective_date_is_sample_truncated,True,False,legacy_pre_window_filing_effective_date_left_censoring,same accession=0001045810-25-000209; filing=2025-08-27; legacy_start=2025-10-01; expanded_effective=2025-08-28; original-boundary reconstruction exact; independent next-session oracle
research_stage61,2025-11-19,q_effective_date_is_sample_truncated,True,False,legacy_pre_window_filing_effective_date_left_censoring,same accession=0001045810-25-000209; filing=2025-08-27; legacy_start=2025-10-01; expanded_effective=2025-08-28; original-boundary reconstruction exact; independent next-session oracle
research_stage61,2025-10-01,q_effective_date_basis,sample_start_truncated,observed_next_session,legacy_pre_window_filing_effective_date_left_censoring,same accession=0001045810-25-000209; filing=2025-08-27; legacy_start=2025-10-01; expanded_effective=2025-08-28; original-boundary reconstruction exact; independent next-session oracle
research_stage61,2025-10-02,q_effective_date_basis,sample_start_truncated,observed_next_session,legacy_pre_window_filing_effective_date_left_censoring,same accession=0001045810-25-000209; filing=2025-08-27; legacy_start=2025-10-01; expanded_effective=2025-08-28; original-boundary reconstruction exact; independent next-session oracle
research_stage61,2025-10-03,q_effective_date_basis,sample_start_truncated,observed_next_session,legacy_pre_window_filing_effective_date_left_censoring,same accession=0001045810-25-000209; filing=2025-08-27; legacy_start=2025-10-01; expanded_effective=2025-08-28; original-boundary reconstruction exact; independent next-session oracle
research_stage61,2025-10-06,q_effective_date_basis,sample_start_truncated,observed_next_session,legacy_pre_window_filing_effective_date_left_censoring,same accession=0001045810-25-000209; filing=2025-08-27; legacy_start=2025-10-01; expanded_effective=2025-08-28; original-boundary reconstruction exact; independent next-session oracle
research_stage61,2025-10-07,q_effective_date_basis,sample_start_truncated,observed_next_session,legacy_pre_window_filing_effective_date_left_censoring,same accession=0001045810-25-000209; filing=2025-08-27; legacy_start=2025-10-01; expanded_effective=2025-08-28; original-boundary reconstruction exact; independent next-session oracle
research_stage61,2025-10-08,q_effective_date_basis,sample_start_truncated,observed_next_session,legacy_pre_window_filing_effective_date_left_censoring,same accession=0001045810-25-000209; filing=2025-08-27; legacy_start=2025-10-01; expanded_effective=2025-08-28; original-boundary reconstruction exact; independent next-session oracle
research_stage61,2025-10-09,q_effective_date_basis,sample_start_truncated,observed_next_session,legacy_pre_window_filing_effective_date_left_censoring,same accession=0001045810-25-000209; filing=2025-08-27; legacy_start=2025-10-01; expanded_effective=2025-08-28; original-boundary reconstruction exact; independent next-session oracle
research_stage61,2025-10-10,q_effective_date_basis,sample_start_truncated,observed_next_session,legacy_pre_window_filing_effective_date_left_censoring,same accession=0001045810-25-000209; filing=2025-08-27; legacy_start=2025-10-01; expanded_effective=2025-08-28; original-boundary reconstruction exact; independent next-session oracle
research_stage61,2025-10-13,q_effective_date_basis,sample_start_truncated,observed_next_session,legacy_pre_window_filing_effective_date_left_censoring,same accession=0001045810-25-000209; filing=2025-08-27; legacy_start=2025-10-01; expanded_effective=2025-08-28; original-boundary reconstruction exact; independent next-session oracle
research_stage61,2025-10-14,q_effective_date_basis,sample_start_truncated,observed_next_session,legacy_pre_window_filing_effective_date_left_censoring,same accession=0001045810-25-000209; filing=2025-08-27; legacy_start=2025-10-01; expanded_effective=2025-08-28; original-boundary reconstruction exact; independent next-session oracle
research_stage61,2025-10-15,q_effective_date_basis,sample_start_truncated,observed_next_session,legacy_pre_window_filing_effective_date_left_censoring,same accession=0001045810-25-000209; filing=2025-08-27; legacy_start=2025-10-01; expanded_effective=2025-08-28; original-boundary reconstruction exact; independent next-session oracle
research_stage61,2025-10-16,q_effective_date_basis,sample_start_truncated,observed_next_session,legacy_pre_window_filing_effective_date_left_censoring,same accession=0001045810-25-000209; filing=2025-08-27; legacy_start=2025-10-01; expanded_effective=2025-08-28; original-boundary reconstruction exact; independent next-session oracle
research_stage61,2025-10-17,q_effective_date_basis,sample_start_truncated,observed_next_session,legacy_pre_window_filing_effective_date_left_censoring,same accession=0001045810-25-000209; filing=2025-08-27; legacy_start=2025-10-01; expanded_effective=2025-08-28; original-boundary reconstruction exact; independent next-session oracle
research_stage61,2025-10-20,q_effective_date_basis,sample_start_truncated,observed_next_session,legacy_pre_window_filing_effective_date_left_censoring,same accession=0001045810-25-000209; filing=2025-08-27; legacy_start=2025-10-01; expanded_effective=2025-08-28; original-boundary reconstruction exact; independent next-session oracle
research_stage61,2025-10-21,q_effective_date_basis,sample_start_truncated,observed_next_session,legacy_pre_window_filing_effective_date_left_censoring,same accession=0001045810-25-000209; filing=2025-08-27; legacy_start=2025-10-01; expanded_effective=2025-08-28; original-boundary reconstruction exact; independent next-session oracle
research_stage61,2025-10-22,q_effective_date_basis,sample_start_truncated,observed_next_session,legacy_pre_window_filing_effective_date_left_censoring,same accession=0001045810-25-000209; filing=2025-08-27; legacy_start=2025-10-01; expanded_effective=2025-08-28; original-boundary reconstruction exact; independent next-session oracle
research_stage61,2025-10-23,q_effective_date_basis,sample_start_truncated,observed_next_session,legacy_pre_window_filing_effective_date_left_censoring,same accession=0001045810-25-000209; filing=2025-08-27; legacy_start=2025-10-01; expanded_effective=2025-08-28; original-boundary reconstruction exact; independent next-session oracle
research_stage61,2025-10-24,q_effective_date_basis,sample_start_truncated,observed_next_session,legacy_pre_window_filing_effective_date_left_censoring,same accession=0001045810-25-000209; filing=2025-08-27; legacy_start=2025-10-01; expanded_effective=2025-08-28; original-boundary reconstruction exact; independent next-session oracle
research_stage61,2025-10-27,q_effective_date_basis,sample_start_truncated,observed_next_session,legacy_pre_window_filing_effective_date_left_censoring,same accession=0001045810-25-000209; filing=2025-08-27; legacy_start=2025-10-01; expanded_effective=2025-08-28; original-boundary reconstruction exact; independent next-session oracle
research_stage61,2025-10-28,q_effective_date_basis,sample_start_truncated,observed_next_session,legacy_pre_window_filing_effective_date_left_censoring,same accession=0001045810-25-000209; filing=2025-08-27; legacy_start=2025-10-01; expanded_effective=2025-08-28; original-boundary reconstruction exact; independent next-session oracle
research_stage61,2025-10-29,q_effective_date_basis,sample_start_truncated,observed_next_session,legacy_pre_window_filing_effective_date_left_censoring,same accession=0001045810-25-000209; filing=2025-08-27; legacy_start=2025-10-01; expanded_effective=2025-08-28; original-boundary reconstruction exact; independent next-session oracle
research_stage61,2025-10-30,q_effective_date_basis,sample_start_truncated,observed_next_session,legacy_pre_window_filing_effective_date_left_censoring,same accession=0001045810-25-000209; filing=2025-08-27; legacy_start=2025-10-01; expanded_effective=2025-08-28; original-boundary reconstruction exact; independent next-session oracle
research_stage61,2025-10-31,q_effective_date_basis,sample_start_truncated,observed_next_session,legacy_pre_window_filing_effective_date_left_censoring,same accession=0001045810-25-000209; filing=2025-08-27; legacy_start=2025-10-01; expanded_effective=2025-08-28; original-boundary reconstruction exact; independent next-session oracle
research_stage61,2025-11-03,q_effective_date_basis,sample_start_truncated,observed_next_session,legacy_pre_window_filing_effective_date_left_censoring,same accession=0001045810-25-000209; filing=2025-08-27; legacy_start=2025-10-01; expanded_effective=2025-08-28; original-boundary reconstruction exact; independent next-session oracle
research_stage61,2025-11-04,q_effective_date_basis,sample_start_truncated,observed_next_session,legacy_pre_window_filing_effective_date_left_censoring,same accession=0001045810-25-000209; filing=2025-08-27; legacy_start=2025-10-01; expanded_effective=2025-08-28; original-boundary reconstruction exact; independent next-session oracle
research_stage61,2025-11-05,q_effective_date_basis,sample_start_truncated,observed_next_session,legacy_pre_window_filing_effective_date_left_censoring,same accession=0001045810-25-000209; filing=2025-08-27; legacy_start=2025-10-01; expanded_effective=2025-08-28; original-boundary reconstruction exact; independent next-session oracle
research_stage61,2025-11-06,q_effective_date_basis,sample_start_truncated,observed_next_session,legacy_pre_window_filing_effective_date_left_censoring,same accession=0001045810-25-000209; filing=2025-08-27; legacy_start=2025-10-01; expanded_effective=2025-08-28; original-boundary reconstruction exact; independent next-session oracle
research_stage61,2025-11-07,q_effective_date_basis,sample_start_truncated,observed_next_session,legacy_pre_window_filing_effective_date_left_censoring,same accession=0001045810-25-000209; filing=2025-08-27; legacy_start=2025-10-01; expanded_effective=2025-08-28; original-boundary reconstruction exact; independent next-session oracle
research_stage61,2025-11-10,q_effective_date_basis,sample_start_truncated,observed_next_session,legacy_pre_window_filing_effective_date_left_censoring,same accession=0001045810-25-000209; filing=2025-08-27; legacy_start=2025-10-01; expanded_effective=2025-08-28; original-boundary reconstruction exact; independent next-session oracle
research_stage61,2025-11-11,q_effective_date_basis,sample_start_truncated,observed_next_session,legacy_pre_window_filing_effective_date_left_censoring,same accession=0001045810-25-000209; filing=2025-08-27; legacy_start=2025-10-01; expanded_effective=2025-08-28; original-boundary reconstruction exact; independent next-session oracle
research_stage61,2025-11-12,q_effective_date_basis,sample_start_truncated,observed_next_session,legacy_pre_window_filing_effective_date_left_censoring,same accession=0001045810-25-000209; filing=2025-08-27; legacy_start=2025-10-01; expanded_effective=2025-08-28; original-boundary reconstruction exact; independent next-session oracle
research_stage61,2025-11-13,q_effective_date_basis,sample_start_truncated,observed_next_session,legacy_pre_window_filing_effective_date_left_censoring,same accession=0001045810-25-000209; filing=2025-08-27; legacy_start=2025-10-01; expanded_effective=2025-08-28; original-boundary reconstruction exact; independent next-session oracle
research_stage61,2025-11-14,q_effective_date_basis,sample_start_truncated,observed_next_session,legacy_pre_window_filing_effective_date_left_censoring,same accession=0001045810-25-000209; filing=2025-08-27; legacy_start=2025-10-01; expanded_effective=2025-08-28; original-boundary reconstruction exact; independent next-session oracle
research_stage61,2025-11-17,q_effective_date_basis,sample_start_truncated,observed_next_session,legacy_pre_window_filing_effective_date_left_censoring,same accession=0001045810-25-000209; filing=2025-08-27; legacy_start=2025-10-01; expanded_effective=2025-08-28; original-boundary reconstruction exact; independent next-session oracle
research_stage61,2025-11-18,q_effective_date_basis,sample_start_truncated,observed_next_session,legacy_pre_window_filing_effective_date_left_censoring,same accession=0001045810-25-000209; filing=2025-08-27; legacy_start=2025-10-01; expanded_effective=2025-08-28; original-boundary reconstruction exact; independent next-session oracle
research_stage61,2025-11-19,q_effective_date_basis,sample_start_truncated,observed_next_session,legacy_pre_window_filing_effective_date_left_censoring,same accession=0001045810-25-000209; filing=2025-08-27; legacy_start=2025-10-01; expanded_effective=2025-08-28; original-boundary reconstruction exact; independent next-session oracle
research_stage61,2025-10-01,q_days_since_effective_date,0,34,legacy_pre_window_filing_effective_date_left_censoring,same accession=0001045810-25-000209; filing=2025-08-27; legacy_start=2025-10-01; expanded_effective=2025-08-28; original-boundary reconstruction exact; independent next-session oracle
research_stage61,2025-10-02,q_days_since_effective_date,1,35,legacy_pre_window_filing_effective_date_left_censoring,same accession=0001045810-25-000209; filing=2025-08-27; legacy_start=2025-10-01; expanded_effective=2025-08-28; original-boundary reconstruction exact; independent next-session oracle
research_stage61,2025-10-03,q_days_since_effective_date,2,36,legacy_pre_window_filing_effective_date_left_censoring,same accession=0001045810-25-000209; filing=2025-08-27; legacy_start=2025-10-01; expanded_effective=2025-08-28; original-boundary reconstruction exact; independent next-session oracle
research_stage61,2025-10-06,q_days_since_effective_date,5,39,legacy_pre_window_filing_effective_date_left_censoring,same accession=0001045810-25-000209; filing=2025-08-27; legacy_start=2025-10-01; expanded_effective=2025-08-28; original-boundary reconstruction exact; independent next-session oracle
research_stage61,2025-10-07,q_days_since_effective_date,6,40,legacy_pre_window_filing_effective_date_left_censoring,same accession=0001045810-25-000209; filing=2025-08-27; legacy_start=2025-10-01; expanded_effective=2025-08-28; original-boundary reconstruction exact; independent next-session oracle
research_stage61,2025-10-08,q_days_since_effective_date,7,41,legacy_pre_window_filing_effective_date_left_censoring,same accession=0001045810-25-000209; filing=2025-08-27; legacy_start=2025-10-01; expanded_effective=2025-08-28; original-boundary reconstruction exact; independent next-session oracle
research_stage61,2025-10-09,q_days_since_effective_date,8,42,legacy_pre_window_filing_effective_date_left_censoring,same accession=0001045810-25-000209; filing=2025-08-27; legacy_start=2025-10-01; expanded_effective=2025-08-28; original-boundary reconstruction exact; independent next-session oracle
research_stage61,2025-10-10,q_days_since_effective_date,9,43,legacy_pre_window_filing_effective_date_left_censoring,same accession=0001045810-25-000209; filing=2025-08-27; legacy_start=2025-10-01; expanded_effective=2025-08-28; original-boundary reconstruction exact; independent next-session oracle
research_stage61,2025-10-13,q_days_since_effective_date,12,46,legacy_pre_window_filing_effective_date_left_censoring,same accession=0001045810-25-000209; filing=2025-08-27; legacy_start=2025-10-01; expanded_effective=2025-08-28; original-boundary reconstruction exact; independent next-session oracle
research_stage61,2025-10-14,q_days_since_effective_date,13,47,legacy_pre_window_filing_effective_date_left_censoring,same accession=0001045810-25-000209; filing=2025-08-27; legacy_start=2025-10-01; expanded_effective=2025-08-28; original-boundary reconstruction exact; independent next-session oracle
research_stage61,2025-10-15,q_days_since_effective_date,14,48,legacy_pre_window_filing_effective_date_left_censoring,same accession=0001045810-25-000209; filing=2025-08-27; legacy_start=2025-10-01; expanded_effective=2025-08-28; original-boundary reconstruction exact; independent next-session oracle
research_stage61,2025-10-16,q_days_since_effective_date,15,49,legacy_pre_window_filing_effective_date_left_censoring,same accession=0001045810-25-000209; filing=2025-08-27; legacy_start=2025-10-01; expanded_effective=2025-08-28; original-boundary reconstruction exact; independent next-session oracle
research_stage61,2025-10-17,q_days_since_effective_date,16,50,legacy_pre_window_filing_effective_date_left_censoring,same accession=0001045810-25-000209; filing=2025-08-27; legacy_start=2025-10-01; expanded_effective=2025-08-28; original-boundary reconstruction exact; independent next-session oracle
research_stage61,2025-10-20,q_days_since_effective_date,19,53,legacy_pre_window_filing_effective_date_left_censoring,same accession=0001045810-25-000209; filing=2025-08-27; legacy_start=2025-10-01; expanded_effective=2025-08-28; original-boundary reconstruction exact; independent next-session oracle
research_stage61,2025-10-21,q_days_since_effective_date,20,54,legacy_pre_window_filing_effective_date_left_censoring,same accession=0001045810-25-000209; filing=2025-08-27; legacy_start=2025-10-01; expanded_effective=2025-08-28; original-boundary reconstruction exact; independent next-session oracle
research_stage61,2025-10-22,q_days_since_effective_date,21,55,legacy_pre_window_filing_effective_date_left_censoring,same accession=0001045810-25-000209; filing=2025-08-27; legacy_start=2025-10-01; expanded_effective=2025-08-28; original-boundary reconstruction exact; independent next-session oracle
research_stage61,2025-10-23,q_days_since_effective_date,22,56,legacy_pre_window_filing_effective_date_left_censoring,same accession=0001045810-25-000209; filing=2025-08-27; legacy_start=2025-10-01; expanded_effective=2025-08-28; original-boundary reconstruction exact; independent next-session oracle
research_stage61,2025-10-24,q_days_since_effective_date,23,57,legacy_pre_window_filing_effective_date_left_censoring,same accession=0001045810-25-000209; filing=2025-08-27; legacy_start=2025-10-01; expanded_effective=2025-08-28; original-boundary reconstruction exact; independent next-session oracle
research_stage61,2025-10-27,q_days_since_effective_date,26,60,legacy_pre_window_filing_effective_date_left_censoring,same accession=0001045810-25-000209; filing=2025-08-27; legacy_start=2025-10-01; expanded_effective=2025-08-28; original-boundary reconstruction exact; independent next-session oracle
research_stage61,2025-10-28,q_days_since_effective_date,27,61,legacy_pre_window_filing_effective_date_left_censoring,same accession=0001045810-25-000209; filing=2025-08-27; legacy_start=2025-10-01; expanded_effective=2025-08-28; original-boundary reconstruction exact; independent next-session oracle
research_stage61,2025-10-29,q_days_since_effective_date,28,62,legacy_pre_window_filing_effective_date_left_censoring,same accession=0001045810-25-000209; filing=2025-08-27; legacy_start=2025-10-01; expanded_effective=2025-08-28; original-boundary reconstruction exact; independent next-session oracle
research_stage61,2025-10-30,q_days_since_effective_date,29,63,legacy_pre_window_filing_effective_date_left_censoring,same accession=0001045810-25-000209; filing=2025-08-27; legacy_start=2025-10-01; expanded_effective=2025-08-28; original-boundary reconstruction exact; independent next-session oracle
research_stage61,2025-10-31,q_days_since_effective_date,30,64,legacy_pre_window_filing_effective_date_left_censoring,same accession=0001045810-25-000209; filing=2025-08-27; legacy_start=2025-10-01; expanded_effective=2025-08-28; original-boundary reconstruction exact; independent next-session oracle
research_stage61,2025-11-03,q_days_since_effective_date,33,67,legacy_pre_window_filing_effective_date_left_censoring,same accession=0001045810-25-000209; filing=2025-08-27; legacy_start=2025-10-01; expanded_effective=2025-08-28; original-boundary reconstruction exact; independent next-session oracle
research_stage61,2025-11-04,q_days_since_effective_date,34,68,legacy_pre_window_filing_effective_date_left_censoring,same accession=0001045810-25-000209; filing=2025-08-27; legacy_start=2025-10-01; expanded_effective=2025-08-28; original-boundary reconstruction exact; independent next-session oracle
research_stage61,2025-11-05,q_days_since_effective_date,35,69,legacy_pre_window_filing_effective_date_left_censoring,same accession=0001045810-25-000209; filing=2025-08-27; legacy_start=2025-10-01; expanded_effective=2025-08-28; original-boundary reconstruction exact; independent next-session oracle
research_stage61,2025-11-06,q_days_since_effective_date,36,70,legacy_pre_window_filing_effective_date_left_censoring,same accession=0001045810-25-000209; filing=2025-08-27; legacy_start=2025-10-01; expanded_effective=2025-08-28; original-boundary reconstruction exact; independent next-session oracle
research_stage61,2025-11-07,q_days_since_effective_date,37,71,legacy_pre_window_filing_effective_date_left_censoring,same accession=0001045810-25-000209; filing=2025-08-27; legacy_start=2025-10-01; expanded_effective=2025-08-28; original-boundary reconstruction exact; independent next-session oracle
research_stage61,2025-11-10,q_days_since_effective_date,40,74,legacy_pre_window_filing_effective_date_left_censoring,same accession=0001045810-25-000209; filing=2025-08-27; legacy_start=2025-10-01; expanded_effective=2025-08-28; original-boundary reconstruction exact; independent next-session oracle
research_stage61,2025-11-11,q_days_since_effective_date,41,75,legacy_pre_window_filing_effective_date_left_censoring,same accession=0001045810-25-000209; filing=2025-08-27; legacy_start=2025-10-01; expanded_effective=2025-08-28; original-boundary reconstruction exact; independent next-session oracle
research_stage61,2025-11-12,q_days_since_effective_date,42,76,legacy_pre_window_filing_effective_date_left_censoring,same accession=0001045810-25-000209; filing=2025-08-27; legacy_start=2025-10-01; expanded_effective=2025-08-28; original-boundary reconstruction exact; independent next-session oracle
research_stage61,2025-11-13,q_days_since_effective_date,43,77,legacy_pre_window_filing_effective_date_left_censoring,same accession=0001045810-25-000209; filing=2025-08-27; legacy_start=2025-10-01; expanded_effective=2025-08-28; original-boundary reconstruction exact; independent next-session oracle
research_stage61,2025-11-14,q_days_since_effective_date,44,78,legacy_pre_window_filing_effective_date_left_censoring,same accession=0001045810-25-000209; filing=2025-08-27; legacy_start=2025-10-01; expanded_effective=2025-08-28; original-boundary reconstruction exact; independent next-session oracle
research_stage61,2025-11-17,q_days_since_effective_date,47,81,legacy_pre_window_filing_effective_date_left_censoring,same accession=0001045810-25-000209; filing=2025-08-27; legacy_start=2025-10-01; expanded_effective=2025-08-28; original-boundary reconstruction exact; independent next-session oracle
research_stage61,2025-11-18,q_days_since_effective_date,48,82,legacy_pre_window_filing_effective_date_left_censoring,same accession=0001045810-25-000209; filing=2025-08-27; legacy_start=2025-10-01; expanded_effective=2025-08-28; original-boundary reconstruction exact; independent next-session oracle
research_stage61,2025-11-19,q_days_since_effective_date,49,83,legacy_pre_window_filing_effective_date_left_censoring,same accession=0001045810-25-000209; filing=2025-08-27; legacy_start=2025-10-01; expanded_effective=2025-08-28; original-boundary reconstruction exact; independent next-session oracle
research_stage61,2025-10-01,fy_effective_date,2025-10-01,2025-02-27,legacy_pre_window_filing_effective_date_left_censoring,same accession=0001045810-25-000023; filing=2025-02-26; legacy_start=2025-10-01; expanded_effective=2025-02-27; original-boundary reconstruction exact; independent next-session oracle
research_stage61,2025-10-02,fy_effective_date,2025-10-01,2025-02-27,legacy_pre_window_filing_effective_date_left_censoring,same accession=0001045810-25-000023; filing=2025-02-26; legacy_start=2025-10-01; expanded_effective=2025-02-27; original-boundary reconstruction exact; independent next-session oracle
research_stage61,2025-10-03,fy_effective_date,2025-10-01,2025-02-27,legacy_pre_window_filing_effective_date_left_censoring,same accession=0001045810-25-000023; filing=2025-02-26; legacy_start=2025-10-01; expanded_effective=2025-02-27; original-boundary reconstruction exact; independent next-session oracle
research_stage61,2025-10-06,fy_effective_date,2025-10-01,2025-02-27,legacy_pre_window_filing_effective_date_left_censoring,same accession=0001045810-25-000023; filing=2025-02-26; legacy_start=2025-10-01; expanded_effective=2025-02-27; original-boundary reconstruction exact; independent next-session oracle
research_stage61,2025-10-07,fy_effective_date,2025-10-01,2025-02-27,legacy_pre_window_filing_effective_date_left_censoring,same accession=0001045810-25-000023; filing=2025-02-26; legacy_start=2025-10-01; expanded_effective=2025-02-27; original-boundary reconstruction exact; independent next-session oracle
research_stage61,2025-10-08,fy_effective_date,2025-10-01,2025-02-27,legacy_pre_window_filing_effective_date_left_censoring,same accession=0001045810-25-000023; filing=2025-02-26; legacy_start=2025-10-01; expanded_effective=2025-02-27; original-boundary reconstruction exact; independent next-session oracle
research_stage61,2025-10-09,fy_effective_date,2025-10-01,2025-02-27,legacy_pre_window_filing_effective_date_left_censoring,same accession=0001045810-25-000023; filing=2025-02-26; legacy_start=2025-10-01; expanded_effective=2025-02-27; original-boundary reconstruction exact; independent next-session oracle
research_stage61,2025-10-10,fy_effective_date,2025-10-01,2025-02-27,legacy_pre_window_filing_effective_date_left_censoring,same accession=0001045810-25-000023; filing=2025-02-26; legacy_start=2025-10-01; expanded_effective=2025-02-27; original-boundary reconstruction exact; independent next-session oracle
research_stage61,2025-10-13,fy_effective_date,2025-10-01,2025-02-27,legacy_pre_window_filing_effective_date_left_censoring,same accession=0001045810-25-000023; filing=2025-02-26; legacy_start=2025-10-01; expanded_effective=2025-02-27; original-boundary reconstruction exact; independent next-session oracle
research_stage61,2025-10-14,fy_effective_date,2025-10-01,2025-02-27,legacy_pre_window_filing_effective_date_left_censoring,same accession=0001045810-25-000023; filing=2025-02-26; legacy_start=2025-10-01; expanded_effective=2025-02-27; original-boundary reconstruction exact; independent next-session oracle
research_stage61,2025-10-15,fy_effective_date,2025-10-01,2025-02-27,legacy_pre_window_filing_effective_date_left_censoring,same accession=0001045810-25-000023; filing=2025-02-26; legacy_start=2025-10-01; expanded_effective=2025-02-27; original-boundary reconstruction exact; independent next-session oracle
research_stage61,2025-10-16,fy_effective_date,2025-10-01,2025-02-27,legacy_pre_window_filing_effective_date_left_censoring,same accession=0001045810-25-000023; filing=2025-02-26; legacy_start=2025-10-01; expanded_effective=2025-02-27; original-boundary reconstruction exact; independent next-session oracle
research_stage61,2025-10-17,fy_effective_date,2025-10-01,2025-02-27,legacy_pre_window_filing_effective_date_left_censoring,same accession=0001045810-25-000023; filing=2025-02-26; legacy_start=2025-10-01; expanded_effective=2025-02-27; original-boundary reconstruction exact; independent next-session oracle
research_stage61,2025-10-20,fy_effective_date,2025-10-01,2025-02-27,legacy_pre_window_filing_effective_date_left_censoring,same accession=0001045810-25-000023; filing=2025-02-26; legacy_start=2025-10-01; expanded_effective=2025-02-27; original-boundary reconstruction exact; independent next-session oracle
research_stage61,2025-10-21,fy_effective_date,2025-10-01,2025-02-27,legacy_pre_window_filing_effective_date_left_censoring,same accession=0001045810-25-000023; filing=2025-02-26; legacy_start=2025-10-01; expanded_effective=2025-02-27; original-boundary reconstruction exact; independent next-session oracle
research_stage61,2025-10-22,fy_effective_date,2025-10-01,2025-02-27,legacy_pre_window_filing_effective_date_left_censoring,same accession=0001045810-25-000023; filing=2025-02-26; legacy_start=2025-10-01; expanded_effective=2025-02-27; original-boundary reconstruction exact; independent next-session oracle
research_stage61,2025-10-23,fy_effective_date,2025-10-01,2025-02-27,legacy_pre_window_filing_effective_date_left_censoring,same accession=0001045810-25-000023; filing=2025-02-26; legacy_start=2025-10-01; expanded_effective=2025-02-27; original-boundary reconstruction exact; independent next-session oracle
research_stage61,2025-10-24,fy_effective_date,2025-10-01,2025-02-27,legacy_pre_window_filing_effective_date_left_censoring,same accession=0001045810-25-000023; filing=2025-02-26; legacy_start=2025-10-01; expanded_effective=2025-02-27; original-boundary reconstruction exact; independent next-session oracle
research_stage61,2025-10-27,fy_effective_date,2025-10-01,2025-02-27,legacy_pre_window_filing_effective_date_left_censoring,same accession=0001045810-25-000023; filing=2025-02-26; legacy_start=2025-10-01; expanded_effective=2025-02-27; original-boundary reconstruction exact; independent next-session oracle
research_stage61,2025-10-28,fy_effective_date,2025-10-01,2025-02-27,legacy_pre_window_filing_effective_date_left_censoring,same accession=0001045810-25-000023; filing=2025-02-26; legacy_start=2025-10-01; expanded_effective=2025-02-27; original-boundary reconstruction exact; independent next-session oracle
research_stage61,2025-10-29,fy_effective_date,2025-10-01,2025-02-27,legacy_pre_window_filing_effective_date_left_censoring,same accession=0001045810-25-000023; filing=2025-02-26; legacy_start=2025-10-01; expanded_effective=2025-02-27; original-boundary reconstruction exact; independent next-session oracle
research_stage61,2025-10-30,fy_effective_date,2025-10-01,2025-02-27,legacy_pre_window_filing_effective_date_left_censoring,same accession=0001045810-25-000023; filing=2025-02-26; legacy_start=2025-10-01; expanded_effective=2025-02-27; original-boundary reconstruction exact; independent next-session oracle
research_stage61,2025-10-31,fy_effective_date,2025-10-01,2025-02-27,legacy_pre_window_filing_effective_date_left_censoring,same accession=0001045810-25-000023; filing=2025-02-26; legacy_start=2025-10-01; expanded_effective=2025-02-27; original-boundary reconstruction exact; independent next-session oracle
research_stage61,2025-11-03,fy_effective_date,2025-10-01,2025-02-27,legacy_pre_window_filing_effective_date_left_censoring,same accession=0001045810-25-000023; filing=2025-02-26; legacy_start=2025-10-01; expanded_effective=2025-02-27; original-boundary reconstruction exact; independent next-session oracle
research_stage61,2025-11-04,fy_effective_date,2025-10-01,2025-02-27,legacy_pre_window_filing_effective_date_left_censoring,same accession=0001045810-25-000023; filing=2025-02-26; legacy_start=2025-10-01; expanded_effective=2025-02-27; original-boundary reconstruction exact; independent next-session oracle
research_stage61,2025-11-05,fy_effective_date,2025-10-01,2025-02-27,legacy_pre_window_filing_effective_date_left_censoring,same accession=0001045810-25-000023; filing=2025-02-26; legacy_start=2025-10-01; expanded_effective=2025-02-27; original-boundary reconstruction exact; independent next-session oracle
research_stage61,2025-11-06,fy_effective_date,2025-10-01,2025-02-27,legacy_pre_window_filing_effective_date_left_censoring,same accession=0001045810-25-000023; filing=2025-02-26; legacy_start=2025-10-01; expanded_effective=2025-02-27; original-boundary reconstruction exact; independent next-session oracle
research_stage61,2025-11-07,fy_effective_date,2025-10-01,2025-02-27,legacy_pre_window_filing_effective_date_left_censoring,same accession=0001045810-25-000023; filing=2025-02-26; legacy_start=2025-10-01; expanded_effective=2025-02-27; original-boundary reconstruction exact; independent next-session oracle
research_stage61,2025-11-10,fy_effective_date,2025-10-01,2025-02-27,legacy_pre_window_filing_effective_date_left_censoring,same accession=0001045810-25-000023; filing=2025-02-26; legacy_start=2025-10-01; expanded_effective=2025-02-27; original-boundary reconstruction exact; independent next-session oracle
research_stage61,2025-11-11,fy_effective_date,2025-10-01,2025-02-27,legacy_pre_window_filing_effective_date_left_censoring,same accession=0001045810-25-000023; filing=2025-02-26; legacy_start=2025-10-01; expanded_effective=2025-02-27; original-boundary reconstruction exact; independent next-session oracle
research_stage61,2025-11-12,fy_effective_date,2025-10-01,2025-02-27,legacy_pre_window_filing_effective_date_left_censoring,same accession=0001045810-25-000023; filing=2025-02-26; legacy_start=2025-10-01; expanded_effective=2025-02-27; original-boundary reconstruction exact; independent next-session oracle
research_stage61,2025-11-13,fy_effective_date,2025-10-01,2025-02-27,legacy_pre_window_filing_effective_date_left_censoring,same accession=0001045810-25-000023; filing=2025-02-26; legacy_start=2025-10-01; expanded_effective=2025-02-27; original-boundary reconstruction exact; independent next-session oracle
research_stage61,2025-11-14,fy_effective_date,2025-10-01,2025-02-27,legacy_pre_window_filing_effective_date_left_censoring,same accession=0001045810-25-000023; filing=2025-02-26; legacy_start=2025-10-01; expanded_effective=2025-02-27; original-boundary reconstruction exact; independent next-session oracle
research_stage61,2025-11-17,fy_effective_date,2025-10-01,2025-02-27,legacy_pre_window_filing_effective_date_left_censoring,same accession=0001045810-25-000023; filing=2025-02-26; legacy_start=2025-10-01; expanded_effective=2025-02-27; original-boundary reconstruction exact; independent next-session oracle
research_stage61,2025-11-18,fy_effective_date,2025-10-01,2025-02-27,legacy_pre_window_filing_effective_date_left_censoring,same accession=0001045810-25-000023; filing=2025-02-26; legacy_start=2025-10-01; expanded_effective=2025-02-27; original-boundary reconstruction exact; independent next-session oracle
research_stage61,2025-11-19,fy_effective_date,2025-10-01,2025-02-27,legacy_pre_window_filing_effective_date_left_censoring,same accession=0001045810-25-000023; filing=2025-02-26; legacy_start=2025-10-01; expanded_effective=2025-02-27; original-boundary reconstruction exact; independent next-session oracle
research_stage61,2025-11-20,fy_effective_date,2025-10-01,2025-02-27,legacy_pre_window_filing_effective_date_left_censoring,same accession=0001045810-25-000023; filing=2025-02-26; legacy_start=2025-10-01; expanded_effective=2025-02-27; original-boundary reconstruction exact; independent next-session oracle
research_stage61,2025-11-21,fy_effective_date,2025-10-01,2025-02-27,legacy_pre_window_filing_effective_date_left_censoring,same accession=0001045810-25-000023; filing=2025-02-26; legacy_start=2025-10-01; expanded_effective=2025-02-27; original-boundary reconstruction exact; independent next-session oracle
research_stage61,2025-11-24,fy_effective_date,2025-10-01,2025-02-27,legacy_pre_window_filing_effective_date_left_censoring,same accession=0001045810-25-000023; filing=2025-02-26; legacy_start=2025-10-01; expanded_effective=2025-02-27; original-boundary reconstruction exact; independent next-session oracle
research_stage61,2025-11-25,fy_effective_date,2025-10-01,2025-02-27,legacy_pre_window_filing_effective_date_left_censoring,same accession=0001045810-25-000023; filing=2025-02-26; legacy_start=2025-10-01; expanded_effective=2025-02-27; original-boundary reconstruction exact; independent next-session oracle
research_stage61,2025-11-26,fy_effective_date,2025-10-01,2025-02-27,legacy_pre_window_filing_effective_date_left_censoring,same accession=0001045810-25-000023; filing=2025-02-26; legacy_start=2025-10-01; expanded_effective=2025-02-27; original-boundary reconstruction exact; independent next-session oracle
research_stage61,2025-11-28,fy_effective_date,2025-10-01,2025-02-27,legacy_pre_window_filing_effective_date_left_censoring,same accession=0001045810-25-000023; filing=2025-02-26; legacy_start=2025-10-01; expanded_effective=2025-02-27; original-boundary reconstruction exact; independent next-session oracle
research_stage61,2025-12-01,fy_effective_date,2025-10-01,2025-02-27,legacy_pre_window_filing_effective_date_left_censoring,same accession=0001045810-25-000023; filing=2025-02-26; legacy_start=2025-10-01; expanded_effective=2025-02-27; original-boundary reconstruction exact; independent next-session oracle
research_stage61,2025-12-02,fy_effective_date,2025-10-01,2025-02-27,legacy_pre_window_filing_effective_date_left_censoring,same accession=0001045810-25-000023; filing=2025-02-26; legacy_start=2025-10-01; expanded_effective=2025-02-27; original-boundary reconstruction exact; independent next-session oracle
research_stage61,2025-12-03,fy_effective_date,2025-10-01,2025-02-27,legacy_pre_window_filing_effective_date_left_censoring,same accession=0001045810-25-000023; filing=2025-02-26; legacy_start=2025-10-01; expanded_effective=2025-02-27; original-boundary reconstruction exact; independent next-session oracle
research_stage61,2025-12-04,fy_effective_date,2025-10-01,2025-02-27,legacy_pre_window_filing_effective_date_left_censoring,same accession=0001045810-25-000023; filing=2025-02-26; legacy_start=2025-10-01; expanded_effective=2025-02-27; original-boundary reconstruction exact; independent next-session oracle
research_stage61,2025-12-05,fy_effective_date,2025-10-01,2025-02-27,legacy_pre_window_filing_effective_date_left_censoring,same accession=0001045810-25-000023; filing=2025-02-26; legacy_start=2025-10-01; expanded_effective=2025-02-27; original-boundary reconstruction exact; independent next-session oracle
research_stage61,2025-12-08,fy_effective_date,2025-10-01,2025-02-27,legacy_pre_window_filing_effective_date_left_censoring,same accession=0001045810-25-000023; filing=2025-02-26; legacy_start=2025-10-01; expanded_effective=2025-02-27; original-boundary reconstruction exact; independent next-session oracle
research_stage61,2025-12-09,fy_effective_date,2025-10-01,2025-02-27,legacy_pre_window_filing_effective_date_left_censoring,same accession=0001045810-25-000023; filing=2025-02-26; legacy_start=2025-10-01; expanded_effective=2025-02-27; original-boundary reconstruction exact; independent next-session oracle
research_stage61,2025-12-10,fy_effective_date,2025-10-01,2025-02-27,legacy_pre_window_filing_effective_date_left_censoring,same accession=0001045810-25-000023; filing=2025-02-26; legacy_start=2025-10-01; expanded_effective=2025-02-27; original-boundary reconstruction exact; independent next-session oracle
research_stage61,2025-12-11,fy_effective_date,2025-10-01,2025-02-27,legacy_pre_window_filing_effective_date_left_censoring,same accession=0001045810-25-000023; filing=2025-02-26; legacy_start=2025-10-01; expanded_effective=2025-02-27; original-boundary reconstruction exact; independent next-session oracle
research_stage61,2025-12-12,fy_effective_date,2025-10-01,2025-02-27,legacy_pre_window_filing_effective_date_left_censoring,same accession=0001045810-25-000023; filing=2025-02-26; legacy_start=2025-10-01; expanded_effective=2025-02-27; original-boundary reconstruction exact; independent next-session oracle
research_stage61,2025-12-15,fy_effective_date,2025-10-01,2025-02-27,legacy_pre_window_filing_effective_date_left_censoring,same accession=0001045810-25-000023; filing=2025-02-26; legacy_start=2025-10-01; expanded_effective=2025-02-27; original-boundary reconstruction exact; independent next-session oracle
research_stage61,2025-12-16,fy_effective_date,2025-10-01,2025-02-27,legacy_pre_window_filing_effective_date_left_censoring,same accession=0001045810-25-000023; filing=2025-02-26; legacy_start=2025-10-01; expanded_effective=2025-02-27; original-boundary reconstruction exact; independent next-session oracle
research_stage61,2025-12-17,fy_effective_date,2025-10-01,2025-02-27,legacy_pre_window_filing_effective_date_left_censoring,same accession=0001045810-25-000023; filing=2025-02-26; legacy_start=2025-10-01; expanded_effective=2025-02-27; original-boundary reconstruction exact; independent next-session oracle
research_stage61,2025-12-18,fy_effective_date,2025-10-01,2025-02-27,legacy_pre_window_filing_effective_date_left_censoring,same accession=0001045810-25-000023; filing=2025-02-26; legacy_start=2025-10-01; expanded_effective=2025-02-27; original-boundary reconstruction exact; independent next-session oracle
research_stage61,2025-12-19,fy_effective_date,2025-10-01,2025-02-27,legacy_pre_window_filing_effective_date_left_censoring,same accession=0001045810-25-000023; filing=2025-02-26; legacy_start=2025-10-01; expanded_effective=2025-02-27; original-boundary reconstruction exact; independent next-session oracle
research_stage61,2025-12-22,fy_effective_date,2025-10-01,2025-02-27,legacy_pre_window_filing_effective_date_left_censoring,same accession=0001045810-25-000023; filing=2025-02-26; legacy_start=2025-10-01; expanded_effective=2025-02-27; original-boundary reconstruction exact; independent next-session oracle
research_stage61,2025-12-23,fy_effective_date,2025-10-01,2025-02-27,legacy_pre_window_filing_effective_date_left_censoring,same accession=0001045810-25-000023; filing=2025-02-26; legacy_start=2025-10-01; expanded_effective=2025-02-27; original-boundary reconstruction exact; independent next-session oracle
research_stage61,2025-12-24,fy_effective_date,2025-10-01,2025-02-27,legacy_pre_window_filing_effective_date_left_censoring,same accession=0001045810-25-000023; filing=2025-02-26; legacy_start=2025-10-01; expanded_effective=2025-02-27; original-boundary reconstruction exact; independent next-session oracle
research_stage61,2025-12-26,fy_effective_date,2025-10-01,2025-02-27,legacy_pre_window_filing_effective_date_left_censoring,same accession=0001045810-25-000023; filing=2025-02-26; legacy_start=2025-10-01; expanded_effective=2025-02-27; original-boundary reconstruction exact; independent next-session oracle
research_stage61,2025-12-29,fy_effective_date,2025-10-01,2025-02-27,legacy_pre_window_filing_effective_date_left_censoring,same accession=0001045810-25-000023; filing=2025-02-26; legacy_start=2025-10-01; expanded_effective=2025-02-27; original-boundary reconstruction exact; independent next-session oracle
research_stage61,2025-12-30,fy_effective_date,2025-10-01,2025-02-27,legacy_pre_window_filing_effective_date_left_censoring,same accession=0001045810-25-000023; filing=2025-02-26; legacy_start=2025-10-01; expanded_effective=2025-02-27; original-boundary reconstruction exact; independent next-session oracle
research_stage61,2025-12-31,fy_effective_date,2025-10-01,2025-02-27,legacy_pre_window_filing_effective_date_left_censoring,same accession=0001045810-25-000023; filing=2025-02-26; legacy_start=2025-10-01; expanded_effective=2025-02-27; original-boundary reconstruction exact; independent next-session oracle
research_stage61,2026-01-02,fy_effective_date,2025-10-01,2025-02-27,legacy_pre_window_filing_effective_date_left_censoring,same accession=0001045810-25-000023; filing=2025-02-26; legacy_start=2025-10-01; expanded_effective=2025-02-27; original-boundary reconstruction exact; independent next-session oracle
research_stage61,2026-01-05,fy_effective_date,2025-10-01,2025-02-27,legacy_pre_window_filing_effective_date_left_censoring,same accession=0001045810-25-000023; filing=2025-02-26; legacy_start=2025-10-01; expanded_effective=2025-02-27; original-boundary reconstruction exact; independent next-session oracle
research_stage61,2026-01-06,fy_effective_date,2025-10-01,2025-02-27,legacy_pre_window_filing_effective_date_left_censoring,same accession=0001045810-25-000023; filing=2025-02-26; legacy_start=2025-10-01; expanded_effective=2025-02-27; original-boundary reconstruction exact; independent next-session oracle
research_stage61,2026-01-07,fy_effective_date,2025-10-01,2025-02-27,legacy_pre_window_filing_effective_date_left_censoring,same accession=0001045810-25-000023; filing=2025-02-26; legacy_start=2025-10-01; expanded_effective=2025-02-27; original-boundary reconstruction exact; independent next-session oracle
research_stage61,2026-01-08,fy_effective_date,2025-10-01,2025-02-27,legacy_pre_window_filing_effective_date_left_censoring,same accession=0001045810-25-000023; filing=2025-02-26; legacy_start=2025-10-01; expanded_effective=2025-02-27; original-boundary reconstruction exact; independent next-session oracle
research_stage61,2026-01-09,fy_effective_date,2025-10-01,2025-02-27,legacy_pre_window_filing_effective_date_left_censoring,same accession=0001045810-25-000023; filing=2025-02-26; legacy_start=2025-10-01; expanded_effective=2025-02-27; original-boundary reconstruction exact; independent next-session oracle
research_stage61,2026-01-12,fy_effective_date,2025-10-01,2025-02-27,legacy_pre_window_filing_effective_date_left_censoring,same accession=0001045810-25-000023; filing=2025-02-26; legacy_start=2025-10-01; expanded_effective=2025-02-27; original-boundary reconstruction exact; independent next-session oracle
research_stage61,2026-01-13,fy_effective_date,2025-10-01,2025-02-27,legacy_pre_window_filing_effective_date_left_censoring,same accession=0001045810-25-000023; filing=2025-02-26; legacy_start=2025-10-01; expanded_effective=2025-02-27; original-boundary reconstruction exact; independent next-session oracle
research_stage61,2026-01-14,fy_effective_date,2025-10-01,2025-02-27,legacy_pre_window_filing_effective_date_left_censoring,same accession=0001045810-25-000023; filing=2025-02-26; legacy_start=2025-10-01; expanded_effective=2025-02-27; original-boundary reconstruction exact; independent next-session oracle
research_stage61,2026-01-15,fy_effective_date,2025-10-01,2025-02-27,legacy_pre_window_filing_effective_date_left_censoring,same accession=0001045810-25-000023; filing=2025-02-26; legacy_start=2025-10-01; expanded_effective=2025-02-27; original-boundary reconstruction exact; independent next-session oracle
research_stage61,2026-01-16,fy_effective_date,2025-10-01,2025-02-27,legacy_pre_window_filing_effective_date_left_censoring,same accession=0001045810-25-000023; filing=2025-02-26; legacy_start=2025-10-01; expanded_effective=2025-02-27; original-boundary reconstruction exact; independent next-session oracle
research_stage61,2026-01-20,fy_effective_date,2025-10-01,2025-02-27,legacy_pre_window_filing_effective_date_left_censoring,same accession=0001045810-25-000023; filing=2025-02-26; legacy_start=2025-10-01; expanded_effective=2025-02-27; original-boundary reconstruction exact; independent next-session oracle
research_stage61,2026-01-21,fy_effective_date,2025-10-01,2025-02-27,legacy_pre_window_filing_effective_date_left_censoring,same accession=0001045810-25-000023; filing=2025-02-26; legacy_start=2025-10-01; expanded_effective=2025-02-27; original-boundary reconstruction exact; independent next-session oracle
research_stage61,2026-01-22,fy_effective_date,2025-10-01,2025-02-27,legacy_pre_window_filing_effective_date_left_censoring,same accession=0001045810-25-000023; filing=2025-02-26; legacy_start=2025-10-01; expanded_effective=2025-02-27; original-boundary reconstruction exact; independent next-session oracle
research_stage61,2026-01-23,fy_effective_date,2025-10-01,2025-02-27,legacy_pre_window_filing_effective_date_left_censoring,same accession=0001045810-25-000023; filing=2025-02-26; legacy_start=2025-10-01; expanded_effective=2025-02-27; original-boundary reconstruction exact; independent next-session oracle
research_stage61,2026-01-26,fy_effective_date,2025-10-01,2025-02-27,legacy_pre_window_filing_effective_date_left_censoring,same accession=0001045810-25-000023; filing=2025-02-26; legacy_start=2025-10-01; expanded_effective=2025-02-27; original-boundary reconstruction exact; independent next-session oracle
research_stage61,2026-01-27,fy_effective_date,2025-10-01,2025-02-27,legacy_pre_window_filing_effective_date_left_censoring,same accession=0001045810-25-000023; filing=2025-02-26; legacy_start=2025-10-01; expanded_effective=2025-02-27; original-boundary reconstruction exact; independent next-session oracle
research_stage61,2026-01-28,fy_effective_date,2025-10-01,2025-02-27,legacy_pre_window_filing_effective_date_left_censoring,same accession=0001045810-25-000023; filing=2025-02-26; legacy_start=2025-10-01; expanded_effective=2025-02-27; original-boundary reconstruction exact; independent next-session oracle
research_stage61,2026-01-29,fy_effective_date,2025-10-01,2025-02-27,legacy_pre_window_filing_effective_date_left_censoring,same accession=0001045810-25-000023; filing=2025-02-26; legacy_start=2025-10-01; expanded_effective=2025-02-27; original-boundary reconstruction exact; independent next-session oracle
research_stage61,2026-01-30,fy_effective_date,2025-10-01,2025-02-27,legacy_pre_window_filing_effective_date_left_censoring,same accession=0001045810-25-000023; filing=2025-02-26; legacy_start=2025-10-01; expanded_effective=2025-02-27; original-boundary reconstruction exact; independent next-session oracle
research_stage61,2026-02-02,fy_effective_date,2025-10-01,2025-02-27,legacy_pre_window_filing_effective_date_left_censoring,same accession=0001045810-25-000023; filing=2025-02-26; legacy_start=2025-10-01; expanded_effective=2025-02-27; original-boundary reconstruction exact; independent next-session oracle
research_stage61,2026-02-03,fy_effective_date,2025-10-01,2025-02-27,legacy_pre_window_filing_effective_date_left_censoring,same accession=0001045810-25-000023; filing=2025-02-26; legacy_start=2025-10-01; expanded_effective=2025-02-27; original-boundary reconstruction exact; independent next-session oracle
research_stage61,2026-02-04,fy_effective_date,2025-10-01,2025-02-27,legacy_pre_window_filing_effective_date_left_censoring,same accession=0001045810-25-000023; filing=2025-02-26; legacy_start=2025-10-01; expanded_effective=2025-02-27; original-boundary reconstruction exact; independent next-session oracle
research_stage61,2026-02-05,fy_effective_date,2025-10-01,2025-02-27,legacy_pre_window_filing_effective_date_left_censoring,same accession=0001045810-25-000023; filing=2025-02-26; legacy_start=2025-10-01; expanded_effective=2025-02-27; original-boundary reconstruction exact; independent next-session oracle
research_stage61,2026-02-06,fy_effective_date,2025-10-01,2025-02-27,legacy_pre_window_filing_effective_date_left_censoring,same accession=0001045810-25-000023; filing=2025-02-26; legacy_start=2025-10-01; expanded_effective=2025-02-27; original-boundary reconstruction exact; independent next-session oracle
research_stage61,2026-02-09,fy_effective_date,2025-10-01,2025-02-27,legacy_pre_window_filing_effective_date_left_censoring,same accession=0001045810-25-000023; filing=2025-02-26; legacy_start=2025-10-01; expanded_effective=2025-02-27; original-boundary reconstruction exact; independent next-session oracle
research_stage61,2026-02-10,fy_effective_date,2025-10-01,2025-02-27,legacy_pre_window_filing_effective_date_left_censoring,same accession=0001045810-25-000023; filing=2025-02-26; legacy_start=2025-10-01; expanded_effective=2025-02-27; original-boundary reconstruction exact; independent next-session oracle
research_stage61,2026-02-11,fy_effective_date,2025-10-01,2025-02-27,legacy_pre_window_filing_effective_date_left_censoring,same accession=0001045810-25-000023; filing=2025-02-26; legacy_start=2025-10-01; expanded_effective=2025-02-27; original-boundary reconstruction exact; independent next-session oracle
research_stage61,2026-02-12,fy_effective_date,2025-10-01,2025-02-27,legacy_pre_window_filing_effective_date_left_censoring,same accession=0001045810-25-000023; filing=2025-02-26; legacy_start=2025-10-01; expanded_effective=2025-02-27; original-boundary reconstruction exact; independent next-session oracle
research_stage61,2026-02-13,fy_effective_date,2025-10-01,2025-02-27,legacy_pre_window_filing_effective_date_left_censoring,same accession=0001045810-25-000023; filing=2025-02-26; legacy_start=2025-10-01; expanded_effective=2025-02-27; original-boundary reconstruction exact; independent next-session oracle
research_stage61,2026-02-17,fy_effective_date,2025-10-01,2025-02-27,legacy_pre_window_filing_effective_date_left_censoring,same accession=0001045810-25-000023; filing=2025-02-26; legacy_start=2025-10-01; expanded_effective=2025-02-27; original-boundary reconstruction exact; independent next-session oracle
research_stage61,2026-02-18,fy_effective_date,2025-10-01,2025-02-27,legacy_pre_window_filing_effective_date_left_censoring,same accession=0001045810-25-000023; filing=2025-02-26; legacy_start=2025-10-01; expanded_effective=2025-02-27; original-boundary reconstruction exact; independent next-session oracle
research_stage61,2026-02-19,fy_effective_date,2025-10-01,2025-02-27,legacy_pre_window_filing_effective_date_left_censoring,same accession=0001045810-25-000023; filing=2025-02-26; legacy_start=2025-10-01; expanded_effective=2025-02-27; original-boundary reconstruction exact; independent next-session oracle
research_stage61,2026-02-20,fy_effective_date,2025-10-01,2025-02-27,legacy_pre_window_filing_effective_date_left_censoring,same accession=0001045810-25-000023; filing=2025-02-26; legacy_start=2025-10-01; expanded_effective=2025-02-27; original-boundary reconstruction exact; independent next-session oracle
research_stage61,2026-02-23,fy_effective_date,2025-10-01,2025-02-27,legacy_pre_window_filing_effective_date_left_censoring,same accession=0001045810-25-000023; filing=2025-02-26; legacy_start=2025-10-01; expanded_effective=2025-02-27; original-boundary reconstruction exact; independent next-session oracle
research_stage61,2026-02-24,fy_effective_date,2025-10-01,2025-02-27,legacy_pre_window_filing_effective_date_left_censoring,same accession=0001045810-25-000023; filing=2025-02-26; legacy_start=2025-10-01; expanded_effective=2025-02-27; original-boundary reconstruction exact; independent next-session oracle
research_stage61,2026-02-25,fy_effective_date,2025-10-01,2025-02-27,legacy_pre_window_filing_effective_date_left_censoring,same accession=0001045810-25-000023; filing=2025-02-26; legacy_start=2025-10-01; expanded_effective=2025-02-27; original-boundary reconstruction exact; independent next-session oracle
research_stage61,2025-10-01,fy_effective_date_is_sample_truncated,True,False,legacy_pre_window_filing_effective_date_left_censoring,same accession=0001045810-25-000023; filing=2025-02-26; legacy_start=2025-10-01; expanded_effective=2025-02-27; original-boundary reconstruction exact; independent next-session oracle
research_stage61,2025-10-02,fy_effective_date_is_sample_truncated,True,False,legacy_pre_window_filing_effective_date_left_censoring,same accession=0001045810-25-000023; filing=2025-02-26; legacy_start=2025-10-01; expanded_effective=2025-02-27; original-boundary reconstruction exact; independent next-session oracle
research_stage61,2025-10-03,fy_effective_date_is_sample_truncated,True,False,legacy_pre_window_filing_effective_date_left_censoring,same accession=0001045810-25-000023; filing=2025-02-26; legacy_start=2025-10-01; expanded_effective=2025-02-27; original-boundary reconstruction exact; independent next-session oracle
research_stage61,2025-10-06,fy_effective_date_is_sample_truncated,True,False,legacy_pre_window_filing_effective_date_left_censoring,same accession=0001045810-25-000023; filing=2025-02-26; legacy_start=2025-10-01; expanded_effective=2025-02-27; original-boundary reconstruction exact; independent next-session oracle
research_stage61,2025-10-07,fy_effective_date_is_sample_truncated,True,False,legacy_pre_window_filing_effective_date_left_censoring,same accession=0001045810-25-000023; filing=2025-02-26; legacy_start=2025-10-01; expanded_effective=2025-02-27; original-boundary reconstruction exact; independent next-session oracle
research_stage61,2025-10-08,fy_effective_date_is_sample_truncated,True,False,legacy_pre_window_filing_effective_date_left_censoring,same accession=0001045810-25-000023; filing=2025-02-26; legacy_start=2025-10-01; expanded_effective=2025-02-27; original-boundary reconstruction exact; independent next-session oracle
research_stage61,2025-10-09,fy_effective_date_is_sample_truncated,True,False,legacy_pre_window_filing_effective_date_left_censoring,same accession=0001045810-25-000023; filing=2025-02-26; legacy_start=2025-10-01; expanded_effective=2025-02-27; original-boundary reconstruction exact; independent next-session oracle
research_stage61,2025-10-10,fy_effective_date_is_sample_truncated,True,False,legacy_pre_window_filing_effective_date_left_censoring,same accession=0001045810-25-000023; filing=2025-02-26; legacy_start=2025-10-01; expanded_effective=2025-02-27; original-boundary reconstruction exact; independent next-session oracle
research_stage61,2025-10-13,fy_effective_date_is_sample_truncated,True,False,legacy_pre_window_filing_effective_date_left_censoring,same accession=0001045810-25-000023; filing=2025-02-26; legacy_start=2025-10-01; expanded_effective=2025-02-27; original-boundary reconstruction exact; independent next-session oracle
research_stage61,2025-10-14,fy_effective_date_is_sample_truncated,True,False,legacy_pre_window_filing_effective_date_left_censoring,same accession=0001045810-25-000023; filing=2025-02-26; legacy_start=2025-10-01; expanded_effective=2025-02-27; original-boundary reconstruction exact; independent next-session oracle
research_stage61,2025-10-15,fy_effective_date_is_sample_truncated,True,False,legacy_pre_window_filing_effective_date_left_censoring,same accession=0001045810-25-000023; filing=2025-02-26; legacy_start=2025-10-01; expanded_effective=2025-02-27; original-boundary reconstruction exact; independent next-session oracle
research_stage61,2025-10-16,fy_effective_date_is_sample_truncated,True,False,legacy_pre_window_filing_effective_date_left_censoring,same accession=0001045810-25-000023; filing=2025-02-26; legacy_start=2025-10-01; expanded_effective=2025-02-27; original-boundary reconstruction exact; independent next-session oracle
research_stage61,2025-10-17,fy_effective_date_is_sample_truncated,True,False,legacy_pre_window_filing_effective_date_left_censoring,same accession=0001045810-25-000023; filing=2025-02-26; legacy_start=2025-10-01; expanded_effective=2025-02-27; original-boundary reconstruction exact; independent next-session oracle
research_stage61,2025-10-20,fy_effective_date_is_sample_truncated,True,False,legacy_pre_window_filing_effective_date_left_censoring,same accession=0001045810-25-000023; filing=2025-02-26; legacy_start=2025-10-01; expanded_effective=2025-02-27; original-boundary reconstruction exact; independent next-session oracle
research_stage61,2025-10-21,fy_effective_date_is_sample_truncated,True,False,legacy_pre_window_filing_effective_date_left_censoring,same accession=0001045810-25-000023; filing=2025-02-26; legacy_start=2025-10-01; expanded_effective=2025-02-27; original-boundary reconstruction exact; independent next-session oracle
research_stage61,2025-10-22,fy_effective_date_is_sample_truncated,True,False,legacy_pre_window_filing_effective_date_left_censoring,same accession=0001045810-25-000023; filing=2025-02-26; legacy_start=2025-10-01; expanded_effective=2025-02-27; original-boundary reconstruction exact; independent next-session oracle
research_stage61,2025-10-23,fy_effective_date_is_sample_truncated,True,False,legacy_pre_window_filing_effective_date_left_censoring,same accession=0001045810-25-000023; filing=2025-02-26; legacy_start=2025-10-01; expanded_effective=2025-02-27; original-boundary reconstruction exact; independent next-session oracle
research_stage61,2025-10-24,fy_effective_date_is_sample_truncated,True,False,legacy_pre_window_filing_effective_date_left_censoring,same accession=0001045810-25-000023; filing=2025-02-26; legacy_start=2025-10-01; expanded_effective=2025-02-27; original-boundary reconstruction exact; independent next-session oracle
research_stage61,2025-10-27,fy_effective_date_is_sample_truncated,True,False,legacy_pre_window_filing_effective_date_left_censoring,same accession=0001045810-25-000023; filing=2025-02-26; legacy_start=2025-10-01; expanded_effective=2025-02-27; original-boundary reconstruction exact; independent next-session oracle
research_stage61,2025-10-28,fy_effective_date_is_sample_truncated,True,False,legacy_pre_window_filing_effective_date_left_censoring,same accession=0001045810-25-000023; filing=2025-02-26; legacy_start=2025-10-01; expanded_effective=2025-02-27; original-boundary reconstruction exact; independent next-session oracle
research_stage61,2025-10-29,fy_effective_date_is_sample_truncated,True,False,legacy_pre_window_filing_effective_date_left_censoring,same accession=0001045810-25-000023; filing=2025-02-26; legacy_start=2025-10-01; expanded_effective=2025-02-27; original-boundary reconstruction exact; independent next-session oracle
research_stage61,2025-10-30,fy_effective_date_is_sample_truncated,True,False,legacy_pre_window_filing_effective_date_left_censoring,same accession=0001045810-25-000023; filing=2025-02-26; legacy_start=2025-10-01; expanded_effective=2025-02-27; original-boundary reconstruction exact; independent next-session oracle
research_stage61,2025-10-31,fy_effective_date_is_sample_truncated,True,False,legacy_pre_window_filing_effective_date_left_censoring,same accession=0001045810-25-000023; filing=2025-02-26; legacy_start=2025-10-01; expanded_effective=2025-02-27; original-boundary reconstruction exact; independent next-session oracle
research_stage61,2025-11-03,fy_effective_date_is_sample_truncated,True,False,legacy_pre_window_filing_effective_date_left_censoring,same accession=0001045810-25-000023; filing=2025-02-26; legacy_start=2025-10-01; expanded_effective=2025-02-27; original-boundary reconstruction exact; independent next-session oracle
research_stage61,2025-11-04,fy_effective_date_is_sample_truncated,True,False,legacy_pre_window_filing_effective_date_left_censoring,same accession=0001045810-25-000023; filing=2025-02-26; legacy_start=2025-10-01; expanded_effective=2025-02-27; original-boundary reconstruction exact; independent next-session oracle
research_stage61,2025-11-05,fy_effective_date_is_sample_truncated,True,False,legacy_pre_window_filing_effective_date_left_censoring,same accession=0001045810-25-000023; filing=2025-02-26; legacy_start=2025-10-01; expanded_effective=2025-02-27; original-boundary reconstruction exact; independent next-session oracle
research_stage61,2025-11-06,fy_effective_date_is_sample_truncated,True,False,legacy_pre_window_filing_effective_date_left_censoring,same accession=0001045810-25-000023; filing=2025-02-26; legacy_start=2025-10-01; expanded_effective=2025-02-27; original-boundary reconstruction exact; independent next-session oracle
research_stage61,2025-11-07,fy_effective_date_is_sample_truncated,True,False,legacy_pre_window_filing_effective_date_left_censoring,same accession=0001045810-25-000023; filing=2025-02-26; legacy_start=2025-10-01; expanded_effective=2025-02-27; original-boundary reconstruction exact; independent next-session oracle
research_stage61,2025-11-10,fy_effective_date_is_sample_truncated,True,False,legacy_pre_window_filing_effective_date_left_censoring,same accession=0001045810-25-000023; filing=2025-02-26; legacy_start=2025-10-01; expanded_effective=2025-02-27; original-boundary reconstruction exact; independent next-session oracle
research_stage61,2025-11-11,fy_effective_date_is_sample_truncated,True,False,legacy_pre_window_filing_effective_date_left_censoring,same accession=0001045810-25-000023; filing=2025-02-26; legacy_start=2025-10-01; expanded_effective=2025-02-27; original-boundary reconstruction exact; independent next-session oracle
research_stage61,2025-11-12,fy_effective_date_is_sample_truncated,True,False,legacy_pre_window_filing_effective_date_left_censoring,same accession=0001045810-25-000023; filing=2025-02-26; legacy_start=2025-10-01; expanded_effective=2025-02-27; original-boundary reconstruction exact; independent next-session oracle
research_stage61,2025-11-13,fy_effective_date_is_sample_truncated,True,False,legacy_pre_window_filing_effective_date_left_censoring,same accession=0001045810-25-000023; filing=2025-02-26; legacy_start=2025-10-01; expanded_effective=2025-02-27; original-boundary reconstruction exact; independent next-session oracle
research_stage61,2025-11-14,fy_effective_date_is_sample_truncated,True,False,legacy_pre_window_filing_effective_date_left_censoring,same accession=0001045810-25-000023; filing=2025-02-26; legacy_start=2025-10-01; expanded_effective=2025-02-27; original-boundary reconstruction exact; independent next-session oracle
research_stage61,2025-11-17,fy_effective_date_is_sample_truncated,True,False,legacy_pre_window_filing_effective_date_left_censoring,same accession=0001045810-25-000023; filing=2025-02-26; legacy_start=2025-10-01; expanded_effective=2025-02-27; original-boundary reconstruction exact; independent next-session oracle
research_stage61,2025-11-18,fy_effective_date_is_sample_truncated,True,False,legacy_pre_window_filing_effective_date_left_censoring,same accession=0001045810-25-000023; filing=2025-02-26; legacy_start=2025-10-01; expanded_effective=2025-02-27; original-boundary reconstruction exact; independent next-session oracle
research_stage61,2025-11-19,fy_effective_date_is_sample_truncated,True,False,legacy_pre_window_filing_effective_date_left_censoring,same accession=0001045810-25-000023; filing=2025-02-26; legacy_start=2025-10-01; expanded_effective=2025-02-27; original-boundary reconstruction exact; independent next-session oracle
research_stage61,2025-11-20,fy_effective_date_is_sample_truncated,True,False,legacy_pre_window_filing_effective_date_left_censoring,same accession=0001045810-25-000023; filing=2025-02-26; legacy_start=2025-10-01; expanded_effective=2025-02-27; original-boundary reconstruction exact; independent next-session oracle
research_stage61,2025-11-21,fy_effective_date_is_sample_truncated,True,False,legacy_pre_window_filing_effective_date_left_censoring,same accession=0001045810-25-000023; filing=2025-02-26; legacy_start=2025-10-01; expanded_effective=2025-02-27; original-boundary reconstruction exact; independent next-session oracle
research_stage61,2025-11-24,fy_effective_date_is_sample_truncated,True,False,legacy_pre_window_filing_effective_date_left_censoring,same accession=0001045810-25-000023; filing=2025-02-26; legacy_start=2025-10-01; expanded_effective=2025-02-27; original-boundary reconstruction exact; independent next-session oracle
research_stage61,2025-11-25,fy_effective_date_is_sample_truncated,True,False,legacy_pre_window_filing_effective_date_left_censoring,same accession=0001045810-25-000023; filing=2025-02-26; legacy_start=2025-10-01; expanded_effective=2025-02-27; original-boundary reconstruction exact; independent next-session oracle
research_stage61,2025-11-26,fy_effective_date_is_sample_truncated,True,False,legacy_pre_window_filing_effective_date_left_censoring,same accession=0001045810-25-000023; filing=2025-02-26; legacy_start=2025-10-01; expanded_effective=2025-02-27; original-boundary reconstruction exact; independent next-session oracle
research_stage61,2025-11-28,fy_effective_date_is_sample_truncated,True,False,legacy_pre_window_filing_effective_date_left_censoring,same accession=0001045810-25-000023; filing=2025-02-26; legacy_start=2025-10-01; expanded_effective=2025-02-27; original-boundary reconstruction exact; independent next-session oracle
research_stage61,2025-12-01,fy_effective_date_is_sample_truncated,True,False,legacy_pre_window_filing_effective_date_left_censoring,same accession=0001045810-25-000023; filing=2025-02-26; legacy_start=2025-10-01; expanded_effective=2025-02-27; original-boundary reconstruction exact; independent next-session oracle
research_stage61,2025-12-02,fy_effective_date_is_sample_truncated,True,False,legacy_pre_window_filing_effective_date_left_censoring,same accession=0001045810-25-000023; filing=2025-02-26; legacy_start=2025-10-01; expanded_effective=2025-02-27; original-boundary reconstruction exact; independent next-session oracle
research_stage61,2025-12-03,fy_effective_date_is_sample_truncated,True,False,legacy_pre_window_filing_effective_date_left_censoring,same accession=0001045810-25-000023; filing=2025-02-26; legacy_start=2025-10-01; expanded_effective=2025-02-27; original-boundary reconstruction exact; independent next-session oracle
research_stage61,2025-12-04,fy_effective_date_is_sample_truncated,True,False,legacy_pre_window_filing_effective_date_left_censoring,same accession=0001045810-25-000023; filing=2025-02-26; legacy_start=2025-10-01; expanded_effective=2025-02-27; original-boundary reconstruction exact; independent next-session oracle
research_stage61,2025-12-05,fy_effective_date_is_sample_truncated,True,False,legacy_pre_window_filing_effective_date_left_censoring,same accession=0001045810-25-000023; filing=2025-02-26; legacy_start=2025-10-01; expanded_effective=2025-02-27; original-boundary reconstruction exact; independent next-session oracle
research_stage61,2025-12-08,fy_effective_date_is_sample_truncated,True,False,legacy_pre_window_filing_effective_date_left_censoring,same accession=0001045810-25-000023; filing=2025-02-26; legacy_start=2025-10-01; expanded_effective=2025-02-27; original-boundary reconstruction exact; independent next-session oracle
research_stage61,2025-12-09,fy_effective_date_is_sample_truncated,True,False,legacy_pre_window_filing_effective_date_left_censoring,same accession=0001045810-25-000023; filing=2025-02-26; legacy_start=2025-10-01; expanded_effective=2025-02-27; original-boundary reconstruction exact; independent next-session oracle
research_stage61,2025-12-10,fy_effective_date_is_sample_truncated,True,False,legacy_pre_window_filing_effective_date_left_censoring,same accession=0001045810-25-000023; filing=2025-02-26; legacy_start=2025-10-01; expanded_effective=2025-02-27; original-boundary reconstruction exact; independent next-session oracle
research_stage61,2025-12-11,fy_effective_date_is_sample_truncated,True,False,legacy_pre_window_filing_effective_date_left_censoring,same accession=0001045810-25-000023; filing=2025-02-26; legacy_start=2025-10-01; expanded_effective=2025-02-27; original-boundary reconstruction exact; independent next-session oracle
research_stage61,2025-12-12,fy_effective_date_is_sample_truncated,True,False,legacy_pre_window_filing_effective_date_left_censoring,same accession=0001045810-25-000023; filing=2025-02-26; legacy_start=2025-10-01; expanded_effective=2025-02-27; original-boundary reconstruction exact; independent next-session oracle
research_stage61,2025-12-15,fy_effective_date_is_sample_truncated,True,False,legacy_pre_window_filing_effective_date_left_censoring,same accession=0001045810-25-000023; filing=2025-02-26; legacy_start=2025-10-01; expanded_effective=2025-02-27; original-boundary reconstruction exact; independent next-session oracle
research_stage61,2025-12-16,fy_effective_date_is_sample_truncated,True,False,legacy_pre_window_filing_effective_date_left_censoring,same accession=0001045810-25-000023; filing=2025-02-26; legacy_start=2025-10-01; expanded_effective=2025-02-27; original-boundary reconstruction exact; independent next-session oracle
research_stage61,2025-12-17,fy_effective_date_is_sample_truncated,True,False,legacy_pre_window_filing_effective_date_left_censoring,same accession=0001045810-25-000023; filing=2025-02-26; legacy_start=2025-10-01; expanded_effective=2025-02-27; original-boundary reconstruction exact; independent next-session oracle
research_stage61,2025-12-18,fy_effective_date_is_sample_truncated,True,False,legacy_pre_window_filing_effective_date_left_censoring,same accession=0001045810-25-000023; filing=2025-02-26; legacy_start=2025-10-01; expanded_effective=2025-02-27; original-boundary reconstruction exact; independent next-session oracle
research_stage61,2025-12-19,fy_effective_date_is_sample_truncated,True,False,legacy_pre_window_filing_effective_date_left_censoring,same accession=0001045810-25-000023; filing=2025-02-26; legacy_start=2025-10-01; expanded_effective=2025-02-27; original-boundary reconstruction exact; independent next-session oracle
research_stage61,2025-12-22,fy_effective_date_is_sample_truncated,True,False,legacy_pre_window_filing_effective_date_left_censoring,same accession=0001045810-25-000023; filing=2025-02-26; legacy_start=2025-10-01; expanded_effective=2025-02-27; original-boundary reconstruction exact; independent next-session oracle
research_stage61,2025-12-23,fy_effective_date_is_sample_truncated,True,False,legacy_pre_window_filing_effective_date_left_censoring,same accession=0001045810-25-000023; filing=2025-02-26; legacy_start=2025-10-01; expanded_effective=2025-02-27; original-boundary reconstruction exact; independent next-session oracle
research_stage61,2025-12-24,fy_effective_date_is_sample_truncated,True,False,legacy_pre_window_filing_effective_date_left_censoring,same accession=0001045810-25-000023; filing=2025-02-26; legacy_start=2025-10-01; expanded_effective=2025-02-27; original-boundary reconstruction exact; independent next-session oracle
research_stage61,2025-12-26,fy_effective_date_is_sample_truncated,True,False,legacy_pre_window_filing_effective_date_left_censoring,same accession=0001045810-25-000023; filing=2025-02-26; legacy_start=2025-10-01; expanded_effective=2025-02-27; original-boundary reconstruction exact; independent next-session oracle
research_stage61,2025-12-29,fy_effective_date_is_sample_truncated,True,False,legacy_pre_window_filing_effective_date_left_censoring,same accession=0001045810-25-000023; filing=2025-02-26; legacy_start=2025-10-01; expanded_effective=2025-02-27; original-boundary reconstruction exact; independent next-session oracle
research_stage61,2025-12-30,fy_effective_date_is_sample_truncated,True,False,legacy_pre_window_filing_effective_date_left_censoring,same accession=0001045810-25-000023; filing=2025-02-26; legacy_start=2025-10-01; expanded_effective=2025-02-27; original-boundary reconstruction exact; independent next-session oracle
research_stage61,2025-12-31,fy_effective_date_is_sample_truncated,True,False,legacy_pre_window_filing_effective_date_left_censoring,same accession=0001045810-25-000023; filing=2025-02-26; legacy_start=2025-10-01; expanded_effective=2025-02-27; original-boundary reconstruction exact; independent next-session oracle
research_stage61,2026-01-02,fy_effective_date_is_sample_truncated,True,False,legacy_pre_window_filing_effective_date_left_censoring,same accession=0001045810-25-000023; filing=2025-02-26; legacy_start=2025-10-01; expanded_effective=2025-02-27; original-boundary reconstruction exact; independent next-session oracle
research_stage61,2026-01-05,fy_effective_date_is_sample_truncated,True,False,legacy_pre_window_filing_effective_date_left_censoring,same accession=0001045810-25-000023; filing=2025-02-26; legacy_start=2025-10-01; expanded_effective=2025-02-27; original-boundary reconstruction exact; independent next-session oracle
research_stage61,2026-01-06,fy_effective_date_is_sample_truncated,True,False,legacy_pre_window_filing_effective_date_left_censoring,same accession=0001045810-25-000023; filing=2025-02-26; legacy_start=2025-10-01; expanded_effective=2025-02-27; original-boundary reconstruction exact; independent next-session oracle
research_stage61,2026-01-07,fy_effective_date_is_sample_truncated,True,False,legacy_pre_window_filing_effective_date_left_censoring,same accession=0001045810-25-000023; filing=2025-02-26; legacy_start=2025-10-01; expanded_effective=2025-02-27; original-boundary reconstruction exact; independent next-session oracle
research_stage61,2026-01-08,fy_effective_date_is_sample_truncated,True,False,legacy_pre_window_filing_effective_date_left_censoring,same accession=0001045810-25-000023; filing=2025-02-26; legacy_start=2025-10-01; expanded_effective=2025-02-27; original-boundary reconstruction exact; independent next-session oracle
research_stage61,2026-01-09,fy_effective_date_is_sample_truncated,True,False,legacy_pre_window_filing_effective_date_left_censoring,same accession=0001045810-25-000023; filing=2025-02-26; legacy_start=2025-10-01; expanded_effective=2025-02-27; original-boundary reconstruction exact; independent next-session oracle
research_stage61,2026-01-12,fy_effective_date_is_sample_truncated,True,False,legacy_pre_window_filing_effective_date_left_censoring,same accession=0001045810-25-000023; filing=2025-02-26; legacy_start=2025-10-01; expanded_effective=2025-02-27; original-boundary reconstruction exact; independent next-session oracle
research_stage61,2026-01-13,fy_effective_date_is_sample_truncated,True,False,legacy_pre_window_filing_effective_date_left_censoring,same accession=0001045810-25-000023; filing=2025-02-26; legacy_start=2025-10-01; expanded_effective=2025-02-27; original-boundary reconstruction exact; independent next-session oracle
research_stage61,2026-01-14,fy_effective_date_is_sample_truncated,True,False,legacy_pre_window_filing_effective_date_left_censoring,same accession=0001045810-25-000023; filing=2025-02-26; legacy_start=2025-10-01; expanded_effective=2025-02-27; original-boundary reconstruction exact; independent next-session oracle
research_stage61,2026-01-15,fy_effective_date_is_sample_truncated,True,False,legacy_pre_window_filing_effective_date_left_censoring,same accession=0001045810-25-000023; filing=2025-02-26; legacy_start=2025-10-01; expanded_effective=2025-02-27; original-boundary reconstruction exact; independent next-session oracle
research_stage61,2026-01-16,fy_effective_date_is_sample_truncated,True,False,legacy_pre_window_filing_effective_date_left_censoring,same accession=0001045810-25-000023; filing=2025-02-26; legacy_start=2025-10-01; expanded_effective=2025-02-27; original-boundary reconstruction exact; independent next-session oracle
research_stage61,2026-01-20,fy_effective_date_is_sample_truncated,True,False,legacy_pre_window_filing_effective_date_left_censoring,same accession=0001045810-25-000023; filing=2025-02-26; legacy_start=2025-10-01; expanded_effective=2025-02-27; original-boundary reconstruction exact; independent next-session oracle
research_stage61,2026-01-21,fy_effective_date_is_sample_truncated,True,False,legacy_pre_window_filing_effective_date_left_censoring,same accession=0001045810-25-000023; filing=2025-02-26; legacy_start=2025-10-01; expanded_effective=2025-02-27; original-boundary reconstruction exact; independent next-session oracle
research_stage61,2026-01-22,fy_effective_date_is_sample_truncated,True,False,legacy_pre_window_filing_effective_date_left_censoring,same accession=0001045810-25-000023; filing=2025-02-26; legacy_start=2025-10-01; expanded_effective=2025-02-27; original-boundary reconstruction exact; independent next-session oracle
research_stage61,2026-01-23,fy_effective_date_is_sample_truncated,True,False,legacy_pre_window_filing_effective_date_left_censoring,same accession=0001045810-25-000023; filing=2025-02-26; legacy_start=2025-10-01; expanded_effective=2025-02-27; original-boundary reconstruction exact; independent next-session oracle
research_stage61,2026-01-26,fy_effective_date_is_sample_truncated,True,False,legacy_pre_window_filing_effective_date_left_censoring,same accession=0001045810-25-000023; filing=2025-02-26; legacy_start=2025-10-01; expanded_effective=2025-02-27; original-boundary reconstruction exact; independent next-session oracle
research_stage61,2026-01-27,fy_effective_date_is_sample_truncated,True,False,legacy_pre_window_filing_effective_date_left_censoring,same accession=0001045810-25-000023; filing=2025-02-26; legacy_start=2025-10-01; expanded_effective=2025-02-27; original-boundary reconstruction exact; independent next-session oracle
research_stage61,2026-01-28,fy_effective_date_is_sample_truncated,True,False,legacy_pre_window_filing_effective_date_left_censoring,same accession=0001045810-25-000023; filing=2025-02-26; legacy_start=2025-10-01; expanded_effective=2025-02-27; original-boundary reconstruction exact; independent next-session oracle
research_stage61,2026-01-29,fy_effective_date_is_sample_truncated,True,False,legacy_pre_window_filing_effective_date_left_censoring,same accession=0001045810-25-000023; filing=2025-02-26; legacy_start=2025-10-01; expanded_effective=2025-02-27; original-boundary reconstruction exact; independent next-session oracle
research_stage61,2026-01-30,fy_effective_date_is_sample_truncated,True,False,legacy_pre_window_filing_effective_date_left_censoring,same accession=0001045810-25-000023; filing=2025-02-26; legacy_start=2025-10-01; expanded_effective=2025-02-27; original-boundary reconstruction exact; independent next-session oracle
research_stage61,2026-02-02,fy_effective_date_is_sample_truncated,True,False,legacy_pre_window_filing_effective_date_left_censoring,same accession=0001045810-25-000023; filing=2025-02-26; legacy_start=2025-10-01; expanded_effective=2025-02-27; original-boundary reconstruction exact; independent next-session oracle
research_stage61,2026-02-03,fy_effective_date_is_sample_truncated,True,False,legacy_pre_window_filing_effective_date_left_censoring,same accession=0001045810-25-000023; filing=2025-02-26; legacy_start=2025-10-01; expanded_effective=2025-02-27; original-boundary reconstruction exact; independent next-session oracle
research_stage61,2026-02-04,fy_effective_date_is_sample_truncated,True,False,legacy_pre_window_filing_effective_date_left_censoring,same accession=0001045810-25-000023; filing=2025-02-26; legacy_start=2025-10-01; expanded_effective=2025-02-27; original-boundary reconstruction exact; independent next-session oracle
research_stage61,2026-02-05,fy_effective_date_is_sample_truncated,True,False,legacy_pre_window_filing_effective_date_left_censoring,same accession=0001045810-25-000023; filing=2025-02-26; legacy_start=2025-10-01; expanded_effective=2025-02-27; original-boundary reconstruction exact; independent next-session oracle
research_stage61,2026-02-06,fy_effective_date_is_sample_truncated,True,False,legacy_pre_window_filing_effective_date_left_censoring,same accession=0001045810-25-000023; filing=2025-02-26; legacy_start=2025-10-01; expanded_effective=2025-02-27; original-boundary reconstruction exact; independent next-session oracle
research_stage61,2026-02-09,fy_effective_date_is_sample_truncated,True,False,legacy_pre_window_filing_effective_date_left_censoring,same accession=0001045810-25-000023; filing=2025-02-26; legacy_start=2025-10-01; expanded_effective=2025-02-27; original-boundary reconstruction exact; independent next-session oracle
research_stage61,2026-02-10,fy_effective_date_is_sample_truncated,True,False,legacy_pre_window_filing_effective_date_left_censoring,same accession=0001045810-25-000023; filing=2025-02-26; legacy_start=2025-10-01; expanded_effective=2025-02-27; original-boundary reconstruction exact; independent next-session oracle
research_stage61,2026-02-11,fy_effective_date_is_sample_truncated,True,False,legacy_pre_window_filing_effective_date_left_censoring,same accession=0001045810-25-000023; filing=2025-02-26; legacy_start=2025-10-01; expanded_effective=2025-02-27; original-boundary reconstruction exact; independent next-session oracle
research_stage61,2026-02-12,fy_effective_date_is_sample_truncated,True,False,legacy_pre_window_filing_effective_date_left_censoring,same accession=0001045810-25-000023; filing=2025-02-26; legacy_start=2025-10-01; expanded_effective=2025-02-27; original-boundary reconstruction exact; independent next-session oracle
research_stage61,2026-02-13,fy_effective_date_is_sample_truncated,True,False,legacy_pre_window_filing_effective_date_left_censoring,same accession=0001045810-25-000023; filing=2025-02-26; legacy_start=2025-10-01; expanded_effective=2025-02-27; original-boundary reconstruction exact; independent next-session oracle
research_stage61,2026-02-17,fy_effective_date_is_sample_truncated,True,False,legacy_pre_window_filing_effective_date_left_censoring,same accession=0001045810-25-000023; filing=2025-02-26; legacy_start=2025-10-01; expanded_effective=2025-02-27; original-boundary reconstruction exact; independent next-session oracle
research_stage61,2026-02-18,fy_effective_date_is_sample_truncated,True,False,legacy_pre_window_filing_effective_date_left_censoring,same accession=0001045810-25-000023; filing=2025-02-26; legacy_start=2025-10-01; expanded_effective=2025-02-27; original-boundary reconstruction exact; independent next-session oracle
research_stage61,2026-02-19,fy_effective_date_is_sample_truncated,True,False,legacy_pre_window_filing_effective_date_left_censoring,same accession=0001045810-25-000023; filing=2025-02-26; legacy_start=2025-10-01; expanded_effective=2025-02-27; original-boundary reconstruction exact; independent next-session oracle
research_stage61,2026-02-20,fy_effective_date_is_sample_truncated,True,False,legacy_pre_window_filing_effective_date_left_censoring,same accession=0001045810-25-000023; filing=2025-02-26; legacy_start=2025-10-01; expanded_effective=2025-02-27; original-boundary reconstruction exact; independent next-session oracle
research_stage61,2026-02-23,fy_effective_date_is_sample_truncated,True,False,legacy_pre_window_filing_effective_date_left_censoring,same accession=0001045810-25-000023; filing=2025-02-26; legacy_start=2025-10-01; expanded_effective=2025-02-27; original-boundary reconstruction exact; independent next-session oracle
research_stage61,2026-02-24,fy_effective_date_is_sample_truncated,True,False,legacy_pre_window_filing_effective_date_left_censoring,same accession=0001045810-25-000023; filing=2025-02-26; legacy_start=2025-10-01; expanded_effective=2025-02-27; original-boundary reconstruction exact; independent next-session oracle
research_stage61,2026-02-25,fy_effective_date_is_sample_truncated,True,False,legacy_pre_window_filing_effective_date_left_censoring,same accession=0001045810-25-000023; filing=2025-02-26; legacy_start=2025-10-01; expanded_effective=2025-02-27; original-boundary reconstruction exact; independent next-session oracle
research_stage61,2025-10-01,fy_effective_date_basis,sample_start_truncated,observed_next_session,legacy_pre_window_filing_effective_date_left_censoring,same accession=0001045810-25-000023; filing=2025-02-26; legacy_start=2025-10-01; expanded_effective=2025-02-27; original-boundary reconstruction exact; independent next-session oracle
research_stage61,2025-10-02,fy_effective_date_basis,sample_start_truncated,observed_next_session,legacy_pre_window_filing_effective_date_left_censoring,same accession=0001045810-25-000023; filing=2025-02-26; legacy_start=2025-10-01; expanded_effective=2025-02-27; original-boundary reconstruction exact; independent next-session oracle
research_stage61,2025-10-03,fy_effective_date_basis,sample_start_truncated,observed_next_session,legacy_pre_window_filing_effective_date_left_censoring,same accession=0001045810-25-000023; filing=2025-02-26; legacy_start=2025-10-01; expanded_effective=2025-02-27; original-boundary reconstruction exact; independent next-session oracle
research_stage61,2025-10-06,fy_effective_date_basis,sample_start_truncated,observed_next_session,legacy_pre_window_filing_effective_date_left_censoring,same accession=0001045810-25-000023; filing=2025-02-26; legacy_start=2025-10-01; expanded_effective=2025-02-27; original-boundary reconstruction exact; independent next-session oracle
research_stage61,2025-10-07,fy_effective_date_basis,sample_start_truncated,observed_next_session,legacy_pre_window_filing_effective_date_left_censoring,same accession=0001045810-25-000023; filing=2025-02-26; legacy_start=2025-10-01; expanded_effective=2025-02-27; original-boundary reconstruction exact; independent next-session oracle
research_stage61,2025-10-08,fy_effective_date_basis,sample_start_truncated,observed_next_session,legacy_pre_window_filing_effective_date_left_censoring,same accession=0001045810-25-000023; filing=2025-02-26; legacy_start=2025-10-01; expanded_effective=2025-02-27; original-boundary reconstruction exact; independent next-session oracle
research_stage61,2025-10-09,fy_effective_date_basis,sample_start_truncated,observed_next_session,legacy_pre_window_filing_effective_date_left_censoring,same accession=0001045810-25-000023; filing=2025-02-26; legacy_start=2025-10-01; expanded_effective=2025-02-27; original-boundary reconstruction exact; independent next-session oracle
research_stage61,2025-10-10,fy_effective_date_basis,sample_start_truncated,observed_next_session,legacy_pre_window_filing_effective_date_left_censoring,same accession=0001045810-25-000023; filing=2025-02-26; legacy_start=2025-10-01; expanded_effective=2025-02-27; original-boundary reconstruction exact; independent next-session oracle
research_stage61,2025-10-13,fy_effective_date_basis,sample_start_truncated,observed_next_session,legacy_pre_window_filing_effective_date_left_censoring,same accession=0001045810-25-000023; filing=2025-02-26; legacy_start=2025-10-01; expanded_effective=2025-02-27; original-boundary reconstruction exact; independent next-session oracle
research_stage61,2025-10-14,fy_effective_date_basis,sample_start_truncated,observed_next_session,legacy_pre_window_filing_effective_date_left_censoring,same accession=0001045810-25-000023; filing=2025-02-26; legacy_start=2025-10-01; expanded_effective=2025-02-27; original-boundary reconstruction exact; independent next-session oracle
research_stage61,2025-10-15,fy_effective_date_basis,sample_start_truncated,observed_next_session,legacy_pre_window_filing_effective_date_left_censoring,same accession=0001045810-25-000023; filing=2025-02-26; legacy_start=2025-10-01; expanded_effective=2025-02-27; original-boundary reconstruction exact; independent next-session oracle
research_stage61,2025-10-16,fy_effective_date_basis,sample_start_truncated,observed_next_session,legacy_pre_window_filing_effective_date_left_censoring,same accession=0001045810-25-000023; filing=2025-02-26; legacy_start=2025-10-01; expanded_effective=2025-02-27; original-boundary reconstruction exact; independent next-session oracle
research_stage61,2025-10-17,fy_effective_date_basis,sample_start_truncated,observed_next_session,legacy_pre_window_filing_effective_date_left_censoring,same accession=0001045810-25-000023; filing=2025-02-26; legacy_start=2025-10-01; expanded_effective=2025-02-27; original-boundary reconstruction exact; independent next-session oracle
research_stage61,2025-10-20,fy_effective_date_basis,sample_start_truncated,observed_next_session,legacy_pre_window_filing_effective_date_left_censoring,same accession=0001045810-25-000023; filing=2025-02-26; legacy_start=2025-10-01; expanded_effective=2025-02-27; original-boundary reconstruction exact; independent next-session oracle
research_stage61,2025-10-21,fy_effective_date_basis,sample_start_truncated,observed_next_session,legacy_pre_window_filing_effective_date_left_censoring,same accession=0001045810-25-000023; filing=2025-02-26; legacy_start=2025-10-01; expanded_effective=2025-02-27; original-boundary reconstruction exact; independent next-session oracle
research_stage61,2025-10-22,fy_effective_date_basis,sample_start_truncated,observed_next_session,legacy_pre_window_filing_effective_date_left_censoring,same accession=0001045810-25-000023; filing=2025-02-26; legacy_start=2025-10-01; expanded_effective=2025-02-27; original-boundary reconstruction exact; independent next-session oracle
research_stage61,2025-10-23,fy_effective_date_basis,sample_start_truncated,observed_next_session,legacy_pre_window_filing_effective_date_left_censoring,same accession=0001045810-25-000023; filing=2025-02-26; legacy_start=2025-10-01; expanded_effective=2025-02-27; original-boundary reconstruction exact; independent next-session oracle
research_stage61,2025-10-24,fy_effective_date_basis,sample_start_truncated,observed_next_session,legacy_pre_window_filing_effective_date_left_censoring,same accession=0001045810-25-000023; filing=2025-02-26; legacy_start=2025-10-01; expanded_effective=2025-02-27; original-boundary reconstruction exact; independent next-session oracle
research_stage61,2025-10-27,fy_effective_date_basis,sample_start_truncated,observed_next_session,legacy_pre_window_filing_effective_date_left_censoring,same accession=0001045810-25-000023; filing=2025-02-26; legacy_start=2025-10-01; expanded_effective=2025-02-27; original-boundary reconstruction exact; independent next-session oracle
research_stage61,2025-10-28,fy_effective_date_basis,sample_start_truncated,observed_next_session,legacy_pre_window_filing_effective_date_left_censoring,same accession=0001045810-25-000023; filing=2025-02-26; legacy_start=2025-10-01; expanded_effective=2025-02-27; original-boundary reconstruction exact; independent next-session oracle
research_stage61,2025-10-29,fy_effective_date_basis,sample_start_truncated,observed_next_session,legacy_pre_window_filing_effective_date_left_censoring,same accession=0001045810-25-000023; filing=2025-02-26; legacy_start=2025-10-01; expanded_effective=2025-02-27; original-boundary reconstruction exact; independent next-session oracle
research_stage61,2025-10-30,fy_effective_date_basis,sample_start_truncated,observed_next_session,legacy_pre_window_filing_effective_date_left_censoring,same accession=0001045810-25-000023; filing=2025-02-26; legacy_start=2025-10-01; expanded_effective=2025-02-27; original-boundary reconstruction exact; independent next-session oracle
research_stage61,2025-10-31,fy_effective_date_basis,sample_start_truncated,observed_next_session,legacy_pre_window_filing_effective_date_left_censoring,same accession=0001045810-25-000023; filing=2025-02-26; legacy_start=2025-10-01; expanded_effective=2025-02-27; original-boundary reconstruction exact; independent next-session oracle
research_stage61,2025-11-03,fy_effective_date_basis,sample_start_truncated,observed_next_session,legacy_pre_window_filing_effective_date_left_censoring,same accession=0001045810-25-000023; filing=2025-02-26; legacy_start=2025-10-01; expanded_effective=2025-02-27; original-boundary reconstruction exact; independent next-session oracle
research_stage61,2025-11-04,fy_effective_date_basis,sample_start_truncated,observed_next_session,legacy_pre_window_filing_effective_date_left_censoring,same accession=0001045810-25-000023; filing=2025-02-26; legacy_start=2025-10-01; expanded_effective=2025-02-27; original-boundary reconstruction exact; independent next-session oracle
research_stage61,2025-11-05,fy_effective_date_basis,sample_start_truncated,observed_next_session,legacy_pre_window_filing_effective_date_left_censoring,same accession=0001045810-25-000023; filing=2025-02-26; legacy_start=2025-10-01; expanded_effective=2025-02-27; original-boundary reconstruction exact; independent next-session oracle
research_stage61,2025-11-06,fy_effective_date_basis,sample_start_truncated,observed_next_session,legacy_pre_window_filing_effective_date_left_censoring,same accession=0001045810-25-000023; filing=2025-02-26; legacy_start=2025-10-01; expanded_effective=2025-02-27; original-boundary reconstruction exact; independent next-session oracle
research_stage61,2025-11-07,fy_effective_date_basis,sample_start_truncated,observed_next_session,legacy_pre_window_filing_effective_date_left_censoring,same accession=0001045810-25-000023; filing=2025-02-26; legacy_start=2025-10-01; expanded_effective=2025-02-27; original-boundary reconstruction exact; independent next-session oracle
research_stage61,2025-11-10,fy_effective_date_basis,sample_start_truncated,observed_next_session,legacy_pre_window_filing_effective_date_left_censoring,same accession=0001045810-25-000023; filing=2025-02-26; legacy_start=2025-10-01; expanded_effective=2025-02-27; original-boundary reconstruction exact; independent next-session oracle
research_stage61,2025-11-11,fy_effective_date_basis,sample_start_truncated,observed_next_session,legacy_pre_window_filing_effective_date_left_censoring,same accession=0001045810-25-000023; filing=2025-02-26; legacy_start=2025-10-01; expanded_effective=2025-02-27; original-boundary reconstruction exact; independent next-session oracle
research_stage61,2025-11-12,fy_effective_date_basis,sample_start_truncated,observed_next_session,legacy_pre_window_filing_effective_date_left_censoring,same accession=0001045810-25-000023; filing=2025-02-26; legacy_start=2025-10-01; expanded_effective=2025-02-27; original-boundary reconstruction exact; independent next-session oracle
research_stage61,2025-11-13,fy_effective_date_basis,sample_start_truncated,observed_next_session,legacy_pre_window_filing_effective_date_left_censoring,same accession=0001045810-25-000023; filing=2025-02-26; legacy_start=2025-10-01; expanded_effective=2025-02-27; original-boundary reconstruction exact; independent next-session oracle
research_stage61,2025-11-14,fy_effective_date_basis,sample_start_truncated,observed_next_session,legacy_pre_window_filing_effective_date_left_censoring,same accession=0001045810-25-000023; filing=2025-02-26; legacy_start=2025-10-01; expanded_effective=2025-02-27; original-boundary reconstruction exact; independent next-session oracle
research_stage61,2025-11-17,fy_effective_date_basis,sample_start_truncated,observed_next_session,legacy_pre_window_filing_effective_date_left_censoring,same accession=0001045810-25-000023; filing=2025-02-26; legacy_start=2025-10-01; expanded_effective=2025-02-27; original-boundary reconstruction exact; independent next-session oracle
research_stage61,2025-11-18,fy_effective_date_basis,sample_start_truncated,observed_next_session,legacy_pre_window_filing_effective_date_left_censoring,same accession=0001045810-25-000023; filing=2025-02-26; legacy_start=2025-10-01; expanded_effective=2025-02-27; original-boundary reconstruction exact; independent next-session oracle
research_stage61,2025-11-19,fy_effective_date_basis,sample_start_truncated,observed_next_session,legacy_pre_window_filing_effective_date_left_censoring,same accession=0001045810-25-000023; filing=2025-02-26; legacy_start=2025-10-01; expanded_effective=2025-02-27; original-boundary reconstruction exact; independent next-session oracle
research_stage61,2025-11-20,fy_effective_date_basis,sample_start_truncated,observed_next_session,legacy_pre_window_filing_effective_date_left_censoring,same accession=0001045810-25-000023; filing=2025-02-26; legacy_start=2025-10-01; expanded_effective=2025-02-27; original-boundary reconstruction exact; independent next-session oracle
research_stage61,2025-11-21,fy_effective_date_basis,sample_start_truncated,observed_next_session,legacy_pre_window_filing_effective_date_left_censoring,same accession=0001045810-25-000023; filing=2025-02-26; legacy_start=2025-10-01; expanded_effective=2025-02-27; original-boundary reconstruction exact; independent next-session oracle
research_stage61,2025-11-24,fy_effective_date_basis,sample_start_truncated,observed_next_session,legacy_pre_window_filing_effective_date_left_censoring,same accession=0001045810-25-000023; filing=2025-02-26; legacy_start=2025-10-01; expanded_effective=2025-02-27; original-boundary reconstruction exact; independent next-session oracle
research_stage61,2025-11-25,fy_effective_date_basis,sample_start_truncated,observed_next_session,legacy_pre_window_filing_effective_date_left_censoring,same accession=0001045810-25-000023; filing=2025-02-26; legacy_start=2025-10-01; expanded_effective=2025-02-27; original-boundary reconstruction exact; independent next-session oracle
research_stage61,2025-11-26,fy_effective_date_basis,sample_start_truncated,observed_next_session,legacy_pre_window_filing_effective_date_left_censoring,same accession=0001045810-25-000023; filing=2025-02-26; legacy_start=2025-10-01; expanded_effective=2025-02-27; original-boundary reconstruction exact; independent next-session oracle
research_stage61,2025-11-28,fy_effective_date_basis,sample_start_truncated,observed_next_session,legacy_pre_window_filing_effective_date_left_censoring,same accession=0001045810-25-000023; filing=2025-02-26; legacy_start=2025-10-01; expanded_effective=2025-02-27; original-boundary reconstruction exact; independent next-session oracle
research_stage61,2025-12-01,fy_effective_date_basis,sample_start_truncated,observed_next_session,legacy_pre_window_filing_effective_date_left_censoring,same accession=0001045810-25-000023; filing=2025-02-26; legacy_start=2025-10-01; expanded_effective=2025-02-27; original-boundary reconstruction exact; independent next-session oracle
research_stage61,2025-12-02,fy_effective_date_basis,sample_start_truncated,observed_next_session,legacy_pre_window_filing_effective_date_left_censoring,same accession=0001045810-25-000023; filing=2025-02-26; legacy_start=2025-10-01; expanded_effective=2025-02-27; original-boundary reconstruction exact; independent next-session oracle
research_stage61,2025-12-03,fy_effective_date_basis,sample_start_truncated,observed_next_session,legacy_pre_window_filing_effective_date_left_censoring,same accession=0001045810-25-000023; filing=2025-02-26; legacy_start=2025-10-01; expanded_effective=2025-02-27; original-boundary reconstruction exact; independent next-session oracle
research_stage61,2025-12-04,fy_effective_date_basis,sample_start_truncated,observed_next_session,legacy_pre_window_filing_effective_date_left_censoring,same accession=0001045810-25-000023; filing=2025-02-26; legacy_start=2025-10-01; expanded_effective=2025-02-27; original-boundary reconstruction exact; independent next-session oracle
research_stage61,2025-12-05,fy_effective_date_basis,sample_start_truncated,observed_next_session,legacy_pre_window_filing_effective_date_left_censoring,same accession=0001045810-25-000023; filing=2025-02-26; legacy_start=2025-10-01; expanded_effective=2025-02-27; original-boundary reconstruction exact; independent next-session oracle
research_stage61,2025-12-08,fy_effective_date_basis,sample_start_truncated,observed_next_session,legacy_pre_window_filing_effective_date_left_censoring,same accession=0001045810-25-000023; filing=2025-02-26; legacy_start=2025-10-01; expanded_effective=2025-02-27; original-boundary reconstruction exact; independent next-session oracle
research_stage61,2025-12-09,fy_effective_date_basis,sample_start_truncated,observed_next_session,legacy_pre_window_filing_effective_date_left_censoring,same accession=0001045810-25-000023; filing=2025-02-26; legacy_start=2025-10-01; expanded_effective=2025-02-27; original-boundary reconstruction exact; independent next-session oracle
research_stage61,2025-12-10,fy_effective_date_basis,sample_start_truncated,observed_next_session,legacy_pre_window_filing_effective_date_left_censoring,same accession=0001045810-25-000023; filing=2025-02-26; legacy_start=2025-10-01; expanded_effective=2025-02-27; original-boundary reconstruction exact; independent next-session oracle
research_stage61,2025-12-11,fy_effective_date_basis,sample_start_truncated,observed_next_session,legacy_pre_window_filing_effective_date_left_censoring,same accession=0001045810-25-000023; filing=2025-02-26; legacy_start=2025-10-01; expanded_effective=2025-02-27; original-boundary reconstruction exact; independent next-session oracle
research_stage61,2025-12-12,fy_effective_date_basis,sample_start_truncated,observed_next_session,legacy_pre_window_filing_effective_date_left_censoring,same accession=0001045810-25-000023; filing=2025-02-26; legacy_start=2025-10-01; expanded_effective=2025-02-27; original-boundary reconstruction exact; independent next-session oracle
research_stage61,2025-12-15,fy_effective_date_basis,sample_start_truncated,observed_next_session,legacy_pre_window_filing_effective_date_left_censoring,same accession=0001045810-25-000023; filing=2025-02-26; legacy_start=2025-10-01; expanded_effective=2025-02-27; original-boundary reconstruction exact; independent next-session oracle
research_stage61,2025-12-16,fy_effective_date_basis,sample_start_truncated,observed_next_session,legacy_pre_window_filing_effective_date_left_censoring,same accession=0001045810-25-000023; filing=2025-02-26; legacy_start=2025-10-01; expanded_effective=2025-02-27; original-boundary reconstruction exact; independent next-session oracle
research_stage61,2025-12-17,fy_effective_date_basis,sample_start_truncated,observed_next_session,legacy_pre_window_filing_effective_date_left_censoring,same accession=0001045810-25-000023; filing=2025-02-26; legacy_start=2025-10-01; expanded_effective=2025-02-27; original-boundary reconstruction exact; independent next-session oracle
research_stage61,2025-12-18,fy_effective_date_basis,sample_start_truncated,observed_next_session,legacy_pre_window_filing_effective_date_left_censoring,same accession=0001045810-25-000023; filing=2025-02-26; legacy_start=2025-10-01; expanded_effective=2025-02-27; original-boundary reconstruction exact; independent next-session oracle
research_stage61,2025-12-19,fy_effective_date_basis,sample_start_truncated,observed_next_session,legacy_pre_window_filing_effective_date_left_censoring,same accession=0001045810-25-000023; filing=2025-02-26; legacy_start=2025-10-01; expanded_effective=2025-02-27; original-boundary reconstruction exact; independent next-session oracle
research_stage61,2025-12-22,fy_effective_date_basis,sample_start_truncated,observed_next_session,legacy_pre_window_filing_effective_date_left_censoring,same accession=0001045810-25-000023; filing=2025-02-26; legacy_start=2025-10-01; expanded_effective=2025-02-27; original-boundary reconstruction exact; independent next-session oracle
research_stage61,2025-12-23,fy_effective_date_basis,sample_start_truncated,observed_next_session,legacy_pre_window_filing_effective_date_left_censoring,same accession=0001045810-25-000023; filing=2025-02-26; legacy_start=2025-10-01; expanded_effective=2025-02-27; original-boundary reconstruction exact; independent next-session oracle
research_stage61,2025-12-24,fy_effective_date_basis,sample_start_truncated,observed_next_session,legacy_pre_window_filing_effective_date_left_censoring,same accession=0001045810-25-000023; filing=2025-02-26; legacy_start=2025-10-01; expanded_effective=2025-02-27; original-boundary reconstruction exact; independent next-session oracle
research_stage61,2025-12-26,fy_effective_date_basis,sample_start_truncated,observed_next_session,legacy_pre_window_filing_effective_date_left_censoring,same accession=0001045810-25-000023; filing=2025-02-26; legacy_start=2025-10-01; expanded_effective=2025-02-27; original-boundary reconstruction exact; independent next-session oracle
research_stage61,2025-12-29,fy_effective_date_basis,sample_start_truncated,observed_next_session,legacy_pre_window_filing_effective_date_left_censoring,same accession=0001045810-25-000023; filing=2025-02-26; legacy_start=2025-10-01; expanded_effective=2025-02-27; original-boundary reconstruction exact; independent next-session oracle
research_stage61,2025-12-30,fy_effective_date_basis,sample_start_truncated,observed_next_session,legacy_pre_window_filing_effective_date_left_censoring,same accession=0001045810-25-000023; filing=2025-02-26; legacy_start=2025-10-01; expanded_effective=2025-02-27; original-boundary reconstruction exact; independent next-session oracle
research_stage61,2025-12-31,fy_effective_date_basis,sample_start_truncated,observed_next_session,legacy_pre_window_filing_effective_date_left_censoring,same accession=0001045810-25-000023; filing=2025-02-26; legacy_start=2025-10-01; expanded_effective=2025-02-27; original-boundary reconstruction exact; independent next-session oracle
research_stage61,2026-01-02,fy_effective_date_basis,sample_start_truncated,observed_next_session,legacy_pre_window_filing_effective_date_left_censoring,same accession=0001045810-25-000023; filing=2025-02-26; legacy_start=2025-10-01; expanded_effective=2025-02-27; original-boundary reconstruction exact; independent next-session oracle
research_stage61,2026-01-05,fy_effective_date_basis,sample_start_truncated,observed_next_session,legacy_pre_window_filing_effective_date_left_censoring,same accession=0001045810-25-000023; filing=2025-02-26; legacy_start=2025-10-01; expanded_effective=2025-02-27; original-boundary reconstruction exact; independent next-session oracle
research_stage61,2026-01-06,fy_effective_date_basis,sample_start_truncated,observed_next_session,legacy_pre_window_filing_effective_date_left_censoring,same accession=0001045810-25-000023; filing=2025-02-26; legacy_start=2025-10-01; expanded_effective=2025-02-27; original-boundary reconstruction exact; independent next-session oracle
research_stage61,2026-01-07,fy_effective_date_basis,sample_start_truncated,observed_next_session,legacy_pre_window_filing_effective_date_left_censoring,same accession=0001045810-25-000023; filing=2025-02-26; legacy_start=2025-10-01; expanded_effective=2025-02-27; original-boundary reconstruction exact; independent next-session oracle
research_stage61,2026-01-08,fy_effective_date_basis,sample_start_truncated,observed_next_session,legacy_pre_window_filing_effective_date_left_censoring,same accession=0001045810-25-000023; filing=2025-02-26; legacy_start=2025-10-01; expanded_effective=2025-02-27; original-boundary reconstruction exact; independent next-session oracle
research_stage61,2026-01-09,fy_effective_date_basis,sample_start_truncated,observed_next_session,legacy_pre_window_filing_effective_date_left_censoring,same accession=0001045810-25-000023; filing=2025-02-26; legacy_start=2025-10-01; expanded_effective=2025-02-27; original-boundary reconstruction exact; independent next-session oracle
research_stage61,2026-01-12,fy_effective_date_basis,sample_start_truncated,observed_next_session,legacy_pre_window_filing_effective_date_left_censoring,same accession=0001045810-25-000023; filing=2025-02-26; legacy_start=2025-10-01; expanded_effective=2025-02-27; original-boundary reconstruction exact; independent next-session oracle
research_stage61,2026-01-13,fy_effective_date_basis,sample_start_truncated,observed_next_session,legacy_pre_window_filing_effective_date_left_censoring,same accession=0001045810-25-000023; filing=2025-02-26; legacy_start=2025-10-01; expanded_effective=2025-02-27; original-boundary reconstruction exact; independent next-session oracle
research_stage61,2026-01-14,fy_effective_date_basis,sample_start_truncated,observed_next_session,legacy_pre_window_filing_effective_date_left_censoring,same accession=0001045810-25-000023; filing=2025-02-26; legacy_start=2025-10-01; expanded_effective=2025-02-27; original-boundary reconstruction exact; independent next-session oracle
research_stage61,2026-01-15,fy_effective_date_basis,sample_start_truncated,observed_next_session,legacy_pre_window_filing_effective_date_left_censoring,same accession=0001045810-25-000023; filing=2025-02-26; legacy_start=2025-10-01; expanded_effective=2025-02-27; original-boundary reconstruction exact; independent next-session oracle
research_stage61,2026-01-16,fy_effective_date_basis,sample_start_truncated,observed_next_session,legacy_pre_window_filing_effective_date_left_censoring,same accession=0001045810-25-000023; filing=2025-02-26; legacy_start=2025-10-01; expanded_effective=2025-02-27; original-boundary reconstruction exact; independent next-session oracle
research_stage61,2026-01-20,fy_effective_date_basis,sample_start_truncated,observed_next_session,legacy_pre_window_filing_effective_date_left_censoring,same accession=0001045810-25-000023; filing=2025-02-26; legacy_start=2025-10-01; expanded_effective=2025-02-27; original-boundary reconstruction exact; independent next-session oracle
research_stage61,2026-01-21,fy_effective_date_basis,sample_start_truncated,observed_next_session,legacy_pre_window_filing_effective_date_left_censoring,same accession=0001045810-25-000023; filing=2025-02-26; legacy_start=2025-10-01; expanded_effective=2025-02-27; original-boundary reconstruction exact; independent next-session oracle
research_stage61,2026-01-22,fy_effective_date_basis,sample_start_truncated,observed_next_session,legacy_pre_window_filing_effective_date_left_censoring,same accession=0001045810-25-000023; filing=2025-02-26; legacy_start=2025-10-01; expanded_effective=2025-02-27; original-boundary reconstruction exact; independent next-session oracle
research_stage61,2026-01-23,fy_effective_date_basis,sample_start_truncated,observed_next_session,legacy_pre_window_filing_effective_date_left_censoring,same accession=0001045810-25-000023; filing=2025-02-26; legacy_start=2025-10-01; expanded_effective=2025-02-27; original-boundary reconstruction exact; independent next-session oracle
research_stage61,2026-01-26,fy_effective_date_basis,sample_start_truncated,observed_next_session,legacy_pre_window_filing_effective_date_left_censoring,same accession=0001045810-25-000023; filing=2025-02-26; legacy_start=2025-10-01; expanded_effective=2025-02-27; original-boundary reconstruction exact; independent next-session oracle
research_stage61,2026-01-27,fy_effective_date_basis,sample_start_truncated,observed_next_session,legacy_pre_window_filing_effective_date_left_censoring,same accession=0001045810-25-000023; filing=2025-02-26; legacy_start=2025-10-01; expanded_effective=2025-02-27; original-boundary reconstruction exact; independent next-session oracle
research_stage61,2026-01-28,fy_effective_date_basis,sample_start_truncated,observed_next_session,legacy_pre_window_filing_effective_date_left_censoring,same accession=0001045810-25-000023; filing=2025-02-26; legacy_start=2025-10-01; expanded_effective=2025-02-27; original-boundary reconstruction exact; independent next-session oracle
research_stage61,2026-01-29,fy_effective_date_basis,sample_start_truncated,observed_next_session,legacy_pre_window_filing_effective_date_left_censoring,same accession=0001045810-25-000023; filing=2025-02-26; legacy_start=2025-10-01; expanded_effective=2025-02-27; original-boundary reconstruction exact; independent next-session oracle
research_stage61,2026-01-30,fy_effective_date_basis,sample_start_truncated,observed_next_session,legacy_pre_window_filing_effective_date_left_censoring,same accession=0001045810-25-000023; filing=2025-02-26; legacy_start=2025-10-01; expanded_effective=2025-02-27; original-boundary reconstruction exact; independent next-session oracle
research_stage61,2026-02-02,fy_effective_date_basis,sample_start_truncated,observed_next_session,legacy_pre_window_filing_effective_date_left_censoring,same accession=0001045810-25-000023; filing=2025-02-26; legacy_start=2025-10-01; expanded_effective=2025-02-27; original-boundary reconstruction exact; independent next-session oracle
research_stage61,2026-02-03,fy_effective_date_basis,sample_start_truncated,observed_next_session,legacy_pre_window_filing_effective_date_left_censoring,same accession=0001045810-25-000023; filing=2025-02-26; legacy_start=2025-10-01; expanded_effective=2025-02-27; original-boundary reconstruction exact; independent next-session oracle
research_stage61,2026-02-04,fy_effective_date_basis,sample_start_truncated,observed_next_session,legacy_pre_window_filing_effective_date_left_censoring,same accession=0001045810-25-000023; filing=2025-02-26; legacy_start=2025-10-01; expanded_effective=2025-02-27; original-boundary reconstruction exact; independent next-session oracle
research_stage61,2026-02-05,fy_effective_date_basis,sample_start_truncated,observed_next_session,legacy_pre_window_filing_effective_date_left_censoring,same accession=0001045810-25-000023; filing=2025-02-26; legacy_start=2025-10-01; expanded_effective=2025-02-27; original-boundary reconstruction exact; independent next-session oracle
research_stage61,2026-02-06,fy_effective_date_basis,sample_start_truncated,observed_next_session,legacy_pre_window_filing_effective_date_left_censoring,same accession=0001045810-25-000023; filing=2025-02-26; legacy_start=2025-10-01; expanded_effective=2025-02-27; original-boundary reconstruction exact; independent next-session oracle
research_stage61,2026-02-09,fy_effective_date_basis,sample_start_truncated,observed_next_session,legacy_pre_window_filing_effective_date_left_censoring,same accession=0001045810-25-000023; filing=2025-02-26; legacy_start=2025-10-01; expanded_effective=2025-02-27; original-boundary reconstruction exact; independent next-session oracle
research_stage61,2026-02-10,fy_effective_date_basis,sample_start_truncated,observed_next_session,legacy_pre_window_filing_effective_date_left_censoring,same accession=0001045810-25-000023; filing=2025-02-26; legacy_start=2025-10-01; expanded_effective=2025-02-27; original-boundary reconstruction exact; independent next-session oracle
research_stage61,2026-02-11,fy_effective_date_basis,sample_start_truncated,observed_next_session,legacy_pre_window_filing_effective_date_left_censoring,same accession=0001045810-25-000023; filing=2025-02-26; legacy_start=2025-10-01; expanded_effective=2025-02-27; original-boundary reconstruction exact; independent next-session oracle
research_stage61,2026-02-12,fy_effective_date_basis,sample_start_truncated,observed_next_session,legacy_pre_window_filing_effective_date_left_censoring,same accession=0001045810-25-000023; filing=2025-02-26; legacy_start=2025-10-01; expanded_effective=2025-02-27; original-boundary reconstruction exact; independent next-session oracle
research_stage61,2026-02-13,fy_effective_date_basis,sample_start_truncated,observed_next_session,legacy_pre_window_filing_effective_date_left_censoring,same accession=0001045810-25-000023; filing=2025-02-26; legacy_start=2025-10-01; expanded_effective=2025-02-27; original-boundary reconstruction exact; independent next-session oracle
research_stage61,2026-02-17,fy_effective_date_basis,sample_start_truncated,observed_next_session,legacy_pre_window_filing_effective_date_left_censoring,same accession=0001045810-25-000023; filing=2025-02-26; legacy_start=2025-10-01; expanded_effective=2025-02-27; original-boundary reconstruction exact; independent next-session oracle
research_stage61,2026-02-18,fy_effective_date_basis,sample_start_truncated,observed_next_session,legacy_pre_window_filing_effective_date_left_censoring,same accession=0001045810-25-000023; filing=2025-02-26; legacy_start=2025-10-01; expanded_effective=2025-02-27; original-boundary reconstruction exact; independent next-session oracle
research_stage61,2026-02-19,fy_effective_date_basis,sample_start_truncated,observed_next_session,legacy_pre_window_filing_effective_date_left_censoring,same accession=0001045810-25-000023; filing=2025-02-26; legacy_start=2025-10-01; expanded_effective=2025-02-27; original-boundary reconstruction exact; independent next-session oracle
research_stage61,2026-02-20,fy_effective_date_basis,sample_start_truncated,observed_next_session,legacy_pre_window_filing_effective_date_left_censoring,same accession=0001045810-25-000023; filing=2025-02-26; legacy_start=2025-10-01; expanded_effective=2025-02-27; original-boundary reconstruction exact; independent next-session oracle
research_stage61,2026-02-23,fy_effective_date_basis,sample_start_truncated,observed_next_session,legacy_pre_window_filing_effective_date_left_censoring,same accession=0001045810-25-000023; filing=2025-02-26; legacy_start=2025-10-01; expanded_effective=2025-02-27; original-boundary reconstruction exact; independent next-session oracle
research_stage61,2026-02-24,fy_effective_date_basis,sample_start_truncated,observed_next_session,legacy_pre_window_filing_effective_date_left_censoring,same accession=0001045810-25-000023; filing=2025-02-26; legacy_start=2025-10-01; expanded_effective=2025-02-27; original-boundary reconstruction exact; independent next-session oracle
research_stage61,2026-02-25,fy_effective_date_basis,sample_start_truncated,observed_next_session,legacy_pre_window_filing_effective_date_left_censoring,same accession=0001045810-25-000023; filing=2025-02-26; legacy_start=2025-10-01; expanded_effective=2025-02-27; original-boundary reconstruction exact; independent next-session oracle
research_stage61,2025-10-01,fy_days_since_effective_date,0,216,legacy_pre_window_filing_effective_date_left_censoring,same accession=0001045810-25-000023; filing=2025-02-26; legacy_start=2025-10-01; expanded_effective=2025-02-27; original-boundary reconstruction exact; independent next-session oracle
research_stage61,2025-10-02,fy_days_since_effective_date,1,217,legacy_pre_window_filing_effective_date_left_censoring,same accession=0001045810-25-000023; filing=2025-02-26; legacy_start=2025-10-01; expanded_effective=2025-02-27; original-boundary reconstruction exact; independent next-session oracle
research_stage61,2025-10-03,fy_days_since_effective_date,2,218,legacy_pre_window_filing_effective_date_left_censoring,same accession=0001045810-25-000023; filing=2025-02-26; legacy_start=2025-10-01; expanded_effective=2025-02-27; original-boundary reconstruction exact; independent next-session oracle
research_stage61,2025-10-06,fy_days_since_effective_date,5,221,legacy_pre_window_filing_effective_date_left_censoring,same accession=0001045810-25-000023; filing=2025-02-26; legacy_start=2025-10-01; expanded_effective=2025-02-27; original-boundary reconstruction exact; independent next-session oracle
research_stage61,2025-10-07,fy_days_since_effective_date,6,222,legacy_pre_window_filing_effective_date_left_censoring,same accession=0001045810-25-000023; filing=2025-02-26; legacy_start=2025-10-01; expanded_effective=2025-02-27; original-boundary reconstruction exact; independent next-session oracle
research_stage61,2025-10-08,fy_days_since_effective_date,7,223,legacy_pre_window_filing_effective_date_left_censoring,same accession=0001045810-25-000023; filing=2025-02-26; legacy_start=2025-10-01; expanded_effective=2025-02-27; original-boundary reconstruction exact; independent next-session oracle
research_stage61,2025-10-09,fy_days_since_effective_date,8,224,legacy_pre_window_filing_effective_date_left_censoring,same accession=0001045810-25-000023; filing=2025-02-26; legacy_start=2025-10-01; expanded_effective=2025-02-27; original-boundary reconstruction exact; independent next-session oracle
research_stage61,2025-10-10,fy_days_since_effective_date,9,225,legacy_pre_window_filing_effective_date_left_censoring,same accession=0001045810-25-000023; filing=2025-02-26; legacy_start=2025-10-01; expanded_effective=2025-02-27; original-boundary reconstruction exact; independent next-session oracle
research_stage61,2025-10-13,fy_days_since_effective_date,12,228,legacy_pre_window_filing_effective_date_left_censoring,same accession=0001045810-25-000023; filing=2025-02-26; legacy_start=2025-10-01; expanded_effective=2025-02-27; original-boundary reconstruction exact; independent next-session oracle
research_stage61,2025-10-14,fy_days_since_effective_date,13,229,legacy_pre_window_filing_effective_date_left_censoring,same accession=0001045810-25-000023; filing=2025-02-26; legacy_start=2025-10-01; expanded_effective=2025-02-27; original-boundary reconstruction exact; independent next-session oracle
research_stage61,2025-10-15,fy_days_since_effective_date,14,230,legacy_pre_window_filing_effective_date_left_censoring,same accession=0001045810-25-000023; filing=2025-02-26; legacy_start=2025-10-01; expanded_effective=2025-02-27; original-boundary reconstruction exact; independent next-session oracle
research_stage61,2025-10-16,fy_days_since_effective_date,15,231,legacy_pre_window_filing_effective_date_left_censoring,same accession=0001045810-25-000023; filing=2025-02-26; legacy_start=2025-10-01; expanded_effective=2025-02-27; original-boundary reconstruction exact; independent next-session oracle
research_stage61,2025-10-17,fy_days_since_effective_date,16,232,legacy_pre_window_filing_effective_date_left_censoring,same accession=0001045810-25-000023; filing=2025-02-26; legacy_start=2025-10-01; expanded_effective=2025-02-27; original-boundary reconstruction exact; independent next-session oracle
research_stage61,2025-10-20,fy_days_since_effective_date,19,235,legacy_pre_window_filing_effective_date_left_censoring,same accession=0001045810-25-000023; filing=2025-02-26; legacy_start=2025-10-01; expanded_effective=2025-02-27; original-boundary reconstruction exact; independent next-session oracle
research_stage61,2025-10-21,fy_days_since_effective_date,20,236,legacy_pre_window_filing_effective_date_left_censoring,same accession=0001045810-25-000023; filing=2025-02-26; legacy_start=2025-10-01; expanded_effective=2025-02-27; original-boundary reconstruction exact; independent next-session oracle
research_stage61,2025-10-22,fy_days_since_effective_date,21,237,legacy_pre_window_filing_effective_date_left_censoring,same accession=0001045810-25-000023; filing=2025-02-26; legacy_start=2025-10-01; expanded_effective=2025-02-27; original-boundary reconstruction exact; independent next-session oracle
research_stage61,2025-10-23,fy_days_since_effective_date,22,238,legacy_pre_window_filing_effective_date_left_censoring,same accession=0001045810-25-000023; filing=2025-02-26; legacy_start=2025-10-01; expanded_effective=2025-02-27; original-boundary reconstruction exact; independent next-session oracle
research_stage61,2025-10-24,fy_days_since_effective_date,23,239,legacy_pre_window_filing_effective_date_left_censoring,same accession=0001045810-25-000023; filing=2025-02-26; legacy_start=2025-10-01; expanded_effective=2025-02-27; original-boundary reconstruction exact; independent next-session oracle
research_stage61,2025-10-27,fy_days_since_effective_date,26,242,legacy_pre_window_filing_effective_date_left_censoring,same accession=0001045810-25-000023; filing=2025-02-26; legacy_start=2025-10-01; expanded_effective=2025-02-27; original-boundary reconstruction exact; independent next-session oracle
research_stage61,2025-10-28,fy_days_since_effective_date,27,243,legacy_pre_window_filing_effective_date_left_censoring,same accession=0001045810-25-000023; filing=2025-02-26; legacy_start=2025-10-01; expanded_effective=2025-02-27; original-boundary reconstruction exact; independent next-session oracle
research_stage61,2025-10-29,fy_days_since_effective_date,28,244,legacy_pre_window_filing_effective_date_left_censoring,same accession=0001045810-25-000023; filing=2025-02-26; legacy_start=2025-10-01; expanded_effective=2025-02-27; original-boundary reconstruction exact; independent next-session oracle
research_stage61,2025-10-30,fy_days_since_effective_date,29,245,legacy_pre_window_filing_effective_date_left_censoring,same accession=0001045810-25-000023; filing=2025-02-26; legacy_start=2025-10-01; expanded_effective=2025-02-27; original-boundary reconstruction exact; independent next-session oracle
research_stage61,2025-10-31,fy_days_since_effective_date,30,246,legacy_pre_window_filing_effective_date_left_censoring,same accession=0001045810-25-000023; filing=2025-02-26; legacy_start=2025-10-01; expanded_effective=2025-02-27; original-boundary reconstruction exact; independent next-session oracle
research_stage61,2025-11-03,fy_days_since_effective_date,33,249,legacy_pre_window_filing_effective_date_left_censoring,same accession=0001045810-25-000023; filing=2025-02-26; legacy_start=2025-10-01; expanded_effective=2025-02-27; original-boundary reconstruction exact; independent next-session oracle
research_stage61,2025-11-04,fy_days_since_effective_date,34,250,legacy_pre_window_filing_effective_date_left_censoring,same accession=0001045810-25-000023; filing=2025-02-26; legacy_start=2025-10-01; expanded_effective=2025-02-27; original-boundary reconstruction exact; independent next-session oracle
research_stage61,2025-11-05,fy_days_since_effective_date,35,251,legacy_pre_window_filing_effective_date_left_censoring,same accession=0001045810-25-000023; filing=2025-02-26; legacy_start=2025-10-01; expanded_effective=2025-02-27; original-boundary reconstruction exact; independent next-session oracle
research_stage61,2025-11-06,fy_days_since_effective_date,36,252,legacy_pre_window_filing_effective_date_left_censoring,same accession=0001045810-25-000023; filing=2025-02-26; legacy_start=2025-10-01; expanded_effective=2025-02-27; original-boundary reconstruction exact; independent next-session oracle
research_stage61,2025-11-07,fy_days_since_effective_date,37,253,legacy_pre_window_filing_effective_date_left_censoring,same accession=0001045810-25-000023; filing=2025-02-26; legacy_start=2025-10-01; expanded_effective=2025-02-27; original-boundary reconstruction exact; independent next-session oracle
research_stage61,2025-11-10,fy_days_since_effective_date,40,256,legacy_pre_window_filing_effective_date_left_censoring,same accession=0001045810-25-000023; filing=2025-02-26; legacy_start=2025-10-01; expanded_effective=2025-02-27; original-boundary reconstruction exact; independent next-session oracle
research_stage61,2025-11-11,fy_days_since_effective_date,41,257,legacy_pre_window_filing_effective_date_left_censoring,same accession=0001045810-25-000023; filing=2025-02-26; legacy_start=2025-10-01; expanded_effective=2025-02-27; original-boundary reconstruction exact; independent next-session oracle
research_stage61,2025-11-12,fy_days_since_effective_date,42,258,legacy_pre_window_filing_effective_date_left_censoring,same accession=0001045810-25-000023; filing=2025-02-26; legacy_start=2025-10-01; expanded_effective=2025-02-27; original-boundary reconstruction exact; independent next-session oracle
research_stage61,2025-11-13,fy_days_since_effective_date,43,259,legacy_pre_window_filing_effective_date_left_censoring,same accession=0001045810-25-000023; filing=2025-02-26; legacy_start=2025-10-01; expanded_effective=2025-02-27; original-boundary reconstruction exact; independent next-session oracle
research_stage61,2025-11-14,fy_days_since_effective_date,44,260,legacy_pre_window_filing_effective_date_left_censoring,same accession=0001045810-25-000023; filing=2025-02-26; legacy_start=2025-10-01; expanded_effective=2025-02-27; original-boundary reconstruction exact; independent next-session oracle
research_stage61,2025-11-17,fy_days_since_effective_date,47,263,legacy_pre_window_filing_effective_date_left_censoring,same accession=0001045810-25-000023; filing=2025-02-26; legacy_start=2025-10-01; expanded_effective=2025-02-27; original-boundary reconstruction exact; independent next-session oracle
research_stage61,2025-11-18,fy_days_since_effective_date,48,264,legacy_pre_window_filing_effective_date_left_censoring,same accession=0001045810-25-000023; filing=2025-02-26; legacy_start=2025-10-01; expanded_effective=2025-02-27; original-boundary reconstruction exact; independent next-session oracle
research_stage61,2025-11-19,fy_days_since_effective_date,49,265,legacy_pre_window_filing_effective_date_left_censoring,same accession=0001045810-25-000023; filing=2025-02-26; legacy_start=2025-10-01; expanded_effective=2025-02-27; original-boundary reconstruction exact; independent next-session oracle
research_stage61,2025-11-20,fy_days_since_effective_date,50,266,legacy_pre_window_filing_effective_date_left_censoring,same accession=0001045810-25-000023; filing=2025-02-26; legacy_start=2025-10-01; expanded_effective=2025-02-27; original-boundary reconstruction exact; independent next-session oracle
research_stage61,2025-11-21,fy_days_since_effective_date,51,267,legacy_pre_window_filing_effective_date_left_censoring,same accession=0001045810-25-000023; filing=2025-02-26; legacy_start=2025-10-01; expanded_effective=2025-02-27; original-boundary reconstruction exact; independent next-session oracle
research_stage61,2025-11-24,fy_days_since_effective_date,54,270,legacy_pre_window_filing_effective_date_left_censoring,same accession=0001045810-25-000023; filing=2025-02-26; legacy_start=2025-10-01; expanded_effective=2025-02-27; original-boundary reconstruction exact; independent next-session oracle
research_stage61,2025-11-25,fy_days_since_effective_date,55,271,legacy_pre_window_filing_effective_date_left_censoring,same accession=0001045810-25-000023; filing=2025-02-26; legacy_start=2025-10-01; expanded_effective=2025-02-27; original-boundary reconstruction exact; independent next-session oracle
research_stage61,2025-11-26,fy_days_since_effective_date,56,272,legacy_pre_window_filing_effective_date_left_censoring,same accession=0001045810-25-000023; filing=2025-02-26; legacy_start=2025-10-01; expanded_effective=2025-02-27; original-boundary reconstruction exact; independent next-session oracle
research_stage61,2025-11-28,fy_days_since_effective_date,58,274,legacy_pre_window_filing_effective_date_left_censoring,same accession=0001045810-25-000023; filing=2025-02-26; legacy_start=2025-10-01; expanded_effective=2025-02-27; original-boundary reconstruction exact; independent next-session oracle
research_stage61,2025-12-01,fy_days_since_effective_date,61,277,legacy_pre_window_filing_effective_date_left_censoring,same accession=0001045810-25-000023; filing=2025-02-26; legacy_start=2025-10-01; expanded_effective=2025-02-27; original-boundary reconstruction exact; independent next-session oracle
research_stage61,2025-12-02,fy_days_since_effective_date,62,278,legacy_pre_window_filing_effective_date_left_censoring,same accession=0001045810-25-000023; filing=2025-02-26; legacy_start=2025-10-01; expanded_effective=2025-02-27; original-boundary reconstruction exact; independent next-session oracle
research_stage61,2025-12-03,fy_days_since_effective_date,63,279,legacy_pre_window_filing_effective_date_left_censoring,same accession=0001045810-25-000023; filing=2025-02-26; legacy_start=2025-10-01; expanded_effective=2025-02-27; original-boundary reconstruction exact; independent next-session oracle
research_stage61,2025-12-04,fy_days_since_effective_date,64,280,legacy_pre_window_filing_effective_date_left_censoring,same accession=0001045810-25-000023; filing=2025-02-26; legacy_start=2025-10-01; expanded_effective=2025-02-27; original-boundary reconstruction exact; independent next-session oracle
research_stage61,2025-12-05,fy_days_since_effective_date,65,281,legacy_pre_window_filing_effective_date_left_censoring,same accession=0001045810-25-000023; filing=2025-02-26; legacy_start=2025-10-01; expanded_effective=2025-02-27; original-boundary reconstruction exact; independent next-session oracle
research_stage61,2025-12-08,fy_days_since_effective_date,68,284,legacy_pre_window_filing_effective_date_left_censoring,same accession=0001045810-25-000023; filing=2025-02-26; legacy_start=2025-10-01; expanded_effective=2025-02-27; original-boundary reconstruction exact; independent next-session oracle
research_stage61,2025-12-09,fy_days_since_effective_date,69,285,legacy_pre_window_filing_effective_date_left_censoring,same accession=0001045810-25-000023; filing=2025-02-26; legacy_start=2025-10-01; expanded_effective=2025-02-27; original-boundary reconstruction exact; independent next-session oracle
research_stage61,2025-12-10,fy_days_since_effective_date,70,286,legacy_pre_window_filing_effective_date_left_censoring,same accession=0001045810-25-000023; filing=2025-02-26; legacy_start=2025-10-01; expanded_effective=2025-02-27; original-boundary reconstruction exact; independent next-session oracle
research_stage61,2025-12-11,fy_days_since_effective_date,71,287,legacy_pre_window_filing_effective_date_left_censoring,same accession=0001045810-25-000023; filing=2025-02-26; legacy_start=2025-10-01; expanded_effective=2025-02-27; original-boundary reconstruction exact; independent next-session oracle
research_stage61,2025-12-12,fy_days_since_effective_date,72,288,legacy_pre_window_filing_effective_date_left_censoring,same accession=0001045810-25-000023; filing=2025-02-26; legacy_start=2025-10-01; expanded_effective=2025-02-27; original-boundary reconstruction exact; independent next-session oracle
research_stage61,2025-12-15,fy_days_since_effective_date,75,291,legacy_pre_window_filing_effective_date_left_censoring,same accession=0001045810-25-000023; filing=2025-02-26; legacy_start=2025-10-01; expanded_effective=2025-02-27; original-boundary reconstruction exact; independent next-session oracle
research_stage61,2025-12-16,fy_days_since_effective_date,76,292,legacy_pre_window_filing_effective_date_left_censoring,same accession=0001045810-25-000023; filing=2025-02-26; legacy_start=2025-10-01; expanded_effective=2025-02-27; original-boundary reconstruction exact; independent next-session oracle
research_stage61,2025-12-17,fy_days_since_effective_date,77,293,legacy_pre_window_filing_effective_date_left_censoring,same accession=0001045810-25-000023; filing=2025-02-26; legacy_start=2025-10-01; expanded_effective=2025-02-27; original-boundary reconstruction exact; independent next-session oracle
research_stage61,2025-12-18,fy_days_since_effective_date,78,294,legacy_pre_window_filing_effective_date_left_censoring,same accession=0001045810-25-000023; filing=2025-02-26; legacy_start=2025-10-01; expanded_effective=2025-02-27; original-boundary reconstruction exact; independent next-session oracle
research_stage61,2025-12-19,fy_days_since_effective_date,79,295,legacy_pre_window_filing_effective_date_left_censoring,same accession=0001045810-25-000023; filing=2025-02-26; legacy_start=2025-10-01; expanded_effective=2025-02-27; original-boundary reconstruction exact; independent next-session oracle
research_stage61,2025-12-22,fy_days_since_effective_date,82,298,legacy_pre_window_filing_effective_date_left_censoring,same accession=0001045810-25-000023; filing=2025-02-26; legacy_start=2025-10-01; expanded_effective=2025-02-27; original-boundary reconstruction exact; independent next-session oracle
research_stage61,2025-12-23,fy_days_since_effective_date,83,299,legacy_pre_window_filing_effective_date_left_censoring,same accession=0001045810-25-000023; filing=2025-02-26; legacy_start=2025-10-01; expanded_effective=2025-02-27; original-boundary reconstruction exact; independent next-session oracle
research_stage61,2025-12-24,fy_days_since_effective_date,84,300,legacy_pre_window_filing_effective_date_left_censoring,same accession=0001045810-25-000023; filing=2025-02-26; legacy_start=2025-10-01; expanded_effective=2025-02-27; original-boundary reconstruction exact; independent next-session oracle
research_stage61,2025-12-26,fy_days_since_effective_date,86,302,legacy_pre_window_filing_effective_date_left_censoring,same accession=0001045810-25-000023; filing=2025-02-26; legacy_start=2025-10-01; expanded_effective=2025-02-27; original-boundary reconstruction exact; independent next-session oracle
research_stage61,2025-12-29,fy_days_since_effective_date,89,305,legacy_pre_window_filing_effective_date_left_censoring,same accession=0001045810-25-000023; filing=2025-02-26; legacy_start=2025-10-01; expanded_effective=2025-02-27; original-boundary reconstruction exact; independent next-session oracle
research_stage61,2025-12-30,fy_days_since_effective_date,90,306,legacy_pre_window_filing_effective_date_left_censoring,same accession=0001045810-25-000023; filing=2025-02-26; legacy_start=2025-10-01; expanded_effective=2025-02-27; original-boundary reconstruction exact; independent next-session oracle
research_stage61,2025-12-31,fy_days_since_effective_date,91,307,legacy_pre_window_filing_effective_date_left_censoring,same accession=0001045810-25-000023; filing=2025-02-26; legacy_start=2025-10-01; expanded_effective=2025-02-27; original-boundary reconstruction exact; independent next-session oracle
research_stage61,2026-01-02,fy_days_since_effective_date,93,309,legacy_pre_window_filing_effective_date_left_censoring,same accession=0001045810-25-000023; filing=2025-02-26; legacy_start=2025-10-01; expanded_effective=2025-02-27; original-boundary reconstruction exact; independent next-session oracle
research_stage61,2026-01-05,fy_days_since_effective_date,96,312,legacy_pre_window_filing_effective_date_left_censoring,same accession=0001045810-25-000023; filing=2025-02-26; legacy_start=2025-10-01; expanded_effective=2025-02-27; original-boundary reconstruction exact; independent next-session oracle
research_stage61,2026-01-06,fy_days_since_effective_date,97,313,legacy_pre_window_filing_effective_date_left_censoring,same accession=0001045810-25-000023; filing=2025-02-26; legacy_start=2025-10-01; expanded_effective=2025-02-27; original-boundary reconstruction exact; independent next-session oracle
research_stage61,2026-01-07,fy_days_since_effective_date,98,314,legacy_pre_window_filing_effective_date_left_censoring,same accession=0001045810-25-000023; filing=2025-02-26; legacy_start=2025-10-01; expanded_effective=2025-02-27; original-boundary reconstruction exact; independent next-session oracle
research_stage61,2026-01-08,fy_days_since_effective_date,99,315,legacy_pre_window_filing_effective_date_left_censoring,same accession=0001045810-25-000023; filing=2025-02-26; legacy_start=2025-10-01; expanded_effective=2025-02-27; original-boundary reconstruction exact; independent next-session oracle
research_stage61,2026-01-09,fy_days_since_effective_date,100,316,legacy_pre_window_filing_effective_date_left_censoring,same accession=0001045810-25-000023; filing=2025-02-26; legacy_start=2025-10-01; expanded_effective=2025-02-27; original-boundary reconstruction exact; independent next-session oracle
research_stage61,2026-01-12,fy_days_since_effective_date,103,319,legacy_pre_window_filing_effective_date_left_censoring,same accession=0001045810-25-000023; filing=2025-02-26; legacy_start=2025-10-01; expanded_effective=2025-02-27; original-boundary reconstruction exact; independent next-session oracle
research_stage61,2026-01-13,fy_days_since_effective_date,104,320,legacy_pre_window_filing_effective_date_left_censoring,same accession=0001045810-25-000023; filing=2025-02-26; legacy_start=2025-10-01; expanded_effective=2025-02-27; original-boundary reconstruction exact; independent next-session oracle
research_stage61,2026-01-14,fy_days_since_effective_date,105,321,legacy_pre_window_filing_effective_date_left_censoring,same accession=0001045810-25-000023; filing=2025-02-26; legacy_start=2025-10-01; expanded_effective=2025-02-27; original-boundary reconstruction exact; independent next-session oracle
research_stage61,2026-01-15,fy_days_since_effective_date,106,322,legacy_pre_window_filing_effective_date_left_censoring,same accession=0001045810-25-000023; filing=2025-02-26; legacy_start=2025-10-01; expanded_effective=2025-02-27; original-boundary reconstruction exact; independent next-session oracle
research_stage61,2026-01-16,fy_days_since_effective_date,107,323,legacy_pre_window_filing_effective_date_left_censoring,same accession=0001045810-25-000023; filing=2025-02-26; legacy_start=2025-10-01; expanded_effective=2025-02-27; original-boundary reconstruction exact; independent next-session oracle
research_stage61,2026-01-20,fy_days_since_effective_date,111,327,legacy_pre_window_filing_effective_date_left_censoring,same accession=0001045810-25-000023; filing=2025-02-26; legacy_start=2025-10-01; expanded_effective=2025-02-27; original-boundary reconstruction exact; independent next-session oracle
research_stage61,2026-01-21,fy_days_since_effective_date,112,328,legacy_pre_window_filing_effective_date_left_censoring,same accession=0001045810-25-000023; filing=2025-02-26; legacy_start=2025-10-01; expanded_effective=2025-02-27; original-boundary reconstruction exact; independent next-session oracle
research_stage61,2026-01-22,fy_days_since_effective_date,113,329,legacy_pre_window_filing_effective_date_left_censoring,same accession=0001045810-25-000023; filing=2025-02-26; legacy_start=2025-10-01; expanded_effective=2025-02-27; original-boundary reconstruction exact; independent next-session oracle
research_stage61,2026-01-23,fy_days_since_effective_date,114,330,legacy_pre_window_filing_effective_date_left_censoring,same accession=0001045810-25-000023; filing=2025-02-26; legacy_start=2025-10-01; expanded_effective=2025-02-27; original-boundary reconstruction exact; independent next-session oracle
research_stage61,2026-01-26,fy_days_since_effective_date,117,333,legacy_pre_window_filing_effective_date_left_censoring,same accession=0001045810-25-000023; filing=2025-02-26; legacy_start=2025-10-01; expanded_effective=2025-02-27; original-boundary reconstruction exact; independent next-session oracle
research_stage61,2026-01-27,fy_days_since_effective_date,118,334,legacy_pre_window_filing_effective_date_left_censoring,same accession=0001045810-25-000023; filing=2025-02-26; legacy_start=2025-10-01; expanded_effective=2025-02-27; original-boundary reconstruction exact; independent next-session oracle
research_stage61,2026-01-28,fy_days_since_effective_date,119,335,legacy_pre_window_filing_effective_date_left_censoring,same accession=0001045810-25-000023; filing=2025-02-26; legacy_start=2025-10-01; expanded_effective=2025-02-27; original-boundary reconstruction exact; independent next-session oracle
research_stage61,2026-01-29,fy_days_since_effective_date,120,336,legacy_pre_window_filing_effective_date_left_censoring,same accession=0001045810-25-000023; filing=2025-02-26; legacy_start=2025-10-01; expanded_effective=2025-02-27; original-boundary reconstruction exact; independent next-session oracle
research_stage61,2026-01-30,fy_days_since_effective_date,121,337,legacy_pre_window_filing_effective_date_left_censoring,same accession=0001045810-25-000023; filing=2025-02-26; legacy_start=2025-10-01; expanded_effective=2025-02-27; original-boundary reconstruction exact; independent next-session oracle
research_stage61,2026-02-02,fy_days_since_effective_date,124,340,legacy_pre_window_filing_effective_date_left_censoring,same accession=0001045810-25-000023; filing=2025-02-26; legacy_start=2025-10-01; expanded_effective=2025-02-27; original-boundary reconstruction exact; independent next-session oracle
research_stage61,2026-02-03,fy_days_since_effective_date,125,341,legacy_pre_window_filing_effective_date_left_censoring,same accession=0001045810-25-000023; filing=2025-02-26; legacy_start=2025-10-01; expanded_effective=2025-02-27; original-boundary reconstruction exact; independent next-session oracle
research_stage61,2026-02-04,fy_days_since_effective_date,126,342,legacy_pre_window_filing_effective_date_left_censoring,same accession=0001045810-25-000023; filing=2025-02-26; legacy_start=2025-10-01; expanded_effective=2025-02-27; original-boundary reconstruction exact; independent next-session oracle
research_stage61,2026-02-05,fy_days_since_effective_date,127,343,legacy_pre_window_filing_effective_date_left_censoring,same accession=0001045810-25-000023; filing=2025-02-26; legacy_start=2025-10-01; expanded_effective=2025-02-27; original-boundary reconstruction exact; independent next-session oracle
research_stage61,2026-02-06,fy_days_since_effective_date,128,344,legacy_pre_window_filing_effective_date_left_censoring,same accession=0001045810-25-000023; filing=2025-02-26; legacy_start=2025-10-01; expanded_effective=2025-02-27; original-boundary reconstruction exact; independent next-session oracle
research_stage61,2026-02-09,fy_days_since_effective_date,131,347,legacy_pre_window_filing_effective_date_left_censoring,same accession=0001045810-25-000023; filing=2025-02-26; legacy_start=2025-10-01; expanded_effective=2025-02-27; original-boundary reconstruction exact; independent next-session oracle
research_stage61,2026-02-10,fy_days_since_effective_date,132,348,legacy_pre_window_filing_effective_date_left_censoring,same accession=0001045810-25-000023; filing=2025-02-26; legacy_start=2025-10-01; expanded_effective=2025-02-27; original-boundary reconstruction exact; independent next-session oracle
research_stage61,2026-02-11,fy_days_since_effective_date,133,349,legacy_pre_window_filing_effective_date_left_censoring,same accession=0001045810-25-000023; filing=2025-02-26; legacy_start=2025-10-01; expanded_effective=2025-02-27; original-boundary reconstruction exact; independent next-session oracle
research_stage61,2026-02-12,fy_days_since_effective_date,134,350,legacy_pre_window_filing_effective_date_left_censoring,same accession=0001045810-25-000023; filing=2025-02-26; legacy_start=2025-10-01; expanded_effective=2025-02-27; original-boundary reconstruction exact; independent next-session oracle
research_stage61,2026-02-13,fy_days_since_effective_date,135,351,legacy_pre_window_filing_effective_date_left_censoring,same accession=0001045810-25-000023; filing=2025-02-26; legacy_start=2025-10-01; expanded_effective=2025-02-27; original-boundary reconstruction exact; independent next-session oracle
research_stage61,2026-02-17,fy_days_since_effective_date,139,355,legacy_pre_window_filing_effective_date_left_censoring,same accession=0001045810-25-000023; filing=2025-02-26; legacy_start=2025-10-01; expanded_effective=2025-02-27; original-boundary reconstruction exact; independent next-session oracle
research_stage61,2026-02-18,fy_days_since_effective_date,140,356,legacy_pre_window_filing_effective_date_left_censoring,same accession=0001045810-25-000023; filing=2025-02-26; legacy_start=2025-10-01; expanded_effective=2025-02-27; original-boundary reconstruction exact; independent next-session oracle
research_stage61,2026-02-19,fy_days_since_effective_date,141,357,legacy_pre_window_filing_effective_date_left_censoring,same accession=0001045810-25-000023; filing=2025-02-26; legacy_start=2025-10-01; expanded_effective=2025-02-27; original-boundary reconstruction exact; independent next-session oracle
research_stage61,2026-02-20,fy_days_since_effective_date,142,358,legacy_pre_window_filing_effective_date_left_censoring,same accession=0001045810-25-000023; filing=2025-02-26; legacy_start=2025-10-01; expanded_effective=2025-02-27; original-boundary reconstruction exact; independent next-session oracle
research_stage61,2026-02-23,fy_days_since_effective_date,145,361,legacy_pre_window_filing_effective_date_left_censoring,same accession=0001045810-25-000023; filing=2025-02-26; legacy_start=2025-10-01; expanded_effective=2025-02-27; original-boundary reconstruction exact; independent next-session oracle
research_stage61,2026-02-24,fy_days_since_effective_date,146,362,legacy_pre_window_filing_effective_date_left_censoring,same accession=0001045810-25-000023; filing=2025-02-26; legacy_start=2025-10-01; expanded_effective=2025-02-27; original-boundary reconstruction exact; independent next-session oracle
research_stage61,2026-02-25,fy_days_since_effective_date,147,363,legacy_pre_window_filing_effective_date_left_censoring,same accession=0001045810-25-000023; filing=2025-02-26; legacy_start=2025-10-01; expanded_effective=2025-02-27; original-boundary reconstruction exact; independent next-session oracle
research_stage61,2025-10-01,bs_effective_date,2025-10-01,2025-08-28,legacy_pre_window_filing_effective_date_left_censoring,same accession=0001045810-25-000209; filing=2025-08-27; legacy_start=2025-10-01; expanded_effective=2025-08-28; original-boundary reconstruction exact; independent next-session oracle
research_stage61,2025-10-02,bs_effective_date,2025-10-01,2025-08-28,legacy_pre_window_filing_effective_date_left_censoring,same accession=0001045810-25-000209; filing=2025-08-27; legacy_start=2025-10-01; expanded_effective=2025-08-28; original-boundary reconstruction exact; independent next-session oracle
research_stage61,2025-10-03,bs_effective_date,2025-10-01,2025-08-28,legacy_pre_window_filing_effective_date_left_censoring,same accession=0001045810-25-000209; filing=2025-08-27; legacy_start=2025-10-01; expanded_effective=2025-08-28; original-boundary reconstruction exact; independent next-session oracle
research_stage61,2025-10-06,bs_effective_date,2025-10-01,2025-08-28,legacy_pre_window_filing_effective_date_left_censoring,same accession=0001045810-25-000209; filing=2025-08-27; legacy_start=2025-10-01; expanded_effective=2025-08-28; original-boundary reconstruction exact; independent next-session oracle
research_stage61,2025-10-07,bs_effective_date,2025-10-01,2025-08-28,legacy_pre_window_filing_effective_date_left_censoring,same accession=0001045810-25-000209; filing=2025-08-27; legacy_start=2025-10-01; expanded_effective=2025-08-28; original-boundary reconstruction exact; independent next-session oracle
research_stage61,2025-10-08,bs_effective_date,2025-10-01,2025-08-28,legacy_pre_window_filing_effective_date_left_censoring,same accession=0001045810-25-000209; filing=2025-08-27; legacy_start=2025-10-01; expanded_effective=2025-08-28; original-boundary reconstruction exact; independent next-session oracle
research_stage61,2025-10-09,bs_effective_date,2025-10-01,2025-08-28,legacy_pre_window_filing_effective_date_left_censoring,same accession=0001045810-25-000209; filing=2025-08-27; legacy_start=2025-10-01; expanded_effective=2025-08-28; original-boundary reconstruction exact; independent next-session oracle
research_stage61,2025-10-10,bs_effective_date,2025-10-01,2025-08-28,legacy_pre_window_filing_effective_date_left_censoring,same accession=0001045810-25-000209; filing=2025-08-27; legacy_start=2025-10-01; expanded_effective=2025-08-28; original-boundary reconstruction exact; independent next-session oracle
research_stage61,2025-10-13,bs_effective_date,2025-10-01,2025-08-28,legacy_pre_window_filing_effective_date_left_censoring,same accession=0001045810-25-000209; filing=2025-08-27; legacy_start=2025-10-01; expanded_effective=2025-08-28; original-boundary reconstruction exact; independent next-session oracle
research_stage61,2025-10-14,bs_effective_date,2025-10-01,2025-08-28,legacy_pre_window_filing_effective_date_left_censoring,same accession=0001045810-25-000209; filing=2025-08-27; legacy_start=2025-10-01; expanded_effective=2025-08-28; original-boundary reconstruction exact; independent next-session oracle
research_stage61,2025-10-15,bs_effective_date,2025-10-01,2025-08-28,legacy_pre_window_filing_effective_date_left_censoring,same accession=0001045810-25-000209; filing=2025-08-27; legacy_start=2025-10-01; expanded_effective=2025-08-28; original-boundary reconstruction exact; independent next-session oracle
research_stage61,2025-10-16,bs_effective_date,2025-10-01,2025-08-28,legacy_pre_window_filing_effective_date_left_censoring,same accession=0001045810-25-000209; filing=2025-08-27; legacy_start=2025-10-01; expanded_effective=2025-08-28; original-boundary reconstruction exact; independent next-session oracle
research_stage61,2025-10-17,bs_effective_date,2025-10-01,2025-08-28,legacy_pre_window_filing_effective_date_left_censoring,same accession=0001045810-25-000209; filing=2025-08-27; legacy_start=2025-10-01; expanded_effective=2025-08-28; original-boundary reconstruction exact; independent next-session oracle
research_stage61,2025-10-20,bs_effective_date,2025-10-01,2025-08-28,legacy_pre_window_filing_effective_date_left_censoring,same accession=0001045810-25-000209; filing=2025-08-27; legacy_start=2025-10-01; expanded_effective=2025-08-28; original-boundary reconstruction exact; independent next-session oracle
research_stage61,2025-10-21,bs_effective_date,2025-10-01,2025-08-28,legacy_pre_window_filing_effective_date_left_censoring,same accession=0001045810-25-000209; filing=2025-08-27; legacy_start=2025-10-01; expanded_effective=2025-08-28; original-boundary reconstruction exact; independent next-session oracle
research_stage61,2025-10-22,bs_effective_date,2025-10-01,2025-08-28,legacy_pre_window_filing_effective_date_left_censoring,same accession=0001045810-25-000209; filing=2025-08-27; legacy_start=2025-10-01; expanded_effective=2025-08-28; original-boundary reconstruction exact; independent next-session oracle
research_stage61,2025-10-23,bs_effective_date,2025-10-01,2025-08-28,legacy_pre_window_filing_effective_date_left_censoring,same accession=0001045810-25-000209; filing=2025-08-27; legacy_start=2025-10-01; expanded_effective=2025-08-28; original-boundary reconstruction exact; independent next-session oracle
research_stage61,2025-10-24,bs_effective_date,2025-10-01,2025-08-28,legacy_pre_window_filing_effective_date_left_censoring,same accession=0001045810-25-000209; filing=2025-08-27; legacy_start=2025-10-01; expanded_effective=2025-08-28; original-boundary reconstruction exact; independent next-session oracle
research_stage61,2025-10-27,bs_effective_date,2025-10-01,2025-08-28,legacy_pre_window_filing_effective_date_left_censoring,same accession=0001045810-25-000209; filing=2025-08-27; legacy_start=2025-10-01; expanded_effective=2025-08-28; original-boundary reconstruction exact; independent next-session oracle
research_stage61,2025-10-28,bs_effective_date,2025-10-01,2025-08-28,legacy_pre_window_filing_effective_date_left_censoring,same accession=0001045810-25-000209; filing=2025-08-27; legacy_start=2025-10-01; expanded_effective=2025-08-28; original-boundary reconstruction exact; independent next-session oracle
research_stage61,2025-10-29,bs_effective_date,2025-10-01,2025-08-28,legacy_pre_window_filing_effective_date_left_censoring,same accession=0001045810-25-000209; filing=2025-08-27; legacy_start=2025-10-01; expanded_effective=2025-08-28; original-boundary reconstruction exact; independent next-session oracle
research_stage61,2025-10-30,bs_effective_date,2025-10-01,2025-08-28,legacy_pre_window_filing_effective_date_left_censoring,same accession=0001045810-25-000209; filing=2025-08-27; legacy_start=2025-10-01; expanded_effective=2025-08-28; original-boundary reconstruction exact; independent next-session oracle
research_stage61,2025-10-31,bs_effective_date,2025-10-01,2025-08-28,legacy_pre_window_filing_effective_date_left_censoring,same accession=0001045810-25-000209; filing=2025-08-27; legacy_start=2025-10-01; expanded_effective=2025-08-28; original-boundary reconstruction exact; independent next-session oracle
research_stage61,2025-11-03,bs_effective_date,2025-10-01,2025-08-28,legacy_pre_window_filing_effective_date_left_censoring,same accession=0001045810-25-000209; filing=2025-08-27; legacy_start=2025-10-01; expanded_effective=2025-08-28; original-boundary reconstruction exact; independent next-session oracle
research_stage61,2025-11-04,bs_effective_date,2025-10-01,2025-08-28,legacy_pre_window_filing_effective_date_left_censoring,same accession=0001045810-25-000209; filing=2025-08-27; legacy_start=2025-10-01; expanded_effective=2025-08-28; original-boundary reconstruction exact; independent next-session oracle
research_stage61,2025-11-05,bs_effective_date,2025-10-01,2025-08-28,legacy_pre_window_filing_effective_date_left_censoring,same accession=0001045810-25-000209; filing=2025-08-27; legacy_start=2025-10-01; expanded_effective=2025-08-28; original-boundary reconstruction exact; independent next-session oracle
research_stage61,2025-11-06,bs_effective_date,2025-10-01,2025-08-28,legacy_pre_window_filing_effective_date_left_censoring,same accession=0001045810-25-000209; filing=2025-08-27; legacy_start=2025-10-01; expanded_effective=2025-08-28; original-boundary reconstruction exact; independent next-session oracle
research_stage61,2025-11-07,bs_effective_date,2025-10-01,2025-08-28,legacy_pre_window_filing_effective_date_left_censoring,same accession=0001045810-25-000209; filing=2025-08-27; legacy_start=2025-10-01; expanded_effective=2025-08-28; original-boundary reconstruction exact; independent next-session oracle
research_stage61,2025-11-10,bs_effective_date,2025-10-01,2025-08-28,legacy_pre_window_filing_effective_date_left_censoring,same accession=0001045810-25-000209; filing=2025-08-27; legacy_start=2025-10-01; expanded_effective=2025-08-28; original-boundary reconstruction exact; independent next-session oracle
research_stage61,2025-11-11,bs_effective_date,2025-10-01,2025-08-28,legacy_pre_window_filing_effective_date_left_censoring,same accession=0001045810-25-000209; filing=2025-08-27; legacy_start=2025-10-01; expanded_effective=2025-08-28; original-boundary reconstruction exact; independent next-session oracle
research_stage61,2025-11-12,bs_effective_date,2025-10-01,2025-08-28,legacy_pre_window_filing_effective_date_left_censoring,same accession=0001045810-25-000209; filing=2025-08-27; legacy_start=2025-10-01; expanded_effective=2025-08-28; original-boundary reconstruction exact; independent next-session oracle
research_stage61,2025-11-13,bs_effective_date,2025-10-01,2025-08-28,legacy_pre_window_filing_effective_date_left_censoring,same accession=0001045810-25-000209; filing=2025-08-27; legacy_start=2025-10-01; expanded_effective=2025-08-28; original-boundary reconstruction exact; independent next-session oracle
research_stage61,2025-11-14,bs_effective_date,2025-10-01,2025-08-28,legacy_pre_window_filing_effective_date_left_censoring,same accession=0001045810-25-000209; filing=2025-08-27; legacy_start=2025-10-01; expanded_effective=2025-08-28; original-boundary reconstruction exact; independent next-session oracle
research_stage61,2025-11-17,bs_effective_date,2025-10-01,2025-08-28,legacy_pre_window_filing_effective_date_left_censoring,same accession=0001045810-25-000209; filing=2025-08-27; legacy_start=2025-10-01; expanded_effective=2025-08-28; original-boundary reconstruction exact; independent next-session oracle
research_stage61,2025-11-18,bs_effective_date,2025-10-01,2025-08-28,legacy_pre_window_filing_effective_date_left_censoring,same accession=0001045810-25-000209; filing=2025-08-27; legacy_start=2025-10-01; expanded_effective=2025-08-28; original-boundary reconstruction exact; independent next-session oracle
research_stage61,2025-11-19,bs_effective_date,2025-10-01,2025-08-28,legacy_pre_window_filing_effective_date_left_censoring,same accession=0001045810-25-000209; filing=2025-08-27; legacy_start=2025-10-01; expanded_effective=2025-08-28; original-boundary reconstruction exact; independent next-session oracle
research_stage61,2025-10-01,bs_effective_date_is_sample_truncated,True,False,legacy_pre_window_filing_effective_date_left_censoring,same accession=0001045810-25-000209; filing=2025-08-27; legacy_start=2025-10-01; expanded_effective=2025-08-28; original-boundary reconstruction exact; independent next-session oracle
research_stage61,2025-10-02,bs_effective_date_is_sample_truncated,True,False,legacy_pre_window_filing_effective_date_left_censoring,same accession=0001045810-25-000209; filing=2025-08-27; legacy_start=2025-10-01; expanded_effective=2025-08-28; original-boundary reconstruction exact; independent next-session oracle
research_stage61,2025-10-03,bs_effective_date_is_sample_truncated,True,False,legacy_pre_window_filing_effective_date_left_censoring,same accession=0001045810-25-000209; filing=2025-08-27; legacy_start=2025-10-01; expanded_effective=2025-08-28; original-boundary reconstruction exact; independent next-session oracle
research_stage61,2025-10-06,bs_effective_date_is_sample_truncated,True,False,legacy_pre_window_filing_effective_date_left_censoring,same accession=0001045810-25-000209; filing=2025-08-27; legacy_start=2025-10-01; expanded_effective=2025-08-28; original-boundary reconstruction exact; independent next-session oracle
research_stage61,2025-10-07,bs_effective_date_is_sample_truncated,True,False,legacy_pre_window_filing_effective_date_left_censoring,same accession=0001045810-25-000209; filing=2025-08-27; legacy_start=2025-10-01; expanded_effective=2025-08-28; original-boundary reconstruction exact; independent next-session oracle
research_stage61,2025-10-08,bs_effective_date_is_sample_truncated,True,False,legacy_pre_window_filing_effective_date_left_censoring,same accession=0001045810-25-000209; filing=2025-08-27; legacy_start=2025-10-01; expanded_effective=2025-08-28; original-boundary reconstruction exact; independent next-session oracle
research_stage61,2025-10-09,bs_effective_date_is_sample_truncated,True,False,legacy_pre_window_filing_effective_date_left_censoring,same accession=0001045810-25-000209; filing=2025-08-27; legacy_start=2025-10-01; expanded_effective=2025-08-28; original-boundary reconstruction exact; independent next-session oracle
research_stage61,2025-10-10,bs_effective_date_is_sample_truncated,True,False,legacy_pre_window_filing_effective_date_left_censoring,same accession=0001045810-25-000209; filing=2025-08-27; legacy_start=2025-10-01; expanded_effective=2025-08-28; original-boundary reconstruction exact; independent next-session oracle
research_stage61,2025-10-13,bs_effective_date_is_sample_truncated,True,False,legacy_pre_window_filing_effective_date_left_censoring,same accession=0001045810-25-000209; filing=2025-08-27; legacy_start=2025-10-01; expanded_effective=2025-08-28; original-boundary reconstruction exact; independent next-session oracle
research_stage61,2025-10-14,bs_effective_date_is_sample_truncated,True,False,legacy_pre_window_filing_effective_date_left_censoring,same accession=0001045810-25-000209; filing=2025-08-27; legacy_start=2025-10-01; expanded_effective=2025-08-28; original-boundary reconstruction exact; independent next-session oracle
research_stage61,2025-10-15,bs_effective_date_is_sample_truncated,True,False,legacy_pre_window_filing_effective_date_left_censoring,same accession=0001045810-25-000209; filing=2025-08-27; legacy_start=2025-10-01; expanded_effective=2025-08-28; original-boundary reconstruction exact; independent next-session oracle
research_stage61,2025-10-16,bs_effective_date_is_sample_truncated,True,False,legacy_pre_window_filing_effective_date_left_censoring,same accession=0001045810-25-000209; filing=2025-08-27; legacy_start=2025-10-01; expanded_effective=2025-08-28; original-boundary reconstruction exact; independent next-session oracle
research_stage61,2025-10-17,bs_effective_date_is_sample_truncated,True,False,legacy_pre_window_filing_effective_date_left_censoring,same accession=0001045810-25-000209; filing=2025-08-27; legacy_start=2025-10-01; expanded_effective=2025-08-28; original-boundary reconstruction exact; independent next-session oracle
research_stage61,2025-10-20,bs_effective_date_is_sample_truncated,True,False,legacy_pre_window_filing_effective_date_left_censoring,same accession=0001045810-25-000209; filing=2025-08-27; legacy_start=2025-10-01; expanded_effective=2025-08-28; original-boundary reconstruction exact; independent next-session oracle
research_stage61,2025-10-21,bs_effective_date_is_sample_truncated,True,False,legacy_pre_window_filing_effective_date_left_censoring,same accession=0001045810-25-000209; filing=2025-08-27; legacy_start=2025-10-01; expanded_effective=2025-08-28; original-boundary reconstruction exact; independent next-session oracle
research_stage61,2025-10-22,bs_effective_date_is_sample_truncated,True,False,legacy_pre_window_filing_effective_date_left_censoring,same accession=0001045810-25-000209; filing=2025-08-27; legacy_start=2025-10-01; expanded_effective=2025-08-28; original-boundary reconstruction exact; independent next-session oracle
research_stage61,2025-10-23,bs_effective_date_is_sample_truncated,True,False,legacy_pre_window_filing_effective_date_left_censoring,same accession=0001045810-25-000209; filing=2025-08-27; legacy_start=2025-10-01; expanded_effective=2025-08-28; original-boundary reconstruction exact; independent next-session oracle
research_stage61,2025-10-24,bs_effective_date_is_sample_truncated,True,False,legacy_pre_window_filing_effective_date_left_censoring,same accession=0001045810-25-000209; filing=2025-08-27; legacy_start=2025-10-01; expanded_effective=2025-08-28; original-boundary reconstruction exact; independent next-session oracle
research_stage61,2025-10-27,bs_effective_date_is_sample_truncated,True,False,legacy_pre_window_filing_effective_date_left_censoring,same accession=0001045810-25-000209; filing=2025-08-27; legacy_start=2025-10-01; expanded_effective=2025-08-28; original-boundary reconstruction exact; independent next-session oracle
research_stage61,2025-10-28,bs_effective_date_is_sample_truncated,True,False,legacy_pre_window_filing_effective_date_left_censoring,same accession=0001045810-25-000209; filing=2025-08-27; legacy_start=2025-10-01; expanded_effective=2025-08-28; original-boundary reconstruction exact; independent next-session oracle
research_stage61,2025-10-29,bs_effective_date_is_sample_truncated,True,False,legacy_pre_window_filing_effective_date_left_censoring,same accession=0001045810-25-000209; filing=2025-08-27; legacy_start=2025-10-01; expanded_effective=2025-08-28; original-boundary reconstruction exact; independent next-session oracle
research_stage61,2025-10-30,bs_effective_date_is_sample_truncated,True,False,legacy_pre_window_filing_effective_date_left_censoring,same accession=0001045810-25-000209; filing=2025-08-27; legacy_start=2025-10-01; expanded_effective=2025-08-28; original-boundary reconstruction exact; independent next-session oracle
research_stage61,2025-10-31,bs_effective_date_is_sample_truncated,True,False,legacy_pre_window_filing_effective_date_left_censoring,same accession=0001045810-25-000209; filing=2025-08-27; legacy_start=2025-10-01; expanded_effective=2025-08-28; original-boundary reconstruction exact; independent next-session oracle
research_stage61,2025-11-03,bs_effective_date_is_sample_truncated,True,False,legacy_pre_window_filing_effective_date_left_censoring,same accession=0001045810-25-000209; filing=2025-08-27; legacy_start=2025-10-01; expanded_effective=2025-08-28; original-boundary reconstruction exact; independent next-session oracle
research_stage61,2025-11-04,bs_effective_date_is_sample_truncated,True,False,legacy_pre_window_filing_effective_date_left_censoring,same accession=0001045810-25-000209; filing=2025-08-27; legacy_start=2025-10-01; expanded_effective=2025-08-28; original-boundary reconstruction exact; independent next-session oracle
research_stage61,2025-11-05,bs_effective_date_is_sample_truncated,True,False,legacy_pre_window_filing_effective_date_left_censoring,same accession=0001045810-25-000209; filing=2025-08-27; legacy_start=2025-10-01; expanded_effective=2025-08-28; original-boundary reconstruction exact; independent next-session oracle
research_stage61,2025-11-06,bs_effective_date_is_sample_truncated,True,False,legacy_pre_window_filing_effective_date_left_censoring,same accession=0001045810-25-000209; filing=2025-08-27; legacy_start=2025-10-01; expanded_effective=2025-08-28; original-boundary reconstruction exact; independent next-session oracle
research_stage61,2025-11-07,bs_effective_date_is_sample_truncated,True,False,legacy_pre_window_filing_effective_date_left_censoring,same accession=0001045810-25-000209; filing=2025-08-27; legacy_start=2025-10-01; expanded_effective=2025-08-28; original-boundary reconstruction exact; independent next-session oracle
research_stage61,2025-11-10,bs_effective_date_is_sample_truncated,True,False,legacy_pre_window_filing_effective_date_left_censoring,same accession=0001045810-25-000209; filing=2025-08-27; legacy_start=2025-10-01; expanded_effective=2025-08-28; original-boundary reconstruction exact; independent next-session oracle
research_stage61,2025-11-11,bs_effective_date_is_sample_truncated,True,False,legacy_pre_window_filing_effective_date_left_censoring,same accession=0001045810-25-000209; filing=2025-08-27; legacy_start=2025-10-01; expanded_effective=2025-08-28; original-boundary reconstruction exact; independent next-session oracle
research_stage61,2025-11-12,bs_effective_date_is_sample_truncated,True,False,legacy_pre_window_filing_effective_date_left_censoring,same accession=0001045810-25-000209; filing=2025-08-27; legacy_start=2025-10-01; expanded_effective=2025-08-28; original-boundary reconstruction exact; independent next-session oracle
research_stage61,2025-11-13,bs_effective_date_is_sample_truncated,True,False,legacy_pre_window_filing_effective_date_left_censoring,same accession=0001045810-25-000209; filing=2025-08-27; legacy_start=2025-10-01; expanded_effective=2025-08-28; original-boundary reconstruction exact; independent next-session oracle
research_stage61,2025-11-14,bs_effective_date_is_sample_truncated,True,False,legacy_pre_window_filing_effective_date_left_censoring,same accession=0001045810-25-000209; filing=2025-08-27; legacy_start=2025-10-01; expanded_effective=2025-08-28; original-boundary reconstruction exact; independent next-session oracle
research_stage61,2025-11-17,bs_effective_date_is_sample_truncated,True,False,legacy_pre_window_filing_effective_date_left_censoring,same accession=0001045810-25-000209; filing=2025-08-27; legacy_start=2025-10-01; expanded_effective=2025-08-28; original-boundary reconstruction exact; independent next-session oracle
research_stage61,2025-11-18,bs_effective_date_is_sample_truncated,True,False,legacy_pre_window_filing_effective_date_left_censoring,same accession=0001045810-25-000209; filing=2025-08-27; legacy_start=2025-10-01; expanded_effective=2025-08-28; original-boundary reconstruction exact; independent next-session oracle
research_stage61,2025-11-19,bs_effective_date_is_sample_truncated,True,False,legacy_pre_window_filing_effective_date_left_censoring,same accession=0001045810-25-000209; filing=2025-08-27; legacy_start=2025-10-01; expanded_effective=2025-08-28; original-boundary reconstruction exact; independent next-session oracle
research_stage61,2025-10-01,bs_effective_date_basis,sample_start_truncated,observed_next_session,legacy_pre_window_filing_effective_date_left_censoring,same accession=0001045810-25-000209; filing=2025-08-27; legacy_start=2025-10-01; expanded_effective=2025-08-28; original-boundary reconstruction exact; independent next-session oracle
research_stage61,2025-10-02,bs_effective_date_basis,sample_start_truncated,observed_next_session,legacy_pre_window_filing_effective_date_left_censoring,same accession=0001045810-25-000209; filing=2025-08-27; legacy_start=2025-10-01; expanded_effective=2025-08-28; original-boundary reconstruction exact; independent next-session oracle
research_stage61,2025-10-03,bs_effective_date_basis,sample_start_truncated,observed_next_session,legacy_pre_window_filing_effective_date_left_censoring,same accession=0001045810-25-000209; filing=2025-08-27; legacy_start=2025-10-01; expanded_effective=2025-08-28; original-boundary reconstruction exact; independent next-session oracle
research_stage61,2025-10-06,bs_effective_date_basis,sample_start_truncated,observed_next_session,legacy_pre_window_filing_effective_date_left_censoring,same accession=0001045810-25-000209; filing=2025-08-27; legacy_start=2025-10-01; expanded_effective=2025-08-28; original-boundary reconstruction exact; independent next-session oracle
research_stage61,2025-10-07,bs_effective_date_basis,sample_start_truncated,observed_next_session,legacy_pre_window_filing_effective_date_left_censoring,same accession=0001045810-25-000209; filing=2025-08-27; legacy_start=2025-10-01; expanded_effective=2025-08-28; original-boundary reconstruction exact; independent next-session oracle
research_stage61,2025-10-08,bs_effective_date_basis,sample_start_truncated,observed_next_session,legacy_pre_window_filing_effective_date_left_censoring,same accession=0001045810-25-000209; filing=2025-08-27; legacy_start=2025-10-01; expanded_effective=2025-08-28; original-boundary reconstruction exact; independent next-session oracle
research_stage61,2025-10-09,bs_effective_date_basis,sample_start_truncated,observed_next_session,legacy_pre_window_filing_effective_date_left_censoring,same accession=0001045810-25-000209; filing=2025-08-27; legacy_start=2025-10-01; expanded_effective=2025-08-28; original-boundary reconstruction exact; independent next-session oracle
research_stage61,2025-10-10,bs_effective_date_basis,sample_start_truncated,observed_next_session,legacy_pre_window_filing_effective_date_left_censoring,same accession=0001045810-25-000209; filing=2025-08-27; legacy_start=2025-10-01; expanded_effective=2025-08-28; original-boundary reconstruction exact; independent next-session oracle
research_stage61,2025-10-13,bs_effective_date_basis,sample_start_truncated,observed_next_session,legacy_pre_window_filing_effective_date_left_censoring,same accession=0001045810-25-000209; filing=2025-08-27; legacy_start=2025-10-01; expanded_effective=2025-08-28; original-boundary reconstruction exact; independent next-session oracle
research_stage61,2025-10-14,bs_effective_date_basis,sample_start_truncated,observed_next_session,legacy_pre_window_filing_effective_date_left_censoring,same accession=0001045810-25-000209; filing=2025-08-27; legacy_start=2025-10-01; expanded_effective=2025-08-28; original-boundary reconstruction exact; independent next-session oracle
research_stage61,2025-10-15,bs_effective_date_basis,sample_start_truncated,observed_next_session,legacy_pre_window_filing_effective_date_left_censoring,same accession=0001045810-25-000209; filing=2025-08-27; legacy_start=2025-10-01; expanded_effective=2025-08-28; original-boundary reconstruction exact; independent next-session oracle
research_stage61,2025-10-16,bs_effective_date_basis,sample_start_truncated,observed_next_session,legacy_pre_window_filing_effective_date_left_censoring,same accession=0001045810-25-000209; filing=2025-08-27; legacy_start=2025-10-01; expanded_effective=2025-08-28; original-boundary reconstruction exact; independent next-session oracle
research_stage61,2025-10-17,bs_effective_date_basis,sample_start_truncated,observed_next_session,legacy_pre_window_filing_effective_date_left_censoring,same accession=0001045810-25-000209; filing=2025-08-27; legacy_start=2025-10-01; expanded_effective=2025-08-28; original-boundary reconstruction exact; independent next-session oracle
research_stage61,2025-10-20,bs_effective_date_basis,sample_start_truncated,observed_next_session,legacy_pre_window_filing_effective_date_left_censoring,same accession=0001045810-25-000209; filing=2025-08-27; legacy_start=2025-10-01; expanded_effective=2025-08-28; original-boundary reconstruction exact; independent next-session oracle
research_stage61,2025-10-21,bs_effective_date_basis,sample_start_truncated,observed_next_session,legacy_pre_window_filing_effective_date_left_censoring,same accession=0001045810-25-000209; filing=2025-08-27; legacy_start=2025-10-01; expanded_effective=2025-08-28; original-boundary reconstruction exact; independent next-session oracle
research_stage61,2025-10-22,bs_effective_date_basis,sample_start_truncated,observed_next_session,legacy_pre_window_filing_effective_date_left_censoring,same accession=0001045810-25-000209; filing=2025-08-27; legacy_start=2025-10-01; expanded_effective=2025-08-28; original-boundary reconstruction exact; independent next-session oracle
research_stage61,2025-10-23,bs_effective_date_basis,sample_start_truncated,observed_next_session,legacy_pre_window_filing_effective_date_left_censoring,same accession=0001045810-25-000209; filing=2025-08-27; legacy_start=2025-10-01; expanded_effective=2025-08-28; original-boundary reconstruction exact; independent next-session oracle
research_stage61,2025-10-24,bs_effective_date_basis,sample_start_truncated,observed_next_session,legacy_pre_window_filing_effective_date_left_censoring,same accession=0001045810-25-000209; filing=2025-08-27; legacy_start=2025-10-01; expanded_effective=2025-08-28; original-boundary reconstruction exact; independent next-session oracle
research_stage61,2025-10-27,bs_effective_date_basis,sample_start_truncated,observed_next_session,legacy_pre_window_filing_effective_date_left_censoring,same accession=0001045810-25-000209; filing=2025-08-27; legacy_start=2025-10-01; expanded_effective=2025-08-28; original-boundary reconstruction exact; independent next-session oracle
research_stage61,2025-10-28,bs_effective_date_basis,sample_start_truncated,observed_next_session,legacy_pre_window_filing_effective_date_left_censoring,same accession=0001045810-25-000209; filing=2025-08-27; legacy_start=2025-10-01; expanded_effective=2025-08-28; original-boundary reconstruction exact; independent next-session oracle
research_stage61,2025-10-29,bs_effective_date_basis,sample_start_truncated,observed_next_session,legacy_pre_window_filing_effective_date_left_censoring,same accession=0001045810-25-000209; filing=2025-08-27; legacy_start=2025-10-01; expanded_effective=2025-08-28; original-boundary reconstruction exact; independent next-session oracle
research_stage61,2025-10-30,bs_effective_date_basis,sample_start_truncated,observed_next_session,legacy_pre_window_filing_effective_date_left_censoring,same accession=0001045810-25-000209; filing=2025-08-27; legacy_start=2025-10-01; expanded_effective=2025-08-28; original-boundary reconstruction exact; independent next-session oracle
research_stage61,2025-10-31,bs_effective_date_basis,sample_start_truncated,observed_next_session,legacy_pre_window_filing_effective_date_left_censoring,same accession=0001045810-25-000209; filing=2025-08-27; legacy_start=2025-10-01; expanded_effective=2025-08-28; original-boundary reconstruction exact; independent next-session oracle
research_stage61,2025-11-03,bs_effective_date_basis,sample_start_truncated,observed_next_session,legacy_pre_window_filing_effective_date_left_censoring,same accession=0001045810-25-000209; filing=2025-08-27; legacy_start=2025-10-01; expanded_effective=2025-08-28; original-boundary reconstruction exact; independent next-session oracle
research_stage61,2025-11-04,bs_effective_date_basis,sample_start_truncated,observed_next_session,legacy_pre_window_filing_effective_date_left_censoring,same accession=0001045810-25-000209; filing=2025-08-27; legacy_start=2025-10-01; expanded_effective=2025-08-28; original-boundary reconstruction exact; independent next-session oracle
research_stage61,2025-11-05,bs_effective_date_basis,sample_start_truncated,observed_next_session,legacy_pre_window_filing_effective_date_left_censoring,same accession=0001045810-25-000209; filing=2025-08-27; legacy_start=2025-10-01; expanded_effective=2025-08-28; original-boundary reconstruction exact; independent next-session oracle
research_stage61,2025-11-06,bs_effective_date_basis,sample_start_truncated,observed_next_session,legacy_pre_window_filing_effective_date_left_censoring,same accession=0001045810-25-000209; filing=2025-08-27; legacy_start=2025-10-01; expanded_effective=2025-08-28; original-boundary reconstruction exact; independent next-session oracle
research_stage61,2025-11-07,bs_effective_date_basis,sample_start_truncated,observed_next_session,legacy_pre_window_filing_effective_date_left_censoring,same accession=0001045810-25-000209; filing=2025-08-27; legacy_start=2025-10-01; expanded_effective=2025-08-28; original-boundary reconstruction exact; independent next-session oracle
research_stage61,2025-11-10,bs_effective_date_basis,sample_start_truncated,observed_next_session,legacy_pre_window_filing_effective_date_left_censoring,same accession=0001045810-25-000209; filing=2025-08-27; legacy_start=2025-10-01; expanded_effective=2025-08-28; original-boundary reconstruction exact; independent next-session oracle
research_stage61,2025-11-11,bs_effective_date_basis,sample_start_truncated,observed_next_session,legacy_pre_window_filing_effective_date_left_censoring,same accession=0001045810-25-000209; filing=2025-08-27; legacy_start=2025-10-01; expanded_effective=2025-08-28; original-boundary reconstruction exact; independent next-session oracle
research_stage61,2025-11-12,bs_effective_date_basis,sample_start_truncated,observed_next_session,legacy_pre_window_filing_effective_date_left_censoring,same accession=0001045810-25-000209; filing=2025-08-27; legacy_start=2025-10-01; expanded_effective=2025-08-28; original-boundary reconstruction exact; independent next-session oracle
research_stage61,2025-11-13,bs_effective_date_basis,sample_start_truncated,observed_next_session,legacy_pre_window_filing_effective_date_left_censoring,same accession=0001045810-25-000209; filing=2025-08-27; legacy_start=2025-10-01; expanded_effective=2025-08-28; original-boundary reconstruction exact; independent next-session oracle
research_stage61,2025-11-14,bs_effective_date_basis,sample_start_truncated,observed_next_session,legacy_pre_window_filing_effective_date_left_censoring,same accession=0001045810-25-000209; filing=2025-08-27; legacy_start=2025-10-01; expanded_effective=2025-08-28; original-boundary reconstruction exact; independent next-session oracle
research_stage61,2025-11-17,bs_effective_date_basis,sample_start_truncated,observed_next_session,legacy_pre_window_filing_effective_date_left_censoring,same accession=0001045810-25-000209; filing=2025-08-27; legacy_start=2025-10-01; expanded_effective=2025-08-28; original-boundary reconstruction exact; independent next-session oracle
research_stage61,2025-11-18,bs_effective_date_basis,sample_start_truncated,observed_next_session,legacy_pre_window_filing_effective_date_left_censoring,same accession=0001045810-25-000209; filing=2025-08-27; legacy_start=2025-10-01; expanded_effective=2025-08-28; original-boundary reconstruction exact; independent next-session oracle
research_stage61,2025-11-19,bs_effective_date_basis,sample_start_truncated,observed_next_session,legacy_pre_window_filing_effective_date_left_censoring,same accession=0001045810-25-000209; filing=2025-08-27; legacy_start=2025-10-01; expanded_effective=2025-08-28; original-boundary reconstruction exact; independent next-session oracle
research_stage61,2025-10-01,bs_days_since_effective_date,0,34,legacy_pre_window_filing_effective_date_left_censoring,same accession=0001045810-25-000209; filing=2025-08-27; legacy_start=2025-10-01; expanded_effective=2025-08-28; original-boundary reconstruction exact; independent next-session oracle
research_stage61,2025-10-02,bs_days_since_effective_date,1,35,legacy_pre_window_filing_effective_date_left_censoring,same accession=0001045810-25-000209; filing=2025-08-27; legacy_start=2025-10-01; expanded_effective=2025-08-28; original-boundary reconstruction exact; independent next-session oracle
research_stage61,2025-10-03,bs_days_since_effective_date,2,36,legacy_pre_window_filing_effective_date_left_censoring,same accession=0001045810-25-000209; filing=2025-08-27; legacy_start=2025-10-01; expanded_effective=2025-08-28; original-boundary reconstruction exact; independent next-session oracle
research_stage61,2025-10-06,bs_days_since_effective_date,5,39,legacy_pre_window_filing_effective_date_left_censoring,same accession=0001045810-25-000209; filing=2025-08-27; legacy_start=2025-10-01; expanded_effective=2025-08-28; original-boundary reconstruction exact; independent next-session oracle
research_stage61,2025-10-07,bs_days_since_effective_date,6,40,legacy_pre_window_filing_effective_date_left_censoring,same accession=0001045810-25-000209; filing=2025-08-27; legacy_start=2025-10-01; expanded_effective=2025-08-28; original-boundary reconstruction exact; independent next-session oracle
research_stage61,2025-10-08,bs_days_since_effective_date,7,41,legacy_pre_window_filing_effective_date_left_censoring,same accession=0001045810-25-000209; filing=2025-08-27; legacy_start=2025-10-01; expanded_effective=2025-08-28; original-boundary reconstruction exact; independent next-session oracle
research_stage61,2025-10-09,bs_days_since_effective_date,8,42,legacy_pre_window_filing_effective_date_left_censoring,same accession=0001045810-25-000209; filing=2025-08-27; legacy_start=2025-10-01; expanded_effective=2025-08-28; original-boundary reconstruction exact; independent next-session oracle
research_stage61,2025-10-10,bs_days_since_effective_date,9,43,legacy_pre_window_filing_effective_date_left_censoring,same accession=0001045810-25-000209; filing=2025-08-27; legacy_start=2025-10-01; expanded_effective=2025-08-28; original-boundary reconstruction exact; independent next-session oracle
research_stage61,2025-10-13,bs_days_since_effective_date,12,46,legacy_pre_window_filing_effective_date_left_censoring,same accession=0001045810-25-000209; filing=2025-08-27; legacy_start=2025-10-01; expanded_effective=2025-08-28; original-boundary reconstruction exact; independent next-session oracle
research_stage61,2025-10-14,bs_days_since_effective_date,13,47,legacy_pre_window_filing_effective_date_left_censoring,same accession=0001045810-25-000209; filing=2025-08-27; legacy_start=2025-10-01; expanded_effective=2025-08-28; original-boundary reconstruction exact; independent next-session oracle
research_stage61,2025-10-15,bs_days_since_effective_date,14,48,legacy_pre_window_filing_effective_date_left_censoring,same accession=0001045810-25-000209; filing=2025-08-27; legacy_start=2025-10-01; expanded_effective=2025-08-28; original-boundary reconstruction exact; independent next-session oracle
research_stage61,2025-10-16,bs_days_since_effective_date,15,49,legacy_pre_window_filing_effective_date_left_censoring,same accession=0001045810-25-000209; filing=2025-08-27; legacy_start=2025-10-01; expanded_effective=2025-08-28; original-boundary reconstruction exact; independent next-session oracle
research_stage61,2025-10-17,bs_days_since_effective_date,16,50,legacy_pre_window_filing_effective_date_left_censoring,same accession=0001045810-25-000209; filing=2025-08-27; legacy_start=2025-10-01; expanded_effective=2025-08-28; original-boundary reconstruction exact; independent next-session oracle
research_stage61,2025-10-20,bs_days_since_effective_date,19,53,legacy_pre_window_filing_effective_date_left_censoring,same accession=0001045810-25-000209; filing=2025-08-27; legacy_start=2025-10-01; expanded_effective=2025-08-28; original-boundary reconstruction exact; independent next-session oracle
research_stage61,2025-10-21,bs_days_since_effective_date,20,54,legacy_pre_window_filing_effective_date_left_censoring,same accession=0001045810-25-000209; filing=2025-08-27; legacy_start=2025-10-01; expanded_effective=2025-08-28; original-boundary reconstruction exact; independent next-session oracle
research_stage61,2025-10-22,bs_days_since_effective_date,21,55,legacy_pre_window_filing_effective_date_left_censoring,same accession=0001045810-25-000209; filing=2025-08-27; legacy_start=2025-10-01; expanded_effective=2025-08-28; original-boundary reconstruction exact; independent next-session oracle
research_stage61,2025-10-23,bs_days_since_effective_date,22,56,legacy_pre_window_filing_effective_date_left_censoring,same accession=0001045810-25-000209; filing=2025-08-27; legacy_start=2025-10-01; expanded_effective=2025-08-28; original-boundary reconstruction exact; independent next-session oracle
research_stage61,2025-10-24,bs_days_since_effective_date,23,57,legacy_pre_window_filing_effective_date_left_censoring,same accession=0001045810-25-000209; filing=2025-08-27; legacy_start=2025-10-01; expanded_effective=2025-08-28; original-boundary reconstruction exact; independent next-session oracle
research_stage61,2025-10-27,bs_days_since_effective_date,26,60,legacy_pre_window_filing_effective_date_left_censoring,same accession=0001045810-25-000209; filing=2025-08-27; legacy_start=2025-10-01; expanded_effective=2025-08-28; original-boundary reconstruction exact; independent next-session oracle
research_stage61,2025-10-28,bs_days_since_effective_date,27,61,legacy_pre_window_filing_effective_date_left_censoring,same accession=0001045810-25-000209; filing=2025-08-27; legacy_start=2025-10-01; expanded_effective=2025-08-28; original-boundary reconstruction exact; independent next-session oracle
research_stage61,2025-10-29,bs_days_since_effective_date,28,62,legacy_pre_window_filing_effective_date_left_censoring,same accession=0001045810-25-000209; filing=2025-08-27; legacy_start=2025-10-01; expanded_effective=2025-08-28; original-boundary reconstruction exact; independent next-session oracle
research_stage61,2025-10-30,bs_days_since_effective_date,29,63,legacy_pre_window_filing_effective_date_left_censoring,same accession=0001045810-25-000209; filing=2025-08-27; legacy_start=2025-10-01; expanded_effective=2025-08-28; original-boundary reconstruction exact; independent next-session oracle
research_stage61,2025-10-31,bs_days_since_effective_date,30,64,legacy_pre_window_filing_effective_date_left_censoring,same accession=0001045810-25-000209; filing=2025-08-27; legacy_start=2025-10-01; expanded_effective=2025-08-28; original-boundary reconstruction exact; independent next-session oracle
research_stage61,2025-11-03,bs_days_since_effective_date,33,67,legacy_pre_window_filing_effective_date_left_censoring,same accession=0001045810-25-000209; filing=2025-08-27; legacy_start=2025-10-01; expanded_effective=2025-08-28; original-boundary reconstruction exact; independent next-session oracle
research_stage61,2025-11-04,bs_days_since_effective_date,34,68,legacy_pre_window_filing_effective_date_left_censoring,same accession=0001045810-25-000209; filing=2025-08-27; legacy_start=2025-10-01; expanded_effective=2025-08-28; original-boundary reconstruction exact; independent next-session oracle
research_stage61,2025-11-05,bs_days_since_effective_date,35,69,legacy_pre_window_filing_effective_date_left_censoring,same accession=0001045810-25-000209; filing=2025-08-27; legacy_start=2025-10-01; expanded_effective=2025-08-28; original-boundary reconstruction exact; independent next-session oracle
research_stage61,2025-11-06,bs_days_since_effective_date,36,70,legacy_pre_window_filing_effective_date_left_censoring,same accession=0001045810-25-000209; filing=2025-08-27; legacy_start=2025-10-01; expanded_effective=2025-08-28; original-boundary reconstruction exact; independent next-session oracle
research_stage61,2025-11-07,bs_days_since_effective_date,37,71,legacy_pre_window_filing_effective_date_left_censoring,same accession=0001045810-25-000209; filing=2025-08-27; legacy_start=2025-10-01; expanded_effective=2025-08-28; original-boundary reconstruction exact; independent next-session oracle
research_stage61,2025-11-10,bs_days_since_effective_date,40,74,legacy_pre_window_filing_effective_date_left_censoring,same accession=0001045810-25-000209; filing=2025-08-27; legacy_start=2025-10-01; expanded_effective=2025-08-28; original-boundary reconstruction exact; independent next-session oracle
research_stage61,2025-11-11,bs_days_since_effective_date,41,75,legacy_pre_window_filing_effective_date_left_censoring,same accession=0001045810-25-000209; filing=2025-08-27; legacy_start=2025-10-01; expanded_effective=2025-08-28; original-boundary reconstruction exact; independent next-session oracle
research_stage61,2025-11-12,bs_days_since_effective_date,42,76,legacy_pre_window_filing_effective_date_left_censoring,same accession=0001045810-25-000209; filing=2025-08-27; legacy_start=2025-10-01; expanded_effective=2025-08-28; original-boundary reconstruction exact; independent next-session oracle
research_stage61,2025-11-13,bs_days_since_effective_date,43,77,legacy_pre_window_filing_effective_date_left_censoring,same accession=0001045810-25-000209; filing=2025-08-27; legacy_start=2025-10-01; expanded_effective=2025-08-28; original-boundary reconstruction exact; independent next-session oracle
research_stage61,2025-11-14,bs_days_since_effective_date,44,78,legacy_pre_window_filing_effective_date_left_censoring,same accession=0001045810-25-000209; filing=2025-08-27; legacy_start=2025-10-01; expanded_effective=2025-08-28; original-boundary reconstruction exact; independent next-session oracle
research_stage61,2025-11-17,bs_days_since_effective_date,47,81,legacy_pre_window_filing_effective_date_left_censoring,same accession=0001045810-25-000209; filing=2025-08-27; legacy_start=2025-10-01; expanded_effective=2025-08-28; original-boundary reconstruction exact; independent next-session oracle
research_stage61,2025-11-18,bs_days_since_effective_date,48,82,legacy_pre_window_filing_effective_date_left_censoring,same accession=0001045810-25-000209; filing=2025-08-27; legacy_start=2025-10-01; expanded_effective=2025-08-28; original-boundary reconstruction exact; independent next-session oracle
research_stage61,2025-11-19,bs_days_since_effective_date,49,83,legacy_pre_window_filing_effective_date_left_censoring,same accession=0001045810-25-000209; filing=2025-08-27; legacy_start=2025-10-01; expanded_effective=2025-08-28; original-boundary reconstruction exact; independent next-session oracle
research_stage61,2025-10-01,fundamental_effective_date_is_sample_truncated,True,False,legacy_pre_window_filing_effective_date_left_censoring,same accession=0001045810-25-000209; filing=2025-08-27; legacy_start=2025-10-01; expanded_effective=2025-08-28; original-boundary reconstruction exact; independent next-session oracle
research_stage61,2025-10-02,fundamental_effective_date_is_sample_truncated,True,False,legacy_pre_window_filing_effective_date_left_censoring,same accession=0001045810-25-000209; filing=2025-08-27; legacy_start=2025-10-01; expanded_effective=2025-08-28; original-boundary reconstruction exact; independent next-session oracle
research_stage61,2025-10-03,fundamental_effective_date_is_sample_truncated,True,False,legacy_pre_window_filing_effective_date_left_censoring,same accession=0001045810-25-000209; filing=2025-08-27; legacy_start=2025-10-01; expanded_effective=2025-08-28; original-boundary reconstruction exact; independent next-session oracle
research_stage61,2025-10-06,fundamental_effective_date_is_sample_truncated,True,False,legacy_pre_window_filing_effective_date_left_censoring,same accession=0001045810-25-000209; filing=2025-08-27; legacy_start=2025-10-01; expanded_effective=2025-08-28; original-boundary reconstruction exact; independent next-session oracle
research_stage61,2025-10-07,fundamental_effective_date_is_sample_truncated,True,False,legacy_pre_window_filing_effective_date_left_censoring,same accession=0001045810-25-000209; filing=2025-08-27; legacy_start=2025-10-01; expanded_effective=2025-08-28; original-boundary reconstruction exact; independent next-session oracle
research_stage61,2025-10-08,fundamental_effective_date_is_sample_truncated,True,False,legacy_pre_window_filing_effective_date_left_censoring,same accession=0001045810-25-000209; filing=2025-08-27; legacy_start=2025-10-01; expanded_effective=2025-08-28; original-boundary reconstruction exact; independent next-session oracle
research_stage61,2025-10-09,fundamental_effective_date_is_sample_truncated,True,False,legacy_pre_window_filing_effective_date_left_censoring,same accession=0001045810-25-000209; filing=2025-08-27; legacy_start=2025-10-01; expanded_effective=2025-08-28; original-boundary reconstruction exact; independent next-session oracle
research_stage61,2025-10-10,fundamental_effective_date_is_sample_truncated,True,False,legacy_pre_window_filing_effective_date_left_censoring,same accession=0001045810-25-000209; filing=2025-08-27; legacy_start=2025-10-01; expanded_effective=2025-08-28; original-boundary reconstruction exact; independent next-session oracle
research_stage61,2025-10-13,fundamental_effective_date_is_sample_truncated,True,False,legacy_pre_window_filing_effective_date_left_censoring,same accession=0001045810-25-000209; filing=2025-08-27; legacy_start=2025-10-01; expanded_effective=2025-08-28; original-boundary reconstruction exact; independent next-session oracle
research_stage61,2025-10-14,fundamental_effective_date_is_sample_truncated,True,False,legacy_pre_window_filing_effective_date_left_censoring,same accession=0001045810-25-000209; filing=2025-08-27; legacy_start=2025-10-01; expanded_effective=2025-08-28; original-boundary reconstruction exact; independent next-session oracle
research_stage61,2025-10-15,fundamental_effective_date_is_sample_truncated,True,False,legacy_pre_window_filing_effective_date_left_censoring,same accession=0001045810-25-000209; filing=2025-08-27; legacy_start=2025-10-01; expanded_effective=2025-08-28; original-boundary reconstruction exact; independent next-session oracle
research_stage61,2025-10-16,fundamental_effective_date_is_sample_truncated,True,False,legacy_pre_window_filing_effective_date_left_censoring,same accession=0001045810-25-000209; filing=2025-08-27; legacy_start=2025-10-01; expanded_effective=2025-08-28; original-boundary reconstruction exact; independent next-session oracle
research_stage61,2025-10-17,fundamental_effective_date_is_sample_truncated,True,False,legacy_pre_window_filing_effective_date_left_censoring,same accession=0001045810-25-000209; filing=2025-08-27; legacy_start=2025-10-01; expanded_effective=2025-08-28; original-boundary reconstruction exact; independent next-session oracle
research_stage61,2025-10-20,fundamental_effective_date_is_sample_truncated,True,False,legacy_pre_window_filing_effective_date_left_censoring,same accession=0001045810-25-000209; filing=2025-08-27; legacy_start=2025-10-01; expanded_effective=2025-08-28; original-boundary reconstruction exact; independent next-session oracle
research_stage61,2025-10-21,fundamental_effective_date_is_sample_truncated,True,False,legacy_pre_window_filing_effective_date_left_censoring,same accession=0001045810-25-000209; filing=2025-08-27; legacy_start=2025-10-01; expanded_effective=2025-08-28; original-boundary reconstruction exact; independent next-session oracle
research_stage61,2025-10-22,fundamental_effective_date_is_sample_truncated,True,False,legacy_pre_window_filing_effective_date_left_censoring,same accession=0001045810-25-000209; filing=2025-08-27; legacy_start=2025-10-01; expanded_effective=2025-08-28; original-boundary reconstruction exact; independent next-session oracle
research_stage61,2025-10-23,fundamental_effective_date_is_sample_truncated,True,False,legacy_pre_window_filing_effective_date_left_censoring,same accession=0001045810-25-000209; filing=2025-08-27; legacy_start=2025-10-01; expanded_effective=2025-08-28; original-boundary reconstruction exact; independent next-session oracle
research_stage61,2025-10-24,fundamental_effective_date_is_sample_truncated,True,False,legacy_pre_window_filing_effective_date_left_censoring,same accession=0001045810-25-000209; filing=2025-08-27; legacy_start=2025-10-01; expanded_effective=2025-08-28; original-boundary reconstruction exact; independent next-session oracle
research_stage61,2025-10-27,fundamental_effective_date_is_sample_truncated,True,False,legacy_pre_window_filing_effective_date_left_censoring,same accession=0001045810-25-000209; filing=2025-08-27; legacy_start=2025-10-01; expanded_effective=2025-08-28; original-boundary reconstruction exact; independent next-session oracle
research_stage61,2025-10-28,fundamental_effective_date_is_sample_truncated,True,False,legacy_pre_window_filing_effective_date_left_censoring,same accession=0001045810-25-000209; filing=2025-08-27; legacy_start=2025-10-01; expanded_effective=2025-08-28; original-boundary reconstruction exact; independent next-session oracle
research_stage61,2025-10-29,fundamental_effective_date_is_sample_truncated,True,False,legacy_pre_window_filing_effective_date_left_censoring,same accession=0001045810-25-000209; filing=2025-08-27; legacy_start=2025-10-01; expanded_effective=2025-08-28; original-boundary reconstruction exact; independent next-session oracle
research_stage61,2025-10-30,fundamental_effective_date_is_sample_truncated,True,False,legacy_pre_window_filing_effective_date_left_censoring,same accession=0001045810-25-000209; filing=2025-08-27; legacy_start=2025-10-01; expanded_effective=2025-08-28; original-boundary reconstruction exact; independent next-session oracle
research_stage61,2025-10-31,fundamental_effective_date_is_sample_truncated,True,False,legacy_pre_window_filing_effective_date_left_censoring,same accession=0001045810-25-000209; filing=2025-08-27; legacy_start=2025-10-01; expanded_effective=2025-08-28; original-boundary reconstruction exact; independent next-session oracle
research_stage61,2025-11-03,fundamental_effective_date_is_sample_truncated,True,False,legacy_pre_window_filing_effective_date_left_censoring,same accession=0001045810-25-000209; filing=2025-08-27; legacy_start=2025-10-01; expanded_effective=2025-08-28; original-boundary reconstruction exact; independent next-session oracle
research_stage61,2025-11-04,fundamental_effective_date_is_sample_truncated,True,False,legacy_pre_window_filing_effective_date_left_censoring,same accession=0001045810-25-000209; filing=2025-08-27; legacy_start=2025-10-01; expanded_effective=2025-08-28; original-boundary reconstruction exact; independent next-session oracle
research_stage61,2025-11-05,fundamental_effective_date_is_sample_truncated,True,False,legacy_pre_window_filing_effective_date_left_censoring,same accession=0001045810-25-000209; filing=2025-08-27; legacy_start=2025-10-01; expanded_effective=2025-08-28; original-boundary reconstruction exact; independent next-session oracle
research_stage61,2025-11-06,fundamental_effective_date_is_sample_truncated,True,False,legacy_pre_window_filing_effective_date_left_censoring,same accession=0001045810-25-000209; filing=2025-08-27; legacy_start=2025-10-01; expanded_effective=2025-08-28; original-boundary reconstruction exact; independent next-session oracle
research_stage61,2025-11-07,fundamental_effective_date_is_sample_truncated,True,False,legacy_pre_window_filing_effective_date_left_censoring,same accession=0001045810-25-000209; filing=2025-08-27; legacy_start=2025-10-01; expanded_effective=2025-08-28; original-boundary reconstruction exact; independent next-session oracle
research_stage61,2025-11-10,fundamental_effective_date_is_sample_truncated,True,False,legacy_pre_window_filing_effective_date_left_censoring,same accession=0001045810-25-000209; filing=2025-08-27; legacy_start=2025-10-01; expanded_effective=2025-08-28; original-boundary reconstruction exact; independent next-session oracle
research_stage61,2025-11-11,fundamental_effective_date_is_sample_truncated,True,False,legacy_pre_window_filing_effective_date_left_censoring,same accession=0001045810-25-000209; filing=2025-08-27; legacy_start=2025-10-01; expanded_effective=2025-08-28; original-boundary reconstruction exact; independent next-session oracle
research_stage61,2025-11-12,fundamental_effective_date_is_sample_truncated,True,False,legacy_pre_window_filing_effective_date_left_censoring,same accession=0001045810-25-000209; filing=2025-08-27; legacy_start=2025-10-01; expanded_effective=2025-08-28; original-boundary reconstruction exact; independent next-session oracle
research_stage61,2025-11-13,fundamental_effective_date_is_sample_truncated,True,False,legacy_pre_window_filing_effective_date_left_censoring,same accession=0001045810-25-000209; filing=2025-08-27; legacy_start=2025-10-01; expanded_effective=2025-08-28; original-boundary reconstruction exact; independent next-session oracle
research_stage61,2025-11-14,fundamental_effective_date_is_sample_truncated,True,False,legacy_pre_window_filing_effective_date_left_censoring,same accession=0001045810-25-000209; filing=2025-08-27; legacy_start=2025-10-01; expanded_effective=2025-08-28; original-boundary reconstruction exact; independent next-session oracle
research_stage61,2025-11-17,fundamental_effective_date_is_sample_truncated,True,False,legacy_pre_window_filing_effective_date_left_censoring,same accession=0001045810-25-000209; filing=2025-08-27; legacy_start=2025-10-01; expanded_effective=2025-08-28; original-boundary reconstruction exact; independent next-session oracle
research_stage61,2025-11-18,fundamental_effective_date_is_sample_truncated,True,False,legacy_pre_window_filing_effective_date_left_censoring,same accession=0001045810-25-000209; filing=2025-08-27; legacy_start=2025-10-01; expanded_effective=2025-08-28; original-boundary reconstruction exact; independent next-session oracle
research_stage61,2025-11-19,fundamental_effective_date_is_sample_truncated,True,False,legacy_pre_window_filing_effective_date_left_censoring,same accession=0001045810-25-000209; filing=2025-08-27; legacy_start=2025-10-01; expanded_effective=2025-08-28; original-boundary reconstruction exact; independent next-session oracle
research_stage61,2025-10-01,fundamental_effective_date_basis,sample_start_truncated,observed_next_session,legacy_pre_window_filing_effective_date_left_censoring,same accession=0001045810-25-000209; filing=2025-08-27; legacy_start=2025-10-01; expanded_effective=2025-08-28; original-boundary reconstruction exact; independent next-session oracle
research_stage61,2025-10-02,fundamental_effective_date_basis,sample_start_truncated,observed_next_session,legacy_pre_window_filing_effective_date_left_censoring,same accession=0001045810-25-000209; filing=2025-08-27; legacy_start=2025-10-01; expanded_effective=2025-08-28; original-boundary reconstruction exact; independent next-session oracle
research_stage61,2025-10-03,fundamental_effective_date_basis,sample_start_truncated,observed_next_session,legacy_pre_window_filing_effective_date_left_censoring,same accession=0001045810-25-000209; filing=2025-08-27; legacy_start=2025-10-01; expanded_effective=2025-08-28; original-boundary reconstruction exact; independent next-session oracle
research_stage61,2025-10-06,fundamental_effective_date_basis,sample_start_truncated,observed_next_session,legacy_pre_window_filing_effective_date_left_censoring,same accession=0001045810-25-000209; filing=2025-08-27; legacy_start=2025-10-01; expanded_effective=2025-08-28; original-boundary reconstruction exact; independent next-session oracle
research_stage61,2025-10-07,fundamental_effective_date_basis,sample_start_truncated,observed_next_session,legacy_pre_window_filing_effective_date_left_censoring,same accession=0001045810-25-000209; filing=2025-08-27; legacy_start=2025-10-01; expanded_effective=2025-08-28; original-boundary reconstruction exact; independent next-session oracle
research_stage61,2025-10-08,fundamental_effective_date_basis,sample_start_truncated,observed_next_session,legacy_pre_window_filing_effective_date_left_censoring,same accession=0001045810-25-000209; filing=2025-08-27; legacy_start=2025-10-01; expanded_effective=2025-08-28; original-boundary reconstruction exact; independent next-session oracle
research_stage61,2025-10-09,fundamental_effective_date_basis,sample_start_truncated,observed_next_session,legacy_pre_window_filing_effective_date_left_censoring,same accession=0001045810-25-000209; filing=2025-08-27; legacy_start=2025-10-01; expanded_effective=2025-08-28; original-boundary reconstruction exact; independent next-session oracle
research_stage61,2025-10-10,fundamental_effective_date_basis,sample_start_truncated,observed_next_session,legacy_pre_window_filing_effective_date_left_censoring,same accession=0001045810-25-000209; filing=2025-08-27; legacy_start=2025-10-01; expanded_effective=2025-08-28; original-boundary reconstruction exact; independent next-session oracle
research_stage61,2025-10-13,fundamental_effective_date_basis,sample_start_truncated,observed_next_session,legacy_pre_window_filing_effective_date_left_censoring,same accession=0001045810-25-000209; filing=2025-08-27; legacy_start=2025-10-01; expanded_effective=2025-08-28; original-boundary reconstruction exact; independent next-session oracle
research_stage61,2025-10-14,fundamental_effective_date_basis,sample_start_truncated,observed_next_session,legacy_pre_window_filing_effective_date_left_censoring,same accession=0001045810-25-000209; filing=2025-08-27; legacy_start=2025-10-01; expanded_effective=2025-08-28; original-boundary reconstruction exact; independent next-session oracle
research_stage61,2025-10-15,fundamental_effective_date_basis,sample_start_truncated,observed_next_session,legacy_pre_window_filing_effective_date_left_censoring,same accession=0001045810-25-000209; filing=2025-08-27; legacy_start=2025-10-01; expanded_effective=2025-08-28; original-boundary reconstruction exact; independent next-session oracle
research_stage61,2025-10-16,fundamental_effective_date_basis,sample_start_truncated,observed_next_session,legacy_pre_window_filing_effective_date_left_censoring,same accession=0001045810-25-000209; filing=2025-08-27; legacy_start=2025-10-01; expanded_effective=2025-08-28; original-boundary reconstruction exact; independent next-session oracle
research_stage61,2025-10-17,fundamental_effective_date_basis,sample_start_truncated,observed_next_session,legacy_pre_window_filing_effective_date_left_censoring,same accession=0001045810-25-000209; filing=2025-08-27; legacy_start=2025-10-01; expanded_effective=2025-08-28; original-boundary reconstruction exact; independent next-session oracle
research_stage61,2025-10-20,fundamental_effective_date_basis,sample_start_truncated,observed_next_session,legacy_pre_window_filing_effective_date_left_censoring,same accession=0001045810-25-000209; filing=2025-08-27; legacy_start=2025-10-01; expanded_effective=2025-08-28; original-boundary reconstruction exact; independent next-session oracle
research_stage61,2025-10-21,fundamental_effective_date_basis,sample_start_truncated,observed_next_session,legacy_pre_window_filing_effective_date_left_censoring,same accession=0001045810-25-000209; filing=2025-08-27; legacy_start=2025-10-01; expanded_effective=2025-08-28; original-boundary reconstruction exact; independent next-session oracle
research_stage61,2025-10-22,fundamental_effective_date_basis,sample_start_truncated,observed_next_session,legacy_pre_window_filing_effective_date_left_censoring,same accession=0001045810-25-000209; filing=2025-08-27; legacy_start=2025-10-01; expanded_effective=2025-08-28; original-boundary reconstruction exact; independent next-session oracle
research_stage61,2025-10-23,fundamental_effective_date_basis,sample_start_truncated,observed_next_session,legacy_pre_window_filing_effective_date_left_censoring,same accession=0001045810-25-000209; filing=2025-08-27; legacy_start=2025-10-01; expanded_effective=2025-08-28; original-boundary reconstruction exact; independent next-session oracle
research_stage61,2025-10-24,fundamental_effective_date_basis,sample_start_truncated,observed_next_session,legacy_pre_window_filing_effective_date_left_censoring,same accession=0001045810-25-000209; filing=2025-08-27; legacy_start=2025-10-01; expanded_effective=2025-08-28; original-boundary reconstruction exact; independent next-session oracle
research_stage61,2025-10-27,fundamental_effective_date_basis,sample_start_truncated,observed_next_session,legacy_pre_window_filing_effective_date_left_censoring,same accession=0001045810-25-000209; filing=2025-08-27; legacy_start=2025-10-01; expanded_effective=2025-08-28; original-boundary reconstruction exact; independent next-session oracle
research_stage61,2025-10-28,fundamental_effective_date_basis,sample_start_truncated,observed_next_session,legacy_pre_window_filing_effective_date_left_censoring,same accession=0001045810-25-000209; filing=2025-08-27; legacy_start=2025-10-01; expanded_effective=2025-08-28; original-boundary reconstruction exact; independent next-session oracle
research_stage61,2025-10-29,fundamental_effective_date_basis,sample_start_truncated,observed_next_session,legacy_pre_window_filing_effective_date_left_censoring,same accession=0001045810-25-000209; filing=2025-08-27; legacy_start=2025-10-01; expanded_effective=2025-08-28; original-boundary reconstruction exact; independent next-session oracle
research_stage61,2025-10-30,fundamental_effective_date_basis,sample_start_truncated,observed_next_session,legacy_pre_window_filing_effective_date_left_censoring,same accession=0001045810-25-000209; filing=2025-08-27; legacy_start=2025-10-01; expanded_effective=2025-08-28; original-boundary reconstruction exact; independent next-session oracle
research_stage61,2025-10-31,fundamental_effective_date_basis,sample_start_truncated,observed_next_session,legacy_pre_window_filing_effective_date_left_censoring,same accession=0001045810-25-000209; filing=2025-08-27; legacy_start=2025-10-01; expanded_effective=2025-08-28; original-boundary reconstruction exact; independent next-session oracle
research_stage61,2025-11-03,fundamental_effective_date_basis,sample_start_truncated,observed_next_session,legacy_pre_window_filing_effective_date_left_censoring,same accession=0001045810-25-000209; filing=2025-08-27; legacy_start=2025-10-01; expanded_effective=2025-08-28; original-boundary reconstruction exact; independent next-session oracle
research_stage61,2025-11-04,fundamental_effective_date_basis,sample_start_truncated,observed_next_session,legacy_pre_window_filing_effective_date_left_censoring,same accession=0001045810-25-000209; filing=2025-08-27; legacy_start=2025-10-01; expanded_effective=2025-08-28; original-boundary reconstruction exact; independent next-session oracle
research_stage61,2025-11-05,fundamental_effective_date_basis,sample_start_truncated,observed_next_session,legacy_pre_window_filing_effective_date_left_censoring,same accession=0001045810-25-000209; filing=2025-08-27; legacy_start=2025-10-01; expanded_effective=2025-08-28; original-boundary reconstruction exact; independent next-session oracle
research_stage61,2025-11-06,fundamental_effective_date_basis,sample_start_truncated,observed_next_session,legacy_pre_window_filing_effective_date_left_censoring,same accession=0001045810-25-000209; filing=2025-08-27; legacy_start=2025-10-01; expanded_effective=2025-08-28; original-boundary reconstruction exact; independent next-session oracle
research_stage61,2025-11-07,fundamental_effective_date_basis,sample_start_truncated,observed_next_session,legacy_pre_window_filing_effective_date_left_censoring,same accession=0001045810-25-000209; filing=2025-08-27; legacy_start=2025-10-01; expanded_effective=2025-08-28; original-boundary reconstruction exact; independent next-session oracle
research_stage61,2025-11-10,fundamental_effective_date_basis,sample_start_truncated,observed_next_session,legacy_pre_window_filing_effective_date_left_censoring,same accession=0001045810-25-000209; filing=2025-08-27; legacy_start=2025-10-01; expanded_effective=2025-08-28; original-boundary reconstruction exact; independent next-session oracle
research_stage61,2025-11-11,fundamental_effective_date_basis,sample_start_truncated,observed_next_session,legacy_pre_window_filing_effective_date_left_censoring,same accession=0001045810-25-000209; filing=2025-08-27; legacy_start=2025-10-01; expanded_effective=2025-08-28; original-boundary reconstruction exact; independent next-session oracle
research_stage61,2025-11-12,fundamental_effective_date_basis,sample_start_truncated,observed_next_session,legacy_pre_window_filing_effective_date_left_censoring,same accession=0001045810-25-000209; filing=2025-08-27; legacy_start=2025-10-01; expanded_effective=2025-08-28; original-boundary reconstruction exact; independent next-session oracle
research_stage61,2025-11-13,fundamental_effective_date_basis,sample_start_truncated,observed_next_session,legacy_pre_window_filing_effective_date_left_censoring,same accession=0001045810-25-000209; filing=2025-08-27; legacy_start=2025-10-01; expanded_effective=2025-08-28; original-boundary reconstruction exact; independent next-session oracle
research_stage61,2025-11-14,fundamental_effective_date_basis,sample_start_truncated,observed_next_session,legacy_pre_window_filing_effective_date_left_censoring,same accession=0001045810-25-000209; filing=2025-08-27; legacy_start=2025-10-01; expanded_effective=2025-08-28; original-boundary reconstruction exact; independent next-session oracle
research_stage61,2025-11-17,fundamental_effective_date_basis,sample_start_truncated,observed_next_session,legacy_pre_window_filing_effective_date_left_censoring,same accession=0001045810-25-000209; filing=2025-08-27; legacy_start=2025-10-01; expanded_effective=2025-08-28; original-boundary reconstruction exact; independent next-session oracle
research_stage61,2025-11-18,fundamental_effective_date_basis,sample_start_truncated,observed_next_session,legacy_pre_window_filing_effective_date_left_censoring,same accession=0001045810-25-000209; filing=2025-08-27; legacy_start=2025-10-01; expanded_effective=2025-08-28; original-boundary reconstruction exact; independent next-session oracle
research_stage61,2025-11-19,fundamental_effective_date_basis,sample_start_truncated,observed_next_session,legacy_pre_window_filing_effective_date_left_censoring,same accession=0001045810-25-000209; filing=2025-08-27; legacy_start=2025-10-01; expanded_effective=2025-08-28; original-boundary reconstruction exact; independent next-session oracle
labeled_stage8,2025-10-01,simple_return,,0.0035373762227048,registered_market_warmup_truncated_at_legacy_sample_start,legacy_start=2025-10-01; legacy_position=0; required_preceding_sessions=1; old-prefix reconstruction missing; full-history scalar rolling oracle audited
labeled_stage8,2025-10-01,log_return,,0.0035311344228331,registered_market_warmup_truncated_at_legacy_sample_start,legacy_start=2025-10-01; legacy_position=0; required_preceding_sessions=1; old-prefix reconstruction missing; full-history scalar rolling oracle audited
labeled_stage8,2025-10-01,sma_5,,182.31000366210932,registered_market_warmup_truncated_at_legacy_sample_start,legacy_start=2025-10-01; legacy_position=0; required_preceding_sessions=4; old-prefix reconstruction missing; full-history scalar rolling oracle audited
labeled_stage8,2025-10-02,sma_5,,184.5500030517578,registered_market_warmup_truncated_at_legacy_sample_start,legacy_start=2025-10-01; legacy_position=1; required_preceding_sessions=4; old-prefix reconstruction missing; full-history scalar rolling oracle audited
labeled_stage8,2025-10-03,sma_5,,186.43600158691407,registered_market_warmup_truncated_at_legacy_sample_start,legacy_start=2025-10-01; legacy_position=2; required_preceding_sessions=4; old-prefix reconstruction missing; full-history scalar rolling oracle audited
labeled_stage8,2025-10-06,sma_5,,187.1739990234375,registered_market_warmup_truncated_at_legacy_sample_start,legacy_start=2025-10-01; legacy_position=3; required_preceding_sessions=4; old-prefix reconstruction missing; full-history scalar rolling oracle audited
labeled_stage8,2025-10-01,sma_20,,176.8230010986328,registered_market_warmup_truncated_at_legacy_sample_start,legacy_start=2025-10-01; legacy_position=0; required_preceding_sessions=19; old-prefix reconstruction missing; full-history scalar rolling oracle audited
labeled_stage8,2025-10-02,sma_20,,177.68450088500975,registered_market_warmup_truncated_at_legacy_sample_start,legacy_start=2025-10-01; legacy_position=1; required_preceding_sessions=19; old-prefix reconstruction missing; full-history scalar rolling oracle audited
labeled_stage8,2025-10-03,sma_20,,178.7145004272461,registered_market_warmup_truncated_at_legacy_sample_start,legacy_start=2025-10-01; legacy_position=2; required_preceding_sessions=19; old-prefix reconstruction missing; full-history scalar rolling oracle audited
labeled_stage8,2025-10-06,sma_20,,179.57600021362305,registered_market_warmup_truncated_at_legacy_sample_start,legacy_start=2025-10-01; legacy_position=3; required_preceding_sessions=19; old-prefix reconstruction missing; full-history scalar rolling oracle audited
labeled_stage8,2025-10-07,sma_20,,180.29000015258788,registered_market_warmup_truncated_at_legacy_sample_start,legacy_start=2025-10-01; legacy_position=4; required_preceding_sessions=19; old-prefix reconstruction missing; full-history scalar rolling oracle audited
labeled_stage8,2025-10-08,sma_20,,180.8790000915528,registered_market_warmup_truncated_at_legacy_sample_start,legacy_start=2025-10-01; legacy_position=5; required_preceding_sessions=19; old-prefix reconstruction missing; full-history scalar rolling oracle audited
labeled_stage8,2025-10-09,sma_20,,181.6490005493164,registered_market_warmup_truncated_at_legacy_sample_start,legacy_start=2025-10-01; legacy_position=6; required_preceding_sessions=19; old-prefix reconstruction missing; full-history scalar rolling oracle audited
labeled_stage8,2025-10-10,sma_20,,181.9160003662109,registered_market_warmup_truncated_at_legacy_sample_start,legacy_start=2025-10-01; legacy_position=7; required_preceding_sessions=19; old-prefix reconstruction missing; full-history scalar rolling oracle audited
labeled_stage8,2025-10-13,sma_20,,182.4445007324219,registered_market_warmup_truncated_at_legacy_sample_start,legacy_start=2025-10-01; legacy_position=8; required_preceding_sessions=19; old-prefix reconstruction missing; full-history scalar rolling oracle audited
labeled_stage8,2025-10-14,sma_20,,182.7020004272461,registered_market_warmup_truncated_at_legacy_sample_start,legacy_start=2025-10-01; legacy_position=9; required_preceding_sessions=19; old-prefix reconstruction missing; full-history scalar rolling oracle audited
labeled_stage8,2025-10-15,sma_20,,183.1790008544922,registered_market_warmup_truncated_at_legacy_sample_start,legacy_start=2025-10-01; legacy_position=10; required_preceding_sessions=19; old-prefix reconstruction missing; full-history scalar rolling oracle audited
labeled_stage8,2025-10-16,sma_20,,183.45750045776367,registered_market_warmup_truncated_at_legacy_sample_start,legacy_start=2025-10-01; legacy_position=11; required_preceding_sessions=19; old-prefix reconstruction missing; full-history scalar rolling oracle audited
labeled_stage8,2025-10-17,sma_20,,183.7850006103516,registered_market_warmup_truncated_at_legacy_sample_start,legacy_start=2025-10-01; legacy_position=12; required_preceding_sessions=19; old-prefix reconstruction missing; full-history scalar rolling oracle audited
labeled_stage8,2025-10-20,sma_20,,183.7365005493164,registered_market_warmup_truncated_at_legacy_sample_start,legacy_start=2025-10-01; legacy_position=13; required_preceding_sessions=19; old-prefix reconstruction missing; full-history scalar rolling oracle audited
labeled_stage8,2025-10-21,sma_20,,183.8730010986328,registered_market_warmup_truncated_at_legacy_sample_start,legacy_start=2025-10-01; legacy_position=14; required_preceding_sessions=19; old-prefix reconstruction missing; full-history scalar rolling oracle audited
labeled_stage8,2025-10-22,sma_20,,184.0385009765625,registered_market_warmup_truncated_at_legacy_sample_start,legacy_start=2025-10-01; legacy_position=15; required_preceding_sessions=19; old-prefix reconstruction missing; full-history scalar rolling oracle audited
labeled_stage8,2025-10-23,sma_20,,184.26200103759768,registered_market_warmup_truncated_at_legacy_sample_start,legacy_start=2025-10-01; legacy_position=16; required_preceding_sessions=19; old-prefix reconstruction missing; full-history scalar rolling oracle audited
labeled_stage8,2025-10-24,sma_20,,184.6655006408692,registered_market_warmup_truncated_at_legacy_sample_start,legacy_start=2025-10-01; legacy_position=17; required_preceding_sessions=19; old-prefix reconstruction missing; full-history scalar rolling oracle audited
labeled_stage8,2025-10-27,sma_20,,185.1475006103516,registered_market_warmup_truncated_at_legacy_sample_start,legacy_start=2025-10-01; legacy_position=18; required_preceding_sessions=19; old-prefix reconstruction missing; full-history scalar rolling oracle audited
labeled_stage8,2025-10-01,sma_60,,175.914000193278,registered_market_warmup_truncated_at_legacy_sample_start,legacy_start=2025-10-01; legacy_position=0; required_preceding_sessions=59; old-prefix reconstruction missing; full-history scalar rolling oracle audited
labeled_stage8,2025-10-02,sma_60,,176.34750010172527,registered_market_warmup_truncated_at_legacy_sample_start,legacy_start=2025-10-01; legacy_position=1; required_preceding_sessions=59; old-prefix reconstruction missing; full-history scalar rolling oracle audited
labeled_stage8,2025-10-03,sma_60,,176.7394999186198,registered_market_warmup_truncated_at_legacy_sample_start,legacy_start=2025-10-01; legacy_position=2; required_preceding_sessions=59; old-prefix reconstruction missing; full-history scalar rolling oracle audited
labeled_stage8,2025-10-06,sma_60,,177.08316650390626,registered_market_warmup_truncated_at_legacy_sample_start,legacy_start=2025-10-01; legacy_position=3; required_preceding_sessions=59; old-prefix reconstruction missing; full-history scalar rolling oracle audited
labeled_stage8,2025-10-07,sma_60,,177.43266626993815,registered_market_warmup_truncated_at_legacy_sample_start,legacy_start=2025-10-01; legacy_position=4; required_preceding_sessions=59; old-prefix reconstruction missing; full-history scalar rolling oracle audited
labeled_stage8,2025-10-08,sma_60,,177.73949966430663,registered_market_warmup_truncated_at_legacy_sample_start,legacy_start=2025-10-01; legacy_position=5; required_preceding_sessions=59; old-prefix reconstruction missing; full-history scalar rolling oracle audited
labeled_stage8,2025-10-09,sma_60,,178.09283320109049,registered_market_warmup_truncated_at_legacy_sample_start,legacy_start=2025-10-01; legacy_position=6; required_preceding_sessions=59; old-prefix reconstruction missing; full-history scalar rolling oracle audited
labeled_stage8,2025-10-10,sma_60,,178.26216659545898,registered_market_warmup_truncated_at_legacy_sample_start,legacy_start=2025-10-01; legacy_position=7; required_preceding_sessions=59; old-prefix reconstruction missing; full-history scalar rolling oracle audited
labeled_stage8,2025-10-13,sma_60,,178.5273333231608,registered_market_warmup_truncated_at_legacy_sample_start,legacy_start=2025-10-01; legacy_position=8; required_preceding_sessions=59; old-prefix reconstruction missing; full-history scalar rolling oracle audited
labeled_stage8,2025-10-14,sma_60,,178.6714998881022,registered_market_warmup_truncated_at_legacy_sample_start,legacy_start=2025-10-01; legacy_position=9; required_preceding_sessions=59; old-prefix reconstruction missing; full-history scalar rolling oracle audited
labeled_stage8,2025-10-15,sma_60,,178.88483327229818,registered_market_warmup_truncated_at_legacy_sample_start,legacy_start=2025-10-01; legacy_position=10; required_preceding_sessions=59; old-prefix reconstruction missing; full-history scalar rolling oracle audited
labeled_stage8,2025-10-16,sma_60,,179.06866658528645,registered_market_warmup_truncated_at_legacy_sample_start,legacy_start=2025-10-01; legacy_position=11; required_preceding_sessions=59; old-prefix reconstruction missing; full-history scalar rolling oracle audited
labeled_stage8,2025-10-17,sma_60,,179.22666651407877,registered_market_warmup_truncated_at_legacy_sample_start,legacy_start=2025-10-01; legacy_position=12; required_preceding_sessions=59; old-prefix reconstruction missing; full-history scalar rolling oracle audited
labeled_stage8,2025-10-20,sma_60,,179.37899983723958,registered_market_warmup_truncated_at_legacy_sample_start,legacy_start=2025-10-01; legacy_position=13; required_preceding_sessions=59; old-prefix reconstruction missing; full-history scalar rolling oracle audited
labeled_stage8,2025-10-21,sma_60,,179.45249989827474,registered_market_warmup_truncated_at_legacy_sample_start,legacy_start=2025-10-01; legacy_position=14; required_preceding_sessions=59; old-prefix reconstruction missing; full-history scalar rolling oracle audited
labeled_stage8,2025-10-22,sma_60,,179.53199996948243,registered_market_warmup_truncated_at_legacy_sample_start,legacy_start=2025-10-01; legacy_position=15; required_preceding_sessions=59; old-prefix reconstruction missing; full-history scalar rolling oracle audited
labeled_stage8,2025-10-23,sma_60,,179.58016662597657,registered_market_warmup_truncated_at_legacy_sample_start,legacy_start=2025-10-01; legacy_position=16; required_preceding_sessions=59; old-prefix reconstruction missing; full-history scalar rolling oracle audited
labeled_stage8,2025-10-24,sma_60,,179.71999994913736,registered_market_warmup_truncated_at_legacy_sample_start,legacy_start=2025-10-01; legacy_position=17; required_preceding_sessions=59; old-prefix reconstruction missing; full-history scalar rolling oracle audited
labeled_stage8,2025-10-27,sma_60,,180.01616668701172,registered_market_warmup_truncated_at_legacy_sample_start,legacy_start=2025-10-01; legacy_position=18; required_preceding_sessions=59; old-prefix reconstruction missing; full-history scalar rolling oracle audited
labeled_stage8,2025-10-28,sma_60,,180.36666666666667,registered_market_warmup_truncated_at_legacy_sample_start,legacy_start=2025-10-01; legacy_position=19; required_preceding_sessions=59; old-prefix reconstruction missing; full-history scalar rolling oracle audited
labeled_stage8,2025-10-29,sma_60,,180.8463333129883,registered_market_warmup_truncated_at_legacy_sample_start,legacy_start=2025-10-01; legacy_position=20; required_preceding_sessions=59; old-prefix reconstruction missing; full-history scalar rolling oracle audited
labeled_stage8,2025-10-30,sma_60,,181.2375,registered_market_warmup_truncated_at_legacy_sample_start,legacy_start=2025-10-01; legacy_position=21; required_preceding_sessions=59; old-prefix reconstruction missing; full-history scalar rolling oracle audited
labeled_stage8,2025-10-31,sma_60,,181.59950002034503,registered_market_warmup_truncated_at_legacy_sample_start,legacy_start=2025-10-01; legacy_position=22; required_preceding_sessions=59; old-prefix reconstruction missing; full-history scalar rolling oracle audited
labeled_stage8,2025-11-03,sma_60,,182.00250015258788,registered_market_warmup_truncated_at_legacy_sample_start,legacy_start=2025-10-01; legacy_position=23; required_preceding_sessions=59; old-prefix reconstruction missing; full-history scalar rolling oracle audited
labeled_stage8,2025-11-04,sma_60,,182.2796669006348,registered_market_warmup_truncated_at_legacy_sample_start,legacy_start=2025-10-01; legacy_position=24; required_preceding_sessions=59; old-prefix reconstruction missing; full-history scalar rolling oracle audited
labeled_stage8,2025-11-05,sma_60,,182.48050028483075,registered_market_warmup_truncated_at_legacy_sample_start,legacy_start=2025-10-01; legacy_position=25; required_preceding_sessions=59; old-prefix reconstruction missing; full-history scalar rolling oracle audited
labeled_stage8,2025-11-06,sma_60,,182.5886670430501,registered_market_warmup_truncated_at_legacy_sample_start,legacy_start=2025-10-01; legacy_position=26; required_preceding_sessions=59; old-prefix reconstruction missing; full-history scalar rolling oracle audited
labeled_stage8,2025-11-07,sma_60,,182.69083353678383,registered_market_warmup_truncated_at_legacy_sample_start,legacy_start=2025-10-01; legacy_position=27; required_preceding_sessions=59; old-prefix reconstruction missing; full-history scalar rolling oracle audited
labeled_stage8,2025-11-10,sma_60,,183.0008336385091,registered_market_warmup_truncated_at_legacy_sample_start,legacy_start=2025-10-01; legacy_position=28; required_preceding_sessions=59; old-prefix reconstruction missing; full-history scalar rolling oracle audited
labeled_stage8,2025-11-11,sma_60,,183.1866671244304,registered_market_warmup_truncated_at_legacy_sample_start,legacy_start=2025-10-01; legacy_position=29; required_preceding_sessions=59; old-prefix reconstruction missing; full-history scalar rolling oracle audited
labeled_stage8,2025-11-12,sma_60,,183.4893338521321,registered_market_warmup_truncated_at_legacy_sample_start,legacy_start=2025-10-01; legacy_position=30; required_preceding_sessions=59; old-prefix reconstruction missing; full-history scalar rolling oracle audited
labeled_stage8,2025-11-13,sma_60,,183.68033396403,registered_market_warmup_truncated_at_legacy_sample_start,legacy_start=2025-10-01; legacy_position=31; required_preceding_sessions=59; old-prefix reconstruction missing; full-history scalar rolling oracle audited
labeled_stage8,2025-11-14,sma_60,,183.93350067138672,registered_market_warmup_truncated_at_legacy_sample_start,legacy_start=2025-10-01; legacy_position=32; required_preceding_sessions=59; old-prefix reconstruction missing; full-history scalar rolling oracle audited
labeled_stage8,2025-11-17,sma_60,,184.07700068155924,registered_market_warmup_truncated_at_legacy_sample_start,legacy_start=2025-10-01; legacy_position=33; required_preceding_sessions=59; old-prefix reconstruction missing; full-history scalar rolling oracle audited
labeled_stage8,2025-11-18,sma_60,,184.1028340657552,registered_market_warmup_truncated_at_legacy_sample_start,legacy_start=2025-10-01; legacy_position=34; required_preceding_sessions=59; old-prefix reconstruction missing; full-history scalar rolling oracle audited
labeled_stage8,2025-11-19,sma_60,,184.18200073242187,registered_market_warmup_truncated_at_legacy_sample_start,legacy_start=2025-10-01; legacy_position=35; required_preceding_sessions=59; old-prefix reconstruction missing; full-history scalar rolling oracle audited
labeled_stage8,2025-11-20,sma_60,,184.1660006205241,registered_market_warmup_truncated_at_legacy_sample_start,legacy_start=2025-10-01; legacy_position=36; required_preceding_sessions=59; old-prefix reconstruction missing; full-history scalar rolling oracle audited
labeled_stage8,2025-11-21,sma_60,,184.14450073242188,registered_market_warmup_truncated_at_legacy_sample_start,legacy_start=2025-10-01; legacy_position=37; required_preceding_sessions=59; old-prefix reconstruction missing; full-history scalar rolling oracle audited
labeled_stage8,2025-11-24,sma_60,,184.2840009053548,registered_market_warmup_truncated_at_legacy_sample_start,legacy_start=2025-10-01; legacy_position=38; required_preceding_sessions=59; old-prefix reconstruction missing; full-history scalar rolling oracle audited
labeled_stage8,2025-11-25,sma_60,,184.4013343811035,registered_market_warmup_truncated_at_legacy_sample_start,legacy_start=2025-10-01; legacy_position=39; required_preceding_sessions=59; old-prefix reconstruction missing; full-history scalar rolling oracle audited
labeled_stage8,2025-11-26,sma_60,,184.56200103759767,registered_market_warmup_truncated_at_legacy_sample_start,legacy_start=2025-10-01; legacy_position=40; required_preceding_sessions=59; old-prefix reconstruction missing; full-history scalar rolling oracle audited
labeled_stage8,2025-11-28,sma_60,,184.6510009765625,registered_market_warmup_truncated_at_legacy_sample_start,legacy_start=2025-10-01; legacy_position=41; required_preceding_sessions=59; old-prefix reconstruction missing; full-history scalar rolling oracle audited
labeled_stage8,2025-12-01,sma_60,,184.86600087483723,registered_market_warmup_truncated_at_legacy_sample_start,legacy_start=2025-10-01; legacy_position=42; required_preceding_sessions=59; old-prefix reconstruction missing; full-history scalar rolling oracle audited
labeled_stage8,2025-12-02,sma_60,,185.0851676940918,registered_market_warmup_truncated_at_legacy_sample_start,legacy_start=2025-10-01; legacy_position=43; required_preceding_sessions=59; old-prefix reconstruction missing; full-history scalar rolling oracle audited
labeled_stage8,2025-12-03,sma_60,,185.23233439127603,registered_market_warmup_truncated_at_legacy_sample_start,legacy_start=2025-10-01; legacy_position=44; required_preceding_sessions=59; old-prefix reconstruction missing; full-history scalar rolling oracle audited
labeled_stage8,2025-12-04,sma_60,,185.333167775472,registered_market_warmup_truncated_at_legacy_sample_start,legacy_start=2025-10-01; legacy_position=45; required_preceding_sessions=59; old-prefix reconstruction missing; full-history scalar rolling oracle audited
labeled_stage8,2025-12-05,sma_60,,185.42050120035807,registered_market_warmup_truncated_at_legacy_sample_start,legacy_start=2025-10-01; legacy_position=46; required_preceding_sessions=59; old-prefix reconstruction missing; full-history scalar rolling oracle audited
labeled_stage8,2025-12-08,sma_60,,185.54933446248373,registered_market_warmup_truncated_at_legacy_sample_start,legacy_start=2025-10-01; legacy_position=47; required_preceding_sessions=59; old-prefix reconstruction missing; full-history scalar rolling oracle audited
labeled_stage8,2025-12-09,sma_60,,185.6696678161621,registered_market_warmup_truncated_at_legacy_sample_start,legacy_start=2025-10-01; legacy_position=48; required_preceding_sessions=59; old-prefix reconstruction missing; full-history scalar rolling oracle audited
labeled_stage8,2025-12-10,sma_60,,185.8180010477702,registered_market_warmup_truncated_at_legacy_sample_start,legacy_start=2025-10-01; legacy_position=49; required_preceding_sessions=59; old-prefix reconstruction missing; full-history scalar rolling oracle audited
labeled_stage8,2025-12-11,sma_60,,185.99533437093092,registered_market_warmup_truncated_at_legacy_sample_start,legacy_start=2025-10-01; legacy_position=50; required_preceding_sessions=59; old-prefix reconstruction missing; full-history scalar rolling oracle audited
labeled_stage8,2025-12-12,sma_60,,185.9750010172526,registered_market_warmup_truncated_at_legacy_sample_start,legacy_start=2025-10-01; legacy_position=51; required_preceding_sessions=59; old-prefix reconstruction missing; full-history scalar rolling oracle audited
labeled_stage8,2025-12-15,sma_60,,185.96866760253903,registered_market_warmup_truncated_at_legacy_sample_start,legacy_start=2025-10-01; legacy_position=52; required_preceding_sessions=59; old-prefix reconstruction missing; full-history scalar rolling oracle audited
labeled_stage8,2025-12-16,sma_60,,185.87050094604493,registered_market_warmup_truncated_at_legacy_sample_start,legacy_start=2025-10-01; legacy_position=53; required_preceding_sessions=59; old-prefix reconstruction missing; full-history scalar rolling oracle audited
labeled_stage8,2025-12-17,sma_60,,185.745667775472,registered_market_warmup_truncated_at_legacy_sample_start,legacy_start=2025-10-01; legacy_position=54; required_preceding_sessions=59; old-prefix reconstruction missing; full-history scalar rolling oracle audited
labeled_stage8,2025-12-18,sma_60,,185.69850107828776,registered_market_warmup_truncated_at_legacy_sample_start,legacy_start=2025-10-01; legacy_position=55; required_preceding_sessions=59; old-prefix reconstruction missing; full-history scalar rolling oracle audited
labeled_stage8,2025-12-19,sma_60,,185.7535011291504,registered_market_warmup_truncated_at_legacy_sample_start,legacy_start=2025-10-01; legacy_position=56; required_preceding_sessions=59; old-prefix reconstruction missing; full-history scalar rolling oracle audited
labeled_stage8,2025-12-22,sma_60,,185.84516779581705,registered_market_warmup_truncated_at_legacy_sample_start,legacy_start=2025-10-01; legacy_position=57; required_preceding_sessions=59; old-prefix reconstruction missing; full-history scalar rolling oracle audited
labeled_stage8,2025-12-23,sma_60,,185.96783447265625,registered_market_warmup_truncated_at_legacy_sample_start,legacy_start=2025-10-01; legacy_position=58; required_preceding_sessions=59; old-prefix reconstruction missing; full-history scalar rolling oracle audited
labeled_stage8,2025-10-01,rolling_volatility_20,,0.0202367886146385,registered_market_warmup_truncated_at_legacy_sample_start,legacy_start=2025-10-01; legacy_position=0; required_preceding_sessions=20; old-prefix reconstruction missing; full-history scalar rolling oracle audited
labeled_stage8,2025-10-02,rolling_volatility_20,,0.0202546848042746,registered_market_warmup_truncated_at_legacy_sample_start,legacy_start=2025-10-01; legacy_position=1; required_preceding_sessions=20; old-prefix reconstruction missing; full-history scalar rolling oracle audited
labeled_stage8,2025-10-03,rolling_volatility_20,,0.0190376089542618,registered_market_warmup_truncated_at_legacy_sample_start,legacy_start=2025-10-01; legacy_position=2; required_preceding_sessions=20; old-prefix reconstruction missing; full-history scalar rolling oracle audited
labeled_stage8,2025-10-06,rolling_volatility_20,,0.0194091348208165,registered_market_warmup_truncated_at_legacy_sample_start,legacy_start=2025-10-01; legacy_position=3; required_preceding_sessions=20; old-prefix reconstruction missing; full-history scalar rolling oracle audited
labeled_stage8,2025-10-07,rolling_volatility_20,,0.0193482492414645,registered_market_warmup_truncated_at_legacy_sample_start,legacy_start=2025-10-01; legacy_position=4; required_preceding_sessions=20; old-prefix reconstruction missing; full-history scalar rolling oracle audited
labeled_stage8,2025-10-08,rolling_volatility_20,,0.0181239189566316,registered_market_warmup_truncated_at_legacy_sample_start,legacy_start=2025-10-01; legacy_position=5; required_preceding_sessions=20; old-prefix reconstruction missing; full-history scalar rolling oracle audited
labeled_stage8,2025-10-09,rolling_volatility_20,,0.0183918339998674,registered_market_warmup_truncated_at_legacy_sample_start,legacy_start=2025-10-01; legacy_position=6; required_preceding_sessions=20; old-prefix reconstruction missing; full-history scalar rolling oracle audited
labeled_stage8,2025-10-10,rolling_volatility_20,,0.0219075539818573,registered_market_warmup_truncated_at_legacy_sample_start,legacy_start=2025-10-01; legacy_position=7; required_preceding_sessions=20; old-prefix reconstruction missing; full-history scalar rolling oracle audited
labeled_stage8,2025-10-13,rolling_volatility_20,,0.0226807785998732,registered_market_warmup_truncated_at_legacy_sample_start,legacy_start=2025-10-01; legacy_position=8; required_preceding_sessions=20; old-prefix reconstruction missing; full-history scalar rolling oracle audited
labeled_stage8,2025-10-14,rolling_volatility_20,,0.0246951287681816,registered_market_warmup_truncated_at_legacy_sample_start,legacy_start=2025-10-01; legacy_position=9; required_preceding_sessions=20; old-prefix reconstruction missing; full-history scalar rolling oracle audited
labeled_stage8,2025-10-15,rolling_volatility_20,,0.0238197524402854,registered_market_warmup_truncated_at_legacy_sample_start,legacy_start=2025-10-01; legacy_position=10; required_preceding_sessions=20; old-prefix reconstruction missing; full-history scalar rolling oracle audited
labeled_stage8,2025-10-16,rolling_volatility_20,,0.0227059012515956,registered_market_warmup_truncated_at_legacy_sample_start,legacy_start=2025-10-01; legacy_position=11; required_preceding_sessions=20; old-prefix reconstruction missing; full-history scalar rolling oracle audited
labeled_stage8,2025-10-17,rolling_volatility_20,,0.0227448104894176,registered_market_warmup_truncated_at_legacy_sample_start,legacy_start=2025-10-01; legacy_position=12; required_preceding_sessions=20; old-prefix reconstruction missing; full-history scalar rolling oracle audited
labeled_stage8,2025-10-20,rolling_volatility_20,,0.0210034557782512,registered_market_warmup_truncated_at_legacy_sample_start,legacy_start=2025-10-01; legacy_position=13; required_preceding_sessions=20; old-prefix reconstruction missing; full-history scalar rolling oracle audited
labeled_stage8,2025-10-21,rolling_volatility_20,,0.020043896811532,registered_market_warmup_truncated_at_legacy_sample_start,legacy_start=2025-10-01; legacy_position=14; required_preceding_sessions=20; old-prefix reconstruction missing; full-history scalar rolling oracle audited
labeled_stage8,2025-10-22,rolling_volatility_20,,0.0199778206188902,registered_market_warmup_truncated_at_legacy_sample_start,legacy_start=2025-10-01; legacy_position=15; required_preceding_sessions=20; old-prefix reconstruction missing; full-history scalar rolling oracle audited
labeled_stage8,2025-10-23,rolling_volatility_20,,0.0200776009946137,registered_market_warmup_truncated_at_legacy_sample_start,legacy_start=2025-10-01; legacy_position=16; required_preceding_sessions=20; old-prefix reconstruction missing; full-history scalar rolling oracle audited
labeled_stage8,2025-10-24,rolling_volatility_20,,0.0206241665342425,registered_market_warmup_truncated_at_legacy_sample_start,legacy_start=2025-10-01; legacy_position=17; required_preceding_sessions=20; old-prefix reconstruction missing; full-history scalar rolling oracle audited
labeled_stage8,2025-10-27,rolling_volatility_20,,0.0210375068596612,registered_market_warmup_truncated_at_legacy_sample_start,legacy_start=2025-10-01; legacy_position=18; required_preceding_sessions=20; old-prefix reconstruction missing; full-history scalar rolling oracle audited
labeled_stage8,2025-10-28,rolling_volatility_20,,0.0230020679214846,registered_market_warmup_truncated_at_legacy_sample_start,legacy_start=2025-10-01; legacy_position=19; required_preceding_sessions=20; old-prefix reconstruction missing; full-history scalar rolling oracle audited
labeled_stage8,2025-10-01,rolling_volatility_60,,0.0175223613420753,registered_market_warmup_truncated_at_legacy_sample_start,legacy_start=2025-10-01; legacy_position=0; required_preceding_sessions=60; old-prefix reconstruction missing; full-history scalar rolling oracle audited
labeled_stage8,2025-10-02,rolling_volatility_60,,0.0174269325128197,registered_market_warmup_truncated_at_legacy_sample_start,legacy_start=2025-10-01; legacy_position=1; required_preceding_sessions=60; old-prefix reconstruction missing; full-history scalar rolling oracle audited
labeled_stage8,2025-10-03,rolling_volatility_60,,0.0174562053601234,registered_market_warmup_truncated_at_legacy_sample_start,legacy_start=2025-10-01; legacy_position=2; required_preceding_sessions=60; old-prefix reconstruction missing; full-history scalar rolling oracle audited
labeled_stage8,2025-10-06,rolling_volatility_60,,0.0175386947271572,registered_market_warmup_truncated_at_legacy_sample_start,legacy_start=2025-10-01; legacy_position=3; required_preceding_sessions=60; old-prefix reconstruction missing; full-history scalar rolling oracle audited
labeled_stage8,2025-10-07,rolling_volatility_60,,0.0175242849776375,registered_market_warmup_truncated_at_legacy_sample_start,legacy_start=2025-10-01; legacy_position=4; required_preceding_sessions=60; old-prefix reconstruction missing; full-history scalar rolling oracle audited
labeled_stage8,2025-10-08,rolling_volatility_60,,0.0169963053937176,registered_market_warmup_truncated_at_legacy_sample_start,legacy_start=2025-10-01; legacy_position=5; required_preceding_sessions=60; old-prefix reconstruction missing; full-history scalar rolling oracle audited
labeled_stage8,2025-10-09,rolling_volatility_60,,0.0171268025299393,registered_market_warmup_truncated_at_legacy_sample_start,legacy_start=2025-10-01; legacy_position=6; required_preceding_sessions=60; old-prefix reconstruction missing; full-history scalar rolling oracle audited
labeled_stage8,2025-10-10,rolling_volatility_60,,0.0183149733760373,registered_market_warmup_truncated_at_legacy_sample_start,legacy_start=2025-10-01; legacy_position=7; required_preceding_sessions=60; old-prefix reconstruction missing; full-history scalar rolling oracle audited
labeled_stage8,2025-10-13,rolling_volatility_60,,0.0186337249644588,registered_market_warmup_truncated_at_legacy_sample_start,legacy_start=2025-10-01; legacy_position=8; required_preceding_sessions=60; old-prefix reconstruction missing; full-history scalar rolling oracle audited
labeled_stage8,2025-10-14,rolling_volatility_60,,0.0195234677556496,registered_market_warmup_truncated_at_legacy_sample_start,legacy_start=2025-10-01; legacy_position=9; required_preceding_sessions=60; old-prefix reconstruction missing; full-history scalar rolling oracle audited
labeled_stage8,2025-10-15,rolling_volatility_60,,0.0192164113664056,registered_market_warmup_truncated_at_legacy_sample_start,legacy_start=2025-10-01; legacy_position=10; required_preceding_sessions=60; old-prefix reconstruction missing; full-history scalar rolling oracle audited
labeled_stage8,2025-10-16,rolling_volatility_60,,0.0190602520217094,registered_market_warmup_truncated_at_legacy_sample_start,legacy_start=2025-10-01; legacy_position=11; required_preceding_sessions=60; old-prefix reconstruction missing; full-history scalar rolling oracle audited
labeled_stage8,2025-10-17,rolling_volatility_60,,0.018962912881829,registered_market_warmup_truncated_at_legacy_sample_start,legacy_start=2025-10-01; legacy_position=12; required_preceding_sessions=60; old-prefix reconstruction missing; full-history scalar rolling oracle audited
labeled_stage8,2025-10-20,rolling_volatility_60,,0.0189682097088128,registered_market_warmup_truncated_at_legacy_sample_start,legacy_start=2025-10-01; legacy_position=13; required_preceding_sessions=60; old-prefix reconstruction missing; full-history scalar rolling oracle audited
labeled_stage8,2025-10-21,rolling_volatility_60,,0.0188598902664208,registered_market_warmup_truncated_at_legacy_sample_start,legacy_start=2025-10-01; legacy_position=14; required_preceding_sessions=60; old-prefix reconstruction missing; full-history scalar rolling oracle audited
labeled_stage8,2025-10-22,rolling_volatility_60,,0.0188472009371926,registered_market_warmup_truncated_at_legacy_sample_start,legacy_start=2025-10-01; legacy_position=15; required_preceding_sessions=60; old-prefix reconstruction missing; full-history scalar rolling oracle audited
labeled_stage8,2025-10-23,rolling_volatility_60,,0.018694356971251,registered_market_warmup_truncated_at_legacy_sample_start,legacy_start=2025-10-01; legacy_position=16; required_preceding_sessions=60; old-prefix reconstruction missing; full-history scalar rolling oracle audited
labeled_stage8,2025-10-24,rolling_volatility_60,,0.0188764614350336,registered_market_warmup_truncated_at_legacy_sample_start,legacy_start=2025-10-01; legacy_position=17; required_preceding_sessions=60; old-prefix reconstruction missing; full-history scalar rolling oracle audited
labeled_stage8,2025-10-27,rolling_volatility_60,,0.0189226133582574,registered_market_warmup_truncated_at_legacy_sample_start,legacy_start=2025-10-01; legacy_position=18; required_preceding_sessions=60; old-prefix reconstruction missing; full-history scalar rolling oracle audited
labeled_stage8,2025-10-28,rolling_volatility_60,,0.0194189654820936,registered_market_warmup_truncated_at_legacy_sample_start,legacy_start=2025-10-01; legacy_position=19; required_preceding_sessions=60; old-prefix reconstruction missing; full-history scalar rolling oracle audited
labeled_stage8,2025-10-29,rolling_volatility_60,,0.0196849649734521,registered_market_warmup_truncated_at_legacy_sample_start,legacy_start=2025-10-01; legacy_position=20; required_preceding_sessions=60; old-prefix reconstruction missing; full-history scalar rolling oracle audited
labeled_stage8,2025-10-30,rolling_volatility_60,,0.0198949855453324,registered_market_warmup_truncated_at_legacy_sample_start,legacy_start=2025-10-01; legacy_position=21; required_preceding_sessions=60; old-prefix reconstruction missing; full-history scalar rolling oracle audited
labeled_stage8,2025-10-31,rolling_volatility_60,,0.0198900525837026,registered_market_warmup_truncated_at_legacy_sample_start,legacy_start=2025-10-01; legacy_position=22; required_preceding_sessions=60; old-prefix reconstruction missing; full-history scalar rolling oracle audited
labeled_stage8,2025-11-03,rolling_volatility_60,,0.020020885726004,registered_market_warmup_truncated_at_legacy_sample_start,legacy_start=2025-10-01; legacy_position=23; required_preceding_sessions=60; old-prefix reconstruction missing; full-history scalar rolling oracle audited
labeled_stage8,2025-11-04,rolling_volatility_60,,0.0207268196446643,registered_market_warmup_truncated_at_legacy_sample_start,legacy_start=2025-10-01; legacy_position=24; required_preceding_sessions=60; old-prefix reconstruction missing; full-history scalar rolling oracle audited
labeled_stage8,2025-11-05,rolling_volatility_60,,0.0208652374624989,registered_market_warmup_truncated_at_legacy_sample_start,legacy_start=2025-10-01; legacy_position=25; required_preceding_sessions=60; old-prefix reconstruction missing; full-history scalar rolling oracle audited
labeled_stage8,2025-11-06,rolling_volatility_60,,0.0213942332756878,registered_market_warmup_truncated_at_legacy_sample_start,legacy_start=2025-10-01; legacy_position=26; required_preceding_sessions=60; old-prefix reconstruction missing; full-history scalar rolling oracle audited
labeled_stage8,2025-11-07,rolling_volatility_60,,0.0213933230119324,registered_market_warmup_truncated_at_legacy_sample_start,legacy_start=2025-10-01; legacy_position=27; required_preceding_sessions=60; old-prefix reconstruction missing; full-history scalar rolling oracle audited
labeled_stage8,2025-11-10,rolling_volatility_60,,0.0225896318142479,registered_market_warmup_truncated_at_legacy_sample_start,legacy_start=2025-10-01; legacy_position=28; required_preceding_sessions=60; old-prefix reconstruction missing; full-history scalar rolling oracle audited
labeled_stage8,2025-11-11,rolling_volatility_60,,0.0229324732456488,registered_market_warmup_truncated_at_legacy_sample_start,legacy_start=2025-10-01; legacy_position=29; required_preceding_sessions=60; old-prefix reconstruction missing; full-history scalar rolling oracle audited
labeled_stage8,2025-11-12,rolling_volatility_60,,0.0224340422542092,registered_market_warmup_truncated_at_legacy_sample_start,legacy_start=2025-10-01; legacy_position=30; required_preceding_sessions=60; old-prefix reconstruction missing; full-history scalar rolling oracle audited
labeled_stage8,2025-11-13,rolling_volatility_60,,0.0229534150887171,registered_market_warmup_truncated_at_legacy_sample_start,legacy_start=2025-10-01; legacy_position=31; required_preceding_sessions=60; old-prefix reconstruction missing; full-history scalar rolling oracle audited
labeled_stage8,2025-11-14,rolling_volatility_60,,0.0230449620025803,registered_market_warmup_truncated_at_legacy_sample_start,legacy_start=2025-10-01; legacy_position=32; required_preceding_sessions=60; old-prefix reconstruction missing; full-history scalar rolling oracle audited
labeled_stage8,2025-11-17,rolling_volatility_60,,0.0231013805434824,registered_market_warmup_truncated_at_legacy_sample_start,legacy_start=2025-10-01; legacy_position=33; required_preceding_sessions=60; old-prefix reconstruction missing; full-history scalar rolling oracle audited
labeled_stage8,2025-11-18,rolling_volatility_60,,0.0233712638160087,registered_market_warmup_truncated_at_legacy_sample_start,legacy_start=2025-10-01; legacy_position=34; required_preceding_sessions=60; old-prefix reconstruction missing; full-history scalar rolling oracle audited
labeled_stage8,2025-11-19,rolling_volatility_60,,0.0236133573735011,registered_market_warmup_truncated_at_legacy_sample_start,legacy_start=2025-10-01; legacy_position=35; required_preceding_sessions=60; old-prefix reconstruction missing; full-history scalar rolling oracle audited
labeled_stage8,2025-11-20,rolling_volatility_60,,0.0239767739594009,registered_market_warmup_truncated_at_legacy_sample_start,legacy_start=2025-10-01; legacy_position=36; required_preceding_sessions=60; old-prefix reconstruction missing; full-history scalar rolling oracle audited
labeled_stage8,2025-11-21,rolling_volatility_60,,0.0239886425454614,registered_market_warmup_truncated_at_legacy_sample_start,legacy_start=2025-10-01; legacy_position=37; required_preceding_sessions=60; old-prefix reconstruction missing; full-history scalar rolling oracle audited
labeled_stage8,2025-11-24,rolling_volatility_60,,0.0237221747082455,registered_market_warmup_truncated_at_legacy_sample_start,legacy_start=2025-10-01; legacy_position=38; required_preceding_sessions=60; old-prefix reconstruction missing; full-history scalar rolling oracle audited
labeled_stage8,2025-11-25,rolling_volatility_60,,0.0238302402381588,registered_market_warmup_truncated_at_legacy_sample_start,legacy_start=2025-10-01; legacy_position=39; required_preceding_sessions=60; old-prefix reconstruction missing; full-history scalar rolling oracle audited
labeled_stage8,2025-11-26,rolling_volatility_60,,0.023885617880912,registered_market_warmup_truncated_at_legacy_sample_start,legacy_start=2025-10-01; legacy_position=40; required_preceding_sessions=60; old-prefix reconstruction missing; full-history scalar rolling oracle audited
labeled_stage8,2025-11-28,rolling_volatility_60,,0.0240052556958329,registered_market_warmup_truncated_at_legacy_sample_start,legacy_start=2025-10-01; legacy_position=41; required_preceding_sessions=60; old-prefix reconstruction missing; full-history scalar rolling oracle audited
labeled_stage8,2025-12-01,rolling_volatility_60,,0.0238070393262963,registered_market_warmup_truncated_at_legacy_sample_start,legacy_start=2025-10-01; legacy_position=42; required_preceding_sessions=60; old-prefix reconstruction missing; full-history scalar rolling oracle audited
labeled_stage8,2025-12-02,rolling_volatility_60,,0.0238109754551178,registered_market_warmup_truncated_at_legacy_sample_start,legacy_start=2025-10-01; legacy_position=43; required_preceding_sessions=60; old-prefix reconstruction missing; full-history scalar rolling oracle audited
labeled_stage8,2025-12-03,rolling_volatility_60,,0.0237968213197805,registered_market_warmup_truncated_at_legacy_sample_start,legacy_start=2025-10-01; legacy_position=44; required_preceding_sessions=60; old-prefix reconstruction missing; full-history scalar rolling oracle audited
labeled_stage8,2025-12-04,rolling_volatility_60,,0.0234375863007353,registered_market_warmup_truncated_at_legacy_sample_start,legacy_start=2025-10-01; legacy_position=45; required_preceding_sessions=60; old-prefix reconstruction missing; full-history scalar rolling oracle audited
labeled_stage8,2025-12-05,rolling_volatility_60,,0.0234499206185155,registered_market_warmup_truncated_at_legacy_sample_start,legacy_start=2025-10-01; legacy_position=46; required_preceding_sessions=60; old-prefix reconstruction missing; full-history scalar rolling oracle audited
labeled_stage8,2025-12-08,rolling_volatility_60,,0.0235434490322473,registered_market_warmup_truncated_at_legacy_sample_start,legacy_start=2025-10-01; legacy_position=47; required_preceding_sessions=60; old-prefix reconstruction missing; full-history scalar rolling oracle audited
labeled_stage8,2025-12-09,rolling_volatility_60,,0.0235487962816792,registered_market_warmup_truncated_at_legacy_sample_start,legacy_start=2025-10-01; legacy_position=48; required_preceding_sessions=60; old-prefix reconstruction missing; full-history scalar rolling oracle audited
labeled_stage8,2025-12-10,rolling_volatility_60,,0.0234626024762756,registered_market_warmup_truncated_at_legacy_sample_start,legacy_start=2025-10-01; legacy_position=49; required_preceding_sessions=60; old-prefix reconstruction missing; full-history scalar rolling oracle audited
labeled_stage8,2025-12-11,rolling_volatility_60,,0.0232908005331298,registered_market_warmup_truncated_at_legacy_sample_start,legacy_start=2025-10-01; legacy_position=50; required_preceding_sessions=60; old-prefix reconstruction missing; full-history scalar rolling oracle audited
labeled_stage8,2025-12-12,rolling_volatility_60,,0.0232699257046472,registered_market_warmup_truncated_at_legacy_sample_start,legacy_start=2025-10-01; legacy_position=51; required_preceding_sessions=60; old-prefix reconstruction missing; full-history scalar rolling oracle audited
labeled_stage8,2025-12-15,rolling_volatility_60,,0.0232862588745793,registered_market_warmup_truncated_at_legacy_sample_start,legacy_start=2025-10-01; legacy_position=52; required_preceding_sessions=60; old-prefix reconstruction missing; full-history scalar rolling oracle audited
labeled_stage8,2025-12-16,rolling_volatility_60,,0.0227415973918782,registered_market_warmup_truncated_at_legacy_sample_start,legacy_start=2025-10-01; legacy_position=53; required_preceding_sessions=60; old-prefix reconstruction missing; full-history scalar rolling oracle audited
labeled_stage8,2025-12-17,rolling_volatility_60,,0.022983319775651,registered_market_warmup_truncated_at_legacy_sample_start,legacy_start=2025-10-01; legacy_position=54; required_preceding_sessions=60; old-prefix reconstruction missing; full-history scalar rolling oracle audited
labeled_stage8,2025-12-18,rolling_volatility_60,,0.0230921579790104,registered_market_warmup_truncated_at_legacy_sample_start,legacy_start=2025-10-01; legacy_position=55; required_preceding_sessions=60; old-prefix reconstruction missing; full-history scalar rolling oracle audited
labeled_stage8,2025-12-19,rolling_volatility_60,,0.0236399888176934,registered_market_warmup_truncated_at_legacy_sample_start,legacy_start=2025-10-01; legacy_position=56; required_preceding_sessions=60; old-prefix reconstruction missing; full-history scalar rolling oracle audited
labeled_stage8,2025-12-22,rolling_volatility_60,,0.0237108986299117,registered_market_warmup_truncated_at_legacy_sample_start,legacy_start=2025-10-01; legacy_position=57; required_preceding_sessions=60; old-prefix reconstruction missing; full-history scalar rolling oracle audited
labeled_stage8,2025-12-23,rolling_volatility_60,,0.0238764259059385,registered_market_warmup_truncated_at_legacy_sample_start,legacy_start=2025-10-01; legacy_position=58; required_preceding_sessions=60; old-prefix reconstruction missing; full-history scalar rolling oracle audited
labeled_stage8,2025-12-24,rolling_volatility_60,,0.0236533010933812,registered_market_warmup_truncated_at_legacy_sample_start,legacy_start=2025-10-01; legacy_position=59; required_preceding_sessions=60; old-prefix reconstruction missing; full-history scalar rolling oracle audited
labeled_stage8,2025-10-01,fundamental_effective_date,2025-10-01,2025-08-28,legacy_pre_window_filing_effective_date_left_censoring,same accession=0001045810-25-000209; filing=2025-08-27; legacy_start=2025-10-01; expanded_effective=2025-08-28; original-boundary reconstruction exact; independent next-session oracle
labeled_stage8,2025-10-02,fundamental_effective_date,2025-10-01,2025-08-28,legacy_pre_window_filing_effective_date_left_censoring,same accession=0001045810-25-000209; filing=2025-08-27; legacy_start=2025-10-01; expanded_effective=2025-08-28; original-boundary reconstruction exact; independent next-session oracle
labeled_stage8,2025-10-03,fundamental_effective_date,2025-10-01,2025-08-28,legacy_pre_window_filing_effective_date_left_censoring,same accession=0001045810-25-000209; filing=2025-08-27; legacy_start=2025-10-01; expanded_effective=2025-08-28; original-boundary reconstruction exact; independent next-session oracle
labeled_stage8,2025-10-06,fundamental_effective_date,2025-10-01,2025-08-28,legacy_pre_window_filing_effective_date_left_censoring,same accession=0001045810-25-000209; filing=2025-08-27; legacy_start=2025-10-01; expanded_effective=2025-08-28; original-boundary reconstruction exact; independent next-session oracle
labeled_stage8,2025-10-07,fundamental_effective_date,2025-10-01,2025-08-28,legacy_pre_window_filing_effective_date_left_censoring,same accession=0001045810-25-000209; filing=2025-08-27; legacy_start=2025-10-01; expanded_effective=2025-08-28; original-boundary reconstruction exact; independent next-session oracle
labeled_stage8,2025-10-08,fundamental_effective_date,2025-10-01,2025-08-28,legacy_pre_window_filing_effective_date_left_censoring,same accession=0001045810-25-000209; filing=2025-08-27; legacy_start=2025-10-01; expanded_effective=2025-08-28; original-boundary reconstruction exact; independent next-session oracle
labeled_stage8,2025-10-09,fundamental_effective_date,2025-10-01,2025-08-28,legacy_pre_window_filing_effective_date_left_censoring,same accession=0001045810-25-000209; filing=2025-08-27; legacy_start=2025-10-01; expanded_effective=2025-08-28; original-boundary reconstruction exact; independent next-session oracle
labeled_stage8,2025-10-10,fundamental_effective_date,2025-10-01,2025-08-28,legacy_pre_window_filing_effective_date_left_censoring,same accession=0001045810-25-000209; filing=2025-08-27; legacy_start=2025-10-01; expanded_effective=2025-08-28; original-boundary reconstruction exact; independent next-session oracle
labeled_stage8,2025-10-13,fundamental_effective_date,2025-10-01,2025-08-28,legacy_pre_window_filing_effective_date_left_censoring,same accession=0001045810-25-000209; filing=2025-08-27; legacy_start=2025-10-01; expanded_effective=2025-08-28; original-boundary reconstruction exact; independent next-session oracle
labeled_stage8,2025-10-14,fundamental_effective_date,2025-10-01,2025-08-28,legacy_pre_window_filing_effective_date_left_censoring,same accession=0001045810-25-000209; filing=2025-08-27; legacy_start=2025-10-01; expanded_effective=2025-08-28; original-boundary reconstruction exact; independent next-session oracle
labeled_stage8,2025-10-15,fundamental_effective_date,2025-10-01,2025-08-28,legacy_pre_window_filing_effective_date_left_censoring,same accession=0001045810-25-000209; filing=2025-08-27; legacy_start=2025-10-01; expanded_effective=2025-08-28; original-boundary reconstruction exact; independent next-session oracle
labeled_stage8,2025-10-16,fundamental_effective_date,2025-10-01,2025-08-28,legacy_pre_window_filing_effective_date_left_censoring,same accession=0001045810-25-000209; filing=2025-08-27; legacy_start=2025-10-01; expanded_effective=2025-08-28; original-boundary reconstruction exact; independent next-session oracle
labeled_stage8,2025-10-17,fundamental_effective_date,2025-10-01,2025-08-28,legacy_pre_window_filing_effective_date_left_censoring,same accession=0001045810-25-000209; filing=2025-08-27; legacy_start=2025-10-01; expanded_effective=2025-08-28; original-boundary reconstruction exact; independent next-session oracle
labeled_stage8,2025-10-20,fundamental_effective_date,2025-10-01,2025-08-28,legacy_pre_window_filing_effective_date_left_censoring,same accession=0001045810-25-000209; filing=2025-08-27; legacy_start=2025-10-01; expanded_effective=2025-08-28; original-boundary reconstruction exact; independent next-session oracle
labeled_stage8,2025-10-21,fundamental_effective_date,2025-10-01,2025-08-28,legacy_pre_window_filing_effective_date_left_censoring,same accession=0001045810-25-000209; filing=2025-08-27; legacy_start=2025-10-01; expanded_effective=2025-08-28; original-boundary reconstruction exact; independent next-session oracle
labeled_stage8,2025-10-22,fundamental_effective_date,2025-10-01,2025-08-28,legacy_pre_window_filing_effective_date_left_censoring,same accession=0001045810-25-000209; filing=2025-08-27; legacy_start=2025-10-01; expanded_effective=2025-08-28; original-boundary reconstruction exact; independent next-session oracle
labeled_stage8,2025-10-23,fundamental_effective_date,2025-10-01,2025-08-28,legacy_pre_window_filing_effective_date_left_censoring,same accession=0001045810-25-000209; filing=2025-08-27; legacy_start=2025-10-01; expanded_effective=2025-08-28; original-boundary reconstruction exact; independent next-session oracle
labeled_stage8,2025-10-24,fundamental_effective_date,2025-10-01,2025-08-28,legacy_pre_window_filing_effective_date_left_censoring,same accession=0001045810-25-000209; filing=2025-08-27; legacy_start=2025-10-01; expanded_effective=2025-08-28; original-boundary reconstruction exact; independent next-session oracle
labeled_stage8,2025-10-27,fundamental_effective_date,2025-10-01,2025-08-28,legacy_pre_window_filing_effective_date_left_censoring,same accession=0001045810-25-000209; filing=2025-08-27; legacy_start=2025-10-01; expanded_effective=2025-08-28; original-boundary reconstruction exact; independent next-session oracle
labeled_stage8,2025-10-28,fundamental_effective_date,2025-10-01,2025-08-28,legacy_pre_window_filing_effective_date_left_censoring,same accession=0001045810-25-000209; filing=2025-08-27; legacy_start=2025-10-01; expanded_effective=2025-08-28; original-boundary reconstruction exact; independent next-session oracle
labeled_stage8,2025-10-29,fundamental_effective_date,2025-10-01,2025-08-28,legacy_pre_window_filing_effective_date_left_censoring,same accession=0001045810-25-000209; filing=2025-08-27; legacy_start=2025-10-01; expanded_effective=2025-08-28; original-boundary reconstruction exact; independent next-session oracle
labeled_stage8,2025-10-30,fundamental_effective_date,2025-10-01,2025-08-28,legacy_pre_window_filing_effective_date_left_censoring,same accession=0001045810-25-000209; filing=2025-08-27; legacy_start=2025-10-01; expanded_effective=2025-08-28; original-boundary reconstruction exact; independent next-session oracle
labeled_stage8,2025-10-31,fundamental_effective_date,2025-10-01,2025-08-28,legacy_pre_window_filing_effective_date_left_censoring,same accession=0001045810-25-000209; filing=2025-08-27; legacy_start=2025-10-01; expanded_effective=2025-08-28; original-boundary reconstruction exact; independent next-session oracle
labeled_stage8,2025-11-03,fundamental_effective_date,2025-10-01,2025-08-28,legacy_pre_window_filing_effective_date_left_censoring,same accession=0001045810-25-000209; filing=2025-08-27; legacy_start=2025-10-01; expanded_effective=2025-08-28; original-boundary reconstruction exact; independent next-session oracle
labeled_stage8,2025-11-04,fundamental_effective_date,2025-10-01,2025-08-28,legacy_pre_window_filing_effective_date_left_censoring,same accession=0001045810-25-000209; filing=2025-08-27; legacy_start=2025-10-01; expanded_effective=2025-08-28; original-boundary reconstruction exact; independent next-session oracle
labeled_stage8,2025-11-05,fundamental_effective_date,2025-10-01,2025-08-28,legacy_pre_window_filing_effective_date_left_censoring,same accession=0001045810-25-000209; filing=2025-08-27; legacy_start=2025-10-01; expanded_effective=2025-08-28; original-boundary reconstruction exact; independent next-session oracle
labeled_stage8,2025-11-06,fundamental_effective_date,2025-10-01,2025-08-28,legacy_pre_window_filing_effective_date_left_censoring,same accession=0001045810-25-000209; filing=2025-08-27; legacy_start=2025-10-01; expanded_effective=2025-08-28; original-boundary reconstruction exact; independent next-session oracle
labeled_stage8,2025-11-07,fundamental_effective_date,2025-10-01,2025-08-28,legacy_pre_window_filing_effective_date_left_censoring,same accession=0001045810-25-000209; filing=2025-08-27; legacy_start=2025-10-01; expanded_effective=2025-08-28; original-boundary reconstruction exact; independent next-session oracle
labeled_stage8,2025-11-10,fundamental_effective_date,2025-10-01,2025-08-28,legacy_pre_window_filing_effective_date_left_censoring,same accession=0001045810-25-000209; filing=2025-08-27; legacy_start=2025-10-01; expanded_effective=2025-08-28; original-boundary reconstruction exact; independent next-session oracle
labeled_stage8,2025-11-11,fundamental_effective_date,2025-10-01,2025-08-28,legacy_pre_window_filing_effective_date_left_censoring,same accession=0001045810-25-000209; filing=2025-08-27; legacy_start=2025-10-01; expanded_effective=2025-08-28; original-boundary reconstruction exact; independent next-session oracle
labeled_stage8,2025-11-12,fundamental_effective_date,2025-10-01,2025-08-28,legacy_pre_window_filing_effective_date_left_censoring,same accession=0001045810-25-000209; filing=2025-08-27; legacy_start=2025-10-01; expanded_effective=2025-08-28; original-boundary reconstruction exact; independent next-session oracle
labeled_stage8,2025-11-13,fundamental_effective_date,2025-10-01,2025-08-28,legacy_pre_window_filing_effective_date_left_censoring,same accession=0001045810-25-000209; filing=2025-08-27; legacy_start=2025-10-01; expanded_effective=2025-08-28; original-boundary reconstruction exact; independent next-session oracle
labeled_stage8,2025-11-14,fundamental_effective_date,2025-10-01,2025-08-28,legacy_pre_window_filing_effective_date_left_censoring,same accession=0001045810-25-000209; filing=2025-08-27; legacy_start=2025-10-01; expanded_effective=2025-08-28; original-boundary reconstruction exact; independent next-session oracle
labeled_stage8,2025-11-17,fundamental_effective_date,2025-10-01,2025-08-28,legacy_pre_window_filing_effective_date_left_censoring,same accession=0001045810-25-000209; filing=2025-08-27; legacy_start=2025-10-01; expanded_effective=2025-08-28; original-boundary reconstruction exact; independent next-session oracle
labeled_stage8,2025-11-18,fundamental_effective_date,2025-10-01,2025-08-28,legacy_pre_window_filing_effective_date_left_censoring,same accession=0001045810-25-000209; filing=2025-08-27; legacy_start=2025-10-01; expanded_effective=2025-08-28; original-boundary reconstruction exact; independent next-session oracle
labeled_stage8,2025-11-19,fundamental_effective_date,2025-10-01,2025-08-28,legacy_pre_window_filing_effective_date_left_censoring,same accession=0001045810-25-000209; filing=2025-08-27; legacy_start=2025-10-01; expanded_effective=2025-08-28; original-boundary reconstruction exact; independent next-session oracle
labeled_stage8,2025-10-01,days_since_effective_date,0,34.0,legacy_pre_window_filing_effective_date_left_censoring,same accession=0001045810-25-000209; filing=2025-08-27; legacy_start=2025-10-01; expanded_effective=2025-08-28; original-boundary reconstruction exact; independent next-session oracle
labeled_stage8,2025-10-02,days_since_effective_date,1,35.0,legacy_pre_window_filing_effective_date_left_censoring,same accession=0001045810-25-000209; filing=2025-08-27; legacy_start=2025-10-01; expanded_effective=2025-08-28; original-boundary reconstruction exact; independent next-session oracle
labeled_stage8,2025-10-03,days_since_effective_date,2,36.0,legacy_pre_window_filing_effective_date_left_censoring,same accession=0001045810-25-000209; filing=2025-08-27; legacy_start=2025-10-01; expanded_effective=2025-08-28; original-boundary reconstruction exact; independent next-session oracle
labeled_stage8,2025-10-06,days_since_effective_date,5,39.0,legacy_pre_window_filing_effective_date_left_censoring,same accession=0001045810-25-000209; filing=2025-08-27; legacy_start=2025-10-01; expanded_effective=2025-08-28; original-boundary reconstruction exact; independent next-session oracle
labeled_stage8,2025-10-07,days_since_effective_date,6,40.0,legacy_pre_window_filing_effective_date_left_censoring,same accession=0001045810-25-000209; filing=2025-08-27; legacy_start=2025-10-01; expanded_effective=2025-08-28; original-boundary reconstruction exact; independent next-session oracle
labeled_stage8,2025-10-08,days_since_effective_date,7,41.0,legacy_pre_window_filing_effective_date_left_censoring,same accession=0001045810-25-000209; filing=2025-08-27; legacy_start=2025-10-01; expanded_effective=2025-08-28; original-boundary reconstruction exact; independent next-session oracle
labeled_stage8,2025-10-09,days_since_effective_date,8,42.0,legacy_pre_window_filing_effective_date_left_censoring,same accession=0001045810-25-000209; filing=2025-08-27; legacy_start=2025-10-01; expanded_effective=2025-08-28; original-boundary reconstruction exact; independent next-session oracle
labeled_stage8,2025-10-10,days_since_effective_date,9,43.0,legacy_pre_window_filing_effective_date_left_censoring,same accession=0001045810-25-000209; filing=2025-08-27; legacy_start=2025-10-01; expanded_effective=2025-08-28; original-boundary reconstruction exact; independent next-session oracle
labeled_stage8,2025-10-13,days_since_effective_date,12,46.0,legacy_pre_window_filing_effective_date_left_censoring,same accession=0001045810-25-000209; filing=2025-08-27; legacy_start=2025-10-01; expanded_effective=2025-08-28; original-boundary reconstruction exact; independent next-session oracle
labeled_stage8,2025-10-14,days_since_effective_date,13,47.0,legacy_pre_window_filing_effective_date_left_censoring,same accession=0001045810-25-000209; filing=2025-08-27; legacy_start=2025-10-01; expanded_effective=2025-08-28; original-boundary reconstruction exact; independent next-session oracle
labeled_stage8,2025-10-15,days_since_effective_date,14,48.0,legacy_pre_window_filing_effective_date_left_censoring,same accession=0001045810-25-000209; filing=2025-08-27; legacy_start=2025-10-01; expanded_effective=2025-08-28; original-boundary reconstruction exact; independent next-session oracle
labeled_stage8,2025-10-16,days_since_effective_date,15,49.0,legacy_pre_window_filing_effective_date_left_censoring,same accession=0001045810-25-000209; filing=2025-08-27; legacy_start=2025-10-01; expanded_effective=2025-08-28; original-boundary reconstruction exact; independent next-session oracle
labeled_stage8,2025-10-17,days_since_effective_date,16,50.0,legacy_pre_window_filing_effective_date_left_censoring,same accession=0001045810-25-000209; filing=2025-08-27; legacy_start=2025-10-01; expanded_effective=2025-08-28; original-boundary reconstruction exact; independent next-session oracle
labeled_stage8,2025-10-20,days_since_effective_date,19,53.0,legacy_pre_window_filing_effective_date_left_censoring,same accession=0001045810-25-000209; filing=2025-08-27; legacy_start=2025-10-01; expanded_effective=2025-08-28; original-boundary reconstruction exact; independent next-session oracle
labeled_stage8,2025-10-21,days_since_effective_date,20,54.0,legacy_pre_window_filing_effective_date_left_censoring,same accession=0001045810-25-000209; filing=2025-08-27; legacy_start=2025-10-01; expanded_effective=2025-08-28; original-boundary reconstruction exact; independent next-session oracle
labeled_stage8,2025-10-22,days_since_effective_date,21,55.0,legacy_pre_window_filing_effective_date_left_censoring,same accession=0001045810-25-000209; filing=2025-08-27; legacy_start=2025-10-01; expanded_effective=2025-08-28; original-boundary reconstruction exact; independent next-session oracle
labeled_stage8,2025-10-23,days_since_effective_date,22,56.0,legacy_pre_window_filing_effective_date_left_censoring,same accession=0001045810-25-000209; filing=2025-08-27; legacy_start=2025-10-01; expanded_effective=2025-08-28; original-boundary reconstruction exact; independent next-session oracle
labeled_stage8,2025-10-24,days_since_effective_date,23,57.0,legacy_pre_window_filing_effective_date_left_censoring,same accession=0001045810-25-000209; filing=2025-08-27; legacy_start=2025-10-01; expanded_effective=2025-08-28; original-boundary reconstruction exact; independent next-session oracle
labeled_stage8,2025-10-27,days_since_effective_date,26,60.0,legacy_pre_window_filing_effective_date_left_censoring,same accession=0001045810-25-000209; filing=2025-08-27; legacy_start=2025-10-01; expanded_effective=2025-08-28; original-boundary reconstruction exact; independent next-session oracle
labeled_stage8,2025-10-28,days_since_effective_date,27,61.0,legacy_pre_window_filing_effective_date_left_censoring,same accession=0001045810-25-000209; filing=2025-08-27; legacy_start=2025-10-01; expanded_effective=2025-08-28; original-boundary reconstruction exact; independent next-session oracle
labeled_stage8,2025-10-29,days_since_effective_date,28,62.0,legacy_pre_window_filing_effective_date_left_censoring,same accession=0001045810-25-000209; filing=2025-08-27; legacy_start=2025-10-01; expanded_effective=2025-08-28; original-boundary reconstruction exact; independent next-session oracle
labeled_stage8,2025-10-30,days_since_effective_date,29,63.0,legacy_pre_window_filing_effective_date_left_censoring,same accession=0001045810-25-000209; filing=2025-08-27; legacy_start=2025-10-01; expanded_effective=2025-08-28; original-boundary reconstruction exact; independent next-session oracle
labeled_stage8,2025-10-31,days_since_effective_date,30,64.0,legacy_pre_window_filing_effective_date_left_censoring,same accession=0001045810-25-000209; filing=2025-08-27; legacy_start=2025-10-01; expanded_effective=2025-08-28; original-boundary reconstruction exact; independent next-session oracle
labeled_stage8,2025-11-03,days_since_effective_date,33,67.0,legacy_pre_window_filing_effective_date_left_censoring,same accession=0001045810-25-000209; filing=2025-08-27; legacy_start=2025-10-01; expanded_effective=2025-08-28; original-boundary reconstruction exact; independent next-session oracle
labeled_stage8,2025-11-04,days_since_effective_date,34,68.0,legacy_pre_window_filing_effective_date_left_censoring,same accession=0001045810-25-000209; filing=2025-08-27; legacy_start=2025-10-01; expanded_effective=2025-08-28; original-boundary reconstruction exact; independent next-session oracle
labeled_stage8,2025-11-05,days_since_effective_date,35,69.0,legacy_pre_window_filing_effective_date_left_censoring,same accession=0001045810-25-000209; filing=2025-08-27; legacy_start=2025-10-01; expanded_effective=2025-08-28; original-boundary reconstruction exact; independent next-session oracle
labeled_stage8,2025-11-06,days_since_effective_date,36,70.0,legacy_pre_window_filing_effective_date_left_censoring,same accession=0001045810-25-000209; filing=2025-08-27; legacy_start=2025-10-01; expanded_effective=2025-08-28; original-boundary reconstruction exact; independent next-session oracle
labeled_stage8,2025-11-07,days_since_effective_date,37,71.0,legacy_pre_window_filing_effective_date_left_censoring,same accession=0001045810-25-000209; filing=2025-08-27; legacy_start=2025-10-01; expanded_effective=2025-08-28; original-boundary reconstruction exact; independent next-session oracle
labeled_stage8,2025-11-10,days_since_effective_date,40,74.0,legacy_pre_window_filing_effective_date_left_censoring,same accession=0001045810-25-000209; filing=2025-08-27; legacy_start=2025-10-01; expanded_effective=2025-08-28; original-boundary reconstruction exact; independent next-session oracle
labeled_stage8,2025-11-11,days_since_effective_date,41,75.0,legacy_pre_window_filing_effective_date_left_censoring,same accession=0001045810-25-000209; filing=2025-08-27; legacy_start=2025-10-01; expanded_effective=2025-08-28; original-boundary reconstruction exact; independent next-session oracle
labeled_stage8,2025-11-12,days_since_effective_date,42,76.0,legacy_pre_window_filing_effective_date_left_censoring,same accession=0001045810-25-000209; filing=2025-08-27; legacy_start=2025-10-01; expanded_effective=2025-08-28; original-boundary reconstruction exact; independent next-session oracle
labeled_stage8,2025-11-13,days_since_effective_date,43,77.0,legacy_pre_window_filing_effective_date_left_censoring,same accession=0001045810-25-000209; filing=2025-08-27; legacy_start=2025-10-01; expanded_effective=2025-08-28; original-boundary reconstruction exact; independent next-session oracle
labeled_stage8,2025-11-14,days_since_effective_date,44,78.0,legacy_pre_window_filing_effective_date_left_censoring,same accession=0001045810-25-000209; filing=2025-08-27; legacy_start=2025-10-01; expanded_effective=2025-08-28; original-boundary reconstruction exact; independent next-session oracle
labeled_stage8,2025-11-17,days_since_effective_date,47,81.0,legacy_pre_window_filing_effective_date_left_censoring,same accession=0001045810-25-000209; filing=2025-08-27; legacy_start=2025-10-01; expanded_effective=2025-08-28; original-boundary reconstruction exact; independent next-session oracle
labeled_stage8,2025-11-18,days_since_effective_date,48,82.0,legacy_pre_window_filing_effective_date_left_censoring,same accession=0001045810-25-000209; filing=2025-08-27; legacy_start=2025-10-01; expanded_effective=2025-08-28; original-boundary reconstruction exact; independent next-session oracle
labeled_stage8,2025-11-19,days_since_effective_date,49,83.0,legacy_pre_window_filing_effective_date_left_censoring,same accession=0001045810-25-000209; filing=2025-08-27; legacy_start=2025-10-01; expanded_effective=2025-08-28; original-boundary reconstruction exact; independent next-session oracle
labeled_stage8,2025-10-01,q_effective_date,2025-10-01,2025-08-28,legacy_pre_window_filing_effective_date_left_censoring,same accession=0001045810-25-000209; filing=2025-08-27; legacy_start=2025-10-01; expanded_effective=2025-08-28; original-boundary reconstruction exact; independent next-session oracle
labeled_stage8,2025-10-02,q_effective_date,2025-10-01,2025-08-28,legacy_pre_window_filing_effective_date_left_censoring,same accession=0001045810-25-000209; filing=2025-08-27; legacy_start=2025-10-01; expanded_effective=2025-08-28; original-boundary reconstruction exact; independent next-session oracle
labeled_stage8,2025-10-03,q_effective_date,2025-10-01,2025-08-28,legacy_pre_window_filing_effective_date_left_censoring,same accession=0001045810-25-000209; filing=2025-08-27; legacy_start=2025-10-01; expanded_effective=2025-08-28; original-boundary reconstruction exact; independent next-session oracle
labeled_stage8,2025-10-06,q_effective_date,2025-10-01,2025-08-28,legacy_pre_window_filing_effective_date_left_censoring,same accession=0001045810-25-000209; filing=2025-08-27; legacy_start=2025-10-01; expanded_effective=2025-08-28; original-boundary reconstruction exact; independent next-session oracle
labeled_stage8,2025-10-07,q_effective_date,2025-10-01,2025-08-28,legacy_pre_window_filing_effective_date_left_censoring,same accession=0001045810-25-000209; filing=2025-08-27; legacy_start=2025-10-01; expanded_effective=2025-08-28; original-boundary reconstruction exact; independent next-session oracle
labeled_stage8,2025-10-08,q_effective_date,2025-10-01,2025-08-28,legacy_pre_window_filing_effective_date_left_censoring,same accession=0001045810-25-000209; filing=2025-08-27; legacy_start=2025-10-01; expanded_effective=2025-08-28; original-boundary reconstruction exact; independent next-session oracle
labeled_stage8,2025-10-09,q_effective_date,2025-10-01,2025-08-28,legacy_pre_window_filing_effective_date_left_censoring,same accession=0001045810-25-000209; filing=2025-08-27; legacy_start=2025-10-01; expanded_effective=2025-08-28; original-boundary reconstruction exact; independent next-session oracle
labeled_stage8,2025-10-10,q_effective_date,2025-10-01,2025-08-28,legacy_pre_window_filing_effective_date_left_censoring,same accession=0001045810-25-000209; filing=2025-08-27; legacy_start=2025-10-01; expanded_effective=2025-08-28; original-boundary reconstruction exact; independent next-session oracle
labeled_stage8,2025-10-13,q_effective_date,2025-10-01,2025-08-28,legacy_pre_window_filing_effective_date_left_censoring,same accession=0001045810-25-000209; filing=2025-08-27; legacy_start=2025-10-01; expanded_effective=2025-08-28; original-boundary reconstruction exact; independent next-session oracle
labeled_stage8,2025-10-14,q_effective_date,2025-10-01,2025-08-28,legacy_pre_window_filing_effective_date_left_censoring,same accession=0001045810-25-000209; filing=2025-08-27; legacy_start=2025-10-01; expanded_effective=2025-08-28; original-boundary reconstruction exact; independent next-session oracle
labeled_stage8,2025-10-15,q_effective_date,2025-10-01,2025-08-28,legacy_pre_window_filing_effective_date_left_censoring,same accession=0001045810-25-000209; filing=2025-08-27; legacy_start=2025-10-01; expanded_effective=2025-08-28; original-boundary reconstruction exact; independent next-session oracle
labeled_stage8,2025-10-16,q_effective_date,2025-10-01,2025-08-28,legacy_pre_window_filing_effective_date_left_censoring,same accession=0001045810-25-000209; filing=2025-08-27; legacy_start=2025-10-01; expanded_effective=2025-08-28; original-boundary reconstruction exact; independent next-session oracle
labeled_stage8,2025-10-17,q_effective_date,2025-10-01,2025-08-28,legacy_pre_window_filing_effective_date_left_censoring,same accession=0001045810-25-000209; filing=2025-08-27; legacy_start=2025-10-01; expanded_effective=2025-08-28; original-boundary reconstruction exact; independent next-session oracle
labeled_stage8,2025-10-20,q_effective_date,2025-10-01,2025-08-28,legacy_pre_window_filing_effective_date_left_censoring,same accession=0001045810-25-000209; filing=2025-08-27; legacy_start=2025-10-01; expanded_effective=2025-08-28; original-boundary reconstruction exact; independent next-session oracle
labeled_stage8,2025-10-21,q_effective_date,2025-10-01,2025-08-28,legacy_pre_window_filing_effective_date_left_censoring,same accession=0001045810-25-000209; filing=2025-08-27; legacy_start=2025-10-01; expanded_effective=2025-08-28; original-boundary reconstruction exact; independent next-session oracle
labeled_stage8,2025-10-22,q_effective_date,2025-10-01,2025-08-28,legacy_pre_window_filing_effective_date_left_censoring,same accession=0001045810-25-000209; filing=2025-08-27; legacy_start=2025-10-01; expanded_effective=2025-08-28; original-boundary reconstruction exact; independent next-session oracle
labeled_stage8,2025-10-23,q_effective_date,2025-10-01,2025-08-28,legacy_pre_window_filing_effective_date_left_censoring,same accession=0001045810-25-000209; filing=2025-08-27; legacy_start=2025-10-01; expanded_effective=2025-08-28; original-boundary reconstruction exact; independent next-session oracle
labeled_stage8,2025-10-24,q_effective_date,2025-10-01,2025-08-28,legacy_pre_window_filing_effective_date_left_censoring,same accession=0001045810-25-000209; filing=2025-08-27; legacy_start=2025-10-01; expanded_effective=2025-08-28; original-boundary reconstruction exact; independent next-session oracle
labeled_stage8,2025-10-27,q_effective_date,2025-10-01,2025-08-28,legacy_pre_window_filing_effective_date_left_censoring,same accession=0001045810-25-000209; filing=2025-08-27; legacy_start=2025-10-01; expanded_effective=2025-08-28; original-boundary reconstruction exact; independent next-session oracle
labeled_stage8,2025-10-28,q_effective_date,2025-10-01,2025-08-28,legacy_pre_window_filing_effective_date_left_censoring,same accession=0001045810-25-000209; filing=2025-08-27; legacy_start=2025-10-01; expanded_effective=2025-08-28; original-boundary reconstruction exact; independent next-session oracle
labeled_stage8,2025-10-29,q_effective_date,2025-10-01,2025-08-28,legacy_pre_window_filing_effective_date_left_censoring,same accession=0001045810-25-000209; filing=2025-08-27; legacy_start=2025-10-01; expanded_effective=2025-08-28; original-boundary reconstruction exact; independent next-session oracle
labeled_stage8,2025-10-30,q_effective_date,2025-10-01,2025-08-28,legacy_pre_window_filing_effective_date_left_censoring,same accession=0001045810-25-000209; filing=2025-08-27; legacy_start=2025-10-01; expanded_effective=2025-08-28; original-boundary reconstruction exact; independent next-session oracle
labeled_stage8,2025-10-31,q_effective_date,2025-10-01,2025-08-28,legacy_pre_window_filing_effective_date_left_censoring,same accession=0001045810-25-000209; filing=2025-08-27; legacy_start=2025-10-01; expanded_effective=2025-08-28; original-boundary reconstruction exact; independent next-session oracle
labeled_stage8,2025-11-03,q_effective_date,2025-10-01,2025-08-28,legacy_pre_window_filing_effective_date_left_censoring,same accession=0001045810-25-000209; filing=2025-08-27; legacy_start=2025-10-01; expanded_effective=2025-08-28; original-boundary reconstruction exact; independent next-session oracle
labeled_stage8,2025-11-04,q_effective_date,2025-10-01,2025-08-28,legacy_pre_window_filing_effective_date_left_censoring,same accession=0001045810-25-000209; filing=2025-08-27; legacy_start=2025-10-01; expanded_effective=2025-08-28; original-boundary reconstruction exact; independent next-session oracle
labeled_stage8,2025-11-05,q_effective_date,2025-10-01,2025-08-28,legacy_pre_window_filing_effective_date_left_censoring,same accession=0001045810-25-000209; filing=2025-08-27; legacy_start=2025-10-01; expanded_effective=2025-08-28; original-boundary reconstruction exact; independent next-session oracle
labeled_stage8,2025-11-06,q_effective_date,2025-10-01,2025-08-28,legacy_pre_window_filing_effective_date_left_censoring,same accession=0001045810-25-000209; filing=2025-08-27; legacy_start=2025-10-01; expanded_effective=2025-08-28; original-boundary reconstruction exact; independent next-session oracle
labeled_stage8,2025-11-07,q_effective_date,2025-10-01,2025-08-28,legacy_pre_window_filing_effective_date_left_censoring,same accession=0001045810-25-000209; filing=2025-08-27; legacy_start=2025-10-01; expanded_effective=2025-08-28; original-boundary reconstruction exact; independent next-session oracle
labeled_stage8,2025-11-10,q_effective_date,2025-10-01,2025-08-28,legacy_pre_window_filing_effective_date_left_censoring,same accession=0001045810-25-000209; filing=2025-08-27; legacy_start=2025-10-01; expanded_effective=2025-08-28; original-boundary reconstruction exact; independent next-session oracle
labeled_stage8,2025-11-11,q_effective_date,2025-10-01,2025-08-28,legacy_pre_window_filing_effective_date_left_censoring,same accession=0001045810-25-000209; filing=2025-08-27; legacy_start=2025-10-01; expanded_effective=2025-08-28; original-boundary reconstruction exact; independent next-session oracle
labeled_stage8,2025-11-12,q_effective_date,2025-10-01,2025-08-28,legacy_pre_window_filing_effective_date_left_censoring,same accession=0001045810-25-000209; filing=2025-08-27; legacy_start=2025-10-01; expanded_effective=2025-08-28; original-boundary reconstruction exact; independent next-session oracle
labeled_stage8,2025-11-13,q_effective_date,2025-10-01,2025-08-28,legacy_pre_window_filing_effective_date_left_censoring,same accession=0001045810-25-000209; filing=2025-08-27; legacy_start=2025-10-01; expanded_effective=2025-08-28; original-boundary reconstruction exact; independent next-session oracle
labeled_stage8,2025-11-14,q_effective_date,2025-10-01,2025-08-28,legacy_pre_window_filing_effective_date_left_censoring,same accession=0001045810-25-000209; filing=2025-08-27; legacy_start=2025-10-01; expanded_effective=2025-08-28; original-boundary reconstruction exact; independent next-session oracle
labeled_stage8,2025-11-17,q_effective_date,2025-10-01,2025-08-28,legacy_pre_window_filing_effective_date_left_censoring,same accession=0001045810-25-000209; filing=2025-08-27; legacy_start=2025-10-01; expanded_effective=2025-08-28; original-boundary reconstruction exact; independent next-session oracle
labeled_stage8,2025-11-18,q_effective_date,2025-10-01,2025-08-28,legacy_pre_window_filing_effective_date_left_censoring,same accession=0001045810-25-000209; filing=2025-08-27; legacy_start=2025-10-01; expanded_effective=2025-08-28; original-boundary reconstruction exact; independent next-session oracle
labeled_stage8,2025-11-19,q_effective_date,2025-10-01,2025-08-28,legacy_pre_window_filing_effective_date_left_censoring,same accession=0001045810-25-000209; filing=2025-08-27; legacy_start=2025-10-01; expanded_effective=2025-08-28; original-boundary reconstruction exact; independent next-session oracle
labeled_stage8,2025-10-01,q_effective_date_is_sample_truncated,True,False,legacy_pre_window_filing_effective_date_left_censoring,same accession=0001045810-25-000209; filing=2025-08-27; legacy_start=2025-10-01; expanded_effective=2025-08-28; original-boundary reconstruction exact; independent next-session oracle
labeled_stage8,2025-10-02,q_effective_date_is_sample_truncated,True,False,legacy_pre_window_filing_effective_date_left_censoring,same accession=0001045810-25-000209; filing=2025-08-27; legacy_start=2025-10-01; expanded_effective=2025-08-28; original-boundary reconstruction exact; independent next-session oracle
labeled_stage8,2025-10-03,q_effective_date_is_sample_truncated,True,False,legacy_pre_window_filing_effective_date_left_censoring,same accession=0001045810-25-000209; filing=2025-08-27; legacy_start=2025-10-01; expanded_effective=2025-08-28; original-boundary reconstruction exact; independent next-session oracle
labeled_stage8,2025-10-06,q_effective_date_is_sample_truncated,True,False,legacy_pre_window_filing_effective_date_left_censoring,same accession=0001045810-25-000209; filing=2025-08-27; legacy_start=2025-10-01; expanded_effective=2025-08-28; original-boundary reconstruction exact; independent next-session oracle
labeled_stage8,2025-10-07,q_effective_date_is_sample_truncated,True,False,legacy_pre_window_filing_effective_date_left_censoring,same accession=0001045810-25-000209; filing=2025-08-27; legacy_start=2025-10-01; expanded_effective=2025-08-28; original-boundary reconstruction exact; independent next-session oracle
labeled_stage8,2025-10-08,q_effective_date_is_sample_truncated,True,False,legacy_pre_window_filing_effective_date_left_censoring,same accession=0001045810-25-000209; filing=2025-08-27; legacy_start=2025-10-01; expanded_effective=2025-08-28; original-boundary reconstruction exact; independent next-session oracle
labeled_stage8,2025-10-09,q_effective_date_is_sample_truncated,True,False,legacy_pre_window_filing_effective_date_left_censoring,same accession=0001045810-25-000209; filing=2025-08-27; legacy_start=2025-10-01; expanded_effective=2025-08-28; original-boundary reconstruction exact; independent next-session oracle
labeled_stage8,2025-10-10,q_effective_date_is_sample_truncated,True,False,legacy_pre_window_filing_effective_date_left_censoring,same accession=0001045810-25-000209; filing=2025-08-27; legacy_start=2025-10-01; expanded_effective=2025-08-28; original-boundary reconstruction exact; independent next-session oracle
labeled_stage8,2025-10-13,q_effective_date_is_sample_truncated,True,False,legacy_pre_window_filing_effective_date_left_censoring,same accession=0001045810-25-000209; filing=2025-08-27; legacy_start=2025-10-01; expanded_effective=2025-08-28; original-boundary reconstruction exact; independent next-session oracle
labeled_stage8,2025-10-14,q_effective_date_is_sample_truncated,True,False,legacy_pre_window_filing_effective_date_left_censoring,same accession=0001045810-25-000209; filing=2025-08-27; legacy_start=2025-10-01; expanded_effective=2025-08-28; original-boundary reconstruction exact; independent next-session oracle
labeled_stage8,2025-10-15,q_effective_date_is_sample_truncated,True,False,legacy_pre_window_filing_effective_date_left_censoring,same accession=0001045810-25-000209; filing=2025-08-27; legacy_start=2025-10-01; expanded_effective=2025-08-28; original-boundary reconstruction exact; independent next-session oracle
labeled_stage8,2025-10-16,q_effective_date_is_sample_truncated,True,False,legacy_pre_window_filing_effective_date_left_censoring,same accession=0001045810-25-000209; filing=2025-08-27; legacy_start=2025-10-01; expanded_effective=2025-08-28; original-boundary reconstruction exact; independent next-session oracle
labeled_stage8,2025-10-17,q_effective_date_is_sample_truncated,True,False,legacy_pre_window_filing_effective_date_left_censoring,same accession=0001045810-25-000209; filing=2025-08-27; legacy_start=2025-10-01; expanded_effective=2025-08-28; original-boundary reconstruction exact; independent next-session oracle
labeled_stage8,2025-10-20,q_effective_date_is_sample_truncated,True,False,legacy_pre_window_filing_effective_date_left_censoring,same accession=0001045810-25-000209; filing=2025-08-27; legacy_start=2025-10-01; expanded_effective=2025-08-28; original-boundary reconstruction exact; independent next-session oracle
labeled_stage8,2025-10-21,q_effective_date_is_sample_truncated,True,False,legacy_pre_window_filing_effective_date_left_censoring,same accession=0001045810-25-000209; filing=2025-08-27; legacy_start=2025-10-01; expanded_effective=2025-08-28; original-boundary reconstruction exact; independent next-session oracle
labeled_stage8,2025-10-22,q_effective_date_is_sample_truncated,True,False,legacy_pre_window_filing_effective_date_left_censoring,same accession=0001045810-25-000209; filing=2025-08-27; legacy_start=2025-10-01; expanded_effective=2025-08-28; original-boundary reconstruction exact; independent next-session oracle
labeled_stage8,2025-10-23,q_effective_date_is_sample_truncated,True,False,legacy_pre_window_filing_effective_date_left_censoring,same accession=0001045810-25-000209; filing=2025-08-27; legacy_start=2025-10-01; expanded_effective=2025-08-28; original-boundary reconstruction exact; independent next-session oracle
labeled_stage8,2025-10-24,q_effective_date_is_sample_truncated,True,False,legacy_pre_window_filing_effective_date_left_censoring,same accession=0001045810-25-000209; filing=2025-08-27; legacy_start=2025-10-01; expanded_effective=2025-08-28; original-boundary reconstruction exact; independent next-session oracle
labeled_stage8,2025-10-27,q_effective_date_is_sample_truncated,True,False,legacy_pre_window_filing_effective_date_left_censoring,same accession=0001045810-25-000209; filing=2025-08-27; legacy_start=2025-10-01; expanded_effective=2025-08-28; original-boundary reconstruction exact; independent next-session oracle
labeled_stage8,2025-10-28,q_effective_date_is_sample_truncated,True,False,legacy_pre_window_filing_effective_date_left_censoring,same accession=0001045810-25-000209; filing=2025-08-27; legacy_start=2025-10-01; expanded_effective=2025-08-28; original-boundary reconstruction exact; independent next-session oracle
labeled_stage8,2025-10-29,q_effective_date_is_sample_truncated,True,False,legacy_pre_window_filing_effective_date_left_censoring,same accession=0001045810-25-000209; filing=2025-08-27; legacy_start=2025-10-01; expanded_effective=2025-08-28; original-boundary reconstruction exact; independent next-session oracle
labeled_stage8,2025-10-30,q_effective_date_is_sample_truncated,True,False,legacy_pre_window_filing_effective_date_left_censoring,same accession=0001045810-25-000209; filing=2025-08-27; legacy_start=2025-10-01; expanded_effective=2025-08-28; original-boundary reconstruction exact; independent next-session oracle
labeled_stage8,2025-10-31,q_effective_date_is_sample_truncated,True,False,legacy_pre_window_filing_effective_date_left_censoring,same accession=0001045810-25-000209; filing=2025-08-27; legacy_start=2025-10-01; expanded_effective=2025-08-28; original-boundary reconstruction exact; independent next-session oracle
labeled_stage8,2025-11-03,q_effective_date_is_sample_truncated,True,False,legacy_pre_window_filing_effective_date_left_censoring,same accession=0001045810-25-000209; filing=2025-08-27; legacy_start=2025-10-01; expanded_effective=2025-08-28; original-boundary reconstruction exact; independent next-session oracle
labeled_stage8,2025-11-04,q_effective_date_is_sample_truncated,True,False,legacy_pre_window_filing_effective_date_left_censoring,same accession=0001045810-25-000209; filing=2025-08-27; legacy_start=2025-10-01; expanded_effective=2025-08-28; original-boundary reconstruction exact; independent next-session oracle
labeled_stage8,2025-11-05,q_effective_date_is_sample_truncated,True,False,legacy_pre_window_filing_effective_date_left_censoring,same accession=0001045810-25-000209; filing=2025-08-27; legacy_start=2025-10-01; expanded_effective=2025-08-28; original-boundary reconstruction exact; independent next-session oracle
labeled_stage8,2025-11-06,q_effective_date_is_sample_truncated,True,False,legacy_pre_window_filing_effective_date_left_censoring,same accession=0001045810-25-000209; filing=2025-08-27; legacy_start=2025-10-01; expanded_effective=2025-08-28; original-boundary reconstruction exact; independent next-session oracle
labeled_stage8,2025-11-07,q_effective_date_is_sample_truncated,True,False,legacy_pre_window_filing_effective_date_left_censoring,same accession=0001045810-25-000209; filing=2025-08-27; legacy_start=2025-10-01; expanded_effective=2025-08-28; original-boundary reconstruction exact; independent next-session oracle
labeled_stage8,2025-11-10,q_effective_date_is_sample_truncated,True,False,legacy_pre_window_filing_effective_date_left_censoring,same accession=0001045810-25-000209; filing=2025-08-27; legacy_start=2025-10-01; expanded_effective=2025-08-28; original-boundary reconstruction exact; independent next-session oracle
labeled_stage8,2025-11-11,q_effective_date_is_sample_truncated,True,False,legacy_pre_window_filing_effective_date_left_censoring,same accession=0001045810-25-000209; filing=2025-08-27; legacy_start=2025-10-01; expanded_effective=2025-08-28; original-boundary reconstruction exact; independent next-session oracle
labeled_stage8,2025-11-12,q_effective_date_is_sample_truncated,True,False,legacy_pre_window_filing_effective_date_left_censoring,same accession=0001045810-25-000209; filing=2025-08-27; legacy_start=2025-10-01; expanded_effective=2025-08-28; original-boundary reconstruction exact; independent next-session oracle
labeled_stage8,2025-11-13,q_effective_date_is_sample_truncated,True,False,legacy_pre_window_filing_effective_date_left_censoring,same accession=0001045810-25-000209; filing=2025-08-27; legacy_start=2025-10-01; expanded_effective=2025-08-28; original-boundary reconstruction exact; independent next-session oracle
labeled_stage8,2025-11-14,q_effective_date_is_sample_truncated,True,False,legacy_pre_window_filing_effective_date_left_censoring,same accession=0001045810-25-000209; filing=2025-08-27; legacy_start=2025-10-01; expanded_effective=2025-08-28; original-boundary reconstruction exact; independent next-session oracle
labeled_stage8,2025-11-17,q_effective_date_is_sample_truncated,True,False,legacy_pre_window_filing_effective_date_left_censoring,same accession=0001045810-25-000209; filing=2025-08-27; legacy_start=2025-10-01; expanded_effective=2025-08-28; original-boundary reconstruction exact; independent next-session oracle
labeled_stage8,2025-11-18,q_effective_date_is_sample_truncated,True,False,legacy_pre_window_filing_effective_date_left_censoring,same accession=0001045810-25-000209; filing=2025-08-27; legacy_start=2025-10-01; expanded_effective=2025-08-28; original-boundary reconstruction exact; independent next-session oracle
labeled_stage8,2025-11-19,q_effective_date_is_sample_truncated,True,False,legacy_pre_window_filing_effective_date_left_censoring,same accession=0001045810-25-000209; filing=2025-08-27; legacy_start=2025-10-01; expanded_effective=2025-08-28; original-boundary reconstruction exact; independent next-session oracle
labeled_stage8,2025-10-01,q_effective_date_basis,sample_start_truncated,observed_next_session,legacy_pre_window_filing_effective_date_left_censoring,same accession=0001045810-25-000209; filing=2025-08-27; legacy_start=2025-10-01; expanded_effective=2025-08-28; original-boundary reconstruction exact; independent next-session oracle
labeled_stage8,2025-10-02,q_effective_date_basis,sample_start_truncated,observed_next_session,legacy_pre_window_filing_effective_date_left_censoring,same accession=0001045810-25-000209; filing=2025-08-27; legacy_start=2025-10-01; expanded_effective=2025-08-28; original-boundary reconstruction exact; independent next-session oracle
labeled_stage8,2025-10-03,q_effective_date_basis,sample_start_truncated,observed_next_session,legacy_pre_window_filing_effective_date_left_censoring,same accession=0001045810-25-000209; filing=2025-08-27; legacy_start=2025-10-01; expanded_effective=2025-08-28; original-boundary reconstruction exact; independent next-session oracle
labeled_stage8,2025-10-06,q_effective_date_basis,sample_start_truncated,observed_next_session,legacy_pre_window_filing_effective_date_left_censoring,same accession=0001045810-25-000209; filing=2025-08-27; legacy_start=2025-10-01; expanded_effective=2025-08-28; original-boundary reconstruction exact; independent next-session oracle
labeled_stage8,2025-10-07,q_effective_date_basis,sample_start_truncated,observed_next_session,legacy_pre_window_filing_effective_date_left_censoring,same accession=0001045810-25-000209; filing=2025-08-27; legacy_start=2025-10-01; expanded_effective=2025-08-28; original-boundary reconstruction exact; independent next-session oracle
labeled_stage8,2025-10-08,q_effective_date_basis,sample_start_truncated,observed_next_session,legacy_pre_window_filing_effective_date_left_censoring,same accession=0001045810-25-000209; filing=2025-08-27; legacy_start=2025-10-01; expanded_effective=2025-08-28; original-boundary reconstruction exact; independent next-session oracle
labeled_stage8,2025-10-09,q_effective_date_basis,sample_start_truncated,observed_next_session,legacy_pre_window_filing_effective_date_left_censoring,same accession=0001045810-25-000209; filing=2025-08-27; legacy_start=2025-10-01; expanded_effective=2025-08-28; original-boundary reconstruction exact; independent next-session oracle
labeled_stage8,2025-10-10,q_effective_date_basis,sample_start_truncated,observed_next_session,legacy_pre_window_filing_effective_date_left_censoring,same accession=0001045810-25-000209; filing=2025-08-27; legacy_start=2025-10-01; expanded_effective=2025-08-28; original-boundary reconstruction exact; independent next-session oracle
labeled_stage8,2025-10-13,q_effective_date_basis,sample_start_truncated,observed_next_session,legacy_pre_window_filing_effective_date_left_censoring,same accession=0001045810-25-000209; filing=2025-08-27; legacy_start=2025-10-01; expanded_effective=2025-08-28; original-boundary reconstruction exact; independent next-session oracle
labeled_stage8,2025-10-14,q_effective_date_basis,sample_start_truncated,observed_next_session,legacy_pre_window_filing_effective_date_left_censoring,same accession=0001045810-25-000209; filing=2025-08-27; legacy_start=2025-10-01; expanded_effective=2025-08-28; original-boundary reconstruction exact; independent next-session oracle
labeled_stage8,2025-10-15,q_effective_date_basis,sample_start_truncated,observed_next_session,legacy_pre_window_filing_effective_date_left_censoring,same accession=0001045810-25-000209; filing=2025-08-27; legacy_start=2025-10-01; expanded_effective=2025-08-28; original-boundary reconstruction exact; independent next-session oracle
labeled_stage8,2025-10-16,q_effective_date_basis,sample_start_truncated,observed_next_session,legacy_pre_window_filing_effective_date_left_censoring,same accession=0001045810-25-000209; filing=2025-08-27; legacy_start=2025-10-01; expanded_effective=2025-08-28; original-boundary reconstruction exact; independent next-session oracle
labeled_stage8,2025-10-17,q_effective_date_basis,sample_start_truncated,observed_next_session,legacy_pre_window_filing_effective_date_left_censoring,same accession=0001045810-25-000209; filing=2025-08-27; legacy_start=2025-10-01; expanded_effective=2025-08-28; original-boundary reconstruction exact; independent next-session oracle
labeled_stage8,2025-10-20,q_effective_date_basis,sample_start_truncated,observed_next_session,legacy_pre_window_filing_effective_date_left_censoring,same accession=0001045810-25-000209; filing=2025-08-27; legacy_start=2025-10-01; expanded_effective=2025-08-28; original-boundary reconstruction exact; independent next-session oracle
labeled_stage8,2025-10-21,q_effective_date_basis,sample_start_truncated,observed_next_session,legacy_pre_window_filing_effective_date_left_censoring,same accession=0001045810-25-000209; filing=2025-08-27; legacy_start=2025-10-01; expanded_effective=2025-08-28; original-boundary reconstruction exact; independent next-session oracle
labeled_stage8,2025-10-22,q_effective_date_basis,sample_start_truncated,observed_next_session,legacy_pre_window_filing_effective_date_left_censoring,same accession=0001045810-25-000209; filing=2025-08-27; legacy_start=2025-10-01; expanded_effective=2025-08-28; original-boundary reconstruction exact; independent next-session oracle
labeled_stage8,2025-10-23,q_effective_date_basis,sample_start_truncated,observed_next_session,legacy_pre_window_filing_effective_date_left_censoring,same accession=0001045810-25-000209; filing=2025-08-27; legacy_start=2025-10-01; expanded_effective=2025-08-28; original-boundary reconstruction exact; independent next-session oracle
labeled_stage8,2025-10-24,q_effective_date_basis,sample_start_truncated,observed_next_session,legacy_pre_window_filing_effective_date_left_censoring,same accession=0001045810-25-000209; filing=2025-08-27; legacy_start=2025-10-01; expanded_effective=2025-08-28; original-boundary reconstruction exact; independent next-session oracle
labeled_stage8,2025-10-27,q_effective_date_basis,sample_start_truncated,observed_next_session,legacy_pre_window_filing_effective_date_left_censoring,same accession=0001045810-25-000209; filing=2025-08-27; legacy_start=2025-10-01; expanded_effective=2025-08-28; original-boundary reconstruction exact; independent next-session oracle
labeled_stage8,2025-10-28,q_effective_date_basis,sample_start_truncated,observed_next_session,legacy_pre_window_filing_effective_date_left_censoring,same accession=0001045810-25-000209; filing=2025-08-27; legacy_start=2025-10-01; expanded_effective=2025-08-28; original-boundary reconstruction exact; independent next-session oracle
labeled_stage8,2025-10-29,q_effective_date_basis,sample_start_truncated,observed_next_session,legacy_pre_window_filing_effective_date_left_censoring,same accession=0001045810-25-000209; filing=2025-08-27; legacy_start=2025-10-01; expanded_effective=2025-08-28; original-boundary reconstruction exact; independent next-session oracle
labeled_stage8,2025-10-30,q_effective_date_basis,sample_start_truncated,observed_next_session,legacy_pre_window_filing_effective_date_left_censoring,same accession=0001045810-25-000209; filing=2025-08-27; legacy_start=2025-10-01; expanded_effective=2025-08-28; original-boundary reconstruction exact; independent next-session oracle
labeled_stage8,2025-10-31,q_effective_date_basis,sample_start_truncated,observed_next_session,legacy_pre_window_filing_effective_date_left_censoring,same accession=0001045810-25-000209; filing=2025-08-27; legacy_start=2025-10-01; expanded_effective=2025-08-28; original-boundary reconstruction exact; independent next-session oracle
labeled_stage8,2025-11-03,q_effective_date_basis,sample_start_truncated,observed_next_session,legacy_pre_window_filing_effective_date_left_censoring,same accession=0001045810-25-000209; filing=2025-08-27; legacy_start=2025-10-01; expanded_effective=2025-08-28; original-boundary reconstruction exact; independent next-session oracle
labeled_stage8,2025-11-04,q_effective_date_basis,sample_start_truncated,observed_next_session,legacy_pre_window_filing_effective_date_left_censoring,same accession=0001045810-25-000209; filing=2025-08-27; legacy_start=2025-10-01; expanded_effective=2025-08-28; original-boundary reconstruction exact; independent next-session oracle
labeled_stage8,2025-11-05,q_effective_date_basis,sample_start_truncated,observed_next_session,legacy_pre_window_filing_effective_date_left_censoring,same accession=0001045810-25-000209; filing=2025-08-27; legacy_start=2025-10-01; expanded_effective=2025-08-28; original-boundary reconstruction exact; independent next-session oracle
labeled_stage8,2025-11-06,q_effective_date_basis,sample_start_truncated,observed_next_session,legacy_pre_window_filing_effective_date_left_censoring,same accession=0001045810-25-000209; filing=2025-08-27; legacy_start=2025-10-01; expanded_effective=2025-08-28; original-boundary reconstruction exact; independent next-session oracle
labeled_stage8,2025-11-07,q_effective_date_basis,sample_start_truncated,observed_next_session,legacy_pre_window_filing_effective_date_left_censoring,same accession=0001045810-25-000209; filing=2025-08-27; legacy_start=2025-10-01; expanded_effective=2025-08-28; original-boundary reconstruction exact; independent next-session oracle
labeled_stage8,2025-11-10,q_effective_date_basis,sample_start_truncated,observed_next_session,legacy_pre_window_filing_effective_date_left_censoring,same accession=0001045810-25-000209; filing=2025-08-27; legacy_start=2025-10-01; expanded_effective=2025-08-28; original-boundary reconstruction exact; independent next-session oracle
labeled_stage8,2025-11-11,q_effective_date_basis,sample_start_truncated,observed_next_session,legacy_pre_window_filing_effective_date_left_censoring,same accession=0001045810-25-000209; filing=2025-08-27; legacy_start=2025-10-01; expanded_effective=2025-08-28; original-boundary reconstruction exact; independent next-session oracle
labeled_stage8,2025-11-12,q_effective_date_basis,sample_start_truncated,observed_next_session,legacy_pre_window_filing_effective_date_left_censoring,same accession=0001045810-25-000209; filing=2025-08-27; legacy_start=2025-10-01; expanded_effective=2025-08-28; original-boundary reconstruction exact; independent next-session oracle
labeled_stage8,2025-11-13,q_effective_date_basis,sample_start_truncated,observed_next_session,legacy_pre_window_filing_effective_date_left_censoring,same accession=0001045810-25-000209; filing=2025-08-27; legacy_start=2025-10-01; expanded_effective=2025-08-28; original-boundary reconstruction exact; independent next-session oracle
labeled_stage8,2025-11-14,q_effective_date_basis,sample_start_truncated,observed_next_session,legacy_pre_window_filing_effective_date_left_censoring,same accession=0001045810-25-000209; filing=2025-08-27; legacy_start=2025-10-01; expanded_effective=2025-08-28; original-boundary reconstruction exact; independent next-session oracle
labeled_stage8,2025-11-17,q_effective_date_basis,sample_start_truncated,observed_next_session,legacy_pre_window_filing_effective_date_left_censoring,same accession=0001045810-25-000209; filing=2025-08-27; legacy_start=2025-10-01; expanded_effective=2025-08-28; original-boundary reconstruction exact; independent next-session oracle
labeled_stage8,2025-11-18,q_effective_date_basis,sample_start_truncated,observed_next_session,legacy_pre_window_filing_effective_date_left_censoring,same accession=0001045810-25-000209; filing=2025-08-27; legacy_start=2025-10-01; expanded_effective=2025-08-28; original-boundary reconstruction exact; independent next-session oracle
labeled_stage8,2025-11-19,q_effective_date_basis,sample_start_truncated,observed_next_session,legacy_pre_window_filing_effective_date_left_censoring,same accession=0001045810-25-000209; filing=2025-08-27; legacy_start=2025-10-01; expanded_effective=2025-08-28; original-boundary reconstruction exact; independent next-session oracle
labeled_stage8,2025-10-01,q_days_since_effective_date,0,34,legacy_pre_window_filing_effective_date_left_censoring,same accession=0001045810-25-000209; filing=2025-08-27; legacy_start=2025-10-01; expanded_effective=2025-08-28; original-boundary reconstruction exact; independent next-session oracle
labeled_stage8,2025-10-02,q_days_since_effective_date,1,35,legacy_pre_window_filing_effective_date_left_censoring,same accession=0001045810-25-000209; filing=2025-08-27; legacy_start=2025-10-01; expanded_effective=2025-08-28; original-boundary reconstruction exact; independent next-session oracle
labeled_stage8,2025-10-03,q_days_since_effective_date,2,36,legacy_pre_window_filing_effective_date_left_censoring,same accession=0001045810-25-000209; filing=2025-08-27; legacy_start=2025-10-01; expanded_effective=2025-08-28; original-boundary reconstruction exact; independent next-session oracle
labeled_stage8,2025-10-06,q_days_since_effective_date,5,39,legacy_pre_window_filing_effective_date_left_censoring,same accession=0001045810-25-000209; filing=2025-08-27; legacy_start=2025-10-01; expanded_effective=2025-08-28; original-boundary reconstruction exact; independent next-session oracle
labeled_stage8,2025-10-07,q_days_since_effective_date,6,40,legacy_pre_window_filing_effective_date_left_censoring,same accession=0001045810-25-000209; filing=2025-08-27; legacy_start=2025-10-01; expanded_effective=2025-08-28; original-boundary reconstruction exact; independent next-session oracle
labeled_stage8,2025-10-08,q_days_since_effective_date,7,41,legacy_pre_window_filing_effective_date_left_censoring,same accession=0001045810-25-000209; filing=2025-08-27; legacy_start=2025-10-01; expanded_effective=2025-08-28; original-boundary reconstruction exact; independent next-session oracle
labeled_stage8,2025-10-09,q_days_since_effective_date,8,42,legacy_pre_window_filing_effective_date_left_censoring,same accession=0001045810-25-000209; filing=2025-08-27; legacy_start=2025-10-01; expanded_effective=2025-08-28; original-boundary reconstruction exact; independent next-session oracle
labeled_stage8,2025-10-10,q_days_since_effective_date,9,43,legacy_pre_window_filing_effective_date_left_censoring,same accession=0001045810-25-000209; filing=2025-08-27; legacy_start=2025-10-01; expanded_effective=2025-08-28; original-boundary reconstruction exact; independent next-session oracle
labeled_stage8,2025-10-13,q_days_since_effective_date,12,46,legacy_pre_window_filing_effective_date_left_censoring,same accession=0001045810-25-000209; filing=2025-08-27; legacy_start=2025-10-01; expanded_effective=2025-08-28; original-boundary reconstruction exact; independent next-session oracle
labeled_stage8,2025-10-14,q_days_since_effective_date,13,47,legacy_pre_window_filing_effective_date_left_censoring,same accession=0001045810-25-000209; filing=2025-08-27; legacy_start=2025-10-01; expanded_effective=2025-08-28; original-boundary reconstruction exact; independent next-session oracle
labeled_stage8,2025-10-15,q_days_since_effective_date,14,48,legacy_pre_window_filing_effective_date_left_censoring,same accession=0001045810-25-000209; filing=2025-08-27; legacy_start=2025-10-01; expanded_effective=2025-08-28; original-boundary reconstruction exact; independent next-session oracle
labeled_stage8,2025-10-16,q_days_since_effective_date,15,49,legacy_pre_window_filing_effective_date_left_censoring,same accession=0001045810-25-000209; filing=2025-08-27; legacy_start=2025-10-01; expanded_effective=2025-08-28; original-boundary reconstruction exact; independent next-session oracle
labeled_stage8,2025-10-17,q_days_since_effective_date,16,50,legacy_pre_window_filing_effective_date_left_censoring,same accession=0001045810-25-000209; filing=2025-08-27; legacy_start=2025-10-01; expanded_effective=2025-08-28; original-boundary reconstruction exact; independent next-session oracle
labeled_stage8,2025-10-20,q_days_since_effective_date,19,53,legacy_pre_window_filing_effective_date_left_censoring,same accession=0001045810-25-000209; filing=2025-08-27; legacy_start=2025-10-01; expanded_effective=2025-08-28; original-boundary reconstruction exact; independent next-session oracle
labeled_stage8,2025-10-21,q_days_since_effective_date,20,54,legacy_pre_window_filing_effective_date_left_censoring,same accession=0001045810-25-000209; filing=2025-08-27; legacy_start=2025-10-01; expanded_effective=2025-08-28; original-boundary reconstruction exact; independent next-session oracle
labeled_stage8,2025-10-22,q_days_since_effective_date,21,55,legacy_pre_window_filing_effective_date_left_censoring,same accession=0001045810-25-000209; filing=2025-08-27; legacy_start=2025-10-01; expanded_effective=2025-08-28; original-boundary reconstruction exact; independent next-session oracle
labeled_stage8,2025-10-23,q_days_since_effective_date,22,56,legacy_pre_window_filing_effective_date_left_censoring,same accession=0001045810-25-000209; filing=2025-08-27; legacy_start=2025-10-01; expanded_effective=2025-08-28; original-boundary reconstruction exact; independent next-session oracle
labeled_stage8,2025-10-24,q_days_since_effective_date,23,57,legacy_pre_window_filing_effective_date_left_censoring,same accession=0001045810-25-000209; filing=2025-08-27; legacy_start=2025-10-01; expanded_effective=2025-08-28; original-boundary reconstruction exact; independent next-session oracle
labeled_stage8,2025-10-27,q_days_since_effective_date,26,60,legacy_pre_window_filing_effective_date_left_censoring,same accession=0001045810-25-000209; filing=2025-08-27; legacy_start=2025-10-01; expanded_effective=2025-08-28; original-boundary reconstruction exact; independent next-session oracle
labeled_stage8,2025-10-28,q_days_since_effective_date,27,61,legacy_pre_window_filing_effective_date_left_censoring,same accession=0001045810-25-000209; filing=2025-08-27; legacy_start=2025-10-01; expanded_effective=2025-08-28; original-boundary reconstruction exact; independent next-session oracle
labeled_stage8,2025-10-29,q_days_since_effective_date,28,62,legacy_pre_window_filing_effective_date_left_censoring,same accession=0001045810-25-000209; filing=2025-08-27; legacy_start=2025-10-01; expanded_effective=2025-08-28; original-boundary reconstruction exact; independent next-session oracle
labeled_stage8,2025-10-30,q_days_since_effective_date,29,63,legacy_pre_window_filing_effective_date_left_censoring,same accession=0001045810-25-000209; filing=2025-08-27; legacy_start=2025-10-01; expanded_effective=2025-08-28; original-boundary reconstruction exact; independent next-session oracle
labeled_stage8,2025-10-31,q_days_since_effective_date,30,64,legacy_pre_window_filing_effective_date_left_censoring,same accession=0001045810-25-000209; filing=2025-08-27; legacy_start=2025-10-01; expanded_effective=2025-08-28; original-boundary reconstruction exact; independent next-session oracle
labeled_stage8,2025-11-03,q_days_since_effective_date,33,67,legacy_pre_window_filing_effective_date_left_censoring,same accession=0001045810-25-000209; filing=2025-08-27; legacy_start=2025-10-01; expanded_effective=2025-08-28; original-boundary reconstruction exact; independent next-session oracle
labeled_stage8,2025-11-04,q_days_since_effective_date,34,68,legacy_pre_window_filing_effective_date_left_censoring,same accession=0001045810-25-000209; filing=2025-08-27; legacy_start=2025-10-01; expanded_effective=2025-08-28; original-boundary reconstruction exact; independent next-session oracle
labeled_stage8,2025-11-05,q_days_since_effective_date,35,69,legacy_pre_window_filing_effective_date_left_censoring,same accession=0001045810-25-000209; filing=2025-08-27; legacy_start=2025-10-01; expanded_effective=2025-08-28; original-boundary reconstruction exact; independent next-session oracle
labeled_stage8,2025-11-06,q_days_since_effective_date,36,70,legacy_pre_window_filing_effective_date_left_censoring,same accession=0001045810-25-000209; filing=2025-08-27; legacy_start=2025-10-01; expanded_effective=2025-08-28; original-boundary reconstruction exact; independent next-session oracle
labeled_stage8,2025-11-07,q_days_since_effective_date,37,71,legacy_pre_window_filing_effective_date_left_censoring,same accession=0001045810-25-000209; filing=2025-08-27; legacy_start=2025-10-01; expanded_effective=2025-08-28; original-boundary reconstruction exact; independent next-session oracle
labeled_stage8,2025-11-10,q_days_since_effective_date,40,74,legacy_pre_window_filing_effective_date_left_censoring,same accession=0001045810-25-000209; filing=2025-08-27; legacy_start=2025-10-01; expanded_effective=2025-08-28; original-boundary reconstruction exact; independent next-session oracle
labeled_stage8,2025-11-11,q_days_since_effective_date,41,75,legacy_pre_window_filing_effective_date_left_censoring,same accession=0001045810-25-000209; filing=2025-08-27; legacy_start=2025-10-01; expanded_effective=2025-08-28; original-boundary reconstruction exact; independent next-session oracle
labeled_stage8,2025-11-12,q_days_since_effective_date,42,76,legacy_pre_window_filing_effective_date_left_censoring,same accession=0001045810-25-000209; filing=2025-08-27; legacy_start=2025-10-01; expanded_effective=2025-08-28; original-boundary reconstruction exact; independent next-session oracle
labeled_stage8,2025-11-13,q_days_since_effective_date,43,77,legacy_pre_window_filing_effective_date_left_censoring,same accession=0001045810-25-000209; filing=2025-08-27; legacy_start=2025-10-01; expanded_effective=2025-08-28; original-boundary reconstruction exact; independent next-session oracle
labeled_stage8,2025-11-14,q_days_since_effective_date,44,78,legacy_pre_window_filing_effective_date_left_censoring,same accession=0001045810-25-000209; filing=2025-08-27; legacy_start=2025-10-01; expanded_effective=2025-08-28; original-boundary reconstruction exact; independent next-session oracle
labeled_stage8,2025-11-17,q_days_since_effective_date,47,81,legacy_pre_window_filing_effective_date_left_censoring,same accession=0001045810-25-000209; filing=2025-08-27; legacy_start=2025-10-01; expanded_effective=2025-08-28; original-boundary reconstruction exact; independent next-session oracle
labeled_stage8,2025-11-18,q_days_since_effective_date,48,82,legacy_pre_window_filing_effective_date_left_censoring,same accession=0001045810-25-000209; filing=2025-08-27; legacy_start=2025-10-01; expanded_effective=2025-08-28; original-boundary reconstruction exact; independent next-session oracle
labeled_stage8,2025-11-19,q_days_since_effective_date,49,83,legacy_pre_window_filing_effective_date_left_censoring,same accession=0001045810-25-000209; filing=2025-08-27; legacy_start=2025-10-01; expanded_effective=2025-08-28; original-boundary reconstruction exact; independent next-session oracle
labeled_stage8,2025-10-01,fy_effective_date,2025-10-01,2025-02-27,legacy_pre_window_filing_effective_date_left_censoring,same accession=0001045810-25-000023; filing=2025-02-26; legacy_start=2025-10-01; expanded_effective=2025-02-27; original-boundary reconstruction exact; independent next-session oracle
labeled_stage8,2025-10-02,fy_effective_date,2025-10-01,2025-02-27,legacy_pre_window_filing_effective_date_left_censoring,same accession=0001045810-25-000023; filing=2025-02-26; legacy_start=2025-10-01; expanded_effective=2025-02-27; original-boundary reconstruction exact; independent next-session oracle
labeled_stage8,2025-10-03,fy_effective_date,2025-10-01,2025-02-27,legacy_pre_window_filing_effective_date_left_censoring,same accession=0001045810-25-000023; filing=2025-02-26; legacy_start=2025-10-01; expanded_effective=2025-02-27; original-boundary reconstruction exact; independent next-session oracle
labeled_stage8,2025-10-06,fy_effective_date,2025-10-01,2025-02-27,legacy_pre_window_filing_effective_date_left_censoring,same accession=0001045810-25-000023; filing=2025-02-26; legacy_start=2025-10-01; expanded_effective=2025-02-27; original-boundary reconstruction exact; independent next-session oracle
labeled_stage8,2025-10-07,fy_effective_date,2025-10-01,2025-02-27,legacy_pre_window_filing_effective_date_left_censoring,same accession=0001045810-25-000023; filing=2025-02-26; legacy_start=2025-10-01; expanded_effective=2025-02-27; original-boundary reconstruction exact; independent next-session oracle
labeled_stage8,2025-10-08,fy_effective_date,2025-10-01,2025-02-27,legacy_pre_window_filing_effective_date_left_censoring,same accession=0001045810-25-000023; filing=2025-02-26; legacy_start=2025-10-01; expanded_effective=2025-02-27; original-boundary reconstruction exact; independent next-session oracle
labeled_stage8,2025-10-09,fy_effective_date,2025-10-01,2025-02-27,legacy_pre_window_filing_effective_date_left_censoring,same accession=0001045810-25-000023; filing=2025-02-26; legacy_start=2025-10-01; expanded_effective=2025-02-27; original-boundary reconstruction exact; independent next-session oracle
labeled_stage8,2025-10-10,fy_effective_date,2025-10-01,2025-02-27,legacy_pre_window_filing_effective_date_left_censoring,same accession=0001045810-25-000023; filing=2025-02-26; legacy_start=2025-10-01; expanded_effective=2025-02-27; original-boundary reconstruction exact; independent next-session oracle
labeled_stage8,2025-10-13,fy_effective_date,2025-10-01,2025-02-27,legacy_pre_window_filing_effective_date_left_censoring,same accession=0001045810-25-000023; filing=2025-02-26; legacy_start=2025-10-01; expanded_effective=2025-02-27; original-boundary reconstruction exact; independent next-session oracle
labeled_stage8,2025-10-14,fy_effective_date,2025-10-01,2025-02-27,legacy_pre_window_filing_effective_date_left_censoring,same accession=0001045810-25-000023; filing=2025-02-26; legacy_start=2025-10-01; expanded_effective=2025-02-27; original-boundary reconstruction exact; independent next-session oracle
labeled_stage8,2025-10-15,fy_effective_date,2025-10-01,2025-02-27,legacy_pre_window_filing_effective_date_left_censoring,same accession=0001045810-25-000023; filing=2025-02-26; legacy_start=2025-10-01; expanded_effective=2025-02-27; original-boundary reconstruction exact; independent next-session oracle
labeled_stage8,2025-10-16,fy_effective_date,2025-10-01,2025-02-27,legacy_pre_window_filing_effective_date_left_censoring,same accession=0001045810-25-000023; filing=2025-02-26; legacy_start=2025-10-01; expanded_effective=2025-02-27; original-boundary reconstruction exact; independent next-session oracle
labeled_stage8,2025-10-17,fy_effective_date,2025-10-01,2025-02-27,legacy_pre_window_filing_effective_date_left_censoring,same accession=0001045810-25-000023; filing=2025-02-26; legacy_start=2025-10-01; expanded_effective=2025-02-27; original-boundary reconstruction exact; independent next-session oracle
labeled_stage8,2025-10-20,fy_effective_date,2025-10-01,2025-02-27,legacy_pre_window_filing_effective_date_left_censoring,same accession=0001045810-25-000023; filing=2025-02-26; legacy_start=2025-10-01; expanded_effective=2025-02-27; original-boundary reconstruction exact; independent next-session oracle
labeled_stage8,2025-10-21,fy_effective_date,2025-10-01,2025-02-27,legacy_pre_window_filing_effective_date_left_censoring,same accession=0001045810-25-000023; filing=2025-02-26; legacy_start=2025-10-01; expanded_effective=2025-02-27; original-boundary reconstruction exact; independent next-session oracle
labeled_stage8,2025-10-22,fy_effective_date,2025-10-01,2025-02-27,legacy_pre_window_filing_effective_date_left_censoring,same accession=0001045810-25-000023; filing=2025-02-26; legacy_start=2025-10-01; expanded_effective=2025-02-27; original-boundary reconstruction exact; independent next-session oracle
labeled_stage8,2025-10-23,fy_effective_date,2025-10-01,2025-02-27,legacy_pre_window_filing_effective_date_left_censoring,same accession=0001045810-25-000023; filing=2025-02-26; legacy_start=2025-10-01; expanded_effective=2025-02-27; original-boundary reconstruction exact; independent next-session oracle
labeled_stage8,2025-10-24,fy_effective_date,2025-10-01,2025-02-27,legacy_pre_window_filing_effective_date_left_censoring,same accession=0001045810-25-000023; filing=2025-02-26; legacy_start=2025-10-01; expanded_effective=2025-02-27; original-boundary reconstruction exact; independent next-session oracle
labeled_stage8,2025-10-27,fy_effective_date,2025-10-01,2025-02-27,legacy_pre_window_filing_effective_date_left_censoring,same accession=0001045810-25-000023; filing=2025-02-26; legacy_start=2025-10-01; expanded_effective=2025-02-27; original-boundary reconstruction exact; independent next-session oracle
labeled_stage8,2025-10-28,fy_effective_date,2025-10-01,2025-02-27,legacy_pre_window_filing_effective_date_left_censoring,same accession=0001045810-25-000023; filing=2025-02-26; legacy_start=2025-10-01; expanded_effective=2025-02-27; original-boundary reconstruction exact; independent next-session oracle
labeled_stage8,2025-10-29,fy_effective_date,2025-10-01,2025-02-27,legacy_pre_window_filing_effective_date_left_censoring,same accession=0001045810-25-000023; filing=2025-02-26; legacy_start=2025-10-01; expanded_effective=2025-02-27; original-boundary reconstruction exact; independent next-session oracle
labeled_stage8,2025-10-30,fy_effective_date,2025-10-01,2025-02-27,legacy_pre_window_filing_effective_date_left_censoring,same accession=0001045810-25-000023; filing=2025-02-26; legacy_start=2025-10-01; expanded_effective=2025-02-27; original-boundary reconstruction exact; independent next-session oracle
labeled_stage8,2025-10-31,fy_effective_date,2025-10-01,2025-02-27,legacy_pre_window_filing_effective_date_left_censoring,same accession=0001045810-25-000023; filing=2025-02-26; legacy_start=2025-10-01; expanded_effective=2025-02-27; original-boundary reconstruction exact; independent next-session oracle
labeled_stage8,2025-11-03,fy_effective_date,2025-10-01,2025-02-27,legacy_pre_window_filing_effective_date_left_censoring,same accession=0001045810-25-000023; filing=2025-02-26; legacy_start=2025-10-01; expanded_effective=2025-02-27; original-boundary reconstruction exact; independent next-session oracle
labeled_stage8,2025-11-04,fy_effective_date,2025-10-01,2025-02-27,legacy_pre_window_filing_effective_date_left_censoring,same accession=0001045810-25-000023; filing=2025-02-26; legacy_start=2025-10-01; expanded_effective=2025-02-27; original-boundary reconstruction exact; independent next-session oracle
labeled_stage8,2025-11-05,fy_effective_date,2025-10-01,2025-02-27,legacy_pre_window_filing_effective_date_left_censoring,same accession=0001045810-25-000023; filing=2025-02-26; legacy_start=2025-10-01; expanded_effective=2025-02-27; original-boundary reconstruction exact; independent next-session oracle
labeled_stage8,2025-11-06,fy_effective_date,2025-10-01,2025-02-27,legacy_pre_window_filing_effective_date_left_censoring,same accession=0001045810-25-000023; filing=2025-02-26; legacy_start=2025-10-01; expanded_effective=2025-02-27; original-boundary reconstruction exact; independent next-session oracle
labeled_stage8,2025-11-07,fy_effective_date,2025-10-01,2025-02-27,legacy_pre_window_filing_effective_date_left_censoring,same accession=0001045810-25-000023; filing=2025-02-26; legacy_start=2025-10-01; expanded_effective=2025-02-27; original-boundary reconstruction exact; independent next-session oracle
labeled_stage8,2025-11-10,fy_effective_date,2025-10-01,2025-02-27,legacy_pre_window_filing_effective_date_left_censoring,same accession=0001045810-25-000023; filing=2025-02-26; legacy_start=2025-10-01; expanded_effective=2025-02-27; original-boundary reconstruction exact; independent next-session oracle
labeled_stage8,2025-11-11,fy_effective_date,2025-10-01,2025-02-27,legacy_pre_window_filing_effective_date_left_censoring,same accession=0001045810-25-000023; filing=2025-02-26; legacy_start=2025-10-01; expanded_effective=2025-02-27; original-boundary reconstruction exact; independent next-session oracle
labeled_stage8,2025-11-12,fy_effective_date,2025-10-01,2025-02-27,legacy_pre_window_filing_effective_date_left_censoring,same accession=0001045810-25-000023; filing=2025-02-26; legacy_start=2025-10-01; expanded_effective=2025-02-27; original-boundary reconstruction exact; independent next-session oracle
labeled_stage8,2025-11-13,fy_effective_date,2025-10-01,2025-02-27,legacy_pre_window_filing_effective_date_left_censoring,same accession=0001045810-25-000023; filing=2025-02-26; legacy_start=2025-10-01; expanded_effective=2025-02-27; original-boundary reconstruction exact; independent next-session oracle
labeled_stage8,2025-11-14,fy_effective_date,2025-10-01,2025-02-27,legacy_pre_window_filing_effective_date_left_censoring,same accession=0001045810-25-000023; filing=2025-02-26; legacy_start=2025-10-01; expanded_effective=2025-02-27; original-boundary reconstruction exact; independent next-session oracle
labeled_stage8,2025-11-17,fy_effective_date,2025-10-01,2025-02-27,legacy_pre_window_filing_effective_date_left_censoring,same accession=0001045810-25-000023; filing=2025-02-26; legacy_start=2025-10-01; expanded_effective=2025-02-27; original-boundary reconstruction exact; independent next-session oracle
labeled_stage8,2025-11-18,fy_effective_date,2025-10-01,2025-02-27,legacy_pre_window_filing_effective_date_left_censoring,same accession=0001045810-25-000023; filing=2025-02-26; legacy_start=2025-10-01; expanded_effective=2025-02-27; original-boundary reconstruction exact; independent next-session oracle
labeled_stage8,2025-11-19,fy_effective_date,2025-10-01,2025-02-27,legacy_pre_window_filing_effective_date_left_censoring,same accession=0001045810-25-000023; filing=2025-02-26; legacy_start=2025-10-01; expanded_effective=2025-02-27; original-boundary reconstruction exact; independent next-session oracle
labeled_stage8,2025-11-20,fy_effective_date,2025-10-01,2025-02-27,legacy_pre_window_filing_effective_date_left_censoring,same accession=0001045810-25-000023; filing=2025-02-26; legacy_start=2025-10-01; expanded_effective=2025-02-27; original-boundary reconstruction exact; independent next-session oracle
labeled_stage8,2025-11-21,fy_effective_date,2025-10-01,2025-02-27,legacy_pre_window_filing_effective_date_left_censoring,same accession=0001045810-25-000023; filing=2025-02-26; legacy_start=2025-10-01; expanded_effective=2025-02-27; original-boundary reconstruction exact; independent next-session oracle
labeled_stage8,2025-11-24,fy_effective_date,2025-10-01,2025-02-27,legacy_pre_window_filing_effective_date_left_censoring,same accession=0001045810-25-000023; filing=2025-02-26; legacy_start=2025-10-01; expanded_effective=2025-02-27; original-boundary reconstruction exact; independent next-session oracle
labeled_stage8,2025-11-25,fy_effective_date,2025-10-01,2025-02-27,legacy_pre_window_filing_effective_date_left_censoring,same accession=0001045810-25-000023; filing=2025-02-26; legacy_start=2025-10-01; expanded_effective=2025-02-27; original-boundary reconstruction exact; independent next-session oracle
labeled_stage8,2025-11-26,fy_effective_date,2025-10-01,2025-02-27,legacy_pre_window_filing_effective_date_left_censoring,same accession=0001045810-25-000023; filing=2025-02-26; legacy_start=2025-10-01; expanded_effective=2025-02-27; original-boundary reconstruction exact; independent next-session oracle
labeled_stage8,2025-11-28,fy_effective_date,2025-10-01,2025-02-27,legacy_pre_window_filing_effective_date_left_censoring,same accession=0001045810-25-000023; filing=2025-02-26; legacy_start=2025-10-01; expanded_effective=2025-02-27; original-boundary reconstruction exact; independent next-session oracle
labeled_stage8,2025-12-01,fy_effective_date,2025-10-01,2025-02-27,legacy_pre_window_filing_effective_date_left_censoring,same accession=0001045810-25-000023; filing=2025-02-26; legacy_start=2025-10-01; expanded_effective=2025-02-27; original-boundary reconstruction exact; independent next-session oracle
labeled_stage8,2025-12-02,fy_effective_date,2025-10-01,2025-02-27,legacy_pre_window_filing_effective_date_left_censoring,same accession=0001045810-25-000023; filing=2025-02-26; legacy_start=2025-10-01; expanded_effective=2025-02-27; original-boundary reconstruction exact; independent next-session oracle
labeled_stage8,2025-12-03,fy_effective_date,2025-10-01,2025-02-27,legacy_pre_window_filing_effective_date_left_censoring,same accession=0001045810-25-000023; filing=2025-02-26; legacy_start=2025-10-01; expanded_effective=2025-02-27; original-boundary reconstruction exact; independent next-session oracle
labeled_stage8,2025-12-04,fy_effective_date,2025-10-01,2025-02-27,legacy_pre_window_filing_effective_date_left_censoring,same accession=0001045810-25-000023; filing=2025-02-26; legacy_start=2025-10-01; expanded_effective=2025-02-27; original-boundary reconstruction exact; independent next-session oracle
labeled_stage8,2025-12-05,fy_effective_date,2025-10-01,2025-02-27,legacy_pre_window_filing_effective_date_left_censoring,same accession=0001045810-25-000023; filing=2025-02-26; legacy_start=2025-10-01; expanded_effective=2025-02-27; original-boundary reconstruction exact; independent next-session oracle
labeled_stage8,2025-12-08,fy_effective_date,2025-10-01,2025-02-27,legacy_pre_window_filing_effective_date_left_censoring,same accession=0001045810-25-000023; filing=2025-02-26; legacy_start=2025-10-01; expanded_effective=2025-02-27; original-boundary reconstruction exact; independent next-session oracle
labeled_stage8,2025-12-09,fy_effective_date,2025-10-01,2025-02-27,legacy_pre_window_filing_effective_date_left_censoring,same accession=0001045810-25-000023; filing=2025-02-26; legacy_start=2025-10-01; expanded_effective=2025-02-27; original-boundary reconstruction exact; independent next-session oracle
labeled_stage8,2025-12-10,fy_effective_date,2025-10-01,2025-02-27,legacy_pre_window_filing_effective_date_left_censoring,same accession=0001045810-25-000023; filing=2025-02-26; legacy_start=2025-10-01; expanded_effective=2025-02-27; original-boundary reconstruction exact; independent next-session oracle
labeled_stage8,2025-12-11,fy_effective_date,2025-10-01,2025-02-27,legacy_pre_window_filing_effective_date_left_censoring,same accession=0001045810-25-000023; filing=2025-02-26; legacy_start=2025-10-01; expanded_effective=2025-02-27; original-boundary reconstruction exact; independent next-session oracle
labeled_stage8,2025-12-12,fy_effective_date,2025-10-01,2025-02-27,legacy_pre_window_filing_effective_date_left_censoring,same accession=0001045810-25-000023; filing=2025-02-26; legacy_start=2025-10-01; expanded_effective=2025-02-27; original-boundary reconstruction exact; independent next-session oracle
labeled_stage8,2025-12-15,fy_effective_date,2025-10-01,2025-02-27,legacy_pre_window_filing_effective_date_left_censoring,same accession=0001045810-25-000023; filing=2025-02-26; legacy_start=2025-10-01; expanded_effective=2025-02-27; original-boundary reconstruction exact; independent next-session oracle
labeled_stage8,2025-12-16,fy_effective_date,2025-10-01,2025-02-27,legacy_pre_window_filing_effective_date_left_censoring,same accession=0001045810-25-000023; filing=2025-02-26; legacy_start=2025-10-01; expanded_effective=2025-02-27; original-boundary reconstruction exact; independent next-session oracle
labeled_stage8,2025-12-17,fy_effective_date,2025-10-01,2025-02-27,legacy_pre_window_filing_effective_date_left_censoring,same accession=0001045810-25-000023; filing=2025-02-26; legacy_start=2025-10-01; expanded_effective=2025-02-27; original-boundary reconstruction exact; independent next-session oracle
labeled_stage8,2025-12-18,fy_effective_date,2025-10-01,2025-02-27,legacy_pre_window_filing_effective_date_left_censoring,same accession=0001045810-25-000023; filing=2025-02-26; legacy_start=2025-10-01; expanded_effective=2025-02-27; original-boundary reconstruction exact; independent next-session oracle
labeled_stage8,2025-12-19,fy_effective_date,2025-10-01,2025-02-27,legacy_pre_window_filing_effective_date_left_censoring,same accession=0001045810-25-000023; filing=2025-02-26; legacy_start=2025-10-01; expanded_effective=2025-02-27; original-boundary reconstruction exact; independent next-session oracle
labeled_stage8,2025-12-22,fy_effective_date,2025-10-01,2025-02-27,legacy_pre_window_filing_effective_date_left_censoring,same accession=0001045810-25-000023; filing=2025-02-26; legacy_start=2025-10-01; expanded_effective=2025-02-27; original-boundary reconstruction exact; independent next-session oracle
labeled_stage8,2025-12-23,fy_effective_date,2025-10-01,2025-02-27,legacy_pre_window_filing_effective_date_left_censoring,same accession=0001045810-25-000023; filing=2025-02-26; legacy_start=2025-10-01; expanded_effective=2025-02-27; original-boundary reconstruction exact; independent next-session oracle
labeled_stage8,2025-12-24,fy_effective_date,2025-10-01,2025-02-27,legacy_pre_window_filing_effective_date_left_censoring,same accession=0001045810-25-000023; filing=2025-02-26; legacy_start=2025-10-01; expanded_effective=2025-02-27; original-boundary reconstruction exact; independent next-session oracle
labeled_stage8,2025-12-26,fy_effective_date,2025-10-01,2025-02-27,legacy_pre_window_filing_effective_date_left_censoring,same accession=0001045810-25-000023; filing=2025-02-26; legacy_start=2025-10-01; expanded_effective=2025-02-27; original-boundary reconstruction exact; independent next-session oracle
labeled_stage8,2025-12-29,fy_effective_date,2025-10-01,2025-02-27,legacy_pre_window_filing_effective_date_left_censoring,same accession=0001045810-25-000023; filing=2025-02-26; legacy_start=2025-10-01; expanded_effective=2025-02-27; original-boundary reconstruction exact; independent next-session oracle
labeled_stage8,2025-12-30,fy_effective_date,2025-10-01,2025-02-27,legacy_pre_window_filing_effective_date_left_censoring,same accession=0001045810-25-000023; filing=2025-02-26; legacy_start=2025-10-01; expanded_effective=2025-02-27; original-boundary reconstruction exact; independent next-session oracle
labeled_stage8,2025-12-31,fy_effective_date,2025-10-01,2025-02-27,legacy_pre_window_filing_effective_date_left_censoring,same accession=0001045810-25-000023; filing=2025-02-26; legacy_start=2025-10-01; expanded_effective=2025-02-27; original-boundary reconstruction exact; independent next-session oracle
labeled_stage8,2026-01-02,fy_effective_date,2025-10-01,2025-02-27,legacy_pre_window_filing_effective_date_left_censoring,same accession=0001045810-25-000023; filing=2025-02-26; legacy_start=2025-10-01; expanded_effective=2025-02-27; original-boundary reconstruction exact; independent next-session oracle
labeled_stage8,2026-01-05,fy_effective_date,2025-10-01,2025-02-27,legacy_pre_window_filing_effective_date_left_censoring,same accession=0001045810-25-000023; filing=2025-02-26; legacy_start=2025-10-01; expanded_effective=2025-02-27; original-boundary reconstruction exact; independent next-session oracle
labeled_stage8,2026-01-06,fy_effective_date,2025-10-01,2025-02-27,legacy_pre_window_filing_effective_date_left_censoring,same accession=0001045810-25-000023; filing=2025-02-26; legacy_start=2025-10-01; expanded_effective=2025-02-27; original-boundary reconstruction exact; independent next-session oracle
labeled_stage8,2026-01-07,fy_effective_date,2025-10-01,2025-02-27,legacy_pre_window_filing_effective_date_left_censoring,same accession=0001045810-25-000023; filing=2025-02-26; legacy_start=2025-10-01; expanded_effective=2025-02-27; original-boundary reconstruction exact; independent next-session oracle
labeled_stage8,2026-01-08,fy_effective_date,2025-10-01,2025-02-27,legacy_pre_window_filing_effective_date_left_censoring,same accession=0001045810-25-000023; filing=2025-02-26; legacy_start=2025-10-01; expanded_effective=2025-02-27; original-boundary reconstruction exact; independent next-session oracle
labeled_stage8,2026-01-09,fy_effective_date,2025-10-01,2025-02-27,legacy_pre_window_filing_effective_date_left_censoring,same accession=0001045810-25-000023; filing=2025-02-26; legacy_start=2025-10-01; expanded_effective=2025-02-27; original-boundary reconstruction exact; independent next-session oracle
labeled_stage8,2026-01-12,fy_effective_date,2025-10-01,2025-02-27,legacy_pre_window_filing_effective_date_left_censoring,same accession=0001045810-25-000023; filing=2025-02-26; legacy_start=2025-10-01; expanded_effective=2025-02-27; original-boundary reconstruction exact; independent next-session oracle
labeled_stage8,2026-01-13,fy_effective_date,2025-10-01,2025-02-27,legacy_pre_window_filing_effective_date_left_censoring,same accession=0001045810-25-000023; filing=2025-02-26; legacy_start=2025-10-01; expanded_effective=2025-02-27; original-boundary reconstruction exact; independent next-session oracle
labeled_stage8,2026-01-14,fy_effective_date,2025-10-01,2025-02-27,legacy_pre_window_filing_effective_date_left_censoring,same accession=0001045810-25-000023; filing=2025-02-26; legacy_start=2025-10-01; expanded_effective=2025-02-27; original-boundary reconstruction exact; independent next-session oracle
labeled_stage8,2026-01-15,fy_effective_date,2025-10-01,2025-02-27,legacy_pre_window_filing_effective_date_left_censoring,same accession=0001045810-25-000023; filing=2025-02-26; legacy_start=2025-10-01; expanded_effective=2025-02-27; original-boundary reconstruction exact; independent next-session oracle
labeled_stage8,2026-01-16,fy_effective_date,2025-10-01,2025-02-27,legacy_pre_window_filing_effective_date_left_censoring,same accession=0001045810-25-000023; filing=2025-02-26; legacy_start=2025-10-01; expanded_effective=2025-02-27; original-boundary reconstruction exact; independent next-session oracle
labeled_stage8,2026-01-20,fy_effective_date,2025-10-01,2025-02-27,legacy_pre_window_filing_effective_date_left_censoring,same accession=0001045810-25-000023; filing=2025-02-26; legacy_start=2025-10-01; expanded_effective=2025-02-27; original-boundary reconstruction exact; independent next-session oracle
labeled_stage8,2026-01-21,fy_effective_date,2025-10-01,2025-02-27,legacy_pre_window_filing_effective_date_left_censoring,same accession=0001045810-25-000023; filing=2025-02-26; legacy_start=2025-10-01; expanded_effective=2025-02-27; original-boundary reconstruction exact; independent next-session oracle
labeled_stage8,2026-01-22,fy_effective_date,2025-10-01,2025-02-27,legacy_pre_window_filing_effective_date_left_censoring,same accession=0001045810-25-000023; filing=2025-02-26; legacy_start=2025-10-01; expanded_effective=2025-02-27; original-boundary reconstruction exact; independent next-session oracle
labeled_stage8,2026-01-23,fy_effective_date,2025-10-01,2025-02-27,legacy_pre_window_filing_effective_date_left_censoring,same accession=0001045810-25-000023; filing=2025-02-26; legacy_start=2025-10-01; expanded_effective=2025-02-27; original-boundary reconstruction exact; independent next-session oracle
labeled_stage8,2026-01-26,fy_effective_date,2025-10-01,2025-02-27,legacy_pre_window_filing_effective_date_left_censoring,same accession=0001045810-25-000023; filing=2025-02-26; legacy_start=2025-10-01; expanded_effective=2025-02-27; original-boundary reconstruction exact; independent next-session oracle
labeled_stage8,2026-01-27,fy_effective_date,2025-10-01,2025-02-27,legacy_pre_window_filing_effective_date_left_censoring,same accession=0001045810-25-000023; filing=2025-02-26; legacy_start=2025-10-01; expanded_effective=2025-02-27; original-boundary reconstruction exact; independent next-session oracle
labeled_stage8,2026-01-28,fy_effective_date,2025-10-01,2025-02-27,legacy_pre_window_filing_effective_date_left_censoring,same accession=0001045810-25-000023; filing=2025-02-26; legacy_start=2025-10-01; expanded_effective=2025-02-27; original-boundary reconstruction exact; independent next-session oracle
labeled_stage8,2026-01-29,fy_effective_date,2025-10-01,2025-02-27,legacy_pre_window_filing_effective_date_left_censoring,same accession=0001045810-25-000023; filing=2025-02-26; legacy_start=2025-10-01; expanded_effective=2025-02-27; original-boundary reconstruction exact; independent next-session oracle
labeled_stage8,2026-01-30,fy_effective_date,2025-10-01,2025-02-27,legacy_pre_window_filing_effective_date_left_censoring,same accession=0001045810-25-000023; filing=2025-02-26; legacy_start=2025-10-01; expanded_effective=2025-02-27; original-boundary reconstruction exact; independent next-session oracle
labeled_stage8,2026-02-02,fy_effective_date,2025-10-01,2025-02-27,legacy_pre_window_filing_effective_date_left_censoring,same accession=0001045810-25-000023; filing=2025-02-26; legacy_start=2025-10-01; expanded_effective=2025-02-27; original-boundary reconstruction exact; independent next-session oracle
labeled_stage8,2026-02-03,fy_effective_date,2025-10-01,2025-02-27,legacy_pre_window_filing_effective_date_left_censoring,same accession=0001045810-25-000023; filing=2025-02-26; legacy_start=2025-10-01; expanded_effective=2025-02-27; original-boundary reconstruction exact; independent next-session oracle
labeled_stage8,2026-02-04,fy_effective_date,2025-10-01,2025-02-27,legacy_pre_window_filing_effective_date_left_censoring,same accession=0001045810-25-000023; filing=2025-02-26; legacy_start=2025-10-01; expanded_effective=2025-02-27; original-boundary reconstruction exact; independent next-session oracle
labeled_stage8,2026-02-05,fy_effective_date,2025-10-01,2025-02-27,legacy_pre_window_filing_effective_date_left_censoring,same accession=0001045810-25-000023; filing=2025-02-26; legacy_start=2025-10-01; expanded_effective=2025-02-27; original-boundary reconstruction exact; independent next-session oracle
labeled_stage8,2026-02-06,fy_effective_date,2025-10-01,2025-02-27,legacy_pre_window_filing_effective_date_left_censoring,same accession=0001045810-25-000023; filing=2025-02-26; legacy_start=2025-10-01; expanded_effective=2025-02-27; original-boundary reconstruction exact; independent next-session oracle
labeled_stage8,2026-02-09,fy_effective_date,2025-10-01,2025-02-27,legacy_pre_window_filing_effective_date_left_censoring,same accession=0001045810-25-000023; filing=2025-02-26; legacy_start=2025-10-01; expanded_effective=2025-02-27; original-boundary reconstruction exact; independent next-session oracle
labeled_stage8,2026-02-10,fy_effective_date,2025-10-01,2025-02-27,legacy_pre_window_filing_effective_date_left_censoring,same accession=0001045810-25-000023; filing=2025-02-26; legacy_start=2025-10-01; expanded_effective=2025-02-27; original-boundary reconstruction exact; independent next-session oracle
labeled_stage8,2026-02-11,fy_effective_date,2025-10-01,2025-02-27,legacy_pre_window_filing_effective_date_left_censoring,same accession=0001045810-25-000023; filing=2025-02-26; legacy_start=2025-10-01; expanded_effective=2025-02-27; original-boundary reconstruction exact; independent next-session oracle
labeled_stage8,2026-02-12,fy_effective_date,2025-10-01,2025-02-27,legacy_pre_window_filing_effective_date_left_censoring,same accession=0001045810-25-000023; filing=2025-02-26; legacy_start=2025-10-01; expanded_effective=2025-02-27; original-boundary reconstruction exact; independent next-session oracle
labeled_stage8,2026-02-13,fy_effective_date,2025-10-01,2025-02-27,legacy_pre_window_filing_effective_date_left_censoring,same accession=0001045810-25-000023; filing=2025-02-26; legacy_start=2025-10-01; expanded_effective=2025-02-27; original-boundary reconstruction exact; independent next-session oracle
labeled_stage8,2026-02-17,fy_effective_date,2025-10-01,2025-02-27,legacy_pre_window_filing_effective_date_left_censoring,same accession=0001045810-25-000023; filing=2025-02-26; legacy_start=2025-10-01; expanded_effective=2025-02-27; original-boundary reconstruction exact; independent next-session oracle
labeled_stage8,2026-02-18,fy_effective_date,2025-10-01,2025-02-27,legacy_pre_window_filing_effective_date_left_censoring,same accession=0001045810-25-000023; filing=2025-02-26; legacy_start=2025-10-01; expanded_effective=2025-02-27; original-boundary reconstruction exact; independent next-session oracle
labeled_stage8,2026-02-19,fy_effective_date,2025-10-01,2025-02-27,legacy_pre_window_filing_effective_date_left_censoring,same accession=0001045810-25-000023; filing=2025-02-26; legacy_start=2025-10-01; expanded_effective=2025-02-27; original-boundary reconstruction exact; independent next-session oracle
labeled_stage8,2026-02-20,fy_effective_date,2025-10-01,2025-02-27,legacy_pre_window_filing_effective_date_left_censoring,same accession=0001045810-25-000023; filing=2025-02-26; legacy_start=2025-10-01; expanded_effective=2025-02-27; original-boundary reconstruction exact; independent next-session oracle
labeled_stage8,2026-02-23,fy_effective_date,2025-10-01,2025-02-27,legacy_pre_window_filing_effective_date_left_censoring,same accession=0001045810-25-000023; filing=2025-02-26; legacy_start=2025-10-01; expanded_effective=2025-02-27; original-boundary reconstruction exact; independent next-session oracle
labeled_stage8,2026-02-24,fy_effective_date,2025-10-01,2025-02-27,legacy_pre_window_filing_effective_date_left_censoring,same accession=0001045810-25-000023; filing=2025-02-26; legacy_start=2025-10-01; expanded_effective=2025-02-27; original-boundary reconstruction exact; independent next-session oracle
labeled_stage8,2026-02-25,fy_effective_date,2025-10-01,2025-02-27,legacy_pre_window_filing_effective_date_left_censoring,same accession=0001045810-25-000023; filing=2025-02-26; legacy_start=2025-10-01; expanded_effective=2025-02-27; original-boundary reconstruction exact; independent next-session oracle
labeled_stage8,2025-10-01,fy_effective_date_is_sample_truncated,True,False,legacy_pre_window_filing_effective_date_left_censoring,same accession=0001045810-25-000023; filing=2025-02-26; legacy_start=2025-10-01; expanded_effective=2025-02-27; original-boundary reconstruction exact; independent next-session oracle
labeled_stage8,2025-10-02,fy_effective_date_is_sample_truncated,True,False,legacy_pre_window_filing_effective_date_left_censoring,same accession=0001045810-25-000023; filing=2025-02-26; legacy_start=2025-10-01; expanded_effective=2025-02-27; original-boundary reconstruction exact; independent next-session oracle
labeled_stage8,2025-10-03,fy_effective_date_is_sample_truncated,True,False,legacy_pre_window_filing_effective_date_left_censoring,same accession=0001045810-25-000023; filing=2025-02-26; legacy_start=2025-10-01; expanded_effective=2025-02-27; original-boundary reconstruction exact; independent next-session oracle
labeled_stage8,2025-10-06,fy_effective_date_is_sample_truncated,True,False,legacy_pre_window_filing_effective_date_left_censoring,same accession=0001045810-25-000023; filing=2025-02-26; legacy_start=2025-10-01; expanded_effective=2025-02-27; original-boundary reconstruction exact; independent next-session oracle
labeled_stage8,2025-10-07,fy_effective_date_is_sample_truncated,True,False,legacy_pre_window_filing_effective_date_left_censoring,same accession=0001045810-25-000023; filing=2025-02-26; legacy_start=2025-10-01; expanded_effective=2025-02-27; original-boundary reconstruction exact; independent next-session oracle
labeled_stage8,2025-10-08,fy_effective_date_is_sample_truncated,True,False,legacy_pre_window_filing_effective_date_left_censoring,same accession=0001045810-25-000023; filing=2025-02-26; legacy_start=2025-10-01; expanded_effective=2025-02-27; original-boundary reconstruction exact; independent next-session oracle
labeled_stage8,2025-10-09,fy_effective_date_is_sample_truncated,True,False,legacy_pre_window_filing_effective_date_left_censoring,same accession=0001045810-25-000023; filing=2025-02-26; legacy_start=2025-10-01; expanded_effective=2025-02-27; original-boundary reconstruction exact; independent next-session oracle
labeled_stage8,2025-10-10,fy_effective_date_is_sample_truncated,True,False,legacy_pre_window_filing_effective_date_left_censoring,same accession=0001045810-25-000023; filing=2025-02-26; legacy_start=2025-10-01; expanded_effective=2025-02-27; original-boundary reconstruction exact; independent next-session oracle
labeled_stage8,2025-10-13,fy_effective_date_is_sample_truncated,True,False,legacy_pre_window_filing_effective_date_left_censoring,same accession=0001045810-25-000023; filing=2025-02-26; legacy_start=2025-10-01; expanded_effective=2025-02-27; original-boundary reconstruction exact; independent next-session oracle
labeled_stage8,2025-10-14,fy_effective_date_is_sample_truncated,True,False,legacy_pre_window_filing_effective_date_left_censoring,same accession=0001045810-25-000023; filing=2025-02-26; legacy_start=2025-10-01; expanded_effective=2025-02-27; original-boundary reconstruction exact; independent next-session oracle
labeled_stage8,2025-10-15,fy_effective_date_is_sample_truncated,True,False,legacy_pre_window_filing_effective_date_left_censoring,same accession=0001045810-25-000023; filing=2025-02-26; legacy_start=2025-10-01; expanded_effective=2025-02-27; original-boundary reconstruction exact; independent next-session oracle
labeled_stage8,2025-10-16,fy_effective_date_is_sample_truncated,True,False,legacy_pre_window_filing_effective_date_left_censoring,same accession=0001045810-25-000023; filing=2025-02-26; legacy_start=2025-10-01; expanded_effective=2025-02-27; original-boundary reconstruction exact; independent next-session oracle
labeled_stage8,2025-10-17,fy_effective_date_is_sample_truncated,True,False,legacy_pre_window_filing_effective_date_left_censoring,same accession=0001045810-25-000023; filing=2025-02-26; legacy_start=2025-10-01; expanded_effective=2025-02-27; original-boundary reconstruction exact; independent next-session oracle
labeled_stage8,2025-10-20,fy_effective_date_is_sample_truncated,True,False,legacy_pre_window_filing_effective_date_left_censoring,same accession=0001045810-25-000023; filing=2025-02-26; legacy_start=2025-10-01; expanded_effective=2025-02-27; original-boundary reconstruction exact; independent next-session oracle
labeled_stage8,2025-10-21,fy_effective_date_is_sample_truncated,True,False,legacy_pre_window_filing_effective_date_left_censoring,same accession=0001045810-25-000023; filing=2025-02-26; legacy_start=2025-10-01; expanded_effective=2025-02-27; original-boundary reconstruction exact; independent next-session oracle
labeled_stage8,2025-10-22,fy_effective_date_is_sample_truncated,True,False,legacy_pre_window_filing_effective_date_left_censoring,same accession=0001045810-25-000023; filing=2025-02-26; legacy_start=2025-10-01; expanded_effective=2025-02-27; original-boundary reconstruction exact; independent next-session oracle
labeled_stage8,2025-10-23,fy_effective_date_is_sample_truncated,True,False,legacy_pre_window_filing_effective_date_left_censoring,same accession=0001045810-25-000023; filing=2025-02-26; legacy_start=2025-10-01; expanded_effective=2025-02-27; original-boundary reconstruction exact; independent next-session oracle
labeled_stage8,2025-10-24,fy_effective_date_is_sample_truncated,True,False,legacy_pre_window_filing_effective_date_left_censoring,same accession=0001045810-25-000023; filing=2025-02-26; legacy_start=2025-10-01; expanded_effective=2025-02-27; original-boundary reconstruction exact; independent next-session oracle
labeled_stage8,2025-10-27,fy_effective_date_is_sample_truncated,True,False,legacy_pre_window_filing_effective_date_left_censoring,same accession=0001045810-25-000023; filing=2025-02-26; legacy_start=2025-10-01; expanded_effective=2025-02-27; original-boundary reconstruction exact; independent next-session oracle
labeled_stage8,2025-10-28,fy_effective_date_is_sample_truncated,True,False,legacy_pre_window_filing_effective_date_left_censoring,same accession=0001045810-25-000023; filing=2025-02-26; legacy_start=2025-10-01; expanded_effective=2025-02-27; original-boundary reconstruction exact; independent next-session oracle
labeled_stage8,2025-10-29,fy_effective_date_is_sample_truncated,True,False,legacy_pre_window_filing_effective_date_left_censoring,same accession=0001045810-25-000023; filing=2025-02-26; legacy_start=2025-10-01; expanded_effective=2025-02-27; original-boundary reconstruction exact; independent next-session oracle
labeled_stage8,2025-10-30,fy_effective_date_is_sample_truncated,True,False,legacy_pre_window_filing_effective_date_left_censoring,same accession=0001045810-25-000023; filing=2025-02-26; legacy_start=2025-10-01; expanded_effective=2025-02-27; original-boundary reconstruction exact; independent next-session oracle
labeled_stage8,2025-10-31,fy_effective_date_is_sample_truncated,True,False,legacy_pre_window_filing_effective_date_left_censoring,same accession=0001045810-25-000023; filing=2025-02-26; legacy_start=2025-10-01; expanded_effective=2025-02-27; original-boundary reconstruction exact; independent next-session oracle
labeled_stage8,2025-11-03,fy_effective_date_is_sample_truncated,True,False,legacy_pre_window_filing_effective_date_left_censoring,same accession=0001045810-25-000023; filing=2025-02-26; legacy_start=2025-10-01; expanded_effective=2025-02-27; original-boundary reconstruction exact; independent next-session oracle
labeled_stage8,2025-11-04,fy_effective_date_is_sample_truncated,True,False,legacy_pre_window_filing_effective_date_left_censoring,same accession=0001045810-25-000023; filing=2025-02-26; legacy_start=2025-10-01; expanded_effective=2025-02-27; original-boundary reconstruction exact; independent next-session oracle
labeled_stage8,2025-11-05,fy_effective_date_is_sample_truncated,True,False,legacy_pre_window_filing_effective_date_left_censoring,same accession=0001045810-25-000023; filing=2025-02-26; legacy_start=2025-10-01; expanded_effective=2025-02-27; original-boundary reconstruction exact; independent next-session oracle
labeled_stage8,2025-11-06,fy_effective_date_is_sample_truncated,True,False,legacy_pre_window_filing_effective_date_left_censoring,same accession=0001045810-25-000023; filing=2025-02-26; legacy_start=2025-10-01; expanded_effective=2025-02-27; original-boundary reconstruction exact; independent next-session oracle
labeled_stage8,2025-11-07,fy_effective_date_is_sample_truncated,True,False,legacy_pre_window_filing_effective_date_left_censoring,same accession=0001045810-25-000023; filing=2025-02-26; legacy_start=2025-10-01; expanded_effective=2025-02-27; original-boundary reconstruction exact; independent next-session oracle
labeled_stage8,2025-11-10,fy_effective_date_is_sample_truncated,True,False,legacy_pre_window_filing_effective_date_left_censoring,same accession=0001045810-25-000023; filing=2025-02-26; legacy_start=2025-10-01; expanded_effective=2025-02-27; original-boundary reconstruction exact; independent next-session oracle
labeled_stage8,2025-11-11,fy_effective_date_is_sample_truncated,True,False,legacy_pre_window_filing_effective_date_left_censoring,same accession=0001045810-25-000023; filing=2025-02-26; legacy_start=2025-10-01; expanded_effective=2025-02-27; original-boundary reconstruction exact; independent next-session oracle
labeled_stage8,2025-11-12,fy_effective_date_is_sample_truncated,True,False,legacy_pre_window_filing_effective_date_left_censoring,same accession=0001045810-25-000023; filing=2025-02-26; legacy_start=2025-10-01; expanded_effective=2025-02-27; original-boundary reconstruction exact; independent next-session oracle
labeled_stage8,2025-11-13,fy_effective_date_is_sample_truncated,True,False,legacy_pre_window_filing_effective_date_left_censoring,same accession=0001045810-25-000023; filing=2025-02-26; legacy_start=2025-10-01; expanded_effective=2025-02-27; original-boundary reconstruction exact; independent next-session oracle
labeled_stage8,2025-11-14,fy_effective_date_is_sample_truncated,True,False,legacy_pre_window_filing_effective_date_left_censoring,same accession=0001045810-25-000023; filing=2025-02-26; legacy_start=2025-10-01; expanded_effective=2025-02-27; original-boundary reconstruction exact; independent next-session oracle
labeled_stage8,2025-11-17,fy_effective_date_is_sample_truncated,True,False,legacy_pre_window_filing_effective_date_left_censoring,same accession=0001045810-25-000023; filing=2025-02-26; legacy_start=2025-10-01; expanded_effective=2025-02-27; original-boundary reconstruction exact; independent next-session oracle
labeled_stage8,2025-11-18,fy_effective_date_is_sample_truncated,True,False,legacy_pre_window_filing_effective_date_left_censoring,same accession=0001045810-25-000023; filing=2025-02-26; legacy_start=2025-10-01; expanded_effective=2025-02-27; original-boundary reconstruction exact; independent next-session oracle
labeled_stage8,2025-11-19,fy_effective_date_is_sample_truncated,True,False,legacy_pre_window_filing_effective_date_left_censoring,same accession=0001045810-25-000023; filing=2025-02-26; legacy_start=2025-10-01; expanded_effective=2025-02-27; original-boundary reconstruction exact; independent next-session oracle
labeled_stage8,2025-11-20,fy_effective_date_is_sample_truncated,True,False,legacy_pre_window_filing_effective_date_left_censoring,same accession=0001045810-25-000023; filing=2025-02-26; legacy_start=2025-10-01; expanded_effective=2025-02-27; original-boundary reconstruction exact; independent next-session oracle
labeled_stage8,2025-11-21,fy_effective_date_is_sample_truncated,True,False,legacy_pre_window_filing_effective_date_left_censoring,same accession=0001045810-25-000023; filing=2025-02-26; legacy_start=2025-10-01; expanded_effective=2025-02-27; original-boundary reconstruction exact; independent next-session oracle
labeled_stage8,2025-11-24,fy_effective_date_is_sample_truncated,True,False,legacy_pre_window_filing_effective_date_left_censoring,same accession=0001045810-25-000023; filing=2025-02-26; legacy_start=2025-10-01; expanded_effective=2025-02-27; original-boundary reconstruction exact; independent next-session oracle
labeled_stage8,2025-11-25,fy_effective_date_is_sample_truncated,True,False,legacy_pre_window_filing_effective_date_left_censoring,same accession=0001045810-25-000023; filing=2025-02-26; legacy_start=2025-10-01; expanded_effective=2025-02-27; original-boundary reconstruction exact; independent next-session oracle
labeled_stage8,2025-11-26,fy_effective_date_is_sample_truncated,True,False,legacy_pre_window_filing_effective_date_left_censoring,same accession=0001045810-25-000023; filing=2025-02-26; legacy_start=2025-10-01; expanded_effective=2025-02-27; original-boundary reconstruction exact; independent next-session oracle
labeled_stage8,2025-11-28,fy_effective_date_is_sample_truncated,True,False,legacy_pre_window_filing_effective_date_left_censoring,same accession=0001045810-25-000023; filing=2025-02-26; legacy_start=2025-10-01; expanded_effective=2025-02-27; original-boundary reconstruction exact; independent next-session oracle
labeled_stage8,2025-12-01,fy_effective_date_is_sample_truncated,True,False,legacy_pre_window_filing_effective_date_left_censoring,same accession=0001045810-25-000023; filing=2025-02-26; legacy_start=2025-10-01; expanded_effective=2025-02-27; original-boundary reconstruction exact; independent next-session oracle
labeled_stage8,2025-12-02,fy_effective_date_is_sample_truncated,True,False,legacy_pre_window_filing_effective_date_left_censoring,same accession=0001045810-25-000023; filing=2025-02-26; legacy_start=2025-10-01; expanded_effective=2025-02-27; original-boundary reconstruction exact; independent next-session oracle
labeled_stage8,2025-12-03,fy_effective_date_is_sample_truncated,True,False,legacy_pre_window_filing_effective_date_left_censoring,same accession=0001045810-25-000023; filing=2025-02-26; legacy_start=2025-10-01; expanded_effective=2025-02-27; original-boundary reconstruction exact; independent next-session oracle
labeled_stage8,2025-12-04,fy_effective_date_is_sample_truncated,True,False,legacy_pre_window_filing_effective_date_left_censoring,same accession=0001045810-25-000023; filing=2025-02-26; legacy_start=2025-10-01; expanded_effective=2025-02-27; original-boundary reconstruction exact; independent next-session oracle
labeled_stage8,2025-12-05,fy_effective_date_is_sample_truncated,True,False,legacy_pre_window_filing_effective_date_left_censoring,same accession=0001045810-25-000023; filing=2025-02-26; legacy_start=2025-10-01; expanded_effective=2025-02-27; original-boundary reconstruction exact; independent next-session oracle
labeled_stage8,2025-12-08,fy_effective_date_is_sample_truncated,True,False,legacy_pre_window_filing_effective_date_left_censoring,same accession=0001045810-25-000023; filing=2025-02-26; legacy_start=2025-10-01; expanded_effective=2025-02-27; original-boundary reconstruction exact; independent next-session oracle
labeled_stage8,2025-12-09,fy_effective_date_is_sample_truncated,True,False,legacy_pre_window_filing_effective_date_left_censoring,same accession=0001045810-25-000023; filing=2025-02-26; legacy_start=2025-10-01; expanded_effective=2025-02-27; original-boundary reconstruction exact; independent next-session oracle
labeled_stage8,2025-12-10,fy_effective_date_is_sample_truncated,True,False,legacy_pre_window_filing_effective_date_left_censoring,same accession=0001045810-25-000023; filing=2025-02-26; legacy_start=2025-10-01; expanded_effective=2025-02-27; original-boundary reconstruction exact; independent next-session oracle
labeled_stage8,2025-12-11,fy_effective_date_is_sample_truncated,True,False,legacy_pre_window_filing_effective_date_left_censoring,same accession=0001045810-25-000023; filing=2025-02-26; legacy_start=2025-10-01; expanded_effective=2025-02-27; original-boundary reconstruction exact; independent next-session oracle
labeled_stage8,2025-12-12,fy_effective_date_is_sample_truncated,True,False,legacy_pre_window_filing_effective_date_left_censoring,same accession=0001045810-25-000023; filing=2025-02-26; legacy_start=2025-10-01; expanded_effective=2025-02-27; original-boundary reconstruction exact; independent next-session oracle
labeled_stage8,2025-12-15,fy_effective_date_is_sample_truncated,True,False,legacy_pre_window_filing_effective_date_left_censoring,same accession=0001045810-25-000023; filing=2025-02-26; legacy_start=2025-10-01; expanded_effective=2025-02-27; original-boundary reconstruction exact; independent next-session oracle
labeled_stage8,2025-12-16,fy_effective_date_is_sample_truncated,True,False,legacy_pre_window_filing_effective_date_left_censoring,same accession=0001045810-25-000023; filing=2025-02-26; legacy_start=2025-10-01; expanded_effective=2025-02-27; original-boundary reconstruction exact; independent next-session oracle
labeled_stage8,2025-12-17,fy_effective_date_is_sample_truncated,True,False,legacy_pre_window_filing_effective_date_left_censoring,same accession=0001045810-25-000023; filing=2025-02-26; legacy_start=2025-10-01; expanded_effective=2025-02-27; original-boundary reconstruction exact; independent next-session oracle
labeled_stage8,2025-12-18,fy_effective_date_is_sample_truncated,True,False,legacy_pre_window_filing_effective_date_left_censoring,same accession=0001045810-25-000023; filing=2025-02-26; legacy_start=2025-10-01; expanded_effective=2025-02-27; original-boundary reconstruction exact; independent next-session oracle
labeled_stage8,2025-12-19,fy_effective_date_is_sample_truncated,True,False,legacy_pre_window_filing_effective_date_left_censoring,same accession=0001045810-25-000023; filing=2025-02-26; legacy_start=2025-10-01; expanded_effective=2025-02-27; original-boundary reconstruction exact; independent next-session oracle
labeled_stage8,2025-12-22,fy_effective_date_is_sample_truncated,True,False,legacy_pre_window_filing_effective_date_left_censoring,same accession=0001045810-25-000023; filing=2025-02-26; legacy_start=2025-10-01; expanded_effective=2025-02-27; original-boundary reconstruction exact; independent next-session oracle
labeled_stage8,2025-12-23,fy_effective_date_is_sample_truncated,True,False,legacy_pre_window_filing_effective_date_left_censoring,same accession=0001045810-25-000023; filing=2025-02-26; legacy_start=2025-10-01; expanded_effective=2025-02-27; original-boundary reconstruction exact; independent next-session oracle
labeled_stage8,2025-12-24,fy_effective_date_is_sample_truncated,True,False,legacy_pre_window_filing_effective_date_left_censoring,same accession=0001045810-25-000023; filing=2025-02-26; legacy_start=2025-10-01; expanded_effective=2025-02-27; original-boundary reconstruction exact; independent next-session oracle
labeled_stage8,2025-12-26,fy_effective_date_is_sample_truncated,True,False,legacy_pre_window_filing_effective_date_left_censoring,same accession=0001045810-25-000023; filing=2025-02-26; legacy_start=2025-10-01; expanded_effective=2025-02-27; original-boundary reconstruction exact; independent next-session oracle
labeled_stage8,2025-12-29,fy_effective_date_is_sample_truncated,True,False,legacy_pre_window_filing_effective_date_left_censoring,same accession=0001045810-25-000023; filing=2025-02-26; legacy_start=2025-10-01; expanded_effective=2025-02-27; original-boundary reconstruction exact; independent next-session oracle
labeled_stage8,2025-12-30,fy_effective_date_is_sample_truncated,True,False,legacy_pre_window_filing_effective_date_left_censoring,same accession=0001045810-25-000023; filing=2025-02-26; legacy_start=2025-10-01; expanded_effective=2025-02-27; original-boundary reconstruction exact; independent next-session oracle
labeled_stage8,2025-12-31,fy_effective_date_is_sample_truncated,True,False,legacy_pre_window_filing_effective_date_left_censoring,same accession=0001045810-25-000023; filing=2025-02-26; legacy_start=2025-10-01; expanded_effective=2025-02-27; original-boundary reconstruction exact; independent next-session oracle
labeled_stage8,2026-01-02,fy_effective_date_is_sample_truncated,True,False,legacy_pre_window_filing_effective_date_left_censoring,same accession=0001045810-25-000023; filing=2025-02-26; legacy_start=2025-10-01; expanded_effective=2025-02-27; original-boundary reconstruction exact; independent next-session oracle
labeled_stage8,2026-01-05,fy_effective_date_is_sample_truncated,True,False,legacy_pre_window_filing_effective_date_left_censoring,same accession=0001045810-25-000023; filing=2025-02-26; legacy_start=2025-10-01; expanded_effective=2025-02-27; original-boundary reconstruction exact; independent next-session oracle
labeled_stage8,2026-01-06,fy_effective_date_is_sample_truncated,True,False,legacy_pre_window_filing_effective_date_left_censoring,same accession=0001045810-25-000023; filing=2025-02-26; legacy_start=2025-10-01; expanded_effective=2025-02-27; original-boundary reconstruction exact; independent next-session oracle
labeled_stage8,2026-01-07,fy_effective_date_is_sample_truncated,True,False,legacy_pre_window_filing_effective_date_left_censoring,same accession=0001045810-25-000023; filing=2025-02-26; legacy_start=2025-10-01; expanded_effective=2025-02-27; original-boundary reconstruction exact; independent next-session oracle
labeled_stage8,2026-01-08,fy_effective_date_is_sample_truncated,True,False,legacy_pre_window_filing_effective_date_left_censoring,same accession=0001045810-25-000023; filing=2025-02-26; legacy_start=2025-10-01; expanded_effective=2025-02-27; original-boundary reconstruction exact; independent next-session oracle
labeled_stage8,2026-01-09,fy_effective_date_is_sample_truncated,True,False,legacy_pre_window_filing_effective_date_left_censoring,same accession=0001045810-25-000023; filing=2025-02-26; legacy_start=2025-10-01; expanded_effective=2025-02-27; original-boundary reconstruction exact; independent next-session oracle
labeled_stage8,2026-01-12,fy_effective_date_is_sample_truncated,True,False,legacy_pre_window_filing_effective_date_left_censoring,same accession=0001045810-25-000023; filing=2025-02-26; legacy_start=2025-10-01; expanded_effective=2025-02-27; original-boundary reconstruction exact; independent next-session oracle
labeled_stage8,2026-01-13,fy_effective_date_is_sample_truncated,True,False,legacy_pre_window_filing_effective_date_left_censoring,same accession=0001045810-25-000023; filing=2025-02-26; legacy_start=2025-10-01; expanded_effective=2025-02-27; original-boundary reconstruction exact; independent next-session oracle
labeled_stage8,2026-01-14,fy_effective_date_is_sample_truncated,True,False,legacy_pre_window_filing_effective_date_left_censoring,same accession=0001045810-25-000023; filing=2025-02-26; legacy_start=2025-10-01; expanded_effective=2025-02-27; original-boundary reconstruction exact; independent next-session oracle
labeled_stage8,2026-01-15,fy_effective_date_is_sample_truncated,True,False,legacy_pre_window_filing_effective_date_left_censoring,same accession=0001045810-25-000023; filing=2025-02-26; legacy_start=2025-10-01; expanded_effective=2025-02-27; original-boundary reconstruction exact; independent next-session oracle
labeled_stage8,2026-01-16,fy_effective_date_is_sample_truncated,True,False,legacy_pre_window_filing_effective_date_left_censoring,same accession=0001045810-25-000023; filing=2025-02-26; legacy_start=2025-10-01; expanded_effective=2025-02-27; original-boundary reconstruction exact; independent next-session oracle
labeled_stage8,2026-01-20,fy_effective_date_is_sample_truncated,True,False,legacy_pre_window_filing_effective_date_left_censoring,same accession=0001045810-25-000023; filing=2025-02-26; legacy_start=2025-10-01; expanded_effective=2025-02-27; original-boundary reconstruction exact; independent next-session oracle
labeled_stage8,2026-01-21,fy_effective_date_is_sample_truncated,True,False,legacy_pre_window_filing_effective_date_left_censoring,same accession=0001045810-25-000023; filing=2025-02-26; legacy_start=2025-10-01; expanded_effective=2025-02-27; original-boundary reconstruction exact; independent next-session oracle
labeled_stage8,2026-01-22,fy_effective_date_is_sample_truncated,True,False,legacy_pre_window_filing_effective_date_left_censoring,same accession=0001045810-25-000023; filing=2025-02-26; legacy_start=2025-10-01; expanded_effective=2025-02-27; original-boundary reconstruction exact; independent next-session oracle
labeled_stage8,2026-01-23,fy_effective_date_is_sample_truncated,True,False,legacy_pre_window_filing_effective_date_left_censoring,same accession=0001045810-25-000023; filing=2025-02-26; legacy_start=2025-10-01; expanded_effective=2025-02-27; original-boundary reconstruction exact; independent next-session oracle
labeled_stage8,2026-01-26,fy_effective_date_is_sample_truncated,True,False,legacy_pre_window_filing_effective_date_left_censoring,same accession=0001045810-25-000023; filing=2025-02-26; legacy_start=2025-10-01; expanded_effective=2025-02-27; original-boundary reconstruction exact; independent next-session oracle
labeled_stage8,2026-01-27,fy_effective_date_is_sample_truncated,True,False,legacy_pre_window_filing_effective_date_left_censoring,same accession=0001045810-25-000023; filing=2025-02-26; legacy_start=2025-10-01; expanded_effective=2025-02-27; original-boundary reconstruction exact; independent next-session oracle
labeled_stage8,2026-01-28,fy_effective_date_is_sample_truncated,True,False,legacy_pre_window_filing_effective_date_left_censoring,same accession=0001045810-25-000023; filing=2025-02-26; legacy_start=2025-10-01; expanded_effective=2025-02-27; original-boundary reconstruction exact; independent next-session oracle
labeled_stage8,2026-01-29,fy_effective_date_is_sample_truncated,True,False,legacy_pre_window_filing_effective_date_left_censoring,same accession=0001045810-25-000023; filing=2025-02-26; legacy_start=2025-10-01; expanded_effective=2025-02-27; original-boundary reconstruction exact; independent next-session oracle
labeled_stage8,2026-01-30,fy_effective_date_is_sample_truncated,True,False,legacy_pre_window_filing_effective_date_left_censoring,same accession=0001045810-25-000023; filing=2025-02-26; legacy_start=2025-10-01; expanded_effective=2025-02-27; original-boundary reconstruction exact; independent next-session oracle
labeled_stage8,2026-02-02,fy_effective_date_is_sample_truncated,True,False,legacy_pre_window_filing_effective_date_left_censoring,same accession=0001045810-25-000023; filing=2025-02-26; legacy_start=2025-10-01; expanded_effective=2025-02-27; original-boundary reconstruction exact; independent next-session oracle
labeled_stage8,2026-02-03,fy_effective_date_is_sample_truncated,True,False,legacy_pre_window_filing_effective_date_left_censoring,same accession=0001045810-25-000023; filing=2025-02-26; legacy_start=2025-10-01; expanded_effective=2025-02-27; original-boundary reconstruction exact; independent next-session oracle
labeled_stage8,2026-02-04,fy_effective_date_is_sample_truncated,True,False,legacy_pre_window_filing_effective_date_left_censoring,same accession=0001045810-25-000023; filing=2025-02-26; legacy_start=2025-10-01; expanded_effective=2025-02-27; original-boundary reconstruction exact; independent next-session oracle
labeled_stage8,2026-02-05,fy_effective_date_is_sample_truncated,True,False,legacy_pre_window_filing_effective_date_left_censoring,same accession=0001045810-25-000023; filing=2025-02-26; legacy_start=2025-10-01; expanded_effective=2025-02-27; original-boundary reconstruction exact; independent next-session oracle
labeled_stage8,2026-02-06,fy_effective_date_is_sample_truncated,True,False,legacy_pre_window_filing_effective_date_left_censoring,same accession=0001045810-25-000023; filing=2025-02-26; legacy_start=2025-10-01; expanded_effective=2025-02-27; original-boundary reconstruction exact; independent next-session oracle
labeled_stage8,2026-02-09,fy_effective_date_is_sample_truncated,True,False,legacy_pre_window_filing_effective_date_left_censoring,same accession=0001045810-25-000023; filing=2025-02-26; legacy_start=2025-10-01; expanded_effective=2025-02-27; original-boundary reconstruction exact; independent next-session oracle
labeled_stage8,2026-02-10,fy_effective_date_is_sample_truncated,True,False,legacy_pre_window_filing_effective_date_left_censoring,same accession=0001045810-25-000023; filing=2025-02-26; legacy_start=2025-10-01; expanded_effective=2025-02-27; original-boundary reconstruction exact; independent next-session oracle
labeled_stage8,2026-02-11,fy_effective_date_is_sample_truncated,True,False,legacy_pre_window_filing_effective_date_left_censoring,same accession=0001045810-25-000023; filing=2025-02-26; legacy_start=2025-10-01; expanded_effective=2025-02-27; original-boundary reconstruction exact; independent next-session oracle
labeled_stage8,2026-02-12,fy_effective_date_is_sample_truncated,True,False,legacy_pre_window_filing_effective_date_left_censoring,same accession=0001045810-25-000023; filing=2025-02-26; legacy_start=2025-10-01; expanded_effective=2025-02-27; original-boundary reconstruction exact; independent next-session oracle
labeled_stage8,2026-02-13,fy_effective_date_is_sample_truncated,True,False,legacy_pre_window_filing_effective_date_left_censoring,same accession=0001045810-25-000023; filing=2025-02-26; legacy_start=2025-10-01; expanded_effective=2025-02-27; original-boundary reconstruction exact; independent next-session oracle
labeled_stage8,2026-02-17,fy_effective_date_is_sample_truncated,True,False,legacy_pre_window_filing_effective_date_left_censoring,same accession=0001045810-25-000023; filing=2025-02-26; legacy_start=2025-10-01; expanded_effective=2025-02-27; original-boundary reconstruction exact; independent next-session oracle
labeled_stage8,2026-02-18,fy_effective_date_is_sample_truncated,True,False,legacy_pre_window_filing_effective_date_left_censoring,same accession=0001045810-25-000023; filing=2025-02-26; legacy_start=2025-10-01; expanded_effective=2025-02-27; original-boundary reconstruction exact; independent next-session oracle
labeled_stage8,2026-02-19,fy_effective_date_is_sample_truncated,True,False,legacy_pre_window_filing_effective_date_left_censoring,same accession=0001045810-25-000023; filing=2025-02-26; legacy_start=2025-10-01; expanded_effective=2025-02-27; original-boundary reconstruction exact; independent next-session oracle
labeled_stage8,2026-02-20,fy_effective_date_is_sample_truncated,True,False,legacy_pre_window_filing_effective_date_left_censoring,same accession=0001045810-25-000023; filing=2025-02-26; legacy_start=2025-10-01; expanded_effective=2025-02-27; original-boundary reconstruction exact; independent next-session oracle
labeled_stage8,2026-02-23,fy_effective_date_is_sample_truncated,True,False,legacy_pre_window_filing_effective_date_left_censoring,same accession=0001045810-25-000023; filing=2025-02-26; legacy_start=2025-10-01; expanded_effective=2025-02-27; original-boundary reconstruction exact; independent next-session oracle
labeled_stage8,2026-02-24,fy_effective_date_is_sample_truncated,True,False,legacy_pre_window_filing_effective_date_left_censoring,same accession=0001045810-25-000023; filing=2025-02-26; legacy_start=2025-10-01; expanded_effective=2025-02-27; original-boundary reconstruction exact; independent next-session oracle
labeled_stage8,2026-02-25,fy_effective_date_is_sample_truncated,True,False,legacy_pre_window_filing_effective_date_left_censoring,same accession=0001045810-25-000023; filing=2025-02-26; legacy_start=2025-10-01; expanded_effective=2025-02-27; original-boundary reconstruction exact; independent next-session oracle
labeled_stage8,2025-10-01,fy_effective_date_basis,sample_start_truncated,observed_next_session,legacy_pre_window_filing_effective_date_left_censoring,same accession=0001045810-25-000023; filing=2025-02-26; legacy_start=2025-10-01; expanded_effective=2025-02-27; original-boundary reconstruction exact; independent next-session oracle
labeled_stage8,2025-10-02,fy_effective_date_basis,sample_start_truncated,observed_next_session,legacy_pre_window_filing_effective_date_left_censoring,same accession=0001045810-25-000023; filing=2025-02-26; legacy_start=2025-10-01; expanded_effective=2025-02-27; original-boundary reconstruction exact; independent next-session oracle
labeled_stage8,2025-10-03,fy_effective_date_basis,sample_start_truncated,observed_next_session,legacy_pre_window_filing_effective_date_left_censoring,same accession=0001045810-25-000023; filing=2025-02-26; legacy_start=2025-10-01; expanded_effective=2025-02-27; original-boundary reconstruction exact; independent next-session oracle
labeled_stage8,2025-10-06,fy_effective_date_basis,sample_start_truncated,observed_next_session,legacy_pre_window_filing_effective_date_left_censoring,same accession=0001045810-25-000023; filing=2025-02-26; legacy_start=2025-10-01; expanded_effective=2025-02-27; original-boundary reconstruction exact; independent next-session oracle
labeled_stage8,2025-10-07,fy_effective_date_basis,sample_start_truncated,observed_next_session,legacy_pre_window_filing_effective_date_left_censoring,same accession=0001045810-25-000023; filing=2025-02-26; legacy_start=2025-10-01; expanded_effective=2025-02-27; original-boundary reconstruction exact; independent next-session oracle
labeled_stage8,2025-10-08,fy_effective_date_basis,sample_start_truncated,observed_next_session,legacy_pre_window_filing_effective_date_left_censoring,same accession=0001045810-25-000023; filing=2025-02-26; legacy_start=2025-10-01; expanded_effective=2025-02-27; original-boundary reconstruction exact; independent next-session oracle
labeled_stage8,2025-10-09,fy_effective_date_basis,sample_start_truncated,observed_next_session,legacy_pre_window_filing_effective_date_left_censoring,same accession=0001045810-25-000023; filing=2025-02-26; legacy_start=2025-10-01; expanded_effective=2025-02-27; original-boundary reconstruction exact; independent next-session oracle
labeled_stage8,2025-10-10,fy_effective_date_basis,sample_start_truncated,observed_next_session,legacy_pre_window_filing_effective_date_left_censoring,same accession=0001045810-25-000023; filing=2025-02-26; legacy_start=2025-10-01; expanded_effective=2025-02-27; original-boundary reconstruction exact; independent next-session oracle
labeled_stage8,2025-10-13,fy_effective_date_basis,sample_start_truncated,observed_next_session,legacy_pre_window_filing_effective_date_left_censoring,same accession=0001045810-25-000023; filing=2025-02-26; legacy_start=2025-10-01; expanded_effective=2025-02-27; original-boundary reconstruction exact; independent next-session oracle
labeled_stage8,2025-10-14,fy_effective_date_basis,sample_start_truncated,observed_next_session,legacy_pre_window_filing_effective_date_left_censoring,same accession=0001045810-25-000023; filing=2025-02-26; legacy_start=2025-10-01; expanded_effective=2025-02-27; original-boundary reconstruction exact; independent next-session oracle
labeled_stage8,2025-10-15,fy_effective_date_basis,sample_start_truncated,observed_next_session,legacy_pre_window_filing_effective_date_left_censoring,same accession=0001045810-25-000023; filing=2025-02-26; legacy_start=2025-10-01; expanded_effective=2025-02-27; original-boundary reconstruction exact; independent next-session oracle
labeled_stage8,2025-10-16,fy_effective_date_basis,sample_start_truncated,observed_next_session,legacy_pre_window_filing_effective_date_left_censoring,same accession=0001045810-25-000023; filing=2025-02-26; legacy_start=2025-10-01; expanded_effective=2025-02-27; original-boundary reconstruction exact; independent next-session oracle
labeled_stage8,2025-10-17,fy_effective_date_basis,sample_start_truncated,observed_next_session,legacy_pre_window_filing_effective_date_left_censoring,same accession=0001045810-25-000023; filing=2025-02-26; legacy_start=2025-10-01; expanded_effective=2025-02-27; original-boundary reconstruction exact; independent next-session oracle
labeled_stage8,2025-10-20,fy_effective_date_basis,sample_start_truncated,observed_next_session,legacy_pre_window_filing_effective_date_left_censoring,same accession=0001045810-25-000023; filing=2025-02-26; legacy_start=2025-10-01; expanded_effective=2025-02-27; original-boundary reconstruction exact; independent next-session oracle
labeled_stage8,2025-10-21,fy_effective_date_basis,sample_start_truncated,observed_next_session,legacy_pre_window_filing_effective_date_left_censoring,same accession=0001045810-25-000023; filing=2025-02-26; legacy_start=2025-10-01; expanded_effective=2025-02-27; original-boundary reconstruction exact; independent next-session oracle
labeled_stage8,2025-10-22,fy_effective_date_basis,sample_start_truncated,observed_next_session,legacy_pre_window_filing_effective_date_left_censoring,same accession=0001045810-25-000023; filing=2025-02-26; legacy_start=2025-10-01; expanded_effective=2025-02-27; original-boundary reconstruction exact; independent next-session oracle
labeled_stage8,2025-10-23,fy_effective_date_basis,sample_start_truncated,observed_next_session,legacy_pre_window_filing_effective_date_left_censoring,same accession=0001045810-25-000023; filing=2025-02-26; legacy_start=2025-10-01; expanded_effective=2025-02-27; original-boundary reconstruction exact; independent next-session oracle
labeled_stage8,2025-10-24,fy_effective_date_basis,sample_start_truncated,observed_next_session,legacy_pre_window_filing_effective_date_left_censoring,same accession=0001045810-25-000023; filing=2025-02-26; legacy_start=2025-10-01; expanded_effective=2025-02-27; original-boundary reconstruction exact; independent next-session oracle
labeled_stage8,2025-10-27,fy_effective_date_basis,sample_start_truncated,observed_next_session,legacy_pre_window_filing_effective_date_left_censoring,same accession=0001045810-25-000023; filing=2025-02-26; legacy_start=2025-10-01; expanded_effective=2025-02-27; original-boundary reconstruction exact; independent next-session oracle
labeled_stage8,2025-10-28,fy_effective_date_basis,sample_start_truncated,observed_next_session,legacy_pre_window_filing_effective_date_left_censoring,same accession=0001045810-25-000023; filing=2025-02-26; legacy_start=2025-10-01; expanded_effective=2025-02-27; original-boundary reconstruction exact; independent next-session oracle
labeled_stage8,2025-10-29,fy_effective_date_basis,sample_start_truncated,observed_next_session,legacy_pre_window_filing_effective_date_left_censoring,same accession=0001045810-25-000023; filing=2025-02-26; legacy_start=2025-10-01; expanded_effective=2025-02-27; original-boundary reconstruction exact; independent next-session oracle
labeled_stage8,2025-10-30,fy_effective_date_basis,sample_start_truncated,observed_next_session,legacy_pre_window_filing_effective_date_left_censoring,same accession=0001045810-25-000023; filing=2025-02-26; legacy_start=2025-10-01; expanded_effective=2025-02-27; original-boundary reconstruction exact; independent next-session oracle
labeled_stage8,2025-10-31,fy_effective_date_basis,sample_start_truncated,observed_next_session,legacy_pre_window_filing_effective_date_left_censoring,same accession=0001045810-25-000023; filing=2025-02-26; legacy_start=2025-10-01; expanded_effective=2025-02-27; original-boundary reconstruction exact; independent next-session oracle
labeled_stage8,2025-11-03,fy_effective_date_basis,sample_start_truncated,observed_next_session,legacy_pre_window_filing_effective_date_left_censoring,same accession=0001045810-25-000023; filing=2025-02-26; legacy_start=2025-10-01; expanded_effective=2025-02-27; original-boundary reconstruction exact; independent next-session oracle
labeled_stage8,2025-11-04,fy_effective_date_basis,sample_start_truncated,observed_next_session,legacy_pre_window_filing_effective_date_left_censoring,same accession=0001045810-25-000023; filing=2025-02-26; legacy_start=2025-10-01; expanded_effective=2025-02-27; original-boundary reconstruction exact; independent next-session oracle
labeled_stage8,2025-11-05,fy_effective_date_basis,sample_start_truncated,observed_next_session,legacy_pre_window_filing_effective_date_left_censoring,same accession=0001045810-25-000023; filing=2025-02-26; legacy_start=2025-10-01; expanded_effective=2025-02-27; original-boundary reconstruction exact; independent next-session oracle
labeled_stage8,2025-11-06,fy_effective_date_basis,sample_start_truncated,observed_next_session,legacy_pre_window_filing_effective_date_left_censoring,same accession=0001045810-25-000023; filing=2025-02-26; legacy_start=2025-10-01; expanded_effective=2025-02-27; original-boundary reconstruction exact; independent next-session oracle
labeled_stage8,2025-11-07,fy_effective_date_basis,sample_start_truncated,observed_next_session,legacy_pre_window_filing_effective_date_left_censoring,same accession=0001045810-25-000023; filing=2025-02-26; legacy_start=2025-10-01; expanded_effective=2025-02-27; original-boundary reconstruction exact; independent next-session oracle
labeled_stage8,2025-11-10,fy_effective_date_basis,sample_start_truncated,observed_next_session,legacy_pre_window_filing_effective_date_left_censoring,same accession=0001045810-25-000023; filing=2025-02-26; legacy_start=2025-10-01; expanded_effective=2025-02-27; original-boundary reconstruction exact; independent next-session oracle
labeled_stage8,2025-11-11,fy_effective_date_basis,sample_start_truncated,observed_next_session,legacy_pre_window_filing_effective_date_left_censoring,same accession=0001045810-25-000023; filing=2025-02-26; legacy_start=2025-10-01; expanded_effective=2025-02-27; original-boundary reconstruction exact; independent next-session oracle
labeled_stage8,2025-11-12,fy_effective_date_basis,sample_start_truncated,observed_next_session,legacy_pre_window_filing_effective_date_left_censoring,same accession=0001045810-25-000023; filing=2025-02-26; legacy_start=2025-10-01; expanded_effective=2025-02-27; original-boundary reconstruction exact; independent next-session oracle
labeled_stage8,2025-11-13,fy_effective_date_basis,sample_start_truncated,observed_next_session,legacy_pre_window_filing_effective_date_left_censoring,same accession=0001045810-25-000023; filing=2025-02-26; legacy_start=2025-10-01; expanded_effective=2025-02-27; original-boundary reconstruction exact; independent next-session oracle
labeled_stage8,2025-11-14,fy_effective_date_basis,sample_start_truncated,observed_next_session,legacy_pre_window_filing_effective_date_left_censoring,same accession=0001045810-25-000023; filing=2025-02-26; legacy_start=2025-10-01; expanded_effective=2025-02-27; original-boundary reconstruction exact; independent next-session oracle
labeled_stage8,2025-11-17,fy_effective_date_basis,sample_start_truncated,observed_next_session,legacy_pre_window_filing_effective_date_left_censoring,same accession=0001045810-25-000023; filing=2025-02-26; legacy_start=2025-10-01; expanded_effective=2025-02-27; original-boundary reconstruction exact; independent next-session oracle
labeled_stage8,2025-11-18,fy_effective_date_basis,sample_start_truncated,observed_next_session,legacy_pre_window_filing_effective_date_left_censoring,same accession=0001045810-25-000023; filing=2025-02-26; legacy_start=2025-10-01; expanded_effective=2025-02-27; original-boundary reconstruction exact; independent next-session oracle
labeled_stage8,2025-11-19,fy_effective_date_basis,sample_start_truncated,observed_next_session,legacy_pre_window_filing_effective_date_left_censoring,same accession=0001045810-25-000023; filing=2025-02-26; legacy_start=2025-10-01; expanded_effective=2025-02-27; original-boundary reconstruction exact; independent next-session oracle
labeled_stage8,2025-11-20,fy_effective_date_basis,sample_start_truncated,observed_next_session,legacy_pre_window_filing_effective_date_left_censoring,same accession=0001045810-25-000023; filing=2025-02-26; legacy_start=2025-10-01; expanded_effective=2025-02-27; original-boundary reconstruction exact; independent next-session oracle
labeled_stage8,2025-11-21,fy_effective_date_basis,sample_start_truncated,observed_next_session,legacy_pre_window_filing_effective_date_left_censoring,same accession=0001045810-25-000023; filing=2025-02-26; legacy_start=2025-10-01; expanded_effective=2025-02-27; original-boundary reconstruction exact; independent next-session oracle
labeled_stage8,2025-11-24,fy_effective_date_basis,sample_start_truncated,observed_next_session,legacy_pre_window_filing_effective_date_left_censoring,same accession=0001045810-25-000023; filing=2025-02-26; legacy_start=2025-10-01; expanded_effective=2025-02-27; original-boundary reconstruction exact; independent next-session oracle
labeled_stage8,2025-11-25,fy_effective_date_basis,sample_start_truncated,observed_next_session,legacy_pre_window_filing_effective_date_left_censoring,same accession=0001045810-25-000023; filing=2025-02-26; legacy_start=2025-10-01; expanded_effective=2025-02-27; original-boundary reconstruction exact; independent next-session oracle
labeled_stage8,2025-11-26,fy_effective_date_basis,sample_start_truncated,observed_next_session,legacy_pre_window_filing_effective_date_left_censoring,same accession=0001045810-25-000023; filing=2025-02-26; legacy_start=2025-10-01; expanded_effective=2025-02-27; original-boundary reconstruction exact; independent next-session oracle
labeled_stage8,2025-11-28,fy_effective_date_basis,sample_start_truncated,observed_next_session,legacy_pre_window_filing_effective_date_left_censoring,same accession=0001045810-25-000023; filing=2025-02-26; legacy_start=2025-10-01; expanded_effective=2025-02-27; original-boundary reconstruction exact; independent next-session oracle
labeled_stage8,2025-12-01,fy_effective_date_basis,sample_start_truncated,observed_next_session,legacy_pre_window_filing_effective_date_left_censoring,same accession=0001045810-25-000023; filing=2025-02-26; legacy_start=2025-10-01; expanded_effective=2025-02-27; original-boundary reconstruction exact; independent next-session oracle
labeled_stage8,2025-12-02,fy_effective_date_basis,sample_start_truncated,observed_next_session,legacy_pre_window_filing_effective_date_left_censoring,same accession=0001045810-25-000023; filing=2025-02-26; legacy_start=2025-10-01; expanded_effective=2025-02-27; original-boundary reconstruction exact; independent next-session oracle
labeled_stage8,2025-12-03,fy_effective_date_basis,sample_start_truncated,observed_next_session,legacy_pre_window_filing_effective_date_left_censoring,same accession=0001045810-25-000023; filing=2025-02-26; legacy_start=2025-10-01; expanded_effective=2025-02-27; original-boundary reconstruction exact; independent next-session oracle
labeled_stage8,2025-12-04,fy_effective_date_basis,sample_start_truncated,observed_next_session,legacy_pre_window_filing_effective_date_left_censoring,same accession=0001045810-25-000023; filing=2025-02-26; legacy_start=2025-10-01; expanded_effective=2025-02-27; original-boundary reconstruction exact; independent next-session oracle
labeled_stage8,2025-12-05,fy_effective_date_basis,sample_start_truncated,observed_next_session,legacy_pre_window_filing_effective_date_left_censoring,same accession=0001045810-25-000023; filing=2025-02-26; legacy_start=2025-10-01; expanded_effective=2025-02-27; original-boundary reconstruction exact; independent next-session oracle
labeled_stage8,2025-12-08,fy_effective_date_basis,sample_start_truncated,observed_next_session,legacy_pre_window_filing_effective_date_left_censoring,same accession=0001045810-25-000023; filing=2025-02-26; legacy_start=2025-10-01; expanded_effective=2025-02-27; original-boundary reconstruction exact; independent next-session oracle
labeled_stage8,2025-12-09,fy_effective_date_basis,sample_start_truncated,observed_next_session,legacy_pre_window_filing_effective_date_left_censoring,same accession=0001045810-25-000023; filing=2025-02-26; legacy_start=2025-10-01; expanded_effective=2025-02-27; original-boundary reconstruction exact; independent next-session oracle
labeled_stage8,2025-12-10,fy_effective_date_basis,sample_start_truncated,observed_next_session,legacy_pre_window_filing_effective_date_left_censoring,same accession=0001045810-25-000023; filing=2025-02-26; legacy_start=2025-10-01; expanded_effective=2025-02-27; original-boundary reconstruction exact; independent next-session oracle
labeled_stage8,2025-12-11,fy_effective_date_basis,sample_start_truncated,observed_next_session,legacy_pre_window_filing_effective_date_left_censoring,same accession=0001045810-25-000023; filing=2025-02-26; legacy_start=2025-10-01; expanded_effective=2025-02-27; original-boundary reconstruction exact; independent next-session oracle
labeled_stage8,2025-12-12,fy_effective_date_basis,sample_start_truncated,observed_next_session,legacy_pre_window_filing_effective_date_left_censoring,same accession=0001045810-25-000023; filing=2025-02-26; legacy_start=2025-10-01; expanded_effective=2025-02-27; original-boundary reconstruction exact; independent next-session oracle
labeled_stage8,2025-12-15,fy_effective_date_basis,sample_start_truncated,observed_next_session,legacy_pre_window_filing_effective_date_left_censoring,same accession=0001045810-25-000023; filing=2025-02-26; legacy_start=2025-10-01; expanded_effective=2025-02-27; original-boundary reconstruction exact; independent next-session oracle
labeled_stage8,2025-12-16,fy_effective_date_basis,sample_start_truncated,observed_next_session,legacy_pre_window_filing_effective_date_left_censoring,same accession=0001045810-25-000023; filing=2025-02-26; legacy_start=2025-10-01; expanded_effective=2025-02-27; original-boundary reconstruction exact; independent next-session oracle
labeled_stage8,2025-12-17,fy_effective_date_basis,sample_start_truncated,observed_next_session,legacy_pre_window_filing_effective_date_left_censoring,same accession=0001045810-25-000023; filing=2025-02-26; legacy_start=2025-10-01; expanded_effective=2025-02-27; original-boundary reconstruction exact; independent next-session oracle
labeled_stage8,2025-12-18,fy_effective_date_basis,sample_start_truncated,observed_next_session,legacy_pre_window_filing_effective_date_left_censoring,same accession=0001045810-25-000023; filing=2025-02-26; legacy_start=2025-10-01; expanded_effective=2025-02-27; original-boundary reconstruction exact; independent next-session oracle
labeled_stage8,2025-12-19,fy_effective_date_basis,sample_start_truncated,observed_next_session,legacy_pre_window_filing_effective_date_left_censoring,same accession=0001045810-25-000023; filing=2025-02-26; legacy_start=2025-10-01; expanded_effective=2025-02-27; original-boundary reconstruction exact; independent next-session oracle
labeled_stage8,2025-12-22,fy_effective_date_basis,sample_start_truncated,observed_next_session,legacy_pre_window_filing_effective_date_left_censoring,same accession=0001045810-25-000023; filing=2025-02-26; legacy_start=2025-10-01; expanded_effective=2025-02-27; original-boundary reconstruction exact; independent next-session oracle
labeled_stage8,2025-12-23,fy_effective_date_basis,sample_start_truncated,observed_next_session,legacy_pre_window_filing_effective_date_left_censoring,same accession=0001045810-25-000023; filing=2025-02-26; legacy_start=2025-10-01; expanded_effective=2025-02-27; original-boundary reconstruction exact; independent next-session oracle
labeled_stage8,2025-12-24,fy_effective_date_basis,sample_start_truncated,observed_next_session,legacy_pre_window_filing_effective_date_left_censoring,same accession=0001045810-25-000023; filing=2025-02-26; legacy_start=2025-10-01; expanded_effective=2025-02-27; original-boundary reconstruction exact; independent next-session oracle
labeled_stage8,2025-12-26,fy_effective_date_basis,sample_start_truncated,observed_next_session,legacy_pre_window_filing_effective_date_left_censoring,same accession=0001045810-25-000023; filing=2025-02-26; legacy_start=2025-10-01; expanded_effective=2025-02-27; original-boundary reconstruction exact; independent next-session oracle
labeled_stage8,2025-12-29,fy_effective_date_basis,sample_start_truncated,observed_next_session,legacy_pre_window_filing_effective_date_left_censoring,same accession=0001045810-25-000023; filing=2025-02-26; legacy_start=2025-10-01; expanded_effective=2025-02-27; original-boundary reconstruction exact; independent next-session oracle
labeled_stage8,2025-12-30,fy_effective_date_basis,sample_start_truncated,observed_next_session,legacy_pre_window_filing_effective_date_left_censoring,same accession=0001045810-25-000023; filing=2025-02-26; legacy_start=2025-10-01; expanded_effective=2025-02-27; original-boundary reconstruction exact; independent next-session oracle
labeled_stage8,2025-12-31,fy_effective_date_basis,sample_start_truncated,observed_next_session,legacy_pre_window_filing_effective_date_left_censoring,same accession=0001045810-25-000023; filing=2025-02-26; legacy_start=2025-10-01; expanded_effective=2025-02-27; original-boundary reconstruction exact; independent next-session oracle
labeled_stage8,2026-01-02,fy_effective_date_basis,sample_start_truncated,observed_next_session,legacy_pre_window_filing_effective_date_left_censoring,same accession=0001045810-25-000023; filing=2025-02-26; legacy_start=2025-10-01; expanded_effective=2025-02-27; original-boundary reconstruction exact; independent next-session oracle
labeled_stage8,2026-01-05,fy_effective_date_basis,sample_start_truncated,observed_next_session,legacy_pre_window_filing_effective_date_left_censoring,same accession=0001045810-25-000023; filing=2025-02-26; legacy_start=2025-10-01; expanded_effective=2025-02-27; original-boundary reconstruction exact; independent next-session oracle
labeled_stage8,2026-01-06,fy_effective_date_basis,sample_start_truncated,observed_next_session,legacy_pre_window_filing_effective_date_left_censoring,same accession=0001045810-25-000023; filing=2025-02-26; legacy_start=2025-10-01; expanded_effective=2025-02-27; original-boundary reconstruction exact; independent next-session oracle
labeled_stage8,2026-01-07,fy_effective_date_basis,sample_start_truncated,observed_next_session,legacy_pre_window_filing_effective_date_left_censoring,same accession=0001045810-25-000023; filing=2025-02-26; legacy_start=2025-10-01; expanded_effective=2025-02-27; original-boundary reconstruction exact; independent next-session oracle
labeled_stage8,2026-01-08,fy_effective_date_basis,sample_start_truncated,observed_next_session,legacy_pre_window_filing_effective_date_left_censoring,same accession=0001045810-25-000023; filing=2025-02-26; legacy_start=2025-10-01; expanded_effective=2025-02-27; original-boundary reconstruction exact; independent next-session oracle
labeled_stage8,2026-01-09,fy_effective_date_basis,sample_start_truncated,observed_next_session,legacy_pre_window_filing_effective_date_left_censoring,same accession=0001045810-25-000023; filing=2025-02-26; legacy_start=2025-10-01; expanded_effective=2025-02-27; original-boundary reconstruction exact; independent next-session oracle
labeled_stage8,2026-01-12,fy_effective_date_basis,sample_start_truncated,observed_next_session,legacy_pre_window_filing_effective_date_left_censoring,same accession=0001045810-25-000023; filing=2025-02-26; legacy_start=2025-10-01; expanded_effective=2025-02-27; original-boundary reconstruction exact; independent next-session oracle
labeled_stage8,2026-01-13,fy_effective_date_basis,sample_start_truncated,observed_next_session,legacy_pre_window_filing_effective_date_left_censoring,same accession=0001045810-25-000023; filing=2025-02-26; legacy_start=2025-10-01; expanded_effective=2025-02-27; original-boundary reconstruction exact; independent next-session oracle
labeled_stage8,2026-01-14,fy_effective_date_basis,sample_start_truncated,observed_next_session,legacy_pre_window_filing_effective_date_left_censoring,same accession=0001045810-25-000023; filing=2025-02-26; legacy_start=2025-10-01; expanded_effective=2025-02-27; original-boundary reconstruction exact; independent next-session oracle
labeled_stage8,2026-01-15,fy_effective_date_basis,sample_start_truncated,observed_next_session,legacy_pre_window_filing_effective_date_left_censoring,same accession=0001045810-25-000023; filing=2025-02-26; legacy_start=2025-10-01; expanded_effective=2025-02-27; original-boundary reconstruction exact; independent next-session oracle
labeled_stage8,2026-01-16,fy_effective_date_basis,sample_start_truncated,observed_next_session,legacy_pre_window_filing_effective_date_left_censoring,same accession=0001045810-25-000023; filing=2025-02-26; legacy_start=2025-10-01; expanded_effective=2025-02-27; original-boundary reconstruction exact; independent next-session oracle
labeled_stage8,2026-01-20,fy_effective_date_basis,sample_start_truncated,observed_next_session,legacy_pre_window_filing_effective_date_left_censoring,same accession=0001045810-25-000023; filing=2025-02-26; legacy_start=2025-10-01; expanded_effective=2025-02-27; original-boundary reconstruction exact; independent next-session oracle
labeled_stage8,2026-01-21,fy_effective_date_basis,sample_start_truncated,observed_next_session,legacy_pre_window_filing_effective_date_left_censoring,same accession=0001045810-25-000023; filing=2025-02-26; legacy_start=2025-10-01; expanded_effective=2025-02-27; original-boundary reconstruction exact; independent next-session oracle
labeled_stage8,2026-01-22,fy_effective_date_basis,sample_start_truncated,observed_next_session,legacy_pre_window_filing_effective_date_left_censoring,same accession=0001045810-25-000023; filing=2025-02-26; legacy_start=2025-10-01; expanded_effective=2025-02-27; original-boundary reconstruction exact; independent next-session oracle
labeled_stage8,2026-01-23,fy_effective_date_basis,sample_start_truncated,observed_next_session,legacy_pre_window_filing_effective_date_left_censoring,same accession=0001045810-25-000023; filing=2025-02-26; legacy_start=2025-10-01; expanded_effective=2025-02-27; original-boundary reconstruction exact; independent next-session oracle
labeled_stage8,2026-01-26,fy_effective_date_basis,sample_start_truncated,observed_next_session,legacy_pre_window_filing_effective_date_left_censoring,same accession=0001045810-25-000023; filing=2025-02-26; legacy_start=2025-10-01; expanded_effective=2025-02-27; original-boundary reconstruction exact; independent next-session oracle
labeled_stage8,2026-01-27,fy_effective_date_basis,sample_start_truncated,observed_next_session,legacy_pre_window_filing_effective_date_left_censoring,same accession=0001045810-25-000023; filing=2025-02-26; legacy_start=2025-10-01; expanded_effective=2025-02-27; original-boundary reconstruction exact; independent next-session oracle
labeled_stage8,2026-01-28,fy_effective_date_basis,sample_start_truncated,observed_next_session,legacy_pre_window_filing_effective_date_left_censoring,same accession=0001045810-25-000023; filing=2025-02-26; legacy_start=2025-10-01; expanded_effective=2025-02-27; original-boundary reconstruction exact; independent next-session oracle
labeled_stage8,2026-01-29,fy_effective_date_basis,sample_start_truncated,observed_next_session,legacy_pre_window_filing_effective_date_left_censoring,same accession=0001045810-25-000023; filing=2025-02-26; legacy_start=2025-10-01; expanded_effective=2025-02-27; original-boundary reconstruction exact; independent next-session oracle
labeled_stage8,2026-01-30,fy_effective_date_basis,sample_start_truncated,observed_next_session,legacy_pre_window_filing_effective_date_left_censoring,same accession=0001045810-25-000023; filing=2025-02-26; legacy_start=2025-10-01; expanded_effective=2025-02-27; original-boundary reconstruction exact; independent next-session oracle
labeled_stage8,2026-02-02,fy_effective_date_basis,sample_start_truncated,observed_next_session,legacy_pre_window_filing_effective_date_left_censoring,same accession=0001045810-25-000023; filing=2025-02-26; legacy_start=2025-10-01; expanded_effective=2025-02-27; original-boundary reconstruction exact; independent next-session oracle
labeled_stage8,2026-02-03,fy_effective_date_basis,sample_start_truncated,observed_next_session,legacy_pre_window_filing_effective_date_left_censoring,same accession=0001045810-25-000023; filing=2025-02-26; legacy_start=2025-10-01; expanded_effective=2025-02-27; original-boundary reconstruction exact; independent next-session oracle
labeled_stage8,2026-02-04,fy_effective_date_basis,sample_start_truncated,observed_next_session,legacy_pre_window_filing_effective_date_left_censoring,same accession=0001045810-25-000023; filing=2025-02-26; legacy_start=2025-10-01; expanded_effective=2025-02-27; original-boundary reconstruction exact; independent next-session oracle
labeled_stage8,2026-02-05,fy_effective_date_basis,sample_start_truncated,observed_next_session,legacy_pre_window_filing_effective_date_left_censoring,same accession=0001045810-25-000023; filing=2025-02-26; legacy_start=2025-10-01; expanded_effective=2025-02-27; original-boundary reconstruction exact; independent next-session oracle
labeled_stage8,2026-02-06,fy_effective_date_basis,sample_start_truncated,observed_next_session,legacy_pre_window_filing_effective_date_left_censoring,same accession=0001045810-25-000023; filing=2025-02-26; legacy_start=2025-10-01; expanded_effective=2025-02-27; original-boundary reconstruction exact; independent next-session oracle
labeled_stage8,2026-02-09,fy_effective_date_basis,sample_start_truncated,observed_next_session,legacy_pre_window_filing_effective_date_left_censoring,same accession=0001045810-25-000023; filing=2025-02-26; legacy_start=2025-10-01; expanded_effective=2025-02-27; original-boundary reconstruction exact; independent next-session oracle
labeled_stage8,2026-02-10,fy_effective_date_basis,sample_start_truncated,observed_next_session,legacy_pre_window_filing_effective_date_left_censoring,same accession=0001045810-25-000023; filing=2025-02-26; legacy_start=2025-10-01; expanded_effective=2025-02-27; original-boundary reconstruction exact; independent next-session oracle
labeled_stage8,2026-02-11,fy_effective_date_basis,sample_start_truncated,observed_next_session,legacy_pre_window_filing_effective_date_left_censoring,same accession=0001045810-25-000023; filing=2025-02-26; legacy_start=2025-10-01; expanded_effective=2025-02-27; original-boundary reconstruction exact; independent next-session oracle
labeled_stage8,2026-02-12,fy_effective_date_basis,sample_start_truncated,observed_next_session,legacy_pre_window_filing_effective_date_left_censoring,same accession=0001045810-25-000023; filing=2025-02-26; legacy_start=2025-10-01; expanded_effective=2025-02-27; original-boundary reconstruction exact; independent next-session oracle
labeled_stage8,2026-02-13,fy_effective_date_basis,sample_start_truncated,observed_next_session,legacy_pre_window_filing_effective_date_left_censoring,same accession=0001045810-25-000023; filing=2025-02-26; legacy_start=2025-10-01; expanded_effective=2025-02-27; original-boundary reconstruction exact; independent next-session oracle
labeled_stage8,2026-02-17,fy_effective_date_basis,sample_start_truncated,observed_next_session,legacy_pre_window_filing_effective_date_left_censoring,same accession=0001045810-25-000023; filing=2025-02-26; legacy_start=2025-10-01; expanded_effective=2025-02-27; original-boundary reconstruction exact; independent next-session oracle
labeled_stage8,2026-02-18,fy_effective_date_basis,sample_start_truncated,observed_next_session,legacy_pre_window_filing_effective_date_left_censoring,same accession=0001045810-25-000023; filing=2025-02-26; legacy_start=2025-10-01; expanded_effective=2025-02-27; original-boundary reconstruction exact; independent next-session oracle
labeled_stage8,2026-02-19,fy_effective_date_basis,sample_start_truncated,observed_next_session,legacy_pre_window_filing_effective_date_left_censoring,same accession=0001045810-25-000023; filing=2025-02-26; legacy_start=2025-10-01; expanded_effective=2025-02-27; original-boundary reconstruction exact; independent next-session oracle
labeled_stage8,2026-02-20,fy_effective_date_basis,sample_start_truncated,observed_next_session,legacy_pre_window_filing_effective_date_left_censoring,same accession=0001045810-25-000023; filing=2025-02-26; legacy_start=2025-10-01; expanded_effective=2025-02-27; original-boundary reconstruction exact; independent next-session oracle
labeled_stage8,2026-02-23,fy_effective_date_basis,sample_start_truncated,observed_next_session,legacy_pre_window_filing_effective_date_left_censoring,same accession=0001045810-25-000023; filing=2025-02-26; legacy_start=2025-10-01; expanded_effective=2025-02-27; original-boundary reconstruction exact; independent next-session oracle
labeled_stage8,2026-02-24,fy_effective_date_basis,sample_start_truncated,observed_next_session,legacy_pre_window_filing_effective_date_left_censoring,same accession=0001045810-25-000023; filing=2025-02-26; legacy_start=2025-10-01; expanded_effective=2025-02-27; original-boundary reconstruction exact; independent next-session oracle
labeled_stage8,2026-02-25,fy_effective_date_basis,sample_start_truncated,observed_next_session,legacy_pre_window_filing_effective_date_left_censoring,same accession=0001045810-25-000023; filing=2025-02-26; legacy_start=2025-10-01; expanded_effective=2025-02-27; original-boundary reconstruction exact; independent next-session oracle
labeled_stage8,2025-10-01,fy_days_since_effective_date,0,216,legacy_pre_window_filing_effective_date_left_censoring,same accession=0001045810-25-000023; filing=2025-02-26; legacy_start=2025-10-01; expanded_effective=2025-02-27; original-boundary reconstruction exact; independent next-session oracle
labeled_stage8,2025-10-02,fy_days_since_effective_date,1,217,legacy_pre_window_filing_effective_date_left_censoring,same accession=0001045810-25-000023; filing=2025-02-26; legacy_start=2025-10-01; expanded_effective=2025-02-27; original-boundary reconstruction exact; independent next-session oracle
labeled_stage8,2025-10-03,fy_days_since_effective_date,2,218,legacy_pre_window_filing_effective_date_left_censoring,same accession=0001045810-25-000023; filing=2025-02-26; legacy_start=2025-10-01; expanded_effective=2025-02-27; original-boundary reconstruction exact; independent next-session oracle
labeled_stage8,2025-10-06,fy_days_since_effective_date,5,221,legacy_pre_window_filing_effective_date_left_censoring,same accession=0001045810-25-000023; filing=2025-02-26; legacy_start=2025-10-01; expanded_effective=2025-02-27; original-boundary reconstruction exact; independent next-session oracle
labeled_stage8,2025-10-07,fy_days_since_effective_date,6,222,legacy_pre_window_filing_effective_date_left_censoring,same accession=0001045810-25-000023; filing=2025-02-26; legacy_start=2025-10-01; expanded_effective=2025-02-27; original-boundary reconstruction exact; independent next-session oracle
labeled_stage8,2025-10-08,fy_days_since_effective_date,7,223,legacy_pre_window_filing_effective_date_left_censoring,same accession=0001045810-25-000023; filing=2025-02-26; legacy_start=2025-10-01; expanded_effective=2025-02-27; original-boundary reconstruction exact; independent next-session oracle
labeled_stage8,2025-10-09,fy_days_since_effective_date,8,224,legacy_pre_window_filing_effective_date_left_censoring,same accession=0001045810-25-000023; filing=2025-02-26; legacy_start=2025-10-01; expanded_effective=2025-02-27; original-boundary reconstruction exact; independent next-session oracle
labeled_stage8,2025-10-10,fy_days_since_effective_date,9,225,legacy_pre_window_filing_effective_date_left_censoring,same accession=0001045810-25-000023; filing=2025-02-26; legacy_start=2025-10-01; expanded_effective=2025-02-27; original-boundary reconstruction exact; independent next-session oracle
labeled_stage8,2025-10-13,fy_days_since_effective_date,12,228,legacy_pre_window_filing_effective_date_left_censoring,same accession=0001045810-25-000023; filing=2025-02-26; legacy_start=2025-10-01; expanded_effective=2025-02-27; original-boundary reconstruction exact; independent next-session oracle
labeled_stage8,2025-10-14,fy_days_since_effective_date,13,229,legacy_pre_window_filing_effective_date_left_censoring,same accession=0001045810-25-000023; filing=2025-02-26; legacy_start=2025-10-01; expanded_effective=2025-02-27; original-boundary reconstruction exact; independent next-session oracle
labeled_stage8,2025-10-15,fy_days_since_effective_date,14,230,legacy_pre_window_filing_effective_date_left_censoring,same accession=0001045810-25-000023; filing=2025-02-26; legacy_start=2025-10-01; expanded_effective=2025-02-27; original-boundary reconstruction exact; independent next-session oracle
labeled_stage8,2025-10-16,fy_days_since_effective_date,15,231,legacy_pre_window_filing_effective_date_left_censoring,same accession=0001045810-25-000023; filing=2025-02-26; legacy_start=2025-10-01; expanded_effective=2025-02-27; original-boundary reconstruction exact; independent next-session oracle
labeled_stage8,2025-10-17,fy_days_since_effective_date,16,232,legacy_pre_window_filing_effective_date_left_censoring,same accession=0001045810-25-000023; filing=2025-02-26; legacy_start=2025-10-01; expanded_effective=2025-02-27; original-boundary reconstruction exact; independent next-session oracle
labeled_stage8,2025-10-20,fy_days_since_effective_date,19,235,legacy_pre_window_filing_effective_date_left_censoring,same accession=0001045810-25-000023; filing=2025-02-26; legacy_start=2025-10-01; expanded_effective=2025-02-27; original-boundary reconstruction exact; independent next-session oracle
labeled_stage8,2025-10-21,fy_days_since_effective_date,20,236,legacy_pre_window_filing_effective_date_left_censoring,same accession=0001045810-25-000023; filing=2025-02-26; legacy_start=2025-10-01; expanded_effective=2025-02-27; original-boundary reconstruction exact; independent next-session oracle
labeled_stage8,2025-10-22,fy_days_since_effective_date,21,237,legacy_pre_window_filing_effective_date_left_censoring,same accession=0001045810-25-000023; filing=2025-02-26; legacy_start=2025-10-01; expanded_effective=2025-02-27; original-boundary reconstruction exact; independent next-session oracle
labeled_stage8,2025-10-23,fy_days_since_effective_date,22,238,legacy_pre_window_filing_effective_date_left_censoring,same accession=0001045810-25-000023; filing=2025-02-26; legacy_start=2025-10-01; expanded_effective=2025-02-27; original-boundary reconstruction exact; independent next-session oracle
labeled_stage8,2025-10-24,fy_days_since_effective_date,23,239,legacy_pre_window_filing_effective_date_left_censoring,same accession=0001045810-25-000023; filing=2025-02-26; legacy_start=2025-10-01; expanded_effective=2025-02-27; original-boundary reconstruction exact; independent next-session oracle
labeled_stage8,2025-10-27,fy_days_since_effective_date,26,242,legacy_pre_window_filing_effective_date_left_censoring,same accession=0001045810-25-000023; filing=2025-02-26; legacy_start=2025-10-01; expanded_effective=2025-02-27; original-boundary reconstruction exact; independent next-session oracle
labeled_stage8,2025-10-28,fy_days_since_effective_date,27,243,legacy_pre_window_filing_effective_date_left_censoring,same accession=0001045810-25-000023; filing=2025-02-26; legacy_start=2025-10-01; expanded_effective=2025-02-27; original-boundary reconstruction exact; independent next-session oracle
labeled_stage8,2025-10-29,fy_days_since_effective_date,28,244,legacy_pre_window_filing_effective_date_left_censoring,same accession=0001045810-25-000023; filing=2025-02-26; legacy_start=2025-10-01; expanded_effective=2025-02-27; original-boundary reconstruction exact; independent next-session oracle
labeled_stage8,2025-10-30,fy_days_since_effective_date,29,245,legacy_pre_window_filing_effective_date_left_censoring,same accession=0001045810-25-000023; filing=2025-02-26; legacy_start=2025-10-01; expanded_effective=2025-02-27; original-boundary reconstruction exact; independent next-session oracle
labeled_stage8,2025-10-31,fy_days_since_effective_date,30,246,legacy_pre_window_filing_effective_date_left_censoring,same accession=0001045810-25-000023; filing=2025-02-26; legacy_start=2025-10-01; expanded_effective=2025-02-27; original-boundary reconstruction exact; independent next-session oracle
labeled_stage8,2025-11-03,fy_days_since_effective_date,33,249,legacy_pre_window_filing_effective_date_left_censoring,same accession=0001045810-25-000023; filing=2025-02-26; legacy_start=2025-10-01; expanded_effective=2025-02-27; original-boundary reconstruction exact; independent next-session oracle
labeled_stage8,2025-11-04,fy_days_since_effective_date,34,250,legacy_pre_window_filing_effective_date_left_censoring,same accession=0001045810-25-000023; filing=2025-02-26; legacy_start=2025-10-01; expanded_effective=2025-02-27; original-boundary reconstruction exact; independent next-session oracle
labeled_stage8,2025-11-05,fy_days_since_effective_date,35,251,legacy_pre_window_filing_effective_date_left_censoring,same accession=0001045810-25-000023; filing=2025-02-26; legacy_start=2025-10-01; expanded_effective=2025-02-27; original-boundary reconstruction exact; independent next-session oracle
labeled_stage8,2025-11-06,fy_days_since_effective_date,36,252,legacy_pre_window_filing_effective_date_left_censoring,same accession=0001045810-25-000023; filing=2025-02-26; legacy_start=2025-10-01; expanded_effective=2025-02-27; original-boundary reconstruction exact; independent next-session oracle
labeled_stage8,2025-11-07,fy_days_since_effective_date,37,253,legacy_pre_window_filing_effective_date_left_censoring,same accession=0001045810-25-000023; filing=2025-02-26; legacy_start=2025-10-01; expanded_effective=2025-02-27; original-boundary reconstruction exact; independent next-session oracle
labeled_stage8,2025-11-10,fy_days_since_effective_date,40,256,legacy_pre_window_filing_effective_date_left_censoring,same accession=0001045810-25-000023; filing=2025-02-26; legacy_start=2025-10-01; expanded_effective=2025-02-27; original-boundary reconstruction exact; independent next-session oracle
labeled_stage8,2025-11-11,fy_days_since_effective_date,41,257,legacy_pre_window_filing_effective_date_left_censoring,same accession=0001045810-25-000023; filing=2025-02-26; legacy_start=2025-10-01; expanded_effective=2025-02-27; original-boundary reconstruction exact; independent next-session oracle
labeled_stage8,2025-11-12,fy_days_since_effective_date,42,258,legacy_pre_window_filing_effective_date_left_censoring,same accession=0001045810-25-000023; filing=2025-02-26; legacy_start=2025-10-01; expanded_effective=2025-02-27; original-boundary reconstruction exact; independent next-session oracle
labeled_stage8,2025-11-13,fy_days_since_effective_date,43,259,legacy_pre_window_filing_effective_date_left_censoring,same accession=0001045810-25-000023; filing=2025-02-26; legacy_start=2025-10-01; expanded_effective=2025-02-27; original-boundary reconstruction exact; independent next-session oracle
labeled_stage8,2025-11-14,fy_days_since_effective_date,44,260,legacy_pre_window_filing_effective_date_left_censoring,same accession=0001045810-25-000023; filing=2025-02-26; legacy_start=2025-10-01; expanded_effective=2025-02-27; original-boundary reconstruction exact; independent next-session oracle
labeled_stage8,2025-11-17,fy_days_since_effective_date,47,263,legacy_pre_window_filing_effective_date_left_censoring,same accession=0001045810-25-000023; filing=2025-02-26; legacy_start=2025-10-01; expanded_effective=2025-02-27; original-boundary reconstruction exact; independent next-session oracle
labeled_stage8,2025-11-18,fy_days_since_effective_date,48,264,legacy_pre_window_filing_effective_date_left_censoring,same accession=0001045810-25-000023; filing=2025-02-26; legacy_start=2025-10-01; expanded_effective=2025-02-27; original-boundary reconstruction exact; independent next-session oracle
labeled_stage8,2025-11-19,fy_days_since_effective_date,49,265,legacy_pre_window_filing_effective_date_left_censoring,same accession=0001045810-25-000023; filing=2025-02-26; legacy_start=2025-10-01; expanded_effective=2025-02-27; original-boundary reconstruction exact; independent next-session oracle
labeled_stage8,2025-11-20,fy_days_since_effective_date,50,266,legacy_pre_window_filing_effective_date_left_censoring,same accession=0001045810-25-000023; filing=2025-02-26; legacy_start=2025-10-01; expanded_effective=2025-02-27; original-boundary reconstruction exact; independent next-session oracle
labeled_stage8,2025-11-21,fy_days_since_effective_date,51,267,legacy_pre_window_filing_effective_date_left_censoring,same accession=0001045810-25-000023; filing=2025-02-26; legacy_start=2025-10-01; expanded_effective=2025-02-27; original-boundary reconstruction exact; independent next-session oracle
labeled_stage8,2025-11-24,fy_days_since_effective_date,54,270,legacy_pre_window_filing_effective_date_left_censoring,same accession=0001045810-25-000023; filing=2025-02-26; legacy_start=2025-10-01; expanded_effective=2025-02-27; original-boundary reconstruction exact; independent next-session oracle
labeled_stage8,2025-11-25,fy_days_since_effective_date,55,271,legacy_pre_window_filing_effective_date_left_censoring,same accession=0001045810-25-000023; filing=2025-02-26; legacy_start=2025-10-01; expanded_effective=2025-02-27; original-boundary reconstruction exact; independent next-session oracle
labeled_stage8,2025-11-26,fy_days_since_effective_date,56,272,legacy_pre_window_filing_effective_date_left_censoring,same accession=0001045810-25-000023; filing=2025-02-26; legacy_start=2025-10-01; expanded_effective=2025-02-27; original-boundary reconstruction exact; independent next-session oracle
labeled_stage8,2025-11-28,fy_days_since_effective_date,58,274,legacy_pre_window_filing_effective_date_left_censoring,same accession=0001045810-25-000023; filing=2025-02-26; legacy_start=2025-10-01; expanded_effective=2025-02-27; original-boundary reconstruction exact; independent next-session oracle
labeled_stage8,2025-12-01,fy_days_since_effective_date,61,277,legacy_pre_window_filing_effective_date_left_censoring,same accession=0001045810-25-000023; filing=2025-02-26; legacy_start=2025-10-01; expanded_effective=2025-02-27; original-boundary reconstruction exact; independent next-session oracle
labeled_stage8,2025-12-02,fy_days_since_effective_date,62,278,legacy_pre_window_filing_effective_date_left_censoring,same accession=0001045810-25-000023; filing=2025-02-26; legacy_start=2025-10-01; expanded_effective=2025-02-27; original-boundary reconstruction exact; independent next-session oracle
labeled_stage8,2025-12-03,fy_days_since_effective_date,63,279,legacy_pre_window_filing_effective_date_left_censoring,same accession=0001045810-25-000023; filing=2025-02-26; legacy_start=2025-10-01; expanded_effective=2025-02-27; original-boundary reconstruction exact; independent next-session oracle
labeled_stage8,2025-12-04,fy_days_since_effective_date,64,280,legacy_pre_window_filing_effective_date_left_censoring,same accession=0001045810-25-000023; filing=2025-02-26; legacy_start=2025-10-01; expanded_effective=2025-02-27; original-boundary reconstruction exact; independent next-session oracle
labeled_stage8,2025-12-05,fy_days_since_effective_date,65,281,legacy_pre_window_filing_effective_date_left_censoring,same accession=0001045810-25-000023; filing=2025-02-26; legacy_start=2025-10-01; expanded_effective=2025-02-27; original-boundary reconstruction exact; independent next-session oracle
labeled_stage8,2025-12-08,fy_days_since_effective_date,68,284,legacy_pre_window_filing_effective_date_left_censoring,same accession=0001045810-25-000023; filing=2025-02-26; legacy_start=2025-10-01; expanded_effective=2025-02-27; original-boundary reconstruction exact; independent next-session oracle
labeled_stage8,2025-12-09,fy_days_since_effective_date,69,285,legacy_pre_window_filing_effective_date_left_censoring,same accession=0001045810-25-000023; filing=2025-02-26; legacy_start=2025-10-01; expanded_effective=2025-02-27; original-boundary reconstruction exact; independent next-session oracle
labeled_stage8,2025-12-10,fy_days_since_effective_date,70,286,legacy_pre_window_filing_effective_date_left_censoring,same accession=0001045810-25-000023; filing=2025-02-26; legacy_start=2025-10-01; expanded_effective=2025-02-27; original-boundary reconstruction exact; independent next-session oracle
labeled_stage8,2025-12-11,fy_days_since_effective_date,71,287,legacy_pre_window_filing_effective_date_left_censoring,same accession=0001045810-25-000023; filing=2025-02-26; legacy_start=2025-10-01; expanded_effective=2025-02-27; original-boundary reconstruction exact; independent next-session oracle
labeled_stage8,2025-12-12,fy_days_since_effective_date,72,288,legacy_pre_window_filing_effective_date_left_censoring,same accession=0001045810-25-000023; filing=2025-02-26; legacy_start=2025-10-01; expanded_effective=2025-02-27; original-boundary reconstruction exact; independent next-session oracle
labeled_stage8,2025-12-15,fy_days_since_effective_date,75,291,legacy_pre_window_filing_effective_date_left_censoring,same accession=0001045810-25-000023; filing=2025-02-26; legacy_start=2025-10-01; expanded_effective=2025-02-27; original-boundary reconstruction exact; independent next-session oracle
labeled_stage8,2025-12-16,fy_days_since_effective_date,76,292,legacy_pre_window_filing_effective_date_left_censoring,same accession=0001045810-25-000023; filing=2025-02-26; legacy_start=2025-10-01; expanded_effective=2025-02-27; original-boundary reconstruction exact; independent next-session oracle
labeled_stage8,2025-12-17,fy_days_since_effective_date,77,293,legacy_pre_window_filing_effective_date_left_censoring,same accession=0001045810-25-000023; filing=2025-02-26; legacy_start=2025-10-01; expanded_effective=2025-02-27; original-boundary reconstruction exact; independent next-session oracle
labeled_stage8,2025-12-18,fy_days_since_effective_date,78,294,legacy_pre_window_filing_effective_date_left_censoring,same accession=0001045810-25-000023; filing=2025-02-26; legacy_start=2025-10-01; expanded_effective=2025-02-27; original-boundary reconstruction exact; independent next-session oracle
labeled_stage8,2025-12-19,fy_days_since_effective_date,79,295,legacy_pre_window_filing_effective_date_left_censoring,same accession=0001045810-25-000023; filing=2025-02-26; legacy_start=2025-10-01; expanded_effective=2025-02-27; original-boundary reconstruction exact; independent next-session oracle
labeled_stage8,2025-12-22,fy_days_since_effective_date,82,298,legacy_pre_window_filing_effective_date_left_censoring,same accession=0001045810-25-000023; filing=2025-02-26; legacy_start=2025-10-01; expanded_effective=2025-02-27; original-boundary reconstruction exact; independent next-session oracle
labeled_stage8,2025-12-23,fy_days_since_effective_date,83,299,legacy_pre_window_filing_effective_date_left_censoring,same accession=0001045810-25-000023; filing=2025-02-26; legacy_start=2025-10-01; expanded_effective=2025-02-27; original-boundary reconstruction exact; independent next-session oracle
labeled_stage8,2025-12-24,fy_days_since_effective_date,84,300,legacy_pre_window_filing_effective_date_left_censoring,same accession=0001045810-25-000023; filing=2025-02-26; legacy_start=2025-10-01; expanded_effective=2025-02-27; original-boundary reconstruction exact; independent next-session oracle
labeled_stage8,2025-12-26,fy_days_since_effective_date,86,302,legacy_pre_window_filing_effective_date_left_censoring,same accession=0001045810-25-000023; filing=2025-02-26; legacy_start=2025-10-01; expanded_effective=2025-02-27; original-boundary reconstruction exact; independent next-session oracle
labeled_stage8,2025-12-29,fy_days_since_effective_date,89,305,legacy_pre_window_filing_effective_date_left_censoring,same accession=0001045810-25-000023; filing=2025-02-26; legacy_start=2025-10-01; expanded_effective=2025-02-27; original-boundary reconstruction exact; independent next-session oracle
labeled_stage8,2025-12-30,fy_days_since_effective_date,90,306,legacy_pre_window_filing_effective_date_left_censoring,same accession=0001045810-25-000023; filing=2025-02-26; legacy_start=2025-10-01; expanded_effective=2025-02-27; original-boundary reconstruction exact; independent next-session oracle
labeled_stage8,2025-12-31,fy_days_since_effective_date,91,307,legacy_pre_window_filing_effective_date_left_censoring,same accession=0001045810-25-000023; filing=2025-02-26; legacy_start=2025-10-01; expanded_effective=2025-02-27; original-boundary reconstruction exact; independent next-session oracle
labeled_stage8,2026-01-02,fy_days_since_effective_date,93,309,legacy_pre_window_filing_effective_date_left_censoring,same accession=0001045810-25-000023; filing=2025-02-26; legacy_start=2025-10-01; expanded_effective=2025-02-27; original-boundary reconstruction exact; independent next-session oracle
labeled_stage8,2026-01-05,fy_days_since_effective_date,96,312,legacy_pre_window_filing_effective_date_left_censoring,same accession=0001045810-25-000023; filing=2025-02-26; legacy_start=2025-10-01; expanded_effective=2025-02-27; original-boundary reconstruction exact; independent next-session oracle
labeled_stage8,2026-01-06,fy_days_since_effective_date,97,313,legacy_pre_window_filing_effective_date_left_censoring,same accession=0001045810-25-000023; filing=2025-02-26; legacy_start=2025-10-01; expanded_effective=2025-02-27; original-boundary reconstruction exact; independent next-session oracle
labeled_stage8,2026-01-07,fy_days_since_effective_date,98,314,legacy_pre_window_filing_effective_date_left_censoring,same accession=0001045810-25-000023; filing=2025-02-26; legacy_start=2025-10-01; expanded_effective=2025-02-27; original-boundary reconstruction exact; independent next-session oracle
labeled_stage8,2026-01-08,fy_days_since_effective_date,99,315,legacy_pre_window_filing_effective_date_left_censoring,same accession=0001045810-25-000023; filing=2025-02-26; legacy_start=2025-10-01; expanded_effective=2025-02-27; original-boundary reconstruction exact; independent next-session oracle
labeled_stage8,2026-01-09,fy_days_since_effective_date,100,316,legacy_pre_window_filing_effective_date_left_censoring,same accession=0001045810-25-000023; filing=2025-02-26; legacy_start=2025-10-01; expanded_effective=2025-02-27; original-boundary reconstruction exact; independent next-session oracle
labeled_stage8,2026-01-12,fy_days_since_effective_date,103,319,legacy_pre_window_filing_effective_date_left_censoring,same accession=0001045810-25-000023; filing=2025-02-26; legacy_start=2025-10-01; expanded_effective=2025-02-27; original-boundary reconstruction exact; independent next-session oracle
labeled_stage8,2026-01-13,fy_days_since_effective_date,104,320,legacy_pre_window_filing_effective_date_left_censoring,same accession=0001045810-25-000023; filing=2025-02-26; legacy_start=2025-10-01; expanded_effective=2025-02-27; original-boundary reconstruction exact; independent next-session oracle
labeled_stage8,2026-01-14,fy_days_since_effective_date,105,321,legacy_pre_window_filing_effective_date_left_censoring,same accession=0001045810-25-000023; filing=2025-02-26; legacy_start=2025-10-01; expanded_effective=2025-02-27; original-boundary reconstruction exact; independent next-session oracle
labeled_stage8,2026-01-15,fy_days_since_effective_date,106,322,legacy_pre_window_filing_effective_date_left_censoring,same accession=0001045810-25-000023; filing=2025-02-26; legacy_start=2025-10-01; expanded_effective=2025-02-27; original-boundary reconstruction exact; independent next-session oracle
labeled_stage8,2026-01-16,fy_days_since_effective_date,107,323,legacy_pre_window_filing_effective_date_left_censoring,same accession=0001045810-25-000023; filing=2025-02-26; legacy_start=2025-10-01; expanded_effective=2025-02-27; original-boundary reconstruction exact; independent next-session oracle
labeled_stage8,2026-01-20,fy_days_since_effective_date,111,327,legacy_pre_window_filing_effective_date_left_censoring,same accession=0001045810-25-000023; filing=2025-02-26; legacy_start=2025-10-01; expanded_effective=2025-02-27; original-boundary reconstruction exact; independent next-session oracle
labeled_stage8,2026-01-21,fy_days_since_effective_date,112,328,legacy_pre_window_filing_effective_date_left_censoring,same accession=0001045810-25-000023; filing=2025-02-26; legacy_start=2025-10-01; expanded_effective=2025-02-27; original-boundary reconstruction exact; independent next-session oracle
labeled_stage8,2026-01-22,fy_days_since_effective_date,113,329,legacy_pre_window_filing_effective_date_left_censoring,same accession=0001045810-25-000023; filing=2025-02-26; legacy_start=2025-10-01; expanded_effective=2025-02-27; original-boundary reconstruction exact; independent next-session oracle
labeled_stage8,2026-01-23,fy_days_since_effective_date,114,330,legacy_pre_window_filing_effective_date_left_censoring,same accession=0001045810-25-000023; filing=2025-02-26; legacy_start=2025-10-01; expanded_effective=2025-02-27; original-boundary reconstruction exact; independent next-session oracle
labeled_stage8,2026-01-26,fy_days_since_effective_date,117,333,legacy_pre_window_filing_effective_date_left_censoring,same accession=0001045810-25-000023; filing=2025-02-26; legacy_start=2025-10-01; expanded_effective=2025-02-27; original-boundary reconstruction exact; independent next-session oracle
labeled_stage8,2026-01-27,fy_days_since_effective_date,118,334,legacy_pre_window_filing_effective_date_left_censoring,same accession=0001045810-25-000023; filing=2025-02-26; legacy_start=2025-10-01; expanded_effective=2025-02-27; original-boundary reconstruction exact; independent next-session oracle
labeled_stage8,2026-01-28,fy_days_since_effective_date,119,335,legacy_pre_window_filing_effective_date_left_censoring,same accession=0001045810-25-000023; filing=2025-02-26; legacy_start=2025-10-01; expanded_effective=2025-02-27; original-boundary reconstruction exact; independent next-session oracle
labeled_stage8,2026-01-29,fy_days_since_effective_date,120,336,legacy_pre_window_filing_effective_date_left_censoring,same accession=0001045810-25-000023; filing=2025-02-26; legacy_start=2025-10-01; expanded_effective=2025-02-27; original-boundary reconstruction exact; independent next-session oracle
labeled_stage8,2026-01-30,fy_days_since_effective_date,121,337,legacy_pre_window_filing_effective_date_left_censoring,same accession=0001045810-25-000023; filing=2025-02-26; legacy_start=2025-10-01; expanded_effective=2025-02-27; original-boundary reconstruction exact; independent next-session oracle
labeled_stage8,2026-02-02,fy_days_since_effective_date,124,340,legacy_pre_window_filing_effective_date_left_censoring,same accession=0001045810-25-000023; filing=2025-02-26; legacy_start=2025-10-01; expanded_effective=2025-02-27; original-boundary reconstruction exact; independent next-session oracle
labeled_stage8,2026-02-03,fy_days_since_effective_date,125,341,legacy_pre_window_filing_effective_date_left_censoring,same accession=0001045810-25-000023; filing=2025-02-26; legacy_start=2025-10-01; expanded_effective=2025-02-27; original-boundary reconstruction exact; independent next-session oracle
labeled_stage8,2026-02-04,fy_days_since_effective_date,126,342,legacy_pre_window_filing_effective_date_left_censoring,same accession=0001045810-25-000023; filing=2025-02-26; legacy_start=2025-10-01; expanded_effective=2025-02-27; original-boundary reconstruction exact; independent next-session oracle
labeled_stage8,2026-02-05,fy_days_since_effective_date,127,343,legacy_pre_window_filing_effective_date_left_censoring,same accession=0001045810-25-000023; filing=2025-02-26; legacy_start=2025-10-01; expanded_effective=2025-02-27; original-boundary reconstruction exact; independent next-session oracle
labeled_stage8,2026-02-06,fy_days_since_effective_date,128,344,legacy_pre_window_filing_effective_date_left_censoring,same accession=0001045810-25-000023; filing=2025-02-26; legacy_start=2025-10-01; expanded_effective=2025-02-27; original-boundary reconstruction exact; independent next-session oracle
labeled_stage8,2026-02-09,fy_days_since_effective_date,131,347,legacy_pre_window_filing_effective_date_left_censoring,same accession=0001045810-25-000023; filing=2025-02-26; legacy_start=2025-10-01; expanded_effective=2025-02-27; original-boundary reconstruction exact; independent next-session oracle
labeled_stage8,2026-02-10,fy_days_since_effective_date,132,348,legacy_pre_window_filing_effective_date_left_censoring,same accession=0001045810-25-000023; filing=2025-02-26; legacy_start=2025-10-01; expanded_effective=2025-02-27; original-boundary reconstruction exact; independent next-session oracle
labeled_stage8,2026-02-11,fy_days_since_effective_date,133,349,legacy_pre_window_filing_effective_date_left_censoring,same accession=0001045810-25-000023; filing=2025-02-26; legacy_start=2025-10-01; expanded_effective=2025-02-27; original-boundary reconstruction exact; independent next-session oracle
labeled_stage8,2026-02-12,fy_days_since_effective_date,134,350,legacy_pre_window_filing_effective_date_left_censoring,same accession=0001045810-25-000023; filing=2025-02-26; legacy_start=2025-10-01; expanded_effective=2025-02-27; original-boundary reconstruction exact; independent next-session oracle
labeled_stage8,2026-02-13,fy_days_since_effective_date,135,351,legacy_pre_window_filing_effective_date_left_censoring,same accession=0001045810-25-000023; filing=2025-02-26; legacy_start=2025-10-01; expanded_effective=2025-02-27; original-boundary reconstruction exact; independent next-session oracle
labeled_stage8,2026-02-17,fy_days_since_effective_date,139,355,legacy_pre_window_filing_effective_date_left_censoring,same accession=0001045810-25-000023; filing=2025-02-26; legacy_start=2025-10-01; expanded_effective=2025-02-27; original-boundary reconstruction exact; independent next-session oracle
labeled_stage8,2026-02-18,fy_days_since_effective_date,140,356,legacy_pre_window_filing_effective_date_left_censoring,same accession=0001045810-25-000023; filing=2025-02-26; legacy_start=2025-10-01; expanded_effective=2025-02-27; original-boundary reconstruction exact; independent next-session oracle
labeled_stage8,2026-02-19,fy_days_since_effective_date,141,357,legacy_pre_window_filing_effective_date_left_censoring,same accession=0001045810-25-000023; filing=2025-02-26; legacy_start=2025-10-01; expanded_effective=2025-02-27; original-boundary reconstruction exact; independent next-session oracle
labeled_stage8,2026-02-20,fy_days_since_effective_date,142,358,legacy_pre_window_filing_effective_date_left_censoring,same accession=0001045810-25-000023; filing=2025-02-26; legacy_start=2025-10-01; expanded_effective=2025-02-27; original-boundary reconstruction exact; independent next-session oracle
labeled_stage8,2026-02-23,fy_days_since_effective_date,145,361,legacy_pre_window_filing_effective_date_left_censoring,same accession=0001045810-25-000023; filing=2025-02-26; legacy_start=2025-10-01; expanded_effective=2025-02-27; original-boundary reconstruction exact; independent next-session oracle
labeled_stage8,2026-02-24,fy_days_since_effective_date,146,362,legacy_pre_window_filing_effective_date_left_censoring,same accession=0001045810-25-000023; filing=2025-02-26; legacy_start=2025-10-01; expanded_effective=2025-02-27; original-boundary reconstruction exact; independent next-session oracle
labeled_stage8,2026-02-25,fy_days_since_effective_date,147,363,legacy_pre_window_filing_effective_date_left_censoring,same accession=0001045810-25-000023; filing=2025-02-26; legacy_start=2025-10-01; expanded_effective=2025-02-27; original-boundary reconstruction exact; independent next-session oracle
labeled_stage8,2025-10-01,bs_effective_date,2025-10-01,2025-08-28,legacy_pre_window_filing_effective_date_left_censoring,same accession=0001045810-25-000209; filing=2025-08-27; legacy_start=2025-10-01; expanded_effective=2025-08-28; original-boundary reconstruction exact; independent next-session oracle
labeled_stage8,2025-10-02,bs_effective_date,2025-10-01,2025-08-28,legacy_pre_window_filing_effective_date_left_censoring,same accession=0001045810-25-000209; filing=2025-08-27; legacy_start=2025-10-01; expanded_effective=2025-08-28; original-boundary reconstruction exact; independent next-session oracle
labeled_stage8,2025-10-03,bs_effective_date,2025-10-01,2025-08-28,legacy_pre_window_filing_effective_date_left_censoring,same accession=0001045810-25-000209; filing=2025-08-27; legacy_start=2025-10-01; expanded_effective=2025-08-28; original-boundary reconstruction exact; independent next-session oracle
labeled_stage8,2025-10-06,bs_effective_date,2025-10-01,2025-08-28,legacy_pre_window_filing_effective_date_left_censoring,same accession=0001045810-25-000209; filing=2025-08-27; legacy_start=2025-10-01; expanded_effective=2025-08-28; original-boundary reconstruction exact; independent next-session oracle
labeled_stage8,2025-10-07,bs_effective_date,2025-10-01,2025-08-28,legacy_pre_window_filing_effective_date_left_censoring,same accession=0001045810-25-000209; filing=2025-08-27; legacy_start=2025-10-01; expanded_effective=2025-08-28; original-boundary reconstruction exact; independent next-session oracle
labeled_stage8,2025-10-08,bs_effective_date,2025-10-01,2025-08-28,legacy_pre_window_filing_effective_date_left_censoring,same accession=0001045810-25-000209; filing=2025-08-27; legacy_start=2025-10-01; expanded_effective=2025-08-28; original-boundary reconstruction exact; independent next-session oracle
labeled_stage8,2025-10-09,bs_effective_date,2025-10-01,2025-08-28,legacy_pre_window_filing_effective_date_left_censoring,same accession=0001045810-25-000209; filing=2025-08-27; legacy_start=2025-10-01; expanded_effective=2025-08-28; original-boundary reconstruction exact; independent next-session oracle
labeled_stage8,2025-10-10,bs_effective_date,2025-10-01,2025-08-28,legacy_pre_window_filing_effective_date_left_censoring,same accession=0001045810-25-000209; filing=2025-08-27; legacy_start=2025-10-01; expanded_effective=2025-08-28; original-boundary reconstruction exact; independent next-session oracle
labeled_stage8,2025-10-13,bs_effective_date,2025-10-01,2025-08-28,legacy_pre_window_filing_effective_date_left_censoring,same accession=0001045810-25-000209; filing=2025-08-27; legacy_start=2025-10-01; expanded_effective=2025-08-28; original-boundary reconstruction exact; independent next-session oracle
labeled_stage8,2025-10-14,bs_effective_date,2025-10-01,2025-08-28,legacy_pre_window_filing_effective_date_left_censoring,same accession=0001045810-25-000209; filing=2025-08-27; legacy_start=2025-10-01; expanded_effective=2025-08-28; original-boundary reconstruction exact; independent next-session oracle
labeled_stage8,2025-10-15,bs_effective_date,2025-10-01,2025-08-28,legacy_pre_window_filing_effective_date_left_censoring,same accession=0001045810-25-000209; filing=2025-08-27; legacy_start=2025-10-01; expanded_effective=2025-08-28; original-boundary reconstruction exact; independent next-session oracle
labeled_stage8,2025-10-16,bs_effective_date,2025-10-01,2025-08-28,legacy_pre_window_filing_effective_date_left_censoring,same accession=0001045810-25-000209; filing=2025-08-27; legacy_start=2025-10-01; expanded_effective=2025-08-28; original-boundary reconstruction exact; independent next-session oracle
labeled_stage8,2025-10-17,bs_effective_date,2025-10-01,2025-08-28,legacy_pre_window_filing_effective_date_left_censoring,same accession=0001045810-25-000209; filing=2025-08-27; legacy_start=2025-10-01; expanded_effective=2025-08-28; original-boundary reconstruction exact; independent next-session oracle
labeled_stage8,2025-10-20,bs_effective_date,2025-10-01,2025-08-28,legacy_pre_window_filing_effective_date_left_censoring,same accession=0001045810-25-000209; filing=2025-08-27; legacy_start=2025-10-01; expanded_effective=2025-08-28; original-boundary reconstruction exact; independent next-session oracle
labeled_stage8,2025-10-21,bs_effective_date,2025-10-01,2025-08-28,legacy_pre_window_filing_effective_date_left_censoring,same accession=0001045810-25-000209; filing=2025-08-27; legacy_start=2025-10-01; expanded_effective=2025-08-28; original-boundary reconstruction exact; independent next-session oracle
labeled_stage8,2025-10-22,bs_effective_date,2025-10-01,2025-08-28,legacy_pre_window_filing_effective_date_left_censoring,same accession=0001045810-25-000209; filing=2025-08-27; legacy_start=2025-10-01; expanded_effective=2025-08-28; original-boundary reconstruction exact; independent next-session oracle
labeled_stage8,2025-10-23,bs_effective_date,2025-10-01,2025-08-28,legacy_pre_window_filing_effective_date_left_censoring,same accession=0001045810-25-000209; filing=2025-08-27; legacy_start=2025-10-01; expanded_effective=2025-08-28; original-boundary reconstruction exact; independent next-session oracle
labeled_stage8,2025-10-24,bs_effective_date,2025-10-01,2025-08-28,legacy_pre_window_filing_effective_date_left_censoring,same accession=0001045810-25-000209; filing=2025-08-27; legacy_start=2025-10-01; expanded_effective=2025-08-28; original-boundary reconstruction exact; independent next-session oracle
labeled_stage8,2025-10-27,bs_effective_date,2025-10-01,2025-08-28,legacy_pre_window_filing_effective_date_left_censoring,same accession=0001045810-25-000209; filing=2025-08-27; legacy_start=2025-10-01; expanded_effective=2025-08-28; original-boundary reconstruction exact; independent next-session oracle
labeled_stage8,2025-10-28,bs_effective_date,2025-10-01,2025-08-28,legacy_pre_window_filing_effective_date_left_censoring,same accession=0001045810-25-000209; filing=2025-08-27; legacy_start=2025-10-01; expanded_effective=2025-08-28; original-boundary reconstruction exact; independent next-session oracle
labeled_stage8,2025-10-29,bs_effective_date,2025-10-01,2025-08-28,legacy_pre_window_filing_effective_date_left_censoring,same accession=0001045810-25-000209; filing=2025-08-27; legacy_start=2025-10-01; expanded_effective=2025-08-28; original-boundary reconstruction exact; independent next-session oracle
labeled_stage8,2025-10-30,bs_effective_date,2025-10-01,2025-08-28,legacy_pre_window_filing_effective_date_left_censoring,same accession=0001045810-25-000209; filing=2025-08-27; legacy_start=2025-10-01; expanded_effective=2025-08-28; original-boundary reconstruction exact; independent next-session oracle
labeled_stage8,2025-10-31,bs_effective_date,2025-10-01,2025-08-28,legacy_pre_window_filing_effective_date_left_censoring,same accession=0001045810-25-000209; filing=2025-08-27; legacy_start=2025-10-01; expanded_effective=2025-08-28; original-boundary reconstruction exact; independent next-session oracle
labeled_stage8,2025-11-03,bs_effective_date,2025-10-01,2025-08-28,legacy_pre_window_filing_effective_date_left_censoring,same accession=0001045810-25-000209; filing=2025-08-27; legacy_start=2025-10-01; expanded_effective=2025-08-28; original-boundary reconstruction exact; independent next-session oracle
labeled_stage8,2025-11-04,bs_effective_date,2025-10-01,2025-08-28,legacy_pre_window_filing_effective_date_left_censoring,same accession=0001045810-25-000209; filing=2025-08-27; legacy_start=2025-10-01; expanded_effective=2025-08-28; original-boundary reconstruction exact; independent next-session oracle
labeled_stage8,2025-11-05,bs_effective_date,2025-10-01,2025-08-28,legacy_pre_window_filing_effective_date_left_censoring,same accession=0001045810-25-000209; filing=2025-08-27; legacy_start=2025-10-01; expanded_effective=2025-08-28; original-boundary reconstruction exact; independent next-session oracle
labeled_stage8,2025-11-06,bs_effective_date,2025-10-01,2025-08-28,legacy_pre_window_filing_effective_date_left_censoring,same accession=0001045810-25-000209; filing=2025-08-27; legacy_start=2025-10-01; expanded_effective=2025-08-28; original-boundary reconstruction exact; independent next-session oracle
labeled_stage8,2025-11-07,bs_effective_date,2025-10-01,2025-08-28,legacy_pre_window_filing_effective_date_left_censoring,same accession=0001045810-25-000209; filing=2025-08-27; legacy_start=2025-10-01; expanded_effective=2025-08-28; original-boundary reconstruction exact; independent next-session oracle
labeled_stage8,2025-11-10,bs_effective_date,2025-10-01,2025-08-28,legacy_pre_window_filing_effective_date_left_censoring,same accession=0001045810-25-000209; filing=2025-08-27; legacy_start=2025-10-01; expanded_effective=2025-08-28; original-boundary reconstruction exact; independent next-session oracle
labeled_stage8,2025-11-11,bs_effective_date,2025-10-01,2025-08-28,legacy_pre_window_filing_effective_date_left_censoring,same accession=0001045810-25-000209; filing=2025-08-27; legacy_start=2025-10-01; expanded_effective=2025-08-28; original-boundary reconstruction exact; independent next-session oracle
labeled_stage8,2025-11-12,bs_effective_date,2025-10-01,2025-08-28,legacy_pre_window_filing_effective_date_left_censoring,same accession=0001045810-25-000209; filing=2025-08-27; legacy_start=2025-10-01; expanded_effective=2025-08-28; original-boundary reconstruction exact; independent next-session oracle
labeled_stage8,2025-11-13,bs_effective_date,2025-10-01,2025-08-28,legacy_pre_window_filing_effective_date_left_censoring,same accession=0001045810-25-000209; filing=2025-08-27; legacy_start=2025-10-01; expanded_effective=2025-08-28; original-boundary reconstruction exact; independent next-session oracle
labeled_stage8,2025-11-14,bs_effective_date,2025-10-01,2025-08-28,legacy_pre_window_filing_effective_date_left_censoring,same accession=0001045810-25-000209; filing=2025-08-27; legacy_start=2025-10-01; expanded_effective=2025-08-28; original-boundary reconstruction exact; independent next-session oracle
labeled_stage8,2025-11-17,bs_effective_date,2025-10-01,2025-08-28,legacy_pre_window_filing_effective_date_left_censoring,same accession=0001045810-25-000209; filing=2025-08-27; legacy_start=2025-10-01; expanded_effective=2025-08-28; original-boundary reconstruction exact; independent next-session oracle
labeled_stage8,2025-11-18,bs_effective_date,2025-10-01,2025-08-28,legacy_pre_window_filing_effective_date_left_censoring,same accession=0001045810-25-000209; filing=2025-08-27; legacy_start=2025-10-01; expanded_effective=2025-08-28; original-boundary reconstruction exact; independent next-session oracle
labeled_stage8,2025-11-19,bs_effective_date,2025-10-01,2025-08-28,legacy_pre_window_filing_effective_date_left_censoring,same accession=0001045810-25-000209; filing=2025-08-27; legacy_start=2025-10-01; expanded_effective=2025-08-28; original-boundary reconstruction exact; independent next-session oracle
labeled_stage8,2025-10-01,bs_effective_date_is_sample_truncated,True,False,legacy_pre_window_filing_effective_date_left_censoring,same accession=0001045810-25-000209; filing=2025-08-27; legacy_start=2025-10-01; expanded_effective=2025-08-28; original-boundary reconstruction exact; independent next-session oracle
labeled_stage8,2025-10-02,bs_effective_date_is_sample_truncated,True,False,legacy_pre_window_filing_effective_date_left_censoring,same accession=0001045810-25-000209; filing=2025-08-27; legacy_start=2025-10-01; expanded_effective=2025-08-28; original-boundary reconstruction exact; independent next-session oracle
labeled_stage8,2025-10-03,bs_effective_date_is_sample_truncated,True,False,legacy_pre_window_filing_effective_date_left_censoring,same accession=0001045810-25-000209; filing=2025-08-27; legacy_start=2025-10-01; expanded_effective=2025-08-28; original-boundary reconstruction exact; independent next-session oracle
labeled_stage8,2025-10-06,bs_effective_date_is_sample_truncated,True,False,legacy_pre_window_filing_effective_date_left_censoring,same accession=0001045810-25-000209; filing=2025-08-27; legacy_start=2025-10-01; expanded_effective=2025-08-28; original-boundary reconstruction exact; independent next-session oracle
labeled_stage8,2025-10-07,bs_effective_date_is_sample_truncated,True,False,legacy_pre_window_filing_effective_date_left_censoring,same accession=0001045810-25-000209; filing=2025-08-27; legacy_start=2025-10-01; expanded_effective=2025-08-28; original-boundary reconstruction exact; independent next-session oracle
labeled_stage8,2025-10-08,bs_effective_date_is_sample_truncated,True,False,legacy_pre_window_filing_effective_date_left_censoring,same accession=0001045810-25-000209; filing=2025-08-27; legacy_start=2025-10-01; expanded_effective=2025-08-28; original-boundary reconstruction exact; independent next-session oracle
labeled_stage8,2025-10-09,bs_effective_date_is_sample_truncated,True,False,legacy_pre_window_filing_effective_date_left_censoring,same accession=0001045810-25-000209; filing=2025-08-27; legacy_start=2025-10-01; expanded_effective=2025-08-28; original-boundary reconstruction exact; independent next-session oracle
labeled_stage8,2025-10-10,bs_effective_date_is_sample_truncated,True,False,legacy_pre_window_filing_effective_date_left_censoring,same accession=0001045810-25-000209; filing=2025-08-27; legacy_start=2025-10-01; expanded_effective=2025-08-28; original-boundary reconstruction exact; independent next-session oracle
labeled_stage8,2025-10-13,bs_effective_date_is_sample_truncated,True,False,legacy_pre_window_filing_effective_date_left_censoring,same accession=0001045810-25-000209; filing=2025-08-27; legacy_start=2025-10-01; expanded_effective=2025-08-28; original-boundary reconstruction exact; independent next-session oracle
labeled_stage8,2025-10-14,bs_effective_date_is_sample_truncated,True,False,legacy_pre_window_filing_effective_date_left_censoring,same accession=0001045810-25-000209; filing=2025-08-27; legacy_start=2025-10-01; expanded_effective=2025-08-28; original-boundary reconstruction exact; independent next-session oracle
labeled_stage8,2025-10-15,bs_effective_date_is_sample_truncated,True,False,legacy_pre_window_filing_effective_date_left_censoring,same accession=0001045810-25-000209; filing=2025-08-27; legacy_start=2025-10-01; expanded_effective=2025-08-28; original-boundary reconstruction exact; independent next-session oracle
labeled_stage8,2025-10-16,bs_effective_date_is_sample_truncated,True,False,legacy_pre_window_filing_effective_date_left_censoring,same accession=0001045810-25-000209; filing=2025-08-27; legacy_start=2025-10-01; expanded_effective=2025-08-28; original-boundary reconstruction exact; independent next-session oracle
labeled_stage8,2025-10-17,bs_effective_date_is_sample_truncated,True,False,legacy_pre_window_filing_effective_date_left_censoring,same accession=0001045810-25-000209; filing=2025-08-27; legacy_start=2025-10-01; expanded_effective=2025-08-28; original-boundary reconstruction exact; independent next-session oracle
labeled_stage8,2025-10-20,bs_effective_date_is_sample_truncated,True,False,legacy_pre_window_filing_effective_date_left_censoring,same accession=0001045810-25-000209; filing=2025-08-27; legacy_start=2025-10-01; expanded_effective=2025-08-28; original-boundary reconstruction exact; independent next-session oracle
labeled_stage8,2025-10-21,bs_effective_date_is_sample_truncated,True,False,legacy_pre_window_filing_effective_date_left_censoring,same accession=0001045810-25-000209; filing=2025-08-27; legacy_start=2025-10-01; expanded_effective=2025-08-28; original-boundary reconstruction exact; independent next-session oracle
labeled_stage8,2025-10-22,bs_effective_date_is_sample_truncated,True,False,legacy_pre_window_filing_effective_date_left_censoring,same accession=0001045810-25-000209; filing=2025-08-27; legacy_start=2025-10-01; expanded_effective=2025-08-28; original-boundary reconstruction exact; independent next-session oracle
labeled_stage8,2025-10-23,bs_effective_date_is_sample_truncated,True,False,legacy_pre_window_filing_effective_date_left_censoring,same accession=0001045810-25-000209; filing=2025-08-27; legacy_start=2025-10-01; expanded_effective=2025-08-28; original-boundary reconstruction exact; independent next-session oracle
labeled_stage8,2025-10-24,bs_effective_date_is_sample_truncated,True,False,legacy_pre_window_filing_effective_date_left_censoring,same accession=0001045810-25-000209; filing=2025-08-27; legacy_start=2025-10-01; expanded_effective=2025-08-28; original-boundary reconstruction exact; independent next-session oracle
labeled_stage8,2025-10-27,bs_effective_date_is_sample_truncated,True,False,legacy_pre_window_filing_effective_date_left_censoring,same accession=0001045810-25-000209; filing=2025-08-27; legacy_start=2025-10-01; expanded_effective=2025-08-28; original-boundary reconstruction exact; independent next-session oracle
labeled_stage8,2025-10-28,bs_effective_date_is_sample_truncated,True,False,legacy_pre_window_filing_effective_date_left_censoring,same accession=0001045810-25-000209; filing=2025-08-27; legacy_start=2025-10-01; expanded_effective=2025-08-28; original-boundary reconstruction exact; independent next-session oracle
labeled_stage8,2025-10-29,bs_effective_date_is_sample_truncated,True,False,legacy_pre_window_filing_effective_date_left_censoring,same accession=0001045810-25-000209; filing=2025-08-27; legacy_start=2025-10-01; expanded_effective=2025-08-28; original-boundary reconstruction exact; independent next-session oracle
labeled_stage8,2025-10-30,bs_effective_date_is_sample_truncated,True,False,legacy_pre_window_filing_effective_date_left_censoring,same accession=0001045810-25-000209; filing=2025-08-27; legacy_start=2025-10-01; expanded_effective=2025-08-28; original-boundary reconstruction exact; independent next-session oracle
labeled_stage8,2025-10-31,bs_effective_date_is_sample_truncated,True,False,legacy_pre_window_filing_effective_date_left_censoring,same accession=0001045810-25-000209; filing=2025-08-27; legacy_start=2025-10-01; expanded_effective=2025-08-28; original-boundary reconstruction exact; independent next-session oracle
labeled_stage8,2025-11-03,bs_effective_date_is_sample_truncated,True,False,legacy_pre_window_filing_effective_date_left_censoring,same accession=0001045810-25-000209; filing=2025-08-27; legacy_start=2025-10-01; expanded_effective=2025-08-28; original-boundary reconstruction exact; independent next-session oracle
labeled_stage8,2025-11-04,bs_effective_date_is_sample_truncated,True,False,legacy_pre_window_filing_effective_date_left_censoring,same accession=0001045810-25-000209; filing=2025-08-27; legacy_start=2025-10-01; expanded_effective=2025-08-28; original-boundary reconstruction exact; independent next-session oracle
labeled_stage8,2025-11-05,bs_effective_date_is_sample_truncated,True,False,legacy_pre_window_filing_effective_date_left_censoring,same accession=0001045810-25-000209; filing=2025-08-27; legacy_start=2025-10-01; expanded_effective=2025-08-28; original-boundary reconstruction exact; independent next-session oracle
labeled_stage8,2025-11-06,bs_effective_date_is_sample_truncated,True,False,legacy_pre_window_filing_effective_date_left_censoring,same accession=0001045810-25-000209; filing=2025-08-27; legacy_start=2025-10-01; expanded_effective=2025-08-28; original-boundary reconstruction exact; independent next-session oracle
labeled_stage8,2025-11-07,bs_effective_date_is_sample_truncated,True,False,legacy_pre_window_filing_effective_date_left_censoring,same accession=0001045810-25-000209; filing=2025-08-27; legacy_start=2025-10-01; expanded_effective=2025-08-28; original-boundary reconstruction exact; independent next-session oracle
labeled_stage8,2025-11-10,bs_effective_date_is_sample_truncated,True,False,legacy_pre_window_filing_effective_date_left_censoring,same accession=0001045810-25-000209; filing=2025-08-27; legacy_start=2025-10-01; expanded_effective=2025-08-28; original-boundary reconstruction exact; independent next-session oracle
labeled_stage8,2025-11-11,bs_effective_date_is_sample_truncated,True,False,legacy_pre_window_filing_effective_date_left_censoring,same accession=0001045810-25-000209; filing=2025-08-27; legacy_start=2025-10-01; expanded_effective=2025-08-28; original-boundary reconstruction exact; independent next-session oracle
labeled_stage8,2025-11-12,bs_effective_date_is_sample_truncated,True,False,legacy_pre_window_filing_effective_date_left_censoring,same accession=0001045810-25-000209; filing=2025-08-27; legacy_start=2025-10-01; expanded_effective=2025-08-28; original-boundary reconstruction exact; independent next-session oracle
labeled_stage8,2025-11-13,bs_effective_date_is_sample_truncated,True,False,legacy_pre_window_filing_effective_date_left_censoring,same accession=0001045810-25-000209; filing=2025-08-27; legacy_start=2025-10-01; expanded_effective=2025-08-28; original-boundary reconstruction exact; independent next-session oracle
labeled_stage8,2025-11-14,bs_effective_date_is_sample_truncated,True,False,legacy_pre_window_filing_effective_date_left_censoring,same accession=0001045810-25-000209; filing=2025-08-27; legacy_start=2025-10-01; expanded_effective=2025-08-28; original-boundary reconstruction exact; independent next-session oracle
labeled_stage8,2025-11-17,bs_effective_date_is_sample_truncated,True,False,legacy_pre_window_filing_effective_date_left_censoring,same accession=0001045810-25-000209; filing=2025-08-27; legacy_start=2025-10-01; expanded_effective=2025-08-28; original-boundary reconstruction exact; independent next-session oracle
labeled_stage8,2025-11-18,bs_effective_date_is_sample_truncated,True,False,legacy_pre_window_filing_effective_date_left_censoring,same accession=0001045810-25-000209; filing=2025-08-27; legacy_start=2025-10-01; expanded_effective=2025-08-28; original-boundary reconstruction exact; independent next-session oracle
labeled_stage8,2025-11-19,bs_effective_date_is_sample_truncated,True,False,legacy_pre_window_filing_effective_date_left_censoring,same accession=0001045810-25-000209; filing=2025-08-27; legacy_start=2025-10-01; expanded_effective=2025-08-28; original-boundary reconstruction exact; independent next-session oracle
labeled_stage8,2025-10-01,bs_effective_date_basis,sample_start_truncated,observed_next_session,legacy_pre_window_filing_effective_date_left_censoring,same accession=0001045810-25-000209; filing=2025-08-27; legacy_start=2025-10-01; expanded_effective=2025-08-28; original-boundary reconstruction exact; independent next-session oracle
labeled_stage8,2025-10-02,bs_effective_date_basis,sample_start_truncated,observed_next_session,legacy_pre_window_filing_effective_date_left_censoring,same accession=0001045810-25-000209; filing=2025-08-27; legacy_start=2025-10-01; expanded_effective=2025-08-28; original-boundary reconstruction exact; independent next-session oracle
labeled_stage8,2025-10-03,bs_effective_date_basis,sample_start_truncated,observed_next_session,legacy_pre_window_filing_effective_date_left_censoring,same accession=0001045810-25-000209; filing=2025-08-27; legacy_start=2025-10-01; expanded_effective=2025-08-28; original-boundary reconstruction exact; independent next-session oracle
labeled_stage8,2025-10-06,bs_effective_date_basis,sample_start_truncated,observed_next_session,legacy_pre_window_filing_effective_date_left_censoring,same accession=0001045810-25-000209; filing=2025-08-27; legacy_start=2025-10-01; expanded_effective=2025-08-28; original-boundary reconstruction exact; independent next-session oracle
labeled_stage8,2025-10-07,bs_effective_date_basis,sample_start_truncated,observed_next_session,legacy_pre_window_filing_effective_date_left_censoring,same accession=0001045810-25-000209; filing=2025-08-27; legacy_start=2025-10-01; expanded_effective=2025-08-28; original-boundary reconstruction exact; independent next-session oracle
labeled_stage8,2025-10-08,bs_effective_date_basis,sample_start_truncated,observed_next_session,legacy_pre_window_filing_effective_date_left_censoring,same accession=0001045810-25-000209; filing=2025-08-27; legacy_start=2025-10-01; expanded_effective=2025-08-28; original-boundary reconstruction exact; independent next-session oracle
labeled_stage8,2025-10-09,bs_effective_date_basis,sample_start_truncated,observed_next_session,legacy_pre_window_filing_effective_date_left_censoring,same accession=0001045810-25-000209; filing=2025-08-27; legacy_start=2025-10-01; expanded_effective=2025-08-28; original-boundary reconstruction exact; independent next-session oracle
labeled_stage8,2025-10-10,bs_effective_date_basis,sample_start_truncated,observed_next_session,legacy_pre_window_filing_effective_date_left_censoring,same accession=0001045810-25-000209; filing=2025-08-27; legacy_start=2025-10-01; expanded_effective=2025-08-28; original-boundary reconstruction exact; independent next-session oracle
labeled_stage8,2025-10-13,bs_effective_date_basis,sample_start_truncated,observed_next_session,legacy_pre_window_filing_effective_date_left_censoring,same accession=0001045810-25-000209; filing=2025-08-27; legacy_start=2025-10-01; expanded_effective=2025-08-28; original-boundary reconstruction exact; independent next-session oracle
labeled_stage8,2025-10-14,bs_effective_date_basis,sample_start_truncated,observed_next_session,legacy_pre_window_filing_effective_date_left_censoring,same accession=0001045810-25-000209; filing=2025-08-27; legacy_start=2025-10-01; expanded_effective=2025-08-28; original-boundary reconstruction exact; independent next-session oracle
labeled_stage8,2025-10-15,bs_effective_date_basis,sample_start_truncated,observed_next_session,legacy_pre_window_filing_effective_date_left_censoring,same accession=0001045810-25-000209; filing=2025-08-27; legacy_start=2025-10-01; expanded_effective=2025-08-28; original-boundary reconstruction exact; independent next-session oracle
labeled_stage8,2025-10-16,bs_effective_date_basis,sample_start_truncated,observed_next_session,legacy_pre_window_filing_effective_date_left_censoring,same accession=0001045810-25-000209; filing=2025-08-27; legacy_start=2025-10-01; expanded_effective=2025-08-28; original-boundary reconstruction exact; independent next-session oracle
labeled_stage8,2025-10-17,bs_effective_date_basis,sample_start_truncated,observed_next_session,legacy_pre_window_filing_effective_date_left_censoring,same accession=0001045810-25-000209; filing=2025-08-27; legacy_start=2025-10-01; expanded_effective=2025-08-28; original-boundary reconstruction exact; independent next-session oracle
labeled_stage8,2025-10-20,bs_effective_date_basis,sample_start_truncated,observed_next_session,legacy_pre_window_filing_effective_date_left_censoring,same accession=0001045810-25-000209; filing=2025-08-27; legacy_start=2025-10-01; expanded_effective=2025-08-28; original-boundary reconstruction exact; independent next-session oracle
labeled_stage8,2025-10-21,bs_effective_date_basis,sample_start_truncated,observed_next_session,legacy_pre_window_filing_effective_date_left_censoring,same accession=0001045810-25-000209; filing=2025-08-27; legacy_start=2025-10-01; expanded_effective=2025-08-28; original-boundary reconstruction exact; independent next-session oracle
labeled_stage8,2025-10-22,bs_effective_date_basis,sample_start_truncated,observed_next_session,legacy_pre_window_filing_effective_date_left_censoring,same accession=0001045810-25-000209; filing=2025-08-27; legacy_start=2025-10-01; expanded_effective=2025-08-28; original-boundary reconstruction exact; independent next-session oracle
labeled_stage8,2025-10-23,bs_effective_date_basis,sample_start_truncated,observed_next_session,legacy_pre_window_filing_effective_date_left_censoring,same accession=0001045810-25-000209; filing=2025-08-27; legacy_start=2025-10-01; expanded_effective=2025-08-28; original-boundary reconstruction exact; independent next-session oracle
labeled_stage8,2025-10-24,bs_effective_date_basis,sample_start_truncated,observed_next_session,legacy_pre_window_filing_effective_date_left_censoring,same accession=0001045810-25-000209; filing=2025-08-27; legacy_start=2025-10-01; expanded_effective=2025-08-28; original-boundary reconstruction exact; independent next-session oracle
labeled_stage8,2025-10-27,bs_effective_date_basis,sample_start_truncated,observed_next_session,legacy_pre_window_filing_effective_date_left_censoring,same accession=0001045810-25-000209; filing=2025-08-27; legacy_start=2025-10-01; expanded_effective=2025-08-28; original-boundary reconstruction exact; independent next-session oracle
labeled_stage8,2025-10-28,bs_effective_date_basis,sample_start_truncated,observed_next_session,legacy_pre_window_filing_effective_date_left_censoring,same accession=0001045810-25-000209; filing=2025-08-27; legacy_start=2025-10-01; expanded_effective=2025-08-28; original-boundary reconstruction exact; independent next-session oracle
labeled_stage8,2025-10-29,bs_effective_date_basis,sample_start_truncated,observed_next_session,legacy_pre_window_filing_effective_date_left_censoring,same accession=0001045810-25-000209; filing=2025-08-27; legacy_start=2025-10-01; expanded_effective=2025-08-28; original-boundary reconstruction exact; independent next-session oracle
labeled_stage8,2025-10-30,bs_effective_date_basis,sample_start_truncated,observed_next_session,legacy_pre_window_filing_effective_date_left_censoring,same accession=0001045810-25-000209; filing=2025-08-27; legacy_start=2025-10-01; expanded_effective=2025-08-28; original-boundary reconstruction exact; independent next-session oracle
labeled_stage8,2025-10-31,bs_effective_date_basis,sample_start_truncated,observed_next_session,legacy_pre_window_filing_effective_date_left_censoring,same accession=0001045810-25-000209; filing=2025-08-27; legacy_start=2025-10-01; expanded_effective=2025-08-28; original-boundary reconstruction exact; independent next-session oracle
labeled_stage8,2025-11-03,bs_effective_date_basis,sample_start_truncated,observed_next_session,legacy_pre_window_filing_effective_date_left_censoring,same accession=0001045810-25-000209; filing=2025-08-27; legacy_start=2025-10-01; expanded_effective=2025-08-28; original-boundary reconstruction exact; independent next-session oracle
labeled_stage8,2025-11-04,bs_effective_date_basis,sample_start_truncated,observed_next_session,legacy_pre_window_filing_effective_date_left_censoring,same accession=0001045810-25-000209; filing=2025-08-27; legacy_start=2025-10-01; expanded_effective=2025-08-28; original-boundary reconstruction exact; independent next-session oracle
labeled_stage8,2025-11-05,bs_effective_date_basis,sample_start_truncated,observed_next_session,legacy_pre_window_filing_effective_date_left_censoring,same accession=0001045810-25-000209; filing=2025-08-27; legacy_start=2025-10-01; expanded_effective=2025-08-28; original-boundary reconstruction exact; independent next-session oracle
labeled_stage8,2025-11-06,bs_effective_date_basis,sample_start_truncated,observed_next_session,legacy_pre_window_filing_effective_date_left_censoring,same accession=0001045810-25-000209; filing=2025-08-27; legacy_start=2025-10-01; expanded_effective=2025-08-28; original-boundary reconstruction exact; independent next-session oracle
labeled_stage8,2025-11-07,bs_effective_date_basis,sample_start_truncated,observed_next_session,legacy_pre_window_filing_effective_date_left_censoring,same accession=0001045810-25-000209; filing=2025-08-27; legacy_start=2025-10-01; expanded_effective=2025-08-28; original-boundary reconstruction exact; independent next-session oracle
labeled_stage8,2025-11-10,bs_effective_date_basis,sample_start_truncated,observed_next_session,legacy_pre_window_filing_effective_date_left_censoring,same accession=0001045810-25-000209; filing=2025-08-27; legacy_start=2025-10-01; expanded_effective=2025-08-28; original-boundary reconstruction exact; independent next-session oracle
labeled_stage8,2025-11-11,bs_effective_date_basis,sample_start_truncated,observed_next_session,legacy_pre_window_filing_effective_date_left_censoring,same accession=0001045810-25-000209; filing=2025-08-27; legacy_start=2025-10-01; expanded_effective=2025-08-28; original-boundary reconstruction exact; independent next-session oracle
labeled_stage8,2025-11-12,bs_effective_date_basis,sample_start_truncated,observed_next_session,legacy_pre_window_filing_effective_date_left_censoring,same accession=0001045810-25-000209; filing=2025-08-27; legacy_start=2025-10-01; expanded_effective=2025-08-28; original-boundary reconstruction exact; independent next-session oracle
labeled_stage8,2025-11-13,bs_effective_date_basis,sample_start_truncated,observed_next_session,legacy_pre_window_filing_effective_date_left_censoring,same accession=0001045810-25-000209; filing=2025-08-27; legacy_start=2025-10-01; expanded_effective=2025-08-28; original-boundary reconstruction exact; independent next-session oracle
labeled_stage8,2025-11-14,bs_effective_date_basis,sample_start_truncated,observed_next_session,legacy_pre_window_filing_effective_date_left_censoring,same accession=0001045810-25-000209; filing=2025-08-27; legacy_start=2025-10-01; expanded_effective=2025-08-28; original-boundary reconstruction exact; independent next-session oracle
labeled_stage8,2025-11-17,bs_effective_date_basis,sample_start_truncated,observed_next_session,legacy_pre_window_filing_effective_date_left_censoring,same accession=0001045810-25-000209; filing=2025-08-27; legacy_start=2025-10-01; expanded_effective=2025-08-28; original-boundary reconstruction exact; independent next-session oracle
labeled_stage8,2025-11-18,bs_effective_date_basis,sample_start_truncated,observed_next_session,legacy_pre_window_filing_effective_date_left_censoring,same accession=0001045810-25-000209; filing=2025-08-27; legacy_start=2025-10-01; expanded_effective=2025-08-28; original-boundary reconstruction exact; independent next-session oracle
labeled_stage8,2025-11-19,bs_effective_date_basis,sample_start_truncated,observed_next_session,legacy_pre_window_filing_effective_date_left_censoring,same accession=0001045810-25-000209; filing=2025-08-27; legacy_start=2025-10-01; expanded_effective=2025-08-28; original-boundary reconstruction exact; independent next-session oracle
labeled_stage8,2025-10-01,bs_days_since_effective_date,0,34,legacy_pre_window_filing_effective_date_left_censoring,same accession=0001045810-25-000209; filing=2025-08-27; legacy_start=2025-10-01; expanded_effective=2025-08-28; original-boundary reconstruction exact; independent next-session oracle
labeled_stage8,2025-10-02,bs_days_since_effective_date,1,35,legacy_pre_window_filing_effective_date_left_censoring,same accession=0001045810-25-000209; filing=2025-08-27; legacy_start=2025-10-01; expanded_effective=2025-08-28; original-boundary reconstruction exact; independent next-session oracle
labeled_stage8,2025-10-03,bs_days_since_effective_date,2,36,legacy_pre_window_filing_effective_date_left_censoring,same accession=0001045810-25-000209; filing=2025-08-27; legacy_start=2025-10-01; expanded_effective=2025-08-28; original-boundary reconstruction exact; independent next-session oracle
labeled_stage8,2025-10-06,bs_days_since_effective_date,5,39,legacy_pre_window_filing_effective_date_left_censoring,same accession=0001045810-25-000209; filing=2025-08-27; legacy_start=2025-10-01; expanded_effective=2025-08-28; original-boundary reconstruction exact; independent next-session oracle
labeled_stage8,2025-10-07,bs_days_since_effective_date,6,40,legacy_pre_window_filing_effective_date_left_censoring,same accession=0001045810-25-000209; filing=2025-08-27; legacy_start=2025-10-01; expanded_effective=2025-08-28; original-boundary reconstruction exact; independent next-session oracle
labeled_stage8,2025-10-08,bs_days_since_effective_date,7,41,legacy_pre_window_filing_effective_date_left_censoring,same accession=0001045810-25-000209; filing=2025-08-27; legacy_start=2025-10-01; expanded_effective=2025-08-28; original-boundary reconstruction exact; independent next-session oracle
labeled_stage8,2025-10-09,bs_days_since_effective_date,8,42,legacy_pre_window_filing_effective_date_left_censoring,same accession=0001045810-25-000209; filing=2025-08-27; legacy_start=2025-10-01; expanded_effective=2025-08-28; original-boundary reconstruction exact; independent next-session oracle
labeled_stage8,2025-10-10,bs_days_since_effective_date,9,43,legacy_pre_window_filing_effective_date_left_censoring,same accession=0001045810-25-000209; filing=2025-08-27; legacy_start=2025-10-01; expanded_effective=2025-08-28; original-boundary reconstruction exact; independent next-session oracle
labeled_stage8,2025-10-13,bs_days_since_effective_date,12,46,legacy_pre_window_filing_effective_date_left_censoring,same accession=0001045810-25-000209; filing=2025-08-27; legacy_start=2025-10-01; expanded_effective=2025-08-28; original-boundary reconstruction exact; independent next-session oracle
labeled_stage8,2025-10-14,bs_days_since_effective_date,13,47,legacy_pre_window_filing_effective_date_left_censoring,same accession=0001045810-25-000209; filing=2025-08-27; legacy_start=2025-10-01; expanded_effective=2025-08-28; original-boundary reconstruction exact; independent next-session oracle
labeled_stage8,2025-10-15,bs_days_since_effective_date,14,48,legacy_pre_window_filing_effective_date_left_censoring,same accession=0001045810-25-000209; filing=2025-08-27; legacy_start=2025-10-01; expanded_effective=2025-08-28; original-boundary reconstruction exact; independent next-session oracle
labeled_stage8,2025-10-16,bs_days_since_effective_date,15,49,legacy_pre_window_filing_effective_date_left_censoring,same accession=0001045810-25-000209; filing=2025-08-27; legacy_start=2025-10-01; expanded_effective=2025-08-28; original-boundary reconstruction exact; independent next-session oracle
labeled_stage8,2025-10-17,bs_days_since_effective_date,16,50,legacy_pre_window_filing_effective_date_left_censoring,same accession=0001045810-25-000209; filing=2025-08-27; legacy_start=2025-10-01; expanded_effective=2025-08-28; original-boundary reconstruction exact; independent next-session oracle
labeled_stage8,2025-10-20,bs_days_since_effective_date,19,53,legacy_pre_window_filing_effective_date_left_censoring,same accession=0001045810-25-000209; filing=2025-08-27; legacy_start=2025-10-01; expanded_effective=2025-08-28; original-boundary reconstruction exact; independent next-session oracle
labeled_stage8,2025-10-21,bs_days_since_effective_date,20,54,legacy_pre_window_filing_effective_date_left_censoring,same accession=0001045810-25-000209; filing=2025-08-27; legacy_start=2025-10-01; expanded_effective=2025-08-28; original-boundary reconstruction exact; independent next-session oracle
labeled_stage8,2025-10-22,bs_days_since_effective_date,21,55,legacy_pre_window_filing_effective_date_left_censoring,same accession=0001045810-25-000209; filing=2025-08-27; legacy_start=2025-10-01; expanded_effective=2025-08-28; original-boundary reconstruction exact; independent next-session oracle
labeled_stage8,2025-10-23,bs_days_since_effective_date,22,56,legacy_pre_window_filing_effective_date_left_censoring,same accession=0001045810-25-000209; filing=2025-08-27; legacy_start=2025-10-01; expanded_effective=2025-08-28; original-boundary reconstruction exact; independent next-session oracle
labeled_stage8,2025-10-24,bs_days_since_effective_date,23,57,legacy_pre_window_filing_effective_date_left_censoring,same accession=0001045810-25-000209; filing=2025-08-27; legacy_start=2025-10-01; expanded_effective=2025-08-28; original-boundary reconstruction exact; independent next-session oracle
labeled_stage8,2025-10-27,bs_days_since_effective_date,26,60,legacy_pre_window_filing_effective_date_left_censoring,same accession=0001045810-25-000209; filing=2025-08-27; legacy_start=2025-10-01; expanded_effective=2025-08-28; original-boundary reconstruction exact; independent next-session oracle
labeled_stage8,2025-10-28,bs_days_since_effective_date,27,61,legacy_pre_window_filing_effective_date_left_censoring,same accession=0001045810-25-000209; filing=2025-08-27; legacy_start=2025-10-01; expanded_effective=2025-08-28; original-boundary reconstruction exact; independent next-session oracle
labeled_stage8,2025-10-29,bs_days_since_effective_date,28,62,legacy_pre_window_filing_effective_date_left_censoring,same accession=0001045810-25-000209; filing=2025-08-27; legacy_start=2025-10-01; expanded_effective=2025-08-28; original-boundary reconstruction exact; independent next-session oracle
labeled_stage8,2025-10-30,bs_days_since_effective_date,29,63,legacy_pre_window_filing_effective_date_left_censoring,same accession=0001045810-25-000209; filing=2025-08-27; legacy_start=2025-10-01; expanded_effective=2025-08-28; original-boundary reconstruction exact; independent next-session oracle
labeled_stage8,2025-10-31,bs_days_since_effective_date,30,64,legacy_pre_window_filing_effective_date_left_censoring,same accession=0001045810-25-000209; filing=2025-08-27; legacy_start=2025-10-01; expanded_effective=2025-08-28; original-boundary reconstruction exact; independent next-session oracle
labeled_stage8,2025-11-03,bs_days_since_effective_date,33,67,legacy_pre_window_filing_effective_date_left_censoring,same accession=0001045810-25-000209; filing=2025-08-27; legacy_start=2025-10-01; expanded_effective=2025-08-28; original-boundary reconstruction exact; independent next-session oracle
labeled_stage8,2025-11-04,bs_days_since_effective_date,34,68,legacy_pre_window_filing_effective_date_left_censoring,same accession=0001045810-25-000209; filing=2025-08-27; legacy_start=2025-10-01; expanded_effective=2025-08-28; original-boundary reconstruction exact; independent next-session oracle
labeled_stage8,2025-11-05,bs_days_since_effective_date,35,69,legacy_pre_window_filing_effective_date_left_censoring,same accession=0001045810-25-000209; filing=2025-08-27; legacy_start=2025-10-01; expanded_effective=2025-08-28; original-boundary reconstruction exact; independent next-session oracle
labeled_stage8,2025-11-06,bs_days_since_effective_date,36,70,legacy_pre_window_filing_effective_date_left_censoring,same accession=0001045810-25-000209; filing=2025-08-27; legacy_start=2025-10-01; expanded_effective=2025-08-28; original-boundary reconstruction exact; independent next-session oracle
labeled_stage8,2025-11-07,bs_days_since_effective_date,37,71,legacy_pre_window_filing_effective_date_left_censoring,same accession=0001045810-25-000209; filing=2025-08-27; legacy_start=2025-10-01; expanded_effective=2025-08-28; original-boundary reconstruction exact; independent next-session oracle
labeled_stage8,2025-11-10,bs_days_since_effective_date,40,74,legacy_pre_window_filing_effective_date_left_censoring,same accession=0001045810-25-000209; filing=2025-08-27; legacy_start=2025-10-01; expanded_effective=2025-08-28; original-boundary reconstruction exact; independent next-session oracle
labeled_stage8,2025-11-11,bs_days_since_effective_date,41,75,legacy_pre_window_filing_effective_date_left_censoring,same accession=0001045810-25-000209; filing=2025-08-27; legacy_start=2025-10-01; expanded_effective=2025-08-28; original-boundary reconstruction exact; independent next-session oracle
labeled_stage8,2025-11-12,bs_days_since_effective_date,42,76,legacy_pre_window_filing_effective_date_left_censoring,same accession=0001045810-25-000209; filing=2025-08-27; legacy_start=2025-10-01; expanded_effective=2025-08-28; original-boundary reconstruction exact; independent next-session oracle
labeled_stage8,2025-11-13,bs_days_since_effective_date,43,77,legacy_pre_window_filing_effective_date_left_censoring,same accession=0001045810-25-000209; filing=2025-08-27; legacy_start=2025-10-01; expanded_effective=2025-08-28; original-boundary reconstruction exact; independent next-session oracle
labeled_stage8,2025-11-14,bs_days_since_effective_date,44,78,legacy_pre_window_filing_effective_date_left_censoring,same accession=0001045810-25-000209; filing=2025-08-27; legacy_start=2025-10-01; expanded_effective=2025-08-28; original-boundary reconstruction exact; independent next-session oracle
labeled_stage8,2025-11-17,bs_days_since_effective_date,47,81,legacy_pre_window_filing_effective_date_left_censoring,same accession=0001045810-25-000209; filing=2025-08-27; legacy_start=2025-10-01; expanded_effective=2025-08-28; original-boundary reconstruction exact; independent next-session oracle
labeled_stage8,2025-11-18,bs_days_since_effective_date,48,82,legacy_pre_window_filing_effective_date_left_censoring,same accession=0001045810-25-000209; filing=2025-08-27; legacy_start=2025-10-01; expanded_effective=2025-08-28; original-boundary reconstruction exact; independent next-session oracle
labeled_stage8,2025-11-19,bs_days_since_effective_date,49,83,legacy_pre_window_filing_effective_date_left_censoring,same accession=0001045810-25-000209; filing=2025-08-27; legacy_start=2025-10-01; expanded_effective=2025-08-28; original-boundary reconstruction exact; independent next-session oracle
labeled_stage8,2025-10-01,fundamental_effective_date_is_sample_truncated,True,False,legacy_pre_window_filing_effective_date_left_censoring,same accession=0001045810-25-000209; filing=2025-08-27; legacy_start=2025-10-01; expanded_effective=2025-08-28; original-boundary reconstruction exact; independent next-session oracle
labeled_stage8,2025-10-02,fundamental_effective_date_is_sample_truncated,True,False,legacy_pre_window_filing_effective_date_left_censoring,same accession=0001045810-25-000209; filing=2025-08-27; legacy_start=2025-10-01; expanded_effective=2025-08-28; original-boundary reconstruction exact; independent next-session oracle
labeled_stage8,2025-10-03,fundamental_effective_date_is_sample_truncated,True,False,legacy_pre_window_filing_effective_date_left_censoring,same accession=0001045810-25-000209; filing=2025-08-27; legacy_start=2025-10-01; expanded_effective=2025-08-28; original-boundary reconstruction exact; independent next-session oracle
labeled_stage8,2025-10-06,fundamental_effective_date_is_sample_truncated,True,False,legacy_pre_window_filing_effective_date_left_censoring,same accession=0001045810-25-000209; filing=2025-08-27; legacy_start=2025-10-01; expanded_effective=2025-08-28; original-boundary reconstruction exact; independent next-session oracle
labeled_stage8,2025-10-07,fundamental_effective_date_is_sample_truncated,True,False,legacy_pre_window_filing_effective_date_left_censoring,same accession=0001045810-25-000209; filing=2025-08-27; legacy_start=2025-10-01; expanded_effective=2025-08-28; original-boundary reconstruction exact; independent next-session oracle
labeled_stage8,2025-10-08,fundamental_effective_date_is_sample_truncated,True,False,legacy_pre_window_filing_effective_date_left_censoring,same accession=0001045810-25-000209; filing=2025-08-27; legacy_start=2025-10-01; expanded_effective=2025-08-28; original-boundary reconstruction exact; independent next-session oracle
labeled_stage8,2025-10-09,fundamental_effective_date_is_sample_truncated,True,False,legacy_pre_window_filing_effective_date_left_censoring,same accession=0001045810-25-000209; filing=2025-08-27; legacy_start=2025-10-01; expanded_effective=2025-08-28; original-boundary reconstruction exact; independent next-session oracle
labeled_stage8,2025-10-10,fundamental_effective_date_is_sample_truncated,True,False,legacy_pre_window_filing_effective_date_left_censoring,same accession=0001045810-25-000209; filing=2025-08-27; legacy_start=2025-10-01; expanded_effective=2025-08-28; original-boundary reconstruction exact; independent next-session oracle
labeled_stage8,2025-10-13,fundamental_effective_date_is_sample_truncated,True,False,legacy_pre_window_filing_effective_date_left_censoring,same accession=0001045810-25-000209; filing=2025-08-27; legacy_start=2025-10-01; expanded_effective=2025-08-28; original-boundary reconstruction exact; independent next-session oracle
labeled_stage8,2025-10-14,fundamental_effective_date_is_sample_truncated,True,False,legacy_pre_window_filing_effective_date_left_censoring,same accession=0001045810-25-000209; filing=2025-08-27; legacy_start=2025-10-01; expanded_effective=2025-08-28; original-boundary reconstruction exact; independent next-session oracle
labeled_stage8,2025-10-15,fundamental_effective_date_is_sample_truncated,True,False,legacy_pre_window_filing_effective_date_left_censoring,same accession=0001045810-25-000209; filing=2025-08-27; legacy_start=2025-10-01; expanded_effective=2025-08-28; original-boundary reconstruction exact; independent next-session oracle
labeled_stage8,2025-10-16,fundamental_effective_date_is_sample_truncated,True,False,legacy_pre_window_filing_effective_date_left_censoring,same accession=0001045810-25-000209; filing=2025-08-27; legacy_start=2025-10-01; expanded_effective=2025-08-28; original-boundary reconstruction exact; independent next-session oracle
labeled_stage8,2025-10-17,fundamental_effective_date_is_sample_truncated,True,False,legacy_pre_window_filing_effective_date_left_censoring,same accession=0001045810-25-000209; filing=2025-08-27; legacy_start=2025-10-01; expanded_effective=2025-08-28; original-boundary reconstruction exact; independent next-session oracle
labeled_stage8,2025-10-20,fundamental_effective_date_is_sample_truncated,True,False,legacy_pre_window_filing_effective_date_left_censoring,same accession=0001045810-25-000209; filing=2025-08-27; legacy_start=2025-10-01; expanded_effective=2025-08-28; original-boundary reconstruction exact; independent next-session oracle
labeled_stage8,2025-10-21,fundamental_effective_date_is_sample_truncated,True,False,legacy_pre_window_filing_effective_date_left_censoring,same accession=0001045810-25-000209; filing=2025-08-27; legacy_start=2025-10-01; expanded_effective=2025-08-28; original-boundary reconstruction exact; independent next-session oracle
labeled_stage8,2025-10-22,fundamental_effective_date_is_sample_truncated,True,False,legacy_pre_window_filing_effective_date_left_censoring,same accession=0001045810-25-000209; filing=2025-08-27; legacy_start=2025-10-01; expanded_effective=2025-08-28; original-boundary reconstruction exact; independent next-session oracle
labeled_stage8,2025-10-23,fundamental_effective_date_is_sample_truncated,True,False,legacy_pre_window_filing_effective_date_left_censoring,same accession=0001045810-25-000209; filing=2025-08-27; legacy_start=2025-10-01; expanded_effective=2025-08-28; original-boundary reconstruction exact; independent next-session oracle
labeled_stage8,2025-10-24,fundamental_effective_date_is_sample_truncated,True,False,legacy_pre_window_filing_effective_date_left_censoring,same accession=0001045810-25-000209; filing=2025-08-27; legacy_start=2025-10-01; expanded_effective=2025-08-28; original-boundary reconstruction exact; independent next-session oracle
labeled_stage8,2025-10-27,fundamental_effective_date_is_sample_truncated,True,False,legacy_pre_window_filing_effective_date_left_censoring,same accession=0001045810-25-000209; filing=2025-08-27; legacy_start=2025-10-01; expanded_effective=2025-08-28; original-boundary reconstruction exact; independent next-session oracle
labeled_stage8,2025-10-28,fundamental_effective_date_is_sample_truncated,True,False,legacy_pre_window_filing_effective_date_left_censoring,same accession=0001045810-25-000209; filing=2025-08-27; legacy_start=2025-10-01; expanded_effective=2025-08-28; original-boundary reconstruction exact; independent next-session oracle
labeled_stage8,2025-10-29,fundamental_effective_date_is_sample_truncated,True,False,legacy_pre_window_filing_effective_date_left_censoring,same accession=0001045810-25-000209; filing=2025-08-27; legacy_start=2025-10-01; expanded_effective=2025-08-28; original-boundary reconstruction exact; independent next-session oracle
labeled_stage8,2025-10-30,fundamental_effective_date_is_sample_truncated,True,False,legacy_pre_window_filing_effective_date_left_censoring,same accession=0001045810-25-000209; filing=2025-08-27; legacy_start=2025-10-01; expanded_effective=2025-08-28; original-boundary reconstruction exact; independent next-session oracle
labeled_stage8,2025-10-31,fundamental_effective_date_is_sample_truncated,True,False,legacy_pre_window_filing_effective_date_left_censoring,same accession=0001045810-25-000209; filing=2025-08-27; legacy_start=2025-10-01; expanded_effective=2025-08-28; original-boundary reconstruction exact; independent next-session oracle
labeled_stage8,2025-11-03,fundamental_effective_date_is_sample_truncated,True,False,legacy_pre_window_filing_effective_date_left_censoring,same accession=0001045810-25-000209; filing=2025-08-27; legacy_start=2025-10-01; expanded_effective=2025-08-28; original-boundary reconstruction exact; independent next-session oracle
labeled_stage8,2025-11-04,fundamental_effective_date_is_sample_truncated,True,False,legacy_pre_window_filing_effective_date_left_censoring,same accession=0001045810-25-000209; filing=2025-08-27; legacy_start=2025-10-01; expanded_effective=2025-08-28; original-boundary reconstruction exact; independent next-session oracle
labeled_stage8,2025-11-05,fundamental_effective_date_is_sample_truncated,True,False,legacy_pre_window_filing_effective_date_left_censoring,same accession=0001045810-25-000209; filing=2025-08-27; legacy_start=2025-10-01; expanded_effective=2025-08-28; original-boundary reconstruction exact; independent next-session oracle
labeled_stage8,2025-11-06,fundamental_effective_date_is_sample_truncated,True,False,legacy_pre_window_filing_effective_date_left_censoring,same accession=0001045810-25-000209; filing=2025-08-27; legacy_start=2025-10-01; expanded_effective=2025-08-28; original-boundary reconstruction exact; independent next-session oracle
labeled_stage8,2025-11-07,fundamental_effective_date_is_sample_truncated,True,False,legacy_pre_window_filing_effective_date_left_censoring,same accession=0001045810-25-000209; filing=2025-08-27; legacy_start=2025-10-01; expanded_effective=2025-08-28; original-boundary reconstruction exact; independent next-session oracle
labeled_stage8,2025-11-10,fundamental_effective_date_is_sample_truncated,True,False,legacy_pre_window_filing_effective_date_left_censoring,same accession=0001045810-25-000209; filing=2025-08-27; legacy_start=2025-10-01; expanded_effective=2025-08-28; original-boundary reconstruction exact; independent next-session oracle
labeled_stage8,2025-11-11,fundamental_effective_date_is_sample_truncated,True,False,legacy_pre_window_filing_effective_date_left_censoring,same accession=0001045810-25-000209; filing=2025-08-27; legacy_start=2025-10-01; expanded_effective=2025-08-28; original-boundary reconstruction exact; independent next-session oracle
labeled_stage8,2025-11-12,fundamental_effective_date_is_sample_truncated,True,False,legacy_pre_window_filing_effective_date_left_censoring,same accession=0001045810-25-000209; filing=2025-08-27; legacy_start=2025-10-01; expanded_effective=2025-08-28; original-boundary reconstruction exact; independent next-session oracle
labeled_stage8,2025-11-13,fundamental_effective_date_is_sample_truncated,True,False,legacy_pre_window_filing_effective_date_left_censoring,same accession=0001045810-25-000209; filing=2025-08-27; legacy_start=2025-10-01; expanded_effective=2025-08-28; original-boundary reconstruction exact; independent next-session oracle
labeled_stage8,2025-11-14,fundamental_effective_date_is_sample_truncated,True,False,legacy_pre_window_filing_effective_date_left_censoring,same accession=0001045810-25-000209; filing=2025-08-27; legacy_start=2025-10-01; expanded_effective=2025-08-28; original-boundary reconstruction exact; independent next-session oracle
labeled_stage8,2025-11-17,fundamental_effective_date_is_sample_truncated,True,False,legacy_pre_window_filing_effective_date_left_censoring,same accession=0001045810-25-000209; filing=2025-08-27; legacy_start=2025-10-01; expanded_effective=2025-08-28; original-boundary reconstruction exact; independent next-session oracle
labeled_stage8,2025-11-18,fundamental_effective_date_is_sample_truncated,True,False,legacy_pre_window_filing_effective_date_left_censoring,same accession=0001045810-25-000209; filing=2025-08-27; legacy_start=2025-10-01; expanded_effective=2025-08-28; original-boundary reconstruction exact; independent next-session oracle
labeled_stage8,2025-11-19,fundamental_effective_date_is_sample_truncated,True,False,legacy_pre_window_filing_effective_date_left_censoring,same accession=0001045810-25-000209; filing=2025-08-27; legacy_start=2025-10-01; expanded_effective=2025-08-28; original-boundary reconstruction exact; independent next-session oracle
labeled_stage8,2025-10-01,fundamental_effective_date_basis,sample_start_truncated,observed_next_session,legacy_pre_window_filing_effective_date_left_censoring,same accession=0001045810-25-000209; filing=2025-08-27; legacy_start=2025-10-01; expanded_effective=2025-08-28; original-boundary reconstruction exact; independent next-session oracle
labeled_stage8,2025-10-02,fundamental_effective_date_basis,sample_start_truncated,observed_next_session,legacy_pre_window_filing_effective_date_left_censoring,same accession=0001045810-25-000209; filing=2025-08-27; legacy_start=2025-10-01; expanded_effective=2025-08-28; original-boundary reconstruction exact; independent next-session oracle
labeled_stage8,2025-10-03,fundamental_effective_date_basis,sample_start_truncated,observed_next_session,legacy_pre_window_filing_effective_date_left_censoring,same accession=0001045810-25-000209; filing=2025-08-27; legacy_start=2025-10-01; expanded_effective=2025-08-28; original-boundary reconstruction exact; independent next-session oracle
labeled_stage8,2025-10-06,fundamental_effective_date_basis,sample_start_truncated,observed_next_session,legacy_pre_window_filing_effective_date_left_censoring,same accession=0001045810-25-000209; filing=2025-08-27; legacy_start=2025-10-01; expanded_effective=2025-08-28; original-boundary reconstruction exact; independent next-session oracle
labeled_stage8,2025-10-07,fundamental_effective_date_basis,sample_start_truncated,observed_next_session,legacy_pre_window_filing_effective_date_left_censoring,same accession=0001045810-25-000209; filing=2025-08-27; legacy_start=2025-10-01; expanded_effective=2025-08-28; original-boundary reconstruction exact; independent next-session oracle
labeled_stage8,2025-10-08,fundamental_effective_date_basis,sample_start_truncated,observed_next_session,legacy_pre_window_filing_effective_date_left_censoring,same accession=0001045810-25-000209; filing=2025-08-27; legacy_start=2025-10-01; expanded_effective=2025-08-28; original-boundary reconstruction exact; independent next-session oracle
labeled_stage8,2025-10-09,fundamental_effective_date_basis,sample_start_truncated,observed_next_session,legacy_pre_window_filing_effective_date_left_censoring,same accession=0001045810-25-000209; filing=2025-08-27; legacy_start=2025-10-01; expanded_effective=2025-08-28; original-boundary reconstruction exact; independent next-session oracle
labeled_stage8,2025-10-10,fundamental_effective_date_basis,sample_start_truncated,observed_next_session,legacy_pre_window_filing_effective_date_left_censoring,same accession=0001045810-25-000209; filing=2025-08-27; legacy_start=2025-10-01; expanded_effective=2025-08-28; original-boundary reconstruction exact; independent next-session oracle
labeled_stage8,2025-10-13,fundamental_effective_date_basis,sample_start_truncated,observed_next_session,legacy_pre_window_filing_effective_date_left_censoring,same accession=0001045810-25-000209; filing=2025-08-27; legacy_start=2025-10-01; expanded_effective=2025-08-28; original-boundary reconstruction exact; independent next-session oracle
labeled_stage8,2025-10-14,fundamental_effective_date_basis,sample_start_truncated,observed_next_session,legacy_pre_window_filing_effective_date_left_censoring,same accession=0001045810-25-000209; filing=2025-08-27; legacy_start=2025-10-01; expanded_effective=2025-08-28; original-boundary reconstruction exact; independent next-session oracle
labeled_stage8,2025-10-15,fundamental_effective_date_basis,sample_start_truncated,observed_next_session,legacy_pre_window_filing_effective_date_left_censoring,same accession=0001045810-25-000209; filing=2025-08-27; legacy_start=2025-10-01; expanded_effective=2025-08-28; original-boundary reconstruction exact; independent next-session oracle
labeled_stage8,2025-10-16,fundamental_effective_date_basis,sample_start_truncated,observed_next_session,legacy_pre_window_filing_effective_date_left_censoring,same accession=0001045810-25-000209; filing=2025-08-27; legacy_start=2025-10-01; expanded_effective=2025-08-28; original-boundary reconstruction exact; independent next-session oracle
labeled_stage8,2025-10-17,fundamental_effective_date_basis,sample_start_truncated,observed_next_session,legacy_pre_window_filing_effective_date_left_censoring,same accession=0001045810-25-000209; filing=2025-08-27; legacy_start=2025-10-01; expanded_effective=2025-08-28; original-boundary reconstruction exact; independent next-session oracle
labeled_stage8,2025-10-20,fundamental_effective_date_basis,sample_start_truncated,observed_next_session,legacy_pre_window_filing_effective_date_left_censoring,same accession=0001045810-25-000209; filing=2025-08-27; legacy_start=2025-10-01; expanded_effective=2025-08-28; original-boundary reconstruction exact; independent next-session oracle
labeled_stage8,2025-10-21,fundamental_effective_date_basis,sample_start_truncated,observed_next_session,legacy_pre_window_filing_effective_date_left_censoring,same accession=0001045810-25-000209; filing=2025-08-27; legacy_start=2025-10-01; expanded_effective=2025-08-28; original-boundary reconstruction exact; independent next-session oracle
labeled_stage8,2025-10-22,fundamental_effective_date_basis,sample_start_truncated,observed_next_session,legacy_pre_window_filing_effective_date_left_censoring,same accession=0001045810-25-000209; filing=2025-08-27; legacy_start=2025-10-01; expanded_effective=2025-08-28; original-boundary reconstruction exact; independent next-session oracle
labeled_stage8,2025-10-23,fundamental_effective_date_basis,sample_start_truncated,observed_next_session,legacy_pre_window_filing_effective_date_left_censoring,same accession=0001045810-25-000209; filing=2025-08-27; legacy_start=2025-10-01; expanded_effective=2025-08-28; original-boundary reconstruction exact; independent next-session oracle
labeled_stage8,2025-10-24,fundamental_effective_date_basis,sample_start_truncated,observed_next_session,legacy_pre_window_filing_effective_date_left_censoring,same accession=0001045810-25-000209; filing=2025-08-27; legacy_start=2025-10-01; expanded_effective=2025-08-28; original-boundary reconstruction exact; independent next-session oracle
labeled_stage8,2025-10-27,fundamental_effective_date_basis,sample_start_truncated,observed_next_session,legacy_pre_window_filing_effective_date_left_censoring,same accession=0001045810-25-000209; filing=2025-08-27; legacy_start=2025-10-01; expanded_effective=2025-08-28; original-boundary reconstruction exact; independent next-session oracle
labeled_stage8,2025-10-28,fundamental_effective_date_basis,sample_start_truncated,observed_next_session,legacy_pre_window_filing_effective_date_left_censoring,same accession=0001045810-25-000209; filing=2025-08-27; legacy_start=2025-10-01; expanded_effective=2025-08-28; original-boundary reconstruction exact; independent next-session oracle
labeled_stage8,2025-10-29,fundamental_effective_date_basis,sample_start_truncated,observed_next_session,legacy_pre_window_filing_effective_date_left_censoring,same accession=0001045810-25-000209; filing=2025-08-27; legacy_start=2025-10-01; expanded_effective=2025-08-28; original-boundary reconstruction exact; independent next-session oracle
labeled_stage8,2025-10-30,fundamental_effective_date_basis,sample_start_truncated,observed_next_session,legacy_pre_window_filing_effective_date_left_censoring,same accession=0001045810-25-000209; filing=2025-08-27; legacy_start=2025-10-01; expanded_effective=2025-08-28; original-boundary reconstruction exact; independent next-session oracle
labeled_stage8,2025-10-31,fundamental_effective_date_basis,sample_start_truncated,observed_next_session,legacy_pre_window_filing_effective_date_left_censoring,same accession=0001045810-25-000209; filing=2025-08-27; legacy_start=2025-10-01; expanded_effective=2025-08-28; original-boundary reconstruction exact; independent next-session oracle
labeled_stage8,2025-11-03,fundamental_effective_date_basis,sample_start_truncated,observed_next_session,legacy_pre_window_filing_effective_date_left_censoring,same accession=0001045810-25-000209; filing=2025-08-27; legacy_start=2025-10-01; expanded_effective=2025-08-28; original-boundary reconstruction exact; independent next-session oracle
labeled_stage8,2025-11-04,fundamental_effective_date_basis,sample_start_truncated,observed_next_session,legacy_pre_window_filing_effective_date_left_censoring,same accession=0001045810-25-000209; filing=2025-08-27; legacy_start=2025-10-01; expanded_effective=2025-08-28; original-boundary reconstruction exact; independent next-session oracle
labeled_stage8,2025-11-05,fundamental_effective_date_basis,sample_start_truncated,observed_next_session,legacy_pre_window_filing_effective_date_left_censoring,same accession=0001045810-25-000209; filing=2025-08-27; legacy_start=2025-10-01; expanded_effective=2025-08-28; original-boundary reconstruction exact; independent next-session oracle
labeled_stage8,2025-11-06,fundamental_effective_date_basis,sample_start_truncated,observed_next_session,legacy_pre_window_filing_effective_date_left_censoring,same accession=0001045810-25-000209; filing=2025-08-27; legacy_start=2025-10-01; expanded_effective=2025-08-28; original-boundary reconstruction exact; independent next-session oracle
labeled_stage8,2025-11-07,fundamental_effective_date_basis,sample_start_truncated,observed_next_session,legacy_pre_window_filing_effective_date_left_censoring,same accession=0001045810-25-000209; filing=2025-08-27; legacy_start=2025-10-01; expanded_effective=2025-08-28; original-boundary reconstruction exact; independent next-session oracle
labeled_stage8,2025-11-10,fundamental_effective_date_basis,sample_start_truncated,observed_next_session,legacy_pre_window_filing_effective_date_left_censoring,same accession=0001045810-25-000209; filing=2025-08-27; legacy_start=2025-10-01; expanded_effective=2025-08-28; original-boundary reconstruction exact; independent next-session oracle
labeled_stage8,2025-11-11,fundamental_effective_date_basis,sample_start_truncated,observed_next_session,legacy_pre_window_filing_effective_date_left_censoring,same accession=0001045810-25-000209; filing=2025-08-27; legacy_start=2025-10-01; expanded_effective=2025-08-28; original-boundary reconstruction exact; independent next-session oracle
labeled_stage8,2025-11-12,fundamental_effective_date_basis,sample_start_truncated,observed_next_session,legacy_pre_window_filing_effective_date_left_censoring,same accession=0001045810-25-000209; filing=2025-08-27; legacy_start=2025-10-01; expanded_effective=2025-08-28; original-boundary reconstruction exact; independent next-session oracle
labeled_stage8,2025-11-13,fundamental_effective_date_basis,sample_start_truncated,observed_next_session,legacy_pre_window_filing_effective_date_left_censoring,same accession=0001045810-25-000209; filing=2025-08-27; legacy_start=2025-10-01; expanded_effective=2025-08-28; original-boundary reconstruction exact; independent next-session oracle
labeled_stage8,2025-11-14,fundamental_effective_date_basis,sample_start_truncated,observed_next_session,legacy_pre_window_filing_effective_date_left_censoring,same accession=0001045810-25-000209; filing=2025-08-27; legacy_start=2025-10-01; expanded_effective=2025-08-28; original-boundary reconstruction exact; independent next-session oracle
labeled_stage8,2025-11-17,fundamental_effective_date_basis,sample_start_truncated,observed_next_session,legacy_pre_window_filing_effective_date_left_censoring,same accession=0001045810-25-000209; filing=2025-08-27; legacy_start=2025-10-01; expanded_effective=2025-08-28; original-boundary reconstruction exact; independent next-session oracle
labeled_stage8,2025-11-18,fundamental_effective_date_basis,sample_start_truncated,observed_next_session,legacy_pre_window_filing_effective_date_left_censoring,same accession=0001045810-25-000209; filing=2025-08-27; legacy_start=2025-10-01; expanded_effective=2025-08-28; original-boundary reconstruction exact; independent next-session oracle
labeled_stage8,2025-11-19,fundamental_effective_date_basis,sample_start_truncated,observed_next_session,legacy_pre_window_filing_effective_date_left_censoring,same accession=0001045810-25-000209; filing=2025-08-27; legacy_start=2025-10-01; expanded_effective=2025-08-28; original-boundary reconstruction exact; independent next-session oracle
