research_object,dependency_type,source_field,used_directly,used_indirectly,description,source_code,function,line,source_sha256
simple_return,market_feature,close,True,False,close.pct_change(fill_method=None),src/nasdaq_research/features.py,build_features,50,f5ed8367e7f2360291d259d1bc4fac1eadb263522102272655c7e02cc9793f8a
simple_return,market_feature,volume,False,False,close.pct_change(fill_method=None),src/nasdaq_research/features.py,build_features,50,f5ed8367e7f2360291d259d1bc4fac1eadb263522102272655c7e02cc9793f8a
log_return,market_feature,close,True,False,np.log(close / close.shift(1)),src/nasdaq_research/features.py,build_features,51,f5ed8367e7f2360291d259d1bc4fac1eadb263522102272655c7e02cc9793f8a
log_return,market_feature,volume,False,False,np.log(close / close.shift(1)),src/nasdaq_research/features.py,build_features,51,f5ed8367e7f2360291d259d1bc4fac1eadb263522102272655c7e02cc9793f8a
intraday_return,market_feature,close,True,False,close / result['open'] - 1,src/nasdaq_research/features.py,build_features,52,f5ed8367e7f2360291d259d1bc4fac1eadb263522102272655c7e02cc9793f8a
intraday_return,market_feature,open,True,False,close / result['open'] - 1,src/nasdaq_research/features.py,build_features,52,f5ed8367e7f2360291d259d1bc4fac1eadb263522102272655c7e02cc9793f8a
intraday_return,market_feature,volume,False,False,close / result['open'] - 1,src/nasdaq_research/features.py,build_features,52,f5ed8367e7f2360291d259d1bc4fac1eadb263522102272655c7e02cc9793f8a
daily_range,market_feature,close,True,False,(result['high'] - result['low']) / close,src/nasdaq_research/features.py,build_features,53,f5ed8367e7f2360291d259d1bc4fac1eadb263522102272655c7e02cc9793f8a
daily_range,market_feature,high,True,False,(result['high'] - result['low']) / close,src/nasdaq_research/features.py,build_features,53,f5ed8367e7f2360291d259d1bc4fac1eadb263522102272655c7e02cc9793f8a
daily_range,market_feature,low,True,False,(result['high'] - result['low']) / close,src/nasdaq_research/features.py,build_features,53,f5ed8367e7f2360291d259d1bc4fac1eadb263522102272655c7e02cc9793f8a
daily_range,market_feature,volume,False,False,(result['high'] - result['low']) / close,src/nasdaq_research/features.py,build_features,53,f5ed8367e7f2360291d259d1bc4fac1eadb263522102272655c7e02cc9793f8a
sma_5,market_feature,close,True,False,"close.rolling(window, min_periods=window, center=False).mean()",src/nasdaq_research/features.py,build_features,55,f5ed8367e7f2360291d259d1bc4fac1eadb263522102272655c7e02cc9793f8a
sma_5,market_feature,volume,False,False,"close.rolling(window, min_periods=window, center=False).mean()",src/nasdaq_research/features.py,build_features,55,f5ed8367e7f2360291d259d1bc4fac1eadb263522102272655c7e02cc9793f8a
sma_20,market_feature,close,True,False,"close.rolling(window, min_periods=window, center=False).mean()",src/nasdaq_research/features.py,build_features,55,f5ed8367e7f2360291d259d1bc4fac1eadb263522102272655c7e02cc9793f8a
sma_20,market_feature,volume,False,False,"close.rolling(window, min_periods=window, center=False).mean()",src/nasdaq_research/features.py,build_features,55,f5ed8367e7f2360291d259d1bc4fac1eadb263522102272655c7e02cc9793f8a
sma_60,market_feature,close,True,False,"close.rolling(window, min_periods=window, center=False).mean()",src/nasdaq_research/features.py,build_features,55,f5ed8367e7f2360291d259d1bc4fac1eadb263522102272655c7e02cc9793f8a
sma_60,market_feature,volume,False,False,"close.rolling(window, min_periods=window, center=False).mean()",src/nasdaq_research/features.py,build_features,55,f5ed8367e7f2360291d259d1bc4fac1eadb263522102272655c7e02cc9793f8a
rolling_volatility_20,market_feature,close,False,True,"result['simple_return'].rolling(window, min_periods=window, center=False).std(ddof=1)",src/nasdaq_research/features.py,build_features,57,f5ed8367e7f2360291d259d1bc4fac1eadb263522102272655c7e02cc9793f8a
rolling_volatility_20,market_feature,volume,False,False,"result['simple_return'].rolling(window, min_periods=window, center=False).std(ddof=1)",src/nasdaq_research/features.py,build_features,57,f5ed8367e7f2360291d259d1bc4fac1eadb263522102272655c7e02cc9793f8a
rolling_volatility_60,market_feature,close,False,True,"result['simple_return'].rolling(window, min_periods=window, center=False).std(ddof=1)",src/nasdaq_research/features.py,build_features,57,f5ed8367e7f2360291d259d1bc4fac1eadb263522102272655c7e02cc9793f8a
rolling_volatility_60,market_feature,volume,False,False,"result['simple_return'].rolling(window, min_periods=window, center=False).std(ddof=1)",src/nasdaq_research/features.py,build_features,57,f5ed8367e7f2360291d259d1bc4fac1eadb263522102272655c7e02cc9793f8a
close_to_sma_5,relative_market,close,True,True,daily.close / daily[f'sma_{k}'] - 1,src/nasdaq_research/historical_expansion.py,construct_features,231,0cbb109b635ffc3b2b3e840cc8580f112ef3cb12eaa54d67a626fe9b16ed4c38
close_to_sma_5,relative_market,volume,False,False,daily.close / daily[f'sma_{k}'] - 1,src/nasdaq_research/historical_expansion.py,construct_features,231,0cbb109b635ffc3b2b3e840cc8580f112ef3cb12eaa54d67a626fe9b16ed4c38
close_to_sma_20,relative_market,close,True,True,daily.close / daily[f'sma_{k}'] - 1,src/nasdaq_research/historical_expansion.py,construct_features,231,0cbb109b635ffc3b2b3e840cc8580f112ef3cb12eaa54d67a626fe9b16ed4c38
close_to_sma_20,relative_market,volume,False,False,daily.close / daily[f'sma_{k}'] - 1,src/nasdaq_research/historical_expansion.py,construct_features,231,0cbb109b635ffc3b2b3e840cc8580f112ef3cb12eaa54d67a626fe9b16ed4c38
close_to_sma_60,relative_market,close,True,True,daily.close / daily[f'sma_{k}'] - 1,src/nasdaq_research/historical_expansion.py,construct_features,231,0cbb109b635ffc3b2b3e840cc8580f112ef3cb12eaa54d67a626fe9b16ed4c38
close_to_sma_60,relative_market,volume,False,False,daily.close / daily[f'sma_{k}'] - 1,src/nasdaq_research/historical_expansion.py,construct_features,231,0cbb109b635ffc3b2b3e840cc8580f112ef3cb12eaa54d67a626fe9b16ed4c38
forward_return_1d,secondary_target,close,True,False,returns,src/nasdaq_research/targets.py,build_targets,107,6b28fa5a0a0f1e3fb473650d7cdbecbbf290d09c52cd58f256ba983768ddfafd
forward_return_1d,secondary_target,open,True,False,returns,src/nasdaq_research/targets.py,build_targets,107,6b28fa5a0a0f1e3fb473650d7cdbecbbf290d09c52cd58f256ba983768ddfafd
forward_return_1d,secondary_target,volume,False,False,returns,src/nasdaq_research/targets.py,build_targets,107,6b28fa5a0a0f1e3fb473650d7cdbecbbf290d09c52cd58f256ba983768ddfafd
forward_return_5d,primary_target,close,True,False,returns,src/nasdaq_research/targets.py,build_targets,107,6b28fa5a0a0f1e3fb473650d7cdbecbbf290d09c52cd58f256ba983768ddfafd
forward_return_5d,primary_target,open,True,False,returns,src/nasdaq_research/targets.py,build_targets,107,6b28fa5a0a0f1e3fb473650d7cdbecbbf290d09c52cd58f256ba983768ddfafd
forward_return_5d,primary_target,volume,False,False,returns,src/nasdaq_research/targets.py,build_targets,107,6b28fa5a0a0f1e3fb473650d7cdbecbbf290d09c52cd58f256ba983768ddfafd
forward_return_20d,secondary_target,close,True,False,returns,src/nasdaq_research/targets.py,build_targets,107,6b28fa5a0a0f1e3fb473650d7cdbecbbf290d09c52cd58f256ba983768ddfafd
forward_return_20d,secondary_target,open,True,False,returns,src/nasdaq_research/targets.py,build_targets,107,6b28fa5a0a0f1e3fb473650d7cdbecbbf290d09c52cd58f256ba983768ddfafd
forward_return_20d,secondary_target,volume,False,False,returns,src/nasdaq_research/targets.py,build_targets,107,6b28fa5a0a0f1e3fb473650d7cdbecbbf290d09c52cd58f256ba983768ddfafd
target_entry_exit_provenance,target_provenance,close,True,False,Observed session shifts; entry Open[t+1]; exit Close[t+h],src/nasdaq_research/targets.py,build_targets,87,6b28fa5a0a0f1e3fb473650d7cdbecbbf290d09c52cd58f256ba983768ddfafd
target_entry_exit_provenance,target_provenance,date,True,False,Observed session shifts; entry Open[t+1]; exit Close[t+h],src/nasdaq_research/targets.py,build_targets,87,6b28fa5a0a0f1e3fb473650d7cdbecbbf290d09c52cd58f256ba983768ddfafd
target_entry_exit_provenance,target_provenance,open,True,False,Observed session shifts; entry Open[t+1]; exit Close[t+h],src/nasdaq_research/targets.py,build_targets,87,6b28fa5a0a0f1e3fb473650d7cdbecbbf290d09c52cd58f256ba983768ddfafd
target_entry_exit_provenance,target_provenance,volume,False,False,Observed session shifts; entry Open[t+1]; exit Close[t+h],src/nasdaq_research/targets.py,build_targets,87,6b28fa5a0a0f1e3fb473650d7cdbecbbf290d09c52cd58f256ba983768ddfafd
q_gross_margin,PIT_fundamental_feature,SEC.filing_date,False,True,row[numerator] / row.revenue; attached by whole-observation q/fy/bs PIT selection,src/nasdaq_research/research_features.py,build_fundamental_features,108,aff68e01b3cefd6b19b2abf4e7a772b65273645ca7ff3ab767ee75fa5a643117
q_gross_margin,PIT_fundamental_feature,SEC.gross_profit,True,False,row[numerator] / row.revenue; attached by whole-observation q/fy/bs PIT selection,src/nasdaq_research/research_features.py,build_fundamental_features,108,aff68e01b3cefd6b19b2abf4e7a772b65273645ca7ff3ab767ee75fa5a643117
q_gross_margin,PIT_fundamental_feature,SEC.period_identity,False,True,row[numerator] / row.revenue; attached by whole-observation q/fy/bs PIT selection,src/nasdaq_research/research_features.py,build_fundamental_features,108,aff68e01b3cefd6b19b2abf4e7a772b65273645ca7ff3ab767ee75fa5a643117
q_gross_margin,PIT_fundamental_feature,SEC.revenue,True,False,row[numerator] / row.revenue; attached by whole-observation q/fy/bs PIT selection,src/nasdaq_research/research_features.py,build_fundamental_features,108,aff68e01b3cefd6b19b2abf4e7a772b65273645ca7ff3ab767ee75fa5a643117
q_gross_margin,PIT_fundamental_feature,date,False,True,row[numerator] / row.revenue; attached by whole-observation q/fy/bs PIT selection,src/nasdaq_research/research_features.py,build_fundamental_features,108,aff68e01b3cefd6b19b2abf4e7a772b65273645ca7ff3ab767ee75fa5a643117
q_gross_margin,PIT_fundamental_feature,volume,False,False,row[numerator] / row.revenue; attached by whole-observation q/fy/bs PIT selection,src/nasdaq_research/research_features.py,build_fundamental_features,108,aff68e01b3cefd6b19b2abf4e7a772b65273645ca7ff3ab767ee75fa5a643117
q_operating_margin,PIT_fundamental_feature,SEC.filing_date,False,True,row[numerator] / row.revenue; attached by whole-observation q/fy/bs PIT selection,src/nasdaq_research/research_features.py,build_fundamental_features,108,aff68e01b3cefd6b19b2abf4e7a772b65273645ca7ff3ab767ee75fa5a643117
q_operating_margin,PIT_fundamental_feature,SEC.operating_income,True,False,row[numerator] / row.revenue; attached by whole-observation q/fy/bs PIT selection,src/nasdaq_research/research_features.py,build_fundamental_features,108,aff68e01b3cefd6b19b2abf4e7a772b65273645ca7ff3ab767ee75fa5a643117
q_operating_margin,PIT_fundamental_feature,SEC.period_identity,False,True,row[numerator] / row.revenue; attached by whole-observation q/fy/bs PIT selection,src/nasdaq_research/research_features.py,build_fundamental_features,108,aff68e01b3cefd6b19b2abf4e7a772b65273645ca7ff3ab767ee75fa5a643117
q_operating_margin,PIT_fundamental_feature,SEC.revenue,True,False,row[numerator] / row.revenue; attached by whole-observation q/fy/bs PIT selection,src/nasdaq_research/research_features.py,build_fundamental_features,108,aff68e01b3cefd6b19b2abf4e7a772b65273645ca7ff3ab767ee75fa5a643117
q_operating_margin,PIT_fundamental_feature,date,False,True,row[numerator] / row.revenue; attached by whole-observation q/fy/bs PIT selection,src/nasdaq_research/research_features.py,build_fundamental_features,108,aff68e01b3cefd6b19b2abf4e7a772b65273645ca7ff3ab767ee75fa5a643117
q_operating_margin,PIT_fundamental_feature,volume,False,False,row[numerator] / row.revenue; attached by whole-observation q/fy/bs PIT selection,src/nasdaq_research/research_features.py,build_fundamental_features,108,aff68e01b3cefd6b19b2abf4e7a772b65273645ca7ff3ab767ee75fa5a643117
q_net_margin,PIT_fundamental_feature,SEC.filing_date,False,True,row[numerator] / row.revenue; attached by whole-observation q/fy/bs PIT selection,src/nasdaq_research/research_features.py,build_fundamental_features,108,aff68e01b3cefd6b19b2abf4e7a772b65273645ca7ff3ab767ee75fa5a643117
q_net_margin,PIT_fundamental_feature,SEC.net_income,True,False,row[numerator] / row.revenue; attached by whole-observation q/fy/bs PIT selection,src/nasdaq_research/research_features.py,build_fundamental_features,108,aff68e01b3cefd6b19b2abf4e7a772b65273645ca7ff3ab767ee75fa5a643117
q_net_margin,PIT_fundamental_feature,SEC.period_identity,False,True,row[numerator] / row.revenue; attached by whole-observation q/fy/bs PIT selection,src/nasdaq_research/research_features.py,build_fundamental_features,108,aff68e01b3cefd6b19b2abf4e7a772b65273645ca7ff3ab767ee75fa5a643117
q_net_margin,PIT_fundamental_feature,SEC.revenue,True,False,row[numerator] / row.revenue; attached by whole-observation q/fy/bs PIT selection,src/nasdaq_research/research_features.py,build_fundamental_features,108,aff68e01b3cefd6b19b2abf4e7a772b65273645ca7ff3ab767ee75fa5a643117
q_net_margin,PIT_fundamental_feature,date,False,True,row[numerator] / row.revenue; attached by whole-observation q/fy/bs PIT selection,src/nasdaq_research/research_features.py,build_fundamental_features,108,aff68e01b3cefd6b19b2abf4e7a772b65273645ca7ff3ab767ee75fa5a643117
q_net_margin,PIT_fundamental_feature,volume,False,False,row[numerator] / row.revenue; attached by whole-observation q/fy/bs PIT selection,src/nasdaq_research/research_features.py,build_fundamental_features,108,aff68e01b3cefd6b19b2abf4e7a772b65273645ca7ff3ab767ee75fa5a643117
q_rd_to_revenue,PIT_fundamental_feature,SEC.filing_date,False,True,row[numerator] / row.revenue; attached by whole-observation q/fy/bs PIT selection,src/nasdaq_research/research_features.py,build_fundamental_features,108,aff68e01b3cefd6b19b2abf4e7a772b65273645ca7ff3ab767ee75fa5a643117
q_rd_to_revenue,PIT_fundamental_feature,SEC.period_identity,False,True,row[numerator] / row.revenue; attached by whole-observation q/fy/bs PIT selection,src/nasdaq_research/research_features.py,build_fundamental_features,108,aff68e01b3cefd6b19b2abf4e7a772b65273645ca7ff3ab767ee75fa5a643117
q_rd_to_revenue,PIT_fundamental_feature,SEC.research_and_development,True,False,row[numerator] / row.revenue; attached by whole-observation q/fy/bs PIT selection,src/nasdaq_research/research_features.py,build_fundamental_features,108,aff68e01b3cefd6b19b2abf4e7a772b65273645ca7ff3ab767ee75fa5a643117
q_rd_to_revenue,PIT_fundamental_feature,SEC.revenue,True,False,row[numerator] / row.revenue; attached by whole-observation q/fy/bs PIT selection,src/nasdaq_research/research_features.py,build_fundamental_features,108,aff68e01b3cefd6b19b2abf4e7a772b65273645ca7ff3ab767ee75fa5a643117
q_rd_to_revenue,PIT_fundamental_feature,date,False,True,row[numerator] / row.revenue; attached by whole-observation q/fy/bs PIT selection,src/nasdaq_research/research_features.py,build_fundamental_features,108,aff68e01b3cefd6b19b2abf4e7a772b65273645ca7ff3ab767ee75fa5a643117
q_rd_to_revenue,PIT_fundamental_feature,volume,False,False,row[numerator] / row.revenue; attached by whole-observation q/fy/bs PIT selection,src/nasdaq_research/research_features.py,build_fundamental_features,108,aff68e01b3cefd6b19b2abf4e7a772b65273645ca7ff3ab767ee75fa5a643117
q_sga_to_revenue,PIT_fundamental_feature,SEC.filing_date,False,True,row[numerator] / row.revenue; attached by whole-observation q/fy/bs PIT selection,src/nasdaq_research/research_features.py,build_fundamental_features,108,aff68e01b3cefd6b19b2abf4e7a772b65273645ca7ff3ab767ee75fa5a643117
q_sga_to_revenue,PIT_fundamental_feature,SEC.period_identity,False,True,row[numerator] / row.revenue; attached by whole-observation q/fy/bs PIT selection,src/nasdaq_research/research_features.py,build_fundamental_features,108,aff68e01b3cefd6b19b2abf4e7a772b65273645ca7ff3ab767ee75fa5a643117
q_sga_to_revenue,PIT_fundamental_feature,SEC.revenue,True,False,row[numerator] / row.revenue; attached by whole-observation q/fy/bs PIT selection,src/nasdaq_research/research_features.py,build_fundamental_features,108,aff68e01b3cefd6b19b2abf4e7a772b65273645ca7ff3ab767ee75fa5a643117
q_sga_to_revenue,PIT_fundamental_feature,SEC.selling_general_administrative,True,False,row[numerator] / row.revenue; attached by whole-observation q/fy/bs PIT selection,src/nasdaq_research/research_features.py,build_fundamental_features,108,aff68e01b3cefd6b19b2abf4e7a772b65273645ca7ff3ab767ee75fa5a643117
q_sga_to_revenue,PIT_fundamental_feature,date,False,True,row[numerator] / row.revenue; attached by whole-observation q/fy/bs PIT selection,src/nasdaq_research/research_features.py,build_fundamental_features,108,aff68e01b3cefd6b19b2abf4e7a772b65273645ca7ff3ab767ee75fa5a643117
q_sga_to_revenue,PIT_fundamental_feature,volume,False,False,row[numerator] / row.revenue; attached by whole-observation q/fy/bs PIT selection,src/nasdaq_research/research_features.py,build_fundamental_features,108,aff68e01b3cefd6b19b2abf4e7a772b65273645ca7ff3ab767ee75fa5a643117
q_ocf_margin,PIT_fundamental_feature,SEC.filing_date,False,True,row[numerator] / row.revenue; attached by whole-observation q/fy/bs PIT selection,src/nasdaq_research/research_features.py,build_fundamental_features,108,aff68e01b3cefd6b19b2abf4e7a772b65273645ca7ff3ab767ee75fa5a643117
q_ocf_margin,PIT_fundamental_feature,SEC.operating_cash_flow,True,False,row[numerator] / row.revenue; attached by whole-observation q/fy/bs PIT selection,src/nasdaq_research/research_features.py,build_fundamental_features,108,aff68e01b3cefd6b19b2abf4e7a772b65273645ca7ff3ab767ee75fa5a643117
q_ocf_margin,PIT_fundamental_feature,SEC.period_identity,False,True,row[numerator] / row.revenue; attached by whole-observation q/fy/bs PIT selection,src/nasdaq_research/research_features.py,build_fundamental_features,108,aff68e01b3cefd6b19b2abf4e7a772b65273645ca7ff3ab767ee75fa5a643117
q_ocf_margin,PIT_fundamental_feature,SEC.revenue,True,False,row[numerator] / row.revenue; attached by whole-observation q/fy/bs PIT selection,src/nasdaq_research/research_features.py,build_fundamental_features,108,aff68e01b3cefd6b19b2abf4e7a772b65273645ca7ff3ab767ee75fa5a643117
q_ocf_margin,PIT_fundamental_feature,date,False,True,row[numerator] / row.revenue; attached by whole-observation q/fy/bs PIT selection,src/nasdaq_research/research_features.py,build_fundamental_features,108,aff68e01b3cefd6b19b2abf4e7a772b65273645ca7ff3ab767ee75fa5a643117
q_ocf_margin,PIT_fundamental_feature,volume,False,False,row[numerator] / row.revenue; attached by whole-observation q/fy/bs PIT selection,src/nasdaq_research/research_features.py,build_fundamental_features,108,aff68e01b3cefd6b19b2abf4e7a772b65273645ca7ff3ab767ee75fa5a643117
q_fcf_margin,PIT_fundamental_feature,SEC.filing_date,False,True,row[numerator] / row.revenue; attached by whole-observation q/fy/bs PIT selection,src/nasdaq_research/research_features.py,build_fundamental_features,108,aff68e01b3cefd6b19b2abf4e7a772b65273645ca7ff3ab767ee75fa5a643117
q_fcf_margin,PIT_fundamental_feature,SEC.free_cash_flow,True,False,row[numerator] / row.revenue; attached by whole-observation q/fy/bs PIT selection,src/nasdaq_research/research_features.py,build_fundamental_features,108,aff68e01b3cefd6b19b2abf4e7a772b65273645ca7ff3ab767ee75fa5a643117
q_fcf_margin,PIT_fundamental_feature,SEC.period_identity,False,True,row[numerator] / row.revenue; attached by whole-observation q/fy/bs PIT selection,src/nasdaq_research/research_features.py,build_fundamental_features,108,aff68e01b3cefd6b19b2abf4e7a772b65273645ca7ff3ab767ee75fa5a643117
q_fcf_margin,PIT_fundamental_feature,SEC.revenue,True,False,row[numerator] / row.revenue; attached by whole-observation q/fy/bs PIT selection,src/nasdaq_research/research_features.py,build_fundamental_features,108,aff68e01b3cefd6b19b2abf4e7a772b65273645ca7ff3ab767ee75fa5a643117
q_fcf_margin,PIT_fundamental_feature,date,False,True,row[numerator] / row.revenue; attached by whole-observation q/fy/bs PIT selection,src/nasdaq_research/research_features.py,build_fundamental_features,108,aff68e01b3cefd6b19b2abf4e7a772b65273645ca7ff3ab767ee75fa5a643117
q_fcf_margin,PIT_fundamental_feature,volume,False,False,row[numerator] / row.revenue; attached by whole-observation q/fy/bs PIT selection,src/nasdaq_research/research_features.py,build_fundamental_features,108,aff68e01b3cefd6b19b2abf4e7a772b65273645ca7ff3ab767ee75fa5a643117
q_revenue_growth_yoy,PIT_fundamental_feature,SEC.filing_date,False,True,row[field] / reference[field] - 1; same basis/FY-1; reference filed <= current filing; attached by whole-observation q/fy/bs PIT selection,src/nasdaq_research/research_features.py,build_fundamental_features,108,aff68e01b3cefd6b19b2abf4e7a772b65273645ca7ff3ab767ee75fa5a643117
q_revenue_growth_yoy,PIT_fundamental_feature,SEC.period_identity,False,True,row[field] / reference[field] - 1; same basis/FY-1; reference filed <= current filing; attached by whole-observation q/fy/bs PIT selection,src/nasdaq_research/research_features.py,build_fundamental_features,108,aff68e01b3cefd6b19b2abf4e7a772b65273645ca7ff3ab767ee75fa5a643117
q_revenue_growth_yoy,PIT_fundamental_feature,SEC.revenue,True,False,row[field] / reference[field] - 1; same basis/FY-1; reference filed <= current filing; attached by whole-observation q/fy/bs PIT selection,src/nasdaq_research/research_features.py,build_fundamental_features,108,aff68e01b3cefd6b19b2abf4e7a772b65273645ca7ff3ab767ee75fa5a643117
q_revenue_growth_yoy,PIT_fundamental_feature,date,False,True,row[field] / reference[field] - 1; same basis/FY-1; reference filed <= current filing; attached by whole-observation q/fy/bs PIT selection,src/nasdaq_research/research_features.py,build_fundamental_features,108,aff68e01b3cefd6b19b2abf4e7a772b65273645ca7ff3ab767ee75fa5a643117
q_revenue_growth_yoy,PIT_fundamental_feature,volume,False,False,row[field] / reference[field] - 1; same basis/FY-1; reference filed <= current filing; attached by whole-observation q/fy/bs PIT selection,src/nasdaq_research/research_features.py,build_fundamental_features,108,aff68e01b3cefd6b19b2abf4e7a772b65273645ca7ff3ab767ee75fa5a643117
q_gross_profit_growth_yoy,PIT_fundamental_feature,SEC.filing_date,False,True,row[field] / reference[field] - 1; same basis/FY-1; reference filed <= current filing; attached by whole-observation q/fy/bs PIT selection,src/nasdaq_research/research_features.py,build_fundamental_features,108,aff68e01b3cefd6b19b2abf4e7a772b65273645ca7ff3ab767ee75fa5a643117
q_gross_profit_growth_yoy,PIT_fundamental_feature,SEC.gross_profit,True,False,row[field] / reference[field] - 1; same basis/FY-1; reference filed <= current filing; attached by whole-observation q/fy/bs PIT selection,src/nasdaq_research/research_features.py,build_fundamental_features,108,aff68e01b3cefd6b19b2abf4e7a772b65273645ca7ff3ab767ee75fa5a643117
q_gross_profit_growth_yoy,PIT_fundamental_feature,SEC.period_identity,False,True,row[field] / reference[field] - 1; same basis/FY-1; reference filed <= current filing; attached by whole-observation q/fy/bs PIT selection,src/nasdaq_research/research_features.py,build_fundamental_features,108,aff68e01b3cefd6b19b2abf4e7a772b65273645ca7ff3ab767ee75fa5a643117
q_gross_profit_growth_yoy,PIT_fundamental_feature,date,False,True,row[field] / reference[field] - 1; same basis/FY-1; reference filed <= current filing; attached by whole-observation q/fy/bs PIT selection,src/nasdaq_research/research_features.py,build_fundamental_features,108,aff68e01b3cefd6b19b2abf4e7a772b65273645ca7ff3ab767ee75fa5a643117
q_gross_profit_growth_yoy,PIT_fundamental_feature,volume,False,False,row[field] / reference[field] - 1; same basis/FY-1; reference filed <= current filing; attached by whole-observation q/fy/bs PIT selection,src/nasdaq_research/research_features.py,build_fundamental_features,108,aff68e01b3cefd6b19b2abf4e7a772b65273645ca7ff3ab767ee75fa5a643117
q_operating_income_growth_yoy,PIT_fundamental_feature,SEC.filing_date,False,True,row[field] / reference[field] - 1; same basis/FY-1; reference filed <= current filing; attached by whole-observation q/fy/bs PIT selection,src/nasdaq_research/research_features.py,build_fundamental_features,108,aff68e01b3cefd6b19b2abf4e7a772b65273645ca7ff3ab767ee75fa5a643117
q_operating_income_growth_yoy,PIT_fundamental_feature,SEC.operating_income,True,False,row[field] / reference[field] - 1; same basis/FY-1; reference filed <= current filing; attached by whole-observation q/fy/bs PIT selection,src/nasdaq_research/research_features.py,build_fundamental_features,108,aff68e01b3cefd6b19b2abf4e7a772b65273645ca7ff3ab767ee75fa5a643117
q_operating_income_growth_yoy,PIT_fundamental_feature,SEC.period_identity,False,True,row[field] / reference[field] - 1; same basis/FY-1; reference filed <= current filing; attached by whole-observation q/fy/bs PIT selection,src/nasdaq_research/research_features.py,build_fundamental_features,108,aff68e01b3cefd6b19b2abf4e7a772b65273645ca7ff3ab767ee75fa5a643117
q_operating_income_growth_yoy,PIT_fundamental_feature,date,False,True,row[field] / reference[field] - 1; same basis/FY-1; reference filed <= current filing; attached by whole-observation q/fy/bs PIT selection,src/nasdaq_research/research_features.py,build_fundamental_features,108,aff68e01b3cefd6b19b2abf4e7a772b65273645ca7ff3ab767ee75fa5a643117
q_operating_income_growth_yoy,PIT_fundamental_feature,volume,False,False,row[field] / reference[field] - 1; same basis/FY-1; reference filed <= current filing; attached by whole-observation q/fy/bs PIT selection,src/nasdaq_research/research_features.py,build_fundamental_features,108,aff68e01b3cefd6b19b2abf4e7a772b65273645ca7ff3ab767ee75fa5a643117
q_net_income_growth_yoy,PIT_fundamental_feature,SEC.filing_date,False,True,row[field] / reference[field] - 1; same basis/FY-1; reference filed <= current filing; attached by whole-observation q/fy/bs PIT selection,src/nasdaq_research/research_features.py,build_fundamental_features,108,aff68e01b3cefd6b19b2abf4e7a772b65273645ca7ff3ab767ee75fa5a643117
q_net_income_growth_yoy,PIT_fundamental_feature,SEC.net_income,True,False,row[field] / reference[field] - 1; same basis/FY-1; reference filed <= current filing; attached by whole-observation q/fy/bs PIT selection,src/nasdaq_research/research_features.py,build_fundamental_features,108,aff68e01b3cefd6b19b2abf4e7a772b65273645ca7ff3ab767ee75fa5a643117
q_net_income_growth_yoy,PIT_fundamental_feature,SEC.period_identity,False,True,row[field] / reference[field] - 1; same basis/FY-1; reference filed <= current filing; attached by whole-observation q/fy/bs PIT selection,src/nasdaq_research/research_features.py,build_fundamental_features,108,aff68e01b3cefd6b19b2abf4e7a772b65273645ca7ff3ab767ee75fa5a643117
q_net_income_growth_yoy,PIT_fundamental_feature,date,False,True,row[field] / reference[field] - 1; same basis/FY-1; reference filed <= current filing; attached by whole-observation q/fy/bs PIT selection,src/nasdaq_research/research_features.py,build_fundamental_features,108,aff68e01b3cefd6b19b2abf4e7a772b65273645ca7ff3ab767ee75fa5a643117
q_net_income_growth_yoy,PIT_fundamental_feature,volume,False,False,row[field] / reference[field] - 1; same basis/FY-1; reference filed <= current filing; attached by whole-observation q/fy/bs PIT selection,src/nasdaq_research/research_features.py,build_fundamental_features,108,aff68e01b3cefd6b19b2abf4e7a772b65273645ca7ff3ab767ee75fa5a643117
q_rd_growth_yoy,PIT_fundamental_feature,SEC.filing_date,False,True,row[field] / reference[field] - 1; same basis/FY-1; reference filed <= current filing; attached by whole-observation q/fy/bs PIT selection,src/nasdaq_research/research_features.py,build_fundamental_features,108,aff68e01b3cefd6b19b2abf4e7a772b65273645ca7ff3ab767ee75fa5a643117
q_rd_growth_yoy,PIT_fundamental_feature,SEC.period_identity,False,True,row[field] / reference[field] - 1; same basis/FY-1; reference filed <= current filing; attached by whole-observation q/fy/bs PIT selection,src/nasdaq_research/research_features.py,build_fundamental_features,108,aff68e01b3cefd6b19b2abf4e7a772b65273645ca7ff3ab767ee75fa5a643117
q_rd_growth_yoy,PIT_fundamental_feature,SEC.research_and_development,True,False,row[field] / reference[field] - 1; same basis/FY-1; reference filed <= current filing; attached by whole-observation q/fy/bs PIT selection,src/nasdaq_research/research_features.py,build_fundamental_features,108,aff68e01b3cefd6b19b2abf4e7a772b65273645ca7ff3ab767ee75fa5a643117
q_rd_growth_yoy,PIT_fundamental_feature,date,False,True,row[field] / reference[field] - 1; same basis/FY-1; reference filed <= current filing; attached by whole-observation q/fy/bs PIT selection,src/nasdaq_research/research_features.py,build_fundamental_features,108,aff68e01b3cefd6b19b2abf4e7a772b65273645ca7ff3ab767ee75fa5a643117
q_rd_growth_yoy,PIT_fundamental_feature,volume,False,False,row[field] / reference[field] - 1; same basis/FY-1; reference filed <= current filing; attached by whole-observation q/fy/bs PIT selection,src/nasdaq_research/research_features.py,build_fundamental_features,108,aff68e01b3cefd6b19b2abf4e7a772b65273645ca7ff3ab767ee75fa5a643117
q_operating_cash_flow_growth_yoy,PIT_fundamental_feature,SEC.filing_date,False,True,row[field] / reference[field] - 1; same basis/FY-1; reference filed <= current filing; attached by whole-observation q/fy/bs PIT selection,src/nasdaq_research/research_features.py,build_fundamental_features,108,aff68e01b3cefd6b19b2abf4e7a772b65273645ca7ff3ab767ee75fa5a643117
q_operating_cash_flow_growth_yoy,PIT_fundamental_feature,SEC.operating_cash_flow,True,False,row[field] / reference[field] - 1; same basis/FY-1; reference filed <= current filing; attached by whole-observation q/fy/bs PIT selection,src/nasdaq_research/research_features.py,build_fundamental_features,108,aff68e01b3cefd6b19b2abf4e7a772b65273645ca7ff3ab767ee75fa5a643117
q_operating_cash_flow_growth_yoy,PIT_fundamental_feature,SEC.period_identity,False,True,row[field] / reference[field] - 1; same basis/FY-1; reference filed <= current filing; attached by whole-observation q/fy/bs PIT selection,src/nasdaq_research/research_features.py,build_fundamental_features,108,aff68e01b3cefd6b19b2abf4e7a772b65273645ca7ff3ab767ee75fa5a643117
q_operating_cash_flow_growth_yoy,PIT_fundamental_feature,date,False,True,row[field] / reference[field] - 1; same basis/FY-1; reference filed <= current filing; attached by whole-observation q/fy/bs PIT selection,src/nasdaq_research/research_features.py,build_fundamental_features,108,aff68e01b3cefd6b19b2abf4e7a772b65273645ca7ff3ab767ee75fa5a643117
q_operating_cash_flow_growth_yoy,PIT_fundamental_feature,volume,False,False,row[field] / reference[field] - 1; same basis/FY-1; reference filed <= current filing; attached by whole-observation q/fy/bs PIT selection,src/nasdaq_research/research_features.py,build_fundamental_features,108,aff68e01b3cefd6b19b2abf4e7a772b65273645ca7ff3ab767ee75fa5a643117
fy_gross_margin,PIT_fundamental_feature,SEC.filing_date,False,True,row[numerator] / row.revenue; attached by whole-observation q/fy/bs PIT selection,src/nasdaq_research/research_features.py,build_fundamental_features,108,aff68e01b3cefd6b19b2abf4e7a772b65273645ca7ff3ab767ee75fa5a643117
fy_gross_margin,PIT_fundamental_feature,SEC.gross_profit,True,False,row[numerator] / row.revenue; attached by whole-observation q/fy/bs PIT selection,src/nasdaq_research/research_features.py,build_fundamental_features,108,aff68e01b3cefd6b19b2abf4e7a772b65273645ca7ff3ab767ee75fa5a643117
fy_gross_margin,PIT_fundamental_feature,SEC.period_identity,False,True,row[numerator] / row.revenue; attached by whole-observation q/fy/bs PIT selection,src/nasdaq_research/research_features.py,build_fundamental_features,108,aff68e01b3cefd6b19b2abf4e7a772b65273645ca7ff3ab767ee75fa5a643117
fy_gross_margin,PIT_fundamental_feature,SEC.revenue,True,False,row[numerator] / row.revenue; attached by whole-observation q/fy/bs PIT selection,src/nasdaq_research/research_features.py,build_fundamental_features,108,aff68e01b3cefd6b19b2abf4e7a772b65273645ca7ff3ab767ee75fa5a643117
fy_gross_margin,PIT_fundamental_feature,date,False,True,row[numerator] / row.revenue; attached by whole-observation q/fy/bs PIT selection,src/nasdaq_research/research_features.py,build_fundamental_features,108,aff68e01b3cefd6b19b2abf4e7a772b65273645ca7ff3ab767ee75fa5a643117
fy_gross_margin,PIT_fundamental_feature,volume,False,False,row[numerator] / row.revenue; attached by whole-observation q/fy/bs PIT selection,src/nasdaq_research/research_features.py,build_fundamental_features,108,aff68e01b3cefd6b19b2abf4e7a772b65273645ca7ff3ab767ee75fa5a643117
fy_operating_margin,PIT_fundamental_feature,SEC.filing_date,False,True,row[numerator] / row.revenue; attached by whole-observation q/fy/bs PIT selection,src/nasdaq_research/research_features.py,build_fundamental_features,108,aff68e01b3cefd6b19b2abf4e7a772b65273645ca7ff3ab767ee75fa5a643117
fy_operating_margin,PIT_fundamental_feature,SEC.operating_income,True,False,row[numerator] / row.revenue; attached by whole-observation q/fy/bs PIT selection,src/nasdaq_research/research_features.py,build_fundamental_features,108,aff68e01b3cefd6b19b2abf4e7a772b65273645ca7ff3ab767ee75fa5a643117
fy_operating_margin,PIT_fundamental_feature,SEC.period_identity,False,True,row[numerator] / row.revenue; attached by whole-observation q/fy/bs PIT selection,src/nasdaq_research/research_features.py,build_fundamental_features,108,aff68e01b3cefd6b19b2abf4e7a772b65273645ca7ff3ab767ee75fa5a643117
fy_operating_margin,PIT_fundamental_feature,SEC.revenue,True,False,row[numerator] / row.revenue; attached by whole-observation q/fy/bs PIT selection,src/nasdaq_research/research_features.py,build_fundamental_features,108,aff68e01b3cefd6b19b2abf4e7a772b65273645ca7ff3ab767ee75fa5a643117
fy_operating_margin,PIT_fundamental_feature,date,False,True,row[numerator] / row.revenue; attached by whole-observation q/fy/bs PIT selection,src/nasdaq_research/research_features.py,build_fundamental_features,108,aff68e01b3cefd6b19b2abf4e7a772b65273645ca7ff3ab767ee75fa5a643117
fy_operating_margin,PIT_fundamental_feature,volume,False,False,row[numerator] / row.revenue; attached by whole-observation q/fy/bs PIT selection,src/nasdaq_research/research_features.py,build_fundamental_features,108,aff68e01b3cefd6b19b2abf4e7a772b65273645ca7ff3ab767ee75fa5a643117
fy_net_margin,PIT_fundamental_feature,SEC.filing_date,False,True,row[numerator] / row.revenue; attached by whole-observation q/fy/bs PIT selection,src/nasdaq_research/research_features.py,build_fundamental_features,108,aff68e01b3cefd6b19b2abf4e7a772b65273645ca7ff3ab767ee75fa5a643117
fy_net_margin,PIT_fundamental_feature,SEC.net_income,True,False,row[numerator] / row.revenue; attached by whole-observation q/fy/bs PIT selection,src/nasdaq_research/research_features.py,build_fundamental_features,108,aff68e01b3cefd6b19b2abf4e7a772b65273645ca7ff3ab767ee75fa5a643117
fy_net_margin,PIT_fundamental_feature,SEC.period_identity,False,True,row[numerator] / row.revenue; attached by whole-observation q/fy/bs PIT selection,src/nasdaq_research/research_features.py,build_fundamental_features,108,aff68e01b3cefd6b19b2abf4e7a772b65273645ca7ff3ab767ee75fa5a643117
fy_net_margin,PIT_fundamental_feature,SEC.revenue,True,False,row[numerator] / row.revenue; attached by whole-observation q/fy/bs PIT selection,src/nasdaq_research/research_features.py,build_fundamental_features,108,aff68e01b3cefd6b19b2abf4e7a772b65273645ca7ff3ab767ee75fa5a643117
fy_net_margin,PIT_fundamental_feature,date,False,True,row[numerator] / row.revenue; attached by whole-observation q/fy/bs PIT selection,src/nasdaq_research/research_features.py,build_fundamental_features,108,aff68e01b3cefd6b19b2abf4e7a772b65273645ca7ff3ab767ee75fa5a643117
fy_net_margin,PIT_fundamental_feature,volume,False,False,row[numerator] / row.revenue; attached by whole-observation q/fy/bs PIT selection,src/nasdaq_research/research_features.py,build_fundamental_features,108,aff68e01b3cefd6b19b2abf4e7a772b65273645ca7ff3ab767ee75fa5a643117
fy_rd_to_revenue,PIT_fundamental_feature,SEC.filing_date,False,True,row[numerator] / row.revenue; attached by whole-observation q/fy/bs PIT selection,src/nasdaq_research/research_features.py,build_fundamental_features,108,aff68e01b3cefd6b19b2abf4e7a772b65273645ca7ff3ab767ee75fa5a643117
fy_rd_to_revenue,PIT_fundamental_feature,SEC.period_identity,False,True,row[numerator] / row.revenue; attached by whole-observation q/fy/bs PIT selection,src/nasdaq_research/research_features.py,build_fundamental_features,108,aff68e01b3cefd6b19b2abf4e7a772b65273645ca7ff3ab767ee75fa5a643117
fy_rd_to_revenue,PIT_fundamental_feature,SEC.research_and_development,True,False,row[numerator] / row.revenue; attached by whole-observation q/fy/bs PIT selection,src/nasdaq_research/research_features.py,build_fundamental_features,108,aff68e01b3cefd6b19b2abf4e7a772b65273645ca7ff3ab767ee75fa5a643117
fy_rd_to_revenue,PIT_fundamental_feature,SEC.revenue,True,False,row[numerator] / row.revenue; attached by whole-observation q/fy/bs PIT selection,src/nasdaq_research/research_features.py,build_fundamental_features,108,aff68e01b3cefd6b19b2abf4e7a772b65273645ca7ff3ab767ee75fa5a643117
fy_rd_to_revenue,PIT_fundamental_feature,date,False,True,row[numerator] / row.revenue; attached by whole-observation q/fy/bs PIT selection,src/nasdaq_research/research_features.py,build_fundamental_features,108,aff68e01b3cefd6b19b2abf4e7a772b65273645ca7ff3ab767ee75fa5a643117
fy_rd_to_revenue,PIT_fundamental_feature,volume,False,False,row[numerator] / row.revenue; attached by whole-observation q/fy/bs PIT selection,src/nasdaq_research/research_features.py,build_fundamental_features,108,aff68e01b3cefd6b19b2abf4e7a772b65273645ca7ff3ab767ee75fa5a643117
fy_sga_to_revenue,PIT_fundamental_feature,SEC.filing_date,False,True,row[numerator] / row.revenue; attached by whole-observation q/fy/bs PIT selection,src/nasdaq_research/research_features.py,build_fundamental_features,108,aff68e01b3cefd6b19b2abf4e7a772b65273645ca7ff3ab767ee75fa5a643117
fy_sga_to_revenue,PIT_fundamental_feature,SEC.period_identity,False,True,row[numerator] / row.revenue; attached by whole-observation q/fy/bs PIT selection,src/nasdaq_research/research_features.py,build_fundamental_features,108,aff68e01b3cefd6b19b2abf4e7a772b65273645ca7ff3ab767ee75fa5a643117
fy_sga_to_revenue,PIT_fundamental_feature,SEC.revenue,True,False,row[numerator] / row.revenue; attached by whole-observation q/fy/bs PIT selection,src/nasdaq_research/research_features.py,build_fundamental_features,108,aff68e01b3cefd6b19b2abf4e7a772b65273645ca7ff3ab767ee75fa5a643117
fy_sga_to_revenue,PIT_fundamental_feature,SEC.selling_general_administrative,True,False,row[numerator] / row.revenue; attached by whole-observation q/fy/bs PIT selection,src/nasdaq_research/research_features.py,build_fundamental_features,108,aff68e01b3cefd6b19b2abf4e7a772b65273645ca7ff3ab767ee75fa5a643117
fy_sga_to_revenue,PIT_fundamental_feature,date,False,True,row[numerator] / row.revenue; attached by whole-observation q/fy/bs PIT selection,src/nasdaq_research/research_features.py,build_fundamental_features,108,aff68e01b3cefd6b19b2abf4e7a772b65273645ca7ff3ab767ee75fa5a643117
fy_sga_to_revenue,PIT_fundamental_feature,volume,False,False,row[numerator] / row.revenue; attached by whole-observation q/fy/bs PIT selection,src/nasdaq_research/research_features.py,build_fundamental_features,108,aff68e01b3cefd6b19b2abf4e7a772b65273645ca7ff3ab767ee75fa5a643117
fy_ocf_margin,PIT_fundamental_feature,SEC.filing_date,False,True,row[numerator] / row.revenue; attached by whole-observation q/fy/bs PIT selection,src/nasdaq_research/research_features.py,build_fundamental_features,108,aff68e01b3cefd6b19b2abf4e7a772b65273645ca7ff3ab767ee75fa5a643117
fy_ocf_margin,PIT_fundamental_feature,SEC.operating_cash_flow,True,False,row[numerator] / row.revenue; attached by whole-observation q/fy/bs PIT selection,src/nasdaq_research/research_features.py,build_fundamental_features,108,aff68e01b3cefd6b19b2abf4e7a772b65273645ca7ff3ab767ee75fa5a643117
fy_ocf_margin,PIT_fundamental_feature,SEC.period_identity,False,True,row[numerator] / row.revenue; attached by whole-observation q/fy/bs PIT selection,src/nasdaq_research/research_features.py,build_fundamental_features,108,aff68e01b3cefd6b19b2abf4e7a772b65273645ca7ff3ab767ee75fa5a643117
fy_ocf_margin,PIT_fundamental_feature,SEC.revenue,True,False,row[numerator] / row.revenue; attached by whole-observation q/fy/bs PIT selection,src/nasdaq_research/research_features.py,build_fundamental_features,108,aff68e01b3cefd6b19b2abf4e7a772b65273645ca7ff3ab767ee75fa5a643117
fy_ocf_margin,PIT_fundamental_feature,date,False,True,row[numerator] / row.revenue; attached by whole-observation q/fy/bs PIT selection,src/nasdaq_research/research_features.py,build_fundamental_features,108,aff68e01b3cefd6b19b2abf4e7a772b65273645ca7ff3ab767ee75fa5a643117
fy_ocf_margin,PIT_fundamental_feature,volume,False,False,row[numerator] / row.revenue; attached by whole-observation q/fy/bs PIT selection,src/nasdaq_research/research_features.py,build_fundamental_features,108,aff68e01b3cefd6b19b2abf4e7a772b65273645ca7ff3ab767ee75fa5a643117
fy_fcf_margin,PIT_fundamental_feature,SEC.filing_date,False,True,row[numerator] / row.revenue; attached by whole-observation q/fy/bs PIT selection,src/nasdaq_research/research_features.py,build_fundamental_features,108,aff68e01b3cefd6b19b2abf4e7a772b65273645ca7ff3ab767ee75fa5a643117
fy_fcf_margin,PIT_fundamental_feature,SEC.free_cash_flow,True,False,row[numerator] / row.revenue; attached by whole-observation q/fy/bs PIT selection,src/nasdaq_research/research_features.py,build_fundamental_features,108,aff68e01b3cefd6b19b2abf4e7a772b65273645ca7ff3ab767ee75fa5a643117
fy_fcf_margin,PIT_fundamental_feature,SEC.period_identity,False,True,row[numerator] / row.revenue; attached by whole-observation q/fy/bs PIT selection,src/nasdaq_research/research_features.py,build_fundamental_features,108,aff68e01b3cefd6b19b2abf4e7a772b65273645ca7ff3ab767ee75fa5a643117
fy_fcf_margin,PIT_fundamental_feature,SEC.revenue,True,False,row[numerator] / row.revenue; attached by whole-observation q/fy/bs PIT selection,src/nasdaq_research/research_features.py,build_fundamental_features,108,aff68e01b3cefd6b19b2abf4e7a772b65273645ca7ff3ab767ee75fa5a643117
fy_fcf_margin,PIT_fundamental_feature,date,False,True,row[numerator] / row.revenue; attached by whole-observation q/fy/bs PIT selection,src/nasdaq_research/research_features.py,build_fundamental_features,108,aff68e01b3cefd6b19b2abf4e7a772b65273645ca7ff3ab767ee75fa5a643117
fy_fcf_margin,PIT_fundamental_feature,volume,False,False,row[numerator] / row.revenue; attached by whole-observation q/fy/bs PIT selection,src/nasdaq_research/research_features.py,build_fundamental_features,108,aff68e01b3cefd6b19b2abf4e7a772b65273645ca7ff3ab767ee75fa5a643117
fy_revenue_growth_yoy,PIT_fundamental_feature,SEC.filing_date,False,True,row[field] / reference[field] - 1; same basis/FY-1; reference filed <= current filing; attached by whole-observation q/fy/bs PIT selection,src/nasdaq_research/research_features.py,build_fundamental_features,108,aff68e01b3cefd6b19b2abf4e7a772b65273645ca7ff3ab767ee75fa5a643117
fy_revenue_growth_yoy,PIT_fundamental_feature,SEC.period_identity,False,True,row[field] / reference[field] - 1; same basis/FY-1; reference filed <= current filing; attached by whole-observation q/fy/bs PIT selection,src/nasdaq_research/research_features.py,build_fundamental_features,108,aff68e01b3cefd6b19b2abf4e7a772b65273645ca7ff3ab767ee75fa5a643117
fy_revenue_growth_yoy,PIT_fundamental_feature,SEC.revenue,True,False,row[field] / reference[field] - 1; same basis/FY-1; reference filed <= current filing; attached by whole-observation q/fy/bs PIT selection,src/nasdaq_research/research_features.py,build_fundamental_features,108,aff68e01b3cefd6b19b2abf4e7a772b65273645ca7ff3ab767ee75fa5a643117
fy_revenue_growth_yoy,PIT_fundamental_feature,date,False,True,row[field] / reference[field] - 1; same basis/FY-1; reference filed <= current filing; attached by whole-observation q/fy/bs PIT selection,src/nasdaq_research/research_features.py,build_fundamental_features,108,aff68e01b3cefd6b19b2abf4e7a772b65273645ca7ff3ab767ee75fa5a643117
fy_revenue_growth_yoy,PIT_fundamental_feature,volume,False,False,row[field] / reference[field] - 1; same basis/FY-1; reference filed <= current filing; attached by whole-observation q/fy/bs PIT selection,src/nasdaq_research/research_features.py,build_fundamental_features,108,aff68e01b3cefd6b19b2abf4e7a772b65273645ca7ff3ab767ee75fa5a643117
fy_gross_profit_growth_yoy,PIT_fundamental_feature,SEC.filing_date,False,True,row[field] / reference[field] - 1; same basis/FY-1; reference filed <= current filing; attached by whole-observation q/fy/bs PIT selection,src/nasdaq_research/research_features.py,build_fundamental_features,108,aff68e01b3cefd6b19b2abf4e7a772b65273645ca7ff3ab767ee75fa5a643117
fy_gross_profit_growth_yoy,PIT_fundamental_feature,SEC.gross_profit,True,False,row[field] / reference[field] - 1; same basis/FY-1; reference filed <= current filing; attached by whole-observation q/fy/bs PIT selection,src/nasdaq_research/research_features.py,build_fundamental_features,108,aff68e01b3cefd6b19b2abf4e7a772b65273645ca7ff3ab767ee75fa5a643117
fy_gross_profit_growth_yoy,PIT_fundamental_feature,SEC.period_identity,False,True,row[field] / reference[field] - 1; same basis/FY-1; reference filed <= current filing; attached by whole-observation q/fy/bs PIT selection,src/nasdaq_research/research_features.py,build_fundamental_features,108,aff68e01b3cefd6b19b2abf4e7a772b65273645ca7ff3ab767ee75fa5a643117
fy_gross_profit_growth_yoy,PIT_fundamental_feature,date,False,True,row[field] / reference[field] - 1; same basis/FY-1; reference filed <= current filing; attached by whole-observation q/fy/bs PIT selection,src/nasdaq_research/research_features.py,build_fundamental_features,108,aff68e01b3cefd6b19b2abf4e7a772b65273645ca7ff3ab767ee75fa5a643117
fy_gross_profit_growth_yoy,PIT_fundamental_feature,volume,False,False,row[field] / reference[field] - 1; same basis/FY-1; reference filed <= current filing; attached by whole-observation q/fy/bs PIT selection,src/nasdaq_research/research_features.py,build_fundamental_features,108,aff68e01b3cefd6b19b2abf4e7a772b65273645ca7ff3ab767ee75fa5a643117
fy_operating_income_growth_yoy,PIT_fundamental_feature,SEC.filing_date,False,True,row[field] / reference[field] - 1; same basis/FY-1; reference filed <= current filing; attached by whole-observation q/fy/bs PIT selection,src/nasdaq_research/research_features.py,build_fundamental_features,108,aff68e01b3cefd6b19b2abf4e7a772b65273645ca7ff3ab767ee75fa5a643117
fy_operating_income_growth_yoy,PIT_fundamental_feature,SEC.operating_income,True,False,row[field] / reference[field] - 1; same basis/FY-1; reference filed <= current filing; attached by whole-observation q/fy/bs PIT selection,src/nasdaq_research/research_features.py,build_fundamental_features,108,aff68e01b3cefd6b19b2abf4e7a772b65273645ca7ff3ab767ee75fa5a643117
fy_operating_income_growth_yoy,PIT_fundamental_feature,SEC.period_identity,False,True,row[field] / reference[field] - 1; same basis/FY-1; reference filed <= current filing; attached by whole-observation q/fy/bs PIT selection,src/nasdaq_research/research_features.py,build_fundamental_features,108,aff68e01b3cefd6b19b2abf4e7a772b65273645ca7ff3ab767ee75fa5a643117
fy_operating_income_growth_yoy,PIT_fundamental_feature,date,False,True,row[field] / reference[field] - 1; same basis/FY-1; reference filed <= current filing; attached by whole-observation q/fy/bs PIT selection,src/nasdaq_research/research_features.py,build_fundamental_features,108,aff68e01b3cefd6b19b2abf4e7a772b65273645ca7ff3ab767ee75fa5a643117
fy_operating_income_growth_yoy,PIT_fundamental_feature,volume,False,False,row[field] / reference[field] - 1; same basis/FY-1; reference filed <= current filing; attached by whole-observation q/fy/bs PIT selection,src/nasdaq_research/research_features.py,build_fundamental_features,108,aff68e01b3cefd6b19b2abf4e7a772b65273645ca7ff3ab767ee75fa5a643117
fy_net_income_growth_yoy,PIT_fundamental_feature,SEC.filing_date,False,True,row[field] / reference[field] - 1; same basis/FY-1; reference filed <= current filing; attached by whole-observation q/fy/bs PIT selection,src/nasdaq_research/research_features.py,build_fundamental_features,108,aff68e01b3cefd6b19b2abf4e7a772b65273645ca7ff3ab767ee75fa5a643117
fy_net_income_growth_yoy,PIT_fundamental_feature,SEC.net_income,True,False,row[field] / reference[field] - 1; same basis/FY-1; reference filed <= current filing; attached by whole-observation q/fy/bs PIT selection,src/nasdaq_research/research_features.py,build_fundamental_features,108,aff68e01b3cefd6b19b2abf4e7a772b65273645ca7ff3ab767ee75fa5a643117
fy_net_income_growth_yoy,PIT_fundamental_feature,SEC.period_identity,False,True,row[field] / reference[field] - 1; same basis/FY-1; reference filed <= current filing; attached by whole-observation q/fy/bs PIT selection,src/nasdaq_research/research_features.py,build_fundamental_features,108,aff68e01b3cefd6b19b2abf4e7a772b65273645ca7ff3ab767ee75fa5a643117
fy_net_income_growth_yoy,PIT_fundamental_feature,date,False,True,row[field] / reference[field] - 1; same basis/FY-1; reference filed <= current filing; attached by whole-observation q/fy/bs PIT selection,src/nasdaq_research/research_features.py,build_fundamental_features,108,aff68e01b3cefd6b19b2abf4e7a772b65273645ca7ff3ab767ee75fa5a643117
fy_net_income_growth_yoy,PIT_fundamental_feature,volume,False,False,row[field] / reference[field] - 1; same basis/FY-1; reference filed <= current filing; attached by whole-observation q/fy/bs PIT selection,src/nasdaq_research/research_features.py,build_fundamental_features,108,aff68e01b3cefd6b19b2abf4e7a772b65273645ca7ff3ab767ee75fa5a643117
fy_rd_growth_yoy,PIT_fundamental_feature,SEC.filing_date,False,True,row[field] / reference[field] - 1; same basis/FY-1; reference filed <= current filing; attached by whole-observation q/fy/bs PIT selection,src/nasdaq_research/research_features.py,build_fundamental_features,108,aff68e01b3cefd6b19b2abf4e7a772b65273645ca7ff3ab767ee75fa5a643117
fy_rd_growth_yoy,PIT_fundamental_feature,SEC.period_identity,False,True,row[field] / reference[field] - 1; same basis/FY-1; reference filed <= current filing; attached by whole-observation q/fy/bs PIT selection,src/nasdaq_research/research_features.py,build_fundamental_features,108,aff68e01b3cefd6b19b2abf4e7a772b65273645ca7ff3ab767ee75fa5a643117
fy_rd_growth_yoy,PIT_fundamental_feature,SEC.research_and_development,True,False,row[field] / reference[field] - 1; same basis/FY-1; reference filed <= current filing; attached by whole-observation q/fy/bs PIT selection,src/nasdaq_research/research_features.py,build_fundamental_features,108,aff68e01b3cefd6b19b2abf4e7a772b65273645ca7ff3ab767ee75fa5a643117
fy_rd_growth_yoy,PIT_fundamental_feature,date,False,True,row[field] / reference[field] - 1; same basis/FY-1; reference filed <= current filing; attached by whole-observation q/fy/bs PIT selection,src/nasdaq_research/research_features.py,build_fundamental_features,108,aff68e01b3cefd6b19b2abf4e7a772b65273645ca7ff3ab767ee75fa5a643117
fy_rd_growth_yoy,PIT_fundamental_feature,volume,False,False,row[field] / reference[field] - 1; same basis/FY-1; reference filed <= current filing; attached by whole-observation q/fy/bs PIT selection,src/nasdaq_research/research_features.py,build_fundamental_features,108,aff68e01b3cefd6b19b2abf4e7a772b65273645ca7ff3ab767ee75fa5a643117
fy_operating_cash_flow_growth_yoy,PIT_fundamental_feature,SEC.filing_date,False,True,row[field] / reference[field] - 1; same basis/FY-1; reference filed <= current filing; attached by whole-observation q/fy/bs PIT selection,src/nasdaq_research/research_features.py,build_fundamental_features,108,aff68e01b3cefd6b19b2abf4e7a772b65273645ca7ff3ab767ee75fa5a643117
fy_operating_cash_flow_growth_yoy,PIT_fundamental_feature,SEC.operating_cash_flow,True,False,row[field] / reference[field] - 1; same basis/FY-1; reference filed <= current filing; attached by whole-observation q/fy/bs PIT selection,src/nasdaq_research/research_features.py,build_fundamental_features,108,aff68e01b3cefd6b19b2abf4e7a772b65273645ca7ff3ab767ee75fa5a643117
fy_operating_cash_flow_growth_yoy,PIT_fundamental_feature,SEC.period_identity,False,True,row[field] / reference[field] - 1; same basis/FY-1; reference filed <= current filing; attached by whole-observation q/fy/bs PIT selection,src/nasdaq_research/research_features.py,build_fundamental_features,108,aff68e01b3cefd6b19b2abf4e7a772b65273645ca7ff3ab767ee75fa5a643117
fy_operating_cash_flow_growth_yoy,PIT_fundamental_feature,date,False,True,row[field] / reference[field] - 1; same basis/FY-1; reference filed <= current filing; attached by whole-observation q/fy/bs PIT selection,src/nasdaq_research/research_features.py,build_fundamental_features,108,aff68e01b3cefd6b19b2abf4e7a772b65273645ca7ff3ab767ee75fa5a643117
fy_operating_cash_flow_growth_yoy,PIT_fundamental_feature,volume,False,False,row[field] / reference[field] - 1; same basis/FY-1; reference filed <= current filing; attached by whole-observation q/fy/bs PIT selection,src/nasdaq_research/research_features.py,build_fundamental_features,108,aff68e01b3cefd6b19b2abf4e7a772b65273645ca7ff3ab767ee75fa5a643117
current_ratio,PIT_fundamental_feature,SEC.current_assets,True,False,row[numerator] / row[denominator]; attached by whole-observation q/fy/bs PIT selection,src/nasdaq_research/research_features.py,build_fundamental_features,108,aff68e01b3cefd6b19b2abf4e7a772b65273645ca7ff3ab767ee75fa5a643117
current_ratio,PIT_fundamental_feature,SEC.current_liabilities,True,False,row[numerator] / row[denominator]; attached by whole-observation q/fy/bs PIT selection,src/nasdaq_research/research_features.py,build_fundamental_features,108,aff68e01b3cefd6b19b2abf4e7a772b65273645ca7ff3ab767ee75fa5a643117
current_ratio,PIT_fundamental_feature,SEC.filing_date,False,True,row[numerator] / row[denominator]; attached by whole-observation q/fy/bs PIT selection,src/nasdaq_research/research_features.py,build_fundamental_features,108,aff68e01b3cefd6b19b2abf4e7a772b65273645ca7ff3ab767ee75fa5a643117
current_ratio,PIT_fundamental_feature,SEC.period_identity,False,True,row[numerator] / row[denominator]; attached by whole-observation q/fy/bs PIT selection,src/nasdaq_research/research_features.py,build_fundamental_features,108,aff68e01b3cefd6b19b2abf4e7a772b65273645ca7ff3ab767ee75fa5a643117
current_ratio,PIT_fundamental_feature,date,False,True,row[numerator] / row[denominator]; attached by whole-observation q/fy/bs PIT selection,src/nasdaq_research/research_features.py,build_fundamental_features,108,aff68e01b3cefd6b19b2abf4e7a772b65273645ca7ff3ab767ee75fa5a643117
current_ratio,PIT_fundamental_feature,volume,False,False,row[numerator] / row[denominator]; attached by whole-observation q/fy/bs PIT selection,src/nasdaq_research/research_features.py,build_fundamental_features,108,aff68e01b3cefd6b19b2abf4e7a772b65273645ca7ff3ab767ee75fa5a643117
cash_to_assets,PIT_fundamental_feature,SEC.cash_and_cash_equivalents,True,False,row[numerator] / row[denominator]; attached by whole-observation q/fy/bs PIT selection,src/nasdaq_research/research_features.py,build_fundamental_features,108,aff68e01b3cefd6b19b2abf4e7a772b65273645ca7ff3ab767ee75fa5a643117
cash_to_assets,PIT_fundamental_feature,SEC.filing_date,False,True,row[numerator] / row[denominator]; attached by whole-observation q/fy/bs PIT selection,src/nasdaq_research/research_features.py,build_fundamental_features,108,aff68e01b3cefd6b19b2abf4e7a772b65273645ca7ff3ab767ee75fa5a643117
cash_to_assets,PIT_fundamental_feature,SEC.period_identity,False,True,row[numerator] / row[denominator]; attached by whole-observation q/fy/bs PIT selection,src/nasdaq_research/research_features.py,build_fundamental_features,108,aff68e01b3cefd6b19b2abf4e7a772b65273645ca7ff3ab767ee75fa5a643117
cash_to_assets,PIT_fundamental_feature,SEC.total_assets,True,False,row[numerator] / row[denominator]; attached by whole-observation q/fy/bs PIT selection,src/nasdaq_research/research_features.py,build_fundamental_features,108,aff68e01b3cefd6b19b2abf4e7a772b65273645ca7ff3ab767ee75fa5a643117
cash_to_assets,PIT_fundamental_feature,date,False,True,row[numerator] / row[denominator]; attached by whole-observation q/fy/bs PIT selection,src/nasdaq_research/research_features.py,build_fundamental_features,108,aff68e01b3cefd6b19b2abf4e7a772b65273645ca7ff3ab767ee75fa5a643117
cash_to_assets,PIT_fundamental_feature,volume,False,False,row[numerator] / row[denominator]; attached by whole-observation q/fy/bs PIT selection,src/nasdaq_research/research_features.py,build_fundamental_features,108,aff68e01b3cefd6b19b2abf4e7a772b65273645ca7ff3ab767ee75fa5a643117
liabilities_to_assets,PIT_fundamental_feature,SEC.filing_date,False,True,row[numerator] / row[denominator]; attached by whole-observation q/fy/bs PIT selection,src/nasdaq_research/research_features.py,build_fundamental_features,108,aff68e01b3cefd6b19b2abf4e7a772b65273645ca7ff3ab767ee75fa5a643117
liabilities_to_assets,PIT_fundamental_feature,SEC.period_identity,False,True,row[numerator] / row[denominator]; attached by whole-observation q/fy/bs PIT selection,src/nasdaq_research/research_features.py,build_fundamental_features,108,aff68e01b3cefd6b19b2abf4e7a772b65273645ca7ff3ab767ee75fa5a643117
liabilities_to_assets,PIT_fundamental_feature,SEC.total_assets,True,False,row[numerator] / row[denominator]; attached by whole-observation q/fy/bs PIT selection,src/nasdaq_research/research_features.py,build_fundamental_features,108,aff68e01b3cefd6b19b2abf4e7a772b65273645ca7ff3ab767ee75fa5a643117
liabilities_to_assets,PIT_fundamental_feature,SEC.total_liabilities,True,False,row[numerator] / row[denominator]; attached by whole-observation q/fy/bs PIT selection,src/nasdaq_research/research_features.py,build_fundamental_features,108,aff68e01b3cefd6b19b2abf4e7a772b65273645ca7ff3ab767ee75fa5a643117
liabilities_to_assets,PIT_fundamental_feature,date,False,True,row[numerator] / row[denominator]; attached by whole-observation q/fy/bs PIT selection,src/nasdaq_research/research_features.py,build_fundamental_features,108,aff68e01b3cefd6b19b2abf4e7a772b65273645ca7ff3ab767ee75fa5a643117
liabilities_to_assets,PIT_fundamental_feature,volume,False,False,row[numerator] / row[denominator]; attached by whole-observation q/fy/bs PIT selection,src/nasdaq_research/research_features.py,build_fundamental_features,108,aff68e01b3cefd6b19b2abf4e7a772b65273645ca7ff3ab767ee75fa5a643117
debt_to_assets,PIT_fundamental_feature,SEC.filing_date,False,True,row[numerator] / row[denominator]; attached by whole-observation q/fy/bs PIT selection,src/nasdaq_research/research_features.py,build_fundamental_features,108,aff68e01b3cefd6b19b2abf4e7a772b65273645ca7ff3ab767ee75fa5a643117
debt_to_assets,PIT_fundamental_feature,SEC.long_term_debt,True,False,row[numerator] / row[denominator]; attached by whole-observation q/fy/bs PIT selection,src/nasdaq_research/research_features.py,build_fundamental_features,108,aff68e01b3cefd6b19b2abf4e7a772b65273645ca7ff3ab767ee75fa5a643117
debt_to_assets,PIT_fundamental_feature,SEC.period_identity,False,True,row[numerator] / row[denominator]; attached by whole-observation q/fy/bs PIT selection,src/nasdaq_research/research_features.py,build_fundamental_features,108,aff68e01b3cefd6b19b2abf4e7a772b65273645ca7ff3ab767ee75fa5a643117
debt_to_assets,PIT_fundamental_feature,SEC.total_assets,True,False,row[numerator] / row[denominator]; attached by whole-observation q/fy/bs PIT selection,src/nasdaq_research/research_features.py,build_fundamental_features,108,aff68e01b3cefd6b19b2abf4e7a772b65273645ca7ff3ab767ee75fa5a643117
debt_to_assets,PIT_fundamental_feature,date,False,True,row[numerator] / row[denominator]; attached by whole-observation q/fy/bs PIT selection,src/nasdaq_research/research_features.py,build_fundamental_features,108,aff68e01b3cefd6b19b2abf4e7a772b65273645ca7ff3ab767ee75fa5a643117
debt_to_assets,PIT_fundamental_feature,volume,False,False,row[numerator] / row[denominator]; attached by whole-observation q/fy/bs PIT selection,src/nasdaq_research/research_features.py,build_fundamental_features,108,aff68e01b3cefd6b19b2abf4e7a772b65273645ca7ff3ab767ee75fa5a643117
PIT:fundamental_fiscal_year,PIT_state_provenance,SEC.whole_observation,False,True,SEC whole-observation state plus observed session dates; no numeric OHLCV state selector,src/nasdaq_research/research_features.py,build_feature_matrix,190,aff68e01b3cefd6b19b2abf4e7a772b65273645ca7ff3ab767ee75fa5a643117
PIT:fundamental_fiscal_year,PIT_state_provenance,date,False,True,SEC whole-observation state plus observed session dates; no numeric OHLCV state selector,src/nasdaq_research/research_features.py,build_feature_matrix,190,aff68e01b3cefd6b19b2abf4e7a772b65273645ca7ff3ab767ee75fa5a643117
PIT:fundamental_fiscal_year,PIT_state_provenance,volume,False,False,SEC whole-observation state plus observed session dates; no numeric OHLCV state selector,src/nasdaq_research/research_features.py,build_feature_matrix,190,aff68e01b3cefd6b19b2abf4e7a772b65273645ca7ff3ab767ee75fa5a643117
PIT:fundamental_fiscal_period,PIT_state_provenance,SEC.whole_observation,False,True,SEC whole-observation state plus observed session dates; no numeric OHLCV state selector,src/nasdaq_research/research_features.py,build_feature_matrix,190,aff68e01b3cefd6b19b2abf4e7a772b65273645ca7ff3ab767ee75fa5a643117
PIT:fundamental_fiscal_period,PIT_state_provenance,date,False,True,SEC whole-observation state plus observed session dates; no numeric OHLCV state selector,src/nasdaq_research/research_features.py,build_feature_matrix,190,aff68e01b3cefd6b19b2abf4e7a772b65273645ca7ff3ab767ee75fa5a643117
PIT:fundamental_fiscal_period,PIT_state_provenance,volume,False,False,SEC whole-observation state plus observed session dates; no numeric OHLCV state selector,src/nasdaq_research/research_features.py,build_feature_matrix,190,aff68e01b3cefd6b19b2abf4e7a772b65273645ca7ff3ab767ee75fa5a643117
PIT:fundamental_period_start,PIT_state_provenance,SEC.whole_observation,False,True,SEC whole-observation state plus observed session dates; no numeric OHLCV state selector,src/nasdaq_research/research_features.py,build_feature_matrix,190,aff68e01b3cefd6b19b2abf4e7a772b65273645ca7ff3ab767ee75fa5a643117
PIT:fundamental_period_start,PIT_state_provenance,date,False,True,SEC whole-observation state plus observed session dates; no numeric OHLCV state selector,src/nasdaq_research/research_features.py,build_feature_matrix,190,aff68e01b3cefd6b19b2abf4e7a772b65273645ca7ff3ab767ee75fa5a643117
PIT:fundamental_period_start,PIT_state_provenance,volume,False,False,SEC whole-observation state plus observed session dates; no numeric OHLCV state selector,src/nasdaq_research/research_features.py,build_feature_matrix,190,aff68e01b3cefd6b19b2abf4e7a772b65273645ca7ff3ab767ee75fa5a643117
PIT:fundamental_period_end,PIT_state_provenance,SEC.whole_observation,False,True,SEC whole-observation state plus observed session dates; no numeric OHLCV state selector,src/nasdaq_research/research_features.py,build_feature_matrix,190,aff68e01b3cefd6b19b2abf4e7a772b65273645ca7ff3ab767ee75fa5a643117
PIT:fundamental_period_end,PIT_state_provenance,date,False,True,SEC whole-observation state plus observed session dates; no numeric OHLCV state selector,src/nasdaq_research/research_features.py,build_feature_matrix,190,aff68e01b3cefd6b19b2abf4e7a772b65273645ca7ff3ab767ee75fa5a643117
PIT:fundamental_period_end,PIT_state_provenance,volume,False,False,SEC whole-observation state plus observed session dates; no numeric OHLCV state selector,src/nasdaq_research/research_features.py,build_feature_matrix,190,aff68e01b3cefd6b19b2abf4e7a772b65273645ca7ff3ab767ee75fa5a643117
PIT:fundamental_filing_date,PIT_state_provenance,SEC.whole_observation,False,True,SEC whole-observation state plus observed session dates; no numeric OHLCV state selector,src/nasdaq_research/research_features.py,build_feature_matrix,190,aff68e01b3cefd6b19b2abf4e7a772b65273645ca7ff3ab767ee75fa5a643117
PIT:fundamental_filing_date,PIT_state_provenance,date,False,True,SEC whole-observation state plus observed session dates; no numeric OHLCV state selector,src/nasdaq_research/research_features.py,build_feature_matrix,190,aff68e01b3cefd6b19b2abf4e7a772b65273645ca7ff3ab767ee75fa5a643117
PIT:fundamental_filing_date,PIT_state_provenance,volume,False,False,SEC whole-observation state plus observed session dates; no numeric OHLCV state selector,src/nasdaq_research/research_features.py,build_feature_matrix,190,aff68e01b3cefd6b19b2abf4e7a772b65273645ca7ff3ab767ee75fa5a643117
PIT:fundamental_form,PIT_state_provenance,SEC.whole_observation,False,True,SEC whole-observation state plus observed session dates; no numeric OHLCV state selector,src/nasdaq_research/research_features.py,build_feature_matrix,190,aff68e01b3cefd6b19b2abf4e7a772b65273645ca7ff3ab767ee75fa5a643117
PIT:fundamental_form,PIT_state_provenance,date,False,True,SEC whole-observation state plus observed session dates; no numeric OHLCV state selector,src/nasdaq_research/research_features.py,build_feature_matrix,190,aff68e01b3cefd6b19b2abf4e7a772b65273645ca7ff3ab767ee75fa5a643117
PIT:fundamental_form,PIT_state_provenance,volume,False,False,SEC whole-observation state plus observed session dates; no numeric OHLCV state selector,src/nasdaq_research/research_features.py,build_feature_matrix,190,aff68e01b3cefd6b19b2abf4e7a772b65273645ca7ff3ab767ee75fa5a643117
PIT:fundamental_data_period_type,PIT_state_provenance,SEC.whole_observation,False,True,SEC whole-observation state plus observed session dates; no numeric OHLCV state selector,src/nasdaq_research/research_features.py,build_feature_matrix,190,aff68e01b3cefd6b19b2abf4e7a772b65273645ca7ff3ab767ee75fa5a643117
PIT:fundamental_data_period_type,PIT_state_provenance,date,False,True,SEC whole-observation state plus observed session dates; no numeric OHLCV state selector,src/nasdaq_research/research_features.py,build_feature_matrix,190,aff68e01b3cefd6b19b2abf4e7a772b65273645ca7ff3ab767ee75fa5a643117
PIT:fundamental_data_period_type,PIT_state_provenance,volume,False,False,SEC whole-observation state plus observed session dates; no numeric OHLCV state selector,src/nasdaq_research/research_features.py,build_feature_matrix,190,aff68e01b3cefd6b19b2abf4e7a772b65273645ca7ff3ab767ee75fa5a643117
PIT:fundamental_accession,PIT_state_provenance,SEC.whole_observation,False,True,SEC whole-observation state plus observed session dates; no numeric OHLCV state selector,src/nasdaq_research/research_features.py,build_feature_matrix,190,aff68e01b3cefd6b19b2abf4e7a772b65273645ca7ff3ab767ee75fa5a643117
PIT:fundamental_accession,PIT_state_provenance,date,False,True,SEC whole-observation state plus observed session dates; no numeric OHLCV state selector,src/nasdaq_research/research_features.py,build_feature_matrix,190,aff68e01b3cefd6b19b2abf4e7a772b65273645ca7ff3ab767ee75fa5a643117
PIT:fundamental_accession,PIT_state_provenance,volume,False,False,SEC whole-observation state plus observed session dates; no numeric OHLCV state selector,src/nasdaq_research/research_features.py,build_feature_matrix,190,aff68e01b3cefd6b19b2abf4e7a772b65273645ca7ff3ab767ee75fa5a643117
PIT:revenue,PIT_state_provenance,SEC.whole_observation,False,True,SEC whole-observation state plus observed session dates; no numeric OHLCV state selector,src/nasdaq_research/research_features.py,build_feature_matrix,190,aff68e01b3cefd6b19b2abf4e7a772b65273645ca7ff3ab767ee75fa5a643117
PIT:revenue,PIT_state_provenance,date,False,True,SEC whole-observation state plus observed session dates; no numeric OHLCV state selector,src/nasdaq_research/research_features.py,build_feature_matrix,190,aff68e01b3cefd6b19b2abf4e7a772b65273645ca7ff3ab767ee75fa5a643117
PIT:revenue,PIT_state_provenance,volume,False,False,SEC whole-observation state plus observed session dates; no numeric OHLCV state selector,src/nasdaq_research/research_features.py,build_feature_matrix,190,aff68e01b3cefd6b19b2abf4e7a772b65273645ca7ff3ab767ee75fa5a643117
PIT:cost_of_revenue,PIT_state_provenance,SEC.whole_observation,False,True,SEC whole-observation state plus observed session dates; no numeric OHLCV state selector,src/nasdaq_research/research_features.py,build_feature_matrix,190,aff68e01b3cefd6b19b2abf4e7a772b65273645ca7ff3ab767ee75fa5a643117
PIT:cost_of_revenue,PIT_state_provenance,date,False,True,SEC whole-observation state plus observed session dates; no numeric OHLCV state selector,src/nasdaq_research/research_features.py,build_feature_matrix,190,aff68e01b3cefd6b19b2abf4e7a772b65273645ca7ff3ab767ee75fa5a643117
PIT:cost_of_revenue,PIT_state_provenance,volume,False,False,SEC whole-observation state plus observed session dates; no numeric OHLCV state selector,src/nasdaq_research/research_features.py,build_feature_matrix,190,aff68e01b3cefd6b19b2abf4e7a772b65273645ca7ff3ab767ee75fa5a643117
PIT:gross_profit,PIT_state_provenance,SEC.whole_observation,False,True,SEC whole-observation state plus observed session dates; no numeric OHLCV state selector,src/nasdaq_research/research_features.py,build_feature_matrix,190,aff68e01b3cefd6b19b2abf4e7a772b65273645ca7ff3ab767ee75fa5a643117
PIT:gross_profit,PIT_state_provenance,date,False,True,SEC whole-observation state plus observed session dates; no numeric OHLCV state selector,src/nasdaq_research/research_features.py,build_feature_matrix,190,aff68e01b3cefd6b19b2abf4e7a772b65273645ca7ff3ab767ee75fa5a643117
PIT:gross_profit,PIT_state_provenance,volume,False,False,SEC whole-observation state plus observed session dates; no numeric OHLCV state selector,src/nasdaq_research/research_features.py,build_feature_matrix,190,aff68e01b3cefd6b19b2abf4e7a772b65273645ca7ff3ab767ee75fa5a643117
PIT:operating_income,PIT_state_provenance,SEC.whole_observation,False,True,SEC whole-observation state plus observed session dates; no numeric OHLCV state selector,src/nasdaq_research/research_features.py,build_feature_matrix,190,aff68e01b3cefd6b19b2abf4e7a772b65273645ca7ff3ab767ee75fa5a643117
PIT:operating_income,PIT_state_provenance,date,False,True,SEC whole-observation state plus observed session dates; no numeric OHLCV state selector,src/nasdaq_research/research_features.py,build_feature_matrix,190,aff68e01b3cefd6b19b2abf4e7a772b65273645ca7ff3ab767ee75fa5a643117
PIT:operating_income,PIT_state_provenance,volume,False,False,SEC whole-observation state plus observed session dates; no numeric OHLCV state selector,src/nasdaq_research/research_features.py,build_feature_matrix,190,aff68e01b3cefd6b19b2abf4e7a772b65273645ca7ff3ab767ee75fa5a643117
PIT:net_income,PIT_state_provenance,SEC.whole_observation,False,True,SEC whole-observation state plus observed session dates; no numeric OHLCV state selector,src/nasdaq_research/research_features.py,build_feature_matrix,190,aff68e01b3cefd6b19b2abf4e7a772b65273645ca7ff3ab767ee75fa5a643117
PIT:net_income,PIT_state_provenance,date,False,True,SEC whole-observation state plus observed session dates; no numeric OHLCV state selector,src/nasdaq_research/research_features.py,build_feature_matrix,190,aff68e01b3cefd6b19b2abf4e7a772b65273645ca7ff3ab767ee75fa5a643117
PIT:net_income,PIT_state_provenance,volume,False,False,SEC whole-observation state plus observed session dates; no numeric OHLCV state selector,src/nasdaq_research/research_features.py,build_feature_matrix,190,aff68e01b3cefd6b19b2abf4e7a772b65273645ca7ff3ab767ee75fa5a643117
PIT:research_and_development,PIT_state_provenance,SEC.whole_observation,False,True,SEC whole-observation state plus observed session dates; no numeric OHLCV state selector,src/nasdaq_research/research_features.py,build_feature_matrix,190,aff68e01b3cefd6b19b2abf4e7a772b65273645ca7ff3ab767ee75fa5a643117
PIT:research_and_development,PIT_state_provenance,date,False,True,SEC whole-observation state plus observed session dates; no numeric OHLCV state selector,src/nasdaq_research/research_features.py,build_feature_matrix,190,aff68e01b3cefd6b19b2abf4e7a772b65273645ca7ff3ab767ee75fa5a643117
PIT:research_and_development,PIT_state_provenance,volume,False,False,SEC whole-observation state plus observed session dates; no numeric OHLCV state selector,src/nasdaq_research/research_features.py,build_feature_matrix,190,aff68e01b3cefd6b19b2abf4e7a772b65273645ca7ff3ab767ee75fa5a643117
PIT:selling_general_administrative,PIT_state_provenance,SEC.whole_observation,False,True,SEC whole-observation state plus observed session dates; no numeric OHLCV state selector,src/nasdaq_research/research_features.py,build_feature_matrix,190,aff68e01b3cefd6b19b2abf4e7a772b65273645ca7ff3ab767ee75fa5a643117
PIT:selling_general_administrative,PIT_state_provenance,date,False,True,SEC whole-observation state plus observed session dates; no numeric OHLCV state selector,src/nasdaq_research/research_features.py,build_feature_matrix,190,aff68e01b3cefd6b19b2abf4e7a772b65273645ca7ff3ab767ee75fa5a643117
PIT:selling_general_administrative,PIT_state_provenance,volume,False,False,SEC whole-observation state plus observed session dates; no numeric OHLCV state selector,src/nasdaq_research/research_features.py,build_feature_matrix,190,aff68e01b3cefd6b19b2abf4e7a772b65273645ca7ff3ab767ee75fa5a643117
PIT:eps,PIT_state_provenance,SEC.whole_observation,False,True,SEC whole-observation state plus observed session dates; no numeric OHLCV state selector,src/nasdaq_research/research_features.py,build_feature_matrix,190,aff68e01b3cefd6b19b2abf4e7a772b65273645ca7ff3ab767ee75fa5a643117
PIT:eps,PIT_state_provenance,date,False,True,SEC whole-observation state plus observed session dates; no numeric OHLCV state selector,src/nasdaq_research/research_features.py,build_feature_matrix,190,aff68e01b3cefd6b19b2abf4e7a772b65273645ca7ff3ab767ee75fa5a643117
PIT:eps,PIT_state_provenance,volume,False,False,SEC whole-observation state plus observed session dates; no numeric OHLCV state selector,src/nasdaq_research/research_features.py,build_feature_matrix,190,aff68e01b3cefd6b19b2abf4e7a772b65273645ca7ff3ab767ee75fa5a643117
PIT:cash_and_cash_equivalents,PIT_state_provenance,SEC.whole_observation,False,True,SEC whole-observation state plus observed session dates; no numeric OHLCV state selector,src/nasdaq_research/research_features.py,build_feature_matrix,190,aff68e01b3cefd6b19b2abf4e7a772b65273645ca7ff3ab767ee75fa5a643117
PIT:cash_and_cash_equivalents,PIT_state_provenance,date,False,True,SEC whole-observation state plus observed session dates; no numeric OHLCV state selector,src/nasdaq_research/research_features.py,build_feature_matrix,190,aff68e01b3cefd6b19b2abf4e7a772b65273645ca7ff3ab767ee75fa5a643117
PIT:cash_and_cash_equivalents,PIT_state_provenance,volume,False,False,SEC whole-observation state plus observed session dates; no numeric OHLCV state selector,src/nasdaq_research/research_features.py,build_feature_matrix,190,aff68e01b3cefd6b19b2abf4e7a772b65273645ca7ff3ab767ee75fa5a643117
PIT:total_assets,PIT_state_provenance,SEC.whole_observation,False,True,SEC whole-observation state plus observed session dates; no numeric OHLCV state selector,src/nasdaq_research/research_features.py,build_feature_matrix,190,aff68e01b3cefd6b19b2abf4e7a772b65273645ca7ff3ab767ee75fa5a643117
PIT:total_assets,PIT_state_provenance,date,False,True,SEC whole-observation state plus observed session dates; no numeric OHLCV state selector,src/nasdaq_research/research_features.py,build_feature_matrix,190,aff68e01b3cefd6b19b2abf4e7a772b65273645ca7ff3ab767ee75fa5a643117
PIT:total_assets,PIT_state_provenance,volume,False,False,SEC whole-observation state plus observed session dates; no numeric OHLCV state selector,src/nasdaq_research/research_features.py,build_feature_matrix,190,aff68e01b3cefd6b19b2abf4e7a772b65273645ca7ff3ab767ee75fa5a643117
PIT:total_liabilities,PIT_state_provenance,SEC.whole_observation,False,True,SEC whole-observation state plus observed session dates; no numeric OHLCV state selector,src/nasdaq_research/research_features.py,build_feature_matrix,190,aff68e01b3cefd6b19b2abf4e7a772b65273645ca7ff3ab767ee75fa5a643117
PIT:total_liabilities,PIT_state_provenance,date,False,True,SEC whole-observation state plus observed session dates; no numeric OHLCV state selector,src/nasdaq_research/research_features.py,build_feature_matrix,190,aff68e01b3cefd6b19b2abf4e7a772b65273645ca7ff3ab767ee75fa5a643117
PIT:total_liabilities,PIT_state_provenance,volume,False,False,SEC whole-observation state plus observed session dates; no numeric OHLCV state selector,src/nasdaq_research/research_features.py,build_feature_matrix,190,aff68e01b3cefd6b19b2abf4e7a772b65273645ca7ff3ab767ee75fa5a643117
PIT:stockholders_equity,PIT_state_provenance,SEC.whole_observation,False,True,SEC whole-observation state plus observed session dates; no numeric OHLCV state selector,src/nasdaq_research/research_features.py,build_feature_matrix,190,aff68e01b3cefd6b19b2abf4e7a772b65273645ca7ff3ab767ee75fa5a643117
PIT:stockholders_equity,PIT_state_provenance,date,False,True,SEC whole-observation state plus observed session dates; no numeric OHLCV state selector,src/nasdaq_research/research_features.py,build_feature_matrix,190,aff68e01b3cefd6b19b2abf4e7a772b65273645ca7ff3ab767ee75fa5a643117
PIT:stockholders_equity,PIT_state_provenance,volume,False,False,SEC whole-observation state plus observed session dates; no numeric OHLCV state selector,src/nasdaq_research/research_features.py,build_feature_matrix,190,aff68e01b3cefd6b19b2abf4e7a772b65273645ca7ff3ab767ee75fa5a643117
PIT:current_assets,PIT_state_provenance,SEC.whole_observation,False,True,SEC whole-observation state plus observed session dates; no numeric OHLCV state selector,src/nasdaq_research/research_features.py,build_feature_matrix,190,aff68e01b3cefd6b19b2abf4e7a772b65273645ca7ff3ab767ee75fa5a643117
PIT:current_assets,PIT_state_provenance,date,False,True,SEC whole-observation state plus observed session dates; no numeric OHLCV state selector,src/nasdaq_research/research_features.py,build_feature_matrix,190,aff68e01b3cefd6b19b2abf4e7a772b65273645ca7ff3ab767ee75fa5a643117
PIT:current_assets,PIT_state_provenance,volume,False,False,SEC whole-observation state plus observed session dates; no numeric OHLCV state selector,src/nasdaq_research/research_features.py,build_feature_matrix,190,aff68e01b3cefd6b19b2abf4e7a772b65273645ca7ff3ab767ee75fa5a643117
PIT:current_liabilities,PIT_state_provenance,SEC.whole_observation,False,True,SEC whole-observation state plus observed session dates; no numeric OHLCV state selector,src/nasdaq_research/research_features.py,build_feature_matrix,190,aff68e01b3cefd6b19b2abf4e7a772b65273645ca7ff3ab767ee75fa5a643117
PIT:current_liabilities,PIT_state_provenance,date,False,True,SEC whole-observation state plus observed session dates; no numeric OHLCV state selector,src/nasdaq_research/research_features.py,build_feature_matrix,190,aff68e01b3cefd6b19b2abf4e7a772b65273645ca7ff3ab767ee75fa5a643117
PIT:current_liabilities,PIT_state_provenance,volume,False,False,SEC whole-observation state plus observed session dates; no numeric OHLCV state selector,src/nasdaq_research/research_features.py,build_feature_matrix,190,aff68e01b3cefd6b19b2abf4e7a772b65273645ca7ff3ab767ee75fa5a643117
PIT:long_term_debt,PIT_state_provenance,SEC.whole_observation,False,True,SEC whole-observation state plus observed session dates; no numeric OHLCV state selector,src/nasdaq_research/research_features.py,build_feature_matrix,190,aff68e01b3cefd6b19b2abf4e7a772b65273645ca7ff3ab767ee75fa5a643117
PIT:long_term_debt,PIT_state_provenance,date,False,True,SEC whole-observation state plus observed session dates; no numeric OHLCV state selector,src/nasdaq_research/research_features.py,build_feature_matrix,190,aff68e01b3cefd6b19b2abf4e7a772b65273645ca7ff3ab767ee75fa5a643117
PIT:long_term_debt,PIT_state_provenance,volume,False,False,SEC whole-observation state plus observed session dates; no numeric OHLCV state selector,src/nasdaq_research/research_features.py,build_feature_matrix,190,aff68e01b3cefd6b19b2abf4e7a772b65273645ca7ff3ab767ee75fa5a643117
PIT:operating_cash_flow,PIT_state_provenance,SEC.whole_observation,False,True,SEC whole-observation state plus observed session dates; no numeric OHLCV state selector,src/nasdaq_research/research_features.py,build_feature_matrix,190,aff68e01b3cefd6b19b2abf4e7a772b65273645ca7ff3ab767ee75fa5a643117
PIT:operating_cash_flow,PIT_state_provenance,date,False,True,SEC whole-observation state plus observed session dates; no numeric OHLCV state selector,src/nasdaq_research/research_features.py,build_feature_matrix,190,aff68e01b3cefd6b19b2abf4e7a772b65273645ca7ff3ab767ee75fa5a643117
PIT:operating_cash_flow,PIT_state_provenance,volume,False,False,SEC whole-observation state plus observed session dates; no numeric OHLCV state selector,src/nasdaq_research/research_features.py,build_feature_matrix,190,aff68e01b3cefd6b19b2abf4e7a772b65273645ca7ff3ab767ee75fa5a643117
PIT:capital_expenditures,PIT_state_provenance,SEC.whole_observation,False,True,SEC whole-observation state plus observed session dates; no numeric OHLCV state selector,src/nasdaq_research/research_features.py,build_feature_matrix,190,aff68e01b3cefd6b19b2abf4e7a772b65273645ca7ff3ab767ee75fa5a643117
PIT:capital_expenditures,PIT_state_provenance,date,False,True,SEC whole-observation state plus observed session dates; no numeric OHLCV state selector,src/nasdaq_research/research_features.py,build_feature_matrix,190,aff68e01b3cefd6b19b2abf4e7a772b65273645ca7ff3ab767ee75fa5a643117
PIT:capital_expenditures,PIT_state_provenance,volume,False,False,SEC whole-observation state plus observed session dates; no numeric OHLCV state selector,src/nasdaq_research/research_features.py,build_feature_matrix,190,aff68e01b3cefd6b19b2abf4e7a772b65273645ca7ff3ab767ee75fa5a643117
PIT:investing_cash_flow,PIT_state_provenance,SEC.whole_observation,False,True,SEC whole-observation state plus observed session dates; no numeric OHLCV state selector,src/nasdaq_research/research_features.py,build_feature_matrix,190,aff68e01b3cefd6b19b2abf4e7a772b65273645ca7ff3ab767ee75fa5a643117
PIT:investing_cash_flow,PIT_state_provenance,date,False,True,SEC whole-observation state plus observed session dates; no numeric OHLCV state selector,src/nasdaq_research/research_features.py,build_feature_matrix,190,aff68e01b3cefd6b19b2abf4e7a772b65273645ca7ff3ab767ee75fa5a643117
PIT:investing_cash_flow,PIT_state_provenance,volume,False,False,SEC whole-observation state plus observed session dates; no numeric OHLCV state selector,src/nasdaq_research/research_features.py,build_feature_matrix,190,aff68e01b3cefd6b19b2abf4e7a772b65273645ca7ff3ab767ee75fa5a643117
PIT:financing_cash_flow,PIT_state_provenance,SEC.whole_observation,False,True,SEC whole-observation state plus observed session dates; no numeric OHLCV state selector,src/nasdaq_research/research_features.py,build_feature_matrix,190,aff68e01b3cefd6b19b2abf4e7a772b65273645ca7ff3ab767ee75fa5a643117
PIT:financing_cash_flow,PIT_state_provenance,date,False,True,SEC whole-observation state plus observed session dates; no numeric OHLCV state selector,src/nasdaq_research/research_features.py,build_feature_matrix,190,aff68e01b3cefd6b19b2abf4e7a772b65273645ca7ff3ab767ee75fa5a643117
PIT:financing_cash_flow,PIT_state_provenance,volume,False,False,SEC whole-observation state plus observed session dates; no numeric OHLCV state selector,src/nasdaq_research/research_features.py,build_feature_matrix,190,aff68e01b3cefd6b19b2abf4e7a772b65273645ca7ff3ab767ee75fa5a643117
PIT:free_cash_flow,PIT_state_provenance,SEC.whole_observation,False,True,SEC whole-observation state plus observed session dates; no numeric OHLCV state selector,src/nasdaq_research/research_features.py,build_feature_matrix,190,aff68e01b3cefd6b19b2abf4e7a772b65273645ca7ff3ab767ee75fa5a643117
PIT:free_cash_flow,PIT_state_provenance,date,False,True,SEC whole-observation state plus observed session dates; no numeric OHLCV state selector,src/nasdaq_research/research_features.py,build_feature_matrix,190,aff68e01b3cefd6b19b2abf4e7a772b65273645ca7ff3ab767ee75fa5a643117
PIT:free_cash_flow,PIT_state_provenance,volume,False,False,SEC whole-observation state plus observed session dates; no numeric OHLCV state selector,src/nasdaq_research/research_features.py,build_feature_matrix,190,aff68e01b3cefd6b19b2abf4e7a772b65273645ca7ff3ab767ee75fa5a643117
PIT:revenue_concept,PIT_state_provenance,SEC.whole_observation,False,True,SEC whole-observation state plus observed session dates; no numeric OHLCV state selector,src/nasdaq_research/research_features.py,build_feature_matrix,190,aff68e01b3cefd6b19b2abf4e7a772b65273645ca7ff3ab767ee75fa5a643117
PIT:revenue_concept,PIT_state_provenance,date,False,True,SEC whole-observation state plus observed session dates; no numeric OHLCV state selector,src/nasdaq_research/research_features.py,build_feature_matrix,190,aff68e01b3cefd6b19b2abf4e7a772b65273645ca7ff3ab767ee75fa5a643117
PIT:revenue_concept,PIT_state_provenance,volume,False,False,SEC whole-observation state plus observed session dates; no numeric OHLCV state selector,src/nasdaq_research/research_features.py,build_feature_matrix,190,aff68e01b3cefd6b19b2abf4e7a772b65273645ca7ff3ab767ee75fa5a643117
PIT:cost_of_revenue_concept,PIT_state_provenance,SEC.whole_observation,False,True,SEC whole-observation state plus observed session dates; no numeric OHLCV state selector,src/nasdaq_research/research_features.py,build_feature_matrix,190,aff68e01b3cefd6b19b2abf4e7a772b65273645ca7ff3ab767ee75fa5a643117
PIT:cost_of_revenue_concept,PIT_state_provenance,date,False,True,SEC whole-observation state plus observed session dates; no numeric OHLCV state selector,src/nasdaq_research/research_features.py,build_feature_matrix,190,aff68e01b3cefd6b19b2abf4e7a772b65273645ca7ff3ab767ee75fa5a643117
PIT:cost_of_revenue_concept,PIT_state_provenance,volume,False,False,SEC whole-observation state plus observed session dates; no numeric OHLCV state selector,src/nasdaq_research/research_features.py,build_feature_matrix,190,aff68e01b3cefd6b19b2abf4e7a772b65273645ca7ff3ab767ee75fa5a643117
PIT:gross_profit_concept,PIT_state_provenance,SEC.whole_observation,False,True,SEC whole-observation state plus observed session dates; no numeric OHLCV state selector,src/nasdaq_research/research_features.py,build_feature_matrix,190,aff68e01b3cefd6b19b2abf4e7a772b65273645ca7ff3ab767ee75fa5a643117
PIT:gross_profit_concept,PIT_state_provenance,date,False,True,SEC whole-observation state plus observed session dates; no numeric OHLCV state selector,src/nasdaq_research/research_features.py,build_feature_matrix,190,aff68e01b3cefd6b19b2abf4e7a772b65273645ca7ff3ab767ee75fa5a643117
PIT:gross_profit_concept,PIT_state_provenance,volume,False,False,SEC whole-observation state plus observed session dates; no numeric OHLCV state selector,src/nasdaq_research/research_features.py,build_feature_matrix,190,aff68e01b3cefd6b19b2abf4e7a772b65273645ca7ff3ab767ee75fa5a643117
PIT:operating_income_concept,PIT_state_provenance,SEC.whole_observation,False,True,SEC whole-observation state plus observed session dates; no numeric OHLCV state selector,src/nasdaq_research/research_features.py,build_feature_matrix,190,aff68e01b3cefd6b19b2abf4e7a772b65273645ca7ff3ab767ee75fa5a643117
PIT:operating_income_concept,PIT_state_provenance,date,False,True,SEC whole-observation state plus observed session dates; no numeric OHLCV state selector,src/nasdaq_research/research_features.py,build_feature_matrix,190,aff68e01b3cefd6b19b2abf4e7a772b65273645ca7ff3ab767ee75fa5a643117
PIT:operating_income_concept,PIT_state_provenance,volume,False,False,SEC whole-observation state plus observed session dates; no numeric OHLCV state selector,src/nasdaq_research/research_features.py,build_feature_matrix,190,aff68e01b3cefd6b19b2abf4e7a772b65273645ca7ff3ab767ee75fa5a643117
PIT:net_income_concept,PIT_state_provenance,SEC.whole_observation,False,True,SEC whole-observation state plus observed session dates; no numeric OHLCV state selector,src/nasdaq_research/research_features.py,build_feature_matrix,190,aff68e01b3cefd6b19b2abf4e7a772b65273645ca7ff3ab767ee75fa5a643117
PIT:net_income_concept,PIT_state_provenance,date,False,True,SEC whole-observation state plus observed session dates; no numeric OHLCV state selector,src/nasdaq_research/research_features.py,build_feature_matrix,190,aff68e01b3cefd6b19b2abf4e7a772b65273645ca7ff3ab767ee75fa5a643117
PIT:net_income_concept,PIT_state_provenance,volume,False,False,SEC whole-observation state plus observed session dates; no numeric OHLCV state selector,src/nasdaq_research/research_features.py,build_feature_matrix,190,aff68e01b3cefd6b19b2abf4e7a772b65273645ca7ff3ab767ee75fa5a643117
PIT:research_and_development_concept,PIT_state_provenance,SEC.whole_observation,False,True,SEC whole-observation state plus observed session dates; no numeric OHLCV state selector,src/nasdaq_research/research_features.py,build_feature_matrix,190,aff68e01b3cefd6b19b2abf4e7a772b65273645ca7ff3ab767ee75fa5a643117
PIT:research_and_development_concept,PIT_state_provenance,date,False,True,SEC whole-observation state plus observed session dates; no numeric OHLCV state selector,src/nasdaq_research/research_features.py,build_feature_matrix,190,aff68e01b3cefd6b19b2abf4e7a772b65273645ca7ff3ab767ee75fa5a643117
PIT:research_and_development_concept,PIT_state_provenance,volume,False,False,SEC whole-observation state plus observed session dates; no numeric OHLCV state selector,src/nasdaq_research/research_features.py,build_feature_matrix,190,aff68e01b3cefd6b19b2abf4e7a772b65273645ca7ff3ab767ee75fa5a643117
PIT:selling_general_administrative_concept,PIT_state_provenance,SEC.whole_observation,False,True,SEC whole-observation state plus observed session dates; no numeric OHLCV state selector,src/nasdaq_research/research_features.py,build_feature_matrix,190,aff68e01b3cefd6b19b2abf4e7a772b65273645ca7ff3ab767ee75fa5a643117
PIT:selling_general_administrative_concept,PIT_state_provenance,date,False,True,SEC whole-observation state plus observed session dates; no numeric OHLCV state selector,src/nasdaq_research/research_features.py,build_feature_matrix,190,aff68e01b3cefd6b19b2abf4e7a772b65273645ca7ff3ab767ee75fa5a643117
PIT:selling_general_administrative_concept,PIT_state_provenance,volume,False,False,SEC whole-observation state plus observed session dates; no numeric OHLCV state selector,src/nasdaq_research/research_features.py,build_feature_matrix,190,aff68e01b3cefd6b19b2abf4e7a772b65273645ca7ff3ab767ee75fa5a643117
PIT:eps_concept,PIT_state_provenance,SEC.whole_observation,False,True,SEC whole-observation state plus observed session dates; no numeric OHLCV state selector,src/nasdaq_research/research_features.py,build_feature_matrix,190,aff68e01b3cefd6b19b2abf4e7a772b65273645ca7ff3ab767ee75fa5a643117
PIT:eps_concept,PIT_state_provenance,date,False,True,SEC whole-observation state plus observed session dates; no numeric OHLCV state selector,src/nasdaq_research/research_features.py,build_feature_matrix,190,aff68e01b3cefd6b19b2abf4e7a772b65273645ca7ff3ab767ee75fa5a643117
PIT:eps_concept,PIT_state_provenance,volume,False,False,SEC whole-observation state plus observed session dates; no numeric OHLCV state selector,src/nasdaq_research/research_features.py,build_feature_matrix,190,aff68e01b3cefd6b19b2abf4e7a772b65273645ca7ff3ab767ee75fa5a643117
PIT:cash_and_cash_equivalents_concept,PIT_state_provenance,SEC.whole_observation,False,True,SEC whole-observation state plus observed session dates; no numeric OHLCV state selector,src/nasdaq_research/research_features.py,build_feature_matrix,190,aff68e01b3cefd6b19b2abf4e7a772b65273645ca7ff3ab767ee75fa5a643117
PIT:cash_and_cash_equivalents_concept,PIT_state_provenance,date,False,True,SEC whole-observation state plus observed session dates; no numeric OHLCV state selector,src/nasdaq_research/research_features.py,build_feature_matrix,190,aff68e01b3cefd6b19b2abf4e7a772b65273645ca7ff3ab767ee75fa5a643117
PIT:cash_and_cash_equivalents_concept,PIT_state_provenance,volume,False,False,SEC whole-observation state plus observed session dates; no numeric OHLCV state selector,src/nasdaq_research/research_features.py,build_feature_matrix,190,aff68e01b3cefd6b19b2abf4e7a772b65273645ca7ff3ab767ee75fa5a643117
PIT:total_assets_concept,PIT_state_provenance,SEC.whole_observation,False,True,SEC whole-observation state plus observed session dates; no numeric OHLCV state selector,src/nasdaq_research/research_features.py,build_feature_matrix,190,aff68e01b3cefd6b19b2abf4e7a772b65273645ca7ff3ab767ee75fa5a643117
PIT:total_assets_concept,PIT_state_provenance,date,False,True,SEC whole-observation state plus observed session dates; no numeric OHLCV state selector,src/nasdaq_research/research_features.py,build_feature_matrix,190,aff68e01b3cefd6b19b2abf4e7a772b65273645ca7ff3ab767ee75fa5a643117
PIT:total_assets_concept,PIT_state_provenance,volume,False,False,SEC whole-observation state plus observed session dates; no numeric OHLCV state selector,src/nasdaq_research/research_features.py,build_feature_matrix,190,aff68e01b3cefd6b19b2abf4e7a772b65273645ca7ff3ab767ee75fa5a643117
PIT:total_liabilities_concept,PIT_state_provenance,SEC.whole_observation,False,True,SEC whole-observation state plus observed session dates; no numeric OHLCV state selector,src/nasdaq_research/research_features.py,build_feature_matrix,190,aff68e01b3cefd6b19b2abf4e7a772b65273645ca7ff3ab767ee75fa5a643117
PIT:total_liabilities_concept,PIT_state_provenance,date,False,True,SEC whole-observation state plus observed session dates; no numeric OHLCV state selector,src/nasdaq_research/research_features.py,build_feature_matrix,190,aff68e01b3cefd6b19b2abf4e7a772b65273645ca7ff3ab767ee75fa5a643117
PIT:total_liabilities_concept,PIT_state_provenance,volume,False,False,SEC whole-observation state plus observed session dates; no numeric OHLCV state selector,src/nasdaq_research/research_features.py,build_feature_matrix,190,aff68e01b3cefd6b19b2abf4e7a772b65273645ca7ff3ab767ee75fa5a643117
PIT:stockholders_equity_concept,PIT_state_provenance,SEC.whole_observation,False,True,SEC whole-observation state plus observed session dates; no numeric OHLCV state selector,src/nasdaq_research/research_features.py,build_feature_matrix,190,aff68e01b3cefd6b19b2abf4e7a772b65273645ca7ff3ab767ee75fa5a643117
PIT:stockholders_equity_concept,PIT_state_provenance,date,False,True,SEC whole-observation state plus observed session dates; no numeric OHLCV state selector,src/nasdaq_research/research_features.py,build_feature_matrix,190,aff68e01b3cefd6b19b2abf4e7a772b65273645ca7ff3ab767ee75fa5a643117
PIT:stockholders_equity_concept,PIT_state_provenance,volume,False,False,SEC whole-observation state plus observed session dates; no numeric OHLCV state selector,src/nasdaq_research/research_features.py,build_feature_matrix,190,aff68e01b3cefd6b19b2abf4e7a772b65273645ca7ff3ab767ee75fa5a643117
PIT:current_assets_concept,PIT_state_provenance,SEC.whole_observation,False,True,SEC whole-observation state plus observed session dates; no numeric OHLCV state selector,src/nasdaq_research/research_features.py,build_feature_matrix,190,aff68e01b3cefd6b19b2abf4e7a772b65273645ca7ff3ab767ee75fa5a643117
PIT:current_assets_concept,PIT_state_provenance,date,False,True,SEC whole-observation state plus observed session dates; no numeric OHLCV state selector,src/nasdaq_research/research_features.py,build_feature_matrix,190,aff68e01b3cefd6b19b2abf4e7a772b65273645ca7ff3ab767ee75fa5a643117
PIT:current_assets_concept,PIT_state_provenance,volume,False,False,SEC whole-observation state plus observed session dates; no numeric OHLCV state selector,src/nasdaq_research/research_features.py,build_feature_matrix,190,aff68e01b3cefd6b19b2abf4e7a772b65273645ca7ff3ab767ee75fa5a643117
PIT:current_liabilities_concept,PIT_state_provenance,SEC.whole_observation,False,True,SEC whole-observation state plus observed session dates; no numeric OHLCV state selector,src/nasdaq_research/research_features.py,build_feature_matrix,190,aff68e01b3cefd6b19b2abf4e7a772b65273645ca7ff3ab767ee75fa5a643117
PIT:current_liabilities_concept,PIT_state_provenance,date,False,True,SEC whole-observation state plus observed session dates; no numeric OHLCV state selector,src/nasdaq_research/research_features.py,build_feature_matrix,190,aff68e01b3cefd6b19b2abf4e7a772b65273645ca7ff3ab767ee75fa5a643117
PIT:current_liabilities_concept,PIT_state_provenance,volume,False,False,SEC whole-observation state plus observed session dates; no numeric OHLCV state selector,src/nasdaq_research/research_features.py,build_feature_matrix,190,aff68e01b3cefd6b19b2abf4e7a772b65273645ca7ff3ab767ee75fa5a643117
PIT:long_term_debt_concept,PIT_state_provenance,SEC.whole_observation,False,True,SEC whole-observation state plus observed session dates; no numeric OHLCV state selector,src/nasdaq_research/research_features.py,build_feature_matrix,190,aff68e01b3cefd6b19b2abf4e7a772b65273645ca7ff3ab767ee75fa5a643117
PIT:long_term_debt_concept,PIT_state_provenance,date,False,True,SEC whole-observation state plus observed session dates; no numeric OHLCV state selector,src/nasdaq_research/research_features.py,build_feature_matrix,190,aff68e01b3cefd6b19b2abf4e7a772b65273645ca7ff3ab767ee75fa5a643117
PIT:long_term_debt_concept,PIT_state_provenance,volume,False,False,SEC whole-observation state plus observed session dates; no numeric OHLCV state selector,src/nasdaq_research/research_features.py,build_feature_matrix,190,aff68e01b3cefd6b19b2abf4e7a772b65273645ca7ff3ab767ee75fa5a643117
PIT:operating_cash_flow_concept,PIT_state_provenance,SEC.whole_observation,False,True,SEC whole-observation state plus observed session dates; no numeric OHLCV state selector,src/nasdaq_research/research_features.py,build_feature_matrix,190,aff68e01b3cefd6b19b2abf4e7a772b65273645ca7ff3ab767ee75fa5a643117
PIT:operating_cash_flow_concept,PIT_state_provenance,date,False,True,SEC whole-observation state plus observed session dates; no numeric OHLCV state selector,src/nasdaq_research/research_features.py,build_feature_matrix,190,aff68e01b3cefd6b19b2abf4e7a772b65273645ca7ff3ab767ee75fa5a643117
PIT:operating_cash_flow_concept,PIT_state_provenance,volume,False,False,SEC whole-observation state plus observed session dates; no numeric OHLCV state selector,src/nasdaq_research/research_features.py,build_feature_matrix,190,aff68e01b3cefd6b19b2abf4e7a772b65273645ca7ff3ab767ee75fa5a643117
PIT:capital_expenditures_concept,PIT_state_provenance,SEC.whole_observation,False,True,SEC whole-observation state plus observed session dates; no numeric OHLCV state selector,src/nasdaq_research/research_features.py,build_feature_matrix,190,aff68e01b3cefd6b19b2abf4e7a772b65273645ca7ff3ab767ee75fa5a643117
PIT:capital_expenditures_concept,PIT_state_provenance,date,False,True,SEC whole-observation state plus observed session dates; no numeric OHLCV state selector,src/nasdaq_research/research_features.py,build_feature_matrix,190,aff68e01b3cefd6b19b2abf4e7a772b65273645ca7ff3ab767ee75fa5a643117
PIT:capital_expenditures_concept,PIT_state_provenance,volume,False,False,SEC whole-observation state plus observed session dates; no numeric OHLCV state selector,src/nasdaq_research/research_features.py,build_feature_matrix,190,aff68e01b3cefd6b19b2abf4e7a772b65273645ca7ff3ab767ee75fa5a643117
PIT:investing_cash_flow_concept,PIT_state_provenance,SEC.whole_observation,False,True,SEC whole-observation state plus observed session dates; no numeric OHLCV state selector,src/nasdaq_research/research_features.py,build_feature_matrix,190,aff68e01b3cefd6b19b2abf4e7a772b65273645ca7ff3ab767ee75fa5a643117
PIT:investing_cash_flow_concept,PIT_state_provenance,date,False,True,SEC whole-observation state plus observed session dates; no numeric OHLCV state selector,src/nasdaq_research/research_features.py,build_feature_matrix,190,aff68e01b3cefd6b19b2abf4e7a772b65273645ca7ff3ab767ee75fa5a643117
PIT:investing_cash_flow_concept,PIT_state_provenance,volume,False,False,SEC whole-observation state plus observed session dates; no numeric OHLCV state selector,src/nasdaq_research/research_features.py,build_feature_matrix,190,aff68e01b3cefd6b19b2abf4e7a772b65273645ca7ff3ab767ee75fa5a643117
PIT:financing_cash_flow_concept,PIT_state_provenance,SEC.whole_observation,False,True,SEC whole-observation state plus observed session dates; no numeric OHLCV state selector,src/nasdaq_research/research_features.py,build_feature_matrix,190,aff68e01b3cefd6b19b2abf4e7a772b65273645ca7ff3ab767ee75fa5a643117
PIT:financing_cash_flow_concept,PIT_state_provenance,date,False,True,SEC whole-observation state plus observed session dates; no numeric OHLCV state selector,src/nasdaq_research/research_features.py,build_feature_matrix,190,aff68e01b3cefd6b19b2abf4e7a772b65273645ca7ff3ab767ee75fa5a643117
PIT:financing_cash_flow_concept,PIT_state_provenance,volume,False,False,SEC whole-observation state plus observed session dates; no numeric OHLCV state selector,src/nasdaq_research/research_features.py,build_feature_matrix,190,aff68e01b3cefd6b19b2abf4e7a772b65273645ca7ff3ab767ee75fa5a643117
PIT:fundamental_effective_date,PIT_state_provenance,SEC.whole_observation,False,True,SEC whole-observation state plus observed session dates; no numeric OHLCV state selector,src/nasdaq_research/research_features.py,build_feature_matrix,190,aff68e01b3cefd6b19b2abf4e7a772b65273645ca7ff3ab767ee75fa5a643117
PIT:fundamental_effective_date,PIT_state_provenance,date,False,True,SEC whole-observation state plus observed session dates; no numeric OHLCV state selector,src/nasdaq_research/research_features.py,build_feature_matrix,190,aff68e01b3cefd6b19b2abf4e7a772b65273645ca7ff3ab767ee75fa5a643117
PIT:fundamental_effective_date,PIT_state_provenance,volume,False,False,SEC whole-observation state plus observed session dates; no numeric OHLCV state selector,src/nasdaq_research/research_features.py,build_feature_matrix,190,aff68e01b3cefd6b19b2abf4e7a772b65273645ca7ff3ab767ee75fa5a643117
PIT:days_since_filing,PIT_state_provenance,SEC.whole_observation,False,True,SEC whole-observation state plus observed session dates; no numeric OHLCV state selector,src/nasdaq_research/research_features.py,build_feature_matrix,190,aff68e01b3cefd6b19b2abf4e7a772b65273645ca7ff3ab767ee75fa5a643117
PIT:days_since_filing,PIT_state_provenance,date,False,True,SEC whole-observation state plus observed session dates; no numeric OHLCV state selector,src/nasdaq_research/research_features.py,build_feature_matrix,190,aff68e01b3cefd6b19b2abf4e7a772b65273645ca7ff3ab767ee75fa5a643117
PIT:days_since_filing,PIT_state_provenance,volume,False,False,SEC whole-observation state plus observed session dates; no numeric OHLCV state selector,src/nasdaq_research/research_features.py,build_feature_matrix,190,aff68e01b3cefd6b19b2abf4e7a772b65273645ca7ff3ab767ee75fa5a643117
PIT:days_since_effective_date,PIT_state_provenance,SEC.whole_observation,False,True,SEC whole-observation state plus observed session dates; no numeric OHLCV state selector,src/nasdaq_research/research_features.py,build_feature_matrix,190,aff68e01b3cefd6b19b2abf4e7a772b65273645ca7ff3ab767ee75fa5a643117
PIT:days_since_effective_date,PIT_state_provenance,date,False,True,SEC whole-observation state plus observed session dates; no numeric OHLCV state selector,src/nasdaq_research/research_features.py,build_feature_matrix,190,aff68e01b3cefd6b19b2abf4e7a772b65273645ca7ff3ab767ee75fa5a643117
PIT:days_since_effective_date,PIT_state_provenance,volume,False,False,SEC whole-observation state plus observed session dates; no numeric OHLCV state selector,src/nasdaq_research/research_features.py,build_feature_matrix,190,aff68e01b3cefd6b19b2abf4e7a772b65273645ca7ff3ab767ee75fa5a643117
PIT:yoy_comparison_status,PIT_state_provenance,SEC.whole_observation,False,True,SEC whole-observation state plus observed session dates; no numeric OHLCV state selector,src/nasdaq_research/research_features.py,build_feature_matrix,190,aff68e01b3cefd6b19b2abf4e7a772b65273645ca7ff3ab767ee75fa5a643117
PIT:yoy_comparison_status,PIT_state_provenance,date,False,True,SEC whole-observation state plus observed session dates; no numeric OHLCV state selector,src/nasdaq_research/research_features.py,build_feature_matrix,190,aff68e01b3cefd6b19b2abf4e7a772b65273645ca7ff3ab767ee75fa5a643117
PIT:yoy_comparison_status,PIT_state_provenance,volume,False,False,SEC whole-observation state plus observed session dates; no numeric OHLCV state selector,src/nasdaq_research/research_features.py,build_feature_matrix,190,aff68e01b3cefd6b19b2abf4e7a772b65273645ca7ff3ab767ee75fa5a643117
PIT:yoy_reference_fiscal_year,PIT_state_provenance,SEC.whole_observation,False,True,SEC whole-observation state plus observed session dates; no numeric OHLCV state selector,src/nasdaq_research/research_features.py,build_feature_matrix,190,aff68e01b3cefd6b19b2abf4e7a772b65273645ca7ff3ab767ee75fa5a643117
PIT:yoy_reference_fiscal_year,PIT_state_provenance,date,False,True,SEC whole-observation state plus observed session dates; no numeric OHLCV state selector,src/nasdaq_research/research_features.py,build_feature_matrix,190,aff68e01b3cefd6b19b2abf4e7a772b65273645ca7ff3ab767ee75fa5a643117
PIT:yoy_reference_fiscal_year,PIT_state_provenance,volume,False,False,SEC whole-observation state plus observed session dates; no numeric OHLCV state selector,src/nasdaq_research/research_features.py,build_feature_matrix,190,aff68e01b3cefd6b19b2abf4e7a772b65273645ca7ff3ab767ee75fa5a643117
PIT:yoy_reference_fiscal_period,PIT_state_provenance,SEC.whole_observation,False,True,SEC whole-observation state plus observed session dates; no numeric OHLCV state selector,src/nasdaq_research/research_features.py,build_feature_matrix,190,aff68e01b3cefd6b19b2abf4e7a772b65273645ca7ff3ab767ee75fa5a643117
PIT:yoy_reference_fiscal_period,PIT_state_provenance,date,False,True,SEC whole-observation state plus observed session dates; no numeric OHLCV state selector,src/nasdaq_research/research_features.py,build_feature_matrix,190,aff68e01b3cefd6b19b2abf4e7a772b65273645ca7ff3ab767ee75fa5a643117
PIT:yoy_reference_fiscal_period,PIT_state_provenance,volume,False,False,SEC whole-observation state plus observed session dates; no numeric OHLCV state selector,src/nasdaq_research/research_features.py,build_feature_matrix,190,aff68e01b3cefd6b19b2abf4e7a772b65273645ca7ff3ab767ee75fa5a643117
PIT:yoy_reference_period_start,PIT_state_provenance,SEC.whole_observation,False,True,SEC whole-observation state plus observed session dates; no numeric OHLCV state selector,src/nasdaq_research/research_features.py,build_feature_matrix,190,aff68e01b3cefd6b19b2abf4e7a772b65273645ca7ff3ab767ee75fa5a643117
PIT:yoy_reference_period_start,PIT_state_provenance,date,False,True,SEC whole-observation state plus observed session dates; no numeric OHLCV state selector,src/nasdaq_research/research_features.py,build_feature_matrix,190,aff68e01b3cefd6b19b2abf4e7a772b65273645ca7ff3ab767ee75fa5a643117
PIT:yoy_reference_period_start,PIT_state_provenance,volume,False,False,SEC whole-observation state plus observed session dates; no numeric OHLCV state selector,src/nasdaq_research/research_features.py,build_feature_matrix,190,aff68e01b3cefd6b19b2abf4e7a772b65273645ca7ff3ab767ee75fa5a643117
PIT:yoy_reference_period_end,PIT_state_provenance,SEC.whole_observation,False,True,SEC whole-observation state plus observed session dates; no numeric OHLCV state selector,src/nasdaq_research/research_features.py,build_feature_matrix,190,aff68e01b3cefd6b19b2abf4e7a772b65273645ca7ff3ab767ee75fa5a643117
PIT:yoy_reference_period_end,PIT_state_provenance,date,False,True,SEC whole-observation state plus observed session dates; no numeric OHLCV state selector,src/nasdaq_research/research_features.py,build_feature_matrix,190,aff68e01b3cefd6b19b2abf4e7a772b65273645ca7ff3ab767ee75fa5a643117
PIT:yoy_reference_period_end,PIT_state_provenance,volume,False,False,SEC whole-observation state plus observed session dates; no numeric OHLCV state selector,src/nasdaq_research/research_features.py,build_feature_matrix,190,aff68e01b3cefd6b19b2abf4e7a772b65273645ca7ff3ab767ee75fa5a643117
PIT:yoy_reference_filing_date,PIT_state_provenance,SEC.whole_observation,False,True,SEC whole-observation state plus observed session dates; no numeric OHLCV state selector,src/nasdaq_research/research_features.py,build_feature_matrix,190,aff68e01b3cefd6b19b2abf4e7a772b65273645ca7ff3ab767ee75fa5a643117
PIT:yoy_reference_filing_date,PIT_state_provenance,date,False,True,SEC whole-observation state plus observed session dates; no numeric OHLCV state selector,src/nasdaq_research/research_features.py,build_feature_matrix,190,aff68e01b3cefd6b19b2abf4e7a772b65273645ca7ff3ab767ee75fa5a643117
PIT:yoy_reference_filing_date,PIT_state_provenance,volume,False,False,SEC whole-observation state plus observed session dates; no numeric OHLCV state selector,src/nasdaq_research/research_features.py,build_feature_matrix,190,aff68e01b3cefd6b19b2abf4e7a772b65273645ca7ff3ab767ee75fa5a643117
PIT:yoy_reference_form,PIT_state_provenance,SEC.whole_observation,False,True,SEC whole-observation state plus observed session dates; no numeric OHLCV state selector,src/nasdaq_research/research_features.py,build_feature_matrix,190,aff68e01b3cefd6b19b2abf4e7a772b65273645ca7ff3ab767ee75fa5a643117
PIT:yoy_reference_form,PIT_state_provenance,date,False,True,SEC whole-observation state plus observed session dates; no numeric OHLCV state selector,src/nasdaq_research/research_features.py,build_feature_matrix,190,aff68e01b3cefd6b19b2abf4e7a772b65273645ca7ff3ab767ee75fa5a643117
PIT:yoy_reference_form,PIT_state_provenance,volume,False,False,SEC whole-observation state plus observed session dates; no numeric OHLCV state selector,src/nasdaq_research/research_features.py,build_feature_matrix,190,aff68e01b3cefd6b19b2abf4e7a772b65273645ca7ff3ab767ee75fa5a643117
PIT:yoy_reference_data_period_type,PIT_state_provenance,SEC.whole_observation,False,True,SEC whole-observation state plus observed session dates; no numeric OHLCV state selector,src/nasdaq_research/research_features.py,build_feature_matrix,190,aff68e01b3cefd6b19b2abf4e7a772b65273645ca7ff3ab767ee75fa5a643117
PIT:yoy_reference_data_period_type,PIT_state_provenance,date,False,True,SEC whole-observation state plus observed session dates; no numeric OHLCV state selector,src/nasdaq_research/research_features.py,build_feature_matrix,190,aff68e01b3cefd6b19b2abf4e7a772b65273645ca7ff3ab767ee75fa5a643117
PIT:yoy_reference_data_period_type,PIT_state_provenance,volume,False,False,SEC whole-observation state plus observed session dates; no numeric OHLCV state selector,src/nasdaq_research/research_features.py,build_feature_matrix,190,aff68e01b3cefd6b19b2abf4e7a772b65273645ca7ff3ab767ee75fa5a643117
PIT:yoy_reference_accession,PIT_state_provenance,SEC.whole_observation,False,True,SEC whole-observation state plus observed session dates; no numeric OHLCV state selector,src/nasdaq_research/research_features.py,build_feature_matrix,190,aff68e01b3cefd6b19b2abf4e7a772b65273645ca7ff3ab767ee75fa5a643117
PIT:yoy_reference_accession,PIT_state_provenance,date,False,True,SEC whole-observation state plus observed session dates; no numeric OHLCV state selector,src/nasdaq_research/research_features.py,build_feature_matrix,190,aff68e01b3cefd6b19b2abf4e7a772b65273645ca7ff3ab767ee75fa5a643117
PIT:yoy_reference_accession,PIT_state_provenance,volume,False,False,SEC whole-observation state plus observed session dates; no numeric OHLCV state selector,src/nasdaq_research/research_features.py,build_feature_matrix,190,aff68e01b3cefd6b19b2abf4e7a772b65273645ca7ff3ab767ee75fa5a643117
PIT:q_fiscal_year,PIT_state_provenance,SEC.whole_observation,False,True,SEC whole-observation state plus observed session dates; no numeric OHLCV state selector,src/nasdaq_research/research_features.py,build_feature_matrix,190,aff68e01b3cefd6b19b2abf4e7a772b65273645ca7ff3ab767ee75fa5a643117
PIT:q_fiscal_year,PIT_state_provenance,date,False,True,SEC whole-observation state plus observed session dates; no numeric OHLCV state selector,src/nasdaq_research/research_features.py,build_feature_matrix,190,aff68e01b3cefd6b19b2abf4e7a772b65273645ca7ff3ab767ee75fa5a643117
PIT:q_fiscal_year,PIT_state_provenance,volume,False,False,SEC whole-observation state plus observed session dates; no numeric OHLCV state selector,src/nasdaq_research/research_features.py,build_feature_matrix,190,aff68e01b3cefd6b19b2abf4e7a772b65273645ca7ff3ab767ee75fa5a643117
PIT:q_fiscal_period,PIT_state_provenance,SEC.whole_observation,False,True,SEC whole-observation state plus observed session dates; no numeric OHLCV state selector,src/nasdaq_research/research_features.py,build_feature_matrix,190,aff68e01b3cefd6b19b2abf4e7a772b65273645ca7ff3ab767ee75fa5a643117
PIT:q_fiscal_period,PIT_state_provenance,date,False,True,SEC whole-observation state plus observed session dates; no numeric OHLCV state selector,src/nasdaq_research/research_features.py,build_feature_matrix,190,aff68e01b3cefd6b19b2abf4e7a772b65273645ca7ff3ab767ee75fa5a643117
PIT:q_fiscal_period,PIT_state_provenance,volume,False,False,SEC whole-observation state plus observed session dates; no numeric OHLCV state selector,src/nasdaq_research/research_features.py,build_feature_matrix,190,aff68e01b3cefd6b19b2abf4e7a772b65273645ca7ff3ab767ee75fa5a643117
PIT:q_period_start,PIT_state_provenance,SEC.whole_observation,False,True,SEC whole-observation state plus observed session dates; no numeric OHLCV state selector,src/nasdaq_research/research_features.py,build_feature_matrix,190,aff68e01b3cefd6b19b2abf4e7a772b65273645ca7ff3ab767ee75fa5a643117
PIT:q_period_start,PIT_state_provenance,date,False,True,SEC whole-observation state plus observed session dates; no numeric OHLCV state selector,src/nasdaq_research/research_features.py,build_feature_matrix,190,aff68e01b3cefd6b19b2abf4e7a772b65273645ca7ff3ab767ee75fa5a643117
PIT:q_period_start,PIT_state_provenance,volume,False,False,SEC whole-observation state plus observed session dates; no numeric OHLCV state selector,src/nasdaq_research/research_features.py,build_feature_matrix,190,aff68e01b3cefd6b19b2abf4e7a772b65273645ca7ff3ab767ee75fa5a643117
PIT:q_period_end,PIT_state_provenance,SEC.whole_observation,False,True,SEC whole-observation state plus observed session dates; no numeric OHLCV state selector,src/nasdaq_research/research_features.py,build_feature_matrix,190,aff68e01b3cefd6b19b2abf4e7a772b65273645ca7ff3ab767ee75fa5a643117
PIT:q_period_end,PIT_state_provenance,date,False,True,SEC whole-observation state plus observed session dates; no numeric OHLCV state selector,src/nasdaq_research/research_features.py,build_feature_matrix,190,aff68e01b3cefd6b19b2abf4e7a772b65273645ca7ff3ab767ee75fa5a643117
PIT:q_period_end,PIT_state_provenance,volume,False,False,SEC whole-observation state plus observed session dates; no numeric OHLCV state selector,src/nasdaq_research/research_features.py,build_feature_matrix,190,aff68e01b3cefd6b19b2abf4e7a772b65273645ca7ff3ab767ee75fa5a643117
PIT:q_filing_date,PIT_state_provenance,SEC.whole_observation,False,True,SEC whole-observation state plus observed session dates; no numeric OHLCV state selector,src/nasdaq_research/research_features.py,build_feature_matrix,190,aff68e01b3cefd6b19b2abf4e7a772b65273645ca7ff3ab767ee75fa5a643117
PIT:q_filing_date,PIT_state_provenance,date,False,True,SEC whole-observation state plus observed session dates; no numeric OHLCV state selector,src/nasdaq_research/research_features.py,build_feature_matrix,190,aff68e01b3cefd6b19b2abf4e7a772b65273645ca7ff3ab767ee75fa5a643117
PIT:q_filing_date,PIT_state_provenance,volume,False,False,SEC whole-observation state plus observed session dates; no numeric OHLCV state selector,src/nasdaq_research/research_features.py,build_feature_matrix,190,aff68e01b3cefd6b19b2abf4e7a772b65273645ca7ff3ab767ee75fa5a643117
PIT:q_form,PIT_state_provenance,SEC.whole_observation,False,True,SEC whole-observation state plus observed session dates; no numeric OHLCV state selector,src/nasdaq_research/research_features.py,build_feature_matrix,190,aff68e01b3cefd6b19b2abf4e7a772b65273645ca7ff3ab767ee75fa5a643117
PIT:q_form,PIT_state_provenance,date,False,True,SEC whole-observation state plus observed session dates; no numeric OHLCV state selector,src/nasdaq_research/research_features.py,build_feature_matrix,190,aff68e01b3cefd6b19b2abf4e7a772b65273645ca7ff3ab767ee75fa5a643117
PIT:q_form,PIT_state_provenance,volume,False,False,SEC whole-observation state plus observed session dates; no numeric OHLCV state selector,src/nasdaq_research/research_features.py,build_feature_matrix,190,aff68e01b3cefd6b19b2abf4e7a772b65273645ca7ff3ab767ee75fa5a643117
PIT:q_data_period_type,PIT_state_provenance,SEC.whole_observation,False,True,SEC whole-observation state plus observed session dates; no numeric OHLCV state selector,src/nasdaq_research/research_features.py,build_feature_matrix,190,aff68e01b3cefd6b19b2abf4e7a772b65273645ca7ff3ab767ee75fa5a643117
PIT:q_data_period_type,PIT_state_provenance,date,False,True,SEC whole-observation state plus observed session dates; no numeric OHLCV state selector,src/nasdaq_research/research_features.py,build_feature_matrix,190,aff68e01b3cefd6b19b2abf4e7a772b65273645ca7ff3ab767ee75fa5a643117
PIT:q_data_period_type,PIT_state_provenance,volume,False,False,SEC whole-observation state plus observed session dates; no numeric OHLCV state selector,src/nasdaq_research/research_features.py,build_feature_matrix,190,aff68e01b3cefd6b19b2abf4e7a772b65273645ca7ff3ab767ee75fa5a643117
PIT:q_accession,PIT_state_provenance,SEC.whole_observation,False,True,SEC whole-observation state plus observed session dates; no numeric OHLCV state selector,src/nasdaq_research/research_features.py,build_feature_matrix,190,aff68e01b3cefd6b19b2abf4e7a772b65273645ca7ff3ab767ee75fa5a643117
PIT:q_accession,PIT_state_provenance,date,False,True,SEC whole-observation state plus observed session dates; no numeric OHLCV state selector,src/nasdaq_research/research_features.py,build_feature_matrix,190,aff68e01b3cefd6b19b2abf4e7a772b65273645ca7ff3ab767ee75fa5a643117
PIT:q_accession,PIT_state_provenance,volume,False,False,SEC whole-observation state plus observed session dates; no numeric OHLCV state selector,src/nasdaq_research/research_features.py,build_feature_matrix,190,aff68e01b3cefd6b19b2abf4e7a772b65273645ca7ff3ab767ee75fa5a643117
PIT:q_effective_date,PIT_state_provenance,SEC.whole_observation,False,True,SEC whole-observation state plus observed session dates; no numeric OHLCV state selector,src/nasdaq_research/research_features.py,build_feature_matrix,190,aff68e01b3cefd6b19b2abf4e7a772b65273645ca7ff3ab767ee75fa5a643117
PIT:q_effective_date,PIT_state_provenance,date,False,True,SEC whole-observation state plus observed session dates; no numeric OHLCV state selector,src/nasdaq_research/research_features.py,build_feature_matrix,190,aff68e01b3cefd6b19b2abf4e7a772b65273645ca7ff3ab767ee75fa5a643117
PIT:q_effective_date,PIT_state_provenance,volume,False,False,SEC whole-observation state plus observed session dates; no numeric OHLCV state selector,src/nasdaq_research/research_features.py,build_feature_matrix,190,aff68e01b3cefd6b19b2abf4e7a772b65273645ca7ff3ab767ee75fa5a643117
PIT:q_effective_date_is_sample_truncated,PIT_state_provenance,SEC.whole_observation,False,True,SEC whole-observation state plus observed session dates; no numeric OHLCV state selector,src/nasdaq_research/research_features.py,build_feature_matrix,190,aff68e01b3cefd6b19b2abf4e7a772b65273645ca7ff3ab767ee75fa5a643117
PIT:q_effective_date_is_sample_truncated,PIT_state_provenance,date,False,True,SEC whole-observation state plus observed session dates; no numeric OHLCV state selector,src/nasdaq_research/research_features.py,build_feature_matrix,190,aff68e01b3cefd6b19b2abf4e7a772b65273645ca7ff3ab767ee75fa5a643117
PIT:q_effective_date_is_sample_truncated,PIT_state_provenance,volume,False,False,SEC whole-observation state plus observed session dates; no numeric OHLCV state selector,src/nasdaq_research/research_features.py,build_feature_matrix,190,aff68e01b3cefd6b19b2abf4e7a772b65273645ca7ff3ab767ee75fa5a643117
PIT:q_effective_date_basis,PIT_state_provenance,SEC.whole_observation,False,True,SEC whole-observation state plus observed session dates; no numeric OHLCV state selector,src/nasdaq_research/research_features.py,build_feature_matrix,190,aff68e01b3cefd6b19b2abf4e7a772b65273645ca7ff3ab767ee75fa5a643117
PIT:q_effective_date_basis,PIT_state_provenance,date,False,True,SEC whole-observation state plus observed session dates; no numeric OHLCV state selector,src/nasdaq_research/research_features.py,build_feature_matrix,190,aff68e01b3cefd6b19b2abf4e7a772b65273645ca7ff3ab767ee75fa5a643117
PIT:q_effective_date_basis,PIT_state_provenance,volume,False,False,SEC whole-observation state plus observed session dates; no numeric OHLCV state selector,src/nasdaq_research/research_features.py,build_feature_matrix,190,aff68e01b3cefd6b19b2abf4e7a772b65273645ca7ff3ab767ee75fa5a643117
PIT:q_days_since_filing,PIT_state_provenance,SEC.whole_observation,False,True,SEC whole-observation state plus observed session dates; no numeric OHLCV state selector,src/nasdaq_research/research_features.py,build_feature_matrix,190,aff68e01b3cefd6b19b2abf4e7a772b65273645ca7ff3ab767ee75fa5a643117
PIT:q_days_since_filing,PIT_state_provenance,date,False,True,SEC whole-observation state plus observed session dates; no numeric OHLCV state selector,src/nasdaq_research/research_features.py,build_feature_matrix,190,aff68e01b3cefd6b19b2abf4e7a772b65273645ca7ff3ab767ee75fa5a643117
PIT:q_days_since_filing,PIT_state_provenance,volume,False,False,SEC whole-observation state plus observed session dates; no numeric OHLCV state selector,src/nasdaq_research/research_features.py,build_feature_matrix,190,aff68e01b3cefd6b19b2abf4e7a772b65273645ca7ff3ab767ee75fa5a643117
PIT:q_days_since_effective_date,PIT_state_provenance,SEC.whole_observation,False,True,SEC whole-observation state plus observed session dates; no numeric OHLCV state selector,src/nasdaq_research/research_features.py,build_feature_matrix,190,aff68e01b3cefd6b19b2abf4e7a772b65273645ca7ff3ab767ee75fa5a643117
PIT:q_days_since_effective_date,PIT_state_provenance,date,False,True,SEC whole-observation state plus observed session dates; no numeric OHLCV state selector,src/nasdaq_research/research_features.py,build_feature_matrix,190,aff68e01b3cefd6b19b2abf4e7a772b65273645ca7ff3ab767ee75fa5a643117
PIT:q_days_since_effective_date,PIT_state_provenance,volume,False,False,SEC whole-observation state plus observed session dates; no numeric OHLCV state selector,src/nasdaq_research/research_features.py,build_feature_matrix,190,aff68e01b3cefd6b19b2abf4e7a772b65273645ca7ff3ab767ee75fa5a643117
PIT:fy_fiscal_year,PIT_state_provenance,SEC.whole_observation,False,True,SEC whole-observation state plus observed session dates; no numeric OHLCV state selector,src/nasdaq_research/research_features.py,build_feature_matrix,190,aff68e01b3cefd6b19b2abf4e7a772b65273645ca7ff3ab767ee75fa5a643117
PIT:fy_fiscal_year,PIT_state_provenance,date,False,True,SEC whole-observation state plus observed session dates; no numeric OHLCV state selector,src/nasdaq_research/research_features.py,build_feature_matrix,190,aff68e01b3cefd6b19b2abf4e7a772b65273645ca7ff3ab767ee75fa5a643117
PIT:fy_fiscal_year,PIT_state_provenance,volume,False,False,SEC whole-observation state plus observed session dates; no numeric OHLCV state selector,src/nasdaq_research/research_features.py,build_feature_matrix,190,aff68e01b3cefd6b19b2abf4e7a772b65273645ca7ff3ab767ee75fa5a643117
PIT:fy_fiscal_period,PIT_state_provenance,SEC.whole_observation,False,True,SEC whole-observation state plus observed session dates; no numeric OHLCV state selector,src/nasdaq_research/research_features.py,build_feature_matrix,190,aff68e01b3cefd6b19b2abf4e7a772b65273645ca7ff3ab767ee75fa5a643117
PIT:fy_fiscal_period,PIT_state_provenance,date,False,True,SEC whole-observation state plus observed session dates; no numeric OHLCV state selector,src/nasdaq_research/research_features.py,build_feature_matrix,190,aff68e01b3cefd6b19b2abf4e7a772b65273645ca7ff3ab767ee75fa5a643117
PIT:fy_fiscal_period,PIT_state_provenance,volume,False,False,SEC whole-observation state plus observed session dates; no numeric OHLCV state selector,src/nasdaq_research/research_features.py,build_feature_matrix,190,aff68e01b3cefd6b19b2abf4e7a772b65273645ca7ff3ab767ee75fa5a643117
PIT:fy_period_start,PIT_state_provenance,SEC.whole_observation,False,True,SEC whole-observation state plus observed session dates; no numeric OHLCV state selector,src/nasdaq_research/research_features.py,build_feature_matrix,190,aff68e01b3cefd6b19b2abf4e7a772b65273645ca7ff3ab767ee75fa5a643117
PIT:fy_period_start,PIT_state_provenance,date,False,True,SEC whole-observation state plus observed session dates; no numeric OHLCV state selector,src/nasdaq_research/research_features.py,build_feature_matrix,190,aff68e01b3cefd6b19b2abf4e7a772b65273645ca7ff3ab767ee75fa5a643117
PIT:fy_period_start,PIT_state_provenance,volume,False,False,SEC whole-observation state plus observed session dates; no numeric OHLCV state selector,src/nasdaq_research/research_features.py,build_feature_matrix,190,aff68e01b3cefd6b19b2abf4e7a772b65273645ca7ff3ab767ee75fa5a643117
PIT:fy_period_end,PIT_state_provenance,SEC.whole_observation,False,True,SEC whole-observation state plus observed session dates; no numeric OHLCV state selector,src/nasdaq_research/research_features.py,build_feature_matrix,190,aff68e01b3cefd6b19b2abf4e7a772b65273645ca7ff3ab767ee75fa5a643117
PIT:fy_period_end,PIT_state_provenance,date,False,True,SEC whole-observation state plus observed session dates; no numeric OHLCV state selector,src/nasdaq_research/research_features.py,build_feature_matrix,190,aff68e01b3cefd6b19b2abf4e7a772b65273645ca7ff3ab767ee75fa5a643117
PIT:fy_period_end,PIT_state_provenance,volume,False,False,SEC whole-observation state plus observed session dates; no numeric OHLCV state selector,src/nasdaq_research/research_features.py,build_feature_matrix,190,aff68e01b3cefd6b19b2abf4e7a772b65273645ca7ff3ab767ee75fa5a643117
PIT:fy_filing_date,PIT_state_provenance,SEC.whole_observation,False,True,SEC whole-observation state plus observed session dates; no numeric OHLCV state selector,src/nasdaq_research/research_features.py,build_feature_matrix,190,aff68e01b3cefd6b19b2abf4e7a772b65273645ca7ff3ab767ee75fa5a643117
PIT:fy_filing_date,PIT_state_provenance,date,False,True,SEC whole-observation state plus observed session dates; no numeric OHLCV state selector,src/nasdaq_research/research_features.py,build_feature_matrix,190,aff68e01b3cefd6b19b2abf4e7a772b65273645ca7ff3ab767ee75fa5a643117
PIT:fy_filing_date,PIT_state_provenance,volume,False,False,SEC whole-observation state plus observed session dates; no numeric OHLCV state selector,src/nasdaq_research/research_features.py,build_feature_matrix,190,aff68e01b3cefd6b19b2abf4e7a772b65273645ca7ff3ab767ee75fa5a643117
PIT:fy_form,PIT_state_provenance,SEC.whole_observation,False,True,SEC whole-observation state plus observed session dates; no numeric OHLCV state selector,src/nasdaq_research/research_features.py,build_feature_matrix,190,aff68e01b3cefd6b19b2abf4e7a772b65273645ca7ff3ab767ee75fa5a643117
PIT:fy_form,PIT_state_provenance,date,False,True,SEC whole-observation state plus observed session dates; no numeric OHLCV state selector,src/nasdaq_research/research_features.py,build_feature_matrix,190,aff68e01b3cefd6b19b2abf4e7a772b65273645ca7ff3ab767ee75fa5a643117
PIT:fy_form,PIT_state_provenance,volume,False,False,SEC whole-observation state plus observed session dates; no numeric OHLCV state selector,src/nasdaq_research/research_features.py,build_feature_matrix,190,aff68e01b3cefd6b19b2abf4e7a772b65273645ca7ff3ab767ee75fa5a643117
PIT:fy_data_period_type,PIT_state_provenance,SEC.whole_observation,False,True,SEC whole-observation state plus observed session dates; no numeric OHLCV state selector,src/nasdaq_research/research_features.py,build_feature_matrix,190,aff68e01b3cefd6b19b2abf4e7a772b65273645ca7ff3ab767ee75fa5a643117
PIT:fy_data_period_type,PIT_state_provenance,date,False,True,SEC whole-observation state plus observed session dates; no numeric OHLCV state selector,src/nasdaq_research/research_features.py,build_feature_matrix,190,aff68e01b3cefd6b19b2abf4e7a772b65273645ca7ff3ab767ee75fa5a643117
PIT:fy_data_period_type,PIT_state_provenance,volume,False,False,SEC whole-observation state plus observed session dates; no numeric OHLCV state selector,src/nasdaq_research/research_features.py,build_feature_matrix,190,aff68e01b3cefd6b19b2abf4e7a772b65273645ca7ff3ab767ee75fa5a643117
PIT:fy_accession,PIT_state_provenance,SEC.whole_observation,False,True,SEC whole-observation state plus observed session dates; no numeric OHLCV state selector,src/nasdaq_research/research_features.py,build_feature_matrix,190,aff68e01b3cefd6b19b2abf4e7a772b65273645ca7ff3ab767ee75fa5a643117
PIT:fy_accession,PIT_state_provenance,date,False,True,SEC whole-observation state plus observed session dates; no numeric OHLCV state selector,src/nasdaq_research/research_features.py,build_feature_matrix,190,aff68e01b3cefd6b19b2abf4e7a772b65273645ca7ff3ab767ee75fa5a643117
PIT:fy_accession,PIT_state_provenance,volume,False,False,SEC whole-observation state plus observed session dates; no numeric OHLCV state selector,src/nasdaq_research/research_features.py,build_feature_matrix,190,aff68e01b3cefd6b19b2abf4e7a772b65273645ca7ff3ab767ee75fa5a643117
PIT:fy_effective_date,PIT_state_provenance,SEC.whole_observation,False,True,SEC whole-observation state plus observed session dates; no numeric OHLCV state selector,src/nasdaq_research/research_features.py,build_feature_matrix,190,aff68e01b3cefd6b19b2abf4e7a772b65273645ca7ff3ab767ee75fa5a643117
PIT:fy_effective_date,PIT_state_provenance,date,False,True,SEC whole-observation state plus observed session dates; no numeric OHLCV state selector,src/nasdaq_research/research_features.py,build_feature_matrix,190,aff68e01b3cefd6b19b2abf4e7a772b65273645ca7ff3ab767ee75fa5a643117
PIT:fy_effective_date,PIT_state_provenance,volume,False,False,SEC whole-observation state plus observed session dates; no numeric OHLCV state selector,src/nasdaq_research/research_features.py,build_feature_matrix,190,aff68e01b3cefd6b19b2abf4e7a772b65273645ca7ff3ab767ee75fa5a643117
PIT:fy_effective_date_is_sample_truncated,PIT_state_provenance,SEC.whole_observation,False,True,SEC whole-observation state plus observed session dates; no numeric OHLCV state selector,src/nasdaq_research/research_features.py,build_feature_matrix,190,aff68e01b3cefd6b19b2abf4e7a772b65273645ca7ff3ab767ee75fa5a643117
PIT:fy_effective_date_is_sample_truncated,PIT_state_provenance,date,False,True,SEC whole-observation state plus observed session dates; no numeric OHLCV state selector,src/nasdaq_research/research_features.py,build_feature_matrix,190,aff68e01b3cefd6b19b2abf4e7a772b65273645ca7ff3ab767ee75fa5a643117
PIT:fy_effective_date_is_sample_truncated,PIT_state_provenance,volume,False,False,SEC whole-observation state plus observed session dates; no numeric OHLCV state selector,src/nasdaq_research/research_features.py,build_feature_matrix,190,aff68e01b3cefd6b19b2abf4e7a772b65273645ca7ff3ab767ee75fa5a643117
PIT:fy_effective_date_basis,PIT_state_provenance,SEC.whole_observation,False,True,SEC whole-observation state plus observed session dates; no numeric OHLCV state selector,src/nasdaq_research/research_features.py,build_feature_matrix,190,aff68e01b3cefd6b19b2abf4e7a772b65273645ca7ff3ab767ee75fa5a643117
PIT:fy_effective_date_basis,PIT_state_provenance,date,False,True,SEC whole-observation state plus observed session dates; no numeric OHLCV state selector,src/nasdaq_research/research_features.py,build_feature_matrix,190,aff68e01b3cefd6b19b2abf4e7a772b65273645ca7ff3ab767ee75fa5a643117
PIT:fy_effective_date_basis,PIT_state_provenance,volume,False,False,SEC whole-observation state plus observed session dates; no numeric OHLCV state selector,src/nasdaq_research/research_features.py,build_feature_matrix,190,aff68e01b3cefd6b19b2abf4e7a772b65273645ca7ff3ab767ee75fa5a643117
PIT:fy_days_since_filing,PIT_state_provenance,SEC.whole_observation,False,True,SEC whole-observation state plus observed session dates; no numeric OHLCV state selector,src/nasdaq_research/research_features.py,build_feature_matrix,190,aff68e01b3cefd6b19b2abf4e7a772b65273645ca7ff3ab767ee75fa5a643117
PIT:fy_days_since_filing,PIT_state_provenance,date,False,True,SEC whole-observation state plus observed session dates; no numeric OHLCV state selector,src/nasdaq_research/research_features.py,build_feature_matrix,190,aff68e01b3cefd6b19b2abf4e7a772b65273645ca7ff3ab767ee75fa5a643117
PIT:fy_days_since_filing,PIT_state_provenance,volume,False,False,SEC whole-observation state plus observed session dates; no numeric OHLCV state selector,src/nasdaq_research/research_features.py,build_feature_matrix,190,aff68e01b3cefd6b19b2abf4e7a772b65273645ca7ff3ab767ee75fa5a643117
PIT:fy_days_since_effective_date,PIT_state_provenance,SEC.whole_observation,False,True,SEC whole-observation state plus observed session dates; no numeric OHLCV state selector,src/nasdaq_research/research_features.py,build_feature_matrix,190,aff68e01b3cefd6b19b2abf4e7a772b65273645ca7ff3ab767ee75fa5a643117
PIT:fy_days_since_effective_date,PIT_state_provenance,date,False,True,SEC whole-observation state plus observed session dates; no numeric OHLCV state selector,src/nasdaq_research/research_features.py,build_feature_matrix,190,aff68e01b3cefd6b19b2abf4e7a772b65273645ca7ff3ab767ee75fa5a643117
PIT:fy_days_since_effective_date,PIT_state_provenance,volume,False,False,SEC whole-observation state plus observed session dates; no numeric OHLCV state selector,src/nasdaq_research/research_features.py,build_feature_matrix,190,aff68e01b3cefd6b19b2abf4e7a772b65273645ca7ff3ab767ee75fa5a643117
PIT:bs_fiscal_year,PIT_state_provenance,SEC.whole_observation,False,True,SEC whole-observation state plus observed session dates; no numeric OHLCV state selector,src/nasdaq_research/research_features.py,build_feature_matrix,190,aff68e01b3cefd6b19b2abf4e7a772b65273645ca7ff3ab767ee75fa5a643117
PIT:bs_fiscal_year,PIT_state_provenance,date,False,True,SEC whole-observation state plus observed session dates; no numeric OHLCV state selector,src/nasdaq_research/research_features.py,build_feature_matrix,190,aff68e01b3cefd6b19b2abf4e7a772b65273645ca7ff3ab767ee75fa5a643117
PIT:bs_fiscal_year,PIT_state_provenance,volume,False,False,SEC whole-observation state plus observed session dates; no numeric OHLCV state selector,src/nasdaq_research/research_features.py,build_feature_matrix,190,aff68e01b3cefd6b19b2abf4e7a772b65273645ca7ff3ab767ee75fa5a643117
PIT:bs_fiscal_period,PIT_state_provenance,SEC.whole_observation,False,True,SEC whole-observation state plus observed session dates; no numeric OHLCV state selector,src/nasdaq_research/research_features.py,build_feature_matrix,190,aff68e01b3cefd6b19b2abf4e7a772b65273645ca7ff3ab767ee75fa5a643117
PIT:bs_fiscal_period,PIT_state_provenance,date,False,True,SEC whole-observation state plus observed session dates; no numeric OHLCV state selector,src/nasdaq_research/research_features.py,build_feature_matrix,190,aff68e01b3cefd6b19b2abf4e7a772b65273645ca7ff3ab767ee75fa5a643117
PIT:bs_fiscal_period,PIT_state_provenance,volume,False,False,SEC whole-observation state plus observed session dates; no numeric OHLCV state selector,src/nasdaq_research/research_features.py,build_feature_matrix,190,aff68e01b3cefd6b19b2abf4e7a772b65273645ca7ff3ab767ee75fa5a643117
PIT:bs_period_start,PIT_state_provenance,SEC.whole_observation,False,True,SEC whole-observation state plus observed session dates; no numeric OHLCV state selector,src/nasdaq_research/research_features.py,build_feature_matrix,190,aff68e01b3cefd6b19b2abf4e7a772b65273645ca7ff3ab767ee75fa5a643117
PIT:bs_period_start,PIT_state_provenance,date,False,True,SEC whole-observation state plus observed session dates; no numeric OHLCV state selector,src/nasdaq_research/research_features.py,build_feature_matrix,190,aff68e01b3cefd6b19b2abf4e7a772b65273645ca7ff3ab767ee75fa5a643117
PIT:bs_period_start,PIT_state_provenance,volume,False,False,SEC whole-observation state plus observed session dates; no numeric OHLCV state selector,src/nasdaq_research/research_features.py,build_feature_matrix,190,aff68e01b3cefd6b19b2abf4e7a772b65273645ca7ff3ab767ee75fa5a643117
PIT:bs_period_end,PIT_state_provenance,SEC.whole_observation,False,True,SEC whole-observation state plus observed session dates; no numeric OHLCV state selector,src/nasdaq_research/research_features.py,build_feature_matrix,190,aff68e01b3cefd6b19b2abf4e7a772b65273645ca7ff3ab767ee75fa5a643117
PIT:bs_period_end,PIT_state_provenance,date,False,True,SEC whole-observation state plus observed session dates; no numeric OHLCV state selector,src/nasdaq_research/research_features.py,build_feature_matrix,190,aff68e01b3cefd6b19b2abf4e7a772b65273645ca7ff3ab767ee75fa5a643117
PIT:bs_period_end,PIT_state_provenance,volume,False,False,SEC whole-observation state plus observed session dates; no numeric OHLCV state selector,src/nasdaq_research/research_features.py,build_feature_matrix,190,aff68e01b3cefd6b19b2abf4e7a772b65273645ca7ff3ab767ee75fa5a643117
PIT:bs_filing_date,PIT_state_provenance,SEC.whole_observation,False,True,SEC whole-observation state plus observed session dates; no numeric OHLCV state selector,src/nasdaq_research/research_features.py,build_feature_matrix,190,aff68e01b3cefd6b19b2abf4e7a772b65273645ca7ff3ab767ee75fa5a643117
PIT:bs_filing_date,PIT_state_provenance,date,False,True,SEC whole-observation state plus observed session dates; no numeric OHLCV state selector,src/nasdaq_research/research_features.py,build_feature_matrix,190,aff68e01b3cefd6b19b2abf4e7a772b65273645ca7ff3ab767ee75fa5a643117
PIT:bs_filing_date,PIT_state_provenance,volume,False,False,SEC whole-observation state plus observed session dates; no numeric OHLCV state selector,src/nasdaq_research/research_features.py,build_feature_matrix,190,aff68e01b3cefd6b19b2abf4e7a772b65273645ca7ff3ab767ee75fa5a643117
PIT:bs_form,PIT_state_provenance,SEC.whole_observation,False,True,SEC whole-observation state plus observed session dates; no numeric OHLCV state selector,src/nasdaq_research/research_features.py,build_feature_matrix,190,aff68e01b3cefd6b19b2abf4e7a772b65273645ca7ff3ab767ee75fa5a643117
PIT:bs_form,PIT_state_provenance,date,False,True,SEC whole-observation state plus observed session dates; no numeric OHLCV state selector,src/nasdaq_research/research_features.py,build_feature_matrix,190,aff68e01b3cefd6b19b2abf4e7a772b65273645ca7ff3ab767ee75fa5a643117
PIT:bs_form,PIT_state_provenance,volume,False,False,SEC whole-observation state plus observed session dates; no numeric OHLCV state selector,src/nasdaq_research/research_features.py,build_feature_matrix,190,aff68e01b3cefd6b19b2abf4e7a772b65273645ca7ff3ab767ee75fa5a643117
PIT:bs_data_period_type,PIT_state_provenance,SEC.whole_observation,False,True,SEC whole-observation state plus observed session dates; no numeric OHLCV state selector,src/nasdaq_research/research_features.py,build_feature_matrix,190,aff68e01b3cefd6b19b2abf4e7a772b65273645ca7ff3ab767ee75fa5a643117
PIT:bs_data_period_type,PIT_state_provenance,date,False,True,SEC whole-observation state plus observed session dates; no numeric OHLCV state selector,src/nasdaq_research/research_features.py,build_feature_matrix,190,aff68e01b3cefd6b19b2abf4e7a772b65273645ca7ff3ab767ee75fa5a643117
PIT:bs_data_period_type,PIT_state_provenance,volume,False,False,SEC whole-observation state plus observed session dates; no numeric OHLCV state selector,src/nasdaq_research/research_features.py,build_feature_matrix,190,aff68e01b3cefd6b19b2abf4e7a772b65273645ca7ff3ab767ee75fa5a643117
PIT:bs_accession,PIT_state_provenance,SEC.whole_observation,False,True,SEC whole-observation state plus observed session dates; no numeric OHLCV state selector,src/nasdaq_research/research_features.py,build_feature_matrix,190,aff68e01b3cefd6b19b2abf4e7a772b65273645ca7ff3ab767ee75fa5a643117
PIT:bs_accession,PIT_state_provenance,date,False,True,SEC whole-observation state plus observed session dates; no numeric OHLCV state selector,src/nasdaq_research/research_features.py,build_feature_matrix,190,aff68e01b3cefd6b19b2abf4e7a772b65273645ca7ff3ab767ee75fa5a643117
PIT:bs_accession,PIT_state_provenance,volume,False,False,SEC whole-observation state plus observed session dates; no numeric OHLCV state selector,src/nasdaq_research/research_features.py,build_feature_matrix,190,aff68e01b3cefd6b19b2abf4e7a772b65273645ca7ff3ab767ee75fa5a643117
PIT:bs_effective_date,PIT_state_provenance,SEC.whole_observation,False,True,SEC whole-observation state plus observed session dates; no numeric OHLCV state selector,src/nasdaq_research/research_features.py,build_feature_matrix,190,aff68e01b3cefd6b19b2abf4e7a772b65273645ca7ff3ab767ee75fa5a643117
PIT:bs_effective_date,PIT_state_provenance,date,False,True,SEC whole-observation state plus observed session dates; no numeric OHLCV state selector,src/nasdaq_research/research_features.py,build_feature_matrix,190,aff68e01b3cefd6b19b2abf4e7a772b65273645ca7ff3ab767ee75fa5a643117
PIT:bs_effective_date,PIT_state_provenance,volume,False,False,SEC whole-observation state plus observed session dates; no numeric OHLCV state selector,src/nasdaq_research/research_features.py,build_feature_matrix,190,aff68e01b3cefd6b19b2abf4e7a772b65273645ca7ff3ab767ee75fa5a643117
PIT:bs_effective_date_is_sample_truncated,PIT_state_provenance,SEC.whole_observation,False,True,SEC whole-observation state plus observed session dates; no numeric OHLCV state selector,src/nasdaq_research/research_features.py,build_feature_matrix,190,aff68e01b3cefd6b19b2abf4e7a772b65273645ca7ff3ab767ee75fa5a643117
PIT:bs_effective_date_is_sample_truncated,PIT_state_provenance,date,False,True,SEC whole-observation state plus observed session dates; no numeric OHLCV state selector,src/nasdaq_research/research_features.py,build_feature_matrix,190,aff68e01b3cefd6b19b2abf4e7a772b65273645ca7ff3ab767ee75fa5a643117
PIT:bs_effective_date_is_sample_truncated,PIT_state_provenance,volume,False,False,SEC whole-observation state plus observed session dates; no numeric OHLCV state selector,src/nasdaq_research/research_features.py,build_feature_matrix,190,aff68e01b3cefd6b19b2abf4e7a772b65273645ca7ff3ab767ee75fa5a643117
PIT:bs_effective_date_basis,PIT_state_provenance,SEC.whole_observation,False,True,SEC whole-observation state plus observed session dates; no numeric OHLCV state selector,src/nasdaq_research/research_features.py,build_feature_matrix,190,aff68e01b3cefd6b19b2abf4e7a772b65273645ca7ff3ab767ee75fa5a643117
PIT:bs_effective_date_basis,PIT_state_provenance,date,False,True,SEC whole-observation state plus observed session dates; no numeric OHLCV state selector,src/nasdaq_research/research_features.py,build_feature_matrix,190,aff68e01b3cefd6b19b2abf4e7a772b65273645ca7ff3ab767ee75fa5a643117
PIT:bs_effective_date_basis,PIT_state_provenance,volume,False,False,SEC whole-observation state plus observed session dates; no numeric OHLCV state selector,src/nasdaq_research/research_features.py,build_feature_matrix,190,aff68e01b3cefd6b19b2abf4e7a772b65273645ca7ff3ab767ee75fa5a643117
PIT:bs_days_since_filing,PIT_state_provenance,SEC.whole_observation,False,True,SEC whole-observation state plus observed session dates; no numeric OHLCV state selector,src/nasdaq_research/research_features.py,build_feature_matrix,190,aff68e01b3cefd6b19b2abf4e7a772b65273645ca7ff3ab767ee75fa5a643117
PIT:bs_days_since_filing,PIT_state_provenance,date,False,True,SEC whole-observation state plus observed session dates; no numeric OHLCV state selector,src/nasdaq_research/research_features.py,build_feature_matrix,190,aff68e01b3cefd6b19b2abf4e7a772b65273645ca7ff3ab767ee75fa5a643117
PIT:bs_days_since_filing,PIT_state_provenance,volume,False,False,SEC whole-observation state plus observed session dates; no numeric OHLCV state selector,src/nasdaq_research/research_features.py,build_feature_matrix,190,aff68e01b3cefd6b19b2abf4e7a772b65273645ca7ff3ab767ee75fa5a643117
PIT:bs_days_since_effective_date,PIT_state_provenance,SEC.whole_observation,False,True,SEC whole-observation state plus observed session dates; no numeric OHLCV state selector,src/nasdaq_research/research_features.py,build_feature_matrix,190,aff68e01b3cefd6b19b2abf4e7a772b65273645ca7ff3ab767ee75fa5a643117
PIT:bs_days_since_effective_date,PIT_state_provenance,date,False,True,SEC whole-observation state plus observed session dates; no numeric OHLCV state selector,src/nasdaq_research/research_features.py,build_feature_matrix,190,aff68e01b3cefd6b19b2abf4e7a772b65273645ca7ff3ab767ee75fa5a643117
PIT:bs_days_since_effective_date,PIT_state_provenance,volume,False,False,SEC whole-observation state plus observed session dates; no numeric OHLCV state selector,src/nasdaq_research/research_features.py,build_feature_matrix,190,aff68e01b3cefd6b19b2abf4e7a772b65273645ca7ff3ab767ee75fa5a643117
PIT:q_yoy_comparison_status,PIT_state_provenance,SEC.whole_observation,False,True,SEC whole-observation state plus observed session dates; no numeric OHLCV state selector,src/nasdaq_research/research_features.py,build_feature_matrix,190,aff68e01b3cefd6b19b2abf4e7a772b65273645ca7ff3ab767ee75fa5a643117
PIT:q_yoy_comparison_status,PIT_state_provenance,date,False,True,SEC whole-observation state plus observed session dates; no numeric OHLCV state selector,src/nasdaq_research/research_features.py,build_feature_matrix,190,aff68e01b3cefd6b19b2abf4e7a772b65273645ca7ff3ab767ee75fa5a643117
PIT:q_yoy_comparison_status,PIT_state_provenance,volume,False,False,SEC whole-observation state plus observed session dates; no numeric OHLCV state selector,src/nasdaq_research/research_features.py,build_feature_matrix,190,aff68e01b3cefd6b19b2abf4e7a772b65273645ca7ff3ab767ee75fa5a643117
PIT:q_yoy_reference_fiscal_year,PIT_state_provenance,SEC.whole_observation,False,True,SEC whole-observation state plus observed session dates; no numeric OHLCV state selector,src/nasdaq_research/research_features.py,build_feature_matrix,190,aff68e01b3cefd6b19b2abf4e7a772b65273645ca7ff3ab767ee75fa5a643117
PIT:q_yoy_reference_fiscal_year,PIT_state_provenance,date,False,True,SEC whole-observation state plus observed session dates; no numeric OHLCV state selector,src/nasdaq_research/research_features.py,build_feature_matrix,190,aff68e01b3cefd6b19b2abf4e7a772b65273645ca7ff3ab767ee75fa5a643117
PIT:q_yoy_reference_fiscal_year,PIT_state_provenance,volume,False,False,SEC whole-observation state plus observed session dates; no numeric OHLCV state selector,src/nasdaq_research/research_features.py,build_feature_matrix,190,aff68e01b3cefd6b19b2abf4e7a772b65273645ca7ff3ab767ee75fa5a643117
PIT:q_yoy_reference_fiscal_period,PIT_state_provenance,SEC.whole_observation,False,True,SEC whole-observation state plus observed session dates; no numeric OHLCV state selector,src/nasdaq_research/research_features.py,build_feature_matrix,190,aff68e01b3cefd6b19b2abf4e7a772b65273645ca7ff3ab767ee75fa5a643117
PIT:q_yoy_reference_fiscal_period,PIT_state_provenance,date,False,True,SEC whole-observation state plus observed session dates; no numeric OHLCV state selector,src/nasdaq_research/research_features.py,build_feature_matrix,190,aff68e01b3cefd6b19b2abf4e7a772b65273645ca7ff3ab767ee75fa5a643117
PIT:q_yoy_reference_fiscal_period,PIT_state_provenance,volume,False,False,SEC whole-observation state plus observed session dates; no numeric OHLCV state selector,src/nasdaq_research/research_features.py,build_feature_matrix,190,aff68e01b3cefd6b19b2abf4e7a772b65273645ca7ff3ab767ee75fa5a643117
PIT:q_yoy_reference_period_start,PIT_state_provenance,SEC.whole_observation,False,True,SEC whole-observation state plus observed session dates; no numeric OHLCV state selector,src/nasdaq_research/research_features.py,build_feature_matrix,190,aff68e01b3cefd6b19b2abf4e7a772b65273645ca7ff3ab767ee75fa5a643117
PIT:q_yoy_reference_period_start,PIT_state_provenance,date,False,True,SEC whole-observation state plus observed session dates; no numeric OHLCV state selector,src/nasdaq_research/research_features.py,build_feature_matrix,190,aff68e01b3cefd6b19b2abf4e7a772b65273645ca7ff3ab767ee75fa5a643117
PIT:q_yoy_reference_period_start,PIT_state_provenance,volume,False,False,SEC whole-observation state plus observed session dates; no numeric OHLCV state selector,src/nasdaq_research/research_features.py,build_feature_matrix,190,aff68e01b3cefd6b19b2abf4e7a772b65273645ca7ff3ab767ee75fa5a643117
PIT:q_yoy_reference_period_end,PIT_state_provenance,SEC.whole_observation,False,True,SEC whole-observation state plus observed session dates; no numeric OHLCV state selector,src/nasdaq_research/research_features.py,build_feature_matrix,190,aff68e01b3cefd6b19b2abf4e7a772b65273645ca7ff3ab767ee75fa5a643117
PIT:q_yoy_reference_period_end,PIT_state_provenance,date,False,True,SEC whole-observation state plus observed session dates; no numeric OHLCV state selector,src/nasdaq_research/research_features.py,build_feature_matrix,190,aff68e01b3cefd6b19b2abf4e7a772b65273645ca7ff3ab767ee75fa5a643117
PIT:q_yoy_reference_period_end,PIT_state_provenance,volume,False,False,SEC whole-observation state plus observed session dates; no numeric OHLCV state selector,src/nasdaq_research/research_features.py,build_feature_matrix,190,aff68e01b3cefd6b19b2abf4e7a772b65273645ca7ff3ab767ee75fa5a643117
PIT:q_yoy_reference_filing_date,PIT_state_provenance,SEC.whole_observation,False,True,SEC whole-observation state plus observed session dates; no numeric OHLCV state selector,src/nasdaq_research/research_features.py,build_feature_matrix,190,aff68e01b3cefd6b19b2abf4e7a772b65273645ca7ff3ab767ee75fa5a643117
PIT:q_yoy_reference_filing_date,PIT_state_provenance,date,False,True,SEC whole-observation state plus observed session dates; no numeric OHLCV state selector,src/nasdaq_research/research_features.py,build_feature_matrix,190,aff68e01b3cefd6b19b2abf4e7a772b65273645ca7ff3ab767ee75fa5a643117
PIT:q_yoy_reference_filing_date,PIT_state_provenance,volume,False,False,SEC whole-observation state plus observed session dates; no numeric OHLCV state selector,src/nasdaq_research/research_features.py,build_feature_matrix,190,aff68e01b3cefd6b19b2abf4e7a772b65273645ca7ff3ab767ee75fa5a643117
PIT:q_yoy_reference_form,PIT_state_provenance,SEC.whole_observation,False,True,SEC whole-observation state plus observed session dates; no numeric OHLCV state selector,src/nasdaq_research/research_features.py,build_feature_matrix,190,aff68e01b3cefd6b19b2abf4e7a772b65273645ca7ff3ab767ee75fa5a643117
PIT:q_yoy_reference_form,PIT_state_provenance,date,False,True,SEC whole-observation state plus observed session dates; no numeric OHLCV state selector,src/nasdaq_research/research_features.py,build_feature_matrix,190,aff68e01b3cefd6b19b2abf4e7a772b65273645ca7ff3ab767ee75fa5a643117
PIT:q_yoy_reference_form,PIT_state_provenance,volume,False,False,SEC whole-observation state plus observed session dates; no numeric OHLCV state selector,src/nasdaq_research/research_features.py,build_feature_matrix,190,aff68e01b3cefd6b19b2abf4e7a772b65273645ca7ff3ab767ee75fa5a643117
PIT:q_yoy_reference_data_period_type,PIT_state_provenance,SEC.whole_observation,False,True,SEC whole-observation state plus observed session dates; no numeric OHLCV state selector,src/nasdaq_research/research_features.py,build_feature_matrix,190,aff68e01b3cefd6b19b2abf4e7a772b65273645ca7ff3ab767ee75fa5a643117
PIT:q_yoy_reference_data_period_type,PIT_state_provenance,date,False,True,SEC whole-observation state plus observed session dates; no numeric OHLCV state selector,src/nasdaq_research/research_features.py,build_feature_matrix,190,aff68e01b3cefd6b19b2abf4e7a772b65273645ca7ff3ab767ee75fa5a643117
PIT:q_yoy_reference_data_period_type,PIT_state_provenance,volume,False,False,SEC whole-observation state plus observed session dates; no numeric OHLCV state selector,src/nasdaq_research/research_features.py,build_feature_matrix,190,aff68e01b3cefd6b19b2abf4e7a772b65273645ca7ff3ab767ee75fa5a643117
PIT:q_yoy_reference_accession,PIT_state_provenance,SEC.whole_observation,False,True,SEC whole-observation state plus observed session dates; no numeric OHLCV state selector,src/nasdaq_research/research_features.py,build_feature_matrix,190,aff68e01b3cefd6b19b2abf4e7a772b65273645ca7ff3ab767ee75fa5a643117
PIT:q_yoy_reference_accession,PIT_state_provenance,date,False,True,SEC whole-observation state plus observed session dates; no numeric OHLCV state selector,src/nasdaq_research/research_features.py,build_feature_matrix,190,aff68e01b3cefd6b19b2abf4e7a772b65273645ca7ff3ab767ee75fa5a643117
PIT:q_yoy_reference_accession,PIT_state_provenance,volume,False,False,SEC whole-observation state plus observed session dates; no numeric OHLCV state selector,src/nasdaq_research/research_features.py,build_feature_matrix,190,aff68e01b3cefd6b19b2abf4e7a772b65273645ca7ff3ab767ee75fa5a643117
PIT:fy_yoy_comparison_status,PIT_state_provenance,SEC.whole_observation,False,True,SEC whole-observation state plus observed session dates; no numeric OHLCV state selector,src/nasdaq_research/research_features.py,build_feature_matrix,190,aff68e01b3cefd6b19b2abf4e7a772b65273645ca7ff3ab767ee75fa5a643117
PIT:fy_yoy_comparison_status,PIT_state_provenance,date,False,True,SEC whole-observation state plus observed session dates; no numeric OHLCV state selector,src/nasdaq_research/research_features.py,build_feature_matrix,190,aff68e01b3cefd6b19b2abf4e7a772b65273645ca7ff3ab767ee75fa5a643117
PIT:fy_yoy_comparison_status,PIT_state_provenance,volume,False,False,SEC whole-observation state plus observed session dates; no numeric OHLCV state selector,src/nasdaq_research/research_features.py,build_feature_matrix,190,aff68e01b3cefd6b19b2abf4e7a772b65273645ca7ff3ab767ee75fa5a643117
PIT:fy_yoy_reference_fiscal_year,PIT_state_provenance,SEC.whole_observation,False,True,SEC whole-observation state plus observed session dates; no numeric OHLCV state selector,src/nasdaq_research/research_features.py,build_feature_matrix,190,aff68e01b3cefd6b19b2abf4e7a772b65273645ca7ff3ab767ee75fa5a643117
PIT:fy_yoy_reference_fiscal_year,PIT_state_provenance,date,False,True,SEC whole-observation state plus observed session dates; no numeric OHLCV state selector,src/nasdaq_research/research_features.py,build_feature_matrix,190,aff68e01b3cefd6b19b2abf4e7a772b65273645ca7ff3ab767ee75fa5a643117
PIT:fy_yoy_reference_fiscal_year,PIT_state_provenance,volume,False,False,SEC whole-observation state plus observed session dates; no numeric OHLCV state selector,src/nasdaq_research/research_features.py,build_feature_matrix,190,aff68e01b3cefd6b19b2abf4e7a772b65273645ca7ff3ab767ee75fa5a643117
PIT:fy_yoy_reference_fiscal_period,PIT_state_provenance,SEC.whole_observation,False,True,SEC whole-observation state plus observed session dates; no numeric OHLCV state selector,src/nasdaq_research/research_features.py,build_feature_matrix,190,aff68e01b3cefd6b19b2abf4e7a772b65273645ca7ff3ab767ee75fa5a643117
PIT:fy_yoy_reference_fiscal_period,PIT_state_provenance,date,False,True,SEC whole-observation state plus observed session dates; no numeric OHLCV state selector,src/nasdaq_research/research_features.py,build_feature_matrix,190,aff68e01b3cefd6b19b2abf4e7a772b65273645ca7ff3ab767ee75fa5a643117
PIT:fy_yoy_reference_fiscal_period,PIT_state_provenance,volume,False,False,SEC whole-observation state plus observed session dates; no numeric OHLCV state selector,src/nasdaq_research/research_features.py,build_feature_matrix,190,aff68e01b3cefd6b19b2abf4e7a772b65273645ca7ff3ab767ee75fa5a643117
PIT:fy_yoy_reference_period_start,PIT_state_provenance,SEC.whole_observation,False,True,SEC whole-observation state plus observed session dates; no numeric OHLCV state selector,src/nasdaq_research/research_features.py,build_feature_matrix,190,aff68e01b3cefd6b19b2abf4e7a772b65273645ca7ff3ab767ee75fa5a643117
PIT:fy_yoy_reference_period_start,PIT_state_provenance,date,False,True,SEC whole-observation state plus observed session dates; no numeric OHLCV state selector,src/nasdaq_research/research_features.py,build_feature_matrix,190,aff68e01b3cefd6b19b2abf4e7a772b65273645ca7ff3ab767ee75fa5a643117
PIT:fy_yoy_reference_period_start,PIT_state_provenance,volume,False,False,SEC whole-observation state plus observed session dates; no numeric OHLCV state selector,src/nasdaq_research/research_features.py,build_feature_matrix,190,aff68e01b3cefd6b19b2abf4e7a772b65273645ca7ff3ab767ee75fa5a643117
PIT:fy_yoy_reference_period_end,PIT_state_provenance,SEC.whole_observation,False,True,SEC whole-observation state plus observed session dates; no numeric OHLCV state selector,src/nasdaq_research/research_features.py,build_feature_matrix,190,aff68e01b3cefd6b19b2abf4e7a772b65273645ca7ff3ab767ee75fa5a643117
PIT:fy_yoy_reference_period_end,PIT_state_provenance,date,False,True,SEC whole-observation state plus observed session dates; no numeric OHLCV state selector,src/nasdaq_research/research_features.py,build_feature_matrix,190,aff68e01b3cefd6b19b2abf4e7a772b65273645ca7ff3ab767ee75fa5a643117
PIT:fy_yoy_reference_period_end,PIT_state_provenance,volume,False,False,SEC whole-observation state plus observed session dates; no numeric OHLCV state selector,src/nasdaq_research/research_features.py,build_feature_matrix,190,aff68e01b3cefd6b19b2abf4e7a772b65273645ca7ff3ab767ee75fa5a643117
PIT:fy_yoy_reference_filing_date,PIT_state_provenance,SEC.whole_observation,False,True,SEC whole-observation state plus observed session dates; no numeric OHLCV state selector,src/nasdaq_research/research_features.py,build_feature_matrix,190,aff68e01b3cefd6b19b2abf4e7a772b65273645ca7ff3ab767ee75fa5a643117
PIT:fy_yoy_reference_filing_date,PIT_state_provenance,date,False,True,SEC whole-observation state plus observed session dates; no numeric OHLCV state selector,src/nasdaq_research/research_features.py,build_feature_matrix,190,aff68e01b3cefd6b19b2abf4e7a772b65273645ca7ff3ab767ee75fa5a643117
PIT:fy_yoy_reference_filing_date,PIT_state_provenance,volume,False,False,SEC whole-observation state plus observed session dates; no numeric OHLCV state selector,src/nasdaq_research/research_features.py,build_feature_matrix,190,aff68e01b3cefd6b19b2abf4e7a772b65273645ca7ff3ab767ee75fa5a643117
PIT:fy_yoy_reference_form,PIT_state_provenance,SEC.whole_observation,False,True,SEC whole-observation state plus observed session dates; no numeric OHLCV state selector,src/nasdaq_research/research_features.py,build_feature_matrix,190,aff68e01b3cefd6b19b2abf4e7a772b65273645ca7ff3ab767ee75fa5a643117
PIT:fy_yoy_reference_form,PIT_state_provenance,date,False,True,SEC whole-observation state plus observed session dates; no numeric OHLCV state selector,src/nasdaq_research/research_features.py,build_feature_matrix,190,aff68e01b3cefd6b19b2abf4e7a772b65273645ca7ff3ab767ee75fa5a643117
PIT:fy_yoy_reference_form,PIT_state_provenance,volume,False,False,SEC whole-observation state plus observed session dates; no numeric OHLCV state selector,src/nasdaq_research/research_features.py,build_feature_matrix,190,aff68e01b3cefd6b19b2abf4e7a772b65273645ca7ff3ab767ee75fa5a643117
PIT:fy_yoy_reference_data_period_type,PIT_state_provenance,SEC.whole_observation,False,True,SEC whole-observation state plus observed session dates; no numeric OHLCV state selector,src/nasdaq_research/research_features.py,build_feature_matrix,190,aff68e01b3cefd6b19b2abf4e7a772b65273645ca7ff3ab767ee75fa5a643117
PIT:fy_yoy_reference_data_period_type,PIT_state_provenance,date,False,True,SEC whole-observation state plus observed session dates; no numeric OHLCV state selector,src/nasdaq_research/research_features.py,build_feature_matrix,190,aff68e01b3cefd6b19b2abf4e7a772b65273645ca7ff3ab767ee75fa5a643117
PIT:fy_yoy_reference_data_period_type,PIT_state_provenance,volume,False,False,SEC whole-observation state plus observed session dates; no numeric OHLCV state selector,src/nasdaq_research/research_features.py,build_feature_matrix,190,aff68e01b3cefd6b19b2abf4e7a772b65273645ca7ff3ab767ee75fa5a643117
PIT:fy_yoy_reference_accession,PIT_state_provenance,SEC.whole_observation,False,True,SEC whole-observation state plus observed session dates; no numeric OHLCV state selector,src/nasdaq_research/research_features.py,build_feature_matrix,190,aff68e01b3cefd6b19b2abf4e7a772b65273645ca7ff3ab767ee75fa5a643117
PIT:fy_yoy_reference_accession,PIT_state_provenance,date,False,True,SEC whole-observation state plus observed session dates; no numeric OHLCV state selector,src/nasdaq_research/research_features.py,build_feature_matrix,190,aff68e01b3cefd6b19b2abf4e7a772b65273645ca7ff3ab767ee75fa5a643117
PIT:fy_yoy_reference_accession,PIT_state_provenance,volume,False,False,SEC whole-observation state plus observed session dates; no numeric OHLCV state selector,src/nasdaq_research/research_features.py,build_feature_matrix,190,aff68e01b3cefd6b19b2abf4e7a772b65273645ca7ff3ab767ee75fa5a643117
PIT:bs_cash_and_cash_equivalents,PIT_state_provenance,SEC.whole_observation,False,True,SEC whole-observation state plus observed session dates; no numeric OHLCV state selector,src/nasdaq_research/research_features.py,build_feature_matrix,190,aff68e01b3cefd6b19b2abf4e7a772b65273645ca7ff3ab767ee75fa5a643117
PIT:bs_cash_and_cash_equivalents,PIT_state_provenance,date,False,True,SEC whole-observation state plus observed session dates; no numeric OHLCV state selector,src/nasdaq_research/research_features.py,build_feature_matrix,190,aff68e01b3cefd6b19b2abf4e7a772b65273645ca7ff3ab767ee75fa5a643117
PIT:bs_cash_and_cash_equivalents,PIT_state_provenance,volume,False,False,SEC whole-observation state plus observed session dates; no numeric OHLCV state selector,src/nasdaq_research/research_features.py,build_feature_matrix,190,aff68e01b3cefd6b19b2abf4e7a772b65273645ca7ff3ab767ee75fa5a643117
PIT:bs_total_assets,PIT_state_provenance,SEC.whole_observation,False,True,SEC whole-observation state plus observed session dates; no numeric OHLCV state selector,src/nasdaq_research/research_features.py,build_feature_matrix,190,aff68e01b3cefd6b19b2abf4e7a772b65273645ca7ff3ab767ee75fa5a643117
PIT:bs_total_assets,PIT_state_provenance,date,False,True,SEC whole-observation state plus observed session dates; no numeric OHLCV state selector,src/nasdaq_research/research_features.py,build_feature_matrix,190,aff68e01b3cefd6b19b2abf4e7a772b65273645ca7ff3ab767ee75fa5a643117
PIT:bs_total_assets,PIT_state_provenance,volume,False,False,SEC whole-observation state plus observed session dates; no numeric OHLCV state selector,src/nasdaq_research/research_features.py,build_feature_matrix,190,aff68e01b3cefd6b19b2abf4e7a772b65273645ca7ff3ab767ee75fa5a643117
PIT:bs_total_liabilities,PIT_state_provenance,SEC.whole_observation,False,True,SEC whole-observation state plus observed session dates; no numeric OHLCV state selector,src/nasdaq_research/research_features.py,build_feature_matrix,190,aff68e01b3cefd6b19b2abf4e7a772b65273645ca7ff3ab767ee75fa5a643117
PIT:bs_total_liabilities,PIT_state_provenance,date,False,True,SEC whole-observation state plus observed session dates; no numeric OHLCV state selector,src/nasdaq_research/research_features.py,build_feature_matrix,190,aff68e01b3cefd6b19b2abf4e7a772b65273645ca7ff3ab767ee75fa5a643117
PIT:bs_total_liabilities,PIT_state_provenance,volume,False,False,SEC whole-observation state plus observed session dates; no numeric OHLCV state selector,src/nasdaq_research/research_features.py,build_feature_matrix,190,aff68e01b3cefd6b19b2abf4e7a772b65273645ca7ff3ab767ee75fa5a643117
PIT:bs_stockholders_equity,PIT_state_provenance,SEC.whole_observation,False,True,SEC whole-observation state plus observed session dates; no numeric OHLCV state selector,src/nasdaq_research/research_features.py,build_feature_matrix,190,aff68e01b3cefd6b19b2abf4e7a772b65273645ca7ff3ab767ee75fa5a643117
PIT:bs_stockholders_equity,PIT_state_provenance,date,False,True,SEC whole-observation state plus observed session dates; no numeric OHLCV state selector,src/nasdaq_research/research_features.py,build_feature_matrix,190,aff68e01b3cefd6b19b2abf4e7a772b65273645ca7ff3ab767ee75fa5a643117
PIT:bs_stockholders_equity,PIT_state_provenance,volume,False,False,SEC whole-observation state plus observed session dates; no numeric OHLCV state selector,src/nasdaq_research/research_features.py,build_feature_matrix,190,aff68e01b3cefd6b19b2abf4e7a772b65273645ca7ff3ab767ee75fa5a643117
PIT:bs_current_assets,PIT_state_provenance,SEC.whole_observation,False,True,SEC whole-observation state plus observed session dates; no numeric OHLCV state selector,src/nasdaq_research/research_features.py,build_feature_matrix,190,aff68e01b3cefd6b19b2abf4e7a772b65273645ca7ff3ab767ee75fa5a643117
PIT:bs_current_assets,PIT_state_provenance,date,False,True,SEC whole-observation state plus observed session dates; no numeric OHLCV state selector,src/nasdaq_research/research_features.py,build_feature_matrix,190,aff68e01b3cefd6b19b2abf4e7a772b65273645ca7ff3ab767ee75fa5a643117
PIT:bs_current_assets,PIT_state_provenance,volume,False,False,SEC whole-observation state plus observed session dates; no numeric OHLCV state selector,src/nasdaq_research/research_features.py,build_feature_matrix,190,aff68e01b3cefd6b19b2abf4e7a772b65273645ca7ff3ab767ee75fa5a643117
PIT:bs_current_liabilities,PIT_state_provenance,SEC.whole_observation,False,True,SEC whole-observation state plus observed session dates; no numeric OHLCV state selector,src/nasdaq_research/research_features.py,build_feature_matrix,190,aff68e01b3cefd6b19b2abf4e7a772b65273645ca7ff3ab767ee75fa5a643117
PIT:bs_current_liabilities,PIT_state_provenance,date,False,True,SEC whole-observation state plus observed session dates; no numeric OHLCV state selector,src/nasdaq_research/research_features.py,build_feature_matrix,190,aff68e01b3cefd6b19b2abf4e7a772b65273645ca7ff3ab767ee75fa5a643117
PIT:bs_current_liabilities,PIT_state_provenance,volume,False,False,SEC whole-observation state plus observed session dates; no numeric OHLCV state selector,src/nasdaq_research/research_features.py,build_feature_matrix,190,aff68e01b3cefd6b19b2abf4e7a772b65273645ca7ff3ab767ee75fa5a643117
PIT:bs_long_term_debt,PIT_state_provenance,SEC.whole_observation,False,True,SEC whole-observation state plus observed session dates; no numeric OHLCV state selector,src/nasdaq_research/research_features.py,build_feature_matrix,190,aff68e01b3cefd6b19b2abf4e7a772b65273645ca7ff3ab767ee75fa5a643117
PIT:bs_long_term_debt,PIT_state_provenance,date,False,True,SEC whole-observation state plus observed session dates; no numeric OHLCV state selector,src/nasdaq_research/research_features.py,build_feature_matrix,190,aff68e01b3cefd6b19b2abf4e7a772b65273645ca7ff3ab767ee75fa5a643117
PIT:bs_long_term_debt,PIT_state_provenance,volume,False,False,SEC whole-observation state plus observed session dates; no numeric OHLCV state selector,src/nasdaq_research/research_features.py,build_feature_matrix,190,aff68e01b3cefd6b19b2abf4e7a772b65273645ca7ff3ab767ee75fa5a643117
PIT:fundamental_effective_date_is_sample_truncated,PIT_state_provenance,SEC.whole_observation,False,True,SEC whole-observation state plus observed session dates; no numeric OHLCV state selector,src/nasdaq_research/research_features.py,build_feature_matrix,190,aff68e01b3cefd6b19b2abf4e7a772b65273645ca7ff3ab767ee75fa5a643117
PIT:fundamental_effective_date_is_sample_truncated,PIT_state_provenance,date,False,True,SEC whole-observation state plus observed session dates; no numeric OHLCV state selector,src/nasdaq_research/research_features.py,build_feature_matrix,190,aff68e01b3cefd6b19b2abf4e7a772b65273645ca7ff3ab767ee75fa5a643117
PIT:fundamental_effective_date_is_sample_truncated,PIT_state_provenance,volume,False,False,SEC whole-observation state plus observed session dates; no numeric OHLCV state selector,src/nasdaq_research/research_features.py,build_feature_matrix,190,aff68e01b3cefd6b19b2abf4e7a772b65273645ca7ff3ab767ee75fa5a643117
PIT:fundamental_effective_date_basis,PIT_state_provenance,SEC.whole_observation,False,True,SEC whole-observation state plus observed session dates; no numeric OHLCV state selector,src/nasdaq_research/research_features.py,build_feature_matrix,190,aff68e01b3cefd6b19b2abf4e7a772b65273645ca7ff3ab767ee75fa5a643117
PIT:fundamental_effective_date_basis,PIT_state_provenance,date,False,True,SEC whole-observation state plus observed session dates; no numeric OHLCV state selector,src/nasdaq_research/research_features.py,build_feature_matrix,190,aff68e01b3cefd6b19b2abf4e7a772b65273645ca7ff3ab767ee75fa5a643117
PIT:fundamental_effective_date_basis,PIT_state_provenance,volume,False,False,SEC whole-observation state plus observed session dates; no numeric OHLCV state selector,src/nasdaq_research/research_features.py,build_feature_matrix,190,aff68e01b3cefd6b19b2abf4e7a772b65273645ca7ff3ab767ee75fa5a643117
normalization_row_eligibility,preprocessing_validity_guard,close,True,False,to_numeric(errors=coerce); dropna(subset=REQUIRED_COLUMNS); date dedup/sort,src/nasdaq_research/data.py,standardize_history,85,adaa407fa48c84de4f2afca8086ee89987ab18f2571eb398034294d515652c0b
normalization_row_eligibility,preprocessing_validity_guard,date,True,False,to_numeric(errors=coerce); dropna(subset=REQUIRED_COLUMNS); date dedup/sort,src/nasdaq_research/data.py,standardize_history,85,adaa407fa48c84de4f2afca8086ee89987ab18f2571eb398034294d515652c0b
normalization_row_eligibility,preprocessing_validity_guard,high,True,False,to_numeric(errors=coerce); dropna(subset=REQUIRED_COLUMNS); date dedup/sort,src/nasdaq_research/data.py,standardize_history,85,adaa407fa48c84de4f2afca8086ee89987ab18f2571eb398034294d515652c0b
normalization_row_eligibility,preprocessing_validity_guard,low,True,False,to_numeric(errors=coerce); dropna(subset=REQUIRED_COLUMNS); date dedup/sort,src/nasdaq_research/data.py,standardize_history,85,adaa407fa48c84de4f2afca8086ee89987ab18f2571eb398034294d515652c0b
normalization_row_eligibility,preprocessing_validity_guard,open,True,False,to_numeric(errors=coerce); dropna(subset=REQUIRED_COLUMNS); date dedup/sort,src/nasdaq_research/data.py,standardize_history,85,adaa407fa48c84de4f2afca8086ee89987ab18f2571eb398034294d515652c0b
normalization_row_eligibility,preprocessing_validity_guard,volume,True,False,to_numeric(errors=coerce); dropna(subset=REQUIRED_COLUMNS); date dedup/sort,src/nasdaq_research/data.py,standardize_history,85,adaa407fa48c84de4f2afca8086ee89987ab18f2571eb398034294d515652c0b
feature_input_validity,preprocessing_validity_guard,close,True,False,"OHLCV finite/numeric; prices > 0; Volume >= 0; unique ascending dates; reject, no cleaning",src/nasdaq_research/features.py,_validate_input,22,f5ed8367e7f2360291d259d1bc4fac1eadb263522102272655c7e02cc9793f8a
feature_input_validity,preprocessing_validity_guard,date,True,False,"OHLCV finite/numeric; prices > 0; Volume >= 0; unique ascending dates; reject, no cleaning",src/nasdaq_research/features.py,_validate_input,22,f5ed8367e7f2360291d259d1bc4fac1eadb263522102272655c7e02cc9793f8a
feature_input_validity,preprocessing_validity_guard,high,True,False,"OHLCV finite/numeric; prices > 0; Volume >= 0; unique ascending dates; reject, no cleaning",src/nasdaq_research/features.py,_validate_input,22,f5ed8367e7f2360291d259d1bc4fac1eadb263522102272655c7e02cc9793f8a
feature_input_validity,preprocessing_validity_guard,low,True,False,"OHLCV finite/numeric; prices > 0; Volume >= 0; unique ascending dates; reject, no cleaning",src/nasdaq_research/features.py,_validate_input,22,f5ed8367e7f2360291d259d1bc4fac1eadb263522102272655c7e02cc9793f8a
feature_input_validity,preprocessing_validity_guard,open,True,False,"OHLCV finite/numeric; prices > 0; Volume >= 0; unique ascending dates; reject, no cleaning",src/nasdaq_research/features.py,_validate_input,22,f5ed8367e7f2360291d259d1bc4fac1eadb263522102272655c7e02cc9793f8a
feature_input_validity,preprocessing_validity_guard,volume,True,False,"OHLCV finite/numeric; prices > 0; Volume >= 0; unique ascending dates; reject, no cleaning",src/nasdaq_research/features.py,_validate_input,22,f5ed8367e7f2360291d259d1bc4fac1eadb263522102272655c7e02cc9793f8a
