date,fold,model_name,feature_spec,feature_name,z_value,coefficient,feature_contribution,intercept,prediction,contribution_rank_by_absolute_value,positive_contribution_rank,negative_contribution_rank
2026-02-26,cv_1,ols_market,market,simple_return,-2.4170638621035776,0.09587014127586906,-0.23172425393266766,-0.0011279772152137841,0.0035589777333347797,2.0,,1.0
2026-02-27,cv_1,ols_market,market,simple_return,-1.8479175994152086,0.09587014127586906,-0.17716012132210085,-0.0011279772152137841,0.0012031913120792686,2.0,,1.0
2026-03-02,cv_1,ols_market,market,simple_return,1.3030741374174255,0.09587014127586906,0.12492590164713979,-0.0011279772152137841,-0.030284910811234803,2.0,1.0,
2026-03-03,cv_1,ols_market,market,simple_return,-0.5994475282630221,0.09587014127586906,-0.057469119222046436,-0.0011279772152137841,0.0011491928226150612,2.0,,1.0
2026-03-04,cv_1,ols_market,market,simple_return,0.7192267729872202,0.09587014127586906,0.0689523723356722,-0.0011279772152137841,0.003173756744984403,2.0,1.0,
2026-03-05,cv_1,ols_market,market,simple_return,0.05962630625487733,0.09587014127586906,0.005716382404413325,-0.0011279772152137841,0.00888450107633885,3.0,2.0,
2026-03-06,cv_1,ols_market,market,simple_return,-1.3394302332228158,0.09587014127586906,-0.1284113656882416,-0.0011279772152137841,0.024185146671559157,2.0,,1.0
2026-03-09,cv_1,ols_market,market,simple_return,1.1844096025484345,0.09587014127586906,0.11354951592481434,-0.0011279772152137841,0.0010266153968642789,2.0,1.0,
2026-03-10,cv_1,ols_market,market,simple_return,0.4989042302007102,0.09587014127586906,0.047830019032470784,-0.0011279772152137841,0.006342659594801854,2.0,1.0,
2026-03-11,cv_1,ols_market,market,simple_return,0.28791512538012876,0.09587014127586906,0.027602463745652495,-0.0011279772152137841,0.008493681211779004,2.0,1.0,
2026-03-12,cv_1,ols_market,market,simple_return,-0.6972207127853381,0.09587014127586906,-0.0668426482351925,-0.0011279772152137841,0.01601458623672213,2.0,,1.0
2026-03-13,cv_1,ols_market,market,simple_return,-0.7080241688957817,0.09587014127586906,-0.06787837709876836,-0.0011279772152137841,0.018236252223456095,2.0,,1.0
2026-03-16,cv_1,ols_market,market,simple_return,0.7135276885487742,0.09587014127586906,0.06840600030541528,-0.0011279772152137841,0.0022331660107530555,2.0,1.0,
2026-03-17,cv_1,ols_market,market,simple_return,-0.32288245707768104,0.09587014127586906,-0.030954786775537008,-0.0011279772152137841,0.0163730471981831,2.0,,1.0
2026-03-18,cv_1,ols_market,market,simple_return,-0.3832155429840946,0.09587014127586906,-0.03673892824499402,-0.0011279772152137841,0.0204558400605189,2.0,,1.0
2026-03-19,cv_1,ols_market,market,simple_return,-0.46208653074873896,0.09587014127586906,-0.04430030098455781,-0.0011279772152137841,0.020405984793125283,2.0,,1.0
2026-03-20,cv_1,ols_market,market,simple_return,-1.4588646602259687,0.09587014127586906,-0.13986156107823633,-0.0011279772152137841,0.041754820946802086,2.0,,1.0
2026-03-23,cv_1,ols_market,market,simple_return,0.7376172757172443,0.09587014127586906,0.07071547243053387,-0.0011279772152137841,0.028889896418082463,2.0,1.0,
2026-03-24,cv_1,ols_market,market,simple_return,-0.12300191998427147,0.09587014127586906,-0.011792211446095248,-0.0011279772152137841,0.0363002950450867,2.0,,1.0
2026-03-25,cv_1,ols_market,market,simple_return,0.8627395659116651,0.09587014127586906,0.08271096406823328,-0.0011279772152137841,0.029878045397793034,2.0,1.0,
2026-03-26,cv_1,ols_market,market,simple_return,-1.8475758743490007,0.09587014127586906,-0.177127360091726,-0.0011279772152137841,0.06490554462909343,2.0,,1.0
2026-03-27,cv_1,ols_market,market,simple_return,-0.9699540623807882,0.09587014127586906,-0.09298963299154928,-0.0011279772152137841,0.05936825770504475,2.0,,1.0
2026-03-30,cv_1,ols_market,market,simple_return,-0.6308124994234066,0.09587014127586906,-0.06047608343830605,-0.0011279772152137841,0.06780611100385973,3.0,,1.0
2026-03-31,cv_1,ols_market,market,simple_return,2.450052983661503,0.09587014127586906,0.23488692567699276,-0.0011279772152137841,0.03537437314582433,2.0,1.0,
2026-04-01,cv_1,ols_market,market,simple_return,0.3285292230709871,0.09587014127586906,0.03149614302906703,-0.0011279772152137841,0.05770492741203789,3.0,2.0,
2026-02-26,cv_1,ols_market,market,log_return,-2.4806763040878472,-0.10135172391489897,0.25142081989414344,-0.0011279772152137841,0.0035589777333347797,1.0,1.0,
2026-02-27,cv_1,ols_market,market,log_return,-1.88110802557289,-0.10135172391489897,0.19065354126196427,-0.0011279772152137841,0.0012031913120792686,1.0,1.0,
2026-03-02,cv_1,ols_market,market,log_return,1.2986958877536354,-0.10135172391489897,-0.13162506706502108,-0.0011279772152137841,-0.030284910811234803,1.0,,1.0
2026-03-03,cv_1,ols_market,market,log_return,-0.5937224710856602,-0.10135172391489897,0.060174795971545424,-0.0011279772152137841,0.0011491928226150612,1.0,1.0,
2026-03-04,cv_1,ols_market,market,log_return,0.726520038329253,-0.10135172391489897,-0.07363405834338826,-0.0011279772152137841,0.003173756744984403,1.0,,1.0
2026-03-05,cv_1,ols_market,market,log_return,0.07106543746570254,-0.10135172391489897,-0.007202604597915402,-0.0011279772152137841,0.00888450107633885,2.0,,1.0
2026-03-06,cv_1,ols_market,market,log_return,-1.352235920047544,-0.10135172391489897,0.13705144163646807,-0.0011279772152137841,0.024185146671559157,1.0,1.0,
2026-03-09,cv_1,ols_market,market,log_return,1.183001854941747,-0.10135172391489897,-0.11989927739286929,-0.0011279772152137841,0.0010266153968642789,1.0,,1.0
2026-03-10,cv_1,ols_market,market,log_return,0.5086618696552165,-0.10135172391489897,-0.05155375737933183,-0.0011279772152137841,0.006342659594801854,1.0,,1.0
2026-03-11,cv_1,ols_market,market,log_return,0.2990211473639305,-0.10135172391489897,-0.0303063087723454,-0.0011279772152137841,0.008493681211779004,1.0,,1.0
2026-03-12,cv_1,ols_market,market,log_return,-0.6932007599888219,-0.10135172391489897,0.07025709204398523,-0.0011279772152137841,0.01601458623672213,1.0,1.0,
2026-03-13,cv_1,ols_market,market,log_return,-0.7042063733464746,-0.10135172391489897,0.07137252993052416,-0.0011279772152137841,0.018236252223456095,1.0,1.0,
2026-03-16,cv_1,ols_market,market,log_return,0.7208982104648526,-0.10135172391489897,-0.07306427639777847,-0.0011279772152137841,0.0022331660107530555,1.0,,1.0
2026-03-17,cv_1,ols_market,market,log_return,-0.3135408507515162,-0.10135172391489897,0.03177790574141021,-0.0011279772152137841,0.0163730471981831,1.0,1.0,
2026-03-18,cv_1,ols_market,market,log_return,-0.3745115775321095,-0.10135172391489897,0.037957394008967645,-0.0011279772152137841,0.0204558400605189,1.0,1.0,
2026-03-19,cv_1,ols_market,market,log_return,-0.45434320294845765,-0.10135172391489897,0.04604846686784299,-0.0011279772152137841,0.020405984793125283,1.0,1.0,
2026-03-20,cv_1,ols_market,market,log_return,-1.4758908091472938,-0.10135172391489897,0.14958407781723335,-0.0011279772152137841,0.041754820946802086,1.0,1.0,
2026-03-23,cv_1,ols_market,market,log_return,0.744656364031255,-0.10135172391489897,-0.07547220621876825,-0.0011279772152137841,0.028889896418082463,1.0,,1.0
2026-03-24,cv_1,ols_market,market,log_return,-0.11214673668626411,-0.10135172391489897,0.01136626509458311,-0.0011279772152137841,0.0363002950450867,3.0,2.0,
2026-03-25,cv_1,ols_market,market,log_return,0.8678521253165767,-0.10135172391489897,-0.08795830900404399,-0.0011279772152137841,0.029878045397793034,1.0,,1.0
2026-03-26,cv_1,ols_market,market,log_return,-1.8807504671838813,-0.10135172391489897,0.19061730210283798,-0.0011279772152137841,0.06490554462909343,1.0,1.0,
2026-03-27,cv_1,ols_market,market,log_return,-0.9718798467044744,-0.10135172391489897,0.09850169790164622,-0.0011279772152137841,0.05936825770504475,1.0,1.0,
2026-03-30,cv_1,ols_market,market,log_return,-0.6256100384447788,-0.10135172391489897,0.06340665589484455,-0.0011279772152137841,0.06780611100385973,1.0,1.0,
2026-03-31,cv_1,ols_market,market,log_return,2.401621309950501,-0.10135172391489897,-0.24340845995424115,-0.0011279772152137841,0.03537437314582433,1.0,,1.0
2026-04-01,cv_1,ols_market,market,log_return,0.3394530601977495,-0.10135172391489897,-0.03440415283922989,-0.0011279772152137841,0.05770492741203789,2.0,,1.0
2026-02-26,cv_1,ols_market,market,intraday_return,-2.3372585241065806,-0.00514150060634045,0.01201701611886837,-0.0011279772152137841,0.0035589777333347797,4.0,2.0,
2026-02-27,cv_1,ols_market,market,intraday_return,-0.996720047288534,-0.00514150060634045,0.00512463672748568,-0.0011279772152137841,0.0012031913120792686,5.0,2.0,
2026-03-02,cv_1,ols_market,market,intraday_return,2.3740419416463188,-0.00514150060634045,-0.012206138082452208,-0.0011279772152137841,-0.030284910811234803,3.0,,2.0
2026-03-03,cv_1,ols_market,market,intraday_return,0.6160659525475013,-0.00514150060634045,-0.003167503468568685,-0.0011279772152137841,0.0011491928226150612,5.0,,3.0
2026-03-04,cv_1,ols_market,market,intraday_return,0.9096824548666197,-0.00514150060634045,-0.004677132893273994,-0.0011279772152137841,0.003173756744984403,5.0,,3.0
2026-03-05,cv_1,ols_market,market,intraday_return,0.7837523675591274,-0.00514150060634045,-0.004029663273026017,-0.0011279772152137841,0.00888450107633885,5.0,,3.0
2026-03-06,cv_1,ols_market,market,intraday_return,-0.418320500961559,-0.00514150060634045,0.0021507951093384966,-0.0011279772152137841,0.024185146671559157,5.0,3.0,
2026-03-09,cv_1,ols_market,market,intraday_return,1.868019992266857,-0.00514150060634045,-0.009604425922896129,-0.0011279772152137841,0.0010266153968642789,4.0,,2.0
2026-03-10,cv_1,ols_market,market,intraday_return,0.8363615725328166,-0.00514150060634045,-0.004300153532297329,-0.0011279772152137841,0.006342659594801854,4.0,,2.0
2026-03-11,cv_1,ols_market,market,intraday_return,0.19683818053538596,-0.00514150060634045,-0.0010120436245736378,-0.0011279772152137841,0.008493681211779004,4.0,,2.0
2026-03-12,cv_1,ols_market,market,intraday_return,-0.09266484619973402,-0.00514150060634045,0.000476436362922377,-0.0011279772152137841,0.01601458623672213,5.0,4.0,
2026-03-13,cv_1,ols_market,market,intraday_return,-1.1445417571201684,-0.00514150060634045,0.00588466213821531,-0.0011279772152137841,0.018236252223456095,4.0,3.0,
2026-03-16,cv_1,ols_market,market,intraday_return,0.23417453032691898,-0.00514150060634045,-0.0012040084896653442,-0.0011279772152137841,0.0022331660107530555,4.0,,2.0
2026-03-17,cv_1,ols_market,market,intraday_return,-0.7125644608526447,-0.00514150060634045,0.0036636506075305286,-0.0011279772152137841,0.0163730471981831,4.0,3.0,
2026-03-18,cv_1,ols_market,market,intraday_return,-0.42693727402006154,-0.00514150060634045,0.0021950982532434856,-0.0011279772152137841,0.0204558400605189,4.0,3.0,
2026-03-19,cv_1,ols_market,market,intraday_return,0.32343138113430797,-0.00514150060634045,-0.0016629226422115737,-0.0011279772152137841,0.020405984793125283,4.0,,2.0
2026-03-20,cv_1,ols_market,market,intraday_return,-1.3786986982224727,-0.00514150060634045,0.007088580192871633,-0.0011279772152137841,0.041754820946802086,4.0,3.0,
2026-03-23,cv_1,ols_market,market,intraday_return,-0.30991797823455464,-0.00514150060634045,0.0015934434730087692,-0.0011279772152137841,0.028889896418082463,4.0,3.0,
2026-03-24,cv_1,ols_market,market,intraday_return,0.2730165932668927,-0.00514150060634045,-0.0014037149798227328,-0.0011279772152137841,0.0363002950450867,5.0,,3.0
2026-03-25,cv_1,ols_market,market,intraday_return,0.6254643360825112,-0.00514150060634045,-0.0032158252632125584,-0.0011279772152137841,0.029878045397793034,4.0,,2.0
2026-03-26,cv_1,ols_market,market,intraday_return,-1.2573502408234656,-0.00514150060634045,0.00646466702557616,-0.0011279772152137841,0.06490554462909343,4.0,3.0,
2026-03-27,cv_1,ols_market,market,intraday_return,-0.5921362147157209,-0.00514150060634045,0.003044468706997018,-0.0011279772152137841,0.05936825770504475,4.0,3.0,
2026-03-30,cv_1,ols_market,market,intraday_return,-0.9443488367388482,-0.00514150060634045,0.004855370116689687,-0.0011279772152137841,0.06780611100385973,4.0,3.0,
2026-03-31,cv_1,ols_market,market,intraday_return,2.468078992591735,-0.00514150060634045,-0.012689629636906532,-0.0011279772152137841,0.03537437314582433,4.0,,2.0
2026-04-01,cv_1,ols_market,market,intraday_return,0.08984196574320606,-0.00514150060634045,-0.00046192252134351195,-0.0011279772152137841,0.05770492741203789,7.0,,4.0
2026-02-26,cv_1,ols_market,market,daily_range,1.687895078463977,-0.0009372509393205785,-0.001581981247764944,-0.0011279772152137841,0.0035589777333347797,6.0,,4.0
2026-02-27,cv_1,ols_market,market,daily_range,0.37519350440287685,-0.0009372509393205785,-0.00035165046442857596,-0.0011279772152137841,0.0012031913120792686,6.0,,4.0
2026-03-02,cv_1,ols_market,market,daily_range,1.299179640795534,-0.0009372509393205785,-0.001217657338681786,-0.0011279772152137841,-0.030284910811234803,6.0,,5.0
2026-03-03,cv_1,ols_market,market,daily_range,-0.5248081053330967,-0.0009372509393205785,0.000491876889686498,-0.0011279772152137841,0.0011491928226150612,6.0,3.0,
2026-03-04,cv_1,ols_market,market,daily_range,-0.2991700913018975,-0.0009372509393205785,0.00028039744908932665,-0.0011279772152137841,0.003173756744984403,6.0,3.0,
2026-03-05,cv_1,ols_market,market,daily_range,0.2820614466808481,-0.0009372509393205785,-0.00026436235584774615,-0.0011279772152137841,0.00888450107633885,6.0,,4.0
2026-03-06,cv_1,ols_market,market,daily_range,0.2609675349584487,-0.0009372509393205785,-0.00024459206727198195,-0.0011279772152137841,0.024185146671559157,6.0,,3.0
2026-03-09,cv_1,ols_market,market,daily_range,0.736376695015668,-0.0009372509393205785,-0.000690169749097218,-0.0011279772152137841,0.0010266153968642789,6.0,,4.0
2026-03-10,cv_1,ols_market,market,daily_range,-0.39470838535108216,-0.0009372509393205785,0.0003699408049280106,-0.0011279772152137841,0.006342659594801854,5.0,3.0,
2026-03-11,cv_1,ols_market,market,daily_range,-0.8770092651668209,-0.0009372509393205785,0.0008219777575704532,-0.0011279772152137841,0.008493681211779004,5.0,3.0,
2026-03-12,cv_1,ols_market,market,daily_range,-0.8507139826945879,-0.0009372509393205785,0.0007973324793736528,-0.0011279772152137841,0.01601458623672213,4.0,3.0,
2026-03-13,cv_1,ols_market,market,daily_range,0.31067171487436646,-0.0009372509393205785,-0.0002911773565863349,-0.0011279772152137841,0.018236252223456095,7.0,,4.0
2026-03-16,cv_1,ols_market,market,daily_range,0.7732144992928763,-0.0009372509393205785,-0.0007246960157585392,-0.0011279772152137841,0.0022331660107530555,5.0,,3.0
2026-03-17,cv_1,ols_market,market,daily_range,-0.6400724168807912,-0.0009372509393205785,0.0005999084739547145,-0.0011279772152137841,0.0163730471981831,5.0,4.0,
2026-03-18,cv_1,ols_market,market,daily_range,-0.8862832844711069,-0.0009372509393205785,0.0008306698408746724,-0.0011279772152137841,0.0204558400605189,5.0,4.0,
2026-03-19,cv_1,ols_market,market,daily_range,-0.43019350806621753,-0.0009372509393205785,0.00040319926952467723,-0.0011279772152137841,0.020405984793125283,6.0,3.0,
2026-03-20,cv_1,ols_market,market,daily_range,0.5714382938581405,-0.0009372509393205785,-0.000535581077682291,-0.0011279772152137841,0.041754820946802086,7.0,,4.0
2026-03-23,cv_1,ols_market,market,daily_range,-0.6327028060648012,-0.0009372509393205785,0.0005930012992950008,-0.0011279772152137841,0.028889896418082463,7.0,4.0,
2026-03-24,cv_1,ols_market,market,daily_range,-1.1728923007710828,-0.0009372509393205785,0.0010992944106195718,-0.0011279772152137841,0.0363002950450867,6.0,3.0,
2026-03-25,cv_1,ols_market,market,daily_range,-0.3612380257258138,-0.0009372509393205785,0.0003385706789298303,-0.0011279772152137841,0.029878045397793034,7.0,3.0,
2026-03-26,cv_1,ols_market,market,daily_range,0.11875541459271036,-0.0009372509393205785,-0.00011130362387642252,-0.0011279772152137841,0.06490554462909343,6.0,,3.0
2026-03-27,cv_1,ols_market,market,daily_range,-0.418128782730312,-0.0009372509393205785,0.000391891594370955,-0.0011279772152137841,0.05936825770504475,7.0,5.0,
2026-03-30,cv_1,ols_market,market,daily_range,0.11890266608210526,-0.0009372509393205785,-0.00011144163547317424,-0.0011279772152137841,0.06780611100385973,7.0,,3.0
2026-03-31,cv_1,ols_market,market,daily_range,0.9923565698207577,-0.0009372509393205785,-0.0009300871272054523,-0.0011279772152137841,0.03537437314582433,7.0,,5.0
2026-04-01,cv_1,ols_market,market,daily_range,-1.0253210729081033,-0.0009372509393205785,0.0009609831386883031,-0.0011279772152137841,0.05770492741203789,5.0,3.0,
2026-02-26,cv_1,ols_market,market,sma_5,0.8888927829166922,-0.024054614437065337,-0.02138197316895105,-0.0011279772152137841,0.0035589777333347797,3.0,,2.0
2026-02-27,cv_1,ols_market,market,sma_5,0.4393540052513473,-0.024054614437065337,-0.010568491197701538,-0.0011279772152137841,0.0012031913120792686,3.0,,2.0
2026-03-02,cv_1,ols_market,market,sma_5,0.11652594273066647,-0.024054614437065337,-0.0028029866243017383,-0.0011279772152137841,-0.030284910811234803,5.0,,4.0
2026-03-03,cv_1,ols_market,market,sma_5,-0.3390635664887884,-0.024054614437065337,0.008156043361544072,-0.0011279772152137841,0.0011491928226150612,3.0,2.0,
2026-03-04,cv_1,ols_market,market,sma_5,-0.7846871010185426,-0.024054614437065337,0.01887534566873958,-0.0011279772152137841,0.003173756744984403,3.0,2.0,
2026-03-05,cv_1,ols_market,market,sma_5,-0.8398562386182502,-0.024054614437065337,0.02020241800252595,-0.0011279772152137841,0.00888450107633885,1.0,1.0,
2026-03-06,cv_1,ols_market,market,sma_5,-0.8174325240139656,-0.024054614437065337,0.019663024193473096,-0.0011279772152137841,0.024185146671559157,3.0,2.0,
2026-03-09,cv_1,ols_market,market,sma_5,-0.8113817924598606,-0.024054614437065337,0.019517476178876916,-0.0011279772152137841,0.0010266153968642789,3.0,2.0,
2026-03-10,cv_1,ols_market,market,sma_5,-0.6433831575407805,-0.024054614437065337,0.01547633378994514,-0.0011279772152137841,0.006342659594801854,3.0,2.0,
2026-03-11,cv_1,ols_market,market,sma_5,-0.5369601254769708,-0.024054614437065337,0.012916368786426756,-0.0011279772152137841,0.008493681211779004,3.0,2.0,
2026-03-12,cv_1,ols_market,market,sma_5,-0.5440786012403405,-0.024054614437065337,0.013087600976294208,-0.0011279772152137841,0.01601458623672213,3.0,2.0,
2026-03-13,cv_1,ols_market,market,sma_5,-0.45758806166082305,-0.024054614437065337,0.011007104394255177,-0.0011279772152137841,0.018236252223456095,3.0,2.0,
2026-03-16,cv_1,ols_market,market,sma_5,-0.4372998354750729,-0.024054614437065337,0.010519078935744984,-0.0011279772152137841,0.0022331660107530555,3.0,2.0,
2026-03-17,cv_1,ols_market,market,sma_5,-0.5383841464925742,-0.024054614437065337,0.012950623062907373,-0.0011279772152137841,0.0163730471981831,3.0,2.0,
2026-03-18,cv_1,ols_market,market,sma_5,-0.7387724707056297,-0.024054614437065337,0.01777088693954207,-0.0011279772152137841,0.0204558400605189,3.0,2.0,
2026-03-19,cv_1,ols_market,market,sma_5,-0.9017881182798596,-0.024054614437065337,0.021692165489148697,-0.0011279772152137841,0.020405984793125283,3.0,2.0,
2026-03-20,cv_1,ols_market,market,sma_5,-1.1705147874100923,-0.024054614437065337,0.02815628190403327,-0.0011279772152137841,0.041754820946802086,3.0,2.0,
2026-03-23,cv_1,ols_market,market,sma_5,-1.4403092007495948,-0.024054614437065337,0.03464608249418924,-0.0011279772152137841,0.028889896418082463,3.0,2.0,
2026-03-24,cv_1,ols_market,market,sma_5,-1.6798494132136415,-0.024054614437065337,0.040408129947184596,-0.0011279772152137841,0.0363002950450867,1.0,1.0,
2026-03-25,cv_1,ols_market,market,sma_5,-1.7410692823674543,-0.024054614437065337,0.041880750295567155,-0.0011279772152137841,0.029878045397793034,3.0,2.0,
2026-03-26,cv_1,ols_market,market,sma_5,-2.0016091884201668,-0.024054614437065337,0.048147937281134374,-0.0011279772152137841,0.06490554462909343,3.0,2.0,
2026-03-27,cv_1,ols_market,market,sma_5,-2.185980263284521,-0.024054614437065337,0.052582912400343726,-0.0011279772152137841,0.05936825770504475,3.0,2.0,
2026-03-30,cv_1,ols_market,market,sma_5,-2.5586381992537004,-0.024054614437065337,0.06154705536699492,-0.0011279772152137841,0.06780611100385973,2.0,2.0,
2026-03-31,cv_1,ols_market,market,sma_5,-2.5871126454120796,-0.024054614437065337,0.062231997190643706,-0.0011279772152137841,0.03537437314582433,3.0,2.0,
2026-04-01,cv_1,ols_market,market,sma_5,-2.6913996459524796,-0.024054614437065337,0.06474058077944106,-0.0011279772152137841,0.05770492741203789,1.0,1.0,
2026-02-26,cv_1,ols_market,market,sma_20,0.2327619314023421,0.0011202034049954575,0.0002607407081102227,-0.0011279772152137841,0.0035589777333347797,7.0,3.0,
2026-02-27,cv_1,ols_market,market,sma_20,0.002931514651451209,0.0011202034049954575,3.283892694349716e-06,-0.0011279772152137841,0.0012031913120792686,7.0,3.0,
2026-03-02,cv_1,ols_market,market,sma_20,-0.12683586385401718,0.0011202034049954575,-0.00014208196656481032,-0.0011279772152137841,-0.030284910811234803,7.0,,6.0
2026-03-03,cv_1,ols_market,market,sma_20,-0.21024690940599347,0.0011202034049954575,-0.00023551930380636535,-0.0011279772152137841,0.0011491928226150612,7.0,,4.0
2026-03-04,cv_1,ols_market,market,sma_20,-0.16974157355527464,0.0011202034049954575,-0.00019014508866590555,-0.0011279772152137841,0.003173756744984403,7.0,,4.0
2026-03-05,cv_1,ols_market,market,sma_20,-0.032473427363322406,0.0011202034049954575,-3.637684390426642e-05,-0.0011279772152137841,0.00888450107633885,7.0,,5.0
2026-03-06,cv_1,ols_market,market,sma_20,0.05663844885561773,0.0011202034049954575,6.344658326172405e-05,-0.0011279772152137841,0.024185146671559157,7.0,4.0,
2026-03-09,cv_1,ols_market,market,sma_20,0.015232801126750668,0.0011202034049954575,1.706383568980474e-05,-0.0011279772152137841,0.0010266153968642789,7.0,3.0,
2026-03-10,cv_1,ols_market,market,sma_20,-0.06382753820709593,0.0011202034049954575,-7.149982563206651e-05,-0.0011279772152137841,0.006342659594801854,7.0,,4.0
2026-03-11,cv_1,ols_market,market,sma_20,-0.1014824587243371,0.0011202034049954575,-0.0001136809958103134,-0.0011279772152137841,0.008493681211779004,7.0,,4.0
2026-03-12,cv_1,ols_market,market,sma_20,-0.20514628665779513,0.0011202034049954575,-0.0002298055688362363,-0.0011279772152137841,0.01601458623672213,7.0,,3.0
2026-03-13,cv_1,ols_market,market,sma_20,-0.30550965777483646,0.0011202034049954575,-0.00034223295889836873,-0.0011279772152137841,0.018236252223456095,6.0,,3.0
2026-03-16,cv_1,ols_market,market,sma_20,-0.2993587856249336,0.0011202034049954575,-0.00033534273097235586,-0.0011279772152137841,0.0022331660107530555,6.0,,4.0
2026-03-17,cv_1,ols_market,market,sma_20,-0.3449649731361039,0.0011202034049954575,-0.0003864309375112301,-0.0011279772152137841,0.0163730471981831,6.0,,2.0
2026-03-18,cv_1,ols_market,market,sma_20,-0.4586801090423938,0.0011202034049954575,-0.0005138150199529772,-0.0011279772152137841,0.0204558400605189,6.0,,2.0
2026-03-19,cv_1,ols_market,market,sma_20,-0.5987986705678322,0.0011202034049954575,-0.0006707763096768388,-0.0011279772152137841,0.020405984793125283,5.0,,3.0
2026-03-20,cv_1,ols_market,market,sma_20,-0.8556329497688476,0.0011202034049954575,-0.0009584829437573703,-0.0011279772152137841,0.041754820946802086,5.0,,2.0
2026-03-23,cv_1,ols_market,market,sma_20,-1.0943147164795541,0.0011202034049954575,-0.0012258550715370353,-0.0011279772152137841,0.028889896418082463,5.0,,2.0
2026-03-24,cv_1,ols_market,market,sma_20,-1.3591000337622627,0.0011202034049954575,-0.0015224684855499279,-0.0011279772152137841,0.0363002950450867,4.0,,2.0
2026-03-25,cv_1,ols_market,market,sma_20,-1.6123337521874872,0.0011202034049954575,-0.0018061417591895253,-0.0011279772152137841,0.029878045397793034,5.0,,3.0
2026-03-26,cv_1,ols_market,market,sma_20,-1.8171108677680552,0.0011202034049954575,-0.002035533781328026,-0.0011279772152137841,0.06490554462909343,5.0,,2.0
2026-03-27,cv_1,ols_market,market,sma_20,-1.9621801145181272,0.0011202034049954575,-0.002198040845497583,-0.0011279772152137841,0.05936825770504475,5.0,,2.0
2026-03-30,cv_1,ols_market,market,sma_20,-2.2218645801403842,0.0011202034049954575,-0.002488940268112061,-0.0011279772152137841,0.06780611100385973,5.0,,2.0
2026-03-31,cv_1,ols_market,market,sma_20,-2.306625979053439,0.0011202034049954575,-0.0025838902757866432,-0.0011279772152137841,0.03537437314582433,5.0,,3.0
2026-04-01,cv_1,ols_market,market,sma_20,-2.415990408741608,0.0011202034049954575,-0.0027064006823087163,-0.0011279772152137841,0.05770492741203789,4.0,,2.0
2026-02-26,cv_1,ols_market,market,rolling_volatility_20,1.4073966789954533,-0.0030719224279225294,-0.004323413423189817,-0.0011279772152137841,0.0035589777333347797,5.0,,3.0
2026-02-27,cv_1,ols_market,market,rolling_volatility_20,1.7481009031376766,-0.0030719224279225294,-0.005370030370620258,-0.0011279772152137841,0.0012031913120792686,4.0,,3.0
2026-03-02,cv_1,ols_market,market,rolling_volatility_20,1.9821152092883336,-0.0030719224279225294,-0.00608890416613919,-0.0011279772152137841,-0.030284910811234803,4.0,,3.0
2026-03-03,cv_1,ols_market,market,rolling_volatility_20,1.8468578955499395,-0.0030719224279225294,-0.005673404190525664,-0.0011279772152137841,0.0011491928226150612,4.0,,2.0
2026-03-04,cv_1,ols_market,market,rolling_volatility_20,1.7269463316371643,-0.0030719224279225294,-0.005305045167974743,-0.0011279772152137841,0.003173756744984403,4.0,,2.0
2026-03-05,cv_1,ols_market,market,rolling_volatility_20,1.4236411066052803,-0.0030719224279225294,-0.004373315044693209,-0.0011279772152137841,0.00888450107633885,4.0,,2.0
2026-03-06,cv_1,ols_market,market,rolling_volatility_20,1.6145023178885871,-0.0030719224279225294,-0.00495962588025486,-0.0011279772152137841,0.024185146671559157,4.0,,2.0
2026-03-09,cv_1,ols_market,market,rolling_volatility_20,0.23945600180334434,-0.0030719224279225294,-0.0007355902624403511,-0.0011279772152137841,0.0010266153968642789,5.0,,3.0
2026-03-10,cv_1,ols_market,market,rolling_volatility_20,0.09122824115600986,-0.0030719224279225294,-0.00028024608006707184,-0.0011279772152137841,0.006342659594801854,6.0,,3.0
2026-03-11,cv_1,ols_market,market,rolling_volatility_20,0.09346540372171322,-0.0030719224279225294,-0.0002871184699275647,-0.0011279772152137841,0.008493681211779004,6.0,,3.0
2026-03-12,cv_1,ols_market,market,rolling_volatility_20,0.13133294087887004,-0.0030719224279225294,-0.0004034446066108245,-0.0011279772152137841,0.01601458623672213,6.0,,2.0
2026-03-13,cv_1,ols_market,market,rolling_volatility_20,0.1263962939110737,-0.0030719224279225294,-0.00038827961007171515,-0.0011279772152137841,0.018236252223456095,5.0,,2.0
2026-03-16,cv_1,ols_market,market,rolling_volatility_20,0.07669867535621713,-0.0030719224279225294,-0.0002356123810187124,-0.0011279772152137841,0.0022331660107530555,7.0,,5.0
2026-03-17,cv_1,ols_market,market,rolling_volatility_20,0.048779148195824115,-0.0030719224279225294,-0.0001498457593577089,-0.0011279772152137841,0.0163730471981831,7.0,,3.0
2026-03-18,cv_1,ols_market,market,rolling_volatility_20,-0.026859889853275493,-0.0030719224279225294,8.251149805180577e-05,-0.0011279772152137841,0.0204558400605189,7.0,5.0,
2026-03-19,cv_1,ols_market,market,rolling_volatility_20,-0.007855119663695688,-0.0030719224279225294,2.413031826892206e-05,-0.0011279772152137841,0.020405984793125283,7.0,4.0,
2026-03-20,cv_1,ols_market,market,rolling_volatility_20,0.19223032687246527,-0.0030719224279225294,-0.000590516652446405,-0.0011279772152137841,0.041754820946802086,6.0,,3.0
2026-03-23,cv_1,ols_market,market,rolling_volatility_20,0.27086125803901057,-0.0030719224279225294,-0.000832064773425348,-0.0011279772152137841,0.028889896418082463,6.0,,3.0
2026-03-24,cv_1,ols_market,market,rolling_volatility_20,0.23666687479167633,-0.0030719224279225294,-0.0007270222806188836,-0.0011279772152137841,0.0363002950450867,7.0,,4.0
2026-03-25,cv_1,ols_market,market,rolling_volatility_20,0.3072950002568169,-0.0030719224279225294,-0.0009439864032773752,-0.0011279772152137841,0.029878045397793034,6.0,,4.0
2026-03-26,cv_1,ols_market,market,rolling_volatility_20,-0.025330369993025608,-0.0030719224279225294,7.781293168915121e-05,-0.0011279772152137841,0.06490554462909343,7.0,4.0,
2026-03-27,cv_1,ols_market,market,rolling_volatility_20,-0.37857015638703884,-0.0030719224279225294,0.001162938153947484,-0.0011279772152137841,0.05936825770504475,6.0,4.0,
2026-03-30,cv_1,ols_market,market,rolling_volatility_20,-0.7166431555774898,-0.0030719224279225294,0.0022014721824356654,-0.0011279772152137841,0.06780611100385973,6.0,4.0,
2026-03-31,cv_1,ols_market,market,rolling_volatility_20,0.3269957285796063,-0.0030719224279225294,-0.0010045055124585606,-0.0011279772152137841,0.03537437314582433,6.0,,4.0
2026-04-01,cv_1,ols_market,market,rolling_volatility_20,0.2579252229355382,-0.0030719224279225294,-0.0007923262770625982,-0.0011279772152137841,0.05770492741203789,6.0,,3.0
2026-02-26,cv_1,ridge_market,market,simple_return,-2.4170638621035776,-0.0016733021480708193,0.004044478152482267,-0.0011279772152137844,-0.0010115590992244316,4.0,3.0,
2026-02-27,cv_1,ridge_market,market,simple_return,-1.8479175994152086,-0.0016733021480708193,0.0030921244885593405,-0.0011279772152137844,-0.0013289251962059893,5.0,3.0,
2026-03-02,cv_1,ridge_market,market,simple_return,1.3030741374174255,-0.0016733021480708193,-0.002180436753236108,-0.0011279772152137844,-0.028291664642172313,5.0,,5.0
2026-03-03,cv_1,ridge_market,market,simple_return,-0.5994475282630221,-0.0016733021480708193,0.001003056836698258,-0.0011279772152137844,0.0017181221747322602,5.0,3.0,
2026-03-04,cv_1,ridge_market,market,simple_return,0.7192267729872202,-0.0016733021480708193,-0.001203483704189559,-0.0011279772152137844,0.003889576173301226,5.0,,4.0
2026-03-05,cv_1,ridge_market,market,simple_return,0.05962630625487733,-0.0016733021480708193,-9.977282633781476e-05,-0.0011279772152137844,0.010398446879924179,5.0,,4.0
2026-03-06,cv_1,ridge_market,market,simple_return,-1.3394302332228158,-0.0016733021480708193,0.0022412714864427363,-0.0011279772152137844,0.02302097184958636,4.0,3.0,
2026-03-09,cv_1,ridge_market,market,simple_return,1.1844096025484345,-0.0016733021480708193,-0.001981875132140001,-0.0011279772152137844,0.0017524160935928203,4.0,,3.0
2026-03-10,cv_1,ridge_market,market,simple_return,0.4989042302007102,-0.0016733021480708193,-0.0008348175200764669,-0.0011279772152137844,0.006879551567601078,4.0,,3.0
2026-03-11,cv_1,ridge_market,market,simple_return,0.28791512538012876,-0.0016733021480708193,-0.0004817689977606487,-0.0011279772152137844,0.008587162541172293,4.0,,3.0
2026-03-12,cv_1,ridge_market,market,simple_return,-0.6972207127853381,-0.0016733021480708193,0.0011666609163831741,-0.0011279772152137844,0.015446567941224723,3.0,3.0,
2026-03-13,cv_1,ridge_market,market,simple_return,-0.7080241688957817,-0.0016733021480708193,0.001184738362699368,-0.0011279772152137844,0.018540609572661144,4.0,4.0,
2026-03-16,cv_1,ridge_market,market,simple_return,0.7135276885487742,-0.0016733021480708193,-0.0011939474139566705,-0.0011279772152137844,0.0036788185336362775,3.0,,2.0
2026-03-17,cv_1,ridge_market,market,simple_return,-0.32288245707768104,-0.0016733021480708193,0.0005402799090024678,-0.0011279772152137844,0.016379267210339235,4.0,4.0,
2026-03-18,cv_1,ridge_market,market,simple_return,-0.3832155429840946,-0.0016733021480708193,0.0006412353912494109,-0.0011279772152137844,0.020190290180389044,4.0,4.0,
2026-03-19,cv_1,ridge_market,market,simple_return,-0.46208653074873896,-0.0016733021480708193,0.0007732103844964575,-0.0011279772152137844,0.02069957463168678,4.0,3.0,
2026-03-20,cv_1,ridge_market,market,simple_return,-1.4588646602259687,-0.0016733021480708193,0.0024411213697007193,-0.0011279772152137844,0.040159091110744886,4.0,4.0,
2026-03-23,cv_1,ridge_market,market,simple_return,0.7376172757172443,-0.0016733021480708193,-0.0012342565719118106,-0.0011279772152137844,0.02871247051711559,4.0,,2.0
2026-03-24,cv_1,ridge_market,market,simple_return,-0.12300191998427147,-0.0016733021480708193,0.0002058193769265165,-0.0011279772152137844,0.03618092735325945,6.0,3.0,
2026-03-25,cv_1,ridge_market,market,simple_return,0.8627395659116651,-0.0016733021480708193,-0.0014436239688656754,-0.0011279772152137844,0.030147078718707563,4.0,,3.0
2026-03-26,cv_1,ridge_market,market,simple_return,-1.8475758743490007,-0.0016733021480708193,0.003091552679272005,-0.0011279772152137844,0.061349216843608445,4.0,4.0,
2026-03-27,cv_1,ridge_market,market,simple_return,-0.9699540623807882,-0.0016733021480708193,0.0016230262161117902,-0.0011279772152137844,0.05841234337355104,4.0,4.0,
2026-03-30,cv_1,ridge_market,market,simple_return,-0.6308124994234066,-0.0016733021480708193,0.0010555399103151085,-0.0011279772152137844,0.06781452035568379,6.0,5.0,
2026-03-31,cv_1,ridge_market,market,simple_return,2.450052983661503,-0.0016733021480708193,-0.0040996789204481125,-0.0011279772152137844,0.032122704947031955,4.0,,3.0
2026-04-01,cv_1,ridge_market,market,simple_return,0.3285292230709871,-0.0016733021480708193,-0.00054972865466872,-0.0011279772152137844,0.05766601090811647,5.0,,4.0
2026-02-26,cv_1,ridge_market,market,log_return,-2.4806763040878472,-0.003846373618550284,0.009541607892206318,-0.0011279772152137844,-0.0010115590992244316,3.0,2.0,
2026-02-27,cv_1,ridge_market,market,log_return,-1.88110802557289,-0.003846373618550284,0.007235444283206777,-0.0011279772152137844,-0.0013289251962059893,2.0,1.0,
2026-03-02,cv_1,ridge_market,market,log_return,1.2986958877536354,-0.003846373618550284,-0.004995269601175324,-0.0011279772152137844,-0.028291664642172313,3.0,,3.0
2026-03-03,cv_1,ridge_market,market,log_return,-0.5937224710856602,-0.003846373618550284,0.0022836784495243673,-0.0011279772152137844,0.0017181221747322602,4.0,2.0,
2026-03-04,cv_1,ridge_market,market,log_return,0.726520038329253,-0.003846373618550284,-0.00279446750877778,-0.0011279772152137844,0.003889576173301226,4.0,,3.0
2026-03-05,cv_1,ridge_market,market,log_return,0.07106543746570254,-0.003846373618550284,-0.00027334422385881323,-0.0011279772152137844,0.010398446879924179,4.0,,3.0
2026-03-06,cv_1,ridge_market,market,log_return,-1.352235920047544,-0.003846373618550284,0.005201204568926945,-0.0011279772152137844,0.02302097184958636,2.0,2.0,
2026-03-09,cv_1,ridge_market,market,log_return,1.183001854941747,-0.003846373618550284,-0.004550267125543985,-0.0011279772152137844,0.0017524160935928203,3.0,,2.0
2026-03-10,cv_1,ridge_market,market,log_return,0.5086618696552165,-0.003846373618550284,-0.0019565035962042883,-0.0011279772152137844,0.006879551567601078,3.0,,2.0
2026-03-11,cv_1,ridge_market,market,log_return,0.2990211473639305,-0.003846373618550284,-0.001150147052609259,-0.0011279772152137844,0.008587162541172293,2.0,,1.0
2026-03-12,cv_1,ridge_market,market,log_return,-0.6932007599888219,-0.003846373618550284,0.002666309115580012,-0.0011279772152137844,0.015446567941224723,2.0,2.0,
2026-03-13,cv_1,ridge_market,market,log_return,-0.7042063733464746,-0.003846373618550284,0.002708640816454852,-0.0011279772152137844,0.018540609572661144,3.0,3.0,
2026-03-16,cv_1,ridge_market,market,log_return,0.7208982104648526,-0.003846373618550284,-0.002772843858392119,-0.0011279772152137844,0.0036788185336362775,2.0,,1.0
2026-03-17,cv_1,ridge_market,market,log_return,-0.3135408507515162,-0.003846373618550284,0.001205995256668444,-0.0011279772152137844,0.016379267210339235,3.0,3.0,
2026-03-18,cv_1,ridge_market,market,log_return,-0.3745115775321095,-0.003846373618550284,0.0014405114516611553,-0.0011279772152137844,0.020190290180389044,3.0,3.0,
2026-03-19,cv_1,ridge_market,market,log_return,-0.45434320294845765,-0.003846373618550284,0.001747573709588585,-0.0011279772152137844,0.02069957463168678,2.0,2.0,
2026-03-20,cv_1,ridge_market,market,log_return,-1.4758908091472938,-0.003846373618550284,0.005676827472164983,-0.0011279772152137844,0.040159091110744886,3.0,3.0,
2026-03-23,cv_1,ridge_market,market,log_return,0.744656364031255,-0.003846373618550284,-0.002864226593495396,-0.0011279772152137844,0.02871247051711559,2.0,,1.0
2026-03-24,cv_1,ridge_market,market,log_return,-0.11214673668626411,-0.003846373618550284,0.0004313582493965516,-0.0011279772152137844,0.03618092735325945,5.0,2.0,
2026-03-25,cv_1,ridge_market,market,log_return,0.8678521253165767,-0.003846373618550284,-0.003338083519620476,-0.0011279772152137844,0.030147078718707563,2.0,,1.0
2026-03-26,cv_1,ridge_market,market,log_return,-1.8807504671838813,-0.003846373618550284,0.007234068980052202,-0.0011279772152137844,0.061349216843608445,2.0,2.0,
2026-03-27,cv_1,ridge_market,market,log_return,-0.9718798467044744,-0.003846373618550284,0.0037382130027647843,-0.0011279772152137844,0.05841234337355104,2.0,2.0,
2026-03-30,cv_1,ridge_market,market,log_return,-0.6256100384447788,-0.003846373618550284,0.002406329947374226,-0.0011279772152137844,0.06781452035568379,3.0,3.0,
2026-03-31,cv_1,ridge_market,market,log_return,2.401621309950501,-0.003846373618550284,-0.009237532848341782,-0.0011279772152137844,0.032122704947031955,3.0,,2.0
2026-04-01,cv_1,ridge_market,market,log_return,0.3394530601977495,-0.003846373618550284,-0.0013056632954807851,-0.0011279772152137844,0.05766601090811647,3.0,,2.0
2026-02-26,cv_1,ridge_market,market,intraday_return,-2.3372585241065806,-0.004845621649397707,0.01132547050465018,-0.0011279772152137844,-0.0010115590992244316,2.0,1.0,
2026-02-27,cv_1,ridge_market,market,intraday_return,-0.996720047288534,-0.004845621649397707,0.004829728239530027,-0.0011279772152137844,-0.0013289251962059893,4.0,2.0,
2026-03-02,cv_1,ridge_market,market,intraday_return,2.3740419416463188,-0.004845621649397707,-0.01150370902901957,-0.0011279772152137844,-0.028291664642172313,1.0,,1.0
2026-03-03,cv_1,ridge_market,market,intraday_return,0.6160659525475013,-0.004845621649397707,-0.0029852225171209928,-0.0011279772152137844,0.0017181221747322602,3.0,,2.0
2026-03-04,cv_1,ridge_market,market,intraday_return,0.9096824548666197,-0.004845621649397707,-0.004407976997378945,-0.0011279772152137844,0.003889576173301226,3.0,,2.0
2026-03-05,cv_1,ridge_market,market,intraday_return,0.7837523675591274,-0.004845621649397707,-0.0037977674400112168,-0.0011279772152137844,0.010398446879924179,3.0,,2.0
2026-03-06,cv_1,ridge_market,market,intraday_return,-0.418320500961559,-0.004845621649397707,0.0020270228758462244,-0.0011279772152137844,0.02302097184958636,5.0,4.0,
2026-03-09,cv_1,ridge_market,market,intraday_return,1.868019992266857,-0.004845621649397707,-0.00905171811603602,-0.0011279772152137844,0.0017524160935928203,2.0,,1.0
2026-03-10,cv_1,ridge_market,market,intraday_return,0.8363615725328166,-0.004845621649397707,-0.004052691742589327,-0.0011279772152137844,0.006879551567601078,2.0,,1.0
2026-03-11,cv_1,ridge_market,market,intraday_return,0.19683818053538596,-0.004845621649397707,-0.0009538033490303205,-0.0011279772152137844,0.008587162541172293,3.0,,2.0
2026-03-12,cv_1,ridge_market,market,intraday_return,-0.09266484619973402,-0.004845621649397707,0.00044901878488354,-0.0011279772152137844,0.015446567941224723,4.0,4.0,
2026-03-13,cv_1,ridge_market,market,intraday_return,-1.1445417571201684,-0.004845621649397707,0.00554601631694118,-0.0011279772152137844,0.018540609572661144,2.0,2.0,
2026-03-16,cv_1,ridge_market,market,intraday_return,0.23417453032691898,-0.004845621649397707,-0.0011347211738896585,-0.0011279772152137844,0.0036788185336362775,4.0,,3.0
2026-03-17,cv_1,ridge_market,market,intraday_return,-0.7125644608526447,-0.004845621649397707,0.00345281777809898,-0.0011279772152137844,0.016379267210339235,2.0,2.0,
2026-03-18,cv_1,ridge_market,market,intraday_return,-0.42693727402006154,-0.004845621649397707,0.0020687764979264514,-0.0011279772152137844,0.020190290180389044,2.0,2.0,
2026-03-19,cv_1,ridge_market,market,intraday_return,0.32343138113430797,-0.004845621649397707,-0.0015672261025190038,-0.0011279772152137844,0.02069957463168678,3.0,,1.0
2026-03-20,cv_1,ridge_market,market,intraday_return,-1.3786986982224727,-0.004845621649397707,0.00668065226010325,-0.0011279772152137844,0.040159091110744886,2.0,2.0,
2026-03-23,cv_1,ridge_market,market,intraday_return,-0.30991797823455464,-0.004845621649397707,0.0015017452648709254,-0.0011279772152137844,0.02871247051711559,3.0,2.0,
2026-03-24,cv_1,ridge_market,market,intraday_return,0.2730165932668927,-0.004845621649397707,-0.0013229351149788636,-0.0011279772152137844,0.03618092735325945,2.0,,1.0
2026-03-25,cv_1,ridge_market,market,intraday_return,0.6254643360825112,-0.004845621649397707,-0.0030307635278475796,-0.0011279772152137844,0.030147078718707563,3.0,,2.0
2026-03-26,cv_1,ridge_market,market,intraday_return,-1.2573502408234656,-0.004845621649397707,0.006092643547809606,-0.0011279772152137844,0.061349216843608445,3.0,3.0,
2026-03-27,cv_1,ridge_market,market,intraday_return,-0.5921362147157209,-0.004845621649397707,0.0028692680614189063,-0.0011279772152137844,0.05841234337355104,3.0,3.0,
2026-03-30,cv_1,ridge_market,market,intraday_return,-0.9443488367388482,-0.004845621649397707,0.004575957167885303,-0.0011279772152137844,0.06781452035568379,2.0,2.0,
2026-03-31,cv_1,ridge_market,market,intraday_return,2.468078992591735,-0.004845621649397707,-0.011959376998926192,-0.0011279772152137844,0.032122704947031955,2.0,,1.0
2026-04-01,cv_1,ridge_market,market,intraday_return,0.08984196574320606,-0.004845621649397707,-0.00043534017422972645,-0.0011279772152137844,0.05766601090811647,6.0,,5.0
2026-02-26,cv_1,ridge_market,market,daily_range,1.687895078463977,2.31989349432431e-05,3.915736811630601e-05,-0.0011279772152137844,-0.0010115590992244316,7.0,5.0,
2026-02-27,cv_1,ridge_market,market,daily_range,0.37519350440287685,2.31989349432431e-05,8.704089699769734e-06,-0.0011279772152137844,-0.0013289251962059893,6.0,4.0,
2026-03-02,cv_1,ridge_market,market,daily_range,1.299179640795534,2.31989349432431e-05,3.013958396640153e-05,-0.0011279772152137844,-0.028291664642172313,7.0,1.0,
2026-03-03,cv_1,ridge_market,market,daily_range,-0.5248081053330967,2.31989349432431e-05,-1.2174989093309183e-05,-0.0011279772152137844,0.0017181221747322602,7.0,,4.0
2026-03-04,cv_1,ridge_market,market,daily_range,-0.2991700913018975,2.31989349432431e-05,-6.9404274850768176e-06,-0.0011279772152137844,0.003889576173301226,7.0,,6.0
2026-03-05,cv_1,ridge_market,market,daily_range,0.2820614466808481,2.31989349432431e-05,6.543525151546027e-06,-0.0011279772152137844,0.010398446879924179,7.0,2.0,
2026-03-06,cv_1,ridge_market,market,daily_range,0.2609675349584487,2.31989349432431e-05,6.054168865799571e-06,-0.0011279772152137844,0.02302097184958636,7.0,6.0,
2026-03-09,cv_1,ridge_market,market,daily_range,0.736376695015668,2.31989349432431e-05,1.708315504138885e-05,-0.0011279772152137844,0.0017524160935928203,6.0,2.0,
2026-03-10,cv_1,ridge_market,market,daily_range,-0.39470838535108216,2.31989349432431e-05,-9.156814153312283e-06,-0.0011279772152137844,0.006879551567601078,7.0,,6.0
2026-03-11,cv_1,ridge_market,market,daily_range,-0.8770092651668209,2.31989349432431e-05,-2.0345680887226513e-05,-0.0011279772152137844,0.008587162541172293,7.0,,6.0
2026-03-12,cv_1,ridge_market,market,daily_range,-0.8507139826945879,2.31989349432431e-05,-1.973565833983898e-05,-0.0011279772152137844,0.015446567941224723,7.0,,3.0
2026-03-13,cv_1,ridge_market,market,daily_range,0.31067171487436646,2.31989349432431e-05,7.207252902076197e-06,-0.0011279772152137844,0.018540609572661144,7.0,5.0,
2026-03-16,cv_1,ridge_market,market,daily_range,0.7732144992928763,2.31989349432431e-05,1.7937752866267725e-05,-0.0011279772152137844,0.0036788185336362775,7.0,2.0,
2026-03-17,cv_1,ridge_market,market,daily_range,-0.6400724168807912,2.31989349432431e-05,-1.484899835818185e-05,-0.0011279772152137844,0.016379267210339235,7.0,,3.0
2026-03-18,cv_1,ridge_market,market,daily_range,-0.8862832844711069,2.31989349432431e-05,-2.0560828257729027e-05,-0.0011279772152137844,0.020190290180389044,7.0,,2.0
2026-03-19,cv_1,ridge_market,market,daily_range,-0.43019350806621753,2.31989349432431e-05,-9.980031206633705e-06,-0.0011279772152137844,0.02069957463168678,7.0,,3.0
2026-03-20,cv_1,ridge_market,market,daily_range,0.5714382938581405,2.31989349432431e-05,1.3256759803292834e-05,-0.0011279772152137844,0.040159091110744886,7.0,5.0,
2026-03-23,cv_1,ridge_market,market,daily_range,-0.6327028060648012,2.31989349432431e-05,-1.4678031236304678e-05,-0.0011279772152137844,0.02871247051711559,7.0,,5.0
2026-03-24,cv_1,ridge_market,market,daily_range,-1.1728923007710828,2.31989349432431e-05,-2.7209852181019066e-05,-0.0011279772152137844,0.03618092735325945,7.0,,4.0
2026-03-25,cv_1,ridge_market,market,daily_range,-0.3612380257258138,2.31989349432431e-05,-8.380337457838731e-06,-0.0011279772152137844,0.030147078718707563,7.0,,6.0
2026-03-26,cv_1,ridge_market,market,daily_range,0.11875541459271036,2.31989349432431e-05,2.7549991372941496e-06,-0.0011279772152137844,0.061349216843608445,7.0,6.0,
2026-03-27,cv_1,ridge_market,market,daily_range,-0.418128782730312,2.31989349432431e-05,-9.700142428457937e-06,-0.0011279772152137844,0.05841234337355104,7.0,,2.0
2026-03-30,cv_1,ridge_market,market,daily_range,0.11890266608210526,2.31989349432431e-05,2.7584152150169177e-06,-0.0011279772152137844,0.06781452035568379,7.0,6.0,
2026-03-31,cv_1,ridge_market,market,daily_range,0.9923565698207577,2.31989349432431e-05,2.3021615503771637e-05,-0.0011279772152137844,0.032122704947031955,7.0,2.0,
2026-04-01,cv_1,ridge_market,market,daily_range,-1.0253210729081033,2.31989349432431e-05,-2.37863568663313e-05,-0.0011279772152137844,0.05766601090811647,7.0,,6.0
2026-02-26,cv_1,ridge_market,market,sma_5,0.8888927829166922,-0.02356956574942654,-0.020950816891145706,-0.0011279772152137844,-0.0010115590992244316,1.0,,1.0
2026-02-27,cv_1,ridge_market,market,sma_5,0.4393540052513473,-0.02356956574942654,-0.010355383114045524,-0.0011279772152137844,-0.0013289251962059893,1.0,,1.0
2026-03-02,cv_1,ridge_market,market,sma_5,0.11652594273066647,-0.02356956574942654,-0.0027464658687043546,-0.0011279772152137844,-0.028291664642172313,4.0,,4.0
2026-03-03,cv_1,ridge_market,market,sma_5,-0.3390635664887884,-0.02356956574942654,0.007991581023592554,-0.0011279772152137844,0.0017181221747322602,1.0,1.0,
2026-03-04,cv_1,ridge_market,market,sma_5,-0.7846871010185426,-0.02356956574942654,0.018494734220183443,-0.0011279772152137844,0.003889576173301226,1.0,1.0,
2026-03-05,cv_1,ridge_market,market,sma_5,-0.8398562386182502,-0.02356956574942654,0.01979504683617891,-0.0011279772152137844,0.010398446879924179,1.0,1.0,
2026-03-06,cv_1,ridge_market,market,sma_5,-0.8174325240139656,-0.02356956574942654,0.01926652962046685,-0.0011279772152137844,0.02302097184958636,1.0,1.0,
2026-03-09,cv_1,ridge_market,market,sma_5,-0.8113817924598606,-0.02356956574942654,0.019123916505270244,-0.0011279772152137844,0.0017524160935928203,1.0,1.0,
2026-03-10,cv_1,ridge_market,market,sma_5,-0.6433831575407805,-0.02356956574942654,0.015164261633731078,-0.0011279772152137844,0.006879551567601078,1.0,1.0,
2026-03-11,cv_1,ridge_market,market,sma_5,-0.5369601254769708,-0.02356956574942654,0.012655916982249788,-0.0011279772152137844,0.008587162541172293,1.0,1.0,
2026-03-12,cv_1,ridge_market,market,sma_5,-0.5440786012403405,-0.02356956574942654,0.012823696364790228,-0.0011279772152137844,0.015446567941224723,1.0,1.0,
2026-03-13,cv_1,ridge_market,market,sma_5,-0.45758806166082305,-0.02356956574942654,0.010785151905467414,-0.0011279772152137844,0.018540609572661144,1.0,1.0,
2026-03-16,cv_1,ridge_market,market,sma_5,-0.4372998354750729,-0.02356956574942654,0.010306967224443138,-0.0011279772152137844,0.0036788185336362775,1.0,1.0,
2026-03-17,cv_1,ridge_market,market,sma_5,-0.5383841464925742,-0.02356956574942654,0.012689480539205615,-0.0011279772152137844,0.016379267210339235,1.0,1.0,
2026-03-18,cv_1,ridge_market,market,sma_5,-0.7387724707056297,-0.02356956574942654,0.01741254632216263,-0.0011279772152137844,0.020190290180389044,1.0,1.0,
2026-03-19,cv_1,ridge_market,market,sma_5,-0.9017881182798596,-0.02356956574942654,0.021254754345848788,-0.0011279772152137844,0.02069957463168678,1.0,1.0,
2026-03-20,cv_1,ridge_market,market,sma_5,-1.1705147874100923,-0.02356956574942654,0.027588525242538197,-0.0011279772152137844,0.040159091110744886,1.0,1.0,
2026-03-23,cv_1,ridge_market,market,sma_5,-1.4403092007495948,-0.02356956574942654,0.03394746240657156,-0.0011279772152137844,0.02871247051711559,1.0,1.0,
2026-03-24,cv_1,ridge_market,market,sma_5,-1.6798494132136415,-0.02356956574942654,0.039593321193874514,-0.0011279772152137844,0.03618092735325945,1.0,1.0,
2026-03-25,cv_1,ridge_market,market,sma_5,-1.7410692823674543,-0.02356956574942654,0.04103624692506659,-0.0011279772152137844,0.030147078718707563,1.0,1.0,
2026-03-26,cv_1,ridge_market,market,sma_5,-2.0016091884201668,-0.02356956574942654,0.047177059371125415,-0.0011279772152137844,0.061349216843608445,1.0,1.0,
2026-03-27,cv_1,ridge_market,market,sma_5,-2.185980263284521,-0.02356956574942654,0.05152260554243326,-0.0011279772152137844,0.05841234337355104,1.0,1.0,
2026-03-30,cv_1,ridge_market,market,sma_5,-2.5586381992537004,-0.02356956574942654,0.06030599126630441,-0.0011279772152137844,0.06781452035568379,1.0,1.0,
2026-03-31,cv_1,ridge_market,market,sma_5,-2.5871126454120796,-0.02356956574942654,0.06097712159721284,-0.0011279772152137844,0.032122704947031955,1.0,1.0,
2026-04-01,cv_1,ridge_market,market,sma_5,-2.6913996459524796,-0.02356956574942654,0.06343512091326027,-0.0011279772152137844,0.05766601090811647,1.0,1.0,
2026-02-26,cv_1,ridge_market,market,sma_20,0.2327619314023421,0.0006568295549254116,0.00015288491580657955,-0.0011279772152137844,-0.0010115590992244316,6.0,4.0,
2026-02-27,cv_1,ridge_market,market,sma_20,0.002931514651451209,0.0006568295549254116,1.9255054637700208e-06,-0.0011279772152137844,-0.0013289251962059893,7.0,5.0,
2026-03-02,cv_1,ridge_market,market,sma_20,-0.12683586385401718,0.0006568295549254116,-8.33095440038142e-05,-0.0011279772152137844,-0.028291664642172313,6.0,,6.0
2026-03-03,cv_1,ridge_market,market,sma_20,-0.21024690940599347,0.0006568295549254116,-0.00013809638392958202,-0.0011279772152137844,0.0017181221747322602,6.0,,3.0
2026-03-04,cv_1,ridge_market,market,sma_20,-0.16974157355527464,0.0006568295549254116,-0.00011149128221065005,-0.0011279772152137844,0.003889576173301226,6.0,,5.0
2026-03-05,cv_1,ridge_market,market,sma_20,-0.032473427363322406,0.0006568295549254116,-2.1329506841953737e-05,-0.0011279772152137844,0.010398446879924179,6.0,,5.0
2026-03-06,cv_1,ridge_market,market,sma_20,0.05663844885561773,0.0006568295549254116,3.720180715350108e-05,-0.0011279772152137844,0.02302097184958636,6.0,5.0,
2026-03-09,cv_1,ridge_market,market,sma_20,0.015232801126750668,0.0006568295549254116,1.000535398435095e-05,-0.0011279772152137844,0.0017524160935928203,7.0,3.0,
2026-03-10,cv_1,ridge_market,market,sma_20,-0.06382753820709593,0.0006568295549254116,-4.192381351255152e-05,-0.0011279772152137844,0.006879551567601078,6.0,,5.0
2026-03-11,cv_1,ridge_market,market,sma_20,-0.1014824587243371,0.0006568295549254116,-6.665667819664279e-05,-0.0011279772152137844,0.008587162541172293,6.0,,5.0
2026-03-12,cv_1,ridge_market,market,sma_20,-0.20514628665779513,0.0006568295549254116,-0.00013474614416004047,-0.0011279772152137844,0.015446567941224723,6.0,,2.0
2026-03-13,cv_1,ridge_market,market,sma_20,-0.30550965777483646,0.0006568295549254116,-0.00020066777254166063,-0.0011279772152137844,0.018540609572661144,6.0,,2.0
2026-03-16,cv_1,ridge_market,market,sma_20,-0.2993587856249336,0.0006568295549254116,-0.00019662769792503683,-0.0011279772152137844,0.0036788185336362775,6.0,,5.0
2026-03-17,cv_1,ridge_market,market,sma_20,-0.3449649731361039,0.0006568295549254116,-0.00022658318976984367,-0.0011279772152137844,0.016379267210339235,5.0,,1.0
2026-03-18,cv_1,ridge_market,market,sma_20,-0.4586801090423938,0.0006568295549254116,-0.00030127465187545474,-0.0011279772152137844,0.020190290180389044,5.0,,1.0
2026-03-19,cv_1,ridge_market,market,sma_20,-0.5987986705678322,0.0006568295549254116,-0.00039330866427899735,-0.0011279772152137844,0.02069957463168678,5.0,,2.0
2026-03-20,cv_1,ridge_market,market,sma_20,-0.8556329497688476,0.0006568295549254116,-0.0005620050095761892,-0.0011279772152137844,0.040159091110744886,5.0,,1.0
2026-03-23,cv_1,ridge_market,market,sma_20,-1.0943147164795541,0.0006568295549254116,-0.0007187782481735934,-0.0011279772152137844,0.02871247051711559,6.0,,4.0
2026-03-24,cv_1,ridge_market,market,sma_20,-1.3591000337622627,0.0006568295549254116,-0.0008926970702751788,-0.0011279772152137844,0.03618092735325945,3.0,,2.0
2026-03-25,cv_1,ridge_market,market,sma_20,-1.6123337521874872,0.0006568295549254116,-0.001059028460840526,-0.0011279772152137844,0.030147078718707563,5.0,,4.0
2026-03-26,cv_1,ridge_market,market,sma_20,-1.8171108677680552,0.0006568295549254116,-0.00119353212252622,-0.0011279772152137844,0.061349216843608445,5.0,,1.0
2026-03-27,cv_1,ridge_market,market,sma_20,-1.9621801145181272,0.0006568295549254116,-0.0012888178913024347,-0.0011279772152137844,0.05841234337355104,5.0,,1.0
2026-03-30,cv_1,ridge_market,market,sma_20,-2.2218645801403842,0.0006568295549254116,-0.001459386323278145,-0.0011279772152137844,0.06781452035568379,5.0,,1.0
2026-03-31,cv_1,ridge_market,market,sma_20,-2.306625979053439,0.0006568295549254116,-0.0015150601152010622,-0.0011279772152137844,0.032122704947031955,5.0,,4.0
2026-04-01,cv_1,ridge_market,market,sma_20,-2.415990408741608,0.0006568295549254116,-0.0015868939048778135,-0.0011279772152137844,0.05766601090811647,2.0,,1.0
2026-02-26,cv_1,ridge_market,market,rolling_volatility_20,1.4073966789954533,-0.0028679645805385822,-0.004036363826126589,-0.0011279772152137844,-0.0010115590992244316,5.0,,2.0
2026-02-27,cv_1,ridge_market,market,rolling_volatility_20,1.7481009031376766,-0.0028679645805385822,-0.005013491473406364,-0.0011279772152137844,-0.0013289251962059893,3.0,,2.0
2026-03-02,cv_1,ridge_market,market,rolling_volatility_20,1.9821152092883336,-0.0028679645805385822,-0.00568463621478576,-0.0011279772152137844,-0.028291664642172313,2.0,,2.0
2026-03-03,cv_1,ridge_market,market,rolling_volatility_20,1.8468578955499395,-0.0028679645805385822,-0.005296723029725251,-0.0011279772152137844,0.0017181221747322602,2.0,,1.0
2026-03-04,cv_1,ridge_market,market,rolling_volatility_20,1.7269463316371643,-0.0028679645805385822,-0.004952820911626423,-0.0011279772152137844,0.003889576173301226,2.0,,1.0
2026-03-05,cv_1,ridge_market,market,rolling_volatility_20,1.4236411066052803,-0.0028679645805385822,-0.004082952269142696,-0.0011279772152137844,0.010398446879924179,2.0,,1.0
2026-03-06,cv_1,ridge_market,market,rolling_volatility_20,1.6145023178885871,-0.0028679645805385822,-0.0046303354629019106,-0.0011279772152137844,0.02302097184958636,3.0,,1.0
2026-03-09,cv_1,ridge_market,market,rolling_volatility_20,0.23945600180334434,-0.0028679645805385822,-0.0006867513317693744,-0.0011279772152137844,0.0017524160935928203,5.0,,4.0
2026-03-10,cv_1,ridge_market,market,rolling_volatility_20,0.09122824115600986,-0.0028679645805385822,-0.00026163936438026845,-0.0011279772152137844,0.006879551567601078,5.0,,4.0
2026-03-11,cv_1,ridge_market,market,rolling_volatility_20,0.09346540372171322,-0.0028679645805385822,-0.0002680554673796125,-0.0011279772152137844,0.008587162541172293,5.0,,4.0
2026-03-12,cv_1,ridge_market,market,rolling_volatility_20,0.13133294087887004,-0.0028679645805385822,-0.00037665822269856693,-0.0011279772152137844,0.015446567941224723,5.0,,1.0
2026-03-13,cv_1,ridge_market,market,rolling_volatility_20,0.1263962939110737,-0.0028679645805385822,-0.00036250009404830384,-0.0011279772152137844,0.018540609572661144,5.0,,1.0
2026-03-16,cv_1,ridge_market,market,rolling_volatility_20,0.07669867535621713,-0.0028679645805385822,-0.00021996908429585817,-0.0011279772152137844,0.0036788185336362775,5.0,,4.0
2026-03-17,cv_1,ridge_market,market,rolling_volatility_20,0.048779148195824115,-0.0028679645805385822,-0.00013989686929446606,-0.0011279772152137844,0.016379267210339235,6.0,,2.0
2026-03-18,cv_1,ridge_market,market,rolling_volatility_20,-0.026859889853275493,-0.0028679645805385822,7.703321273636178e-05,-0.0011279772152137844,0.020190290180389044,6.0,5.0,
2026-03-19,cv_1,ridge_market,market,rolling_volatility_20,-0.007855119663695688,-0.0028679645805385822,2.2528204971371373e-05,-0.0011279772152137844,0.02069957463168678,6.0,4.0,
2026-03-20,cv_1,ridge_market,market,rolling_volatility_20,0.19223032687246527,-0.0028679645805385822,-0.0005513097687755845,-0.0011279772152137844,0.040159091110744886,6.0,,2.0
2026-03-23,cv_1,ridge_market,market,rolling_volatility_20,0.27086125803901057,-0.0028679645805385822,-0.0007768204942960037,-0.0011279772152137844,0.02871247051711559,5.0,,3.0
2026-03-24,cv_1,ridge_market,market,rolling_volatility_20,0.23666687479167633,-0.0028679645805385822,-0.0006787522142892872,-0.0011279772152137844,0.03618092735325945,4.0,,3.0
2026-03-25,cv_1,ridge_market,market,rolling_volatility_20,0.3072950002568169,-0.0028679645805385822,-0.0008813111765131453,-0.0011279772152137844,0.030147078718707563,6.0,,5.0
2026-03-26,cv_1,ridge_market,market,rolling_volatility_20,-0.025330369993025608,-0.0028679645805385822,7.264660395193478e-05,-0.0011279772152137844,0.061349216843608445,6.0,5.0,
2026-03-27,cv_1,ridge_market,market,rolling_volatility_20,-0.37857015638703884,-0.0028679645805385822,0.0010857257997669793,-0.0011279772152137844,0.05841234337355104,6.0,5.0,
2026-03-30,cv_1,ridge_market,market,rolling_volatility_20,-0.7166431555774898,-0.0028679645805385822,0.0020553071870816416,-0.0011279772152137844,0.06781452035568379,4.0,4.0,
2026-03-31,cv_1,ridge_market,market,rolling_volatility_20,0.3269957285796063,-0.0028679645805385822,-0.0009378121675537186,-0.0011279772152137844,0.032122704947031955,6.0,,5.0
2026-04-01,cv_1,ridge_market,market,rolling_volatility_20,0.2579252229355382,-0.0028679645805385822,-0.0007397204038066411,-0.0011279772152137844,0.05766601090811647,4.0,,3.0
2026-02-26,cv_1,ols_all,all,simple_return,-2.4170638621035776,0.024791822633496642,-0.05992341856310628,-0.0011279772152138334,-0.007729097487631519,2.0,,1.0
2026-02-27,cv_1,ols_all,all,simple_return,-1.8479175994152086,0.024791822633496642,-0.04581324536601875,-0.0011279772152138334,-0.00847143951461481,2.0,,1.0
2026-03-02,cv_1,ols_all,all,simple_return,1.3030741374174255,0.024791822633496642,0.03230558289314944,-0.0011279772152138334,-0.03765269722982363,2.0,1.0,
2026-03-03,cv_1,ols_all,all,simple_return,-0.5994475282630221,0.024791822633496642,-0.014861396798784808,-0.0011279772152138334,-0.005232846842535159,2.0,,1.0
2026-03-04,cv_1,ols_all,all,simple_return,0.7192267729872202,0.024791822633496642,0.017830942589161316,-0.0011279772152138334,-0.002436130075015149,3.0,2.0,
2026-03-05,cv_1,ols_all,all,simple_return,0.05962630625487733,0.024791822633496642,0.0014782448089614702,-0.0011279772152138334,0.004655389028890079,8.0,3.0,
2026-03-06,cv_1,ols_all,all,simple_return,-1.3394302332228158,0.024791822633496642,-0.03320691677200309,-0.0011279772152138334,0.019013725506714055,2.0,,1.0
2026-03-09,cv_1,ols_all,all,simple_return,1.1844096025484345,0.024791822633496642,0.029363672791791043,-0.0011279772152138334,-0.004695365343724594,2.0,1.0,
2026-03-10,cv_1,ols_all,all,simple_return,0.4989042302007102,0.024791822633496642,0.012368745186237186,-0.0011279772152138334,-6.789637756406683e-05,3.0,2.0,
2026-03-11,cv_1,ols_all,all,simple_return,0.28791512538012876,0.024791822633496642,0.007137940721925099,-0.0011279772152138334,0.0014384653532373785,3.0,2.0,
2026-03-12,cv_1,ols_all,all,simple_return,-0.6972207127853381,0.024791822633496642,-0.017285372247774208,-0.0011279772152138334,0.009535645631506986,2.0,,1.0
2026-03-13,cv_1,ols_all,all,simple_return,-0.7080241688957817,0.024791822633496642,-0.01755320961549309,-0.0011279772152138334,0.013763821560128849,2.0,,1.0
2026-03-16,cv_1,ols_all,all,simple_return,0.7135276885487742,0.024791822633496642,0.017689651898590043,-0.0011279772152138334,-0.002494263082961855,2.0,1.0,
2026-03-17,cv_1,ols_all,all,simple_return,-0.32288245707768104,0.024791822633496642,-0.00800484460733746,-0.0011279772152138334,0.010828272277892024,3.0,,1.0
2026-03-18,cv_1,ols_all,all,simple_return,-0.3832155429840946,0.024791822633496642,-0.009500611772060782,-0.0011279772152138334,0.015419362578832045,3.0,,1.0
2026-03-19,cv_1,ols_all,all,simple_return,-0.46208653074873896,0.024791822633496642,-0.01145596731165053,-0.0011279772152138334,0.01688333810863734,3.0,,1.0
2026-03-20,cv_1,ols_all,all,simple_return,-1.4588646602259687,0.024791822633496642,-0.03616791390259856,-0.0011279772152138334,0.040591120403507534,2.0,,1.0
2026-03-23,cv_1,ols_all,all,simple_return,0.7376172757172443,0.024791822633496642,0.01828687667098491,-0.0011279772152138334,0.027457442316968027,3.0,2.0,
2026-03-24,cv_1,ols_all,all,simple_return,-0.12300191998427147,0.024791822633496642,-0.0030494417838296045,-0.0011279772152138334,0.036292889677836296,3.0,,1.0
2026-03-25,cv_1,ols_all,all,simple_return,0.8627395659116651,0.024791822633496642,0.021388886296981886,-0.0011279772152138334,0.03098888438953635,3.0,2.0,
2026-03-26,cv_1,ols_all,all,simple_return,-1.8475758743490007,0.024791822633496642,-0.045804773378787904,-0.0011279772152138334,0.0675133604068726,3.0,,1.0
2026-03-27,cv_1,ols_all,all,simple_return,-0.9699540623807882,0.024791822633496642,-0.02404692907718404,-0.0011279772152138334,0.06359767682690634,3.0,,1.0
2026-03-30,cv_1,ols_all,all,simple_return,-0.6308124994234066,0.024791822633496642,-0.0156389916006978,-0.0011279772152138334,0.07507495847453731,3.0,,1.0
2026-03-31,cv_1,ols_all,all,simple_return,2.450052983661503,0.024791822633496642,0.06074127901360522,-0.0011279772152138334,0.03818553068845146,3.0,2.0,
2026-04-01,cv_1,ols_all,all,simple_return,0.3285292230709871,0.024791822633496642,0.008144838228296364,-0.0011279772152138334,0.063911308578583,3.0,2.0,
2026-02-26,cv_1,ols_all,all,log_return,-2.4806763040878472,-0.03093914889031774,0.07675001352085703,-0.0011279772152138334,-0.007729097487631519,1.0,1.0,
2026-02-27,cv_1,ols_all,all,log_return,-1.88110802557289,-0.03093914889031774,0.058199881281971275,-0.0011279772152138334,-0.00847143951461481,1.0,1.0,
2026-03-02,cv_1,ols_all,all,log_return,1.2986958877536354,-0.03093914889031774,-0.040180545434453104,-0.0011279772152138334,-0.03765269722982363,1.0,,1.0
2026-03-03,cv_1,ols_all,all,log_return,-0.5937224710856602,-0.03093914889031774,0.01836926793244661,-0.0011279772152138334,-0.005232846842535159,1.0,1.0,
2026-03-04,cv_1,ols_all,all,log_return,0.726520038329253,-0.03093914889031774,-0.022477911637668112,-0.0011279772152138334,-0.002436130075015149,1.0,,1.0
2026-03-05,cv_1,ols_all,all,log_return,0.07106543746570254,-0.03093914889031774,-0.0021987041507069353,-0.0011279772152138334,0.004655389028890079,6.0,,4.0
2026-03-06,cv_1,ols_all,all,log_return,-1.352235920047544,-0.03093914889031774,0.041837028465186755,-0.0011279772152138334,0.019013725506714055,1.0,1.0,
2026-03-09,cv_1,ols_all,all,log_return,1.183001854941747,-0.03093914889031774,-0.036601070527564776,-0.0011279772152138334,-0.004695365343724594,1.0,,1.0
2026-03-10,cv_1,ols_all,all,log_return,0.5086618696552165,-0.03093914889031774,-0.01573756532009014,-0.0011279772152138334,-6.789637756406683e-05,2.0,,1.0
2026-03-11,cv_1,ols_all,all,log_return,0.2990211473639305,-0.03093914889031774,-0.009251459799646287,-0.0011279772152138334,0.0014384653532373785,2.0,,1.0
2026-03-12,cv_1,ols_all,all,log_return,-0.6932007599888219,-0.03093914889031774,0.021447041524175574,-0.0011279772152138334,0.009535645631506986,1.0,1.0,
2026-03-13,cv_1,ols_all,all,log_return,-0.7042063733464746,-0.03093914889031774,0.02178754583447726,-0.0011279772152138334,0.013763821560128849,1.0,1.0,
2026-03-16,cv_1,ols_all,all,log_return,0.7208982104648526,-0.03093914889031774,-0.022303977068335687,-0.0011279772152138334,-0.002494263082961855,1.0,,1.0
2026-03-17,cv_1,ols_all,all,log_return,-0.3135408507515162,-0.03093914889031774,0.009700687064598054,-0.0011279772152138334,0.010828272277892024,2.0,2.0,
2026-03-18,cv_1,ols_all,all,log_return,-0.3745115775321095,-0.03093914889031774,0.011587069458413712,-0.0011279772152138334,0.015419362578832045,2.0,2.0,
2026-03-19,cv_1,ols_all,all,log_return,-0.45434320294845765,-0.03093914889031774,0.01405699200332618,-0.0011279772152138334,0.01688333810863734,2.0,2.0,
2026-03-20,cv_1,ols_all,all,log_return,-1.4758908091472938,-0.03093914889031774,0.045662805490059646,-0.0011279772152138334,0.040591120403507534,1.0,1.0,
2026-03-23,cv_1,ols_all,all,log_return,0.744656364031255,-0.03093914889031774,-0.023039034118885648,-0.0011279772152138334,0.027457442316968027,2.0,,1.0
2026-03-24,cv_1,ols_all,all,log_return,-0.11214673668626411,-0.03093914889031774,0.003469724583899584,-0.0011279772152138334,0.036292889677836296,2.0,2.0,
2026-03-25,cv_1,ols_all,all,log_return,0.8678521253165767,-0.03093914889031774,-0.026850606119948255,-0.0011279772152138334,0.03098888438953635,2.0,,1.0
2026-03-26,cv_1,ols_all,all,log_return,-1.8807504671838813,-0.03093914889031774,0.05818881872973675,-0.0011279772152138334,0.0675133604068726,1.0,1.0,
2026-03-27,cv_1,ols_all,all,log_return,-0.9718798467044744,-0.03093914889031774,0.030069135280688913,-0.0011279772152138334,0.06359767682690634,2.0,2.0,
2026-03-30,cv_1,ols_all,all,log_return,-0.6256100384447788,-0.03093914889031774,0.019355842126720417,-0.0011279772152138334,0.07507495847453731,2.0,2.0,
2026-03-31,cv_1,ols_all,all,log_return,2.401621309950501,-0.03093914889031774,-0.07430411928671847,-0.0011279772152138334,0.03818553068845146,1.0,,1.0
2026-04-01,cv_1,ols_all,all,log_return,0.3394530601977495,-0.03093914889031774,-0.010502388770732162,-0.0011279772152138334,0.063911308578583,2.0,,1.0
2026-02-26,cv_1,ols_all,all,intraday_return,-2.3372585241065806,-0.005286025447843697,0.012354808036616986,-0.0011279772152138334,-0.007729097487631519,4.0,2.0,
2026-02-27,cv_1,ols_all,all,intraday_return,-0.996720047288534,-0.005286025447843697,0.005268687534343164,-0.0011279772152138334,-0.00847143951461481,4.0,2.0,
2026-03-02,cv_1,ols_all,all,intraday_return,2.3740419416463188,-0.005286025447843697,-0.0125492461177907,-0.0011279772152138334,-0.03765269722982363,3.0,,2.0
2026-03-03,cv_1,ols_all,all,intraday_return,0.6160659525475013,-0.005286025447843697,-0.003256540302716159,-0.0011279772152138334,-0.005232846842535159,5.0,,3.0
2026-03-04,cv_1,ols_all,all,intraday_return,0.9096824548666197,-0.005286025447843697,-0.004808604605881877,-0.0011279772152138334,-0.002436130075015149,5.0,,3.0
2026-03-05,cv_1,ols_all,all,intraday_return,0.7837523675591274,-0.005286025447843697,-0.004142934959725294,-0.0011279772152138334,0.004655389028890079,3.0,,2.0
2026-03-06,cv_1,ols_all,all,intraday_return,-0.418320500961559,-0.005286025447843697,0.0022112528134375243,-0.0011279772152138334,0.019013725506714055,7.0,4.0,
2026-03-09,cv_1,ols_all,all,intraday_return,1.868019992266857,-0.005286025447843697,-0.009874401216203392,-0.0011279772152138334,-0.004695365343724594,4.0,,2.0
2026-03-10,cv_1,ols_all,all,intraday_return,0.8363615725328166,-0.005286025447843697,-0.00442102855600704,-0.0011279772152138334,-6.789637756406683e-05,4.0,,2.0
2026-03-11,cv_1,ols_all,all,intraday_return,0.19683818053538596,-0.005286025447843697,-0.001040491631417302,-0.0011279772152138334,0.0014384653532373785,8.0,,5.0
2026-03-12,cv_1,ols_all,all,intraday_return,-0.09266484619973402,-0.005286025447843697,0.0004898287351323163,-0.0011279772152138334,0.009535645631506986,9.0,4.0,
2026-03-13,cv_1,ols_all,all,intraday_return,-1.1445417571201684,-0.005286025447843697,0.00605007685425695,-0.0011279772152138334,0.013763821560128849,4.0,3.0,
2026-03-16,cv_1,ols_all,all,intraday_return,0.23417453032691898,-0.005286025447843697,-0.0012378525265449392,-0.0011279772152138334,-0.002494263082961855,8.0,,5.0
2026-03-17,cv_1,ols_all,all,intraday_return,-0.7125644608526447,-0.005286025447843697,0.0037666338732961035,-0.0011279772152138334,0.010828272277892024,4.0,3.0,
2026-03-18,cv_1,ols_all,all,intraday_return,-0.42693727402006154,-0.005286025447843697,0.0022568012951030628,-0.0011279772152138334,0.015419362578832045,6.0,4.0,
2026-03-19,cv_1,ols_all,all,intraday_return,0.32343138113430797,-0.005286025447843697,-0.0017096665113071857,-0.0011279772152138334,0.01688333810863734,6.0,,3.0
2026-03-20,cv_1,ols_all,all,intraday_return,-1.3786986982224727,-0.005286025447843697,0.007287836403712968,-0.0011279772152138334,0.040591120403507534,4.0,3.0,
2026-03-23,cv_1,ols_all,all,intraday_return,-0.30991797823455464,-0.005286025447843697,0.0016382343196921247,-0.0011279772152138334,0.027457442316968027,7.0,5.0,
2026-03-24,cv_1,ols_all,all,intraday_return,0.2730165932668927,-0.005286025447843697,-0.0014431726596923868,-0.0011279772152138334,0.036292889677836296,8.0,,4.0
2026-03-25,cv_1,ols_all,all,intraday_return,0.6254643360825112,-0.005286025447843697,-0.0033062203972508168,-0.0011279772152138334,0.03098888438953635,4.0,,2.0
2026-03-26,cv_1,ols_all,all,intraday_return,-1.2573502408234656,-0.005286025447843697,0.00664638536984524,-0.0011279772152138334,0.0675133604068726,4.0,3.0,
2026-03-27,cv_1,ols_all,all,intraday_return,-0.5921362147157209,-0.005286025447843697,0.00313004709957714,-0.0011279772152138334,0.06359767682690634,5.0,4.0,
2026-03-30,cv_1,ols_all,all,intraday_return,-0.9443488367388482,-0.005286025447843697,0.004991851982643144,-0.0011279772152138334,0.07507495847453731,4.0,3.0,
2026-03-31,cv_1,ols_all,all,intraday_return,2.468078992591735,-0.005286025447843697,-0.013046328362128344,-0.0011279772152138334,0.03818553068845146,4.0,,2.0
2026-04-01,cv_1,ols_all,all,intraday_return,0.08984196574320606,-0.005286025447843697,-0.00047490691720288887,-0.0011279772152138334,0.063911308578583,21.0,,17.0
2026-02-26,cv_1,ols_all,all,daily_range,1.687895078463977,0.0006367144163153423,0.0010747071296857299,-0.0011279772152138334,-0.007729097487631519,10.0,4.0,
2026-02-27,cv_1,ols_all,all,daily_range,0.37519350440287685,0.0006367144163153423,0.00023889111316118553,-0.0011279772152138334,-0.00847143951461481,20.0,4.0,
2026-03-02,cv_1,ols_all,all,daily_range,1.299179640795534,0.0006367144163153423,0.0008272064066779045,-0.0011279772152138334,-0.03765269722982363,10.0,3.0,
2026-03-03,cv_1,ols_all,all,daily_range,-0.5248081053330967,0.0006367144163153423,-0.00033415288646472334,-0.0011279772152138334,-0.005232846842535159,21.0,,17.0
2026-03-04,cv_1,ols_all,all,daily_range,-0.2991700913018975,0.0006367144163153423,-0.0001904859100622953,-0.0011279772152138334,-0.002436130075015149,21.0,,17.0
2026-03-05,cv_1,ols_all,all,daily_range,0.2820614466808481,0.0006367144163153423,0.0001795925893884572,-0.0011279772152138334,0.004655389028890079,20.0,4.0,
2026-03-06,cv_1,ols_all,all,daily_range,0.2609675349584487,0.0006367144163153423,0.00016616179169832233,-0.0011279772152138334,0.019013725506714055,20.0,5.0,
2026-03-09,cv_1,ols_all,all,daily_range,0.736376695015668,0.0006367144163153423,0.0004688616575551219,-0.0011279772152138334,-0.004695365343724594,20.0,4.0,
2026-03-10,cv_1,ols_all,all,daily_range,-0.39470838535108216,0.0006367144163153423,-0.00025131651919358544,-0.0011279772152138334,-6.789637756406683e-05,20.0,,17.0
2026-03-11,cv_1,ols_all,all,daily_range,-0.8770092651668209,0.0006367144163153423,-0.0005584044423738396,-0.0011279772152138334,0.0014384653532373785,9.0,,6.0
2026-03-12,cv_1,ols_all,all,daily_range,-0.8507139826945879,0.0006367144163153423,-0.0005416618569426847,-0.0011279772152138334,0.009535645631506986,8.0,,5.0
2026-03-13,cv_1,ols_all,all,daily_range,0.31067171487436646,0.0006367144163153423,0.00019780915960191867,-0.0011279772152138334,0.013763821560128849,21.0,6.0,
2026-03-16,cv_1,ols_all,all,daily_range,0.7732144992928763,0.0006367144163153423,0.0004923168186038234,-0.0011279772152138334,-0.002494263082961855,10.0,5.0,
2026-03-17,cv_1,ols_all,all,daily_range,-0.6400724168807912,0.0006367144163153423,-0.0004075433353138034,-0.0011279772152138334,0.010828272277892024,20.0,,15.0
2026-03-18,cv_1,ols_all,all,daily_range,-0.8862832844711069,0.0006367144163153423,-0.0005643093441620653,-0.0011279772152138334,0.015419362578832045,10.0,,5.0
2026-03-19,cv_1,ols_all,all,daily_range,-0.43019350806621753,0.0006367144163153423,-0.00027391040839103116,-0.0011279772152138334,0.01688333810863734,20.0,,16.0
2026-03-20,cv_1,ols_all,all,daily_range,0.5714382938581405,0.0006367144163153423,0.00036384299973412097,-0.0011279772152138334,0.040591120403507534,21.0,6.0,
2026-03-23,cv_1,ols_all,all,daily_range,-0.6327028060648012,0.0006367144163153423,-0.0004028509978646291,-0.0011279772152138334,0.027457442316968027,21.0,,16.0
2026-03-24,cv_1,ols_all,all,daily_range,-1.1728923007710828,0.0006367144163153423,-0.0007467974366862188,-0.0011279772152138334,0.036292889677836296,10.0,,6.0
2026-03-25,cv_1,ols_all,all,daily_range,-0.3612380257258138,0.0006367144163153423,-0.00023000545870091813,-0.0011279772152138334,0.03098888438953635,21.0,,17.0
2026-03-26,cv_1,ols_all,all,daily_range,0.11875541459271036,0.0006367144163153423,7.561328448668406e-05,-0.0011279772152138334,0.0675133604068726,20.0,6.0,
2026-03-27,cv_1,ols_all,all,daily_range,-0.418128782730312,0.0006367144163153423,-0.0002662286238407752,-0.0011279772152138334,0.06359767682690634,21.0,,15.0
2026-03-30,cv_1,ols_all,all,daily_range,0.11890266608210526,0.0006367144163153423,7.57070416328057e-05,-0.0011279772152138334,0.07507495847453731,21.0,7.0,
2026-03-31,cv_1,ols_all,all,daily_range,0.9923565698207577,0.0006367144163153423,0.0006318477341301189,-0.0011279772152138334,0.03818553068845146,11.0,5.0,
2026-04-01,cv_1,ols_all,all,daily_range,-1.0253210729081033,0.0006367144163153423,-0.0006528367084725035,-0.0011279772152138334,0.063911308578583,10.0,,6.0
2026-02-26,cv_1,ols_all,all,sma_5,0.8888927829166922,-0.027117063318324013,-0.024104161877553182,-0.0011279772152138334,-0.007729097487631519,3.0,,2.0
2026-02-27,cv_1,ols_all,all,sma_5,0.4393540052513473,-0.027117063318324013,-0.011913990379560046,-0.0011279772152138334,-0.00847143951461481,3.0,,2.0
2026-03-02,cv_1,ols_all,all,sma_5,0.11652594273066647,-0.027117063318324013,-0.00315984136725488,-0.0011279772152138334,-0.03765269722982363,5.0,,4.0
2026-03-03,cv_1,ols_all,all,sma_5,-0.3390635664887884,-0.027117063318324013,0.009194408201413238,-0.0011279772152138334,-0.005232846842535159,3.0,2.0,
2026-03-04,cv_1,ols_all,all,sma_5,-0.7846871010185426,-0.027117063318324013,0.02127840980339193,-0.0011279772152138334,-0.002436130075015149,2.0,1.0,
2026-03-05,cv_1,ols_all,all,sma_5,-0.8398562386182502,-0.027117063318324013,0.022774434800900533,-0.0011279772152138334,0.004655389028890079,1.0,1.0,
2026-03-06,cv_1,ols_all,all,sma_5,-0.8174325240139656,-0.027117063318324013,0.02216636951214412,-0.0011279772152138334,0.019013725506714055,3.0,2.0,
2026-03-09,cv_1,ols_all,all,sma_5,-0.8113817924598606,-0.027117063318324013,0.022002291441469275,-0.0011279772152138334,-0.004695365343724594,3.0,2.0,
2026-03-10,cv_1,ols_all,all,sma_5,-0.6433831575407805,-0.027117063318324013,0.017446661820976577,-0.0011279772152138334,-6.789637756406683e-05,1.0,1.0,
2026-03-11,cv_1,ols_all,all,sma_5,-0.5369601254769708,-0.027117063318324013,0.014560781721974225,-0.0011279772152138334,0.0014384653532373785,1.0,1.0,
2026-03-12,cv_1,ols_all,all,sma_5,-0.5440786012403405,-0.027117063318324013,0.014753813879979474,-0.0011279772152138334,0.009535645631506986,3.0,2.0,
2026-03-13,cv_1,ols_all,all,sma_5,-0.45758806166082305,-0.027117063318324013,0.012408444441765691,-0.0011279772152138334,0.013763821560128849,3.0,2.0,
2026-03-16,cv_1,ols_all,all,sma_5,-0.4372998354750729,-0.027117063318324013,0.011858287327670225,-0.0011279772152138334,-0.002494263082961855,3.0,2.0,
2026-03-17,cv_1,ols_all,all,sma_5,-0.5383841464925742,-0.027117063318324013,0.014599396990020965,-0.0011279772152138334,0.010828272277892024,1.0,1.0,
2026-03-18,cv_1,ols_all,all,sma_5,-0.7387724707056297,-0.027117063318324013,0.020033339865959232,-0.0011279772152138334,0.015419362578832045,1.0,1.0,
2026-03-19,cv_1,ols_all,all,sma_5,-0.9017881182798596,-0.027117063318324013,0.024453845503107217,-0.0011279772152138334,0.01688333810863734,1.0,1.0,
2026-03-20,cv_1,ols_all,all,sma_5,-1.1705147874100923,-0.027117063318324013,0.03174092360523405,-0.0011279772152138334,0.040591120403507534,3.0,2.0,
2026-03-23,cv_1,ols_all,all,sma_5,-1.4403092007495948,-0.027117063318324013,0.039056955794691414,-0.0011279772152138334,0.027457442316968027,1.0,1.0,
2026-03-24,cv_1,ols_all,all,sma_5,-1.6798494132136415,-0.027117063318324013,0.04555258290336375,-0.0011279772152138334,0.036292889677836296,1.0,1.0,
2026-03-25,cv_1,ols_all,all,sma_5,-1.7410692823674543,-0.027117063318324013,0.04721268597154721,-0.0011279772152138334,0.03098888438953635,1.0,1.0,
2026-03-26,cv_1,ols_all,all,sma_5,-2.0016091884201668,-0.027117063318324013,0.0542777631009288,-0.0011279772152138334,0.0675133604068726,2.0,2.0,
2026-03-27,cv_1,ols_all,all,sma_5,-2.185980263284521,-0.027117063318324013,0.05927736521209295,-0.0011279772152138334,0.06359767682690634,1.0,1.0,
2026-03-30,cv_1,ols_all,all,sma_5,-2.5586381992537004,-0.027117063318324013,0.06938275405784512,-0.0011279772152138334,0.07507495847453731,1.0,1.0,
2026-03-31,cv_1,ols_all,all,sma_5,-2.5871126454120796,-0.027117063318324013,0.07015489741727611,-0.0011279772152138334,0.03818553068845146,2.0,1.0,
2026-04-01,cv_1,ols_all,all,sma_5,-2.6913996459524796,-0.027117063318324013,0.07298285461420823,-0.0011279772152138334,0.063911308578583,1.0,1.0,
2026-02-26,cv_1,ols_all,all,sma_20,0.2327619314023421,-0.0018602061184689199,-0.0004329851689412798,-0.0011279772152138334,-0.007729097487631519,21.0,,17.0
2026-02-27,cv_1,ols_all,all,sma_20,0.002931514651451209,-0.0018602061184689199,-5.453221491010822e-06,-0.0011279772152138334,-0.00847143951461481,21.0,,17.0
2026-03-02,cv_1,ols_all,all,sma_20,-0.12683586385401718,-0.0018602061184689199,0.00023594084998253368,-0.0011279772152138334,-0.03765269722982363,21.0,4.0,
2026-03-03,cv_1,ols_all,all,sma_20,-0.21024690940599347,-0.0018602061184689199,0.0003911025872662098,-0.0011279772152138334,-0.005232846842535159,20.0,4.0,
2026-03-04,cv_1,ols_all,all,sma_20,-0.16974157355527464,-0.0018602061184689199,0.0003157543136860641,-0.0011279772152138334,-0.002436130075015149,20.0,4.0,
2026-03-05,cv_1,ols_all,all,sma_20,-0.032473427363322406,-0.0018602061184689199,6.040726826890838e-05,-0.0011279772152138334,0.004655389028890079,21.0,5.0,
2026-03-06,cv_1,ols_all,all,sma_20,0.05663844885561773,-0.0018602061184689199,-0.0001053591891018091,-0.0011279772152138334,0.019013725506714055,21.0,,16.0
2026-03-09,cv_1,ols_all,all,sma_20,0.015232801126750668,-0.0018602061184689199,-2.833614985740185e-05,-0.0011279772152138334,-0.004695365343724594,21.0,,17.0
2026-03-10,cv_1,ols_all,all,sma_20,-0.06382753820709593,-0.0018602061184689199,0.0001187323770996486,-0.0011279772152138334,-6.789637756406683e-05,21.0,4.0,
2026-03-11,cv_1,ols_all,all,sma_20,-0.1014824587243371,-0.0018602061184689199,0.0001887782906362815,-0.0011279772152138334,0.0014384653532373785,21.0,4.0,
2026-03-12,cv_1,ols_all,all,sma_20,-0.20514628665779513,-0.0018602061184689199,0.00038161437762200946,-0.0011279772152138334,0.009535645631506986,21.0,5.0,
2026-03-13,cv_1,ols_all,all,sma_20,-0.30550965777483646,-0.0018602061184689199,0.0005683109346440966,-0.0011279772152138334,0.013763821560128849,9.0,5.0,
2026-03-16,cv_1,ols_all,all,sma_20,-0.2993587856249336,-0.0018602061184689199,0.0005568690446369273,-0.0011279772152138334,-0.002494263082961855,9.0,4.0,
2026-03-17,cv_1,ols_all,all,sma_20,-0.3449649731361039,-0.0018602061184689199,0.0006417059536852471,-0.0011279772152138334,0.010828272277892024,9.0,5.0,
2026-03-18,cv_1,ols_all,all,sma_20,-0.4586801090423938,-0.0018602061184689199,0.0008532395452606523,-0.0011279772152138334,0.015419362578832045,9.0,5.0,
2026-03-19,cv_1,ols_all,all,sma_20,-0.5987986705678322,-0.0018602061184689199,0.0011138889507213367,-0.0011279772152138334,0.01688333810863734,9.0,4.0,
2026-03-20,cv_1,ols_all,all,sma_20,-0.8556329497688476,-0.0018602061184689199,0.0015916536483236204,-0.0011279772152138334,0.040591120403507534,7.0,5.0,
2026-03-23,cv_1,ols_all,all,sma_20,-1.0943147164795541,-0.0018602061184689199,0.002035650931125848,-0.0011279772152138334,0.027457442316968027,6.0,4.0,
2026-03-24,cv_1,ols_all,all,sma_20,-1.3591000337622627,-0.0018602061184689199,0.002528206198415877,-0.0011279772152138334,0.036292889677836296,5.0,3.0,
2026-03-25,cv_1,ols_all,all,sma_20,-1.6123337521874872,-0.0018602061184689199,0.002999273110833115,-0.0011279772152138334,0.03098888438953635,5.0,3.0,
2026-03-26,cv_1,ols_all,all,sma_20,-1.8171108677680552,-0.0018602061184689199,0.0033802007541585046,-0.0011279772152138334,0.0675133604068726,5.0,4.0,
2026-03-27,cv_1,ols_all,all,sma_20,-1.9621801145181272,-0.0018602061184689199,0.003650059454564666,-0.0011279772152138334,0.06359767682690634,4.0,3.0,
2026-03-30,cv_1,ols_all,all,sma_20,-2.2218645801403842,-0.0018602061184689199,0.00413312608638652,-0.0011279772152138334,0.07507495847453731,5.0,4.0,
2026-03-31,cv_1,ols_all,all,sma_20,-2.306625979053439,-0.0018602061184689199,0.00429079975925457,-0.0011279772152138334,0.03818553068845146,5.0,3.0,
2026-04-01,cv_1,ols_all,all,sma_20,-2.415990408741608,-0.0018602061184689199,0.004494240140503366,-0.0011279772152138334,0.063911308578583,4.0,3.0,
2026-02-26,cv_1,ols_all,all,rolling_volatility_20,1.4073966789954533,-0.0029296669694750628,-0.004123203563401877,-0.0011279772152138334,-0.007729097487631519,5.0,,3.0
2026-02-27,cv_1,ols_all,all,rolling_volatility_20,1.7481009031376766,-0.0029296669694750628,-0.005121353475231977,-0.0011279772152138334,-0.00847143951461481,5.0,,3.0
2026-03-02,cv_1,ols_all,all,rolling_volatility_20,1.9821152092883336,-0.0029296669694750628,-0.005806937458346182,-0.0011279772152138334,-0.03765269722982363,4.0,,3.0
2026-03-03,cv_1,ols_all,all,rolling_volatility_20,1.8468578955499395,-0.0029296669694750628,-0.005410678573906883,-0.0011279772152138334,-0.005232846842535159,4.0,,2.0
2026-03-04,cv_1,ols_all,all,rolling_volatility_20,1.7269463316371643,-0.0029296669694750628,-0.005059377625853528,-0.0011279772152138334,-0.002436130075015149,4.0,,2.0
2026-03-05,cv_1,ols_all,all,rolling_volatility_20,1.4236411066052803,-0.0029296669694750628,-0.004170794326408416,-0.0011279772152138334,0.004655389028890079,2.0,,1.0
2026-03-06,cv_1,ols_all,all,rolling_volatility_20,1.6145023178885871,-0.0029296669694750628,-0.004729954112859121,-0.0011279772152138334,0.019013725506714055,4.0,,2.0
2026-03-09,cv_1,ols_all,all,rolling_volatility_20,0.23945600180334434,-0.0029296669694750628,-0.000701526339125819,-0.0011279772152138334,-0.004695365343724594,9.0,,6.0
2026-03-10,cv_1,ols_all,all,rolling_volatility_20,0.09122824115600986,-0.0029296669694750628,-0.0002672683647980676,-0.0011279772152138334,-6.789637756406683e-05,19.0,,16.0
2026-03-11,cv_1,ols_all,all,rolling_volatility_20,0.09346540372171322,-0.0029296669694750628,-0.00027382250607215484,-0.0011279772152138334,0.0014384653532373785,20.0,,17.0
2026-03-12,cv_1,ols_all,all,rolling_volatility_20,0.13133294087887004,-0.0029296669694750628,-0.00038476177889684677,-0.0011279772152138334,0.009535645631506986,20.0,,16.0
2026-03-13,cv_1,ols_all,all,rolling_volatility_20,0.1263962939110737,-0.0029296669694750628,-0.00037029904733533464,-0.0011279772152138334,0.013763821560128849,20.0,,15.0
2026-03-16,cv_1,ols_all,all,rolling_volatility_20,0.07669867535621713,-0.0029296669694750628,-0.00022470157579360033,-0.0011279772152138334,-0.002494263082961855,21.0,,16.0
2026-03-17,cv_1,ols_all,all,rolling_volatility_20,0.048779148195824115,-0.0029296669694750628,-0.000142906659268435,-0.0011279772152138334,0.010828272277892024,21.0,,16.0
2026-03-18,cv_1,ols_all,all,rolling_volatility_20,-0.026859889853275493,-0.0029296669694750628,7.86905321068796e-05,-0.0011279772152138334,0.015419362578832045,21.0,6.0,
2026-03-19,cv_1,ols_all,all,rolling_volatility_20,-0.007855119663695688,-0.0029296669694750628,2.301288462000332e-05,-0.0011279772152138334,0.01688333810863734,21.0,5.0,
2026-03-20,cv_1,ols_all,all,rolling_volatility_20,0.19223032687246527,-0.0029296669694750628,-0.0005631708391696561,-0.0011279772152138334,0.040591120403507534,10.0,,5.0
2026-03-23,cv_1,ols_all,all,rolling_volatility_20,0.27086125803901057,-0.0029296669694750628,-0.000793533280987351,-0.0011279772152138334,0.027457442316968027,10.0,,5.0
2026-03-24,cv_1,ols_all,all,rolling_volatility_20,0.23666687479167633,-0.0029296669694750628,-0.0006933551258460646,-0.0011279772152138334,0.036292889677836296,11.0,,7.0
2026-03-25,cv_1,ols_all,all,rolling_volatility_20,0.3072950002568169,-0.0029296669694750628,-0.0009002720121372273,-0.0011279772152138334,0.03098888438953635,10.0,,6.0
2026-03-26,cv_1,ols_all,all,rolling_volatility_20,-0.025330369993025608,-0.0029296669694750628,7.42095482931494e-05,-0.0011279772152138334,0.0675133604068726,21.0,7.0,
2026-03-27,cv_1,ols_all,all,rolling_volatility_20,-0.37857015638703884,-0.0029296669694750628,0.0011090844827961167,-0.0011279772152138334,0.06359767682690634,10.0,6.0,
2026-03-30,cv_1,ols_all,all,rolling_volatility_20,-0.7166431555774898,-0.0029296669694750628,0.0020995257817957506,-0.0011279772152138334,0.07507495847453731,8.0,6.0,
2026-03-31,cv_1,ols_all,all,rolling_volatility_20,0.3269957285796063,-0.0029296669694750628,-0.0009579885851791054,-0.0011279772152138334,0.03818553068845146,10.0,,6.0
2026-04-01,cv_1,ols_all,all,rolling_volatility_20,0.2579252229355382,-0.0029296669694750628,-0.0007556350062287382,-0.0011279772152138334,0.063911308578583,9.0,,5.0
2026-02-26,cv_1,ols_all,all,q_gross_margin,0.7745966692415066,-0.0006212194425667534,-0.0004811945110802726,-0.0011279772152138334,-0.007729097487631519,20.0,,16.0
2026-02-27,cv_1,ols_all,all,q_gross_margin,0.7745966692415066,-0.0006212194425667534,-0.0004811945110802726,-0.0011279772152138334,-0.00847143951461481,19.0,,16.0
2026-03-02,cv_1,ols_all,all,q_gross_margin,0.7745966692415066,-0.0006212194425667534,-0.0004811945110802726,-0.0011279772152138334,-0.03765269722982363,20.0,,17.0
2026-03-03,cv_1,ols_all,all,q_gross_margin,0.7745966692415066,-0.0006212194425667534,-0.0004811945110802726,-0.0011279772152138334,-0.005232846842535159,19.0,,16.0
2026-03-04,cv_1,ols_all,all,q_gross_margin,0.7745966692415066,-0.0006212194425667534,-0.0004811945110802726,-0.0011279772152138334,-0.002436130075015149,19.0,,16.0
2026-03-05,cv_1,ols_all,all,q_gross_margin,0.7745966692415066,-0.0006212194425667534,-0.0004811945110802726,-0.0011279772152138334,0.004655389028890079,19.0,,16.0
2026-03-06,cv_1,ols_all,all,q_gross_margin,0.7745966692415066,-0.0006212194425667534,-0.0004811945110802726,-0.0011279772152138334,0.019013725506714055,19.0,,15.0
2026-03-09,cv_1,ols_all,all,q_gross_margin,0.7745966692415066,-0.0006212194425667534,-0.0004811945110802726,-0.0011279772152138334,-0.004695365343724594,19.0,,16.0
2026-03-10,cv_1,ols_all,all,q_gross_margin,0.7745966692415066,-0.0006212194425667534,-0.0004811945110802726,-0.0011279772152138334,-6.789637756406683e-05,18.0,,15.0
2026-03-11,cv_1,ols_all,all,q_gross_margin,0.7745966692415066,-0.0006212194425667534,-0.0004811945110802726,-0.0011279772152138334,0.0014384653532373785,19.0,,16.0
2026-03-12,cv_1,ols_all,all,q_gross_margin,0.7745966692415066,-0.0006212194425667534,-0.0004811945110802726,-0.0011279772152138334,0.009535645631506986,19.0,,15.0
2026-03-13,cv_1,ols_all,all,q_gross_margin,0.7745966692415066,-0.0006212194425667534,-0.0004811945110802726,-0.0011279772152138334,0.013763821560128849,19.0,,14.0
2026-03-16,cv_1,ols_all,all,q_gross_margin,0.7745966692415066,-0.0006212194425667534,-0.0004811945110802726,-0.0011279772152138334,-0.002494263082961855,20.0,,15.0
2026-03-17,cv_1,ols_all,all,q_gross_margin,0.7745966692415066,-0.0006212194425667534,-0.0004811945110802726,-0.0011279772152138334,0.010828272277892024,19.0,,14.0
2026-03-18,cv_1,ols_all,all,q_gross_margin,0.7745966692415066,-0.0006212194425667534,-0.0004811945110802726,-0.0011279772152138334,0.015419362578832045,20.0,,15.0
2026-03-19,cv_1,ols_all,all,q_gross_margin,0.7745966692415066,-0.0006212194425667534,-0.0004811945110802726,-0.0011279772152138334,0.01688333810863734,19.0,,15.0
2026-03-20,cv_1,ols_all,all,q_gross_margin,0.7745966692415066,-0.0006212194425667534,-0.0004811945110802726,-0.0011279772152138334,0.040591120403507534,20.0,,15.0
2026-03-23,cv_1,ols_all,all,q_gross_margin,0.7745966692415066,-0.0006212194425667534,-0.0004811945110802726,-0.0011279772152138334,0.027457442316968027,20.0,,15.0
2026-03-24,cv_1,ols_all,all,q_gross_margin,0.7745966692415066,-0.0006212194425667534,-0.0004811945110802726,-0.0011279772152138334,0.036292889677836296,21.0,,17.0
2026-03-25,cv_1,ols_all,all,q_gross_margin,0.7745966692415066,-0.0006212194425667534,-0.0004811945110802726,-0.0011279772152138334,0.03098888438953635,20.0,,16.0
2026-03-26,cv_1,ols_all,all,q_gross_margin,0.7745966692415066,-0.0006212194425667534,-0.0004811945110802726,-0.0011279772152138334,0.0675133604068726,19.0,,14.0
2026-03-27,cv_1,ols_all,all,q_gross_margin,0.7745966692415066,-0.0006212194425667534,-0.0004811945110802726,-0.0011279772152138334,0.06359767682690634,20.0,,14.0
2026-03-30,cv_1,ols_all,all,q_gross_margin,0.7745966692415066,-0.0006212194425667534,-0.0004811945110802726,-0.0011279772152138334,0.07507495847453731,20.0,,14.0
2026-03-31,cv_1,ols_all,all,q_gross_margin,0.7745966692415066,-0.0006212194425667534,-0.0004811945110802726,-0.0011279772152138334,0.03818553068845146,21.0,,16.0
2026-04-01,cv_1,ols_all,all,q_gross_margin,0.7745966692415066,-0.0006212194425667534,-0.0004811945110802726,-0.0011279772152138334,0.063911308578583,20.0,,16.0
2026-02-26,cv_1,ols_all,all,q_operating_margin,0.7745966692414957,-0.0006212194425674967,-0.00048119451108084155,-0.0011279772152138334,-0.007729097487631519,11.0,,7.0
2026-02-27,cv_1,ols_all,all,q_operating_margin,0.7745966692414957,-0.0006212194425674967,-0.00048119451108084155,-0.0011279772152138334,-0.00847143951461481,10.0,,7.0
2026-03-02,cv_1,ols_all,all,q_operating_margin,0.7745966692414957,-0.0006212194425674967,-0.00048119451108084155,-0.0011279772152138334,-0.03765269722982363,11.0,,8.0
2026-03-03,cv_1,ols_all,all,q_operating_margin,0.7745966692414957,-0.0006212194425674967,-0.00048119451108084155,-0.0011279772152138334,-0.005232846842535159,10.0,,7.0
2026-03-04,cv_1,ols_all,all,q_operating_margin,0.7745966692414957,-0.0006212194425674967,-0.00048119451108084155,-0.0011279772152138334,-0.002436130075015149,10.0,,7.0
2026-03-05,cv_1,ols_all,all,q_operating_margin,0.7745966692414957,-0.0006212194425674967,-0.00048119451108084155,-0.0011279772152138334,0.004655389028890079,10.0,,7.0
2026-03-06,cv_1,ols_all,all,q_operating_margin,0.7745966692414957,-0.0006212194425674967,-0.00048119451108084155,-0.0011279772152138334,0.019013725506714055,10.0,,6.0
2026-03-09,cv_1,ols_all,all,q_operating_margin,0.7745966692414957,-0.0006212194425674967,-0.00048119451108084155,-0.0011279772152138334,-0.004695365343724594,10.0,,7.0
2026-03-10,cv_1,ols_all,all,q_operating_margin,0.7745966692414957,-0.0006212194425674967,-0.00048119451108084155,-0.0011279772152138334,-6.789637756406683e-05,9.0,,6.0
2026-03-11,cv_1,ols_all,all,q_operating_margin,0.7745966692414957,-0.0006212194425674967,-0.00048119451108084155,-0.0011279772152138334,0.0014384653532373785,10.0,,7.0
2026-03-12,cv_1,ols_all,all,q_operating_margin,0.7745966692414957,-0.0006212194425674967,-0.00048119451108084155,-0.0011279772152138334,0.009535645631506986,10.0,,6.0
2026-03-13,cv_1,ols_all,all,q_operating_margin,0.7745966692414957,-0.0006212194425674967,-0.00048119451108084155,-0.0011279772152138334,0.013763821560128849,10.0,,5.0
2026-03-16,cv_1,ols_all,all,q_operating_margin,0.7745966692414957,-0.0006212194425674967,-0.00048119451108084155,-0.0011279772152138334,-0.002494263082961855,11.0,,6.0
2026-03-17,cv_1,ols_all,all,q_operating_margin,0.7745966692414957,-0.0006212194425674967,-0.00048119451108084155,-0.0011279772152138334,0.010828272277892024,10.0,,5.0
2026-03-18,cv_1,ols_all,all,q_operating_margin,0.7745966692414957,-0.0006212194425674967,-0.00048119451108084155,-0.0011279772152138334,0.015419362578832045,11.0,,6.0
2026-03-19,cv_1,ols_all,all,q_operating_margin,0.7745966692414957,-0.0006212194425674967,-0.00048119451108084155,-0.0011279772152138334,0.01688333810863734,10.0,,6.0
2026-03-20,cv_1,ols_all,all,q_operating_margin,0.7745966692414957,-0.0006212194425674967,-0.00048119451108084155,-0.0011279772152138334,0.040591120403507534,11.0,,6.0
2026-03-23,cv_1,ols_all,all,q_operating_margin,0.7745966692414957,-0.0006212194425674967,-0.00048119451108084155,-0.0011279772152138334,0.027457442316968027,11.0,,6.0
2026-03-24,cv_1,ols_all,all,q_operating_margin,0.7745966692414957,-0.0006212194425674967,-0.00048119451108084155,-0.0011279772152138334,0.036292889677836296,12.0,,8.0
2026-03-25,cv_1,ols_all,all,q_operating_margin,0.7745966692414957,-0.0006212194425674967,-0.00048119451108084155,-0.0011279772152138334,0.03098888438953635,11.0,,7.0
2026-03-26,cv_1,ols_all,all,q_operating_margin,0.7745966692414957,-0.0006212194425674967,-0.00048119451108084155,-0.0011279772152138334,0.0675133604068726,10.0,,5.0
2026-03-27,cv_1,ols_all,all,q_operating_margin,0.7745966692414957,-0.0006212194425674967,-0.00048119451108084155,-0.0011279772152138334,0.06359767682690634,11.0,,5.0
2026-03-30,cv_1,ols_all,all,q_operating_margin,0.7745966692414957,-0.0006212194425674967,-0.00048119451108084155,-0.0011279772152138334,0.07507495847453731,11.0,,5.0
2026-03-31,cv_1,ols_all,all,q_operating_margin,0.7745966692414957,-0.0006212194425674967,-0.00048119451108084155,-0.0011279772152138334,0.03818553068845146,12.0,,7.0
2026-04-01,cv_1,ols_all,all,q_operating_margin,0.7745966692414957,-0.0006212194425674967,-0.00048119451108084155,-0.0011279772152138334,0.063911308578583,11.0,,7.0
2026-02-26,cv_1,ols_all,all,q_net_margin,-0.7745966692414573,0.0006212194425674967,-0.0004811945110808177,-0.0011279772152138334,-0.007729097487631519,13.0,,9.0
2026-02-27,cv_1,ols_all,all,q_net_margin,-0.7745966692414573,0.0006212194425674967,-0.0004811945110808177,-0.0011279772152138334,-0.00847143951461481,12.0,,9.0
2026-03-02,cv_1,ols_all,all,q_net_margin,-0.7745966692414573,0.0006212194425674967,-0.0004811945110808177,-0.0011279772152138334,-0.03765269722982363,13.0,,10.0
2026-03-03,cv_1,ols_all,all,q_net_margin,-0.7745966692414573,0.0006212194425674967,-0.0004811945110808177,-0.0011279772152138334,-0.005232846842535159,12.0,,9.0
2026-03-04,cv_1,ols_all,all,q_net_margin,-0.7745966692414573,0.0006212194425674967,-0.0004811945110808177,-0.0011279772152138334,-0.002436130075015149,12.0,,9.0
2026-03-05,cv_1,ols_all,all,q_net_margin,-0.7745966692414573,0.0006212194425674967,-0.0004811945110808177,-0.0011279772152138334,0.004655389028890079,12.0,,9.0
2026-03-06,cv_1,ols_all,all,q_net_margin,-0.7745966692414573,0.0006212194425674967,-0.0004811945110808177,-0.0011279772152138334,0.019013725506714055,12.0,,8.0
2026-03-09,cv_1,ols_all,all,q_net_margin,-0.7745966692414573,0.0006212194425674967,-0.0004811945110808177,-0.0011279772152138334,-0.004695365343724594,12.0,,9.0
2026-03-10,cv_1,ols_all,all,q_net_margin,-0.7745966692414573,0.0006212194425674967,-0.0004811945110808177,-0.0011279772152138334,-6.789637756406683e-05,11.0,,8.0
2026-03-11,cv_1,ols_all,all,q_net_margin,-0.7745966692414573,0.0006212194425674967,-0.0004811945110808177,-0.0011279772152138334,0.0014384653532373785,12.0,,9.0
2026-03-12,cv_1,ols_all,all,q_net_margin,-0.7745966692414573,0.0006212194425674967,-0.0004811945110808177,-0.0011279772152138334,0.009535645631506986,12.0,,8.0
2026-03-13,cv_1,ols_all,all,q_net_margin,-0.7745966692414573,0.0006212194425674967,-0.0004811945110808177,-0.0011279772152138334,0.013763821560128849,12.0,,7.0
2026-03-16,cv_1,ols_all,all,q_net_margin,-0.7745966692414573,0.0006212194425674967,-0.0004811945110808177,-0.0011279772152138334,-0.002494263082961855,13.0,,8.0
2026-03-17,cv_1,ols_all,all,q_net_margin,-0.7745966692414573,0.0006212194425674967,-0.0004811945110808177,-0.0011279772152138334,0.010828272277892024,12.0,,7.0
2026-03-18,cv_1,ols_all,all,q_net_margin,-0.7745966692414573,0.0006212194425674967,-0.0004811945110808177,-0.0011279772152138334,0.015419362578832045,13.0,,8.0
2026-03-19,cv_1,ols_all,all,q_net_margin,-0.7745966692414573,0.0006212194425674967,-0.0004811945110808177,-0.0011279772152138334,0.01688333810863734,12.0,,8.0
2026-03-20,cv_1,ols_all,all,q_net_margin,-0.7745966692414573,0.0006212194425674967,-0.0004811945110808177,-0.0011279772152138334,0.040591120403507534,13.0,,8.0
2026-03-23,cv_1,ols_all,all,q_net_margin,-0.7745966692414573,0.0006212194425674967,-0.0004811945110808177,-0.0011279772152138334,0.027457442316968027,13.0,,8.0
2026-03-24,cv_1,ols_all,all,q_net_margin,-0.7745966692414573,0.0006212194425674967,-0.0004811945110808177,-0.0011279772152138334,0.036292889677836296,14.0,,10.0
2026-03-25,cv_1,ols_all,all,q_net_margin,-0.7745966692414573,0.0006212194425674967,-0.0004811945110808177,-0.0011279772152138334,0.03098888438953635,13.0,,9.0
2026-03-26,cv_1,ols_all,all,q_net_margin,-0.7745966692414573,0.0006212194425674967,-0.0004811945110808177,-0.0011279772152138334,0.0675133604068726,12.0,,7.0
2026-03-27,cv_1,ols_all,all,q_net_margin,-0.7745966692414573,0.0006212194425674967,-0.0004811945110808177,-0.0011279772152138334,0.06359767682690634,13.0,,7.0
2026-03-30,cv_1,ols_all,all,q_net_margin,-0.7745966692414573,0.0006212194425674967,-0.0004811945110808177,-0.0011279772152138334,0.07507495847453731,13.0,,7.0
2026-03-31,cv_1,ols_all,all,q_net_margin,-0.7745966692414573,0.0006212194425674967,-0.0004811945110808177,-0.0011279772152138334,0.03818553068845146,14.0,,9.0
2026-04-01,cv_1,ols_all,all,q_net_margin,-0.7745966692414573,0.0006212194425674967,-0.0004811945110808177,-0.0011279772152138334,0.063911308578583,13.0,,9.0
2026-02-26,cv_1,ols_all,all,q_rd_to_revenue,-0.7745966692414855,0.0006212194425672087,-0.00048119451108061213,-0.0011279772152138334,-0.007729097487631519,17.0,,13.0
2026-02-27,cv_1,ols_all,all,q_rd_to_revenue,-0.7745966692414855,0.0006212194425672087,-0.00048119451108061213,-0.0011279772152138334,-0.00847143951461481,16.0,,13.0
2026-03-02,cv_1,ols_all,all,q_rd_to_revenue,-0.7745966692414855,0.0006212194425672087,-0.00048119451108061213,-0.0011279772152138334,-0.03765269722982363,17.0,,14.0
2026-03-03,cv_1,ols_all,all,q_rd_to_revenue,-0.7745966692414855,0.0006212194425672087,-0.00048119451108061213,-0.0011279772152138334,-0.005232846842535159,16.0,,13.0
2026-03-04,cv_1,ols_all,all,q_rd_to_revenue,-0.7745966692414855,0.0006212194425672087,-0.00048119451108061213,-0.0011279772152138334,-0.002436130075015149,16.0,,13.0
2026-03-05,cv_1,ols_all,all,q_rd_to_revenue,-0.7745966692414855,0.0006212194425672087,-0.00048119451108061213,-0.0011279772152138334,0.004655389028890079,16.0,,13.0
2026-03-06,cv_1,ols_all,all,q_rd_to_revenue,-0.7745966692414855,0.0006212194425672087,-0.00048119451108061213,-0.0011279772152138334,0.019013725506714055,16.0,,12.0
2026-03-09,cv_1,ols_all,all,q_rd_to_revenue,-0.7745966692414855,0.0006212194425672087,-0.00048119451108061213,-0.0011279772152138334,-0.004695365343724594,16.0,,13.0
2026-03-10,cv_1,ols_all,all,q_rd_to_revenue,-0.7745966692414855,0.0006212194425672087,-0.00048119451108061213,-0.0011279772152138334,-6.789637756406683e-05,15.0,,12.0
2026-03-11,cv_1,ols_all,all,q_rd_to_revenue,-0.7745966692414855,0.0006212194425672087,-0.00048119451108061213,-0.0011279772152138334,0.0014384653532373785,16.0,,13.0
2026-03-12,cv_1,ols_all,all,q_rd_to_revenue,-0.7745966692414855,0.0006212194425672087,-0.00048119451108061213,-0.0011279772152138334,0.009535645631506986,16.0,,12.0
2026-03-13,cv_1,ols_all,all,q_rd_to_revenue,-0.7745966692414855,0.0006212194425672087,-0.00048119451108061213,-0.0011279772152138334,0.013763821560128849,16.0,,11.0
2026-03-16,cv_1,ols_all,all,q_rd_to_revenue,-0.7745966692414855,0.0006212194425672087,-0.00048119451108061213,-0.0011279772152138334,-0.002494263082961855,17.0,,12.0
2026-03-17,cv_1,ols_all,all,q_rd_to_revenue,-0.7745966692414855,0.0006212194425672087,-0.00048119451108061213,-0.0011279772152138334,0.010828272277892024,16.0,,11.0
2026-03-18,cv_1,ols_all,all,q_rd_to_revenue,-0.7745966692414855,0.0006212194425672087,-0.00048119451108061213,-0.0011279772152138334,0.015419362578832045,17.0,,12.0
2026-03-19,cv_1,ols_all,all,q_rd_to_revenue,-0.7745966692414855,0.0006212194425672087,-0.00048119451108061213,-0.0011279772152138334,0.01688333810863734,16.0,,12.0
2026-03-20,cv_1,ols_all,all,q_rd_to_revenue,-0.7745966692414855,0.0006212194425672087,-0.00048119451108061213,-0.0011279772152138334,0.040591120403507534,17.0,,12.0
2026-03-23,cv_1,ols_all,all,q_rd_to_revenue,-0.7745966692414855,0.0006212194425672087,-0.00048119451108061213,-0.0011279772152138334,0.027457442316968027,17.0,,12.0
2026-03-24,cv_1,ols_all,all,q_rd_to_revenue,-0.7745966692414855,0.0006212194425672087,-0.00048119451108061213,-0.0011279772152138334,0.036292889677836296,18.0,,14.0
2026-03-25,cv_1,ols_all,all,q_rd_to_revenue,-0.7745966692414855,0.0006212194425672087,-0.00048119451108061213,-0.0011279772152138334,0.03098888438953635,17.0,,13.0
2026-03-26,cv_1,ols_all,all,q_rd_to_revenue,-0.7745966692414855,0.0006212194425672087,-0.00048119451108061213,-0.0011279772152138334,0.0675133604068726,16.0,,11.0
2026-03-27,cv_1,ols_all,all,q_rd_to_revenue,-0.7745966692414855,0.0006212194425672087,-0.00048119451108061213,-0.0011279772152138334,0.06359767682690634,17.0,,11.0
2026-03-30,cv_1,ols_all,all,q_rd_to_revenue,-0.7745966692414855,0.0006212194425672087,-0.00048119451108061213,-0.0011279772152138334,0.07507495847453731,17.0,,11.0
2026-03-31,cv_1,ols_all,all,q_rd_to_revenue,-0.7745966692414855,0.0006212194425672087,-0.00048119451108061213,-0.0011279772152138334,0.03818553068845146,18.0,,13.0
2026-04-01,cv_1,ols_all,all,q_rd_to_revenue,-0.7745966692414855,0.0006212194425672087,-0.00048119451108061213,-0.0011279772152138334,0.063911308578583,17.0,,13.0
2026-02-26,cv_1,ols_all,all,q_sga_to_revenue,-0.774596669241485,0.0006212194425670883,-0.00048119451108051856,-0.0011279772152138334,-0.007729097487631519,19.0,,15.0
2026-02-27,cv_1,ols_all,all,q_sga_to_revenue,-0.774596669241485,0.0006212194425670883,-0.00048119451108051856,-0.0011279772152138334,-0.00847143951461481,18.0,,15.0
2026-03-02,cv_1,ols_all,all,q_sga_to_revenue,-0.774596669241485,0.0006212194425670883,-0.00048119451108051856,-0.0011279772152138334,-0.03765269722982363,19.0,,16.0
2026-03-03,cv_1,ols_all,all,q_sga_to_revenue,-0.774596669241485,0.0006212194425670883,-0.00048119451108051856,-0.0011279772152138334,-0.005232846842535159,18.0,,15.0
2026-03-04,cv_1,ols_all,all,q_sga_to_revenue,-0.774596669241485,0.0006212194425670883,-0.00048119451108051856,-0.0011279772152138334,-0.002436130075015149,18.0,,15.0
2026-03-05,cv_1,ols_all,all,q_sga_to_revenue,-0.774596669241485,0.0006212194425670883,-0.00048119451108051856,-0.0011279772152138334,0.004655389028890079,18.0,,15.0
2026-03-06,cv_1,ols_all,all,q_sga_to_revenue,-0.774596669241485,0.0006212194425670883,-0.00048119451108051856,-0.0011279772152138334,0.019013725506714055,18.0,,14.0
2026-03-09,cv_1,ols_all,all,q_sga_to_revenue,-0.774596669241485,0.0006212194425670883,-0.00048119451108051856,-0.0011279772152138334,-0.004695365343724594,18.0,,15.0
2026-03-10,cv_1,ols_all,all,q_sga_to_revenue,-0.774596669241485,0.0006212194425670883,-0.00048119451108051856,-0.0011279772152138334,-6.789637756406683e-05,17.0,,14.0
2026-03-11,cv_1,ols_all,all,q_sga_to_revenue,-0.774596669241485,0.0006212194425670883,-0.00048119451108051856,-0.0011279772152138334,0.0014384653532373785,18.0,,15.0
2026-03-12,cv_1,ols_all,all,q_sga_to_revenue,-0.774596669241485,0.0006212194425670883,-0.00048119451108051856,-0.0011279772152138334,0.009535645631506986,18.0,,14.0
2026-03-13,cv_1,ols_all,all,q_sga_to_revenue,-0.774596669241485,0.0006212194425670883,-0.00048119451108051856,-0.0011279772152138334,0.013763821560128849,18.0,,13.0
2026-03-16,cv_1,ols_all,all,q_sga_to_revenue,-0.774596669241485,0.0006212194425670883,-0.00048119451108051856,-0.0011279772152138334,-0.002494263082961855,19.0,,14.0
2026-03-17,cv_1,ols_all,all,q_sga_to_revenue,-0.774596669241485,0.0006212194425670883,-0.00048119451108051856,-0.0011279772152138334,0.010828272277892024,18.0,,13.0
2026-03-18,cv_1,ols_all,all,q_sga_to_revenue,-0.774596669241485,0.0006212194425670883,-0.00048119451108051856,-0.0011279772152138334,0.015419362578832045,19.0,,14.0
2026-03-19,cv_1,ols_all,all,q_sga_to_revenue,-0.774596669241485,0.0006212194425670883,-0.00048119451108051856,-0.0011279772152138334,0.01688333810863734,18.0,,14.0
2026-03-20,cv_1,ols_all,all,q_sga_to_revenue,-0.774596669241485,0.0006212194425670883,-0.00048119451108051856,-0.0011279772152138334,0.040591120403507534,19.0,,14.0
2026-03-23,cv_1,ols_all,all,q_sga_to_revenue,-0.774596669241485,0.0006212194425670883,-0.00048119451108051856,-0.0011279772152138334,0.027457442316968027,19.0,,14.0
2026-03-24,cv_1,ols_all,all,q_sga_to_revenue,-0.774596669241485,0.0006212194425670883,-0.00048119451108051856,-0.0011279772152138334,0.036292889677836296,20.0,,16.0
2026-03-25,cv_1,ols_all,all,q_sga_to_revenue,-0.774596669241485,0.0006212194425670883,-0.00048119451108051856,-0.0011279772152138334,0.03098888438953635,19.0,,15.0
2026-03-26,cv_1,ols_all,all,q_sga_to_revenue,-0.774596669241485,0.0006212194425670883,-0.00048119451108051856,-0.0011279772152138334,0.0675133604068726,18.0,,13.0
2026-03-27,cv_1,ols_all,all,q_sga_to_revenue,-0.774596669241485,0.0006212194425670883,-0.00048119451108051856,-0.0011279772152138334,0.06359767682690634,19.0,,13.0
2026-03-30,cv_1,ols_all,all,q_sga_to_revenue,-0.774596669241485,0.0006212194425670883,-0.00048119451108051856,-0.0011279772152138334,0.07507495847453731,19.0,,13.0
2026-03-31,cv_1,ols_all,all,q_sga_to_revenue,-0.774596669241485,0.0006212194425670883,-0.00048119451108051856,-0.0011279772152138334,0.03818553068845146,20.0,,15.0
2026-04-01,cv_1,ols_all,all,q_sga_to_revenue,-0.774596669241485,0.0006212194425670883,-0.00048119451108051856,-0.0011279772152138334,0.063911308578583,19.0,,15.0
2026-02-26,cv_1,ols_all,all,q_revenue_growth_yoy,0.7745966692414885,-0.0006212194425674967,-0.00048119451108083705,-0.0011279772152138334,-0.007729097487631519,12.0,,8.0
2026-02-27,cv_1,ols_all,all,q_revenue_growth_yoy,0.7745966692414885,-0.0006212194425674967,-0.00048119451108083705,-0.0011279772152138334,-0.00847143951461481,11.0,,8.0
2026-03-02,cv_1,ols_all,all,q_revenue_growth_yoy,0.7745966692414885,-0.0006212194425674967,-0.00048119451108083705,-0.0011279772152138334,-0.03765269722982363,12.0,,9.0
2026-03-03,cv_1,ols_all,all,q_revenue_growth_yoy,0.7745966692414885,-0.0006212194425674967,-0.00048119451108083705,-0.0011279772152138334,-0.005232846842535159,11.0,,8.0
2026-03-04,cv_1,ols_all,all,q_revenue_growth_yoy,0.7745966692414885,-0.0006212194425674967,-0.00048119451108083705,-0.0011279772152138334,-0.002436130075015149,11.0,,8.0
2026-03-05,cv_1,ols_all,all,q_revenue_growth_yoy,0.7745966692414885,-0.0006212194425674967,-0.00048119451108083705,-0.0011279772152138334,0.004655389028890079,11.0,,8.0
2026-03-06,cv_1,ols_all,all,q_revenue_growth_yoy,0.7745966692414885,-0.0006212194425674967,-0.00048119451108083705,-0.0011279772152138334,0.019013725506714055,11.0,,7.0
2026-03-09,cv_1,ols_all,all,q_revenue_growth_yoy,0.7745966692414885,-0.0006212194425674967,-0.00048119451108083705,-0.0011279772152138334,-0.004695365343724594,11.0,,8.0
2026-03-10,cv_1,ols_all,all,q_revenue_growth_yoy,0.7745966692414885,-0.0006212194425674967,-0.00048119451108083705,-0.0011279772152138334,-6.789637756406683e-05,10.0,,7.0
2026-03-11,cv_1,ols_all,all,q_revenue_growth_yoy,0.7745966692414885,-0.0006212194425674967,-0.00048119451108083705,-0.0011279772152138334,0.0014384653532373785,11.0,,8.0
2026-03-12,cv_1,ols_all,all,q_revenue_growth_yoy,0.7745966692414885,-0.0006212194425674967,-0.00048119451108083705,-0.0011279772152138334,0.009535645631506986,11.0,,7.0
2026-03-13,cv_1,ols_all,all,q_revenue_growth_yoy,0.7745966692414885,-0.0006212194425674967,-0.00048119451108083705,-0.0011279772152138334,0.013763821560128849,11.0,,6.0
2026-03-16,cv_1,ols_all,all,q_revenue_growth_yoy,0.7745966692414885,-0.0006212194425674967,-0.00048119451108083705,-0.0011279772152138334,-0.002494263082961855,12.0,,7.0
2026-03-17,cv_1,ols_all,all,q_revenue_growth_yoy,0.7745966692414885,-0.0006212194425674967,-0.00048119451108083705,-0.0011279772152138334,0.010828272277892024,11.0,,6.0
2026-03-18,cv_1,ols_all,all,q_revenue_growth_yoy,0.7745966692414885,-0.0006212194425674967,-0.00048119451108083705,-0.0011279772152138334,0.015419362578832045,12.0,,7.0
2026-03-19,cv_1,ols_all,all,q_revenue_growth_yoy,0.7745966692414885,-0.0006212194425674967,-0.00048119451108083705,-0.0011279772152138334,0.01688333810863734,11.0,,7.0
2026-03-20,cv_1,ols_all,all,q_revenue_growth_yoy,0.7745966692414885,-0.0006212194425674967,-0.00048119451108083705,-0.0011279772152138334,0.040591120403507534,12.0,,7.0
2026-03-23,cv_1,ols_all,all,q_revenue_growth_yoy,0.7745966692414885,-0.0006212194425674967,-0.00048119451108083705,-0.0011279772152138334,0.027457442316968027,12.0,,7.0
2026-03-24,cv_1,ols_all,all,q_revenue_growth_yoy,0.7745966692414885,-0.0006212194425674967,-0.00048119451108083705,-0.0011279772152138334,0.036292889677836296,13.0,,9.0
2026-03-25,cv_1,ols_all,all,q_revenue_growth_yoy,0.7745966692414885,-0.0006212194425674967,-0.00048119451108083705,-0.0011279772152138334,0.03098888438953635,12.0,,8.0
2026-03-26,cv_1,ols_all,all,q_revenue_growth_yoy,0.7745966692414885,-0.0006212194425674967,-0.00048119451108083705,-0.0011279772152138334,0.0675133604068726,11.0,,6.0
2026-03-27,cv_1,ols_all,all,q_revenue_growth_yoy,0.7745966692414885,-0.0006212194425674967,-0.00048119451108083705,-0.0011279772152138334,0.06359767682690634,12.0,,6.0
2026-03-30,cv_1,ols_all,all,q_revenue_growth_yoy,0.7745966692414885,-0.0006212194425674967,-0.00048119451108083705,-0.0011279772152138334,0.07507495847453731,12.0,,6.0
2026-03-31,cv_1,ols_all,all,q_revenue_growth_yoy,0.7745966692414885,-0.0006212194425674967,-0.00048119451108083705,-0.0011279772152138334,0.03818553068845146,13.0,,8.0
2026-04-01,cv_1,ols_all,all,q_revenue_growth_yoy,0.7745966692414885,-0.0006212194425674967,-0.00048119451108083705,-0.0011279772152138334,0.063911308578583,12.0,,8.0
2026-02-26,cv_1,ols_all,all,q_gross_profit_growth_yoy,0.7745966692414814,-0.0006212194425674575,-0.00048119451108080235,-0.0011279772152138334,-0.007729097487631519,14.0,,10.0
2026-02-27,cv_1,ols_all,all,q_gross_profit_growth_yoy,0.7745966692414814,-0.0006212194425674575,-0.00048119451108080235,-0.0011279772152138334,-0.00847143951461481,13.0,,10.0
2026-03-02,cv_1,ols_all,all,q_gross_profit_growth_yoy,0.7745966692414814,-0.0006212194425674575,-0.00048119451108080235,-0.0011279772152138334,-0.03765269722982363,14.0,,11.0
2026-03-03,cv_1,ols_all,all,q_gross_profit_growth_yoy,0.7745966692414814,-0.0006212194425674575,-0.00048119451108080235,-0.0011279772152138334,-0.005232846842535159,13.0,,10.0
2026-03-04,cv_1,ols_all,all,q_gross_profit_growth_yoy,0.7745966692414814,-0.0006212194425674575,-0.00048119451108080235,-0.0011279772152138334,-0.002436130075015149,13.0,,10.0
2026-03-05,cv_1,ols_all,all,q_gross_profit_growth_yoy,0.7745966692414814,-0.0006212194425674575,-0.00048119451108080235,-0.0011279772152138334,0.004655389028890079,13.0,,10.0
2026-03-06,cv_1,ols_all,all,q_gross_profit_growth_yoy,0.7745966692414814,-0.0006212194425674575,-0.00048119451108080235,-0.0011279772152138334,0.019013725506714055,13.0,,9.0
2026-03-09,cv_1,ols_all,all,q_gross_profit_growth_yoy,0.7745966692414814,-0.0006212194425674575,-0.00048119451108080235,-0.0011279772152138334,-0.004695365343724594,13.0,,10.0
2026-03-10,cv_1,ols_all,all,q_gross_profit_growth_yoy,0.7745966692414814,-0.0006212194425674575,-0.00048119451108080235,-0.0011279772152138334,-6.789637756406683e-05,12.0,,9.0
2026-03-11,cv_1,ols_all,all,q_gross_profit_growth_yoy,0.7745966692414814,-0.0006212194425674575,-0.00048119451108080235,-0.0011279772152138334,0.0014384653532373785,13.0,,10.0
2026-03-12,cv_1,ols_all,all,q_gross_profit_growth_yoy,0.7745966692414814,-0.0006212194425674575,-0.00048119451108080235,-0.0011279772152138334,0.009535645631506986,13.0,,9.0
2026-03-13,cv_1,ols_all,all,q_gross_profit_growth_yoy,0.7745966692414814,-0.0006212194425674575,-0.00048119451108080235,-0.0011279772152138334,0.013763821560128849,13.0,,8.0
2026-03-16,cv_1,ols_all,all,q_gross_profit_growth_yoy,0.7745966692414814,-0.0006212194425674575,-0.00048119451108080235,-0.0011279772152138334,-0.002494263082961855,14.0,,9.0
2026-03-17,cv_1,ols_all,all,q_gross_profit_growth_yoy,0.7745966692414814,-0.0006212194425674575,-0.00048119451108080235,-0.0011279772152138334,0.010828272277892024,13.0,,8.0
2026-03-18,cv_1,ols_all,all,q_gross_profit_growth_yoy,0.7745966692414814,-0.0006212194425674575,-0.00048119451108080235,-0.0011279772152138334,0.015419362578832045,14.0,,9.0
2026-03-19,cv_1,ols_all,all,q_gross_profit_growth_yoy,0.7745966692414814,-0.0006212194425674575,-0.00048119451108080235,-0.0011279772152138334,0.01688333810863734,13.0,,9.0
2026-03-20,cv_1,ols_all,all,q_gross_profit_growth_yoy,0.7745966692414814,-0.0006212194425674575,-0.00048119451108080235,-0.0011279772152138334,0.040591120403507534,14.0,,9.0
2026-03-23,cv_1,ols_all,all,q_gross_profit_growth_yoy,0.7745966692414814,-0.0006212194425674575,-0.00048119451108080235,-0.0011279772152138334,0.027457442316968027,14.0,,9.0
2026-03-24,cv_1,ols_all,all,q_gross_profit_growth_yoy,0.7745966692414814,-0.0006212194425674575,-0.00048119451108080235,-0.0011279772152138334,0.036292889677836296,15.0,,11.0
2026-03-25,cv_1,ols_all,all,q_gross_profit_growth_yoy,0.7745966692414814,-0.0006212194425674575,-0.00048119451108080235,-0.0011279772152138334,0.03098888438953635,14.0,,10.0
2026-03-26,cv_1,ols_all,all,q_gross_profit_growth_yoy,0.7745966692414814,-0.0006212194425674575,-0.00048119451108080235,-0.0011279772152138334,0.0675133604068726,13.0,,8.0
2026-03-27,cv_1,ols_all,all,q_gross_profit_growth_yoy,0.7745966692414814,-0.0006212194425674575,-0.00048119451108080235,-0.0011279772152138334,0.06359767682690634,14.0,,8.0
2026-03-30,cv_1,ols_all,all,q_gross_profit_growth_yoy,0.7745966692414814,-0.0006212194425674575,-0.00048119451108080235,-0.0011279772152138334,0.07507495847453731,14.0,,8.0
2026-03-31,cv_1,ols_all,all,q_gross_profit_growth_yoy,0.7745966692414814,-0.0006212194425674575,-0.00048119451108080235,-0.0011279772152138334,0.03818553068845146,15.0,,10.0
2026-04-01,cv_1,ols_all,all,q_gross_profit_growth_yoy,0.7745966692414814,-0.0006212194425674575,-0.00048119451108080235,-0.0011279772152138334,0.063911308578583,14.0,,10.0
2026-02-26,cv_1,ols_all,all,q_operating_income_growth_yoy,0.7745966692414834,-0.0006212194425672097,-0.0004811945110806116,-0.0011279772152138334,-0.007729097487631519,18.0,,14.0
2026-02-27,cv_1,ols_all,all,q_operating_income_growth_yoy,0.7745966692414834,-0.0006212194425672097,-0.0004811945110806116,-0.0011279772152138334,-0.00847143951461481,17.0,,14.0
2026-03-02,cv_1,ols_all,all,q_operating_income_growth_yoy,0.7745966692414834,-0.0006212194425672097,-0.0004811945110806116,-0.0011279772152138334,-0.03765269722982363,18.0,,15.0
2026-03-03,cv_1,ols_all,all,q_operating_income_growth_yoy,0.7745966692414834,-0.0006212194425672097,-0.0004811945110806116,-0.0011279772152138334,-0.005232846842535159,17.0,,14.0
2026-03-04,cv_1,ols_all,all,q_operating_income_growth_yoy,0.7745966692414834,-0.0006212194425672097,-0.0004811945110806116,-0.0011279772152138334,-0.002436130075015149,17.0,,14.0
2026-03-05,cv_1,ols_all,all,q_operating_income_growth_yoy,0.7745966692414834,-0.0006212194425672097,-0.0004811945110806116,-0.0011279772152138334,0.004655389028890079,17.0,,14.0
2026-03-06,cv_1,ols_all,all,q_operating_income_growth_yoy,0.7745966692414834,-0.0006212194425672097,-0.0004811945110806116,-0.0011279772152138334,0.019013725506714055,17.0,,13.0
2026-03-09,cv_1,ols_all,all,q_operating_income_growth_yoy,0.7745966692414834,-0.0006212194425672097,-0.0004811945110806116,-0.0011279772152138334,-0.004695365343724594,17.0,,14.0
2026-03-10,cv_1,ols_all,all,q_operating_income_growth_yoy,0.7745966692414834,-0.0006212194425672097,-0.0004811945110806116,-0.0011279772152138334,-6.789637756406683e-05,16.0,,13.0
2026-03-11,cv_1,ols_all,all,q_operating_income_growth_yoy,0.7745966692414834,-0.0006212194425672097,-0.0004811945110806116,-0.0011279772152138334,0.0014384653532373785,17.0,,14.0
2026-03-12,cv_1,ols_all,all,q_operating_income_growth_yoy,0.7745966692414834,-0.0006212194425672097,-0.0004811945110806116,-0.0011279772152138334,0.009535645631506986,17.0,,13.0
2026-03-13,cv_1,ols_all,all,q_operating_income_growth_yoy,0.7745966692414834,-0.0006212194425672097,-0.0004811945110806116,-0.0011279772152138334,0.013763821560128849,17.0,,12.0
2026-03-16,cv_1,ols_all,all,q_operating_income_growth_yoy,0.7745966692414834,-0.0006212194425672097,-0.0004811945110806116,-0.0011279772152138334,-0.002494263082961855,18.0,,13.0
2026-03-17,cv_1,ols_all,all,q_operating_income_growth_yoy,0.7745966692414834,-0.0006212194425672097,-0.0004811945110806116,-0.0011279772152138334,0.010828272277892024,17.0,,12.0
2026-03-18,cv_1,ols_all,all,q_operating_income_growth_yoy,0.7745966692414834,-0.0006212194425672097,-0.0004811945110806116,-0.0011279772152138334,0.015419362578832045,18.0,,13.0
2026-03-19,cv_1,ols_all,all,q_operating_income_growth_yoy,0.7745966692414834,-0.0006212194425672097,-0.0004811945110806116,-0.0011279772152138334,0.01688333810863734,17.0,,13.0
2026-03-20,cv_1,ols_all,all,q_operating_income_growth_yoy,0.7745966692414834,-0.0006212194425672097,-0.0004811945110806116,-0.0011279772152138334,0.040591120403507534,18.0,,13.0
2026-03-23,cv_1,ols_all,all,q_operating_income_growth_yoy,0.7745966692414834,-0.0006212194425672097,-0.0004811945110806116,-0.0011279772152138334,0.027457442316968027,18.0,,13.0
2026-03-24,cv_1,ols_all,all,q_operating_income_growth_yoy,0.7745966692414834,-0.0006212194425672097,-0.0004811945110806116,-0.0011279772152138334,0.036292889677836296,19.0,,15.0
2026-03-25,cv_1,ols_all,all,q_operating_income_growth_yoy,0.7745966692414834,-0.0006212194425672097,-0.0004811945110806116,-0.0011279772152138334,0.03098888438953635,18.0,,14.0
2026-03-26,cv_1,ols_all,all,q_operating_income_growth_yoy,0.7745966692414834,-0.0006212194425672097,-0.0004811945110806116,-0.0011279772152138334,0.0675133604068726,17.0,,12.0
2026-03-27,cv_1,ols_all,all,q_operating_income_growth_yoy,0.7745966692414834,-0.0006212194425672097,-0.0004811945110806116,-0.0011279772152138334,0.06359767682690634,18.0,,12.0
2026-03-30,cv_1,ols_all,all,q_operating_income_growth_yoy,0.7745966692414834,-0.0006212194425672097,-0.0004811945110806116,-0.0011279772152138334,0.07507495847453731,18.0,,12.0
2026-03-31,cv_1,ols_all,all,q_operating_income_growth_yoy,0.7745966692414834,-0.0006212194425672097,-0.0004811945110806116,-0.0011279772152138334,0.03818553068845146,19.0,,14.0
2026-04-01,cv_1,ols_all,all,q_operating_income_growth_yoy,0.7745966692414834,-0.0006212194425672097,-0.0004811945110806116,-0.0011279772152138334,0.063911308578583,18.0,,14.0
2026-02-26,cv_1,ols_all,all,q_net_income_growth_yoy,0.7745966692414756,-0.0006212194425672962,-0.00048119451108067377,-0.0011279772152138334,-0.007729097487631519,16.0,,12.0
2026-02-27,cv_1,ols_all,all,q_net_income_growth_yoy,0.7745966692414756,-0.0006212194425672962,-0.00048119451108067377,-0.0011279772152138334,-0.00847143951461481,15.0,,12.0
2026-03-02,cv_1,ols_all,all,q_net_income_growth_yoy,0.7745966692414756,-0.0006212194425672962,-0.00048119451108067377,-0.0011279772152138334,-0.03765269722982363,16.0,,13.0
2026-03-03,cv_1,ols_all,all,q_net_income_growth_yoy,0.7745966692414756,-0.0006212194425672962,-0.00048119451108067377,-0.0011279772152138334,-0.005232846842535159,15.0,,12.0
2026-03-04,cv_1,ols_all,all,q_net_income_growth_yoy,0.7745966692414756,-0.0006212194425672962,-0.00048119451108067377,-0.0011279772152138334,-0.002436130075015149,15.0,,12.0
2026-03-05,cv_1,ols_all,all,q_net_income_growth_yoy,0.7745966692414756,-0.0006212194425672962,-0.00048119451108067377,-0.0011279772152138334,0.004655389028890079,15.0,,12.0
2026-03-06,cv_1,ols_all,all,q_net_income_growth_yoy,0.7745966692414756,-0.0006212194425672962,-0.00048119451108067377,-0.0011279772152138334,0.019013725506714055,15.0,,11.0
2026-03-09,cv_1,ols_all,all,q_net_income_growth_yoy,0.7745966692414756,-0.0006212194425672962,-0.00048119451108067377,-0.0011279772152138334,-0.004695365343724594,15.0,,12.0
2026-03-10,cv_1,ols_all,all,q_net_income_growth_yoy,0.7745966692414756,-0.0006212194425672962,-0.00048119451108067377,-0.0011279772152138334,-6.789637756406683e-05,14.0,,11.0
2026-03-11,cv_1,ols_all,all,q_net_income_growth_yoy,0.7745966692414756,-0.0006212194425672962,-0.00048119451108067377,-0.0011279772152138334,0.0014384653532373785,15.0,,12.0
2026-03-12,cv_1,ols_all,all,q_net_income_growth_yoy,0.7745966692414756,-0.0006212194425672962,-0.00048119451108067377,-0.0011279772152138334,0.009535645631506986,15.0,,11.0
2026-03-13,cv_1,ols_all,all,q_net_income_growth_yoy,0.7745966692414756,-0.0006212194425672962,-0.00048119451108067377,-0.0011279772152138334,0.013763821560128849,15.0,,10.0
2026-03-16,cv_1,ols_all,all,q_net_income_growth_yoy,0.7745966692414756,-0.0006212194425672962,-0.00048119451108067377,-0.0011279772152138334,-0.002494263082961855,16.0,,11.0
2026-03-17,cv_1,ols_all,all,q_net_income_growth_yoy,0.7745966692414756,-0.0006212194425672962,-0.00048119451108067377,-0.0011279772152138334,0.010828272277892024,15.0,,10.0
2026-03-18,cv_1,ols_all,all,q_net_income_growth_yoy,0.7745966692414756,-0.0006212194425672962,-0.00048119451108067377,-0.0011279772152138334,0.015419362578832045,16.0,,11.0
2026-03-19,cv_1,ols_all,all,q_net_income_growth_yoy,0.7745966692414756,-0.0006212194425672962,-0.00048119451108067377,-0.0011279772152138334,0.01688333810863734,15.0,,11.0
2026-03-20,cv_1,ols_all,all,q_net_income_growth_yoy,0.7745966692414756,-0.0006212194425672962,-0.00048119451108067377,-0.0011279772152138334,0.040591120403507534,16.0,,11.0
2026-03-23,cv_1,ols_all,all,q_net_income_growth_yoy,0.7745966692414756,-0.0006212194425672962,-0.00048119451108067377,-0.0011279772152138334,0.027457442316968027,16.0,,11.0
2026-03-24,cv_1,ols_all,all,q_net_income_growth_yoy,0.7745966692414756,-0.0006212194425672962,-0.00048119451108067377,-0.0011279772152138334,0.036292889677836296,17.0,,13.0
2026-03-25,cv_1,ols_all,all,q_net_income_growth_yoy,0.7745966692414756,-0.0006212194425672962,-0.00048119451108067377,-0.0011279772152138334,0.03098888438953635,16.0,,12.0
2026-03-26,cv_1,ols_all,all,q_net_income_growth_yoy,0.7745966692414756,-0.0006212194425672962,-0.00048119451108067377,-0.0011279772152138334,0.0675133604068726,15.0,,10.0
2026-03-27,cv_1,ols_all,all,q_net_income_growth_yoy,0.7745966692414756,-0.0006212194425672962,-0.00048119451108067377,-0.0011279772152138334,0.06359767682690634,16.0,,10.0
2026-03-30,cv_1,ols_all,all,q_net_income_growth_yoy,0.7745966692414756,-0.0006212194425672962,-0.00048119451108067377,-0.0011279772152138334,0.07507495847453731,16.0,,10.0
2026-03-31,cv_1,ols_all,all,q_net_income_growth_yoy,0.7745966692414756,-0.0006212194425672962,-0.00048119451108067377,-0.0011279772152138334,0.03818553068845146,17.0,,12.0
2026-04-01,cv_1,ols_all,all,q_net_income_growth_yoy,0.7745966692414756,-0.0006212194425672962,-0.00048119451108067377,-0.0011279772152138334,0.063911308578583,16.0,,12.0
2026-02-26,cv_1,ols_all,all,q_rd_growth_yoy,-0.7745966692413899,0.0006212194425674942,-0.0004811945110807739,-0.0011279772152138334,-0.007729097487631519,15.0,,11.0
2026-02-27,cv_1,ols_all,all,q_rd_growth_yoy,-0.7745966692413899,0.0006212194425674942,-0.0004811945110807739,-0.0011279772152138334,-0.00847143951461481,14.0,,11.0
2026-03-02,cv_1,ols_all,all,q_rd_growth_yoy,-0.7745966692413899,0.0006212194425674942,-0.0004811945110807739,-0.0011279772152138334,-0.03765269722982363,15.0,,12.0
2026-03-03,cv_1,ols_all,all,q_rd_growth_yoy,-0.7745966692413899,0.0006212194425674942,-0.0004811945110807739,-0.0011279772152138334,-0.005232846842535159,14.0,,11.0
2026-03-04,cv_1,ols_all,all,q_rd_growth_yoy,-0.7745966692413899,0.0006212194425674942,-0.0004811945110807739,-0.0011279772152138334,-0.002436130075015149,14.0,,11.0
2026-03-05,cv_1,ols_all,all,q_rd_growth_yoy,-0.7745966692413899,0.0006212194425674942,-0.0004811945110807739,-0.0011279772152138334,0.004655389028890079,14.0,,11.0
2026-03-06,cv_1,ols_all,all,q_rd_growth_yoy,-0.7745966692413899,0.0006212194425674942,-0.0004811945110807739,-0.0011279772152138334,0.019013725506714055,14.0,,10.0
2026-03-09,cv_1,ols_all,all,q_rd_growth_yoy,-0.7745966692413899,0.0006212194425674942,-0.0004811945110807739,-0.0011279772152138334,-0.004695365343724594,14.0,,11.0
2026-03-10,cv_1,ols_all,all,q_rd_growth_yoy,-0.7745966692413899,0.0006212194425674942,-0.0004811945110807739,-0.0011279772152138334,-6.789637756406683e-05,13.0,,10.0
2026-03-11,cv_1,ols_all,all,q_rd_growth_yoy,-0.7745966692413899,0.0006212194425674942,-0.0004811945110807739,-0.0011279772152138334,0.0014384653532373785,14.0,,11.0
2026-03-12,cv_1,ols_all,all,q_rd_growth_yoy,-0.7745966692413899,0.0006212194425674942,-0.0004811945110807739,-0.0011279772152138334,0.009535645631506986,14.0,,10.0
2026-03-13,cv_1,ols_all,all,q_rd_growth_yoy,-0.7745966692413899,0.0006212194425674942,-0.0004811945110807739,-0.0011279772152138334,0.013763821560128849,14.0,,9.0
2026-03-16,cv_1,ols_all,all,q_rd_growth_yoy,-0.7745966692413899,0.0006212194425674942,-0.0004811945110807739,-0.0011279772152138334,-0.002494263082961855,15.0,,10.0
2026-03-17,cv_1,ols_all,all,q_rd_growth_yoy,-0.7745966692413899,0.0006212194425674942,-0.0004811945110807739,-0.0011279772152138334,0.010828272277892024,14.0,,9.0
2026-03-18,cv_1,ols_all,all,q_rd_growth_yoy,-0.7745966692413899,0.0006212194425674942,-0.0004811945110807739,-0.0011279772152138334,0.015419362578832045,15.0,,10.0
2026-03-19,cv_1,ols_all,all,q_rd_growth_yoy,-0.7745966692413899,0.0006212194425674942,-0.0004811945110807739,-0.0011279772152138334,0.01688333810863734,14.0,,10.0
2026-03-20,cv_1,ols_all,all,q_rd_growth_yoy,-0.7745966692413899,0.0006212194425674942,-0.0004811945110807739,-0.0011279772152138334,0.040591120403507534,15.0,,10.0
2026-03-23,cv_1,ols_all,all,q_rd_growth_yoy,-0.7745966692413899,0.0006212194425674942,-0.0004811945110807739,-0.0011279772152138334,0.027457442316968027,15.0,,10.0
2026-03-24,cv_1,ols_all,all,q_rd_growth_yoy,-0.7745966692413899,0.0006212194425674942,-0.0004811945110807739,-0.0011279772152138334,0.036292889677836296,16.0,,12.0
2026-03-25,cv_1,ols_all,all,q_rd_growth_yoy,-0.7745966692413899,0.0006212194425674942,-0.0004811945110807739,-0.0011279772152138334,0.03098888438953635,15.0,,11.0
2026-03-26,cv_1,ols_all,all,q_rd_growth_yoy,-0.7745966692413899,0.0006212194425674942,-0.0004811945110807739,-0.0011279772152138334,0.0675133604068726,14.0,,9.0
2026-03-27,cv_1,ols_all,all,q_rd_growth_yoy,-0.7745966692413899,0.0006212194425674942,-0.0004811945110807739,-0.0011279772152138334,0.06359767682690634,15.0,,9.0
2026-03-30,cv_1,ols_all,all,q_rd_growth_yoy,-0.7745966692413899,0.0006212194425674942,-0.0004811945110807739,-0.0011279772152138334,0.07507495847453731,15.0,,9.0
2026-03-31,cv_1,ols_all,all,q_rd_growth_yoy,-0.7745966692413899,0.0006212194425674942,-0.0004811945110807739,-0.0011279772152138334,0.03818553068845146,16.0,,11.0
2026-04-01,cv_1,ols_all,all,q_rd_growth_yoy,-0.7745966692413899,0.0006212194425674942,-0.0004811945110807739,-0.0011279772152138334,0.063911308578583,15.0,,11.0
2026-02-26,cv_1,ols_all,all,current_ratio,-3.8059302768520715,-0.0006212194425670883,0.002364317885035248,-0.0011279772152138334,-0.007729097487631519,7.0,3.0,
2026-02-27,cv_1,ols_all,all,current_ratio,-3.8059302768520715,-0.0006212194425670883,0.002364317885035248,-0.0011279772152138334,-0.00847143951461481,7.0,3.0,
2026-03-02,cv_1,ols_all,all,current_ratio,-3.8059302768520715,-0.0006212194425670883,0.002364317885035248,-0.0011279772152138334,-0.03765269722982363,7.0,2.0,
2026-03-03,cv_1,ols_all,all,current_ratio,-3.8059302768520715,-0.0006212194425670883,0.002364317885035248,-0.0011279772152138334,-0.005232846842535159,7.0,3.0,
2026-03-04,cv_1,ols_all,all,current_ratio,-3.8059302768520715,-0.0006212194425670883,0.002364317885035248,-0.0011279772152138334,-0.002436130075015149,7.0,3.0,
2026-03-05,cv_1,ols_all,all,current_ratio,-3.8059302768520715,-0.0006212194425670883,0.002364317885035248,-0.0011279772152138334,0.004655389028890079,5.0,2.0,
2026-03-06,cv_1,ols_all,all,current_ratio,-3.8059302768520715,-0.0006212194425670883,0.002364317885035248,-0.0011279772152138334,0.019013725506714055,6.0,3.0,
2026-03-09,cv_1,ols_all,all,current_ratio,-3.8059302768520715,-0.0006212194425670883,0.002364317885035248,-0.0011279772152138334,-0.004695365343724594,6.0,3.0,
2026-03-10,cv_1,ols_all,all,current_ratio,-3.8059302768520715,-0.0006212194425670883,0.002364317885035248,-0.0011279772152138334,-6.789637756406683e-05,6.0,3.0,
2026-03-11,cv_1,ols_all,all,current_ratio,-3.8059302768520715,-0.0006212194425670883,0.002364317885035248,-0.0011279772152138334,0.0014384653532373785,5.0,3.0,
2026-03-12,cv_1,ols_all,all,current_ratio,-3.8059302768520715,-0.0006212194425670883,0.002364317885035248,-0.0011279772152138334,0.009535645631506986,5.0,3.0,
2026-03-13,cv_1,ols_all,all,current_ratio,-3.8059302768520715,-0.0006212194425670883,0.002364317885035248,-0.0011279772152138334,0.013763821560128849,6.0,4.0,
2026-03-16,cv_1,ols_all,all,current_ratio,-3.8059302768520715,-0.0006212194425670883,0.002364317885035248,-0.0011279772152138334,-0.002494263082961855,5.0,3.0,
2026-03-17,cv_1,ols_all,all,current_ratio,-3.8059302768520715,-0.0006212194425670883,0.002364317885035248,-0.0011279772152138334,0.010828272277892024,6.0,4.0,
2026-03-18,cv_1,ols_all,all,current_ratio,-3.8059302768520715,-0.0006212194425670883,0.002364317885035248,-0.0011279772152138334,0.015419362578832045,5.0,3.0,
2026-03-19,cv_1,ols_all,all,current_ratio,-3.8059302768520715,-0.0006212194425670883,0.002364317885035248,-0.0011279772152138334,0.01688333810863734,5.0,3.0,
2026-03-20,cv_1,ols_all,all,current_ratio,-3.8059302768520715,-0.0006212194425670883,0.002364317885035248,-0.0011279772152138334,0.040591120403507534,6.0,4.0,
2026-03-23,cv_1,ols_all,all,current_ratio,-3.8059302768520715,-0.0006212194425670883,0.002364317885035248,-0.0011279772152138334,0.027457442316968027,5.0,3.0,
2026-03-24,cv_1,ols_all,all,current_ratio,-3.8059302768520715,-0.0006212194425670883,0.002364317885035248,-0.0011279772152138334,0.036292889677836296,6.0,4.0,
2026-03-25,cv_1,ols_all,all,current_ratio,-3.8059302768520715,-0.0006212194425670883,0.002364317885035248,-0.0011279772152138334,0.03098888438953635,7.0,4.0,
2026-03-26,cv_1,ols_all,all,current_ratio,-3.8059302768520715,-0.0006212194425670883,0.002364317885035248,-0.0011279772152138334,0.0675133604068726,7.0,5.0,
2026-03-27,cv_1,ols_all,all,current_ratio,-3.8059302768520715,-0.0006212194425670883,0.002364317885035248,-0.0011279772152138334,0.06359767682690634,7.0,5.0,
2026-03-30,cv_1,ols_all,all,current_ratio,-3.8059302768520715,-0.0006212194425670883,0.002364317885035248,-0.0011279772152138334,0.07507495847453731,7.0,5.0,
2026-03-31,cv_1,ols_all,all,current_ratio,-3.8059302768520715,-0.0006212194425670883,0.002364317885035248,-0.0011279772152138334,0.03818553068845146,7.0,4.0,
2026-04-01,cv_1,ols_all,all,current_ratio,-3.8059302768520715,-0.0006212194425670883,0.002364317885035248,-0.0011279772152138334,0.063911308578583,6.0,4.0,
2026-02-26,cv_1,ols_all,all,cash_to_assets,-4.390472130219181,0.000621219442567297,-0.002727446649342013,-0.0011279772152138334,-0.007729097487631519,6.0,,4.0
2026-02-27,cv_1,ols_all,all,cash_to_assets,-4.390472130219181,0.000621219442567297,-0.002727446649342013,-0.0011279772152138334,-0.00847143951461481,6.0,,4.0
2026-03-02,cv_1,ols_all,all,cash_to_assets,-4.390472130219181,0.000621219442567297,-0.002727446649342013,-0.0011279772152138334,-0.03765269722982363,6.0,,5.0
2026-03-03,cv_1,ols_all,all,cash_to_assets,-4.390472130219181,0.000621219442567297,-0.002727446649342013,-0.0011279772152138334,-0.005232846842535159,6.0,,4.0
2026-03-04,cv_1,ols_all,all,cash_to_assets,-4.390472130219181,0.000621219442567297,-0.002727446649342013,-0.0011279772152138334,-0.002436130075015149,6.0,,4.0
2026-03-05,cv_1,ols_all,all,cash_to_assets,-4.390472130219181,0.000621219442567297,-0.002727446649342013,-0.0011279772152138334,0.004655389028890079,4.0,,3.0
2026-03-06,cv_1,ols_all,all,cash_to_assets,-4.390472130219181,0.000621219442567297,-0.002727446649342013,-0.0011279772152138334,0.019013725506714055,5.0,,3.0
2026-03-09,cv_1,ols_all,all,cash_to_assets,-4.390472130219181,0.000621219442567297,-0.002727446649342013,-0.0011279772152138334,-0.004695365343724594,5.0,,3.0
2026-03-10,cv_1,ols_all,all,cash_to_assets,-4.390472130219181,0.000621219442567297,-0.002727446649342013,-0.0011279772152138334,-6.789637756406683e-05,5.0,,3.0
2026-03-11,cv_1,ols_all,all,cash_to_assets,-4.390472130219181,0.000621219442567297,-0.002727446649342013,-0.0011279772152138334,0.0014384653532373785,4.0,,2.0
2026-03-12,cv_1,ols_all,all,cash_to_assets,-4.390472130219181,0.000621219442567297,-0.002727446649342013,-0.0011279772152138334,0.009535645631506986,4.0,,2.0
2026-03-13,cv_1,ols_all,all,cash_to_assets,-4.390472130219181,0.000621219442567297,-0.002727446649342013,-0.0011279772152138334,0.013763821560128849,5.0,,2.0
2026-03-16,cv_1,ols_all,all,cash_to_assets,-4.390472130219181,0.000621219442567297,-0.002727446649342013,-0.0011279772152138334,-0.002494263082961855,4.0,,2.0
2026-03-17,cv_1,ols_all,all,cash_to_assets,-4.390472130219181,0.000621219442567297,-0.002727446649342013,-0.0011279772152138334,0.010828272277892024,5.0,,2.0
2026-03-18,cv_1,ols_all,all,cash_to_assets,-4.390472130219181,0.000621219442567297,-0.002727446649342013,-0.0011279772152138334,0.015419362578832045,4.0,,2.0
2026-03-19,cv_1,ols_all,all,cash_to_assets,-4.390472130219181,0.000621219442567297,-0.002727446649342013,-0.0011279772152138334,0.01688333810863734,4.0,,2.0
2026-03-20,cv_1,ols_all,all,cash_to_assets,-4.390472130219181,0.000621219442567297,-0.002727446649342013,-0.0011279772152138334,0.040591120403507534,5.0,,2.0
2026-03-23,cv_1,ols_all,all,cash_to_assets,-4.390472130219181,0.000621219442567297,-0.002727446649342013,-0.0011279772152138334,0.027457442316968027,4.0,,2.0
2026-03-24,cv_1,ols_all,all,cash_to_assets,-4.390472130219181,0.000621219442567297,-0.002727446649342013,-0.0011279772152138334,0.036292889677836296,4.0,,2.0
2026-03-25,cv_1,ols_all,all,cash_to_assets,-4.390472130219181,0.000621219442567297,-0.002727446649342013,-0.0011279772152138334,0.03098888438953635,6.0,,3.0
2026-03-26,cv_1,ols_all,all,cash_to_assets,-4.390472130219181,0.000621219442567297,-0.002727446649342013,-0.0011279772152138334,0.0675133604068726,6.0,,2.0
2026-03-27,cv_1,ols_all,all,cash_to_assets,-4.390472130219181,0.000621219442567297,-0.002727446649342013,-0.0011279772152138334,0.06359767682690634,6.0,,2.0
2026-03-30,cv_1,ols_all,all,cash_to_assets,-4.390472130219181,0.000621219442567297,-0.002727446649342013,-0.0011279772152138334,0.07507495847453731,6.0,,2.0
2026-03-31,cv_1,ols_all,all,cash_to_assets,-4.390472130219181,0.000621219442567297,-0.002727446649342013,-0.0011279772152138334,0.03818553068845146,6.0,,3.0
2026-04-01,cv_1,ols_all,all,cash_to_assets,-4.390472130219181,0.000621219442567297,-0.002727446649342013,-0.0011279772152138334,0.063911308578583,5.0,,2.0
2026-02-26,cv_1,ols_all,all,liabilities_to_assets,-2.5603013370836254,0.0006212194425672892,-0.001590508969427375,-0.0011279772152138334,-0.007729097487631519,8.0,,5.0
2026-02-27,cv_1,ols_all,all,liabilities_to_assets,-2.5603013370836254,0.0006212194425672892,-0.001590508969427375,-0.0011279772152138334,-0.00847143951461481,8.0,,5.0
2026-03-02,cv_1,ols_all,all,liabilities_to_assets,-2.5603013370836254,0.0006212194425672892,-0.001590508969427375,-0.0011279772152138334,-0.03765269722982363,8.0,,6.0
2026-03-03,cv_1,ols_all,all,liabilities_to_assets,-2.5603013370836254,0.0006212194425672892,-0.001590508969427375,-0.0011279772152138334,-0.005232846842535159,8.0,,5.0
2026-03-04,cv_1,ols_all,all,liabilities_to_assets,-2.5603013370836254,0.0006212194425672892,-0.001590508969427375,-0.0011279772152138334,-0.002436130075015149,8.0,,5.0
2026-03-05,cv_1,ols_all,all,liabilities_to_assets,-2.5603013370836254,0.0006212194425672892,-0.001590508969427375,-0.0011279772152138334,0.004655389028890079,7.0,,5.0
2026-03-06,cv_1,ols_all,all,liabilities_to_assets,-2.5603013370836254,0.0006212194425672892,-0.001590508969427375,-0.0011279772152138334,0.019013725506714055,8.0,,4.0
2026-03-09,cv_1,ols_all,all,liabilities_to_assets,-2.5603013370836254,0.0006212194425672892,-0.001590508969427375,-0.0011279772152138334,-0.004695365343724594,7.0,,4.0
2026-03-10,cv_1,ols_all,all,liabilities_to_assets,-2.5603013370836254,0.0006212194425672892,-0.001590508969427375,-0.0011279772152138334,-6.789637756406683e-05,7.0,,4.0
2026-03-11,cv_1,ols_all,all,liabilities_to_assets,-2.5603013370836254,0.0006212194425672892,-0.001590508969427375,-0.0011279772152138334,0.0014384653532373785,6.0,,3.0
2026-03-12,cv_1,ols_all,all,liabilities_to_assets,-2.5603013370836254,0.0006212194425672892,-0.001590508969427375,-0.0011279772152138334,0.009535645631506986,6.0,,3.0
2026-03-13,cv_1,ols_all,all,liabilities_to_assets,-2.5603013370836254,0.0006212194425672892,-0.001590508969427375,-0.0011279772152138334,0.013763821560128849,7.0,,3.0
2026-03-16,cv_1,ols_all,all,liabilities_to_assets,-2.5603013370836254,0.0006212194425672892,-0.001590508969427375,-0.0011279772152138334,-0.002494263082961855,6.0,,3.0
2026-03-17,cv_1,ols_all,all,liabilities_to_assets,-2.5603013370836254,0.0006212194425672892,-0.001590508969427375,-0.0011279772152138334,0.010828272277892024,7.0,,3.0
2026-03-18,cv_1,ols_all,all,liabilities_to_assets,-2.5603013370836254,0.0006212194425672892,-0.001590508969427375,-0.0011279772152138334,0.015419362578832045,7.0,,3.0
2026-03-19,cv_1,ols_all,all,liabilities_to_assets,-2.5603013370836254,0.0006212194425672892,-0.001590508969427375,-0.0011279772152138334,0.01688333810863734,7.0,,4.0
2026-03-20,cv_1,ols_all,all,liabilities_to_assets,-2.5603013370836254,0.0006212194425672892,-0.001590508969427375,-0.0011279772152138334,0.040591120403507534,8.0,,3.0
2026-03-23,cv_1,ols_all,all,liabilities_to_assets,-2.5603013370836254,0.0006212194425672892,-0.001590508969427375,-0.0011279772152138334,0.027457442316968027,8.0,,3.0
2026-03-24,cv_1,ols_all,all,liabilities_to_assets,-2.5603013370836254,0.0006212194425672892,-0.001590508969427375,-0.0011279772152138334,0.036292889677836296,7.0,,3.0
2026-03-25,cv_1,ols_all,all,liabilities_to_assets,-2.5603013370836254,0.0006212194425672892,-0.001590508969427375,-0.0011279772152138334,0.03098888438953635,8.0,,4.0
2026-03-26,cv_1,ols_all,all,liabilities_to_assets,-2.5603013370836254,0.0006212194425672892,-0.001590508969427375,-0.0011279772152138334,0.0675133604068726,8.0,,3.0
2026-03-27,cv_1,ols_all,all,liabilities_to_assets,-2.5603013370836254,0.0006212194425672892,-0.001590508969427375,-0.0011279772152138334,0.06359767682690634,8.0,,3.0
2026-03-30,cv_1,ols_all,all,liabilities_to_assets,-2.5603013370836254,0.0006212194425672892,-0.001590508969427375,-0.0011279772152138334,0.07507495847453731,9.0,,3.0
2026-03-31,cv_1,ols_all,all,liabilities_to_assets,-2.5603013370836254,0.0006212194425672892,-0.001590508969427375,-0.0011279772152138334,0.03818553068845146,8.0,,4.0
2026-04-01,cv_1,ols_all,all,liabilities_to_assets,-2.5603013370836254,0.0006212194425672892,-0.001590508969427375,-0.0011279772152138334,0.063911308578583,7.0,,3.0
2026-02-26,cv_1,ols_all,all,debt_to_assets,-2.3040118257066147,0.000621219442567291,-0.0014312969420339095,-0.0011279772152138334,-0.007729097487631519,9.0,,6.0
2026-02-27,cv_1,ols_all,all,debt_to_assets,-2.3040118257066147,0.000621219442567291,-0.0014312969420339095,-0.0011279772152138334,-0.00847143951461481,9.0,,6.0
2026-03-02,cv_1,ols_all,all,debt_to_assets,-2.3040118257066147,0.000621219442567291,-0.0014312969420339095,-0.0011279772152138334,-0.03765269722982363,9.0,,7.0
2026-03-03,cv_1,ols_all,all,debt_to_assets,-2.3040118257066147,0.000621219442567291,-0.0014312969420339095,-0.0011279772152138334,-0.005232846842535159,9.0,,6.0
2026-03-04,cv_1,ols_all,all,debt_to_assets,-2.3040118257066147,0.000621219442567291,-0.0014312969420339095,-0.0011279772152138334,-0.002436130075015149,9.0,,6.0
2026-03-05,cv_1,ols_all,all,debt_to_assets,-2.3040118257066147,0.000621219442567291,-0.0014312969420339095,-0.0011279772152138334,0.004655389028890079,9.0,,6.0
2026-03-06,cv_1,ols_all,all,debt_to_assets,-2.3040118257066147,0.000621219442567291,-0.0014312969420339095,-0.0011279772152138334,0.019013725506714055,9.0,,5.0
2026-03-09,cv_1,ols_all,all,debt_to_assets,-2.3040118257066147,0.000621219442567291,-0.0014312969420339095,-0.0011279772152138334,-0.004695365343724594,8.0,,5.0
2026-03-10,cv_1,ols_all,all,debt_to_assets,-2.3040118257066147,0.000621219442567291,-0.0014312969420339095,-0.0011279772152138334,-6.789637756406683e-05,8.0,,5.0
2026-03-11,cv_1,ols_all,all,debt_to_assets,-2.3040118257066147,0.000621219442567291,-0.0014312969420339095,-0.0011279772152138334,0.0014384653532373785,7.0,,4.0
2026-03-12,cv_1,ols_all,all,debt_to_assets,-2.3040118257066147,0.000621219442567291,-0.0014312969420339095,-0.0011279772152138334,0.009535645631506986,7.0,,4.0
2026-03-13,cv_1,ols_all,all,debt_to_assets,-2.3040118257066147,0.000621219442567291,-0.0014312969420339095,-0.0011279772152138334,0.013763821560128849,8.0,,4.0
2026-03-16,cv_1,ols_all,all,debt_to_assets,-2.3040118257066147,0.000621219442567291,-0.0014312969420339095,-0.0011279772152138334,-0.002494263082961855,7.0,,4.0
2026-03-17,cv_1,ols_all,all,debt_to_assets,-2.3040118257066147,0.000621219442567291,-0.0014312969420339095,-0.0011279772152138334,0.010828272277892024,8.0,,4.0
2026-03-18,cv_1,ols_all,all,debt_to_assets,-2.3040118257066147,0.000621219442567291,-0.0014312969420339095,-0.0011279772152138334,0.015419362578832045,8.0,,4.0
2026-03-19,cv_1,ols_all,all,debt_to_assets,-2.3040118257066147,0.000621219442567291,-0.0014312969420339095,-0.0011279772152138334,0.01688333810863734,8.0,,5.0
2026-03-20,cv_1,ols_all,all,debt_to_assets,-2.3040118257066147,0.000621219442567291,-0.0014312969420339095,-0.0011279772152138334,0.040591120403507534,9.0,,4.0
2026-03-23,cv_1,ols_all,all,debt_to_assets,-2.3040118257066147,0.000621219442567291,-0.0014312969420339095,-0.0011279772152138334,0.027457442316968027,9.0,,4.0
2026-03-24,cv_1,ols_all,all,debt_to_assets,-2.3040118257066147,0.000621219442567291,-0.0014312969420339095,-0.0011279772152138334,0.036292889677836296,9.0,,5.0
2026-03-25,cv_1,ols_all,all,debt_to_assets,-2.3040118257066147,0.000621219442567291,-0.0014312969420339095,-0.0011279772152138334,0.03098888438953635,9.0,,5.0
2026-03-26,cv_1,ols_all,all,debt_to_assets,-2.3040118257066147,0.000621219442567291,-0.0014312969420339095,-0.0011279772152138334,0.0675133604068726,9.0,,4.0
2026-03-27,cv_1,ols_all,all,debt_to_assets,-2.3040118257066147,0.000621219442567291,-0.0014312969420339095,-0.0011279772152138334,0.06359767682690634,9.0,,4.0
2026-03-30,cv_1,ols_all,all,debt_to_assets,-2.3040118257066147,0.000621219442567291,-0.0014312969420339095,-0.0011279772152138334,0.07507495847453731,10.0,,4.0
2026-03-31,cv_1,ols_all,all,debt_to_assets,-2.3040118257066147,0.000621219442567291,-0.0014312969420339095,-0.0011279772152138334,0.03818553068845146,9.0,,5.0
2026-04-01,cv_1,ols_all,all,debt_to_assets,-2.3040118257066147,0.000621219442567291,-0.0014312969420339095,-0.0011279772152138334,0.063911308578583,8.0,,4.0
2026-02-26,cv_1,ridge_all,all,simple_return,-2.4170638621035776,-0.002777402786090411,0.006713159904764926,-0.0011279772152138331,-0.008812206642708256,4.0,3.0,
2026-02-27,cv_1,ridge_all,all,simple_return,-1.8479175994152086,-0.002777402786090411,0.005132411489081305,-0.0011279772152138331,-0.008922960737390642,3.0,2.0,
2026-03-02,cv_1,ridge_all,all,simple_return,1.3030741374174255,-0.002777402786090411,-0.0036191617397455167,-0.0011279772152138331,-0.036600924656376786,4.0,,4.0
2026-03-03,cv_1,ridge_all,all,simple_return,-0.5994475282630221,-0.002777402786090411,0.0016649072351127279,-0.0011279772152138331,-0.004861966015398856,7.0,4.0,
2026-03-04,cv_1,ridge_all,all,simple_return,0.7192267729872202,-0.002777402786090411,-0.001997582443125521,-0.0011279772152138331,-0.0021669397621459996,7.0,,5.0
2026-03-05,cv_1,ridge_all,all,simple_return,0.05962630625487733,-0.002777402786090411,-0.0001656062691165764,-0.0011279772152138331,0.0050810988296342875,20.0,,17.0
2026-03-06,cv_1,ridge_all,all,simple_return,-1.3394302332228158,-0.002777402786090411,0.0037201372615267778,-0.0011279772152138331,0.018585321527973056,4.0,3.0,
2026-03-09,cv_1,ridge_all,all,simple_return,1.1844096025484345,-0.002777402786090411,-0.0032895825299902584,-0.0011279772152138331,-0.004478547161662723,4.0,,3.0
2026-03-10,cv_1,ridge_all,all,simple_return,0.4989042302007102,-0.002777402786090411,-0.0013856579989517442,-0.0011279772152138331,6.680126130925441e-05,8.0,,6.0
2026-03-11,cv_1,ridge_all,all,simple_return,0.28791512538012876,-0.002777402786090411,-0.0007996562713883396,-0.0011279772152138331,0.0014305870135627216,8.0,,6.0
2026-03-12,cv_1,ridge_all,all,simple_return,-0.6972207127853381,-0.002777402786090411,0.0019364627502099405,-0.0011279772152138331,0.009334114101223331,5.0,4.0,
2026-03-13,cv_1,ridge_all,all,simple_return,-0.7080241688957817,-0.002777402786090411,0.0019664682993104916,-0.0011279772152138331,0.01372471937200733,6.0,5.0,
2026-03-16,cv_1,ridge_all,all,simple_return,0.7135276885487742,-0.002777402786090411,-0.0019817537901280166,-0.0011279772152138331,-0.002089829971032015,5.0,,3.0
2026-03-17,cv_1,ridge_all,all,simple_return,-0.32288245707768104,-0.002777402786090411,0.0008967746358672689,-0.0011279772152138331,0.010731692820070521,8.0,5.0,
2026-03-18,cv_1,ridge_all,all,simple_return,-0.3832155429840946,-0.002777402786090411,0.001064343916757174,-0.0011279772152138331,0.015223247122207557,8.0,5.0,
2026-03-19,cv_1,ridge_all,all,simple_return,-0.46208653074873896,-0.002777402786090411,0.0012834004179164,-0.0011279772152138331,0.01688166451634625,8.0,4.0,
2026-03-20,cv_1,ridge_all,all,simple_return,-1.4588646602259687,-0.002777402786090411,0.004051854771840446,-0.0011279772152138331,0.03983700792371436,4.0,4.0,
2026-03-23,cv_1,ridge_all,all,simple_return,0.7376172757172443,-0.002777402786090411,-0.0020486602766454933,-0.0011279772152138331,0.027153889534427933,6.0,,3.0
2026-03-24,cv_1,ridge_all,all,simple_return,-0.12300191998427147,-0.002777402786090411,0.0003416258752587854,-0.0011279772152138331,0.03603412904508446,21.0,5.0,
2026-03-25,cv_1,ridge_all,all,simple_return,0.8627395659116651,-0.002777402786090411,-0.0023961752740334907,-0.0011279772152138331,0.030869172845563665,6.0,,4.0
2026-03-26,cv_1,ridge_all,all,simple_return,-1.8475758743490007,-0.002777402786090411,0.005131462380930342,-0.0011279772152138331,0.06606101890572606,4.0,4.0,
2026-03-27,cv_1,ridge_all,all,simple_return,-0.9699540623807882,-0.002777402786090411,0.0026939531152361134,-0.0011279772152138331,0.06287978731628076,6.0,5.0,
2026-03-30,cv_1,ridge_all,all,simple_return,-0.6308124994234066,-0.002777402786090411,0.0017520203933992253,-0.0011279772152138331,0.07447056827616208,8.0,7.0,
2026-03-31,cv_1,ridge_all,all,simple_return,2.450052983661503,-0.002777402786090411,-0.006804783982890582,-0.0011279772152138331,0.037035408175166866,4.0,,3.0
2026-04-01,cv_1,ridge_all,all,simple_return,0.3285292230709871,-0.002777402786090411,-0.0009124579794694777,-0.0011279772152138331,0.06345257672419108,9.0,,6.0
2026-02-26,cv_1,ridge_all,all,log_return,-2.4806763040878472,-0.003391268299178779,0.008412638910577093,-0.0011279772152138331,-0.008812206642708256,3.0,2.0,
2026-02-27,cv_1,ridge_all,all,log_return,-1.88110802557289,-0.003391268299178779,0.006379342014456126,-0.0011279772152138331,-0.008922960737390642,2.0,1.0,
2026-03-02,cv_1,ridge_all,all,log_return,1.2986958877536354,-0.003391268299178779,-0.004404226194412746,-0.0011279772152138331,-0.036600924656376786,3.0,,3.0
2026-03-03,cv_1,ridge_all,all,log_return,-0.5937224710856602,-0.003391268299178779,0.002013472194702889,-0.0011279772152138331,-0.004861966015398856,6.0,3.0,
2026-03-04,cv_1,ridge_all,all,log_return,0.726520038329253,-0.003391268299178779,-0.0024638243747041474,-0.0011279772152138331,-0.0021669397621459996,5.0,,4.0
2026-03-05,cv_1,ridge_all,all,log_return,0.07106543746570254,-0.003391268299178779,-0.00024100196524470894,-0.0011279772152138331,0.0050810988296342875,19.0,,16.0
2026-03-06,cv_1,ridge_all,all,log_return,-1.352235920047544,-0.003391268299178779,0.004585794808668086,-0.0011279772152138331,0.018585321527973056,2.0,2.0,
2026-03-09,cv_1,ridge_all,all,log_return,1.183001854941747,-0.003391268299178779,-0.004011876688533639,-0.0011279772152138331,-0.004478547161662723,3.0,,2.0
2026-03-10,cv_1,ridge_all,all,log_return,0.5086618696552165,-0.003391268299178779,-0.0017250088735627442,-0.0011279772152138331,6.680126130925441e-05,5.0,,3.0
2026-03-11,cv_1,ridge_all,all,log_return,0.2990211473639305,-0.003391268299178779,-0.0010140609378393637,-0.0011279772152138331,0.0014305870135627216,6.0,,4.0
2026-03-12,cv_1,ridge_all,all,log_return,-0.6932007599888219,-0.003391268299178779,0.0023508297623167293,-0.0011279772152138331,0.009334114101223331,3.0,2.0,
2026-03-13,cv_1,ridge_all,all,log_return,-0.7042063733464746,-0.003391268299178779,0.0023881527500095555,-0.0011279772152138331,0.01372471937200733,4.0,3.0,
2026-03-16,cv_1,ridge_all,all,log_return,0.7208982104648526,-0.003391268299178779,-0.0024447592480841664,-0.0011279772152138331,-0.002089829971032015,3.0,,2.0
2026-03-17,cv_1,ridge_all,all,log_return,-0.3135408507515162,-0.003391268299178779,0.001063301147651162,-0.0011279772152138331,0.010731692820070521,7.0,4.0,
2026-03-18,cv_1,ridge_all,all,log_return,-0.3745115775321095,-0.003391268299178779,0.0012700692405600786,-0.0011279772152138331,0.015223247122207557,7.0,4.0,
2026-03-19,cv_1,ridge_all,all,log_return,-0.45434320294845765,-0.003391268299178779,0.0015407997011064548,-0.0011279772152138331,0.01688166451634625,6.0,3.0,
2026-03-20,cv_1,ridge_all,all,log_return,-1.4758908091472938,-0.003391268299178779,0.005005141714110535,-0.0011279772152138331,0.03983700792371436,3.0,3.0,
2026-03-23,cv_1,ridge_all,all,log_return,0.744656364031255,-0.003391268299178779,-0.002525329521120928,-0.0011279772152138331,0.027153889534427933,3.0,,2.0
2026-03-24,cv_1,ridge_all,all,log_return,-0.11214673668626411,-0.003391268299178779,0.0003803196729804773,-0.0011279772152138331,0.03603412904508446,20.0,4.0,
2026-03-25,cv_1,ridge_all,all,log_return,0.8678521253165767,-0.003391268299178779,-0.0029431194009610358,-0.0011279772152138331,0.030869172845563665,4.0,,2.0
2026-03-26,cv_1,ridge_all,all,log_return,-1.8807504671838813,-0.003391268299178779,0.006378129438026375,-0.0011279772152138331,0.06606101890572606,3.0,3.0,
2026-03-27,cv_1,ridge_all,all,log_return,-0.9718798467044744,-0.003391268299178779,0.0032959053147396155,-0.0011279772152138331,0.06287978731628076,3.0,3.0,
2026-03-30,cv_1,ridge_all,all,log_return,-0.6256100384447788,-0.003391268299178779,0.002121611491025796,-0.0011279772152138331,0.07447056827616208,6.0,5.0,
2026-03-31,cv_1,ridge_all,all,log_return,2.401621309950501,-0.003391268299178779,-0.008144542215067347,-0.0011279772152138331,0.037035408175166866,3.0,,2.0
2026-04-01,cv_1,ridge_all,all,log_return,0.3394530601977495,-0.003391268299178779,-0.0011511764021078538,-0.0011279772152138331,0.06345257672419108,7.0,,4.0
2026-02-26,cv_1,ridge_all,all,intraday_return,-2.3372585241065806,-0.005100653456216479,0.011921545769055656,-0.0011279772152138331,-0.008812206642708256,2.0,1.0,
2026-02-27,cv_1,ridge_all,all,intraday_return,-0.996720047288534,-0.005100653456216479,0.005083923554082513,-0.0011279772152138331,-0.008922960737390642,4.0,3.0,
2026-03-02,cv_1,ridge_all,all,intraday_return,2.3740419416463188,-0.005100653456216479,-0.012109165234861176,-0.0011279772152138331,-0.036600924656376786,1.0,,1.0
2026-03-03,cv_1,ridge_all,all,intraday_return,0.6160659525475013,-0.005100653456216479,-0.0031423389301187096,-0.0011279772152138331,-0.004861966015398856,3.0,,2.0
2026-03-04,cv_1,ridge_all,all,intraday_return,0.9096824548666197,-0.005100653456216479,-0.004639974957474914,-0.0011279772152138331,-0.0021669397621459996,3.0,,2.0
2026-03-05,cv_1,ridge_all,all,intraday_return,0.7837523675591274,-0.005100653456216479,-0.003997649222408311,-0.0011279772152138331,0.0050810988296342875,2.0,,1.0
2026-03-06,cv_1,ridge_all,all,intraday_return,-0.418320500961559,-0.005100653456216479,0.0021337079090357845,-0.0011279772152138331,0.018585321527973056,7.0,5.0,
2026-03-09,cv_1,ridge_all,all,intraday_return,1.868019992266857,-0.005100653456216479,-0.009528122629837424,-0.0011279772152138331,-0.004478547161662723,2.0,,1.0
2026-03-10,cv_1,ridge_all,all,intraday_return,0.8363615725328166,-0.005100653456216479,-0.00426599054558616,-0.0011279772152138331,6.680126130925441e-05,2.0,,1.0
2026-03-11,cv_1,ridge_all,all,intraday_return,0.19683818053538596,-0.005100653456216479,-0.0010040033458631795,-0.0011279772152138331,0.0014305870135627216,7.0,,5.0
2026-03-12,cv_1,ridge_all,all,intraday_return,-0.09266484619973402,-0.005100653456216479,0.00047265126803844174,-0.0011279772152138331,0.009334114101223331,19.0,5.0,
2026-03-13,cv_1,ridge_all,all,intraday_return,-1.1445417571201684,-0.005100653456216479,0.005837910869239069,-0.0011279772152138331,0.01372471937200733,2.0,2.0,
2026-03-16,cv_1,ridge_all,all,intraday_return,0.23417453032691898,-0.005100653456216479,-0.0011944431274698698,-0.0011279772152138331,-0.002089829971032015,8.0,,6.0
2026-03-17,cv_1,ridge_all,all,intraday_return,-0.7125644608526447,-0.005100653456216479,0.003634544380025074,-0.0011279772152138331,0.010731692820070521,2.0,2.0,
2026-03-18,cv_1,ridge_all,all,intraday_return,-0.42693727402006154,-0.005100653456216479,0.002177659082318069,-0.0011279772152138331,0.015223247122207557,4.0,3.0,
2026-03-19,cv_1,ridge_all,all,intraday_return,0.32343138113430797,-0.005100653456216479,-0.0016497113920315772,-0.0011279772152138331,0.01688166451634625,4.0,,2.0
2026-03-20,cv_1,ridge_all,all,intraday_return,-1.3786986982224727,-0.005100653456216479,0.007032264280169616,-0.0011279772152138331,0.03983700792371436,2.0,2.0,
2026-03-23,cv_1,ridge_all,all,intraday_return,-0.30991797823455464,-0.005100653456216479,0.0015807842068257046,-0.0011279772152138331,0.027153889534427933,7.0,4.0,
2026-03-24,cv_1,ridge_all,all,intraday_return,0.2730165932668927,-0.005100653456216479,-0.0013925630300512248,-0.0011279772152138331,0.03603412904508446,7.0,,4.0
2026-03-25,cv_1,ridge_all,all,intraday_return,0.6254643360825112,-0.005100653456216479,-0.0031902768275794057,-0.0011279772152138331,0.030869172845563665,3.0,,1.0
2026-03-26,cv_1,ridge_all,all,intraday_return,-1.2573502408234656,-0.005100653456216479,0.006413307851530832,-0.0011279772152138331,0.06606101890572606,2.0,2.0,
2026-03-27,cv_1,ridge_all,all,intraday_return,-0.5921362147157209,-0.005100653456216479,0.0030202816301406845,-0.0011279772152138331,0.06287978731628076,4.0,4.0,
2026-03-30,cv_1,ridge_all,all,intraday_return,-0.9443488367388482,-0.005100653456216479,0.004816796157986017,-0.0011279772152138331,0.07447056827616208,2.0,2.0,
2026-03-31,cv_1,ridge_all,all,intraday_return,2.468078992591735,-0.005100653456216479,-0.012588815643778317,-0.0011279772152138331,0.037035408175166866,2.0,,1.0
2026-04-01,cv_1,ridge_all,all,intraday_return,0.08984196574320606,-0.005100653456216479,-0.0004582527330813665,-0.0011279772152138331,0.06345257672419108,21.0,,18.0
2026-02-26,cv_1,ridge_all,all,daily_range,1.687895078463977,0.0008939405867804716,0.0015088779168659578,-0.0011279772152138331,-0.008812206642708256,9.0,5.0,
2026-02-27,cv_1,ridge_all,all,daily_range,0.37519350440287685,0.0008939405867804716,0.0003354007014821292,-0.0011279772152138331,-0.008922960737390642,20.0,5.0,
2026-03-02,cv_1,ridge_all,all,daily_range,1.299179640795534,0.0008939405867804716,0.001161389410426002,-0.0011279772152138331,-0.036600924656376786,10.0,2.0,
2026-03-03,cv_1,ridge_all,all,daily_range,-0.5248081053330967,0.0008939405867804716,-0.00046914726562861605,-0.0011279772152138331,-0.004861966015398856,20.0,,16.0
2026-03-04,cv_1,ridge_all,all,daily_range,-0.2991700913018975,0.0008939405867804716,-0.0002674402869655855,-0.0011279772152138331,-0.0021669397621459996,21.0,,18.0
2026-03-05,cv_1,ridge_all,all,daily_range,0.2820614466808481,0.0008939405867804716,0.00025214617515402607,-0.0011279772152138331,0.0050810988296342875,18.0,3.0,
2026-03-06,cv_1,ridge_all,all,daily_range,0.2609675349584487,0.0008939405867804716,0.00023328947133140887,-0.0011279772152138331,0.018585321527973056,20.0,6.0,
2026-03-09,cv_1,ridge_all,all,daily_range,0.736376695015668,0.0008939405867804716,0.0006582770148337707,-0.0011279772152138331,-0.004478547161662723,10.0,3.0,
2026-03-10,cv_1,ridge_all,all,daily_range,-0.39470838535108216,0.0008939405867804716,-0.0003528458456079189,-0.0011279772152138331,6.680126130925441e-05,19.0,,17.0
2026-03-11,cv_1,ridge_all,all,daily_range,-0.8770092651668209,0.0008939405867804716,-0.0007839941771151381,-0.0011279772152138331,0.0014305870135627216,9.0,,7.0
2026-03-12,cv_1,ridge_all,all,daily_range,-0.8507139826945879,0.0008939405867804716,-0.0007604877568723518,-0.0011279772152138331,0.009334114101223331,8.0,,4.0
2026-03-13,cv_1,ridge_all,all,daily_range,0.31067171487436646,0.0008939405867804716,0.00027772205509088655,-0.0011279772152138331,0.01372471937200733,21.0,7.0,
2026-03-16,cv_1,ridge_all,all,daily_range,0.7732144992928763,0.0008939405867804716,0.0006912078232050424,-0.0011279772152138331,-0.002089829971032015,9.0,3.0,
2026-03-17,cv_1,ridge_all,all,daily_range,-0.6400724168807912,0.0008939405867804716,-0.0005721867119284092,-0.0011279772152138331,0.010731692820070521,10.0,,4.0
2026-03-18,cv_1,ridge_all,all,daily_range,-0.8862832844711069,0.0008939405867804716,-0.000792284599373825,-0.0011279772152138331,0.015223247122207557,10.0,,4.0
2026-03-19,cv_1,ridge_all,all,daily_range,-0.43019350806621753,0.0008939405867804716,-0.00038456743702986406,-0.0011279772152138331,0.01688166451634625,20.0,,15.0
2026-03-20,cv_1,ridge_all,all,daily_range,0.5714382938581405,0.0008939405867804716,0.0005108318837203777,-0.0011279772152138331,0.03983700792371436,11.0,7.0,
2026-03-23,cv_1,ridge_all,all,daily_range,-0.6327028060648012,0.0008939405867804716,-0.0005655987177112194,-0.0011279772152138331,0.027153889534427933,11.0,,7.0
2026-03-24,cv_1,ridge_all,all,daily_range,-1.1728923007710828,0.0008939405867804716,-0.0010484960315815992,-0.0011279772152138331,0.03603412904508446,8.0,,5.0
2026-03-25,cv_1,ridge_all,all,daily_range,-0.3612380257258138,0.0008939405867804716,-0.0003229253326847531,-0.0011279772152138331,0.030869172845563665,21.0,,18.0
2026-03-26,cv_1,ridge_all,all,daily_range,0.11875541459271036,0.0008939405867804716,0.00010616028500436568,-0.0011279772152138331,0.06606101890572606,20.0,7.0,
2026-03-27,cv_1,ridge_all,all,daily_range,-0.418128782730312,0.0008939405867804716,-0.00037378228938373943,-0.0011279772152138331,0.06287978731628076,21.0,,14.0
2026-03-30,cv_1,ridge_all,all,daily_range,0.11890266608210526,0.0008939405867804716,0.00010629191908719966,-0.0011279772152138331,0.07447056827616208,21.0,8.0,
2026-03-31,cv_1,ridge_all,all,daily_range,0.9923565698207577,0.0008939405867804716,0.0008871078143210242,-0.0011279772152138331,0.037035408175166866,11.0,4.0,
2026-04-01,cv_1,ridge_all,all,daily_range,-1.0253210729081033,0.0008939405867804716,-0.0009165761215538526,-0.0011279772152138331,0.06345257672419108,8.0,,5.0
2026-02-26,cv_1,ridge_all,all,sma_5,0.8888927829166922,-0.026659473659888043,-0.023697413732632136,-0.0011279772152138331,-0.008812206642708256,1.0,,1.0
2026-02-27,cv_1,ridge_all,all,sma_5,0.4393540052513473,-0.026659473659888043,-0.011712946530364607,-0.0011279772152138331,-0.008922960737390642,1.0,,1.0
2026-03-02,cv_1,ridge_all,all,sma_5,0.11652594273066647,-0.026659473659888043,-0.0031065203009218254,-0.0011279772152138331,-0.036600924656376786,5.0,,5.0
2026-03-03,cv_1,ridge_all,all,sma_5,-0.3390635664887884,-0.026659473659888043,0.009039256219835552,-0.0011279772152138331,-0.004861966015398856,1.0,1.0,
2026-03-04,cv_1,ridge_all,all,sma_5,-0.7846871010185426,-0.026659473659888043,0.020919345100857745,-0.0011279772152138331,-0.0021669397621459996,1.0,1.0,
2026-03-05,cv_1,ridge_all,all,sma_5,-0.8398562386182502,-0.026659473659888043,0.022390125271535888,-0.0011279772152138331,0.0050810988296342875,1.0,1.0,
2026-03-06,cv_1,ridge_all,all,sma_5,-0.8174325240139656,-0.026659473659888043,0.021792320842686116,-0.0011279772152138331,0.018585321527973056,1.0,1.0,
2026-03-09,cv_1,ridge_all,all,sma_5,-0.8113817924598606,-0.026659473659888043,0.0216310115241964,-0.0011279772152138331,-0.004478547161662723,1.0,1.0,
2026-03-10,cv_1,ridge_all,all,sma_5,-0.6433831575407805,-0.026659473659888043,0.017152256341674037,-0.0011279772152138331,6.680126130925441e-05,1.0,1.0,
2026-03-11,cv_1,ridge_all,all,sma_5,-0.5369601254769708,-0.026659473659888043,0.014315074321563481,-0.0011279772152138331,0.0014305870135627216,1.0,1.0,
2026-03-12,cv_1,ridge_all,all,sma_5,-0.5440786012403405,-0.026659473659888043,0.014504849138675587,-0.0011279772152138331,0.009334114101223331,1.0,1.0,
2026-03-13,cv_1,ridge_all,all,sma_5,-0.45758806166082305,-0.026659473659888043,0.012199056876925938,-0.0011279772152138331,0.01372471937200733,1.0,1.0,
2026-03-16,cv_1,ridge_all,all,sma_5,-0.4372998354750729,-0.026659473659888043,0.011658183445321081,-0.0011279772152138331,-0.002089829971032015,1.0,1.0,
2026-03-17,cv_1,ridge_all,all,sma_5,-0.5383841464925742,-0.026659473659888043,0.014353037972320086,-0.0011279772152138331,0.010731692820070521,1.0,1.0,
2026-03-18,cv_1,ridge_all,all,sma_5,-0.7387724707056297,-0.026659473659888043,0.019695285223427145,-0.0011279772152138331,0.015223247122207557,1.0,1.0,
2026-03-19,cv_1,ridge_all,all,sma_5,-0.9017881182798596,-0.026659473659888043,0.02404119658608192,-0.0011279772152138331,0.01688166451634625,1.0,1.0,
2026-03-20,cv_1,ridge_all,all,sma_5,-1.1705147874100923,-0.026659473659888043,0.031205308143468807,-0.0011279772152138331,0.03983700792371436,1.0,1.0,
2026-03-23,cv_1,ridge_all,all,sma_5,-1.4403092007495948,-0.026659473659888043,0.038397885199478225,-0.0011279772152138331,0.027153889534427933,1.0,1.0,
2026-03-24,cv_1,ridge_all,all,sma_5,-1.6798494132136415,-0.026659473659888043,0.04478390118414746,-0.0011279772152138331,0.03603412904508446,1.0,1.0,
2026-03-25,cv_1,ridge_all,all,sma_5,-1.7410692823674543,-0.026659473659888043,0.046415990673315324,-0.0011279772152138331,0.030869172845563665,1.0,1.0,
2026-03-26,cv_1,ridge_all,all,sma_5,-2.0016091884201668,-0.026659473659888043,0.05336184743607732,-0.0011279772152138331,0.06606101890572606,1.0,1.0,
2026-03-27,cv_1,ridge_all,all,sma_5,-2.185980263284521,-0.026659473659888043,0.05827708325006882,-0.0011279772152138331,0.06287978731628076,1.0,1.0,
2026-03-30,cv_1,ridge_all,all,sma_5,-2.5586381992537004,-0.026659473659888043,0.0682119476781874,-0.0011279772152138331,0.07447056827616208,1.0,1.0,
2026-03-31,cv_1,ridge_all,all,sma_5,-2.5871126454120796,-0.026659473659888043,0.06897106142552661,-0.0011279772152138331,0.037035408175166866,1.0,1.0,
2026-04-01,cv_1,ridge_all,all,sma_5,-2.6913996459524796,-0.026659473659888043,0.07175129796950214,-0.0011279772152138331,0.06345257672419108,1.0,1.0,
2026-02-26,cv_1,ridge_all,all,sma_20,0.2327619314023421,-0.00210995263750827,-0.0004911166510738908,-0.0011279772152138331,-0.008812206642708256,11.0,,6.0
2026-02-27,cv_1,ridge_all,all,sma_20,0.002931514651451209,-0.00210995263750827,-6.185357070723616e-06,-0.0011279772152138331,-0.008922960737390642,21.0,,16.0
2026-03-02,cv_1,ridge_all,all,sma_20,-0.12683586385401718,-0.00210995263750827,0.00026761766546942343,-0.0011279772152138331,-0.036600924656376786,21.0,3.0,
2026-03-03,cv_1,ridge_all,all,sma_20,-0.21024690940599347,-0.00210995263750827,0.00044361102102913823,-0.0011279772152138331,-0.004861966015398856,21.0,5.0,
2026-03-04,cv_1,ridge_all,all,sma_20,-0.16974157355527464,-0.00210995263750827,0.00035814668081775574,-0.0011279772152138331,-0.0021669397621459996,20.0,3.0,
2026-03-05,cv_1,ridge_all,all,sma_20,-0.032473427363322406,-0.00210995263750827,6.851739371417534e-05,-0.0011279772152138331,0.0050810988296342875,21.0,4.0,
2026-03-06,cv_1,ridge_all,all,sma_20,0.05663844885561773,-0.00210995263750827,-0.0001195044445472879,-0.0011279772152138331,0.018585321527973056,21.0,,15.0
2026-03-09,cv_1,ridge_all,all,sma_20,0.015232801126750668,-0.00210995263750827,-3.214048891402652e-05,-0.0011279772152138331,-0.004478547161662723,21.0,,18.0
2026-03-10,cv_1,ridge_all,all,sma_20,-0.06382753820709593,-0.00210995263750827,0.00013467308258572193,-0.0011279772152138331,6.680126130925441e-05,21.0,3.0,
2026-03-11,cv_1,ridge_all,all,sma_20,-0.1014824587243371,-0.00210995263750827,0.00021412318144623923,-0.0011279772152138331,0.0014305870135627216,21.0,3.0,
2026-03-12,cv_1,ridge_all,all,sma_20,-0.20514628665779513,-0.00210995263750827,0.0004328489486086425,-0.0011279772152138331,0.009334114101223331,20.0,6.0,
2026-03-13,cv_1,ridge_all,all,sma_20,-0.30550965777483646,-0.00210995263750827,0.0006446109082062652,-0.0011279772152138331,0.01372471937200733,9.0,6.0,
2026-03-16,cv_1,ridge_all,all,sma_20,-0.2993587856249336,-0.00210995263750827,0.0006316328592906015,-0.0011279772152138331,-0.002089829971032015,10.0,4.0,
2026-03-17,cv_1,ridge_all,all,sma_20,-0.3449649731361039,-0.00210995263750827,0.000727859754916492,-0.0011279772152138331,0.010731692820070521,9.0,6.0,
2026-03-18,cv_1,ridge_all,all,sma_20,-0.4586801090423938,-0.00210995263750827,0.0009677933058465798,-0.0011279772152138331,0.015223247122207557,9.0,6.0,
2026-03-19,cv_1,ridge_all,all,sma_20,-0.5987986705678322,-0.00210995263750827,0.0012634368343010433,-0.0011279772152138331,0.01688166451634625,9.0,5.0,
2026-03-20,cv_1,ridge_all,all,sma_20,-0.8556329497688476,-0.00210995263750827,0.0018053449991037613,-0.0011279772152138331,0.03983700792371436,7.0,6.0,
2026-03-23,cv_1,ridge_all,all,sma_20,-1.0943147164795541,-0.00210995263750827,0.00230895222230015,-0.0011279772152138331,0.027153889534427933,5.0,3.0,
2026-03-24,cv_1,ridge_all,all,sma_20,-1.3591000337622627,-0.00210995263750827,0.002867636700874265,-0.0011279772152138331,0.03603412904508446,2.0,2.0,
2026-03-25,cv_1,ridge_all,all,sma_20,-1.6123337521874872,-0.00210995263750827,0.003401947852971594,-0.0011279772152138331,0.030869172845563665,2.0,2.0,
2026-03-26,cv_1,ridge_all,all,sma_20,-1.8171108677680552,-0.00210995263750827,0.0038340178680921497,-0.0011279772152138331,0.06606101890572606,5.0,5.0,
2026-03-27,cv_1,ridge_all,all,sma_20,-1.9621801145181272,-0.00210995263750827,0.004140107107893802,-0.0011279772152138331,0.06287978731628076,2.0,2.0,
2026-03-30,cv_1,ridge_all,all,sma_20,-2.2218645801403842,-0.00210995263750827,0.004688029031053409,-0.0011279772152138331,0.07447056827616208,3.0,3.0,
2026-03-31,cv_1,ridge_all,all,sma_20,-2.306625979053439,-0.00210995263750827,0.004866871568248899,-0.0011279772152138331,0.037035408175166866,5.0,2.0,
2026-04-01,cv_1,ridge_all,all,sma_20,-2.415990408741608,-0.00210995263750827,0.005097625335119039,-0.0011279772152138331,0.06345257672419108,2.0,2.0,
2026-02-26,cv_1,ridge_all,all,rolling_volatility_20,1.4073966789954533,-0.0028030408228600693,-0.0039449903451819444,-0.0011279772152138331,-0.008812206642708256,5.0,,2.0
2026-02-27,cv_1,ridge_all,all,rolling_volatility_20,1.7481009031376766,-0.0028030408228600693,-0.004899998193973463,-0.0011279772152138331,-0.008922960737390642,5.0,,2.0
2026-03-02,cv_1,ridge_all,all,rolling_volatility_20,1.9821152092883336,-0.0028030408228600693,-0.005555949847247029,-0.0011279772152138331,-0.036600924656376786,2.0,,2.0
2026-03-03,cv_1,ridge_all,all,rolling_volatility_20,1.8468578955499395,-0.0028030408228600693,-0.005176818075247919,-0.0011279772152138331,-0.004861966015398856,2.0,,1.0
2026-03-04,cv_1,ridge_all,all,rolling_volatility_20,1.7269463316371643,-0.0028030408228600693,-0.004840701066467415,-0.0011279772152138331,-0.0021669397621459996,2.0,,1.0
2026-03-05,cv_1,ridge_all,all,rolling_volatility_20,1.4236411066052803,-0.0028030408228600693,-0.003990524138916284,-0.0011279772152138331,0.0050810988296342875,3.0,,2.0
2026-03-06,cv_1,ridge_all,all,rolling_volatility_20,1.6145023178885871,-0.0028030408228600693,-0.004525515905643914,-0.0011279772152138331,0.018585321527973056,3.0,,1.0
2026-03-09,cv_1,ridge_all,all,rolling_volatility_20,0.23945600180334434,-0.0028030408228600693,-0.0006712049483336285,-0.0011279772152138331,-0.004478547161662723,9.0,,7.0
2026-03-10,cv_1,ridge_all,all,rolling_volatility_20,0.09122824115600986,-0.0028030408228600693,-0.0002557164841580187,-0.0011279772152138331,6.680126130925441e-05,20.0,,18.0
2026-03-11,cv_1,ridge_all,all,rolling_volatility_20,0.09346540372171322,-0.0028030408228600693,-0.0002619873421570596,-0.0011279772152138331,0.0014305870135627216,20.0,,18.0
2026-03-12,cv_1,ridge_all,all,rolling_volatility_20,0.13133294087887004,-0.0028030408228600693,-0.0003681315946697407,-0.0011279772152138331,0.009334114101223331,21.0,,15.0
2026-03-13,cv_1,ridge_all,all,rolling_volatility_20,0.1263962939110737,-0.0028030408228600693,-0.00035429397169095924,-0.0011279772152138331,0.01372471937200733,20.0,,14.0
2026-03-16,cv_1,ridge_all,all,rolling_volatility_20,0.07669867535621713,-0.0028030408228600693,-0.00021498951808276818,-0.0011279772152138331,-0.002089829971032015,21.0,,17.0
2026-03-17,cv_1,ridge_all,all,rolling_volatility_20,0.048779148195824115,-0.0028030408228600693,-0.0001367299436972361,-0.0011279772152138331,0.010731692820070521,21.0,,15.0
2026-03-18,cv_1,ridge_all,all,rolling_volatility_20,-0.026859889853275493,-0.0028030408228600693,7.528936775625617e-05,-0.0011279772152138331,0.015223247122207557,21.0,7.0,
2026-03-19,cv_1,ridge_all,all,rolling_volatility_20,-0.007855119663695688,-0.0028030408228600693,2.201822108578987e-05,-0.0011279772152138331,0.01688166451634625,21.0,6.0,
2026-03-20,cv_1,ridge_all,all,rolling_volatility_20,0.19223032687246527,-0.0028030408228600693,-0.0005388294536152552,-0.0011279772152138331,0.03983700792371436,10.0,,4.0
2026-03-23,cv_1,ridge_all,all,rolling_volatility_20,0.27086125803901057,-0.0028030408228600693,-0.0007592351636145818,-0.0011279772152138331,0.027153889534427933,10.0,,6.0
2026-03-24,cv_1,ridge_all,all,rolling_volatility_20,0.23666687479167633,-0.0028030408228600693,-0.0006633869114597814,-0.0011279772152138331,0.03603412904508446,9.0,,6.0
2026-03-25,cv_1,ridge_all,all,rolling_volatility_20,0.3072950002568169,-0.0028030408228600693,-0.0008613604303806532,-0.0011279772152138331,0.030869172845563665,10.0,,7.0
2026-03-26,cv_1,ridge_all,all,rolling_volatility_20,-0.025330369993025608,-0.0028030408228600693,7.10020611486005e-05,-0.0011279772152138331,0.06606101890572606,21.0,8.0,
2026-03-27,cv_1,ridge_all,all,rolling_volatility_20,-0.37857015638703884,-0.0028030408228600693,0.0010611476026693904,-0.0011279772152138331,0.06287978731628076,10.0,7.0,
2026-03-30,cv_1,ridge_all,all,rolling_volatility_20,-0.7166431555774898,-0.0028030408228600693,0.0020087800205069637,-0.0011279772152138331,0.07447056827616208,7.0,6.0,
2026-03-31,cv_1,ridge_all,all,rolling_volatility_20,0.3269957285796063,-0.0028030408228600693,-0.0009165823761095075,-0.0011279772152138331,0.037035408175166866,10.0,,7.0
2026-04-01,cv_1,ridge_all,all,rolling_volatility_20,0.2579252229355382,-0.0028030408228600693,-0.0007229749291335979,-0.0011279772152138331,0.06345257672419108,10.0,,7.0
2026-02-26,cv_1,ridge_all,all,q_gross_margin,0.7745966692415066,-0.000614402481437291,-0.00047591411569504217,-0.0011279772152138331,-0.008812206642708256,20.0,,15.0
2026-02-27,cv_1,ridge_all,all,q_gross_margin,0.7745966692415066,-0.000614402481437291,-0.00047591411569504217,-0.0011279772152138331,-0.008922960737390642,18.0,,14.0
2026-03-02,cv_1,ridge_all,all,q_gross_margin,0.7745966692415066,-0.000614402481437291,-0.00047591411569504217,-0.0011279772152138331,-0.036600924656376786,19.0,,17.0
2026-03-03,cv_1,ridge_all,all,q_gross_margin,0.7745966692415066,-0.000614402481437291,-0.00047591411569504217,-0.0011279772152138331,-0.004861966015398856,18.0,,14.0
2026-03-04,cv_1,ridge_all,all,q_gross_margin,0.7745966692415066,-0.000614402481437291,-0.00047591411569504217,-0.0011279772152138331,-0.0021669397621459996,18.0,,16.0
2026-03-05,cv_1,ridge_all,all,q_gross_margin,0.7745966692415066,-0.000614402481437291,-0.00047591411569504217,-0.0011279772152138331,0.0050810988296342875,16.0,,14.0
2026-03-06,cv_1,ridge_all,all,q_gross_margin,0.7745966692415066,-0.000614402481437291,-0.00047591411569504217,-0.0011279772152138331,0.018585321527973056,18.0,,13.0
2026-03-09,cv_1,ridge_all,all,q_gross_margin,0.7745966692415066,-0.000614402481437291,-0.00047591411569504217,-0.0011279772152138331,-0.004478547161662723,19.0,,16.0
2026-03-10,cv_1,ridge_all,all,q_gross_margin,0.7745966692415066,-0.000614402481437291,-0.00047591411569504217,-0.0011279772152138331,6.680126130925441e-05,17.0,,15.0
2026-03-11,cv_1,ridge_all,all,q_gross_margin,0.7745966692415066,-0.000614402481437291,-0.00047591411569504217,-0.0011279772152138331,0.0014305870135627216,18.0,,16.0
2026-03-12,cv_1,ridge_all,all,q_gross_margin,0.7745966692415066,-0.000614402481437291,-0.00047591411569504217,-0.0011279772152138331,0.009334114101223331,17.0,,13.0
2026-03-13,cv_1,ridge_all,all,q_gross_margin,0.7745966692415066,-0.000614402481437291,-0.00047591411569504217,-0.0011279772152138331,0.01372471937200733,18.0,,12.0
2026-03-16,cv_1,ridge_all,all,q_gross_margin,0.7745966692415066,-0.000614402481437291,-0.00047591411569504217,-0.0011279772152138331,-0.002089829971032015,19.0,,15.0
2026-03-17,cv_1,ridge_all,all,q_gross_margin,0.7745966692415066,-0.000614402481437291,-0.00047591411569504217,-0.0011279772152138331,0.010731692820070521,19.0,,13.0
2026-03-18,cv_1,ridge_all,all,q_gross_margin,0.7745966692415066,-0.000614402481437291,-0.00047591411569504217,-0.0011279772152138331,0.015223247122207557,19.0,,13.0
2026-03-19,cv_1,ridge_all,all,q_gross_margin,0.7745966692415066,-0.000614402481437291,-0.00047591411569504217,-0.0011279772152138331,0.01688166451634625,18.0,,13.0
2026-03-20,cv_1,ridge_all,all,q_gross_margin,0.7745966692415066,-0.000614402481437291,-0.00047591411569504217,-0.0011279772152138331,0.03983700792371436,20.0,,13.0
2026-03-23,cv_1,ridge_all,all,q_gross_margin,0.7745966692415066,-0.000614402481437291,-0.00047591411569504217,-0.0011279772152138331,0.027153889534427933,20.0,,16.0
2026-03-24,cv_1,ridge_all,all,q_gross_margin,0.7745966692415066,-0.000614402481437291,-0.00047591411569504217,-0.0011279772152138331,0.03603412904508446,18.0,,15.0
2026-03-25,cv_1,ridge_all,all,q_gross_margin,0.7745966692415066,-0.000614402481437291,-0.00047591411569504217,-0.0011279772152138331,0.030869172845563665,19.0,,16.0
2026-03-26,cv_1,ridge_all,all,q_gross_margin,0.7745966692415066,-0.000614402481437291,-0.00047591411569504217,-0.0011279772152138331,0.06606101890572606,18.0,,12.0
2026-03-27,cv_1,ridge_all,all,q_gross_margin,0.7745966692415066,-0.000614402481437291,-0.00047591411569504217,-0.0011279772152138331,0.06287978731628076,19.0,,12.0
2026-03-30,cv_1,ridge_all,all,q_gross_margin,0.7745966692415066,-0.000614402481437291,-0.00047591411569504217,-0.0011279772152138331,0.07447056827616208,19.0,,12.0
2026-03-31,cv_1,ridge_all,all,q_gross_margin,0.7745966692415066,-0.000614402481437291,-0.00047591411569504217,-0.0011279772152138331,0.037035408175166866,20.0,,16.0
2026-04-01,cv_1,ridge_all,all,q_gross_margin,0.7745966692415066,-0.000614402481437291,-0.00047591411569504217,-0.0011279772152138331,0.06345257672419108,19.0,,16.0
2026-02-26,cv_1,ridge_all,all,q_operating_margin,0.7745966692414957,-0.0006144024814373582,-0.00047591411569508754,-0.0011279772152138331,-0.008812206642708256,13.0,,8.0
2026-02-27,cv_1,ridge_all,all,q_operating_margin,0.7745966692414957,-0.0006144024814373582,-0.00047591411569508754,-0.0011279772152138331,-0.008922960737390642,11.0,,7.0
2026-03-02,cv_1,ridge_all,all,q_operating_margin,0.7745966692414957,-0.0006144024814373582,-0.00047591411569508754,-0.0011279772152138331,-0.036600924656376786,12.0,,10.0
2026-03-03,cv_1,ridge_all,all,q_operating_margin,0.7745966692414957,-0.0006144024814373582,-0.00047591411569508754,-0.0011279772152138331,-0.004861966015398856,11.0,,7.0
2026-03-04,cv_1,ridge_all,all,q_operating_margin,0.7745966692414957,-0.0006144024814373582,-0.00047591411569508754,-0.0011279772152138331,-0.0021669397621459996,11.0,,9.0
2026-03-05,cv_1,ridge_all,all,q_operating_margin,0.7745966692414957,-0.0006144024814373582,-0.00047591411569508754,-0.0011279772152138331,0.0050810988296342875,9.0,,7.0
2026-03-06,cv_1,ridge_all,all,q_operating_margin,0.7745966692414957,-0.0006144024814373582,-0.00047591411569508754,-0.0011279772152138331,0.018585321527973056,11.0,,6.0
2026-03-09,cv_1,ridge_all,all,q_operating_margin,0.7745966692414957,-0.0006144024814373582,-0.00047591411569508754,-0.0011279772152138331,-0.004478547161662723,12.0,,9.0
2026-03-10,cv_1,ridge_all,all,q_operating_margin,0.7745966692414957,-0.0006144024814373582,-0.00047591411569508754,-0.0011279772152138331,6.680126130925441e-05,10.0,,8.0
2026-03-11,cv_1,ridge_all,all,q_operating_margin,0.7745966692414957,-0.0006144024814373582,-0.00047591411569508754,-0.0011279772152138331,0.0014305870135627216,11.0,,9.0
2026-03-12,cv_1,ridge_all,all,q_operating_margin,0.7745966692414957,-0.0006144024814373582,-0.00047591411569508754,-0.0011279772152138331,0.009334114101223331,10.0,,6.0
2026-03-13,cv_1,ridge_all,all,q_operating_margin,0.7745966692414957,-0.0006144024814373582,-0.00047591411569508754,-0.0011279772152138331,0.01372471937200733,11.0,,5.0
2026-03-16,cv_1,ridge_all,all,q_operating_margin,0.7745966692414957,-0.0006144024814373582,-0.00047591411569508754,-0.0011279772152138331,-0.002089829971032015,12.0,,8.0
2026-03-17,cv_1,ridge_all,all,q_operating_margin,0.7745966692414957,-0.0006144024814373582,-0.00047591411569508754,-0.0011279772152138331,0.010731692820070521,12.0,,6.0
2026-03-18,cv_1,ridge_all,all,q_operating_margin,0.7745966692414957,-0.0006144024814373582,-0.00047591411569508754,-0.0011279772152138331,0.015223247122207557,12.0,,6.0
2026-03-19,cv_1,ridge_all,all,q_operating_margin,0.7745966692414957,-0.0006144024814373582,-0.00047591411569508754,-0.0011279772152138331,0.01688166451634625,11.0,,6.0
2026-03-20,cv_1,ridge_all,all,q_operating_margin,0.7745966692414957,-0.0006144024814373582,-0.00047591411569508754,-0.0011279772152138331,0.03983700792371436,13.0,,6.0
2026-03-23,cv_1,ridge_all,all,q_operating_margin,0.7745966692414957,-0.0006144024814373582,-0.00047591411569508754,-0.0011279772152138331,0.027153889534427933,13.0,,9.0
2026-03-24,cv_1,ridge_all,all,q_operating_margin,0.7745966692414957,-0.0006144024814373582,-0.00047591411569508754,-0.0011279772152138331,0.03603412904508446,11.0,,8.0
2026-03-25,cv_1,ridge_all,all,q_operating_margin,0.7745966692414957,-0.0006144024814373582,-0.00047591411569508754,-0.0011279772152138331,0.030869172845563665,12.0,,9.0
2026-03-26,cv_1,ridge_all,all,q_operating_margin,0.7745966692414957,-0.0006144024814373582,-0.00047591411569508754,-0.0011279772152138331,0.06606101890572606,11.0,,5.0
2026-03-27,cv_1,ridge_all,all,q_operating_margin,0.7745966692414957,-0.0006144024814373582,-0.00047591411569508754,-0.0011279772152138331,0.06287978731628076,12.0,,5.0
2026-03-30,cv_1,ridge_all,all,q_operating_margin,0.7745966692414957,-0.0006144024814373582,-0.00047591411569508754,-0.0011279772152138331,0.07447056827616208,12.0,,5.0
2026-03-31,cv_1,ridge_all,all,q_operating_margin,0.7745966692414957,-0.0006144024814373582,-0.00047591411569508754,-0.0011279772152138331,0.037035408175166866,13.0,,9.0
2026-04-01,cv_1,ridge_all,all,q_operating_margin,0.7745966692414957,-0.0006144024814373582,-0.00047591411569508754,-0.0011279772152138331,0.06345257672419108,12.0,,9.0
2026-02-26,cv_1,ridge_all,all,q_net_margin,-0.7745966692414573,0.0006144024814373582,-0.00047591411569506396,-0.0011279772152138331,-0.008812206642708256,16.0,,11.0
2026-02-27,cv_1,ridge_all,all,q_net_margin,-0.7745966692414573,0.0006144024814373582,-0.00047591411569506396,-0.0011279772152138331,-0.008922960737390642,14.0,,10.0
2026-03-02,cv_1,ridge_all,all,q_net_margin,-0.7745966692414573,0.0006144024814373582,-0.00047591411569506396,-0.0011279772152138331,-0.036600924656376786,15.0,,13.0
2026-03-03,cv_1,ridge_all,all,q_net_margin,-0.7745966692414573,0.0006144024814373582,-0.00047591411569506396,-0.0011279772152138331,-0.004861966015398856,14.0,,10.0
2026-03-04,cv_1,ridge_all,all,q_net_margin,-0.7745966692414573,0.0006144024814373582,-0.00047591411569506396,-0.0011279772152138331,-0.0021669397621459996,14.0,,12.0
2026-03-05,cv_1,ridge_all,all,q_net_margin,-0.7745966692414573,0.0006144024814373582,-0.00047591411569506396,-0.0011279772152138331,0.0050810988296342875,12.0,,10.0
2026-03-06,cv_1,ridge_all,all,q_net_margin,-0.7745966692414573,0.0006144024814373582,-0.00047591411569506396,-0.0011279772152138331,0.018585321527973056,14.0,,9.0
2026-03-09,cv_1,ridge_all,all,q_net_margin,-0.7745966692414573,0.0006144024814373582,-0.00047591411569506396,-0.0011279772152138331,-0.004478547161662723,15.0,,12.0
2026-03-10,cv_1,ridge_all,all,q_net_margin,-0.7745966692414573,0.0006144024814373582,-0.00047591411569506396,-0.0011279772152138331,6.680126130925441e-05,13.0,,11.0
2026-03-11,cv_1,ridge_all,all,q_net_margin,-0.7745966692414573,0.0006144024814373582,-0.00047591411569506396,-0.0011279772152138331,0.0014305870135627216,14.0,,12.0
2026-03-12,cv_1,ridge_all,all,q_net_margin,-0.7745966692414573,0.0006144024814373582,-0.00047591411569506396,-0.0011279772152138331,0.009334114101223331,13.0,,9.0
2026-03-13,cv_1,ridge_all,all,q_net_margin,-0.7745966692414573,0.0006144024814373582,-0.00047591411569506396,-0.0011279772152138331,0.01372471937200733,14.0,,8.0
2026-03-16,cv_1,ridge_all,all,q_net_margin,-0.7745966692414573,0.0006144024814373582,-0.00047591411569506396,-0.0011279772152138331,-0.002089829971032015,15.0,,11.0
2026-03-17,cv_1,ridge_all,all,q_net_margin,-0.7745966692414573,0.0006144024814373582,-0.00047591411569506396,-0.0011279772152138331,0.010731692820070521,15.0,,9.0
2026-03-18,cv_1,ridge_all,all,q_net_margin,-0.7745966692414573,0.0006144024814373582,-0.00047591411569506396,-0.0011279772152138331,0.015223247122207557,15.0,,9.0
2026-03-19,cv_1,ridge_all,all,q_net_margin,-0.7745966692414573,0.0006144024814373582,-0.00047591411569506396,-0.0011279772152138331,0.01688166451634625,14.0,,9.0
2026-03-20,cv_1,ridge_all,all,q_net_margin,-0.7745966692414573,0.0006144024814373582,-0.00047591411569506396,-0.0011279772152138331,0.03983700792371436,16.0,,9.0
2026-03-23,cv_1,ridge_all,all,q_net_margin,-0.7745966692414573,0.0006144024814373582,-0.00047591411569506396,-0.0011279772152138331,0.027153889534427933,16.0,,12.0
2026-03-24,cv_1,ridge_all,all,q_net_margin,-0.7745966692414573,0.0006144024814373582,-0.00047591411569506396,-0.0011279772152138331,0.03603412904508446,14.0,,11.0
2026-03-25,cv_1,ridge_all,all,q_net_margin,-0.7745966692414573,0.0006144024814373582,-0.00047591411569506396,-0.0011279772152138331,0.030869172845563665,15.0,,12.0
2026-03-26,cv_1,ridge_all,all,q_net_margin,-0.7745966692414573,0.0006144024814373582,-0.00047591411569506396,-0.0011279772152138331,0.06606101890572606,14.0,,8.0
2026-03-27,cv_1,ridge_all,all,q_net_margin,-0.7745966692414573,0.0006144024814373582,-0.00047591411569506396,-0.0011279772152138331,0.06287978731628076,15.0,,8.0
2026-03-30,cv_1,ridge_all,all,q_net_margin,-0.7745966692414573,0.0006144024814373582,-0.00047591411569506396,-0.0011279772152138331,0.07447056827616208,15.0,,8.0
2026-03-31,cv_1,ridge_all,all,q_net_margin,-0.7745966692414573,0.0006144024814373582,-0.00047591411569506396,-0.0011279772152138331,0.037035408175166866,16.0,,12.0
2026-04-01,cv_1,ridge_all,all,q_net_margin,-0.7745966692414573,0.0006144024814373582,-0.00047591411569506396,-0.0011279772152138331,0.06345257672419108,15.0,,12.0
2026-02-26,cv_1,ridge_all,all,q_rd_to_revenue,-0.7745966692414855,0.0006144024814373839,-0.0004759141156951012,-0.0011279772152138331,-0.008812206642708256,12.0,,7.0
2026-02-27,cv_1,ridge_all,all,q_rd_to_revenue,-0.7745966692414855,0.0006144024814373839,-0.0004759141156951012,-0.0011279772152138331,-0.008922960737390642,10.0,,6.0
2026-03-02,cv_1,ridge_all,all,q_rd_to_revenue,-0.7745966692414855,0.0006144024814373839,-0.0004759141156951012,-0.0011279772152138331,-0.036600924656376786,11.0,,9.0
2026-03-03,cv_1,ridge_all,all,q_rd_to_revenue,-0.7745966692414855,0.0006144024814373839,-0.0004759141156951012,-0.0011279772152138331,-0.004861966015398856,10.0,,6.0
2026-03-04,cv_1,ridge_all,all,q_rd_to_revenue,-0.7745966692414855,0.0006144024814373839,-0.0004759141156951012,-0.0011279772152138331,-0.0021669397621459996,10.0,,8.0
2026-03-05,cv_1,ridge_all,all,q_rd_to_revenue,-0.7745966692414855,0.0006144024814373839,-0.0004759141156951012,-0.0011279772152138331,0.0050810988296342875,8.0,,6.0
2026-03-06,cv_1,ridge_all,all,q_rd_to_revenue,-0.7745966692414855,0.0006144024814373839,-0.0004759141156951012,-0.0011279772152138331,0.018585321527973056,10.0,,5.0
2026-03-09,cv_1,ridge_all,all,q_rd_to_revenue,-0.7745966692414855,0.0006144024814373839,-0.0004759141156951012,-0.0011279772152138331,-0.004478547161662723,11.0,,8.0
2026-03-10,cv_1,ridge_all,all,q_rd_to_revenue,-0.7745966692414855,0.0006144024814373839,-0.0004759141156951012,-0.0011279772152138331,6.680126130925441e-05,9.0,,7.0
2026-03-11,cv_1,ridge_all,all,q_rd_to_revenue,-0.7745966692414855,0.0006144024814373839,-0.0004759141156951012,-0.0011279772152138331,0.0014305870135627216,10.0,,8.0
2026-03-12,cv_1,ridge_all,all,q_rd_to_revenue,-0.7745966692414855,0.0006144024814373839,-0.0004759141156951012,-0.0011279772152138331,0.009334114101223331,9.0,,5.0
2026-03-13,cv_1,ridge_all,all,q_rd_to_revenue,-0.7745966692414855,0.0006144024814373839,-0.0004759141156951012,-0.0011279772152138331,0.01372471937200733,10.0,,4.0
2026-03-16,cv_1,ridge_all,all,q_rd_to_revenue,-0.7745966692414855,0.0006144024814373839,-0.0004759141156951012,-0.0011279772152138331,-0.002089829971032015,11.0,,7.0
2026-03-17,cv_1,ridge_all,all,q_rd_to_revenue,-0.7745966692414855,0.0006144024814373839,-0.0004759141156951012,-0.0011279772152138331,0.010731692820070521,11.0,,5.0
2026-03-18,cv_1,ridge_all,all,q_rd_to_revenue,-0.7745966692414855,0.0006144024814373839,-0.0004759141156951012,-0.0011279772152138331,0.015223247122207557,11.0,,5.0
2026-03-19,cv_1,ridge_all,all,q_rd_to_revenue,-0.7745966692414855,0.0006144024814373839,-0.0004759141156951012,-0.0011279772152138331,0.01688166451634625,10.0,,5.0
2026-03-20,cv_1,ridge_all,all,q_rd_to_revenue,-0.7745966692414855,0.0006144024814373839,-0.0004759141156951012,-0.0011279772152138331,0.03983700792371436,12.0,,5.0
2026-03-23,cv_1,ridge_all,all,q_rd_to_revenue,-0.7745966692414855,0.0006144024814373839,-0.0004759141156951012,-0.0011279772152138331,0.027153889534427933,12.0,,8.0
2026-03-24,cv_1,ridge_all,all,q_rd_to_revenue,-0.7745966692414855,0.0006144024814373839,-0.0004759141156951012,-0.0011279772152138331,0.03603412904508446,10.0,,7.0
2026-03-25,cv_1,ridge_all,all,q_rd_to_revenue,-0.7745966692414855,0.0006144024814373839,-0.0004759141156951012,-0.0011279772152138331,0.030869172845563665,11.0,,8.0
2026-03-26,cv_1,ridge_all,all,q_rd_to_revenue,-0.7745966692414855,0.0006144024814373839,-0.0004759141156951012,-0.0011279772152138331,0.06606101890572606,10.0,,4.0
2026-03-27,cv_1,ridge_all,all,q_rd_to_revenue,-0.7745966692414855,0.0006144024814373839,-0.0004759141156951012,-0.0011279772152138331,0.06287978731628076,11.0,,4.0
2026-03-30,cv_1,ridge_all,all,q_rd_to_revenue,-0.7745966692414855,0.0006144024814373839,-0.0004759141156951012,-0.0011279772152138331,0.07447056827616208,11.0,,4.0
2026-03-31,cv_1,ridge_all,all,q_rd_to_revenue,-0.7745966692414855,0.0006144024814373839,-0.0004759141156951012,-0.0011279772152138331,0.037035408175166866,12.0,,8.0
2026-04-01,cv_1,ridge_all,all,q_rd_to_revenue,-0.7745966692414855,0.0006144024814373839,-0.0004759141156951012,-0.0011279772152138331,0.06345257672419108,11.0,,8.0
2026-02-26,cv_1,ridge_all,all,q_sga_to_revenue,-0.774596669241485,0.0006144024814373154,-0.00047591411569504775,-0.0011279772152138331,-0.008812206642708256,19.0,,14.0
2026-02-27,cv_1,ridge_all,all,q_sga_to_revenue,-0.774596669241485,0.0006144024814373154,-0.00047591411569504775,-0.0011279772152138331,-0.008922960737390642,17.0,,13.0
2026-03-02,cv_1,ridge_all,all,q_sga_to_revenue,-0.774596669241485,0.0006144024814373154,-0.00047591411569504775,-0.0011279772152138331,-0.036600924656376786,18.0,,16.0
2026-03-03,cv_1,ridge_all,all,q_sga_to_revenue,-0.774596669241485,0.0006144024814373154,-0.00047591411569504775,-0.0011279772152138331,-0.004861966015398856,17.0,,13.0
2026-03-04,cv_1,ridge_all,all,q_sga_to_revenue,-0.774596669241485,0.0006144024814373154,-0.00047591411569504775,-0.0011279772152138331,-0.0021669397621459996,17.0,,15.0
2026-03-05,cv_1,ridge_all,all,q_sga_to_revenue,-0.774596669241485,0.0006144024814373154,-0.00047591411569504775,-0.0011279772152138331,0.0050810988296342875,15.0,,13.0
2026-03-06,cv_1,ridge_all,all,q_sga_to_revenue,-0.774596669241485,0.0006144024814373154,-0.00047591411569504775,-0.0011279772152138331,0.018585321527973056,17.0,,12.0
2026-03-09,cv_1,ridge_all,all,q_sga_to_revenue,-0.774596669241485,0.0006144024814373154,-0.00047591411569504775,-0.0011279772152138331,-0.004478547161662723,18.0,,15.0
2026-03-10,cv_1,ridge_all,all,q_sga_to_revenue,-0.774596669241485,0.0006144024814373154,-0.00047591411569504775,-0.0011279772152138331,6.680126130925441e-05,16.0,,14.0
2026-03-11,cv_1,ridge_all,all,q_sga_to_revenue,-0.774596669241485,0.0006144024814373154,-0.00047591411569504775,-0.0011279772152138331,0.0014305870135627216,17.0,,15.0
2026-03-12,cv_1,ridge_all,all,q_sga_to_revenue,-0.774596669241485,0.0006144024814373154,-0.00047591411569504775,-0.0011279772152138331,0.009334114101223331,16.0,,12.0
2026-03-13,cv_1,ridge_all,all,q_sga_to_revenue,-0.774596669241485,0.0006144024814373154,-0.00047591411569504775,-0.0011279772152138331,0.01372471937200733,17.0,,11.0
2026-03-16,cv_1,ridge_all,all,q_sga_to_revenue,-0.774596669241485,0.0006144024814373154,-0.00047591411569504775,-0.0011279772152138331,-0.002089829971032015,18.0,,14.0
2026-03-17,cv_1,ridge_all,all,q_sga_to_revenue,-0.774596669241485,0.0006144024814373154,-0.00047591411569504775,-0.0011279772152138331,0.010731692820070521,18.0,,12.0
2026-03-18,cv_1,ridge_all,all,q_sga_to_revenue,-0.774596669241485,0.0006144024814373154,-0.00047591411569504775,-0.0011279772152138331,0.015223247122207557,18.0,,12.0
2026-03-19,cv_1,ridge_all,all,q_sga_to_revenue,-0.774596669241485,0.0006144024814373154,-0.00047591411569504775,-0.0011279772152138331,0.01688166451634625,17.0,,12.0
2026-03-20,cv_1,ridge_all,all,q_sga_to_revenue,-0.774596669241485,0.0006144024814373154,-0.00047591411569504775,-0.0011279772152138331,0.03983700792371436,19.0,,12.0
2026-03-23,cv_1,ridge_all,all,q_sga_to_revenue,-0.774596669241485,0.0006144024814373154,-0.00047591411569504775,-0.0011279772152138331,0.027153889534427933,19.0,,15.0
2026-03-24,cv_1,ridge_all,all,q_sga_to_revenue,-0.774596669241485,0.0006144024814373154,-0.00047591411569504775,-0.0011279772152138331,0.03603412904508446,17.0,,14.0
2026-03-25,cv_1,ridge_all,all,q_sga_to_revenue,-0.774596669241485,0.0006144024814373154,-0.00047591411569504775,-0.0011279772152138331,0.030869172845563665,18.0,,15.0
2026-03-26,cv_1,ridge_all,all,q_sga_to_revenue,-0.774596669241485,0.0006144024814373154,-0.00047591411569504775,-0.0011279772152138331,0.06606101890572606,17.0,,11.0
2026-03-27,cv_1,ridge_all,all,q_sga_to_revenue,-0.774596669241485,0.0006144024814373154,-0.00047591411569504775,-0.0011279772152138331,0.06287978731628076,18.0,,11.0
2026-03-30,cv_1,ridge_all,all,q_sga_to_revenue,-0.774596669241485,0.0006144024814373154,-0.00047591411569504775,-0.0011279772152138331,0.07447056827616208,18.0,,11.0
2026-03-31,cv_1,ridge_all,all,q_sga_to_revenue,-0.774596669241485,0.0006144024814373154,-0.00047591411569504775,-0.0011279772152138331,0.037035408175166866,19.0,,15.0
2026-04-01,cv_1,ridge_all,all,q_sga_to_revenue,-0.774596669241485,0.0006144024814373154,-0.00047591411569504775,-0.0011279772152138331,0.06345257672419108,18.0,,15.0
2026-02-26,cv_1,ridge_all,all,q_revenue_growth_yoy,0.7745966692414885,-0.0006144024814373582,-0.00047591411569508315,-0.0011279772152138331,-0.008812206642708256,14.0,,9.0
2026-02-27,cv_1,ridge_all,all,q_revenue_growth_yoy,0.7745966692414885,-0.0006144024814373582,-0.00047591411569508315,-0.0011279772152138331,-0.008922960737390642,12.0,,8.0
2026-03-02,cv_1,ridge_all,all,q_revenue_growth_yoy,0.7745966692414885,-0.0006144024814373582,-0.00047591411569508315,-0.0011279772152138331,-0.036600924656376786,13.0,,11.0
2026-03-03,cv_1,ridge_all,all,q_revenue_growth_yoy,0.7745966692414885,-0.0006144024814373582,-0.00047591411569508315,-0.0011279772152138331,-0.004861966015398856,12.0,,8.0
2026-03-04,cv_1,ridge_all,all,q_revenue_growth_yoy,0.7745966692414885,-0.0006144024814373582,-0.00047591411569508315,-0.0011279772152138331,-0.0021669397621459996,12.0,,10.0
2026-03-05,cv_1,ridge_all,all,q_revenue_growth_yoy,0.7745966692414885,-0.0006144024814373582,-0.00047591411569508315,-0.0011279772152138331,0.0050810988296342875,10.0,,8.0
2026-03-06,cv_1,ridge_all,all,q_revenue_growth_yoy,0.7745966692414885,-0.0006144024814373582,-0.00047591411569508315,-0.0011279772152138331,0.018585321527973056,12.0,,7.0
2026-03-09,cv_1,ridge_all,all,q_revenue_growth_yoy,0.7745966692414885,-0.0006144024814373582,-0.00047591411569508315,-0.0011279772152138331,-0.004478547161662723,13.0,,10.0
2026-03-10,cv_1,ridge_all,all,q_revenue_growth_yoy,0.7745966692414885,-0.0006144024814373582,-0.00047591411569508315,-0.0011279772152138331,6.680126130925441e-05,11.0,,9.0
2026-03-11,cv_1,ridge_all,all,q_revenue_growth_yoy,0.7745966692414885,-0.0006144024814373582,-0.00047591411569508315,-0.0011279772152138331,0.0014305870135627216,12.0,,10.0
2026-03-12,cv_1,ridge_all,all,q_revenue_growth_yoy,0.7745966692414885,-0.0006144024814373582,-0.00047591411569508315,-0.0011279772152138331,0.009334114101223331,11.0,,7.0
2026-03-13,cv_1,ridge_all,all,q_revenue_growth_yoy,0.7745966692414885,-0.0006144024814373582,-0.00047591411569508315,-0.0011279772152138331,0.01372471937200733,12.0,,6.0
2026-03-16,cv_1,ridge_all,all,q_revenue_growth_yoy,0.7745966692414885,-0.0006144024814373582,-0.00047591411569508315,-0.0011279772152138331,-0.002089829971032015,13.0,,9.0
2026-03-17,cv_1,ridge_all,all,q_revenue_growth_yoy,0.7745966692414885,-0.0006144024814373582,-0.00047591411569508315,-0.0011279772152138331,0.010731692820070521,13.0,,7.0
2026-03-18,cv_1,ridge_all,all,q_revenue_growth_yoy,0.7745966692414885,-0.0006144024814373582,-0.00047591411569508315,-0.0011279772152138331,0.015223247122207557,13.0,,7.0
2026-03-19,cv_1,ridge_all,all,q_revenue_growth_yoy,0.7745966692414885,-0.0006144024814373582,-0.00047591411569508315,-0.0011279772152138331,0.01688166451634625,12.0,,7.0
2026-03-20,cv_1,ridge_all,all,q_revenue_growth_yoy,0.7745966692414885,-0.0006144024814373582,-0.00047591411569508315,-0.0011279772152138331,0.03983700792371436,14.0,,7.0
2026-03-23,cv_1,ridge_all,all,q_revenue_growth_yoy,0.7745966692414885,-0.0006144024814373582,-0.00047591411569508315,-0.0011279772152138331,0.027153889534427933,14.0,,10.0
2026-03-24,cv_1,ridge_all,all,q_revenue_growth_yoy,0.7745966692414885,-0.0006144024814373582,-0.00047591411569508315,-0.0011279772152138331,0.03603412904508446,12.0,,9.0
2026-03-25,cv_1,ridge_all,all,q_revenue_growth_yoy,0.7745966692414885,-0.0006144024814373582,-0.00047591411569508315,-0.0011279772152138331,0.030869172845563665,13.0,,10.0
2026-03-26,cv_1,ridge_all,all,q_revenue_growth_yoy,0.7745966692414885,-0.0006144024814373582,-0.00047591411569508315,-0.0011279772152138331,0.06606101890572606,12.0,,6.0
2026-03-27,cv_1,ridge_all,all,q_revenue_growth_yoy,0.7745966692414885,-0.0006144024814373582,-0.00047591411569508315,-0.0011279772152138331,0.06287978731628076,13.0,,6.0
2026-03-30,cv_1,ridge_all,all,q_revenue_growth_yoy,0.7745966692414885,-0.0006144024814373582,-0.00047591411569508315,-0.0011279772152138331,0.07447056827616208,13.0,,6.0
2026-03-31,cv_1,ridge_all,all,q_revenue_growth_yoy,0.7745966692414885,-0.0006144024814373582,-0.00047591411569508315,-0.0011279772152138331,0.037035408175166866,14.0,,10.0
2026-04-01,cv_1,ridge_all,all,q_revenue_growth_yoy,0.7745966692414885,-0.0006144024814373582,-0.00047591411569508315,-0.0011279772152138331,0.06345257672419108,13.0,,10.0
2026-02-26,cv_1,ridge_all,all,q_gross_profit_growth_yoy,0.7745966692414814,-0.0006144024814373376,-0.0004759141156950628,-0.0011279772152138331,-0.008812206642708256,17.0,,12.0
2026-02-27,cv_1,ridge_all,all,q_gross_profit_growth_yoy,0.7745966692414814,-0.0006144024814373376,-0.0004759141156950628,-0.0011279772152138331,-0.008922960737390642,15.0,,11.0
2026-03-02,cv_1,ridge_all,all,q_gross_profit_growth_yoy,0.7745966692414814,-0.0006144024814373376,-0.0004759141156950628,-0.0011279772152138331,-0.036600924656376786,16.0,,14.0
2026-03-03,cv_1,ridge_all,all,q_gross_profit_growth_yoy,0.7745966692414814,-0.0006144024814373376,-0.0004759141156950628,-0.0011279772152138331,-0.004861966015398856,15.0,,11.0
2026-03-04,cv_1,ridge_all,all,q_gross_profit_growth_yoy,0.7745966692414814,-0.0006144024814373376,-0.0004759141156950628,-0.0011279772152138331,-0.0021669397621459996,15.0,,13.0
2026-03-05,cv_1,ridge_all,all,q_gross_profit_growth_yoy,0.7745966692414814,-0.0006144024814373376,-0.0004759141156950628,-0.0011279772152138331,0.0050810988296342875,13.0,,11.0
2026-03-06,cv_1,ridge_all,all,q_gross_profit_growth_yoy,0.7745966692414814,-0.0006144024814373376,-0.0004759141156950628,-0.0011279772152138331,0.018585321527973056,15.0,,10.0
2026-03-09,cv_1,ridge_all,all,q_gross_profit_growth_yoy,0.7745966692414814,-0.0006144024814373376,-0.0004759141156950628,-0.0011279772152138331,-0.004478547161662723,16.0,,13.0
2026-03-10,cv_1,ridge_all,all,q_gross_profit_growth_yoy,0.7745966692414814,-0.0006144024814373376,-0.0004759141156950628,-0.0011279772152138331,6.680126130925441e-05,14.0,,12.0
2026-03-11,cv_1,ridge_all,all,q_gross_profit_growth_yoy,0.7745966692414814,-0.0006144024814373376,-0.0004759141156950628,-0.0011279772152138331,0.0014305870135627216,15.0,,13.0
2026-03-12,cv_1,ridge_all,all,q_gross_profit_growth_yoy,0.7745966692414814,-0.0006144024814373376,-0.0004759141156950628,-0.0011279772152138331,0.009334114101223331,14.0,,10.0
2026-03-13,cv_1,ridge_all,all,q_gross_profit_growth_yoy,0.7745966692414814,-0.0006144024814373376,-0.0004759141156950628,-0.0011279772152138331,0.01372471937200733,15.0,,9.0
2026-03-16,cv_1,ridge_all,all,q_gross_profit_growth_yoy,0.7745966692414814,-0.0006144024814373376,-0.0004759141156950628,-0.0011279772152138331,-0.002089829971032015,16.0,,12.0
2026-03-17,cv_1,ridge_all,all,q_gross_profit_growth_yoy,0.7745966692414814,-0.0006144024814373376,-0.0004759141156950628,-0.0011279772152138331,0.010731692820070521,16.0,,10.0
2026-03-18,cv_1,ridge_all,all,q_gross_profit_growth_yoy,0.7745966692414814,-0.0006144024814373376,-0.0004759141156950628,-0.0011279772152138331,0.015223247122207557,16.0,,10.0
2026-03-19,cv_1,ridge_all,all,q_gross_profit_growth_yoy,0.7745966692414814,-0.0006144024814373376,-0.0004759141156950628,-0.0011279772152138331,0.01688166451634625,15.0,,10.0
2026-03-20,cv_1,ridge_all,all,q_gross_profit_growth_yoy,0.7745966692414814,-0.0006144024814373376,-0.0004759141156950628,-0.0011279772152138331,0.03983700792371436,17.0,,10.0
2026-03-23,cv_1,ridge_all,all,q_gross_profit_growth_yoy,0.7745966692414814,-0.0006144024814373376,-0.0004759141156950628,-0.0011279772152138331,0.027153889534427933,17.0,,13.0
2026-03-24,cv_1,ridge_all,all,q_gross_profit_growth_yoy,0.7745966692414814,-0.0006144024814373376,-0.0004759141156950628,-0.0011279772152138331,0.03603412904508446,15.0,,12.0
2026-03-25,cv_1,ridge_all,all,q_gross_profit_growth_yoy,0.7745966692414814,-0.0006144024814373376,-0.0004759141156950628,-0.0011279772152138331,0.030869172845563665,16.0,,13.0
2026-03-26,cv_1,ridge_all,all,q_gross_profit_growth_yoy,0.7745966692414814,-0.0006144024814373376,-0.0004759141156950628,-0.0011279772152138331,0.06606101890572606,15.0,,9.0
2026-03-27,cv_1,ridge_all,all,q_gross_profit_growth_yoy,0.7745966692414814,-0.0006144024814373376,-0.0004759141156950628,-0.0011279772152138331,0.06287978731628076,16.0,,9.0
2026-03-30,cv_1,ridge_all,all,q_gross_profit_growth_yoy,0.7745966692414814,-0.0006144024814373376,-0.0004759141156950628,-0.0011279772152138331,0.07447056827616208,16.0,,9.0
2026-03-31,cv_1,ridge_all,all,q_gross_profit_growth_yoy,0.7745966692414814,-0.0006144024814373376,-0.0004759141156950628,-0.0011279772152138331,0.037035408175166866,17.0,,13.0
2026-04-01,cv_1,ridge_all,all,q_gross_profit_growth_yoy,0.7745966692414814,-0.0006144024814373376,-0.0004759141156950628,-0.0011279772152138331,0.06345257672419108,16.0,,13.0
2026-02-26,cv_1,ridge_all,all,q_operating_income_growth_yoy,0.7745966692414834,-0.00061440248143736,-0.0004759141156950814,-0.0011279772152138331,-0.008812206642708256,15.0,,10.0
2026-02-27,cv_1,ridge_all,all,q_operating_income_growth_yoy,0.7745966692414834,-0.00061440248143736,-0.0004759141156950814,-0.0011279772152138331,-0.008922960737390642,13.0,,9.0
2026-03-02,cv_1,ridge_all,all,q_operating_income_growth_yoy,0.7745966692414834,-0.00061440248143736,-0.0004759141156950814,-0.0011279772152138331,-0.036600924656376786,14.0,,12.0
2026-03-03,cv_1,ridge_all,all,q_operating_income_growth_yoy,0.7745966692414834,-0.00061440248143736,-0.0004759141156950814,-0.0011279772152138331,-0.004861966015398856,13.0,,9.0
2026-03-04,cv_1,ridge_all,all,q_operating_income_growth_yoy,0.7745966692414834,-0.00061440248143736,-0.0004759141156950814,-0.0011279772152138331,-0.0021669397621459996,13.0,,11.0
2026-03-05,cv_1,ridge_all,all,q_operating_income_growth_yoy,0.7745966692414834,-0.00061440248143736,-0.0004759141156950814,-0.0011279772152138331,0.0050810988296342875,11.0,,9.0
2026-03-06,cv_1,ridge_all,all,q_operating_income_growth_yoy,0.7745966692414834,-0.00061440248143736,-0.0004759141156950814,-0.0011279772152138331,0.018585321527973056,13.0,,8.0
2026-03-09,cv_1,ridge_all,all,q_operating_income_growth_yoy,0.7745966692414834,-0.00061440248143736,-0.0004759141156950814,-0.0011279772152138331,-0.004478547161662723,14.0,,11.0
2026-03-10,cv_1,ridge_all,all,q_operating_income_growth_yoy,0.7745966692414834,-0.00061440248143736,-0.0004759141156950814,-0.0011279772152138331,6.680126130925441e-05,12.0,,10.0
2026-03-11,cv_1,ridge_all,all,q_operating_income_growth_yoy,0.7745966692414834,-0.00061440248143736,-0.0004759141156950814,-0.0011279772152138331,0.0014305870135627216,13.0,,11.0
2026-03-12,cv_1,ridge_all,all,q_operating_income_growth_yoy,0.7745966692414834,-0.00061440248143736,-0.0004759141156950814,-0.0011279772152138331,0.009334114101223331,12.0,,8.0
2026-03-13,cv_1,ridge_all,all,q_operating_income_growth_yoy,0.7745966692414834,-0.00061440248143736,-0.0004759141156950814,-0.0011279772152138331,0.01372471937200733,13.0,,7.0
2026-03-16,cv_1,ridge_all,all,q_operating_income_growth_yoy,0.7745966692414834,-0.00061440248143736,-0.0004759141156950814,-0.0011279772152138331,-0.002089829971032015,14.0,,10.0
2026-03-17,cv_1,ridge_all,all,q_operating_income_growth_yoy,0.7745966692414834,-0.00061440248143736,-0.0004759141156950814,-0.0011279772152138331,0.010731692820070521,14.0,,8.0
2026-03-18,cv_1,ridge_all,all,q_operating_income_growth_yoy,0.7745966692414834,-0.00061440248143736,-0.0004759141156950814,-0.0011279772152138331,0.015223247122207557,14.0,,8.0
2026-03-19,cv_1,ridge_all,all,q_operating_income_growth_yoy,0.7745966692414834,-0.00061440248143736,-0.0004759141156950814,-0.0011279772152138331,0.01688166451634625,13.0,,8.0
2026-03-20,cv_1,ridge_all,all,q_operating_income_growth_yoy,0.7745966692414834,-0.00061440248143736,-0.0004759141156950814,-0.0011279772152138331,0.03983700792371436,15.0,,8.0
2026-03-23,cv_1,ridge_all,all,q_operating_income_growth_yoy,0.7745966692414834,-0.00061440248143736,-0.0004759141156950814,-0.0011279772152138331,0.027153889534427933,15.0,,11.0
2026-03-24,cv_1,ridge_all,all,q_operating_income_growth_yoy,0.7745966692414834,-0.00061440248143736,-0.0004759141156950814,-0.0011279772152138331,0.03603412904508446,13.0,,10.0
2026-03-25,cv_1,ridge_all,all,q_operating_income_growth_yoy,0.7745966692414834,-0.00061440248143736,-0.0004759141156950814,-0.0011279772152138331,0.030869172845563665,14.0,,11.0
2026-03-26,cv_1,ridge_all,all,q_operating_income_growth_yoy,0.7745966692414834,-0.00061440248143736,-0.0004759141156950814,-0.0011279772152138331,0.06606101890572606,13.0,,7.0
2026-03-27,cv_1,ridge_all,all,q_operating_income_growth_yoy,0.7745966692414834,-0.00061440248143736,-0.0004759141156950814,-0.0011279772152138331,0.06287978731628076,14.0,,7.0
2026-03-30,cv_1,ridge_all,all,q_operating_income_growth_yoy,0.7745966692414834,-0.00061440248143736,-0.0004759141156950814,-0.0011279772152138331,0.07447056827616208,14.0,,7.0
2026-03-31,cv_1,ridge_all,all,q_operating_income_growth_yoy,0.7745966692414834,-0.00061440248143736,-0.0004759141156950814,-0.0011279772152138331,0.037035408175166866,15.0,,11.0
2026-04-01,cv_1,ridge_all,all,q_operating_income_growth_yoy,0.7745966692414834,-0.00061440248143736,-0.0004759141156950814,-0.0011279772152138331,0.06345257672419108,14.0,,11.0
2026-02-26,cv_1,ridge_all,all,q_net_income_growth_yoy,0.7745966692414756,-0.0006144024814373299,-0.0004759141156950533,-0.0011279772152138331,-0.008812206642708256,18.0,,13.0
2026-02-27,cv_1,ridge_all,all,q_net_income_growth_yoy,0.7745966692414756,-0.0006144024814373299,-0.0004759141156950533,-0.0011279772152138331,-0.008922960737390642,16.0,,12.0
2026-03-02,cv_1,ridge_all,all,q_net_income_growth_yoy,0.7745966692414756,-0.0006144024814373299,-0.0004759141156950533,-0.0011279772152138331,-0.036600924656376786,17.0,,15.0
2026-03-03,cv_1,ridge_all,all,q_net_income_growth_yoy,0.7745966692414756,-0.0006144024814373299,-0.0004759141156950533,-0.0011279772152138331,-0.004861966015398856,16.0,,12.0
2026-03-04,cv_1,ridge_all,all,q_net_income_growth_yoy,0.7745966692414756,-0.0006144024814373299,-0.0004759141156950533,-0.0011279772152138331,-0.0021669397621459996,16.0,,14.0
2026-03-05,cv_1,ridge_all,all,q_net_income_growth_yoy,0.7745966692414756,-0.0006144024814373299,-0.0004759141156950533,-0.0011279772152138331,0.0050810988296342875,14.0,,12.0
2026-03-06,cv_1,ridge_all,all,q_net_income_growth_yoy,0.7745966692414756,-0.0006144024814373299,-0.0004759141156950533,-0.0011279772152138331,0.018585321527973056,16.0,,11.0
2026-03-09,cv_1,ridge_all,all,q_net_income_growth_yoy,0.7745966692414756,-0.0006144024814373299,-0.0004759141156950533,-0.0011279772152138331,-0.004478547161662723,17.0,,14.0
2026-03-10,cv_1,ridge_all,all,q_net_income_growth_yoy,0.7745966692414756,-0.0006144024814373299,-0.0004759141156950533,-0.0011279772152138331,6.680126130925441e-05,15.0,,13.0
2026-03-11,cv_1,ridge_all,all,q_net_income_growth_yoy,0.7745966692414756,-0.0006144024814373299,-0.0004759141156950533,-0.0011279772152138331,0.0014305870135627216,16.0,,14.0
2026-03-12,cv_1,ridge_all,all,q_net_income_growth_yoy,0.7745966692414756,-0.0006144024814373299,-0.0004759141156950533,-0.0011279772152138331,0.009334114101223331,15.0,,11.0
2026-03-13,cv_1,ridge_all,all,q_net_income_growth_yoy,0.7745966692414756,-0.0006144024814373299,-0.0004759141156950533,-0.0011279772152138331,0.01372471937200733,16.0,,10.0
2026-03-16,cv_1,ridge_all,all,q_net_income_growth_yoy,0.7745966692414756,-0.0006144024814373299,-0.0004759141156950533,-0.0011279772152138331,-0.002089829971032015,17.0,,13.0
2026-03-17,cv_1,ridge_all,all,q_net_income_growth_yoy,0.7745966692414756,-0.0006144024814373299,-0.0004759141156950533,-0.0011279772152138331,0.010731692820070521,17.0,,11.0
2026-03-18,cv_1,ridge_all,all,q_net_income_growth_yoy,0.7745966692414756,-0.0006144024814373299,-0.0004759141156950533,-0.0011279772152138331,0.015223247122207557,17.0,,11.0
2026-03-19,cv_1,ridge_all,all,q_net_income_growth_yoy,0.7745966692414756,-0.0006144024814373299,-0.0004759141156950533,-0.0011279772152138331,0.01688166451634625,16.0,,11.0
2026-03-20,cv_1,ridge_all,all,q_net_income_growth_yoy,0.7745966692414756,-0.0006144024814373299,-0.0004759141156950533,-0.0011279772152138331,0.03983700792371436,18.0,,11.0
2026-03-23,cv_1,ridge_all,all,q_net_income_growth_yoy,0.7745966692414756,-0.0006144024814373299,-0.0004759141156950533,-0.0011279772152138331,0.027153889534427933,18.0,,14.0
2026-03-24,cv_1,ridge_all,all,q_net_income_growth_yoy,0.7745966692414756,-0.0006144024814373299,-0.0004759141156950533,-0.0011279772152138331,0.03603412904508446,16.0,,13.0
2026-03-25,cv_1,ridge_all,all,q_net_income_growth_yoy,0.7745966692414756,-0.0006144024814373299,-0.0004759141156950533,-0.0011279772152138331,0.030869172845563665,17.0,,14.0
2026-03-26,cv_1,ridge_all,all,q_net_income_growth_yoy,0.7745966692414756,-0.0006144024814373299,-0.0004759141156950533,-0.0011279772152138331,0.06606101890572606,16.0,,10.0
2026-03-27,cv_1,ridge_all,all,q_net_income_growth_yoy,0.7745966692414756,-0.0006144024814373299,-0.0004759141156950533,-0.0011279772152138331,0.06287978731628076,17.0,,10.0
2026-03-30,cv_1,ridge_all,all,q_net_income_growth_yoy,0.7745966692414756,-0.0006144024814373299,-0.0004759141156950533,-0.0011279772152138331,0.07447056827616208,17.0,,10.0
2026-03-31,cv_1,ridge_all,all,q_net_income_growth_yoy,0.7745966692414756,-0.0006144024814373299,-0.0004759141156950533,-0.0011279772152138331,0.037035408175166866,18.0,,14.0
2026-04-01,cv_1,ridge_all,all,q_net_income_growth_yoy,0.7745966692414756,-0.0006144024814373299,-0.0004759141156950533,-0.0011279772152138331,0.06345257672419108,17.0,,14.0
2026-02-26,cv_1,ridge_all,all,q_rd_growth_yoy,-0.7745966692413899,0.0006144024814373304,-0.0004759141156950011,-0.0011279772152138331,-0.008812206642708256,21.0,,16.0
2026-02-27,cv_1,ridge_all,all,q_rd_growth_yoy,-0.7745966692413899,0.0006144024814373304,-0.0004759141156950011,-0.0011279772152138331,-0.008922960737390642,19.0,,15.0
2026-03-02,cv_1,ridge_all,all,q_rd_growth_yoy,-0.7745966692413899,0.0006144024814373304,-0.0004759141156950011,-0.0011279772152138331,-0.036600924656376786,20.0,,18.0
2026-03-03,cv_1,ridge_all,all,q_rd_growth_yoy,-0.7745966692413899,0.0006144024814373304,-0.0004759141156950011,-0.0011279772152138331,-0.004861966015398856,19.0,,15.0
2026-03-04,cv_1,ridge_all,all,q_rd_growth_yoy,-0.7745966692413899,0.0006144024814373304,-0.0004759141156950011,-0.0011279772152138331,-0.0021669397621459996,19.0,,17.0
2026-03-05,cv_1,ridge_all,all,q_rd_growth_yoy,-0.7745966692413899,0.0006144024814373304,-0.0004759141156950011,-0.0011279772152138331,0.0050810988296342875,17.0,,15.0
2026-03-06,cv_1,ridge_all,all,q_rd_growth_yoy,-0.7745966692413899,0.0006144024814373304,-0.0004759141156950011,-0.0011279772152138331,0.018585321527973056,19.0,,14.0
2026-03-09,cv_1,ridge_all,all,q_rd_growth_yoy,-0.7745966692413899,0.0006144024814373304,-0.0004759141156950011,-0.0011279772152138331,-0.004478547161662723,20.0,,17.0
2026-03-10,cv_1,ridge_all,all,q_rd_growth_yoy,-0.7745966692413899,0.0006144024814373304,-0.0004759141156950011,-0.0011279772152138331,6.680126130925441e-05,18.0,,16.0
2026-03-11,cv_1,ridge_all,all,q_rd_growth_yoy,-0.7745966692413899,0.0006144024814373304,-0.0004759141156950011,-0.0011279772152138331,0.0014305870135627216,19.0,,17.0
2026-03-12,cv_1,ridge_all,all,q_rd_growth_yoy,-0.7745966692413899,0.0006144024814373304,-0.0004759141156950011,-0.0011279772152138331,0.009334114101223331,18.0,,14.0
2026-03-13,cv_1,ridge_all,all,q_rd_growth_yoy,-0.7745966692413899,0.0006144024814373304,-0.0004759141156950011,-0.0011279772152138331,0.01372471937200733,19.0,,13.0
2026-03-16,cv_1,ridge_all,all,q_rd_growth_yoy,-0.7745966692413899,0.0006144024814373304,-0.0004759141156950011,-0.0011279772152138331,-0.002089829971032015,20.0,,16.0
2026-03-17,cv_1,ridge_all,all,q_rd_growth_yoy,-0.7745966692413899,0.0006144024814373304,-0.0004759141156950011,-0.0011279772152138331,0.010731692820070521,20.0,,14.0
2026-03-18,cv_1,ridge_all,all,q_rd_growth_yoy,-0.7745966692413899,0.0006144024814373304,-0.0004759141156950011,-0.0011279772152138331,0.015223247122207557,20.0,,14.0
2026-03-19,cv_1,ridge_all,all,q_rd_growth_yoy,-0.7745966692413899,0.0006144024814373304,-0.0004759141156950011,-0.0011279772152138331,0.01688166451634625,19.0,,14.0
2026-03-20,cv_1,ridge_all,all,q_rd_growth_yoy,-0.7745966692413899,0.0006144024814373304,-0.0004759141156950011,-0.0011279772152138331,0.03983700792371436,21.0,,14.0
2026-03-23,cv_1,ridge_all,all,q_rd_growth_yoy,-0.7745966692413899,0.0006144024814373304,-0.0004759141156950011,-0.0011279772152138331,0.027153889534427933,21.0,,17.0
2026-03-24,cv_1,ridge_all,all,q_rd_growth_yoy,-0.7745966692413899,0.0006144024814373304,-0.0004759141156950011,-0.0011279772152138331,0.03603412904508446,19.0,,16.0
2026-03-25,cv_1,ridge_all,all,q_rd_growth_yoy,-0.7745966692413899,0.0006144024814373304,-0.0004759141156950011,-0.0011279772152138331,0.030869172845563665,20.0,,17.0
2026-03-26,cv_1,ridge_all,all,q_rd_growth_yoy,-0.7745966692413899,0.0006144024814373304,-0.0004759141156950011,-0.0011279772152138331,0.06606101890572606,19.0,,13.0
2026-03-27,cv_1,ridge_all,all,q_rd_growth_yoy,-0.7745966692413899,0.0006144024814373304,-0.0004759141156950011,-0.0011279772152138331,0.06287978731628076,20.0,,13.0
2026-03-30,cv_1,ridge_all,all,q_rd_growth_yoy,-0.7745966692413899,0.0006144024814373304,-0.0004759141156950011,-0.0011279772152138331,0.07447056827616208,20.0,,13.0
2026-03-31,cv_1,ridge_all,all,q_rd_growth_yoy,-0.7745966692413899,0.0006144024814373304,-0.0004759141156950011,-0.0011279772152138331,0.037035408175166866,21.0,,17.0
2026-04-01,cv_1,ridge_all,all,q_rd_growth_yoy,-0.7745966692413899,0.0006144024814373304,-0.0004759141156950011,-0.0011279772152138331,0.06345257672419108,20.0,,17.0
2026-02-26,cv_1,ridge_all,all,current_ratio,-3.8059302768520715,-0.0006144024814373154,0.0023383730062753213,-0.0011279772152138331,-0.008812206642708256,7.0,4.0,
2026-02-27,cv_1,ridge_all,all,current_ratio,-3.8059302768520715,-0.0006144024814373154,0.0023383730062753213,-0.0011279772152138331,-0.008922960737390642,7.0,4.0,
2026-03-02,cv_1,ridge_all,all,current_ratio,-3.8059302768520715,-0.0006144024814373154,0.0023383730062753213,-0.0011279772152138331,-0.036600924656376786,7.0,1.0,
2026-03-03,cv_1,ridge_all,all,current_ratio,-3.8059302768520715,-0.0006144024814373154,0.0023383730062753213,-0.0011279772152138331,-0.004861966015398856,5.0,2.0,
2026-03-04,cv_1,ridge_all,all,current_ratio,-3.8059302768520715,-0.0006144024814373154,0.0023383730062753213,-0.0011279772152138331,-0.0021669397621459996,6.0,2.0,
2026-03-05,cv_1,ridge_all,all,current_ratio,-3.8059302768520715,-0.0006144024814373154,0.0023383730062753213,-0.0011279772152138331,0.0050810988296342875,5.0,2.0,
2026-03-06,cv_1,ridge_all,all,current_ratio,-3.8059302768520715,-0.0006144024814373154,0.0023383730062753213,-0.0011279772152138331,0.018585321527973056,6.0,4.0,
2026-03-09,cv_1,ridge_all,all,current_ratio,-3.8059302768520715,-0.0006144024814373154,0.0023383730062753213,-0.0011279772152138331,-0.004478547161662723,6.0,2.0,
2026-03-10,cv_1,ridge_all,all,current_ratio,-3.8059302768520715,-0.0006144024814373154,0.0023383730062753213,-0.0011279772152138331,6.680126130925441e-05,4.0,2.0,
2026-03-11,cv_1,ridge_all,all,current_ratio,-3.8059302768520715,-0.0006144024814373154,0.0023383730062753213,-0.0011279772152138331,0.0014305870135627216,3.0,2.0,
2026-03-12,cv_1,ridge_all,all,current_ratio,-3.8059302768520715,-0.0006144024814373154,0.0023383730062753213,-0.0011279772152138331,0.009334114101223331,4.0,3.0,
2026-03-13,cv_1,ridge_all,all,current_ratio,-3.8059302768520715,-0.0006144024814373154,0.0023383730062753213,-0.0011279772152138331,0.01372471937200733,5.0,4.0,
2026-03-16,cv_1,ridge_all,all,current_ratio,-3.8059302768520715,-0.0006144024814373154,0.0023383730062753213,-0.0011279772152138331,-0.002089829971032015,4.0,2.0,
2026-03-17,cv_1,ridge_all,all,current_ratio,-3.8059302768520715,-0.0006144024814373154,0.0023383730062753213,-0.0011279772152138331,0.010731692820070521,4.0,3.0,
2026-03-18,cv_1,ridge_all,all,current_ratio,-3.8059302768520715,-0.0006144024814373154,0.0023383730062753213,-0.0011279772152138331,0.015223247122207557,3.0,2.0,
2026-03-19,cv_1,ridge_all,all,current_ratio,-3.8059302768520715,-0.0006144024814373154,0.0023383730062753213,-0.0011279772152138331,0.01688166451634625,3.0,2.0,
2026-03-20,cv_1,ridge_all,all,current_ratio,-3.8059302768520715,-0.0006144024814373154,0.0023383730062753213,-0.0011279772152138331,0.03983700792371436,6.0,5.0,
2026-03-23,cv_1,ridge_all,all,current_ratio,-3.8059302768520715,-0.0006144024814373154,0.0023383730062753213,-0.0011279772152138331,0.027153889534427933,4.0,2.0,
2026-03-24,cv_1,ridge_all,all,current_ratio,-3.8059302768520715,-0.0006144024814373154,0.0023383730062753213,-0.0011279772152138331,0.03603412904508446,4.0,3.0,
2026-03-25,cv_1,ridge_all,all,current_ratio,-3.8059302768520715,-0.0006144024814373154,0.0023383730062753213,-0.0011279772152138331,0.030869172845563665,7.0,3.0,
2026-03-26,cv_1,ridge_all,all,current_ratio,-3.8059302768520715,-0.0006144024814373154,0.0023383730062753213,-0.0011279772152138331,0.06606101890572606,7.0,6.0,
2026-03-27,cv_1,ridge_all,all,current_ratio,-3.8059302768520715,-0.0006144024814373154,0.0023383730062753213,-0.0011279772152138331,0.06287978731628076,7.0,6.0,
2026-03-30,cv_1,ridge_all,all,current_ratio,-3.8059302768520715,-0.0006144024814373154,0.0023383730062753213,-0.0011279772152138331,0.07447056827616208,5.0,4.0,
2026-03-31,cv_1,ridge_all,all,current_ratio,-3.8059302768520715,-0.0006144024814373154,0.0023383730062753213,-0.0011279772152138331,0.037035408175166866,7.0,3.0,
2026-04-01,cv_1,ridge_all,all,current_ratio,-3.8059302768520715,-0.0006144024814373154,0.0023383730062753213,-0.0011279772152138331,0.06345257672419108,4.0,3.0,
2026-02-26,cv_1,ridge_all,all,cash_to_assets,-4.390472130219181,0.0006144024814373298,-0.002697516971488104,-0.0011279772152138331,-0.008812206642708256,6.0,,3.0
2026-02-27,cv_1,ridge_all,all,cash_to_assets,-4.390472130219181,0.0006144024814373298,-0.002697516971488104,-0.0011279772152138331,-0.008922960737390642,6.0,,3.0
2026-03-02,cv_1,ridge_all,all,cash_to_assets,-4.390472130219181,0.0006144024814373298,-0.002697516971488104,-0.0011279772152138331,-0.036600924656376786,6.0,,6.0
2026-03-03,cv_1,ridge_all,all,cash_to_assets,-4.390472130219181,0.0006144024814373298,-0.002697516971488104,-0.0011279772152138331,-0.004861966015398856,4.0,,3.0
2026-03-04,cv_1,ridge_all,all,cash_to_assets,-4.390472130219181,0.0006144024814373298,-0.002697516971488104,-0.0011279772152138331,-0.0021669397621459996,4.0,,3.0
2026-03-05,cv_1,ridge_all,all,cash_to_assets,-4.390472130219181,0.0006144024814373298,-0.002697516971488104,-0.0011279772152138331,0.0050810988296342875,4.0,,3.0
2026-03-06,cv_1,ridge_all,all,cash_to_assets,-4.390472130219181,0.0006144024814373298,-0.002697516971488104,-0.0011279772152138331,0.018585321527973056,5.0,,2.0
2026-03-09,cv_1,ridge_all,all,cash_to_assets,-4.390472130219181,0.0006144024814373298,-0.002697516971488104,-0.0011279772152138331,-0.004478547161662723,5.0,,4.0
2026-03-10,cv_1,ridge_all,all,cash_to_assets,-4.390472130219181,0.0006144024814373298,-0.002697516971488104,-0.0011279772152138331,6.680126130925441e-05,3.0,,2.0
2026-03-11,cv_1,ridge_all,all,cash_to_assets,-4.390472130219181,0.0006144024814373298,-0.002697516971488104,-0.0011279772152138331,0.0014305870135627216,2.0,,1.0
2026-03-12,cv_1,ridge_all,all,cash_to_assets,-4.390472130219181,0.0006144024814373298,-0.002697516971488104,-0.0011279772152138331,0.009334114101223331,2.0,,1.0
2026-03-13,cv_1,ridge_all,all,cash_to_assets,-4.390472130219181,0.0006144024814373298,-0.002697516971488104,-0.0011279772152138331,0.01372471937200733,3.0,,1.0
2026-03-16,cv_1,ridge_all,all,cash_to_assets,-4.390472130219181,0.0006144024814373298,-0.002697516971488104,-0.0011279772152138331,-0.002089829971032015,2.0,,1.0
2026-03-17,cv_1,ridge_all,all,cash_to_assets,-4.390472130219181,0.0006144024814373298,-0.002697516971488104,-0.0011279772152138331,0.010731692820070521,3.0,,1.0
2026-03-18,cv_1,ridge_all,all,cash_to_assets,-4.390472130219181,0.0006144024814373298,-0.002697516971488104,-0.0011279772152138331,0.015223247122207557,2.0,,1.0
2026-03-19,cv_1,ridge_all,all,cash_to_assets,-4.390472130219181,0.0006144024814373298,-0.002697516971488104,-0.0011279772152138331,0.01688166451634625,2.0,,1.0
2026-03-20,cv_1,ridge_all,all,cash_to_assets,-4.390472130219181,0.0006144024814373298,-0.002697516971488104,-0.0011279772152138331,0.03983700792371436,5.0,,1.0
2026-03-23,cv_1,ridge_all,all,cash_to_assets,-4.390472130219181,0.0006144024814373298,-0.002697516971488104,-0.0011279772152138331,0.027153889534427933,2.0,,1.0
2026-03-24,cv_1,ridge_all,all,cash_to_assets,-4.390472130219181,0.0006144024814373298,-0.002697516971488104,-0.0011279772152138331,0.03603412904508446,3.0,,1.0
2026-03-25,cv_1,ridge_all,all,cash_to_assets,-4.390472130219181,0.0006144024814373298,-0.002697516971488104,-0.0011279772152138331,0.030869172845563665,5.0,,3.0
2026-03-26,cv_1,ridge_all,all,cash_to_assets,-4.390472130219181,0.0006144024814373298,-0.002697516971488104,-0.0011279772152138331,0.06606101890572606,6.0,,1.0
2026-03-27,cv_1,ridge_all,all,cash_to_assets,-4.390472130219181,0.0006144024814373298,-0.002697516971488104,-0.0011279772152138331,0.06287978731628076,5.0,,1.0
2026-03-30,cv_1,ridge_all,all,cash_to_assets,-4.390472130219181,0.0006144024814373298,-0.002697516971488104,-0.0011279772152138331,0.07447056827616208,4.0,,1.0
2026-03-31,cv_1,ridge_all,all,cash_to_assets,-4.390472130219181,0.0006144024814373298,-0.002697516971488104,-0.0011279772152138331,0.037035408175166866,6.0,,4.0
2026-04-01,cv_1,ridge_all,all,cash_to_assets,-4.390472130219181,0.0006144024814373298,-0.002697516971488104,-0.0011279772152138331,0.06345257672419108,3.0,,1.0
2026-02-26,cv_1,ridge_all,all,liabilities_to_assets,-2.5603013370836254,0.0006144024814373737,-0.0015730554947316051,-0.0011279772152138331,-0.008812206642708256,8.0,,4.0
2026-02-27,cv_1,ridge_all,all,liabilities_to_assets,-2.5603013370836254,0.0006144024814373737,-0.0015730554947316051,-0.0011279772152138331,-0.008922960737390642,8.0,,4.0
2026-03-02,cv_1,ridge_all,all,liabilities_to_assets,-2.5603013370836254,0.0006144024814373737,-0.0015730554947316051,-0.0011279772152138331,-0.036600924656376786,8.0,,7.0
2026-03-03,cv_1,ridge_all,all,liabilities_to_assets,-2.5603013370836254,0.0006144024814373737,-0.0015730554947316051,-0.0011279772152138331,-0.004861966015398856,8.0,,4.0
2026-03-04,cv_1,ridge_all,all,liabilities_to_assets,-2.5603013370836254,0.0006144024814373737,-0.0015730554947316051,-0.0011279772152138331,-0.0021669397621459996,8.0,,6.0
2026-03-05,cv_1,ridge_all,all,liabilities_to_assets,-2.5603013370836254,0.0006144024814373737,-0.0015730554947316051,-0.0011279772152138331,0.0050810988296342875,6.0,,4.0
2026-03-06,cv_1,ridge_all,all,liabilities_to_assets,-2.5603013370836254,0.0006144024814373737,-0.0015730554947316051,-0.0011279772152138331,0.018585321527973056,8.0,,3.0
2026-03-09,cv_1,ridge_all,all,liabilities_to_assets,-2.5603013370836254,0.0006144024814373737,-0.0015730554947316051,-0.0011279772152138331,-0.004478547161662723,7.0,,5.0
2026-03-10,cv_1,ridge_all,all,liabilities_to_assets,-2.5603013370836254,0.0006144024814373737,-0.0015730554947316051,-0.0011279772152138331,6.680126130925441e-05,6.0,,4.0
2026-03-11,cv_1,ridge_all,all,liabilities_to_assets,-2.5603013370836254,0.0006144024814373737,-0.0015730554947316051,-0.0011279772152138331,0.0014305870135627216,4.0,,2.0
2026-03-12,cv_1,ridge_all,all,liabilities_to_assets,-2.5603013370836254,0.0006144024814373737,-0.0015730554947316051,-0.0011279772152138331,0.009334114101223331,6.0,,2.0
2026-03-13,cv_1,ridge_all,all,liabilities_to_assets,-2.5603013370836254,0.0006144024814373737,-0.0015730554947316051,-0.0011279772152138331,0.01372471937200733,7.0,,2.0
2026-03-16,cv_1,ridge_all,all,liabilities_to_assets,-2.5603013370836254,0.0006144024814373737,-0.0015730554947316051,-0.0011279772152138331,-0.002089829971032015,6.0,,4.0
2026-03-17,cv_1,ridge_all,all,liabilities_to_assets,-2.5603013370836254,0.0006144024814373737,-0.0015730554947316051,-0.0011279772152138331,0.010731692820070521,5.0,,2.0
2026-03-18,cv_1,ridge_all,all,liabilities_to_assets,-2.5603013370836254,0.0006144024814373737,-0.0015730554947316051,-0.0011279772152138331,0.015223247122207557,5.0,,2.0
2026-03-19,cv_1,ridge_all,all,liabilities_to_assets,-2.5603013370836254,0.0006144024814373737,-0.0015730554947316051,-0.0011279772152138331,0.01688166451634625,5.0,,3.0
2026-03-20,cv_1,ridge_all,all,liabilities_to_assets,-2.5603013370836254,0.0006144024814373737,-0.0015730554947316051,-0.0011279772152138331,0.03983700792371436,8.0,,2.0
2026-03-23,cv_1,ridge_all,all,liabilities_to_assets,-2.5603013370836254,0.0006144024814373737,-0.0015730554947316051,-0.0011279772152138331,0.027153889534427933,8.0,,4.0
2026-03-24,cv_1,ridge_all,all,liabilities_to_assets,-2.5603013370836254,0.0006144024814373737,-0.0015730554947316051,-0.0011279772152138331,0.03603412904508446,5.0,,2.0
2026-03-25,cv_1,ridge_all,all,liabilities_to_assets,-2.5603013370836254,0.0006144024814373737,-0.0015730554947316051,-0.0011279772152138331,0.030869172845563665,8.0,,5.0
2026-03-26,cv_1,ridge_all,all,liabilities_to_assets,-2.5603013370836254,0.0006144024814373737,-0.0015730554947316051,-0.0011279772152138331,0.06606101890572606,8.0,,2.0
2026-03-27,cv_1,ridge_all,all,liabilities_to_assets,-2.5603013370836254,0.0006144024814373737,-0.0015730554947316051,-0.0011279772152138331,0.06287978731628076,8.0,,2.0
2026-03-30,cv_1,ridge_all,all,liabilities_to_assets,-2.5603013370836254,0.0006144024814373737,-0.0015730554947316051,-0.0011279772152138331,0.07447056827616208,9.0,,2.0
2026-03-31,cv_1,ridge_all,all,liabilities_to_assets,-2.5603013370836254,0.0006144024814373737,-0.0015730554947316051,-0.0011279772152138331,0.037035408175166866,8.0,,5.0
2026-04-01,cv_1,ridge_all,all,liabilities_to_assets,-2.5603013370836254,0.0006144024814373737,-0.0015730554947316051,-0.0011279772152138331,0.06345257672419108,5.0,,2.0
2026-02-26,cv_1,ridge_all,all,debt_to_assets,-2.3040118257066147,0.0006144024814373194,-0.0014155905829750727,-0.0011279772152138331,-0.008812206642708256,10.0,,5.0
2026-02-27,cv_1,ridge_all,all,debt_to_assets,-2.3040118257066147,0.0006144024814373194,-0.0014155905829750727,-0.0011279772152138331,-0.008922960737390642,9.0,,5.0
2026-03-02,cv_1,ridge_all,all,debt_to_assets,-2.3040118257066147,0.0006144024814373194,-0.0014155905829750727,-0.0011279772152138331,-0.036600924656376786,9.0,,8.0
2026-03-03,cv_1,ridge_all,all,debt_to_assets,-2.3040118257066147,0.0006144024814373194,-0.0014155905829750727,-0.0011279772152138331,-0.004861966015398856,9.0,,5.0
2026-03-04,cv_1,ridge_all,all,debt_to_assets,-2.3040118257066147,0.0006144024814373194,-0.0014155905829750727,-0.0011279772152138331,-0.0021669397621459996,9.0,,7.0
2026-03-05,cv_1,ridge_all,all,debt_to_assets,-2.3040118257066147,0.0006144024814373194,-0.0014155905829750727,-0.0011279772152138331,0.0050810988296342875,7.0,,5.0
2026-03-06,cv_1,ridge_all,all,debt_to_assets,-2.3040118257066147,0.0006144024814373194,-0.0014155905829750727,-0.0011279772152138331,0.018585321527973056,9.0,,4.0
2026-03-09,cv_1,ridge_all,all,debt_to_assets,-2.3040118257066147,0.0006144024814373194,-0.0014155905829750727,-0.0011279772152138331,-0.004478547161662723,8.0,,6.0
2026-03-10,cv_1,ridge_all,all,debt_to_assets,-2.3040118257066147,0.0006144024814373194,-0.0014155905829750727,-0.0011279772152138331,6.680126130925441e-05,7.0,,5.0
2026-03-11,cv_1,ridge_all,all,debt_to_assets,-2.3040118257066147,0.0006144024814373194,-0.0014155905829750727,-0.0011279772152138331,0.0014305870135627216,5.0,,3.0
2026-03-12,cv_1,ridge_all,all,debt_to_assets,-2.3040118257066147,0.0006144024814373194,-0.0014155905829750727,-0.0011279772152138331,0.009334114101223331,7.0,,3.0
2026-03-13,cv_1,ridge_all,all,debt_to_assets,-2.3040118257066147,0.0006144024814373194,-0.0014155905829750727,-0.0011279772152138331,0.01372471937200733,8.0,,3.0
2026-03-16,cv_1,ridge_all,all,debt_to_assets,-2.3040118257066147,0.0006144024814373194,-0.0014155905829750727,-0.0011279772152138331,-0.002089829971032015,7.0,,5.0
2026-03-17,cv_1,ridge_all,all,debt_to_assets,-2.3040118257066147,0.0006144024814373194,-0.0014155905829750727,-0.0011279772152138331,0.010731692820070521,6.0,,3.0
2026-03-18,cv_1,ridge_all,all,debt_to_assets,-2.3040118257066147,0.0006144024814373194,-0.0014155905829750727,-0.0011279772152138331,0.015223247122207557,6.0,,3.0
2026-03-19,cv_1,ridge_all,all,debt_to_assets,-2.3040118257066147,0.0006144024814373194,-0.0014155905829750727,-0.0011279772152138331,0.01688166451634625,7.0,,4.0
2026-03-20,cv_1,ridge_all,all,debt_to_assets,-2.3040118257066147,0.0006144024814373194,-0.0014155905829750727,-0.0011279772152138331,0.03983700792371436,9.0,,3.0
2026-03-23,cv_1,ridge_all,all,debt_to_assets,-2.3040118257066147,0.0006144024814373194,-0.0014155905829750727,-0.0011279772152138331,0.027153889534427933,9.0,,5.0
2026-03-24,cv_1,ridge_all,all,debt_to_assets,-2.3040118257066147,0.0006144024814373194,-0.0014155905829750727,-0.0011279772152138331,0.03603412904508446,6.0,,3.0
2026-03-25,cv_1,ridge_all,all,debt_to_assets,-2.3040118257066147,0.0006144024814373194,-0.0014155905829750727,-0.0011279772152138331,0.030869172845563665,9.0,,6.0
2026-03-26,cv_1,ridge_all,all,debt_to_assets,-2.3040118257066147,0.0006144024814373194,-0.0014155905829750727,-0.0011279772152138331,0.06606101890572606,9.0,,3.0
2026-03-27,cv_1,ridge_all,all,debt_to_assets,-2.3040118257066147,0.0006144024814373194,-0.0014155905829750727,-0.0011279772152138331,0.06287978731628076,9.0,,3.0
2026-03-30,cv_1,ridge_all,all,debt_to_assets,-2.3040118257066147,0.0006144024814373194,-0.0014155905829750727,-0.0011279772152138331,0.07447056827616208,10.0,,3.0
2026-03-31,cv_1,ridge_all,all,debt_to_assets,-2.3040118257066147,0.0006144024814373194,-0.0014155905829750727,-0.0011279772152138331,0.037035408175166866,9.0,,6.0
2026-04-01,cv_1,ridge_all,all,debt_to_assets,-2.3040118257066147,0.0006144024814373194,-0.0014155905829750727,-0.0011279772152138331,0.06345257672419108,6.0,,3.0
2026-04-02,cv_2,ols_market,market,simple_return,0.4236741794908225,0.16458488761767726,0.06973036721800864,-0.005046129608109693,0.06518191233538875,2.0,1.0,
2026-04-06,cv_2,ols_market,market,simple_return,0.06940187581981541,0.16458488761767726,0.011422499932260312,-0.005046129608109693,0.06507161596482465,5.0,4.0,
2026-04-07,cv_2,ols_market,market,simple_return,0.12218068208362062,0.16458488761767726,0.020109093829783854,-0.005046129608109693,0.05570009954526849,4.0,3.0,
2026-04-08,cv_2,ols_market,market,simple_return,1.005721786237615,0.16458488761767726,0.1655266071625675,-0.005046129608109693,0.046463214126666215,2.0,1.0,
2026-04-09,cv_2,ols_market,market,simple_return,0.4558321080636902,0.16458488761767726,0.07502307627819137,-0.005046129608109693,0.043701628328381446,2.0,1.0,
2026-04-10,cv_2,ols_market,market,simple_return,1.1540902586781614,0.16458488761767726,0.18994581552520126,-0.005046129608109693,0.032483492819475455,2.0,1.0,
2026-04-13,cv_2,ols_market,market,simple_return,0.16758689428126336,0.16458488761767726,0.02758227016147729,-0.005046129608109693,0.029452556884614588,2.0,1.0,
2026-04-14,cv_2,ols_market,market,simple_return,1.7071851123132666,0.16458488761767726,0.2809768698526507,-0.005046129608109693,0.00860515609426726,2.0,1.0,
2026-04-15,cv_2,ols_market,market,simple_return,0.5434389800501959,0.16458488761767726,0.08944184345862664,-0.005046129608109693,0.0007318018260390417,2.0,1.0,
2026-04-16,cv_2,ols_market,market,simple_return,-0.11055105605440911,0.16458488761767726,-0.018195033136730463,-0.005046129608109693,-0.013605936199483021,2.0,,2.0
2026-04-17,cv_2,ols_market,market,simple_return,0.7571472286629312,0.16458488761767726,0.12461499153952431,-0.005046129608109693,-0.03240767390065307,2.0,1.0,
2026-04-20,cv_2,ols_market,market,simple_return,0.09063793758774248,0.16458488761767726,0.014917634771776642,-0.005046129608109693,-0.03613330225144267,3.0,1.0,
2026-04-21,cv_2,ols_market,market,simple_return,-0.476093153368309,0.16458488761767726,-0.07835773814266872,-0.005046129608109693,-0.03440067984346817,2.0,,1.0
2026-04-22,cv_2,ols_market,market,simple_return,0.5925529835783127,0.16458488761767726,0.09752526620975595,-0.005046129608109693,-0.04686032674312726,2.0,1.0,
2026-04-23,cv_2,ols_market,market,simple_return,-0.6252155600943626,0.16458488761767726,-0.10290103269495382,-0.005046129608109693,-0.03864586777641891,2.0,,1.0
2026-04-24,cv_2,ols_market,market,simple_return,1.939502352843249,0.16458488761767726,0.3192127767769267,-0.005046129608109693,-0.05344964123135093,2.0,1.0,
2026-04-27,cv_2,ols_market,market,simple_return,1.79712997502476,0.16458488761767726,0.29578043497380924,-0.005046129608109693,-0.059649903385579454,2.0,1.0,
2026-04-28,cv_2,ols_market,market,simple_return,-0.7038157048313076,0.16458488761767726,-0.11583742868321707,-0.005046129608109693,-0.05372462482885997,2.0,,1.0
2026-04-29,cv_2,ols_market,market,simple_return,-0.8159713014688887,0.16458488761767726,-0.1342965449515069,-0.005046129608109693,-0.058021777018450134,2.0,,1.0
2026-04-30,cv_2,ols_market,market,simple_return,-2.062362458066607,0.16458488761767726,-0.33943369338780915,-0.005046129608109693,-0.044931836269010594,2.0,,1.0
2026-05-01,cv_2,ols_market,market,simple_return,-0.2445930877386906,0.16458488761767726,-0.04025632585753306,-0.005046129608109693,-0.06819526962844112,3.0,,2.0
2026-05-04,cv_2,ols_market,market,simple_return,0.013137721908380806,0.16458488761767726,0.0021622704838431513,-0.005046129608109693,-0.06216204327839081,6.0,3.0,
2026-05-05,cv_2,ols_market,market,simple_return,-0.4397342976610171,0.16458488761767726,-0.07237361996217674,-0.005046129608109693,-0.0656246239618239,2.0,,1.0
2026-05-06,cv_2,ols_market,market,simple_return,2.584857917563437,0.16458488761767726,0.4254285498698416,-0.005046129608109693,-0.07646285963823213,2.0,1.0,
2026-05-07,cv_2,ols_market,market,simple_return,0.7960628661039982,0.16458488761767726,0.1310199173543326,-0.005046129608109693,-0.08304716149057653,2.0,1.0,
2026-04-02,cv_2,ols_market,market,log_return,0.4330816957033531,-0.17272782694796482,-0.07480526018977993,-0.005046129608109693,0.06518191233538875,1.0,,1.0
2026-04-06,cv_2,ols_market,market,log_return,0.08056393109921677,-0.17272782694796482,-0.013915632749153275,-0.005046129608109693,0.06507161596482465,3.0,,1.0
2026-04-07,cv_2,ols_market,market,log_return,0.1332577629771665,-0.17272782694796482,-0.023017323822992927,-0.005046129608109693,0.05570009954526849,3.0,,1.0
2026-04-08,cv_2,ols_market,market,log_return,1.0062829405576976,-0.17272782694796482,-0.17381306561733917,-0.005046129608109693,0.046463214126666215,1.0,,1.0
2026-04-09,cv_2,ols_market,market,log_return,0.4649432714313037,-0.17272782694796482,-0.08030864092840687,-0.005046129608109693,0.043701628328381446,1.0,,1.0
2026-04-10,cv_2,ols_market,market,log_return,1.1512292663237764,-0.17272782694796482,-0.19884932949100576,-0.005046129608109693,0.032483492819475455,1.0,,1.0
2026-04-13,cv_2,ols_market,market,log_return,0.17854125684422625,-0.17272782694796482,-0.03083904331526165,-0.005046129608109693,0.029452556884614588,1.0,,1.0
2026-04-14,cv_2,ols_market,market,log_return,1.6874658057824568,-0.17272782694796482,-0.2914723016818002,-0.005046129608109693,0.00860515609426726,1.0,,1.0
2026-04-15,cv_2,ols_market,market,log_return,0.5516278593082394,-0.17272782694796482,-0.09528148142226986,-0.005046129608109693,0.0007318018260390417,1.0,,1.0
2026-04-16,cv_2,ols_market,market,log_return,-0.09956728658140808,-0.17272782694796482,0.017198041046311875,-0.005046129608109693,-0.013605936199483021,4.0,2.0,
2026-04-17,cv_2,ols_market,market,log_return,0.7623843307362645,-0.17272782694796482,-0.13168498874725348,-0.005046129608109693,-0.03240767390065307,1.0,,1.0
2026-04-20,cv_2,ols_market,market,log_return,0.10177326559835186,-0.17272782694796482,-0.01757907500820138,-0.005046129608109693,-0.03613330225144267,2.0,,2.0
2026-04-21,cv_2,ols_market,market,log_return,-0.46771985669816857,-0.17272782694796482,0.08078823446788816,-0.005046129608109693,-0.03440067984346817,1.0,1.0,
2026-04-22,cv_2,ols_market,market,log_return,0.6001514367750619,-0.17272782694796482,-0.10366285351385533,-0.005046129608109693,-0.04686032674312726,1.0,,1.0
2026-04-23,cv_2,ols_market,market,log_return,-0.6187816277891741,-0.17272782694796482,0.10688080592334845,-0.005046129608109693,-0.03864586777641891,1.0,1.0,
2026-04-24,cv_2,ols_market,market,log_return,1.9107991165296299,-0.17272782694796482,-0.330048179132254,-0.005046129608109693,-0.05344964123135093,1.0,,1.0
2026-04-27,cv_2,ols_market,market,log_return,1.7740647314357834,-0.17272782694796482,-0.30643034592592766,-0.005046129608109693,-0.059649903385579454,1.0,,1.0
2026-04-28,cv_2,ols_market,market,log_return,-0.6986097433669739,-0.17272782694796482,0.12066934285645278,-0.005046129608109693,-0.05372462482885997,1.0,1.0,
2026-04-29,cv_2,ols_market,market,log_return,-0.8127647582658282,-0.17272782694796482,0.14038709051514442,-0.005046129608109693,-0.058021777018450134,1.0,1.0,
2026-04-30,cv_2,ols_market,market,log_return,-2.101377418245131,-0.17272782694796482,0.36296635505100605,-0.005046129608109693,-0.044931836269010594,1.0,1.0,
2026-05-01,cv_2,ols_market,market,log_return,-0.23421503425033136,-0.17272782694796482,0.04045545390460289,-0.005046129608109693,-0.06819526962844112,2.0,1.0,
2026-05-04,cv_2,ols_market,market,log_return,0.02432192927494359,-0.17272782694796482,-0.004201073990843096,-0.005046129608109693,-0.06216204327839081,5.0,,3.0
2026-05-05,cv_2,ols_market,market,log_return,-0.43096536437574473,-0.17272782694796482,0.07443971087846024,-0.005046129608109693,-0.0656246239618239,1.0,1.0,
2026-05-06,cv_2,ols_market,market,log_return,2.5254108708152208,-0.17272782694796482,-0.4362087318666806,-0.005046129608109693,-0.07646285963823213,1.0,,1.0
2026-05-07,cv_2,ols_market,market,log_return,0.8006558246666975,-0.17272782694796482,-0.1382955407279094,-0.005046129608109693,-0.08304716149057653,1.0,,1.0
2026-04-02,cv_2,ols_market,market,intraday_return,1.7009794790613106,-0.0003469454666673727,-0.0005901471191545509,-0.005046129608109693,0.06518191233538875,7.0,,3.0
2026-04-06,cv_2,ols_market,market,intraday_return,0.27206852017146776,-0.0003469454666673727,-9.439293969639138e-05,-0.005046129608109693,0.06507161596482465,9.0,,3.0
2026-04-07,cv_2,ols_market,market,intraday_return,0.8310497779661554,-0.0003469454666673727,-0.00028832895304028424,-0.005046129608109693,0.05570009954526849,8.0,,3.0
2026-04-08,cv_2,ols_market,market,intraday_return,-0.5487692937454497,-0.0003469454666673727,0.00019039301871123958,-0.005046129608109693,0.046463214126666215,8.0,6.0,
2026-04-09,cv_2,ols_market,market,intraday_return,0.7219749594282929,-0.0003469454666673727,-0.0002504859392210066,-0.005046129608109693,0.043701628328381446,9.0,,3.0
2026-04-10,cv_2,ols_market,market,intraday_return,1.3472351211628937,-0.0003469454666673727,-0.0004674171178225345,-0.005046129608109693,0.032483492819475455,8.0,,3.0
2026-04-13,cv_2,ols_market,market,intraday_return,1.046032066271006,-0.0003469454666673727,-0.0003629160833814303,-0.005046129608109693,0.029452556884614588,8.0,,3.0
2026-04-14,cv_2,ols_market,market,intraday_return,1.6725395116566,-0.0003469454666673727,-0.0005802800013913187,-0.005046129608109693,0.00860515609426726,7.0,,4.0
2026-04-15,cv_2,ols_market,market,intraday_return,0.7464263918640917,-0.0003469454666673727,-0.0002589692528581305,-0.005046129608109693,0.0007318018260390417,7.0,,4.0
2026-04-16,cv_2,ols_market,market,intraday_return,0.37323744990418795,-0.0003469454666673727,-0.00012949304123474864,-0.005046129608109693,-0.013605936199483021,9.0,,4.0
2026-04-17,cv_2,ols_market,market,intraday_return,0.5933855852001095,-0.0003469454666673727,-0.00020587243877094404,-0.005046129608109693,-0.03240767390065307,9.0,,4.0
2026-04-20,cv_2,ols_market,market,intraday_return,0.6710094458205931,-0.0003469454666673727,-0.0002328036853184408,-0.005046129608109693,-0.03613330225144267,9.0,,4.0
2026-04-21,cv_2,ols_market,market,intraday_return,-0.44581019209088607,-0.0003469454666673727,0.00015467182514004353,-0.005046129608109693,-0.03440067984346817,9.0,6.0,
2026-04-22,cv_2,ols_market,market,intraday_return,0.5212046545847507,-0.0003469454666673727,-0.00018082959211411314,-0.005046129608109693,-0.04686032674312726,9.0,,4.0
2026-04-23,cv_2,ols_market,market,intraday_return,-0.5908949976338169,-0.0003469454666673727,0.0002050083407054807,-0.005046129608109693,-0.03864586777641891,8.0,6.0,
2026-04-24,cv_2,ols_market,market,intraday_return,2.2870330497209292,-0.0003469454666673727,-0.0007934757487191323,-0.005046129608109693,-0.05344964123135093,9.0,,4.0
2026-04-27,cv_2,ols_market,market,intraday_return,1.853423428571544,-0.0003469454666673727,-0.0006430368563579963,-0.005046129608109693,-0.059649903385579454,8.0,,4.0
2026-04-28,cv_2,ols_market,market,intraday_return,1.0426543603859826,-0.0003469454666673727,-0.0003617442036368857,-0.005046129608109693,-0.05372462482885997,8.0,,4.0
2026-04-29,cv_2,ols_market,market,intraday_return,-0.7097372204438045,-0.0003469454666673727,0.0002462401111580797,-0.005046129608109693,-0.058021777018450134,8.0,5.0,
2026-04-30,cv_2,ols_market,market,intraday_return,-2.428065424460558,-0.0003469454666673727,0.0008424062917883806,-0.005046129608109693,-0.044931836269010594,9.0,5.0,
2026-05-01,cv_2,ols_market,market,intraday_return,-0.597705722506635,-0.0003469454666673727,0.00020737129082482365,-0.005046129608109693,-0.06819526962844112,8.0,5.0,
2026-05-04,cv_2,ols_market,market,intraday_return,-0.13364287569940642,-0.0003469454666673727,4.636678987630024e-05,-0.005046129608109693,-0.06216204327839081,9.0,5.0,
2026-05-05,cv_2,ols_market,market,intraday_return,-0.5971435974074266,-0.0003469454666673727,0.00020717626406995335,-0.005046129608109693,-0.0656246239618239,9.0,6.0,
2026-05-06,cv_2,ols_market,market,intraday_return,2.1917830378391057,-0.0003469454666673727,-0.0007604291888967203,-0.005046129608109693,-0.07646285963823213,8.0,,5.0
2026-05-07,cv_2,ols_market,market,intraday_return,0.918231180407081,-0.0003469454666673727,-0.0003185761453948672,-0.005046129608109693,-0.08304716149057653,8.0,,5.0
2026-04-02,cv_2,ols_market,market,daily_range,0.3819742573557967,-0.0004699582471262599,-0.00017951195243428512,-0.005046129608109693,0.06518191233538875,9.0,,5.0
2026-04-06,cv_2,ols_market,market,daily_range,-1.3034981559788512,-0.0004699582471262599,0.0006125897085161331,-0.005046129608109693,0.06507161596482465,8.0,6.0,
2026-04-07,cv_2,ols_market,market,daily_range,-0.26383686006287915,-0.0004699582471262599,0.000123992308282447,-0.005046129608109693,0.05570009954526849,9.0,6.0,
2026-04-08,cv_2,ols_market,market,daily_range,-0.14834189696742128,-0.0004699582471262599,6.971449787419356e-05,-0.005046129608109693,0.046463214126666215,9.0,7.0,
2026-04-09,cv_2,ols_market,market,daily_range,-0.7639483885274285,-0.0004699582471262599,0.00035902384556728127,-0.005046129608109693,0.043701628328381446,8.0,6.0,
2026-04-10,cv_2,ols_market,market,daily_range,0.06913984635440047,-0.0004699582471262599,-3.249284099929298e-05,-0.005046129608109693,0.032483492819475455,9.0,,4.0
2026-04-13,cv_2,ols_market,market,daily_range,-0.6256505906346129,-0.0004699582471262599,0.0002940296548881519,-0.005046129608109693,0.029452556884614588,9.0,6.0,
2026-04-14,cv_2,ols_market,market,daily_range,-0.004510316855378892,-0.0004699582471262599,2.1196606033378888e-06,-0.005046129608109693,0.00860515609426726,9.0,4.0,
2026-04-15,cv_2,ols_market,market,daily_range,-0.4265466190796443,-0.0004699582471262599,0.00020045910142030214,-0.005046129608109693,0.0007318018260390417,8.0,4.0,
2026-04-16,cv_2,ols_market,market,daily_range,-0.6503919861280758,-0.0004699582471262599,0.0003056570777457173,-0.005046129608109693,-0.013605936199483021,7.0,4.0,
2026-04-17,cv_2,ols_market,market,daily_range,-1.2581225141869925,-0.0004699582471262599,0.0005912650514374021,-0.005046129608109693,-0.03240767390065307,7.0,4.0,
2026-04-20,cv_2,ols_market,market,daily_range,-0.5728701742849255,-0.0004699582471262599,0.0002692250629378586,-0.005046129608109693,-0.03613330225144267,8.0,5.0,
2026-04-21,cv_2,ols_market,market,daily_range,-0.7677711151638011,-0.0004699582471262599,0.00036082036747655383,-0.005046129608109693,-0.03440067984346817,8.0,5.0,
2026-04-22,cv_2,ols_market,market,daily_range,-0.8756889831905857,-0.0004699582471262599,0.0004115372595680246,-0.005046129608109693,-0.04686032674312726,7.0,5.0,
2026-04-23,cv_2,ols_market,market,daily_range,0.28038210840594646,-0.0004699582471262599,-0.00013176788419202358,-0.005046129608109693,-0.03864586777641891,9.0,,3.0
2026-04-24,cv_2,ols_market,market,daily_range,1.7690524205696925,-0.0004699582471262599,-0.0008313807746453999,-0.005046129608109693,-0.05344964123135093,8.0,,3.0
2026-04-27,cv_2,ols_market,market,daily_range,1.0486670109374066,-0.0004699582471262599,-0.0004928297102792781,-0.005046129608109693,-0.059649903385579454,9.0,,5.0
2026-04-28,cv_2,ols_market,market,daily_range,0.09945234813998478,-0.0004699582471262599,-4.67384512044578e-05,-0.005046129608109693,-0.05372462482885997,9.0,,5.0
2026-04-29,cv_2,ols_market,market,daily_range,-0.3438841321914773,-0.0004699582471262599,0.0001616111839792417,-0.005046129608109693,-0.058021777018450134,9.0,6.0,
2026-04-30,cv_2,ols_market,market,daily_range,2.1077684909240832,-0.0004699582471262599,-0.0009905631853426443,-0.005046129608109693,-0.044931836269010594,8.0,,4.0
2026-05-01,cv_2,ols_market,market,daily_range,0.02617045067617341,-0.0004699582471262599,-1.22990191262787e-05,-0.005046129608109693,-0.06819526962844112,9.0,,4.0
2026-05-04,cv_2,ols_market,market,daily_range,0.434372877176422,-0.0004699582471262599,-0.00020413711595702148,-0.005046129608109693,-0.06216204327839081,8.0,,4.0
2026-05-05,cv_2,ols_market,market,daily_range,-0.5731855476811587,-0.0004699582471262599,0.0002693732752663426,-0.005046129608109693,-0.0656246239618239,8.0,5.0,
2026-05-06,cv_2,ols_market,market,daily_range,1.2571189346073406,-0.0004699582471262599,-0.0005907934109372972,-0.005046129608109693,-0.07646285963823213,9.0,,6.0
2026-05-07,cv_2,ols_market,market,daily_range,0.521229824723433,-0.0004699582471262599,-0.0002449562547769523,-0.005046129608109693,-0.08304716149057653,9.0,,6.0
2026-04-02,cv_2,ols_market,market,sma_5,-2.464568224065027,-0.0195759076679311,0.048246159995613894,-0.005046129608109693,0.06518191233538875,3.0,2.0,
2026-04-06,cv_2,ols_market,market,sma_5,-2.0917734854656027,-0.0195759076679311,0.040948364613701056,-0.005046129608109693,0.06507161596482465,1.0,1.0,
2026-04-07,cv_2,ols_market,market,sma_5,-1.6154650611789136,-0.0195759076679311,0.03162419487840708,-0.005046129608109693,0.05570009954526849,1.0,1.0,
2026-04-08,cv_2,ols_market,market,sma_5,-1.3325532102090365,-0.0195759076679311,0.02608593860565728,-0.005046129608109693,0.046463214126666215,4.0,3.0,
2026-04-09,cv_2,ols_market,market,sma_5,-1.031959544208155,-0.0195759076679311,0.020201544754459105,-0.005046129608109693,0.043701628328381446,4.0,3.0,
2026-04-10,cv_2,ols_market,market,sma_5,-0.6179064877433776,-0.0195759076679311,0.01209608035147996,-0.005046129608109693,0.032483492819475455,5.0,4.0,
2026-04-13,cv_2,ols_market,market,sma_5,-0.18801360079336651,-0.0195759076679311,0.0036805368894462,-0.005046129608109693,0.029452556884614588,6.0,4.0,
2026-04-14,cv_2,ols_market,market,sma_5,0.4901632891122396,-0.0195759076679311,-0.00959539128987062,-0.005046129608109693,0.00860515609426726,5.0,,2.0
2026-04-15,cv_2,ols_market,market,sma_5,1.1086637019789882,-0.0195759076679311,-0.021703098264727355,-0.005046129608109693,0.0007318018260390417,4.0,,2.0
2026-04-16,cv_2,ols_market,market,sma_5,1.6405964621417286,-0.0195759076679311,-0.0321161648632209,-0.005046129608109693,-0.013605936199483021,1.0,,1.0
2026-04-17,cv_2,ols_market,market,sma_5,2.121324637567716,-0.0195759076679311,-0.041526855238733014,-0.005046129608109693,-0.03240767390065307,3.0,,2.0
2026-04-20,cv_2,ols_market,market,sma_5,2.591002029908555,-0.0195759076679311,-0.05072121650491193,-0.005046129608109693,-0.03613330225144267,1.0,,1.0
2026-04-21,cv_2,ols_market,market,sma_5,2.715144593481113,-0.0195759076679311,-0.05315141986706859,-0.005046129608109693,-0.03440067984346817,3.0,,2.0
2026-04-22,cv_2,ols_market,market,sma_5,2.848864689759073,-0.0195759076679311,-0.05576911212515279,-0.005046129608109693,-0.04686032674312726,3.0,,2.0
2026-04-23,cv_2,ols_market,market,sma_5,2.896384743309511,-0.0195759076679311,-0.05669936030583131,-0.005046129608109693,-0.03864586777641891,3.0,,2.0
2026-04-24,cv_2,ols_market,market,sma_5,3.1391439168173054,-0.0195759076679311,-0.061451591471963156,-0.005046129608109693,-0.05344964123135093,3.0,,2.0
2026-04-27,cv_2,ols_market,market,sma_5,3.6751288181428627,-0.0195759076679311,-0.07194398241171743,-0.005046129608109693,-0.059649903385579454,3.0,,2.0
2026-04-28,cv_2,ols_market,market,sma_5,4.164698182131737,-0.0195759076679311,-0.08152774707821138,-0.005046129608109693,-0.05372462482885997,3.0,,2.0
2026-04-29,cv_2,ols_market,market,sma_5,4.413350919253349,-0.0195759076679311,-0.0863953501014824,-0.005046129608109693,-0.058021777018450134,3.0,,2.0
2026-04-30,cv_2,ols_market,market,sma_5,4.410772590565069,-0.0195759076679311,-0.08634487697714306,-0.005046129608109693,-0.044931836269010594,3.0,,2.0
2026-05-01,cv_2,ols_market,market,sma_5,4.049028635050805,-0.0195759076679311,-0.07926341070456364,-0.005046129608109693,-0.06819526962844112,1.0,,1.0
2026-05-04,cv_2,ols_market,market,sma_5,3.3811656219930684,-0.0195759076679311,-0.06618938602611914,-0.005046129608109693,-0.06216204327839081,1.0,,1.0
2026-05-05,cv_2,ols_market,market,sma_5,2.7670855223603814,-0.0195759076679311,-0.05416821069499572,-0.005046129608109693,-0.0656246239618239,3.0,,2.0
2026-05-06,cv_2,ols_market,market,sma_5,2.7147764214098684,-0.0195759076679311,-0.05314421256459599,-0.005046129608109693,-0.07646285963823213,3.0,,2.0
2026-05-07,cv_2,ols_market,market,sma_5,3.1542468410652655,-0.0195759076679311,-0.06174724492255698,-0.005046129608109693,-0.08304716149057653,3.0,,2.0
2026-04-02,cv_2,ols_market,market,sma_20,-2.6523814011348428,0.0036264872310804754,-0.009618827283170848,-0.005046129608109693,0.06518191233538875,6.0,,2.0
2026-04-06,cv_2,ols_market,market,sma_20,-2.6553049033696485,0.0036264872310804754,-0.009629429326695405,-0.005046129608109693,0.06507161596482465,6.0,,2.0
2026-04-07,cv_2,ols_market,market,sma_20,-2.7292010875175463,0.0036264872310804754,-0.009897412894933328,-0.005046129608109693,0.05570009954526849,6.0,,2.0
2026-04-08,cv_2,ols_market,market,sma_20,-2.7728893180828287,0.0036264872310804754,-0.010055847705226825,-0.005046129608109693,0.046463214126666215,6.0,,2.0
2026-04-09,cv_2,ols_market,market,sma_20,-2.807320080691563,0.0036264872310804754,-0.010180710426183763,-0.005046129608109693,0.043701628328381446,6.0,,2.0
2026-04-10,cv_2,ols_market,market,sma_20,-2.7181571037001193,0.0036264872310804754,-0.00985736202863917,-0.005046129608109693,0.032483492819475455,6.0,,2.0
2026-04-13,cv_2,ols_market,market,sma_20,-2.5710140170738316,0.0036264872310804754,-0.00932374950384717,-0.005046129608109693,0.029452556884614588,5.0,,2.0
2026-04-14,cv_2,ols_market,market,sma_20,-2.3551717256474625,0.0036264872310804754,-0.00854100019006229,-0.005046129608109693,0.00860515609426726,6.0,,3.0
2026-04-15,cv_2,ols_market,market,sma_20,-2.080049769977511,0.0036264872310804754,-0.007543273930835323,-0.005046129608109693,0.0007318018260390417,6.0,,3.0
2026-04-16,cv_2,ols_market,market,sma_20,-1.788524282907504,0.0036264872310804754,-0.006486060474441427,-0.005046129608109693,-0.013605936199483021,6.0,,3.0
2026-04-17,cv_2,ols_market,market,sma_20,-1.4130332938287484,0.0036264872310804754,-0.005124347197161542,-0.005046129608109693,-0.03240767390065307,6.0,,3.0
2026-04-20,cv_2,ols_market,market,sma_20,-0.9361986053846029,0.0036264872310804754,-0.003395112288182611,-0.005046129608109693,-0.03613330225144267,7.0,,3.0
2026-04-21,cv_2,ols_market,market,sma_20,-0.5425175690449403,0.0036264872310804754,-0.0019674330367782963,-0.005046129608109693,-0.03440067984346817,7.0,,3.0
2026-04-22,cv_2,ols_market,market,sma_20,-0.09913922507038679,0.0036264872310804754,-0.000359527133816971,-0.005046129608109693,-0.04686032674312726,8.0,,3.0
2026-04-23,cv_2,ols_market,market,sma_20,0.24127147191270945,0.0036264872310804754,0.0008749679121154324,-0.005046129608109693,-0.03864586777641891,7.0,5.0,
2026-04-24,cv_2,ols_market,market,sma_20,0.8426743180961472,0.0036264872310804754,0.0030559476545351247,-0.005046129608109693,-0.05344964123135093,6.0,4.0,
2026-04-27,cv_2,ols_market,market,sma_20,1.6399431404015845,0.0036264872310804754,0.005947232858364362,-0.005046129608109693,-0.059649903385579454,5.0,3.0,
2026-04-28,cv_2,ols_market,market,sma_20,2.4195093723330974,0.0036264872310804754,0.008774319844245513,-0.005046129608109693,-0.05372462482885997,5.0,3.0,
2026-04-29,cv_2,ols_market,market,sma_20,2.9855070377686777,0.0036264872310804754,0.010826903150769004,-0.005046129608109693,-0.058021777018450134,6.0,3.0,
2026-04-30,cv_2,ols_market,market,sma_20,3.3723668993170497,0.0036264872310804754,0.012229845498891737,-0.005046129608109693,-0.044931836269010594,6.0,3.0,
2026-05-01,cv_2,ols_market,market,sma_20,3.714401543926213,0.0036264872310804754,0.013470229770154015,-0.005046129608109693,-0.06819526962844112,6.0,3.0,
2026-05-04,cv_2,ols_market,market,sma_20,4.052863156813627,0.0036264872310804754,0.014697656487501126,-0.005046129608109693,-0.06216204327839081,4.0,2.0,
2026-05-05,cv_2,ols_market,market,sma_20,4.351696779927084,0.0036264872310804754,0.01578137280593959,-0.005046129608109693,-0.0656246239618239,5.0,2.0,
2026-05-06,cv_2,ols_market,market,sma_20,4.769901581432007,0.0036264872310804754,0.01729798717857374,-0.005046129608109693,-0.07646285963823213,5.0,2.0,
2026-05-07,cv_2,ols_market,market,sma_20,5.217989695684774,0.0036264872310804754,0.018922973003310327,-0.005046129608109693,-0.08304716149057653,5.0,2.0,
2026-04-02,cv_2,ols_market,market,sma_60,-3.5131693048786774,-0.006681479186196743,0.02347316758813216,-0.005046129608109693,0.06518191233538875,4.0,3.0,
2026-04-06,cv_2,ols_market,market,sma_60,-3.828634307400147,-0.006681479186196743,0.025580940436452863,-0.005046129608109693,0.06507161596482465,2.0,2.0,
2026-04-07,cv_2,ols_market,market,sma_60,-4.019508138355853,-0.006681479186196743,0.02685625996517305,-0.005046129608109693,0.05570009954526849,2.0,2.0,
2026-04-08,cv_2,ols_market,market,sma_60,-4.0959677921122015,-0.006681479186196743,0.0273671235503299,-0.005046129608109693,0.046463214126666215,3.0,2.0,
2026-04-09,cv_2,ols_market,market,sma_60,-4.124296347729262,-0.006681479186196743,0.027556400205060304,-0.005046129608109693,0.043701628328381446,3.0,2.0,
2026-04-10,cv_2,ols_market,market,sma_60,-4.046736319571714,-0.006681479186196743,0.02703818449124482,-0.005046129608109693,0.032483492819475455,3.0,2.0,
2026-04-13,cv_2,ols_market,market,sma_60,-3.877039869634978,-0.006681479186196743,0.025904361193021037,-0.005046129608109693,0.029452556884614588,3.0,2.0,
2026-04-14,cv_2,ols_market,market,sma_60,-3.616857139850887,-0.006681479186196743,0.02416595569936078,-0.005046129608109693,0.00860515609426726,3.0,2.0,
2026-04-15,cv_2,ols_market,market,sma_60,-3.269213110648205,-0.006681479186196743,0.02184317935403749,-0.005046129608109693,0.0007318018260390417,3.0,2.0,
2026-04-16,cv_2,ols_market,market,sma_60,-2.7114424754980377,-0.006681479186196743,0.01811644646460991,-0.005046129608109693,-0.013605936199483021,3.0,1.0,
2026-04-17,cv_2,ols_market,market,sma_60,-2.206478900187356,-0.006681479186196743,0.014742542846384099,-0.005046129608109693,-0.03240767390065307,4.0,2.0,
2026-04-20,cv_2,ols_market,market,sma_60,-1.732868860922263,-0.006681479186196743,0.011578127226660559,-0.005046129608109693,-0.03613330225144267,4.0,2.0,
2026-04-21,cv_2,ols_market,market,sma_60,-1.3970511286778957,-0.006681479186196743,0.009334368038314028,-0.005046129608109693,-0.03440067984346817,5.0,3.0,
2026-04-22,cv_2,ols_market,market,sma_60,-0.9561703032947787,-0.006681479186196743,0.006388631979923491,-0.005046129608109693,-0.04686032674312726,5.0,3.0,
2026-04-23,cv_2,ols_market,market,sma_60,-0.650331688269199,-0.006681479186196743,0.0043451776392948414,-0.005046129608109693,-0.03864586777641891,5.0,3.0,
2026-04-24,cv_2,ols_market,market,sma_60,-0.189648320363713,-0.006681479186196743,0.0012671313052073203,-0.005046129608109693,-0.05344964123135093,7.0,5.0,
2026-04-27,cv_2,ols_market,market,sma_60,0.4731858275951434,-0.006681479186196743,-0.0031615812582802306,-0.005046129608109693,-0.059649903385579454,7.0,,3.0
2026-04-28,cv_2,ols_market,market,sma_60,1.0793624446498935,-0.006681479186196743,-0.007211737708290697,-0.005046129608109693,-0.05372462482885997,6.0,,3.0
2026-04-29,cv_2,ols_market,market,sma_60,1.7295448050145317,-0.006681479186196743,-0.011555917616299297,-0.005046129608109693,-0.058021777018450134,5.0,,3.0
2026-04-30,cv_2,ols_market,market,sma_60,2.2584371170170496,-0.006681479186196743,-0.015089700590683595,-0.005046129608109693,-0.044931836269010594,5.0,,3.0
2026-05-01,cv_2,ols_market,market,sma_60,2.925671503570929,-0.006681479186196743,-0.01954781325675809,-0.005046129608109693,-0.06819526962844112,5.0,,3.0
2026-05-04,cv_2,ols_market,market,sma_60,3.657263943487655,-0.006681479186196743,-0.024435932916840587,-0.005046129608109693,-0.06216204327839081,2.0,,2.0
2026-05-05,cv_2,ols_market,market,sma_60,3.9622774875472233,-0.006681479186196743,-0.026473874562982697,-0.005046129608109693,-0.0656246239618239,4.0,,3.0
2026-05-06,cv_2,ols_market,market,sma_60,4.451564714504957,-0.006681479186196743,-0.029743036985972714,-0.005046129608109693,-0.07646285963823213,4.0,,3.0
2026-05-07,cv_2,ols_market,market,sma_60,5.083044906748425,-0.006681479186196743,-0.03396225874694296,-0.005046129608109693,-0.08304716149057653,4.0,,3.0
2026-04-02,cv_2,ols_market,market,rolling_volatility_20,0.04646697087109776,-0.005964938548078452,-0.0002771726257614496,-0.005046129608109693,0.06518191233538875,8.0,,4.0
2026-04-06,cv_2,ols_market,market,rolling_volatility_20,-0.21730434012702546,-0.005964938548078452,0.0012962070350884453,-0.005046129608109693,0.06507161596482465,7.0,5.0,
2026-04-07,cv_2,ols_market,market,rolling_volatility_20,-0.45648171153169737,-0.005964938548078452,0.0027228853576082494,-0.005046129608109693,0.05570009954526849,7.0,5.0,
2026-04-08,cv_2,ols_market,market,rolling_volatility_20,-0.33398125180821325,-0.005964938548078452,0.0019921776432463073,-0.005046129608109693,0.046463214126666215,7.0,5.0,
2026-04-09,cv_2,ols_market,market,rolling_volatility_20,-0.3158082727461658,-0.005964938548078452,0.001883776939905678,-0.005046129608109693,0.043701628328381446,7.0,5.0,
2026-04-10,cv_2,ols_market,market,rolling_volatility_20,-0.20253405855986756,-0.005964938548078452,0.0012081032132025325,-0.005046129608109693,0.032483492819475455,7.0,5.0,
2026-04-13,cv_2,ols_market,market,rolling_volatility_20,-0.30315646579012884,-0.005964938548078452,0.001808309688890766,-0.005046129608109693,0.029452556884614588,7.0,5.0,
2026-04-14,cv_2,ols_market,market,rolling_volatility_20,0.015471343494715498,-0.005964938548078452,-9.228561320219127e-05,-0.005046129608109693,0.00860515609426726,8.0,,5.0
2026-04-15,cv_2,ols_market,market,rolling_volatility_20,-0.004532274059963397,-0.005964938548078452,2.70347362507317e-05,-0.005046129608109693,0.0007318018260390417,9.0,5.0,
2026-04-16,cv_2,ols_market,market,rolling_volatility_20,-0.04074071455206238,-0.005964938548078452,0.00024301585870785763,-0.005046129608109693,-0.013605936199483021,8.0,5.0,
2026-04-17,cv_2,ols_market,market,rolling_volatility_20,-0.07971175615178977,-0.005964938548078452,0.0004754757270048405,-0.005046129608109693,-0.03240767390065307,8.0,5.0,
2026-04-20,cv_2,ols_market,market,rolling_volatility_20,-0.5796126883738523,-0.005964938548078452,0.0034573540678365746,-0.005046129608109693,-0.03613330225144267,6.0,4.0,
2026-04-21,cv_2,ols_market,market,rolling_volatility_20,-0.5012552264390471,-0.005964938548078452,0.002989956622612065,-0.005046129608109693,-0.03440067984346817,6.0,4.0,
2026-04-22,cv_2,ols_market,market,rolling_volatility_20,-0.5195201731392562,-0.005964938548078452,0.003098905907262741,-0.005046129608109693,-0.04686032674312726,6.0,4.0,
2026-04-23,cv_2,ols_market,market,rolling_volatility_20,-0.43629301267773657,-0.005964938548078452,0.0026024610095787114,-0.005046129608109693,-0.03864586777641891,6.0,4.0,
2026-04-24,cv_2,ols_market,market,rolling_volatility_20,-0.8410118016804456,-0.005964938548078452,0.0050165837152326,-0.005046129608109693,-0.05344964123135093,5.0,3.0,
2026-04-27,cv_2,ols_market,market,rolling_volatility_20,-0.9456225687216653,-0.005964938548078452,0.005640580512100826,-0.005046129608109693,-0.059649903385579454,6.0,4.0,
2026-04-28,cv_2,ols_market,market,rolling_volatility_20,-0.9088039307300344,-0.005964938548078452,0.005420959599056801,-0.005046129608109693,-0.05372462482885997,7.0,4.0,
2026-04-29,cv_2,ols_market,market,rolling_volatility_20,-1.3238730419332587,-0.005964938548078452,0.007896821340589576,-0.005046129608109693,-0.058021777018450134,7.0,4.0,
2026-04-30,cv_2,ols_market,market,rolling_volatility_20,-0.3042124907390604,-0.005964938548078452,0.0018146088128163805,-0.005046129608109693,-0.044931836269010594,7.0,4.0,
2026-05-01,cv_2,ols_market,market,rolling_volatility_20,-0.26308936042779096,-0.005964938548078452,0.0015693118676050359,-0.005046129608109693,-0.06819526962844112,7.0,4.0,
2026-05-04,cv_2,ols_market,market,rolling_volatility_20,-0.2591081549575599,-0.005964938548078452,0.0015455642216278338,-0.005046129608109693,-0.06216204327839081,7.0,4.0,
2026-05-05,cv_2,ols_market,market,rolling_volatility_20,-0.18727322430542503,-0.005964938548078452,0.0011170732746823722,-0.005046129608109693,-0.0656246239618239,6.0,3.0,
2026-05-06,cv_2,ols_market,market,rolling_volatility_20,0.51365241012773,-0.005964938548078452,-0.0030639050614842994,-0.005046129608109693,-0.07646285963823213,7.0,,4.0
2026-05-07,cv_2,ols_market,market,rolling_volatility_20,0.5419435077853472,-0.005964938548078452,-0.003232659720469672,-0.005046129608109693,-0.08304716149057653,7.0,,4.0
2026-04-02,cv_2,ols_market,market,rolling_volatility_60,2.5481295814143254,0.0055920493274662425,0.014249266312044817,-0.005046129608109693,0.06518191233538875,5.0,4.0,
2026-04-06,cv_2,ols_market,market,rolling_volatility_60,2.48506371254725,0.0055920493274662425,0.013896598862460613,-0.005046129608109693,0.06507161596482465,4.0,3.0,
2026-04-07,cv_2,ols_market,market,rolling_volatility_60,2.237617687603559,0.0055920493274662425,0.012512868485090051,-0.005046129608109693,0.05570009954526849,5.0,4.0,
2026-04-08,cv_2,ols_market,market,rolling_volatility_60,2.529717059088456,0.0055920493274662425,0.014146302578955482,-0.005046129608109693,0.046463214126666215,5.0,4.0,
2026-04-09,cv_2,ols_market,market,rolling_volatility_60,2.5864888451677097,0.0055920493274662425,0.01446377320711903,-0.005046129608109693,0.043701628328381446,5.0,4.0,
2026-04-10,cv_2,ols_market,market,rolling_volatility_60,2.941326043770062,0.0055920493274662425,0.016448040324923318,-0.005046129608109693,0.032483492819475455,4.0,3.0,
2026-04-13,cv_2,ols_market,market,rolling_volatility_60,2.8173728243254996,0.0055920493274662425,0.01575488780749108,-0.005046129608109693,0.029452556884614588,4.0,3.0,
2026-04-14,cv_2,ols_market,market,rolling_volatility_60,3.35969841571506,0.0055920493274662425,0.018787599266088802,-0.005046129608109693,0.00860515609426726,4.0,3.0,
2026-04-15,cv_2,ols_market,market,rolling_volatility_60,3.4070224597136747,0.0055920493274662425,0.01905223765450424,-0.005046129608109693,0.0007318018260390417,5.0,3.0,
2026-04-16,cv_2,ols_market,market,rolling_volatility_60,2.2359932369452675,0.0055920493274662425,0.01250378447687885,-0.005046129608109693,-0.013605936199483021,5.0,3.0,
2026-04-17,cv_2,ols_market,market,rolling_volatility_60,1.923488784727624,0.0055920493274662425,0.010756244165024971,-0.005046129608109693,-0.03240767390065307,5.0,3.0,
2026-04-20,cv_2,ols_market,market,rolling_volatility_60,1.8988912815762087,0.0055920493274662425,0.01061869371406975,-0.005046129608109693,-0.03613330225144267,5.0,3.0,
2026-04-21,cv_2,ols_market,market,rolling_volatility_60,1.8765910089854505,0.0055920493274662425,0.010493989489726286,-0.005046129608109693,-0.03440067984346817,4.0,2.0,
2026-04-22,cv_2,ols_market,market,rolling_volatility_60,1.9194723159344713,0.0055920493274662425,0.010733783873411432,-0.005046129608109693,-0.04686032674312726,4.0,2.0,
2026-04-23,cv_2,ols_market,market,rolling_volatility_60,2.0071357089960835,0.0055920493274662425,0.011224001891625028,-0.005046129608109693,-0.03864586777641891,4.0,2.0,
2026-04-24,cv_2,ols_market,market,rolling_volatility_60,2.8913686388679785,0.0055920493274662425,0.016168676052438664,-0.005046129608109693,-0.05344964123135093,4.0,2.0,
2026-04-27,cv_2,ols_market,market,rolling_volatility_60,3.7016401016257503,0.0055920493274662425,0.02069975404081835,-0.005046129608109693,-0.059649903385579454,4.0,2.0,
2026-04-28,cv_2,ols_market,market,rolling_volatility_60,3.8344222928681866,0.0055920493274662425,0.02144227860405511,-0.005046129608109693,-0.05372462482885997,4.0,2.0,
2026-04-29,cv_2,ols_market,market,rolling_volatility_60,3.5324257352819384,0.0055920493274662425,0.01975349895730781,-0.005046129608109693,-0.058021777018450134,4.0,2.0,
2026-04-30,cv_2,ols_market,market,rolling_volatility_60,4.313250905550169,0.0055920493274662425,0.024119911825574984,-0.005046129608109693,-0.044931836269010594,4.0,2.0,
2026-05-01,cv_2,ols_market,market,rolling_volatility_60,3.6173396906762147,0.0055920493274662425,0.020228341984462873,-0.005046129608109693,-0.06819526962844112,4.0,2.0,
2026-05-04,cv_2,ols_market,market,rolling_volatility_60,3.480433962024597,0.0055920493274662425,0.019462758396630316,-0.005046129608109693,-0.06216204327839081,3.0,1.0,
2026-05-05,cv_2,ols_market,market,rolling_volatility_60,0.11131954165084296,0.0055920493274662425,0.0006225043680224467,-0.005046129608109693,-0.0656246239618239,7.0,4.0,
2026-05-06,cv_2,ols_market,market,rolling_volatility_60,1.6752073258757285,0.0055920493274662425,0.00936784200002989,-0.005046129608109693,-0.07646285963823213,6.0,3.0,
2026-05-07,cv_2,ols_market,market,rolling_volatility_60,1.7627373616905162,0.0055920493274662425,0.00985731427794107,-0.005046129608109693,-0.08304716149057653,6.0,3.0,
2026-04-02,cv_2,ridge_market,market,simple_return,0.4236741794908225,-0.0016754905768750915,-0.0007098620954021592,-0.00504612960810966,0.06614173784557044,6.0,,3.0
2026-04-06,cv_2,ridge_market,market,simple_return,0.06940187581981541,-0.0016754905768750915,-0.00011628218895355599,-0.00504612960810966,0.06329132481466407,8.0,,4.0
2026-04-07,cv_2,ridge_market,market,simple_return,0.12218068208362062,-0.0016754905768750915,-0.00020471258150727767,-0.00504612960810966,0.055762628660805516,9.0,,5.0
2026-04-08,cv_2,ridge_market,market,simple_return,1.005721786237615,-0.0016754905768750915,-0.0016850773757991092,-0.00504612960810966,0.045289065903182685,7.0,,3.0
2026-04-09,cv_2,ridge_market,market,simple_return,0.4558321080636902,-0.0016754905768750915,-0.0007637424016978213,-0.00504612960810966,0.04305114054474542,8.0,,4.0
2026-04-10,cv_2,ridge_market,market,simple_return,1.1540902586781614,-0.0016754905768750915,-0.0019336673532785963,-0.00504612960810966,0.03156618923966771,6.0,,3.0
2026-04-13,cv_2,ridge_market,market,simple_return,0.16758689428126336,-0.0016754905768750915,-0.0002807902621760189,-0.00504612960810966,0.02957517932106515,9.0,,5.0
2026-04-14,cv_2,ridge_market,market,simple_return,1.7071851123132666,-0.0016754905768750915,-0.002860372568662323,-0.00504612960810966,0.005448823824357959,6.0,,4.0
2026-04-15,cv_2,ridge_market,market,simple_return,0.5434389800501959,-0.0016754905768750915,-0.000910526890180714,-0.00504612960810966,0.00140497529329673,6.0,,4.0
2026-04-16,cv_2,ridge_market,market,simple_return,-0.11055105605440911,-0.0016754905768750915,0.0001852272526827525,-0.00504612960810966,-0.012372325984671112,8.0,5.0,
2026-04-17,cv_2,ridge_market,market,simple_return,0.7571472286629312,-0.0016754905768750915,-0.0012685930469318314,-0.00504612960810966,-0.03263389429311944,7.0,,5.0
2026-04-20,cv_2,ridge_market,market,simple_return,0.09063793758774248,-0.0016754905768750915,-0.00015186301033565518,-0.00504612960810966,-0.03478011551172992,9.0,,6.0
2026-04-21,cv_2,ridge_market,market,simple_return,-0.476093153368309,-0.0016754905768750915,0.0007976895921833494,-0.00504612960810966,-0.0340944162978894,8.0,5.0,
2026-04-22,cv_2,ridge_market,market,simple_return,0.5925529835783127,-0.0016754905768750915,-0.0009928169402846838,-0.00504612960810966,-0.04666994361319127,7.0,,4.0
2026-04-23,cv_2,ridge_market,market,simple_return,-0.6252155600943626,-0.0016754905768750915,0.0010475427794537872,-0.00504612960810966,-0.037262758198225124,6.0,5.0,
2026-04-24,cv_2,ridge_market,market,simple_return,1.939502352843249,-0.0016754905768750915,-0.003249617916015932,-0.00504612960810966,-0.055476562304503485,5.0,,3.0
2026-04-27,cv_2,ridge_market,market,simple_return,1.79712997502476,-0.0016754905768750915,-0.003011074338573754,-0.00504612960810966,-0.06243074541867122,6.0,,3.0
2026-04-28,cv_2,ridge_market,market,simple_return,-0.7038157048313076,-0.0016754905768750915,0.0011792365813015568,-0.00504612960810966,-0.0542170602750727,7.0,5.0,
2026-04-29,cv_2,ridge_market,market,simple_return,-0.8159713014688887,-0.0016754905768750915,0.0013671522266116276,-0.00504612960810966,-0.059982913559094395,7.0,5.0,
2026-04-30,cv_2,ridge_market,market,simple_return,-2.062362458066607,-0.0016754905768750915,0.0034554688645915513,-0.00504612960810966,-0.04992479231467545,6.0,4.0,
2026-05-01,cv_2,ridge_market,market,simple_return,-0.2445930877386906,-0.0016754905768750915,0.0004098134136749586,-0.00504612960810966,-0.06768140753999846,7.0,5.0,
2026-05-04,cv_2,ridge_market,market,simple_return,0.013137721908380806,-0.0016754905768750915,-2.2012129259097483e-05,-0.00504612960810966,-0.06103605244902527,9.0,,4.0
2026-05-05,cv_2,ridge_market,market,simple_return,-0.4397342976610171,-0.0016754905768750915,0.0007367706720598208,-0.00504612960810966,-0.06598229084628204,6.0,4.0,
2026-05-06,cv_2,ridge_market,market,simple_return,2.584857917563437,-0.0016754905768750915,-0.004330905083438511,-0.00504612960810966,-0.08439367198425028,6.0,,4.0
2026-05-07,cv_2,ridge_market,market,simple_return,0.7960628661039982,-0.0016754905768750915,-0.0013337958307574266,-0.00504612960810966,-0.08192079636747097,7.0,,5.0
2026-04-02,cv_2,ridge_market,market,log_return,0.4330816957033531,-0.006198555317581062,-0.0026844808478490426,-0.00504612960810966,0.06614173784557044,5.0,,2.0
2026-04-06,cv_2,ridge_market,market,log_return,0.08056393109921677,-0.006198555317581062,-0.0004993799835202844,-0.00504612960810966,0.06329132481466407,7.0,,3.0
2026-04-07,cv_2,ridge_market,market,log_return,0.1332577629771665,-0.006198555317581062,-0.000826005615311072,-0.00504612960810966,0.055762628660805516,6.0,,2.0
2026-04-08,cv_2,ridge_market,market,log_return,1.0062829405576976,-0.006198555317581062,-0.006237500472185025,-0.00504612960810966,0.045289065903182685,5.0,,2.0
2026-04-09,cv_2,ridge_market,market,log_return,0.4649432714313037,-0.006198555317581062,-0.0028819765875040424,-0.00504612960810966,0.04305114054474542,5.0,,2.0
2026-04-10,cv_2,ridge_market,market,log_return,1.1512292663237764,-0.006198555317581062,-0.007135958290526189,-0.00504612960810966,0.03156618923966771,5.0,,2.0
2026-04-13,cv_2,ridge_market,market,log_return,0.17854125684422625,-0.006198555317581062,-0.0011066978570193847,-0.00504612960810966,0.02957517932106515,6.0,,2.0
2026-04-14,cv_2,ridge_market,market,log_return,1.6874658057824568,-0.006198555317581062,-0.010459850143669059,-0.00504612960810966,0.005448823824357959,3.0,,1.0
2026-04-15,cv_2,ridge_market,market,log_return,0.5516278593082394,-0.006198555317581062,-0.003419295800640945,-0.00504612960810966,0.00140497529329673,5.0,,3.0
2026-04-16,cv_2,ridge_market,market,log_return,-0.09956728658140808,-0.006198555317581062,0.0006171733336963046,-0.00504612960810966,-0.012372325984671112,6.0,3.0,
2026-04-17,cv_2,ridge_market,market,log_return,0.7623843307362645,-0.006198555317581062,-0.004725681447325752,-0.00504612960810966,-0.03263389429311944,4.0,,2.0
2026-04-20,cv_2,ridge_market,market,log_return,0.10177326559835186,-0.006198555317581062,-0.0006308472166622536,-0.00504612960810966,-0.03478011551172992,7.0,,4.0
2026-04-21,cv_2,ridge_market,market,log_return,-0.46771985669816857,-0.006198555317581062,0.002899187404874685,-0.00504612960810966,-0.0340944162978894,4.0,3.0,
2026-04-22,cv_2,ridge_market,market,log_return,0.6001514367750619,-0.006198555317581062,-0.0037200718797759744,-0.00504612960810966,-0.04666994361319127,4.0,,2.0
2026-04-23,cv_2,ridge_market,market,log_return,-0.6187816277891741,-0.006198555317581062,0.0038355521493540507,-0.00504612960810966,-0.037262758198225124,4.0,3.0,
2026-04-24,cv_2,ridge_market,market,log_return,1.9107991165296299,-0.006198555317581062,-0.011844194024593932,-0.00504612960810966,-0.055476562304503485,3.0,,2.0
2026-04-27,cv_2,ridge_market,market,log_return,1.7740647314357834,-0.006198555317581062,-0.010996638374774293,-0.00504612960810966,-0.06243074541867122,3.0,,2.0
2026-04-28,cv_2,ridge_market,market,log_return,-0.6986097433669739,-0.006198555317581062,0.004330371139661297,-0.00504612960810966,-0.0542170602750727,6.0,4.0,
2026-04-29,cv_2,ridge_market,market,log_return,-0.8127647582658282,-0.006198555317581062,0.005037967314291136,-0.00504612960810966,-0.059982913559094395,6.0,4.0,
2026-04-30,cv_2,ridge_market,market,log_return,-2.101377418245131,-0.006198555317581062,0.013025504170108119,-0.00504612960810966,-0.04992479231467545,4.0,2.0,
2026-05-01,cv_2,ridge_market,market,log_return,-0.23421503425033136,-0.006198555317581062,0.001451794846009822,-0.00504612960810966,-0.06768140753999846,5.0,3.0,
2026-05-04,cv_2,ridge_market,market,log_return,0.02432192927494359,-0.006198555317581062,-0.0001507608240410321,-0.00504612960810966,-0.06103605244902527,7.0,,3.0
2026-05-05,cv_2,ridge_market,market,log_return,-0.43096536437574473,-0.006198555317581062,0.0026713626510445326,-0.00504612960810966,-0.06598229084628204,4.0,2.0,
2026-05-06,cv_2,ridge_market,market,log_return,2.5254108708152208,-0.006198555317581062,-0.015653898982368707,-0.00504612960810966,-0.08439367198425028,3.0,,3.0
2026-05-07,cv_2,ridge_market,market,log_return,0.8006558246666975,-0.006198555317581062,-0.004962909419540008,-0.00504612960810966,-0.08192079636747097,5.0,,3.0
2026-04-02,cv_2,ridge_market,market,intraday_return,1.7009794790613106,-0.00029572522511732836,-0.000503022539365362,-0.00504612960810966,0.06614173784557044,7.0,,4.0
2026-04-06,cv_2,ridge_market,market,intraday_return,0.27206852017146776,-0.00029572522511732836,-8.04575243750457e-05,-0.00504612960810966,0.06329132481466407,9.0,,5.0
2026-04-07,cv_2,ridge_market,market,intraday_return,0.8310497779661554,-0.00029572522511732836,-0.00024576238267274707,-0.00504612960810966,0.055762628660805516,8.0,,4.0
2026-04-08,cv_2,ridge_market,market,intraday_return,-0.5487692937454497,-0.00029572522511732836,0.0001622849229303504,-0.00504612960810966,0.045289065903182685,9.0,5.0,
2026-04-09,cv_2,ridge_market,market,intraday_return,0.7219749594282929,-0.00029572522511732836,-0.00021350620740600594,-0.00504612960810966,0.04305114054474542,9.0,,5.0
2026-04-10,cv_2,ridge_market,market,intraday_return,1.3472351211628937,-0.00029572522511732836,-0.00039841140949186787,-0.00504612960810966,0.03156618923966771,8.0,,4.0
2026-04-13,cv_2,ridge_market,market,intraday_return,1.046032066271006,-0.00029572522511732836,-0.00030933806827793743,-0.00504612960810966,0.02957517932106515,8.0,,4.0
2026-04-14,cv_2,ridge_market,market,intraday_return,1.6725395116566,-0.00029572522511732836,-0.0004946121236022744,-0.00504612960810966,0.005448823824357959,7.0,,5.0
2026-04-15,cv_2,ridge_market,market,intraday_return,0.7464263918640917,-0.00029572522511732836,-0.00022073711276752366,-0.00504612960810966,0.00140497529329673,8.0,,6.0
2026-04-16,cv_2,ridge_market,market,intraday_return,0.37323744990418795,-0.00029572522511732836,-0.00011037572889513355,-0.00504612960810966,-0.012372325984671112,9.0,,4.0
2026-04-17,cv_2,ridge_market,market,intraday_return,0.5933855852001095,-0.00029572522511732836,-0.00017547908576468003,-0.00504612960810966,-0.03263389429311944,9.0,,6.0
2026-04-20,cv_2,ridge_market,market,intraday_return,0.6710094458205931,-0.00029572522511732836,-0.00019843441942114863,-0.00504612960810966,-0.03478011551172992,8.0,,5.0
2026-04-21,cv_2,ridge_market,market,intraday_return,-0.44581019209088607,-0.00029572522511732836,0.00013183731941567668,-0.00504612960810966,-0.0340944162978894,9.0,6.0,
2026-04-22,cv_2,ridge_market,market,intraday_return,0.5212046545847507,-0.00029572522511732836,-0.0001541333638092748,-0.00504612960810966,-0.04666994361319127,9.0,,6.0
2026-04-23,cv_2,ridge_market,market,intraday_return,-0.5908949976338169,-0.00029572522511732836,0.00017474255619596372,-0.00504612960810966,-0.037262758198225124,9.0,8.0,
2026-04-24,cv_2,ridge_market,market,intraday_return,2.2870330497209292,-0.00029572522511732836,-0.0006763333634794918,-0.00504612960810966,-0.055476562304503485,9.0,,4.0
2026-04-27,cv_2,ridge_market,market,intraday_return,1.853423428571544,-0.00029572522511732836,-0.0005481040606520504,-0.00504612960810966,-0.06243074541867122,9.0,,5.0
2026-04-28,cv_2,ridge_market,market,intraday_return,1.0426543603859826,-0.00029572522511732836,-0.00030833919544470873,-0.00504612960810966,-0.0542170602750727,8.0,,3.0
2026-04-29,cv_2,ridge_market,market,intraday_return,-0.7097372204438045,-0.00029572522511732836,0.00020988719928989098,-0.00504612960810966,-0.059982913559094395,9.0,6.0,
2026-04-30,cv_2,ridge_market,market,intraday_return,-2.428065424460558,-0.00029572522511732836,0.0007180401942482,-0.00504612960810966,-0.04992479231467545,9.0,7.0,
2026-05-01,cv_2,ridge_market,market,intraday_return,-0.597705722506635,-0.00029572522511732836,0.00017675665934219003,-0.00504612960810966,-0.06768140753999846,8.0,6.0,
2026-05-04,cv_2,ridge_market,market,intraday_return,-0.13364287569940642,-0.00029572522511732836,3.9521569501534096e-05,-0.00504612960810966,-0.06103605244902527,8.0,5.0,
2026-05-05,cv_2,ridge_market,market,intraday_return,-0.5971435974074266,-0.00029572522511732836,0.00017659042477068254,-0.00504612960810966,-0.06598229084628204,9.0,6.0,
2026-05-06,cv_2,ridge_market,market,intraday_return,2.1917830378391057,-0.00029572522511732836,-0.0006481655322733114,-0.00504612960810966,-0.08439367198425028,9.0,,6.0
2026-05-07,cv_2,ridge_market,market,intraday_return,0.918231180407081,-0.00029572522511732836,-0.0002715441225356342,-0.00504612960810966,-0.08192079636747097,9.0,,6.0
2026-04-02,cv_2,ridge_market,market,daily_range,0.3819742573557967,0.001149945715119789,0.00043924966053236194,-0.00504612960810966,0.06614173784557044,8.0,4.0,
2026-04-06,cv_2,ridge_market,market,daily_range,-1.3034981559788512,0.001149945715119789,-0.0014989521191344263,-0.00504612960810966,0.06329132481466407,5.0,,2.0
2026-04-07,cv_2,ridge_market,market,daily_range,-0.26383686006287915,0.001149945715119789,-0.00030339806671996725,-0.00504612960810966,0.055762628660805516,7.0,,3.0
2026-04-08,cv_2,ridge_market,market,daily_range,-0.14834189696742128,0.001149945715119789,-0.00017058512879042733,-0.00504612960810966,0.045289065903182685,8.0,,4.0
2026-04-09,cv_2,ridge_market,market,daily_range,-0.7639483885274285,0.001149945715119789,-0.0008784991759597842,-0.00504612960810966,0.04305114054474542,7.0,,3.0
2026-04-10,cv_2,ridge_market,market,daily_range,0.06913984635440047,0.001149945715119789,7.950707005928339e-05,-0.00504612960810966,0.03156618923966771,9.0,5.0,
2026-04-13,cv_2,ridge_market,market,daily_range,-0.6256505906346129,0.001149945715119789,-0.0007194642158624383,-0.00504612960810966,0.02957517932106515,7.0,,3.0
2026-04-14,cv_2,ridge_market,market,daily_range,-0.004510316855378892,0.001149945715119789,-5.186619541675518e-06,-0.00504612960810966,0.005448823824357959,9.0,,7.0
2026-04-15,cv_2,ridge_market,market,daily_range,-0.4265466190796443,0.001149945715119789,-0.0004905054569094698,-0.00504612960810966,0.00140497529329673,7.0,,5.0
2026-04-16,cv_2,ridge_market,market,daily_range,-0.6503919861280758,0.001149945715119789,-0.00074791547759623,-0.00504612960810966,-0.012372325984671112,5.0,,3.0
2026-04-17,cv_2,ridge_market,market,daily_range,-1.2581225141869925,0.001149945715119789,-0.001446772594285068,-0.00504612960810966,-0.03263389429311944,6.0,,4.0
2026-04-20,cv_2,ridge_market,market,daily_range,-0.5728701742849255,0.001149945715119789,-0.0006587696022388767,-0.00504612960810966,-0.03478011551172992,6.0,,3.0
2026-04-21,cv_2,ridge_market,market,daily_range,-0.7677711151638011,0.001149945715119789,-0.0008828951040753552,-0.00504612960810966,-0.0340944162978894,7.0,,3.0
2026-04-22,cv_2,ridge_market,market,daily_range,-0.8756889831905857,0.001149945715119789,-0.001006994793997619,-0.00504612960810966,-0.04666994361319127,6.0,,3.0
2026-04-23,cv_2,ridge_market,market,daily_range,0.28038210840594646,0.001149945715119789,0.0003224242041576703,-0.00504612960810966,-0.037262758198225124,8.0,7.0,
2026-04-24,cv_2,ridge_market,market,daily_range,1.7690524205696925,0.001149945715119789,0.0020343142508564087,-0.00504612960810966,-0.055476562304503485,7.0,4.0,
2026-04-27,cv_2,ridge_market,market,daily_range,1.0486670109374066,0.001149945715119789,0.0012059101358149475,-0.00504612960810966,-0.06243074541867122,8.0,4.0,
2026-04-28,cv_2,ridge_market,market,daily_range,0.09945234813998478,0.001149945715119789,0.00011436480160217702,-0.00504612960810966,-0.0542170602750727,9.0,6.0,
2026-04-29,cv_2,ridge_market,market,daily_range,-0.3438841321914773,0.001149945715119789,-0.0003954480843112764,-0.00504612960810966,-0.059982913559094395,8.0,,3.0
2026-04-30,cv_2,ridge_market,market,daily_range,2.1077684909240832,0.001149945715119789,0.0024238193446026535,-0.00504612960810966,-0.04992479231467545,7.0,5.0,
2026-05-01,cv_2,ridge_market,market,daily_range,0.02617045067617341,0.001149945715119789,3.0094597617819398e-05,-0.00504612960810966,-0.06768140753999846,9.0,7.0,
2026-05-04,cv_2,ridge_market,market,daily_range,0.434372877176422,0.001149945715119789,0.0004995052288732808,-0.00504612960810966,-0.06103605244902527,6.0,4.0,
2026-05-05,cv_2,ridge_market,market,daily_range,-0.5731855476811587,0.001149945715119789,-0.000659132264524538,-0.00504612960810966,-0.06598229084628204,7.0,,3.0
2026-05-06,cv_2,ridge_market,market,daily_range,1.2571189346073406,0.001149945715119789,0.0014456185322476655,-0.00504612960810966,-0.08439367198425028,8.0,3.0,
2026-05-07,cv_2,ridge_market,market,daily_range,0.521229824723433,0.001149945715119789,0.0005993860035333505,-0.00504612960810966,-0.08192079636747097,8.0,3.0,
2026-04-02,cv_2,ridge_market,market,sma_5,-2.464568224065027,-0.019023344554454383,0.04688433050434874,-0.00504612960810966,0.06614173784557044,1.0,1.0,
2026-04-06,cv_2,ridge_market,market,sma_5,-2.0917734854656027,-0.019023344554454383,0.039792527743884136,-0.00504612960810966,0.06329132481466407,1.0,1.0,
2026-04-07,cv_2,ridge_market,market,sma_5,-1.6154650611789136,-0.019023344554454383,0.030731548474489202,-0.00504612960810966,0.055762628660805516,1.0,1.0,
2026-04-08,cv_2,ridge_market,market,sma_5,-1.3325532102090365,-0.019023344554454383,0.02534961885495078,-0.00504612960810966,0.045289065903182685,2.0,2.0,
2026-04-09,cv_2,ridge_market,market,sma_5,-1.031959544208155,-0.019023344554454383,0.019631321975729435,-0.00504612960810966,0.04305114054474542,2.0,2.0,
2026-04-10,cv_2,ridge_market,market,sma_5,-0.6179064877433776,-0.019023344554454383,0.011754648018775017,-0.00504612960810966,0.03156618923966771,3.0,3.0,
2026-04-13,cv_2,ridge_market,market,sma_5,-0.18801360079336651,-0.019023344554454383,0.003576647508815849,-0.00504612960810966,0.02957517932106515,4.0,3.0,
2026-04-14,cv_2,ridge_market,market,sma_5,0.4901632891122396,-0.019023344554454383,-0.009324545136726772,-0.00504612960810966,0.005448823824357959,4.0,,2.0
2026-04-15,cv_2,ridge_market,market,sma_5,1.1086637019789882,-0.019023344554454383,-0.021090491597763224,-0.00504612960810966,0.00140497529329673,1.0,,1.0
2026-04-16,cv_2,ridge_market,market,sma_5,1.6405964621417286,-0.019023344554454383,-0.03120963177414098,-0.00504612960810966,-0.012372325984671112,1.0,,1.0
2026-04-17,cv_2,ridge_market,market,sma_5,2.121324637567716,-0.019023344554454383,-0.040354689492303725,-0.00504612960810966,-0.03263389429311944,1.0,,1.0
2026-04-20,cv_2,ridge_market,market,sma_5,2.591002029908555,-0.019023344554454383,-0.04928952435624116,-0.00504612960810966,-0.03478011551172992,1.0,,1.0
2026-04-21,cv_2,ridge_market,market,sma_5,2.715144593481113,-0.019023344554454383,-0.05165113111695519,-0.00504612960810966,-0.0340944162978894,1.0,,1.0
2026-04-22,cv_2,ridge_market,market,sma_5,2.848864689759073,-0.019023344554454383,-0.054194934582305634,-0.00504612960810966,-0.04666994361319127,1.0,,1.0
2026-04-23,cv_2,ridge_market,market,sma_5,2.896384743309511,-0.019023344554454383,-0.05509892493424175,-0.00504612960810966,-0.037262758198225124,1.0,,1.0
2026-04-24,cv_2,ridge_market,market,sma_5,3.1391439168173054,-0.019023344554454383,-0.05971701633563509,-0.00504612960810966,-0.055476562304503485,1.0,,1.0
2026-04-27,cv_2,ridge_market,market,sma_5,3.6751288181428627,-0.019023344554454383,-0.0699132417895364,-0.00504612960810966,-0.06243074541867122,1.0,,1.0
2026-04-28,cv_2,ridge_market,market,sma_5,4.164698182131737,-0.019023344554454383,-0.07922648848400184,-0.00504612960810966,-0.0542170602750727,1.0,,1.0
2026-04-29,cv_2,ridge_market,market,sma_5,4.413350919253349,-0.019023344554454383,-0.08395669517667445,-0.00504612960810966,-0.059982913559094395,1.0,,1.0
2026-04-30,cv_2,ridge_market,market,sma_5,4.410772590565069,-0.019023344554454383,-0.08390764674166266,-0.00504612960810966,-0.04992479231467545,1.0,,1.0
2026-05-01,cv_2,ridge_market,market,sma_5,4.049028635050805,-0.019023344554454383,-0.07702606683542358,-0.00504612960810966,-0.06768140753999846,1.0,,1.0
2026-05-04,cv_2,ridge_market,market,sma_5,3.3811656219930684,-0.019023344554454383,-0.0643210786228502,-0.00504612960810966,-0.06103605244902527,1.0,,1.0
2026-05-05,cv_2,ridge_market,market,sma_5,2.7670855223603814,-0.019023344554454383,-0.05263922130350392,-0.00504612960810966,-0.06598229084628204,1.0,,1.0
2026-05-06,cv_2,ridge_market,market,sma_5,2.7147764214098684,-0.019023344554454383,-0.05164412725278858,-0.00504612960810966,-0.08439367198425028,1.0,,1.0
2026-05-07,cv_2,ridge_market,market,sma_5,3.1542468410652655,-0.019023344554454383,-0.06000432446738386,-0.00504612960810966,-0.08192079636747097,1.0,,1.0
2026-04-02,cv_2,ridge_market,market,sma_20,-2.6523814011348428,0.002703046098154238,-0.0071695091971544075,-0.00504612960810966,0.06614173784557044,4.0,,1.0
2026-04-06,cv_2,ridge_market,market,sma_20,-2.6553049033696485,0.002703046098154238,-0.0071774115584631445,-0.00504612960810966,0.06329132481466407,4.0,,1.0
2026-04-07,cv_2,ridge_market,market,sma_20,-2.7292010875175463,0.002703046098154238,-0.007377156350692606,-0.00504612960810966,0.055762628660805516,4.0,,1.0
2026-04-08,cv_2,ridge_market,market,sma_20,-2.7728893180828287,0.002703046098154238,-0.0074952476518573554,-0.00504612960810966,0.045289065903182685,4.0,,1.0
2026-04-09,cv_2,ridge_market,market,sma_20,-2.807320080691563,0.002703046098154238,-0.00758831559038337,-0.00504612960810966,0.04305114054474542,4.0,,1.0
2026-04-10,cv_2,ridge_market,market,sma_20,-2.7181571037001193,0.002703046098154238,-0.007347303953326832,-0.00504612960810966,0.03156618923966771,4.0,,1.0
2026-04-13,cv_2,ridge_market,market,sma_20,-2.5710140170738316,0.002703046098154238,-0.006949569407151274,-0.00504612960810966,0.02957517932106515,3.0,,1.0
2026-04-14,cv_2,ridge_market,market,sma_20,-2.3551717256474625,0.002703046098154238,-0.006366137743494557,-0.00504612960810966,0.005448823824357959,5.0,,3.0
2026-04-15,cv_2,ridge_market,market,sma_20,-2.080049769977511,0.002703046098154238,-0.005622470414704331,-0.00504612960810966,0.00140497529329673,4.0,,2.0
2026-04-16,cv_2,ridge_market,market,sma_20,-1.788524282907504,0.002703046098154238,-0.004834463584367235,-0.00504612960810966,-0.012372325984671112,4.0,,2.0
2026-04-17,cv_2,ridge_market,market,sma_20,-1.4130332938287484,0.002703046098154238,-0.003819494131445829,-0.00504612960810966,-0.03263389429311944,5.0,,3.0
2026-04-20,cv_2,ridge_market,market,sma_20,-0.9361986053846029,0.002703046098154238,-0.00253058798738229,-0.00504612960810966,-0.03478011551172992,5.0,,2.0
2026-04-21,cv_2,ridge_market,market,sma_20,-0.5425175690449403,0.002703046098154238,-0.0014664499981870483,-0.00504612960810966,-0.0340944162978894,6.0,,2.0
2026-04-22,cv_2,ridge_market,market,sma_20,-0.09913922507038679,0.002703046098154238,-0.0002679778955005438,-0.00504612960810966,-0.04666994361319127,8.0,,5.0
2026-04-23,cv_2,ridge_market,market,sma_20,0.24127147191270945,0.002703046098154238,0.0006521679107495791,-0.00504612960810966,-0.037262758198225124,7.0,6.0,
2026-04-24,cv_2,ridge_market,market,sma_20,0.8426743180961472,0.002703046098154238,0.002277787527544574,-0.00504612960810966,-0.055476562304503485,6.0,3.0,
2026-04-27,cv_2,ridge_market,market,sma_20,1.6399431404015845,0.002703046098154238,0.0044328419068573105,-0.00504612960810966,-0.06243074541867122,5.0,3.0,
2026-04-28,cv_2,ridge_market,market,sma_20,2.4195093723330974,0.002703046098154238,0.006540045368332588,-0.00504612960810966,-0.0542170602750727,4.0,2.0,
2026-04-29,cv_2,ridge_market,market,sma_20,2.9855070377686777,0.002703046098154238,0.00806996314945264,-0.00504612960810966,-0.059982913559094395,4.0,2.0,
2026-04-30,cv_2,ridge_market,market,sma_20,3.3723668993170497,0.002703046098154238,0.009115663188743456,-0.00504612960810966,-0.04992479231467545,5.0,3.0,
2026-05-01,cv_2,ridge_market,market,sma_20,3.714401543926213,0.002703046098154238,0.010040198600287827,-0.00504612960810966,-0.06768140753999846,4.0,2.0,
2026-05-04,cv_2,ridge_market,market,sma_20,4.052863156813627,0.002703046098154238,0.010955075942378142,-0.00504612960810966,-0.06103605244902527,4.0,2.0,
2026-05-05,cv_2,ridge_market,market,sma_20,4.351696779927084,0.002703046098154238,0.011762837001332266,-0.00504612960810966,-0.06598229084628204,3.0,1.0,
2026-05-06,cv_2,ridge_market,market,sma_20,4.769901581432007,0.002703046098154238,0.012893263858269517,-0.00504612960810966,-0.08439367198425028,4.0,1.0,
2026-05-07,cv_2,ridge_market,market,sma_20,5.217989695684774,0.002703046098154238,0.014104466687129748,-0.00504612960810966,-0.08192079636747097,3.0,1.0,
2026-04-02,cv_2,ridge_market,market,sma_60,-3.5131693048786774,-0.006193419673940131,0.021758531890718174,-0.00504612960810966,0.06614173784557044,2.0,2.0,
2026-04-06,cv_2,ridge_market,market,sma_60,-3.828634307400147,-0.006193419673940131,0.023712339043774216,-0.00504612960810966,0.06329132481466407,2.0,2.0,
2026-04-07,cv_2,ridge_market,market,sma_60,-4.019508138355853,-0.006193419673940131,0.02489450078365561,-0.00504612960810966,0.055762628660805516,2.0,2.0,
2026-04-08,cv_2,ridge_market,market,sma_60,-4.0959677921122015,-0.006193419673940131,0.025368047507492827,-0.00504612960810966,0.045289065903182685,1.0,1.0,
2026-04-09,cv_2,ridge_market,market,sma_60,-4.124296347729262,-0.006193419673940131,0.025543498141185835,-0.00504612960810966,0.04305114054474542,1.0,1.0,
2026-04-10,cv_2,ridge_market,market,sma_60,-4.046736319571714,-0.006193419673940131,0.02506313633688353,-0.00504612960810966,0.03156618923966771,1.0,1.0,
2026-04-13,cv_2,ridge_market,market,sma_60,-3.877039869634978,-0.006193419673940131,0.024012135005247553,-0.00504612960810966,0.02957517932106515,1.0,1.0,
2026-04-14,cv_2,ridge_market,market,sma_60,-3.616857139850887,-0.006193419673940131,0.022400714167783314,-0.00504612960810966,0.005448823824357959,1.0,1.0,
2026-04-15,cv_2,ridge_market,market,sma_60,-3.269213110648205,-0.006193419673940131,0.020247608797791607,-0.00504612960810966,0.00140497529329673,2.0,1.0,
2026-04-16,cv_2,ridge_market,market,sma_60,-2.7114424754980377,-0.006193419673940131,0.01679310117250648,-0.00504612960810966,-0.012372325984671112,2.0,1.0,
2026-04-17,cv_2,ridge_market,market,sma_60,-2.206478900187356,-0.006193419673940131,0.013665649830554152,-0.00504612960810966,-0.03263389429311944,2.0,1.0,
2026-04-20,cv_2,ridge_market,market,sma_60,-1.732868860922263,-0.006193419673940131,0.010732384095594169,-0.00504612960810966,-0.03478011551172992,2.0,1.0,
2026-04-21,cv_2,ridge_market,market,sma_60,-1.3970511286778957,-0.006193419673940131,0.008652523945853944,-0.00504612960810966,-0.0340944162978894,3.0,2.0,
2026-04-22,cv_2,ridge_market,market,sma_60,-0.9561703032947787,-0.006193419673940131,0.005921963968063184,-0.00504612960810966,-0.04666994361319127,3.0,2.0,
2026-04-23,cv_2,ridge_market,market,sma_60,-0.650331688269199,-0.006193419673940131,0.004027777072713157,-0.00504612960810966,-0.037262758198225124,3.0,2.0,
2026-04-24,cv_2,ridge_market,market,sma_60,-0.189648320363713,-0.006193419673940131,0.0011745716384703208,-0.00504612960810966,-0.055476562304503485,8.0,5.0,
2026-04-27,cv_2,ridge_market,market,sma_60,0.4731858275951434,-0.006193419673940131,-0.002930638414057404,-0.00504612960810966,-0.06243074541867122,7.0,,4.0
2026-04-28,cv_2,ridge_market,market,sma_60,1.0793624446498935,-0.006193419673940131,-0.006684944600006766,-0.00504612960810966,-0.0542170602750727,3.0,,2.0
2026-04-29,cv_2,ridge_market,market,sma_60,1.7295448050145317,-0.006193419673940131,-0.010711796822337947,-0.00504612960810966,-0.059982913559094395,3.0,,2.0
2026-04-30,cv_2,ridge_market,market,sma_60,2.2584371170170496,-0.006193419673940131,-0.013987448872890024,-0.00504612960810966,-0.04992479231467545,3.0,,2.0
2026-05-01,cv_2,ridge_market,market,sma_60,2.925671503570929,-0.006193419673940131,-0.018119911449702195,-0.00504612960810966,-0.06768140753999846,3.0,,2.0
2026-05-04,cv_2,ridge_market,market,sma_60,3.657263943487655,-0.006193419673940131,-0.02265097046038831,-0.00504612960810966,-0.06103605244902527,2.0,,2.0
2026-05-05,cv_2,ridge_market,market,sma_60,3.9622774875472233,-0.006193419673940131,-0.024540047344985043,-0.00504612960810966,-0.06598229084628204,2.0,,2.0
2026-05-06,cv_2,ridge_market,market,sma_60,4.451564714504957,-0.006193419673940131,-0.02757040848263268,-0.00504612960810966,-0.08439367198425028,2.0,,2.0
2026-05-07,cv_2,ridge_market,market,sma_60,5.083044906748425,-0.006193419673940131,-0.03148143032897687,-0.00504612960810966,-0.08192079636747097,2.0,,2.0
2026-04-02,cv_2,ridge_market,market,rolling_volatility_20,0.04646697087109776,-0.005172702999365399,-0.00024035983959635202,-0.00504612960810966,0.06614173784557044,9.0,,5.0
2026-04-06,cv_2,ridge_market,market,rolling_volatility_20,-0.21730434012702546,-0.005172702999365399,0.0011240508119501834,-0.00504612960810966,0.06329132481466407,6.0,4.0,
2026-04-07,cv_2,ridge_market,market,rolling_volatility_20,-0.45648171153169737,-0.005172702999365399,0.0023612443183954617,-0.00504612960810966,0.055762628660805516,5.0,4.0,
2026-04-08,cv_2,ridge_market,market,rolling_volatility_20,-0.33398125180821325,-0.005172702999365399,0.0017275858229601553,-0.00504612960810966,0.045289065903182685,6.0,4.0,
2026-04-09,cv_2,ridge_market,market,rolling_volatility_20,-0.3158082727461658,-0.005172702999365399,0.0016335823996584979,-0.00504612960810966,0.04305114054474542,6.0,4.0,
2026-04-10,cv_2,ridge_market,market,rolling_volatility_20,-0.20253405855986756,-0.005172702999365399,0.0010476485321862742,-0.00504612960810966,0.03156618923966771,7.0,4.0,
2026-04-13,cv_2,ridge_market,market,rolling_volatility_20,-0.30315646579012884,-0.005172702999365399,0.0015681383598696134,-0.00504612960810966,0.02957517932106515,5.0,4.0,
2026-04-14,cv_2,ridge_market,market,rolling_volatility_20,0.015471343494715498,-0.005172702999365399,-8.00286648993272e-05,-0.00504612960810966,0.005448823824357959,8.0,,6.0
2026-04-15,cv_2,ridge_market,market,rolling_volatility_20,-0.004532274059963397,-0.005172702999365399,2.344410762391866e-05,-0.00504612960810966,0.00140497529329673,9.0,3.0,
2026-04-16,cv_2,ridge_market,market,rolling_volatility_20,-0.04074071455206238,-0.005172702999365399,0.00021073961635974264,-0.00504612960810966,-0.012372325984671112,7.0,4.0,
2026-04-17,cv_2,ridge_market,market,rolling_volatility_20,-0.07971175615178977,-0.005172702999365399,0.00041232524013104624,-0.00504612960810966,-0.03263389429311944,8.0,3.0,
2026-04-20,cv_2,ridge_market,market,rolling_volatility_20,-0.5796126883738523,-0.005172702999365399,0.002998164291621668,-0.00504612960810966,-0.03478011551172992,4.0,3.0,
2026-04-21,cv_2,ridge_market,market,rolling_volatility_20,-0.5012552264390471,-0.005172702999365399,0.002592844413248841,-0.00504612960810966,-0.0340944162978894,5.0,4.0,
2026-04-22,cv_2,ridge_market,market,rolling_volatility_20,-0.5195201731392562,-0.005172702999365399,0.002687323557828262,-0.00504612960810966,-0.04666994361319127,5.0,3.0,
2026-04-23,cv_2,ridge_market,market,rolling_volatility_20,-0.43629301267773657,-0.005172702999365399,0.002256814175280294,-0.00504612960810966,-0.037262758198225124,5.0,4.0,
2026-04-24,cv_2,ridge_market,market,rolling_volatility_20,-0.8410118016804456,-0.005172702999365399,0.004350304269054139,-0.00504612960810966,-0.055476562304503485,4.0,2.0,
2026-04-27,cv_2,ridge_market,market,rolling_volatility_20,-0.9456225687216653,-0.005172702999365399,0.004891424697494171,-0.00504612960810966,-0.06243074541867122,4.0,2.0,
2026-04-28,cv_2,ridge_market,market,rolling_volatility_20,-0.9088039307300344,-0.005172702999365399,0.004700972818322313,-0.00504612960810966,-0.0542170602750727,5.0,3.0,
2026-04-29,cv_2,ridge_market,market,rolling_volatility_20,-1.3238730419332587,-0.005172702999365399,0.006848002054787162,-0.00504612960810966,-0.059982913559094395,5.0,3.0,
2026-04-30,cv_2,ridge_market,market,rolling_volatility_20,-0.3042124907390604,-0.005172702999365399,0.0015736008632903566,-0.00504612960810966,-0.04992479231467545,8.0,6.0,
2026-05-01,cv_2,ridge_market,market,rolling_volatility_20,-0.26308936042779096,-0.005172702999365399,0.001360883123785959,-0.00504612960810966,-0.06768140753999846,6.0,4.0,
2026-05-04,cv_2,ridge_market,market,rolling_volatility_20,-0.2591081549575599,-0.005172702999365399,0.0013402895303090048,-0.00504612960810966,-0.06103605244902527,5.0,3.0,
2026-05-05,cv_2,ridge_market,market,rolling_volatility_20,-0.18727322430542503,-0.005172702999365399,0.0009687087690655013,-0.00504612960810966,-0.06598229084628204,5.0,3.0,
2026-05-06,cv_2,ridge_market,market,rolling_volatility_20,0.51365241012773,-0.005172702999365399,-0.002656971362498975,-0.00504612960810966,-0.08439367198425028,7.0,,5.0
2026-05-07,cv_2,ridge_market,market,rolling_volatility_20,0.5419435077853472,-0.005172702999365399,-0.002803312808207871,-0.00504612960810966,-0.08192079636747097,6.0,,4.0
2026-04-02,cv_2,ridge_market,market,rolling_volatility_60,2.5481295814143254,0.005263857071979575,0.013412989917448152,-0.00504612960810966,0.06614173784557044,3.0,3.0,
2026-04-06,cv_2,ridge_market,market,rolling_volatility_60,2.48506371254725,0.005263857071979575,0.01308102019761166,-0.00504612960810966,0.06329132481466407,3.0,3.0,
2026-04-07,cv_2,ridge_market,market,rolling_volatility_60,2.237617687603559,0.005263857071979575,0.011778499689278578,-0.00504612960810966,0.055762628660805516,3.0,3.0,
2026-04-08,cv_2,ridge_market,market,rolling_volatility_60,2.529717059088456,0.005263857071979575,0.013316069031590144,-0.00504612960810966,0.045289065903182685,3.0,3.0,
2026-04-09,cv_2,ridge_market,market,rolling_volatility_60,2.5864888451677097,0.005263857071979575,0.013614907599232333,-0.00504612960810966,0.04305114054474542,3.0,3.0,
2026-04-10,cv_2,ridge_market,market,rolling_volatility_60,2.941326043770062,0.005263857071979575,0.015482719896496746,-0.00504612960810966,0.03156618923966771,2.0,2.0,
2026-04-13,cv_2,ridge_market,market,rolling_volatility_60,2.8173728243254996,0.005263857071979575,0.014830247865728851,-0.00504612960810966,0.02957517932106515,2.0,2.0,
2026-04-14,cv_2,ridge_market,market,rolling_volatility_60,3.35969841571506,0.005263857071979575,0.017684972265280294,-0.00504612960810966,0.005448823824357959,2.0,2.0,
2026-04-15,cv_2,ridge_market,market,rolling_volatility_60,3.4070224597136747,0.005263857071979575,0.017934079268957074,-0.00504612960810966,0.00140497529329673,3.0,2.0,
2026-04-16,cv_2,ridge_market,market,rolling_volatility_60,2.2359932369452675,0.005263857071979575,0.011769948813192849,-0.00504612960810966,-0.012372325984671112,3.0,2.0,
2026-04-17,cv_2,ridge_market,market,rolling_volatility_60,1.923488784727624,0.005263857071979575,0.010124970042361903,-0.00504612960810966,-0.03263389429311944,3.0,2.0,
2026-04-20,cv_2,ridge_market,market,rolling_volatility_60,1.8988912815762087,0.005263857071979575,0.009995492301445285,-0.00504612960810966,-0.03478011551172992,3.0,2.0,
2026-04-21,cv_2,ridge_market,market,rolling_volatility_60,1.8765910089854505,0.005263857071979575,0.00987810685386135,-0.00504612960810966,-0.0340944162978894,2.0,1.0,
2026-04-22,cv_2,ridge_market,market,rolling_volatility_60,1.9194723159344713,0.005263857071979575,0.01010382792470068,-0.00504612960810966,-0.04666994361319127,2.0,1.0,
2026-04-23,cv_2,ridge_market,market,rolling_volatility_60,2.0071357089960835,0.005263857071979575,0.010565275496221773,-0.00504612960810966,-0.037262758198225124,2.0,1.0,
2026-04-24,cv_2,ridge_market,market,rolling_volatility_60,2.8913686388679785,0.005263857071979575,0.015219751257405167,-0.00504612960810966,-0.055476562304503485,2.0,1.0,
2026-04-27,cv_2,ridge_market,market,rolling_volatility_60,3.7016401016257503,0.005263857071979575,0.0194849044268659,-0.00504612960810966,-0.06243074541867122,2.0,1.0,
2026-04-28,cv_2,ridge_market,market,rolling_volatility_60,3.8344222928681866,0.005263857071979575,0.020183850903270344,-0.00504612960810966,-0.0542170602750727,2.0,1.0,
2026-04-29,cv_2,ridge_market,market,rolling_volatility_60,3.5324257352819384,0.005263857071979575,0.018594184187906482,-0.00504612960810966,-0.059982913559094395,2.0,1.0,
2026-04-30,cv_2,ridge_market,market,rolling_volatility_60,4.313250905550169,0.005263857071979575,0.022704336282402565,-0.00504612960810966,-0.04992479231467545,2.0,1.0,
2026-05-01,cv_2,ridge_market,market,rolling_volatility_60,3.6173396906762147,0.005263857071979575,0.019041159112518403,-0.00504612960810966,-0.06768140753999846,2.0,1.0,
2026-05-04,cv_2,ridge_market,market,rolling_volatility_60,3.480433962024597,0.005263857071979575,0.018320506924561067,-0.00504612960810966,-0.06103605244902527,3.0,1.0,
2026-05-05,cv_2,ridge_market,market,rolling_volatility_60,0.11131954165084296,0.005263857071979575,0.0005859701565683146,-0.00504612960810966,-0.06598229084628204,8.0,5.0,
2026-05-06,cv_2,ridge_market,market,rolling_volatility_60,1.6752073258757285,0.005263857071979575,0.008818051929342947,-0.00504612960810966,-0.08439367198425028,5.0,2.0,
2026-05-07,cv_2,ridge_market,market,rolling_volatility_60,1.7627373616905162,0.005263857071979575,0.009278797527377243,-0.00504612960810966,-0.08192079636747097,4.0,2.0,
2026-04-02,cv_2,ols_all,all,simple_return,0.4236741794908225,0.12066340102948143,0.05112196742573761,-0.005046129608109675,0.05758549065297384,3.0,2.0,
2026-04-06,cv_2,ols_all,all,simple_return,0.06940187581981541,0.12066340102948143,0.008374266374244658,-0.005046129608109675,0.05088817192805683,5.0,4.0,
2026-04-07,cv_2,ols_all,all,simple_return,0.12218068208362062,0.12066340102948143,0.014742736640311492,-0.005046129608109675,0.04054141419001232,4.0,3.0,
2026-04-08,cv_2,ols_all,all,simple_return,1.005721786237615,0.12066340102948143,0.12135381121687576,-0.005046129608109675,0.025601751932945484,2.0,1.0,
2026-04-09,cv_2,ols_all,all,simple_return,0.4558321080636902,0.12066340102948143,0.055002252457402964,-0.005046129608109675,0.025054036398641004,2.0,1.0,
2026-04-10,cv_2,ols_all,all,simple_return,1.1540902586781614,0.12066340102948143,0.13925645570710096,-0.005046129608109675,0.011725553214410189,2.0,1.0,
2026-04-13,cv_2,ols_all,all,simple_return,0.16758689428126336,0.12066340102948143,0.02022160463194539,-0.005046129608109675,0.008380387281440409,2.0,1.0,
2026-04-14,cv_2,ols_all,all,simple_return,1.7071851123132666,0.12066340102948143,0.205994761838616,-0.005046129608109675,-0.018554216068060504,2.0,1.0,
2026-04-15,cv_2,ols_all,all,simple_return,0.5434389800501959,0.12066340102948143,0.06557319558484914,-0.005046129608109675,-0.026961597217996465,2.0,1.0,
2026-04-16,cv_2,ols_all,all,simple_return,-0.11055105605440911,0.12066340102948143,-0.013339466410925848,-0.005046129608109675,-0.042266962653137986,2.0,,2.0
2026-04-17,cv_2,ols_all,all,simple_return,0.7571472286629312,0.12066340102948143,0.09135995969051575,-0.005046129608109675,-0.06714983949902716,2.0,1.0,
2026-04-20,cv_2,ols_all,all,simple_return,0.09063793758774248,0.12066340102948143,0.010936681811634881,-0.005046129608109675,-0.0732245700160639,3.0,1.0,
2026-04-21,cv_2,ols_all,all,simple_return,-0.476093153368309,0.12066340102948143,-0.05744701909227068,-0.005046129608109675,-0.07332249580983567,3.0,,2.0
2026-04-22,cv_2,ols_all,all,simple_return,0.5925529835783127,0.12066340102948143,0.07149945828872567,-0.005046129608109675,-0.08961763359046056,2.0,1.0,
2026-04-23,cv_2,ols_all,all,simple_return,-0.6252155600943626,0.12066340102948143,-0.07544063585753792,-0.005046129608109675,-0.07900828582525736,2.0,,1.0
2026-04-24,cv_2,ols_all,all,simple_return,1.939502352843249,0.12066340102948143,0.23402695019874775,-0.005046129608109675,-0.10183115893849083,2.0,1.0,
2026-04-27,cv_2,ols_all,all,simple_return,1.79712997502476,0.12066340102948143,0.21684781487851457,-0.005046129608109675,-0.11447720821864184,2.0,1.0,
2026-04-28,cv_2,ols_all,all,simple_return,-0.7038157048313076,0.12066340102948143,-0.08492479664290721,-0.005046129608109675,-0.10685097550013618,3.0,,2.0
2026-04-29,cv_2,ols_all,all,simple_return,-0.8159713014688887,0.12066340102948143,-0.09845787237768841,-0.005046129608109675,-0.11846412682287329,3.0,,2.0
2026-04-30,cv_2,ols_all,all,simple_return,-2.062362458066607,0.12066340102948143,-0.2488516683458381,-0.005046129608109675,-0.09935158267724357,2.0,,1.0
2026-05-01,cv_2,ols_all,all,simple_return,-0.2445930877386906,0.12066340102948143,-0.029513433834852762,-0.005046129608109675,-0.12423143652449502,3.0,,2.0
2026-05-04,cv_2,ols_all,all,simple_return,0.013137721908380806,0.12066340102948143,0.0015852422072447573,-0.005046129608109675,-0.11507038303971014,6.0,2.0,
2026-05-05,cv_2,ols_all,all,simple_return,-0.4397342976610171,0.12066340102948143,-0.05305983590508867,-0.005046129608109675,-0.11640218060872125,3.0,,2.0
2026-05-06,cv_2,ols_all,all,simple_return,2.584857917563437,0.12066340102948143,0.31189774751118726,-0.005046129608109675,-0.13063715354180902,2.0,1.0,
2026-05-07,cv_2,ols_all,all,simple_return,0.7960628661039982,0.12066340102948143,0.09605565285738513,-0.005046129608109675,-0.13465453198363303,2.0,1.0,
2026-04-02,cv_2,ols_all,all,log_return,0.4330816957033531,-0.13182273123361093,-0.05709001197489959,-0.005046129608109675,0.05758549065297384,2.0,,1.0
2026-04-06,cv_2,ols_all,all,log_return,0.08056393109921677,-0.13182273123361093,-0.0106201574364152,-0.005046129608109675,0.05088817192805683,4.0,,1.0
2026-04-07,cv_2,ols_all,all,log_return,0.1332577629771665,-0.13182273123361093,-0.017566402273731248,-0.005046129608109675,0.04054141419001232,2.0,,1.0
2026-04-08,cv_2,ols_all,all,log_return,1.0062829405576976,-0.13182273123361093,-0.13265096561810505,-0.005046129608109675,0.025601751932945484,1.0,,1.0
2026-04-09,cv_2,ols_all,all,log_return,0.4649432714313037,-0.13182273123361093,-0.06129009190876457,-0.005046129608109675,0.025054036398641004,1.0,,1.0
2026-04-10,cv_2,ols_all,all,log_return,1.1512292663237764,-0.13182273123361093,-0.1517581861628663,-0.005046129608109675,0.011725553214410189,1.0,,1.0
2026-04-13,cv_2,ols_all,all,log_return,0.17854125684422625,-0.13182273123361093,-0.023535796115087538,-0.005046129608109675,0.008380387281440409,1.0,,1.0
2026-04-14,cv_2,ols_all,all,log_return,1.6874658057824568,-0.13182273123361093,-0.2224463513815695,-0.005046129608109675,-0.018554216068060504,1.0,,1.0
2026-04-15,cv_2,ols_all,all,log_return,0.5516278593082394,-0.13182273123361093,-0.07271709103856219,-0.005046129608109675,-0.026961597217996465,1.0,,1.0
2026-04-16,cv_2,ols_all,all,log_return,-0.09956728658140808,-0.13182273123361093,0.013125231658680873,-0.005046129608109675,-0.042266962653137986,3.0,1.0,
2026-04-17,cv_2,ols_all,all,log_return,0.7623843307362645,-0.13182273123361093,-0.10049958472736295,-0.005046129608109675,-0.06714983949902716,1.0,,1.0
2026-04-20,cv_2,ols_all,all,log_return,0.10177326559835186,-0.13182273123361093,-0.013416029837738439,-0.005046129608109675,-0.0732245700160639,2.0,,2.0
2026-04-21,cv_2,ols_all,all,log_return,-0.46771985669816857,-0.13182273123361093,0.0616561089621457,-0.005046129608109675,-0.07332249580983567,2.0,1.0,
2026-04-22,cv_2,ols_all,all,log_return,0.6001514367750619,-0.13182273123361093,-0.07911360154946442,-0.005046129608109675,-0.08961763359046056,1.0,,1.0
2026-04-23,cv_2,ols_all,all,log_return,-0.6187816277891741,-0.13182273123361093,0.08156948421234858,-0.005046129608109675,-0.07900828582525736,1.0,1.0,
2026-04-24,cv_2,ols_all,all,log_return,1.9107991165296299,-0.13182273123361093,-0.25188675837970664,-0.005046129608109675,-0.10183115893849083,1.0,,1.0
2026-04-27,cv_2,ols_all,all,log_return,1.7740647314357834,-0.13182273123361093,-0.23386205828308743,-0.005046129608109675,-0.11447720821864184,1.0,,1.0
2026-04-28,cv_2,ols_all,all,log_return,-0.6986097433669739,-0.13182273123361093,0.09209264443704651,-0.005046129608109675,-0.10685097550013618,2.0,1.0,
2026-04-29,cv_2,ols_all,all,log_return,-0.8127647582658282,-0.13182273123361093,0.10714087028502703,-0.005046129608109675,-0.11846412682287329,1.0,1.0,
2026-04-30,cv_2,ols_all,all,log_return,-2.101377418245131,-0.13182273123361093,0.2770093106257071,-0.005046129608109675,-0.09935158267724357,1.0,1.0,
2026-05-01,cv_2,ols_all,all,log_return,-0.23421503425033136,-0.13182273123361093,0.03087486551085241,-0.005046129608109675,-0.12423143652449502,2.0,1.0,
2026-05-04,cv_2,ols_all,all,log_return,0.02432192927494359,-0.13182273123361093,-0.0032061831458937828,-0.005046129608109675,-0.11507038303971014,5.0,,4.0
2026-05-05,cv_2,ols_all,all,log_return,-0.43096536437574473,-0.13182273123361093,0.056811031399099,-0.005046129608109675,-0.11640218060872125,2.0,1.0,
2026-05-06,cv_2,ols_all,all,log_return,2.5254108708152208,-0.13182273123361093,-0.33290655847791417,-0.005046129608109675,-0.13063715354180902,1.0,,1.0
2026-05-07,cv_2,ols_all,all,log_return,0.8006558246666975,-0.13182273123361093,-0.10554463758566318,-0.005046129608109675,-0.13465453198363303,1.0,,1.0
2026-04-02,cv_2,ols_all,all,intraday_return,1.7009794790613106,0.0012138506229726737,0.002064735000322306,-0.005046129608109675,0.05758549065297384,7.0,6.0,
2026-04-06,cv_2,ols_all,all,intraday_return,0.27206852017146776,0.0012138506229726737,0.0003302505427013896,-0.005046129608109675,0.05088817192805683,34.0,6.0,
2026-04-07,cv_2,ols_all,all,intraday_return,0.8310497779661554,0.0012138506229726737,0.00100877029070552,-0.005046129608109675,0.04054141419001232,22.0,6.0,
2026-04-08,cv_2,ols_all,all,intraday_return,-0.5487692937454497,0.0012138506229726737,-0.0006661239490811883,-0.005046129608109675,0.025601751932945484,22.0,,17.0
2026-04-09,cv_2,ols_all,all,intraday_return,0.7219749594282929,0.0012138506229726737,0.0008763697542727042,-0.005046129608109675,0.025054036398641004,22.0,6.0,
2026-04-10,cv_2,ols_all,all,intraday_return,1.3472351211628937,0.0012138506229726737,0.0016353421911142441,-0.005046129608109675,0.011725553214410189,7.0,6.0,
2026-04-13,cv_2,ols_all,all,intraday_return,1.046032066271006,0.0012138506229726737,0.0012697266752924538,-0.005046129608109675,0.008380387281440409,20.0,6.0,
2026-04-14,cv_2,ols_all,all,intraday_return,1.6725395116566,0.0012138506229726737,0.0020302131281707755,-0.005046129608109675,-0.018554216068060504,7.0,5.0,
2026-04-15,cv_2,ols_all,all,intraday_return,0.7464263918640917,0.0012138506229726737,0.0009060501407674727,-0.005046129608109675,-0.026961597217996465,22.0,5.0,
2026-04-16,cv_2,ols_all,all,intraday_return,0.37323744990418795,0.0012138506229726737,0.00045305451108293063,-0.005046129608109675,-0.042266962653137986,24.0,5.0,
2026-04-17,cv_2,ols_all,all,intraday_return,0.5933855852001095,0.0012138506229726737,0.0007202814622581576,-0.005046129608109675,-0.06714983949902716,23.0,5.0,
2026-04-20,cv_2,ols_all,all,intraday_return,0.6710094458205931,0.0012138506229726737,0.0008145052338298755,-0.005046129608109675,-0.0732245700160639,22.0,5.0,
2026-04-21,cv_2,ols_all,all,intraday_return,-0.44581019209088607,0.0012138506229726737,-0.0005411469793970894,-0.005046129608109675,-0.07332249580983567,25.0,,20.0
2026-04-22,cv_2,ols_all,all,intraday_return,0.5212046545847507,0.0012138506229726737,0.0006326645946639569,-0.005046129608109675,-0.08961763359046056,23.0,5.0,
2026-04-23,cv_2,ols_all,all,intraday_return,-0.5908949976338169,0.0012138506229726737,-0.0007172582609892452,-0.005046129608109675,-0.07900828582525736,21.0,,18.0
2026-04-24,cv_2,ols_all,all,intraday_return,2.2870330497209292,0.0012138506229726737,0.002776116492162844,-0.005046129608109675,-0.10183115893849083,5.0,3.0,
2026-04-27,cv_2,ols_all,all,intraday_return,1.853423428571544,0.0012138506229726737,0.0022497791834037175,-0.005046129608109675,-0.11447720821864184,6.0,3.0,
2026-04-28,cv_2,ols_all,all,intraday_return,1.0426543603859826,0.0012138506229726737,0.0012656266448996996,-0.005046129608109675,-0.10685097550013618,21.0,4.0,
2026-04-29,cv_2,ols_all,all,intraday_return,-0.7097372204438045,0.0012138506229726737,-0.0008615149671826059,-0.005046129608109675,-0.11846412682287329,23.0,,20.0
2026-04-30,cv_2,ols_all,all,intraday_return,-2.428065424460558,0.0012138506229726737,-0.002947308728099858,-0.005046129608109675,-0.09935158267724357,7.0,,5.0
2026-05-01,cv_2,ols_all,all,intraday_return,-0.597705722506635,0.0012138506229726737,-0.0007255254636190109,-0.005046129608109675,-0.12423143652449502,22.0,,20.0
2026-05-04,cv_2,ols_all,all,intraday_return,-0.13364287569940642,0.0012138506229726737,-0.00016222248792358408,-0.005046129608109675,-0.11507038303971014,35.0,,31.0
2026-05-05,cv_2,ols_all,all,intraday_return,-0.5971435974074266,0.0012138506229726737,-0.0007248431277171482,-0.005046129608109675,-0.11640218060872125,21.0,,20.0
2026-05-06,cv_2,ols_all,all,intraday_return,2.1917830378391057,0.0012138506229726737,0.002660497205901938,-0.005046129608109675,-0.13063715354180902,7.0,3.0,
2026-05-07,cv_2,ols_all,all,intraday_return,0.918231180407081,0.0012138506229726737,0.0011145954903700687,-0.005046129608109675,-0.13465453198363303,21.0,3.0,
2026-04-02,cv_2,ols_all,all,daily_range,0.3819742573557967,0.0007722126778534451,0.0002949653641438008,-0.005046129608109675,0.05758549065297384,34.0,7.0,
2026-04-06,cv_2,ols_all,all,daily_range,-1.3034981559788512,0.0007722126778534451,-0.0010065778016054563,-0.005046129608109675,0.05088817192805683,22.0,,17.0
2026-04-07,cv_2,ols_all,all,daily_range,-0.26383686006287915,0.0007722126778534451,-0.00020373816822560057,-0.005046129608109675,0.04054141419001232,35.0,,28.0
2026-04-08,cv_2,ols_all,all,daily_range,-0.14834189696742128,0.0007722126778534451,-0.00011455149349507223,-0.005046129608109675,0.025601751932945484,35.0,,29.0
2026-04-09,cv_2,ols_all,all,daily_range,-0.7639483885274285,0.0007722126778534451,-0.0005899306308465897,-0.005046129608109675,0.025054036398641004,24.0,,18.0
2026-04-10,cv_2,ols_all,all,daily_range,0.06913984635440047,0.0007722126778534451,5.3390665899707346e-05,-0.005046129608109675,0.011725553214410189,35.0,8.0,
2026-04-13,cv_2,ols_all,all,daily_range,-0.6256505906346129,0.0007722126778534451,-0.00048313531799454404,-0.005046129608109675,0.008380387281440409,24.0,,18.0
2026-04-14,cv_2,ols_all,all,daily_range,-0.004510316855378892,0.0007722126778534451,-3.482923856859664e-06,-0.005046129608109675,-0.018554216068060504,35.0,,30.0
2026-04-15,cv_2,ols_all,all,daily_range,-0.4265466190796443,0.0007722126778534451,-0.00032938470694882555,-0.005046129608109675,-0.026961597217996465,34.0,,29.0
2026-04-16,cv_2,ols_all,all,daily_range,-0.6503919861280758,0.0007722126778534451,-0.0005022409372623821,-0.005046129608109675,-0.042266962653137986,23.0,,19.0
2026-04-17,cv_2,ols_all,all,daily_range,-1.2581225141869925,0.0007722126778534451,-0.0009715381557480465,-0.005046129608109675,-0.06714983949902716,22.0,,18.0
2026-04-20,cv_2,ols_all,all,daily_range,-0.5728701742849255,0.0007722126778534451,-0.0004423776113469321,-0.005046129608109675,-0.0732245700160639,25.0,,19.0
2026-04-21,cv_2,ols_all,all,daily_range,-0.7677711151638011,0.0007722126778534451,-0.0005928825888191647,-0.005046129608109675,-0.07332249580983567,24.0,,19.0
2026-04-22,cv_2,ols_all,all,daily_range,-0.8756889831905857,0.0007722126778534451,-0.0006762181346763627,-0.005046129608109675,-0.08961763359046056,22.0,,18.0
2026-04-23,cv_2,ols_all,all,daily_range,0.28038210840594646,0.0007722126778534451,0.00021651461875435085,-0.005046129608109675,-0.07900828582525736,35.0,5.0,
2026-04-24,cv_2,ols_all,all,daily_range,1.7690524205696925,0.0007722126778534451,0.0013660847069512413,-0.005046129608109675,-0.10183115893849083,20.0,4.0,
2026-04-27,cv_2,ols_all,all,daily_range,1.0486670109374066,0.0007722126778534451,0.0008097939606925427,-0.005046129608109675,-0.11447720821864184,24.0,5.0,
2026-04-28,cv_2,ols_all,all,daily_range,0.09945234813998478,0.0007722126778534451,7.679836407599074e-05,-0.005046129608109675,-0.10685097550013618,35.0,5.0,
2026-04-29,cv_2,ols_all,all,daily_range,-0.3438841321914773,0.0007722126778534451,-0.0002655516865908888,-0.005046129608109675,-0.11846412682287329,35.0,,32.0
2026-04-30,cv_2,ols_all,all,daily_range,2.1077684909240832,0.0007722126778534451,0.0016276455506716012,-0.005046129608109675,-0.09935158267724357,8.0,3.0,
2026-05-01,cv_2,ols_all,all,daily_range,0.02617045067617341,0.0007722126778534451,2.020915379727937e-05,-0.005046129608109675,-0.12423143652449502,35.0,4.0,
2026-05-04,cv_2,ols_all,all,daily_range,0.434372877176422,0.0007722126778534451,0.00033542824267131043,-0.005046129608109675,-0.11507038303971014,34.0,4.0,
2026-05-05,cv_2,ols_all,all,daily_range,-0.5731855476811587,0.0007722126778534451,-0.0004426211466817611,-0.005046129608109675,-0.11640218060872125,24.0,,22.0
2026-05-06,cv_2,ols_all,all,daily_range,1.2571189346073406,0.0007722126778534451,0.0009707631788734044,-0.005046129608109675,-0.13063715354180902,23.0,4.0,
2026-05-07,cv_2,ols_all,all,daily_range,0.521229824723433,0.0007722126778534451,0.0004025002787267641,-0.005046129608109675,-0.13465453198363303,25.0,4.0,
2026-04-02,cv_2,ols_all,all,sma_5,-2.464568224065027,-0.023559320508054905,0.058063552704715644,-0.005046129608109675,0.05758549065297384,1.0,1.0,
2026-04-06,cv_2,ols_all,all,sma_5,-2.0917734854656027,-0.023559320508054905,0.049280761974335265,-0.005046129608109675,0.05088817192805683,1.0,1.0,
2026-04-07,cv_2,ols_all,all,sma_5,-1.6154650611789136,-0.023559320508054905,0.03805925914587855,-0.005046129608109675,0.04054141419001232,1.0,1.0,
2026-04-08,cv_2,ols_all,all,sma_5,-1.3325532102090365,-0.023559320508054905,0.03139404817335215,-0.005046129608109675,0.025601751932945484,3.0,2.0,
2026-04-09,cv_2,ols_all,all,sma_5,-1.031959544208155,-0.023559320508054905,0.02431226565334618,-0.005046129608109675,0.025054036398641004,3.0,2.0,
2026-04-10,cv_2,ols_all,all,sma_5,-0.6179064877433776,-0.023559320508054905,0.014557456988752734,-0.005046129608109675,0.011725553214410189,5.0,4.0,
2026-04-13,cv_2,ols_all,all,sma_5,-0.18801360079336651,-0.023559320508054905,0.0044294726809644075,-0.005046129608109675,0.008380387281440409,6.0,5.0,
2026-04-14,cv_2,ols_all,all,sma_5,0.4901632891122396,-0.023559320508054905,-0.011547914029477632,-0.005046129608109675,-0.018554216068060504,5.0,,2.0
2026-04-15,cv_2,ols_all,all,sma_5,1.1086637019789882,-0.023559320508054905,-0.02611936349056965,-0.005046129608109675,-0.026961597217996465,3.0,,2.0
2026-04-16,cv_2,ols_all,all,sma_5,1.6405964621417286,-0.023559320508054905,-0.03865133787597795,-0.005046129608109675,-0.042266962653137986,1.0,,1.0
2026-04-17,cv_2,ols_all,all,sma_5,2.121324637567716,-0.023559320508054905,-0.04997696703809123,-0.005046129608109675,-0.06714983949902716,3.0,,2.0
2026-04-20,cv_2,ols_all,all,sma_5,2.591002029908555,-0.023559320508054905,-0.061042247259636515,-0.005046129608109675,-0.0732245700160639,1.0,,1.0
2026-04-21,cv_2,ols_all,all,sma_5,2.715144593481113,-0.023559320508054905,-0.06396696170353398,-0.005046129608109675,-0.07332249580983567,1.0,,1.0
2026-04-22,cv_2,ols_all,all,sma_5,2.848864689759073,-0.023559320508054905,-0.0671173163101144,-0.005046129608109675,-0.08961763359046056,3.0,,2.0
2026-04-23,cv_2,ols_all,all,sma_5,2.896384743309511,-0.023559320508054905,-0.06823685648226911,-0.005046129608109675,-0.07900828582525736,3.0,,2.0
2026-04-24,cv_2,ols_all,all,sma_5,3.1391439168173054,-0.023559320508054905,-0.07395609765720974,-0.005046129608109675,-0.10183115893849083,3.0,,2.0
2026-04-27,cv_2,ols_all,all,sma_5,3.6751288181428627,-0.023559320508054905,-0.08658353773501673,-0.005046129608109675,-0.11447720821864184,3.0,,2.0
2026-04-28,cv_2,ols_all,all,sma_5,4.164698182131737,-0.023559320508054905,-0.0981174592921552,-0.005046129608109675,-0.10685097550013618,1.0,,1.0
2026-04-29,cv_2,ols_all,all,sma_5,4.413350919253349,-0.023559320508054905,-0.10397554882120841,-0.005046129608109675,-0.11846412682287329,2.0,,1.0
2026-04-30,cv_2,ols_all,all,sma_5,4.410772590565069,-0.023559320508054905,-0.1039148051492661,-0.005046129608109675,-0.09935158267724357,3.0,,2.0
2026-05-01,cv_2,ols_all,all,sma_5,4.049028635050805,-0.023559320508054905,-0.09539236335945399,-0.005046129608109675,-0.12423143652449502,1.0,,1.0
2026-05-04,cv_2,ols_all,all,sma_5,3.3811656219930684,-0.023559320508054905,-0.07965796457935151,-0.005046129608109675,-0.11507038303971014,1.0,,1.0
2026-05-05,cv_2,ols_all,all,sma_5,2.7670855223603814,-0.023559320508054905,-0.06519065469448676,-0.005046129608109675,-0.11640218060872125,1.0,,1.0
2026-05-06,cv_2,ols_all,all,sma_5,2.7147764214098684,-0.023559320508054905,-0.06395828781970542,-0.005046129608109675,-0.13063715354180902,3.0,,2.0
2026-05-07,cv_2,ols_all,all,sma_5,3.1542468410652655,-0.023559320508054905,-0.07431191229017631,-0.005046129608109675,-0.13465453198363303,3.0,,2.0
2026-04-02,cv_2,ols_all,all,sma_20,-2.6523814011348428,-0.0017280816386141713,0.0045835315979028506,-0.005046129608109675,0.05758549065297384,6.0,5.0,
2026-04-06,cv_2,ols_all,all,sma_20,-2.6553049033696485,-0.0017280816386141713,0.004588583648435266,-0.005046129608109675,0.05088817192805683,6.0,5.0,
2026-04-07,cv_2,ols_all,all,sma_20,-2.7292010875175463,-0.0017280816386141713,0.0047162822874248994,-0.005046129608109675,0.04054141419001232,6.0,5.0,
2026-04-08,cv_2,ols_all,all,sma_20,-2.7728893180828287,-0.0017280816386141713,0.004791779116488306,-0.005046129608109675,0.025601751932945484,6.0,5.0,
2026-04-09,cv_2,ols_all,all,sma_20,-2.807320080691563,-0.0017280816386141713,0.004851278285155944,-0.005046129608109675,0.025054036398641004,6.0,5.0,
2026-04-10,cv_2,ols_all,all,sma_20,-2.7181571037001193,-0.0017280816386141713,0.004697197381772852,-0.005046129608109675,0.011725553214410189,6.0,5.0,
2026-04-13,cv_2,ols_all,all,sma_20,-2.5710140170738316,-0.0017280816386141713,0.00444292211552495,-0.005046129608109675,0.008380387281440409,5.0,4.0,
2026-04-14,cv_2,ols_all,all,sma_20,-2.3551717256474625,-0.0017280816386141713,0.004069929014874633,-0.005046129608109675,-0.018554216068060504,6.0,4.0,
2026-04-15,cv_2,ols_all,all,sma_20,-2.080049769977511,-0.0017280816386141713,0.0035944958149017672,-0.005046129608109675,-0.026961597217996465,6.0,4.0,
2026-04-16,cv_2,ols_all,all,sma_20,-1.788524282907504,-0.0017280816386141713,0.0030907159735080354,-0.005046129608109675,-0.042266962653137986,6.0,4.0,
2026-04-17,cv_2,ols_all,all,sma_20,-1.4130332938287484,-0.0017280816386141713,0.0024418368898159633,-0.005046129608109675,-0.06714983949902716,6.0,4.0,
2026-04-20,cv_2,ols_all,all,sma_20,-0.9361986053846029,-0.0017280816386141713,0.0016178276200613266,-0.005046129608109675,-0.0732245700160639,6.0,4.0,
2026-04-21,cv_2,ols_all,all,sma_20,-0.5425175690449403,-0.0017280816386141713,0.0009375146496921572,-0.005046129608109675,-0.07332249580983567,21.0,4.0,
2026-04-22,cv_2,ols_all,all,sma_20,-0.09913922507038679,-0.0017280816386141713,0.00017132067451057313,-0.005046129608109675,-0.08961763359046056,35.0,6.0,
2026-04-23,cv_2,ols_all,all,sma_20,0.24127147191270945,-0.0017280816386141713,-0.000416936800533768,-0.005046129608109675,-0.07900828582525736,24.0,,20.0
2026-04-24,cv_2,ols_all,all,sma_20,0.8426743180961472,-0.0017280816386141713,-0.0014562100164336696,-0.005046129608109675,-0.10183115893849083,7.0,,4.0
2026-04-27,cv_2,ols_all,all,sma_20,1.6399431404015845,-0.0017280816386141713,-0.0028339556292992403,-0.005046129608109675,-0.11447720821864184,5.0,,3.0
2026-04-28,cv_2,ols_all,all,sma_20,2.4195093723330974,-0.0017280816386141713,-0.004181109720783724,-0.005046129608109675,-0.10685097550013618,6.0,,4.0
2026-04-29,cv_2,ols_all,all,sma_20,2.9855070377686777,-0.0017280816386141713,-0.0051591998939214375,-0.005046129608109675,-0.11846412682287329,6.0,,4.0
2026-04-30,cv_2,ols_all,all,sma_20,3.3723668993170497,-0.0017280816386141713,-0.00582772531738,-0.005046129608109675,-0.09935158267724357,6.0,,4.0
2026-05-01,cv_2,ols_all,all,sma_20,3.714401543926213,-0.0017280816386141713,-0.006418789106499018,-0.005046129608109675,-0.12423143652449502,6.0,,4.0
2026-05-04,cv_2,ols_all,all,sma_20,4.052863156813627,-0.0017280816386141713,-0.007003678405105496,-0.005046129608109675,-0.11507038303971014,4.0,,3.0
2026-05-05,cv_2,ols_all,all,sma_20,4.351696779927084,-0.0017280816386141713,-0.007520087302208408,-0.005046129608109675,-0.11640218060872125,5.0,,4.0
2026-05-06,cv_2,ols_all,all,sma_20,4.769901581432007,-0.0017280816386141713,-0.00824277934086935,-0.005046129608109675,-0.13063715354180902,6.0,,4.0
2026-05-07,cv_2,ols_all,all,sma_20,5.217989695684774,-0.0017280816386141713,-0.009017112183590805,-0.005046129608109675,-0.13465453198363303,6.0,,4.0
2026-04-02,cv_2,ols_all,all,sma_60,-3.5131693048786774,-0.00430795513845858,0.015134575759227057,-0.005046129608109675,0.05758549065297384,4.0,3.0,
2026-04-06,cv_2,ols_all,all,sma_60,-3.828634307400147,-0.00430795513845858,0.016493584837843273,-0.005046129608109675,0.05088817192805683,2.0,2.0,
2026-04-07,cv_2,ols_all,all,sma_60,-4.019508138355853,-0.00430795513845858,0.01731586073870618,-0.005046129608109675,0.04054141419001232,3.0,2.0,
2026-04-08,cv_2,ols_all,all,sma_60,-4.0959677921122015,-0.00430795513845858,0.017645245496990605,-0.005046129608109675,0.025601751932945484,4.0,3.0,
2026-04-09,cv_2,ols_all,all,sma_60,-4.124296347729262,-0.00430795513845858,0.017767283643726227,-0.005046129608109675,0.025054036398641004,4.0,3.0,
2026-04-10,cv_2,ols_all,all,sma_60,-4.046736319571714,-0.00430795513845858,0.017433158521885928,-0.005046129608109675,0.011725553214410189,3.0,2.0,
2026-04-13,cv_2,ols_all,all,sma_60,-3.877039869634978,-0.00430795513845858,0.01670211382840279,-0.005046129608109675,0.008380387281440409,3.0,2.0,
2026-04-14,cv_2,ols_all,all,sma_60,-3.616857139850887,-0.00430795513845858,0.015581258300691231,-0.005046129608109675,-0.018554216068060504,4.0,3.0,
2026-04-15,cv_2,ols_all,all,sma_60,-3.269213110648205,-0.00430795513845858,0.014083623418733093,-0.005046129608109675,-0.026961597217996465,5.0,3.0,
2026-04-16,cv_2,ols_all,all,sma_60,-2.7114424754980377,-0.00430795513845858,0.011680772544956624,-0.005046129608109675,-0.042266962653137986,5.0,3.0,
2026-04-17,cv_2,ols_all,all,sma_60,-2.206478900187356,-0.00430795513845858,0.009505412115962557,-0.005046129608109675,-0.06714983949902716,5.0,3.0,
2026-04-20,cv_2,ols_all,all,sma_60,-1.732868860922263,-0.00430795513845858,0.00746512131368493,-0.005046129608109675,-0.0732245700160639,5.0,3.0,
2026-04-21,cv_2,ols_all,all,sma_60,-1.3970511286778957,-0.00430795513845858,0.0060184335884773,-0.005046129608109675,-0.07332249580983567,5.0,3.0,
2026-04-22,cv_2,ols_all,all,sma_60,-0.9561703032947787,-0.00430795513845858,0.004119138771320241,-0.005046129608109675,-0.08961763359046056,5.0,3.0,
2026-04-23,cv_2,ols_all,all,sma_60,-0.650331688269199,-0.00430795513845858,0.0028015997381817394,-0.005046129608109675,-0.07900828582525736,5.0,3.0,
2026-04-24,cv_2,ols_all,all,sma_60,-0.189648320363713,-0.00430795513845858,0.0008169964562108965,-0.005046129608109675,-0.10183115893849083,24.0,6.0,
2026-04-27,cv_2,ols_all,all,sma_60,0.4731858275951434,-0.00430795513845858,-0.0020384633174342737,-0.005046129608109675,-0.11447720821864184,7.0,,4.0
2026-04-28,cv_2,ols_all,all,sma_60,1.0793624446498935,-0.00430795513845858,-0.0046498449896887235,-0.005046129608109675,-0.10685097550013618,5.0,,3.0
2026-04-29,cv_2,ols_all,all,sma_60,1.7295448050145317,-0.00430795513845858,-0.007450801429956695,-0.005046129608109675,-0.11846412682287329,5.0,,3.0
2026-04-30,cv_2,ols_all,all,sma_60,2.2584371170170496,-0.00430795513845858,-0.009729245783139181,-0.005046129608109675,-0.09935158267724357,5.0,,3.0
2026-05-01,cv_2,ols_all,all,sma_60,2.925671503570929,-0.00430795513845858,-0.012603661587250223,-0.005046129608109675,-0.12423143652449502,5.0,,3.0
2026-05-04,cv_2,ols_all,all,sma_60,3.657263943487655,-0.00430795513845858,-0.015755328998046932,-0.005046129608109675,-0.11507038303971014,3.0,,2.0
2026-05-05,cv_2,ols_all,all,sma_60,3.9622774875472233,-0.00430795513845858,-0.017069313662477815,-0.005046129608109675,-0.11640218060872125,4.0,,3.0
2026-05-06,cv_2,ols_all,all,sma_60,4.451564714504957,-0.00430795513845858,-0.01917714108603253,-0.005046129608109675,-0.13063715354180902,4.0,,3.0
2026-05-07,cv_2,ols_all,all,sma_60,5.083044906748425,-0.00430795513845858,-0.02189752942504259,-0.005046129608109675,-0.13465453198363303,4.0,,3.0
2026-04-02,cv_2,ols_all,all,rolling_volatility_20,0.04646697087109776,-0.001404016734254566,-6.524040469314071e-05,-0.005046129608109675,0.05758549065297384,35.0,,28.0
2026-04-06,cv_2,ols_all,all,rolling_volatility_20,-0.21730434012702546,-0.001404016734254566,0.0003050989299644897,-0.005046129608109675,0.05088817192805683,35.0,7.0,
2026-04-07,cv_2,ols_all,all,rolling_volatility_20,-0.45648171153169737,-0.001404016734254566,0.0006409079618716686,-0.005046129608109675,0.04054141419001232,23.0,7.0,
2026-04-08,cv_2,ols_all,all,rolling_volatility_20,-0.33398125180821325,-0.001404016734254566,0.0004689152664660194,-0.005046129608109675,0.025601751932945484,24.0,6.0,
2026-04-09,cv_2,ols_all,all,rolling_volatility_20,-0.3158082727461658,-0.001404016734254566,0.00044340009975164693,-0.005046129608109675,0.025054036398641004,25.0,7.0,
2026-04-10,cv_2,ols_all,all,rolling_volatility_20,-0.20253405855986756,-0.001404016734254566,0.00028436120747454824,-0.005046129608109675,0.011725553214410189,34.0,7.0,
2026-04-13,cv_2,ols_all,all,rolling_volatility_20,-0.30315646579012884,-0.001404016734254566,0.0004256367510668127,-0.005046129608109675,0.008380387281440409,25.0,7.0,
2026-04-14,cv_2,ols_all,all,rolling_volatility_20,0.015471343494715498,-0.001404016734254566,-2.1722025167981075e-05,-0.005046129608109675,-0.018554216068060504,34.0,,29.0
2026-04-15,cv_2,ols_all,all,rolling_volatility_20,-0.004532274059963397,-0.001404016734254566,6.363388624416491e-06,-0.005046129608109675,-0.026961597217996465,35.0,6.0,
2026-04-16,cv_2,ols_all,all,rolling_volatility_20,-0.04074071455206238,-0.001404016734254566,5.720064499658409e-05,-0.005046129608109675,-0.042266962653137986,35.0,6.0,
2026-04-17,cv_2,ols_all,all,rolling_volatility_20,-0.07971175615178977,-0.001404016734254566,0.00011191663955393217,-0.005046129608109675,-0.06714983949902716,35.0,6.0,
2026-04-20,cv_2,ols_all,all,rolling_volatility_20,-0.5796126883738523,-0.001404016734254566,0.0008137859138631655,-0.005046129608109675,-0.0732245700160639,23.0,6.0,
2026-04-21,cv_2,ols_all,all,rolling_volatility_20,-0.5012552264390471,-0.001404016734254566,0.0007037707260529838,-0.005046129608109675,-0.07332249580983567,22.0,5.0,
2026-04-22,cv_2,ols_all,all,rolling_volatility_20,-0.5195201731392562,-0.001404016734254566,0.0007294150168703453,-0.005046129608109675,-0.08961763359046056,21.0,4.0,
2026-04-23,cv_2,ols_all,all,rolling_volatility_20,-0.43629301267773657,-0.001404016734254566,0.0006125626908378816,-0.005046129608109675,-0.07900828582525736,22.0,4.0,
2026-04-24,cv_2,ols_all,all,rolling_volatility_20,-0.8410118016804456,-0.001404016734254566,0.0011807946432649279,-0.005046129608109675,-0.10183115893849083,22.0,5.0,
2026-04-27,cv_2,ols_all,all,rolling_volatility_20,-0.9456225687216653,-0.001404016734254566,0.0013276699107740062,-0.005046129608109675,-0.11447720821864184,21.0,4.0,
2026-04-28,cv_2,ols_all,all,rolling_volatility_20,-0.9088039307300344,-0.001404016734254566,0.0012759759269012957,-0.005046129608109675,-0.10685097550013618,20.0,3.0,
2026-04-29,cv_2,ols_all,all,rolling_volatility_20,-1.3238730419332587,-0.001404016734254566,0.001858739904902792,-0.005046129608109675,-0.11846412682287329,7.0,3.0,
2026-04-30,cv_2,ols_all,all,rolling_volatility_20,-0.3042124907390604,-0.001404016734254566,0.000427119427766903,-0.005046129608109675,-0.09935158267724357,25.0,4.0,
2026-05-01,cv_2,ols_all,all,rolling_volatility_20,-0.26308936042779096,-0.001404016734254566,0.0003693818646449495,-0.005046129608109675,-0.12423143652449502,24.0,3.0,
2026-05-04,cv_2,ols_all,all,rolling_volatility_20,-0.2591081549575599,-0.001404016734254566,0.0003637921855422393,-0.005046129608109675,-0.11507038303971014,33.0,3.0,
2026-05-05,cv_2,ols_all,all,rolling_volatility_20,-0.18727322430542503,-0.001404016734254566,0.00026293474080262566,-0.005046129608109675,-0.11640218060872125,35.0,3.0,
2026-05-06,cv_2,ols_all,all,rolling_volatility_20,0.51365241012773,-0.001404016734254566,-0.0007211765794095223,-0.005046129608109675,-0.13063715354180902,24.0,,20.0
2026-05-07,cv_2,ols_all,all,rolling_volatility_20,0.5419435077853472,-0.001404016734254566,-0.000760897753951247,-0.005046129608109675,-0.13465453198363303,23.0,,20.0
2026-04-02,cv_2,ols_all,all,rolling_volatility_60,2.5481295814143254,0.005312767872433829,0.013537620974936288,-0.005046129608109675,0.05758549065297384,5.0,4.0,
2026-04-06,cv_2,ols_all,all,rolling_volatility_60,2.48506371254725,0.005312767872433829,0.013202566652972165,-0.005046129608109675,0.05088817192805683,3.0,3.0,
2026-04-07,cv_2,ols_all,all,rolling_volatility_60,2.237617687603559,0.005312767872433829,0.011887943361489864,-0.005046129608109675,0.04054141419001232,5.0,4.0,
2026-04-08,cv_2,ols_all,all,rolling_volatility_60,2.529717059088456,0.005312767872433829,0.01343979951787294,-0.005046129608109675,0.025601751932945484,5.0,4.0,
2026-04-09,cv_2,ols_all,all,rolling_volatility_60,2.5864888451677097,0.005312767872433829,0.013741414839015484,-0.005046129608109675,0.025054036398641004,5.0,4.0,
2026-04-10,cv_2,ols_all,all,rolling_volatility_60,2.941326043770062,0.005312767872433829,0.015626582507694484,-0.005046129608109675,0.011725553214410189,4.0,3.0,
2026-04-13,cv_2,ols_all,all,rolling_volatility_60,2.8173728243254996,0.005312767872433829,0.014968047825744672,-0.005046129608109675,0.008380387281440409,4.0,3.0,
2026-04-14,cv_2,ols_all,all,rolling_volatility_60,3.35969841571506,0.005312767872433829,0.017849297804077804,-0.005046129608109675,-0.018554216068060504,3.0,2.0,
2026-04-15,cv_2,ols_all,all,rolling_volatility_60,3.4070224597136747,0.005312767872433829,0.01810071946462729,-0.005046129608109675,-0.026961597217996465,4.0,2.0,
2026-04-16,cv_2,ols_all,all,rolling_volatility_60,2.2359932369452675,0.005312767872433829,0.011879313032222139,-0.005046129608109675,-0.042266962653137986,4.0,2.0,
2026-04-17,cv_2,ols_all,all,rolling_volatility_60,1.923488784727624,0.005312767872433829,0.01021904941848771,-0.005046129608109675,-0.06714983949902716,4.0,2.0,
2026-04-20,cv_2,ols_all,all,rolling_volatility_60,1.8988912815762087,0.005312767872433829,0.01008836859400278,-0.005046129608109675,-0.0732245700160639,4.0,2.0,
2026-04-21,cv_2,ols_all,all,rolling_volatility_60,1.8765910089854505,0.005312767872433829,0.009969892422236084,-0.005046129608109675,-0.07332249580983567,4.0,2.0,
2026-04-22,cv_2,ols_all,all,rolling_volatility_60,1.9194723159344713,0.005312767872433829,0.010197710852122815,-0.005046129608109675,-0.08961763359046056,4.0,2.0,
2026-04-23,cv_2,ols_all,all,rolling_volatility_60,2.0071357089960835,0.005312767872433829,0.010663446110369087,-0.005046129608109675,-0.07900828582525736,4.0,2.0,
2026-04-24,cv_2,ols_all,all,rolling_volatility_60,2.8913686388679785,0.005312767872433829,0.015361170411940525,-0.005046129608109675,-0.10183115893849083,4.0,2.0,
2026-04-27,cv_2,ols_all,all,rolling_volatility_60,3.7016401016257503,0.005312767872433829,0.019665954607229977,-0.005046129608109675,-0.11447720821864184,4.0,2.0,
2026-04-28,cv_2,ols_all,all,rolling_volatility_60,3.8344222928681866,0.005312767872433829,0.020371395566894157,-0.005046129608109675,-0.10685097550013618,4.0,2.0,
2026-04-29,cv_2,ols_all,all,rolling_volatility_60,3.5324257352819384,0.005312767872433829,0.018766957958164326,-0.005046129608109675,-0.11846412682287329,4.0,2.0,
2026-04-30,cv_2,ols_all,all,rolling_volatility_60,4.313250905550169,0.005312767872433829,0.022915300836753055,-0.005046129608109675,-0.09935158267724357,4.0,2.0,
2026-05-01,cv_2,ols_all,all,rolling_volatility_60,3.6173396906762147,0.005312767872433829,0.019218086092304316,-0.005046129608109675,-0.12423143652449502,4.0,2.0,
2026-05-04,cv_2,ols_all,all,rolling_volatility_60,3.480433962024597,0.005312767872433829,0.01849073773557186,-0.005046129608109675,-0.11507038303971014,2.0,1.0,
2026-05-05,cv_2,ols_all,all,rolling_volatility_60,0.11131954165084296,0.005312767872433829,0.0005914148844566579,-0.005046129608109675,-0.11640218060872125,23.0,2.0,
2026-05-06,cv_2,ols_all,all,rolling_volatility_60,1.6752073258757285,0.005312767872433829,0.008899987660578357,-0.005046129608109675,-0.13063715354180902,5.0,2.0,
2026-05-07,cv_2,ols_all,all,rolling_volatility_60,1.7627373616905162,0.005312767872433829,0.009365014422728144,-0.005046129608109675,-0.13465453198363303,5.0,2.0,
2026-04-02,cv_2,ols_all,all,q_gross_margin,0.650791373455939,-0.0005669953624165436,-0.0003689956906502103,-0.005046129608109675,0.05758549065297384,29.0,,23.0
2026-04-06,cv_2,ols_all,all,q_gross_margin,0.650791373455939,-0.0005669953624165436,-0.0003689956906502103,-0.005046129608109675,0.05088817192805683,29.0,,24.0
2026-04-07,cv_2,ols_all,all,q_gross_margin,0.650791373455939,-0.0005669953624165436,-0.0003689956906502103,-0.005046129608109675,0.04054141419001232,30.0,,23.0
2026-04-08,cv_2,ols_all,all,q_gross_margin,0.650791373455939,-0.0005669953624165436,-0.0003689956906502103,-0.005046129608109675,0.025601751932945484,30.0,,24.0
2026-04-09,cv_2,ols_all,all,q_gross_margin,0.650791373455939,-0.0005669953624165436,-0.0003689956906502103,-0.005046129608109675,0.025054036398641004,31.0,,24.0
2026-04-10,cv_2,ols_all,all,q_gross_margin,0.650791373455939,-0.0005669953624165436,-0.0003689956906502103,-0.005046129608109675,0.011725553214410189,29.0,,23.0
2026-04-13,cv_2,ols_all,all,q_gross_margin,0.650791373455939,-0.0005669953624165436,-0.0003689956906502103,-0.005046129608109675,0.008380387281440409,31.0,,24.0
2026-04-14,cv_2,ols_all,all,q_gross_margin,0.650791373455939,-0.0005669953624165436,-0.0003689956906502103,-0.005046129608109675,-0.018554216068060504,29.0,,24.0
2026-04-15,cv_2,ols_all,all,q_gross_margin,0.650791373455939,-0.0005669953624165436,-0.0003689956906502103,-0.005046129608109675,-0.026961597217996465,29.0,,24.0
2026-04-16,cv_2,ols_all,all,q_gross_margin,0.650791373455939,-0.0005669953624165436,-0.0003689956906502103,-0.005046129608109675,-0.042266962653137986,30.0,,25.0
2026-04-17,cv_2,ols_all,all,q_gross_margin,0.650791373455939,-0.0005669953624165436,-0.0003689956906502103,-0.005046129608109675,-0.06714983949902716,30.0,,25.0
2026-04-20,cv_2,ols_all,all,q_gross_margin,0.650791373455939,-0.0005669953624165436,-0.0003689956906502103,-0.005046129608109675,-0.0732245700160639,31.0,,25.0
2026-04-21,cv_2,ols_all,all,q_gross_margin,0.650791373455939,-0.0005669953624165436,-0.0003689956906502103,-0.005046129608109675,-0.07332249580983567,31.0,,26.0
2026-04-22,cv_2,ols_all,all,q_gross_margin,0.650791373455939,-0.0005669953624165436,-0.0003689956906502103,-0.005046129608109675,-0.08961763359046056,30.0,,25.0
2026-04-23,cv_2,ols_all,all,q_gross_margin,0.650791373455939,-0.0005669953624165436,-0.0003689956906502103,-0.005046129608109675,-0.07900828582525736,30.0,,26.0
2026-04-24,cv_2,ols_all,all,q_gross_margin,0.650791373455939,-0.0005669953624165436,-0.0003689956906502103,-0.005046129608109675,-0.10183115893849083,31.0,,25.0
2026-04-27,cv_2,ols_all,all,q_gross_margin,0.650791373455939,-0.0005669953624165436,-0.0003689956906502103,-0.005046129608109675,-0.11447720821864184,31.0,,26.0
2026-04-28,cv_2,ols_all,all,q_gross_margin,0.650791373455939,-0.0005669953624165436,-0.0003689956906502103,-0.005046129608109675,-0.10685097550013618,30.0,,26.0
2026-04-29,cv_2,ols_all,all,q_gross_margin,0.650791373455939,-0.0005669953624165436,-0.0003689956906502103,-0.005046129608109675,-0.11846412682287329,30.0,,27.0
2026-04-30,cv_2,ols_all,all,q_gross_margin,0.650791373455939,-0.0005669953624165436,-0.0003689956906502103,-0.005046129608109675,-0.09935158267724357,31.0,,27.0
2026-05-01,cv_2,ols_all,all,q_gross_margin,0.650791373455939,-0.0005669953624165436,-0.0003689956906502103,-0.005046129608109675,-0.12423143652449502,30.0,,27.0
2026-05-04,cv_2,ols_all,all,q_gross_margin,0.650791373455939,-0.0005669953624165436,-0.0003689956906502103,-0.005046129608109675,-0.11507038303971014,28.0,,26.0
2026-05-05,cv_2,ols_all,all,q_gross_margin,0.650791373455939,-0.0005669953624165436,-0.0003689956906502103,-0.005046129608109675,-0.11640218060872125,30.0,,28.0
2026-05-06,cv_2,ols_all,all,q_gross_margin,0.650791373455939,-0.0005669953624165436,-0.0003689956906502103,-0.005046129608109675,-0.13063715354180902,31.0,,27.0
2026-05-07,cv_2,ols_all,all,q_gross_margin,0.650791373455939,-0.0005669953624165436,-0.0003689956906502103,-0.005046129608109675,-0.13465453198363303,31.0,,27.0
2026-04-02,cv_2,ols_all,all,q_operating_margin,0.6507913734559734,-0.0005669953624151262,-0.00036899569064930733,-0.005046129608109675,0.05758549065297384,33.0,,27.0
2026-04-06,cv_2,ols_all,all,q_operating_margin,0.6507913734559734,-0.0005669953624151262,-0.00036899569064930733,-0.005046129608109675,0.05088817192805683,33.0,,28.0
2026-04-07,cv_2,ols_all,all,q_operating_margin,0.6507913734559734,-0.0005669953624151262,-0.00036899569064930733,-0.005046129608109675,0.04054141419001232,34.0,,27.0
2026-04-08,cv_2,ols_all,all,q_operating_margin,0.6507913734559734,-0.0005669953624151262,-0.00036899569064930733,-0.005046129608109675,0.025601751932945484,34.0,,28.0
2026-04-09,cv_2,ols_all,all,q_operating_margin,0.6507913734559734,-0.0005669953624151262,-0.00036899569064930733,-0.005046129608109675,0.025054036398641004,35.0,,28.0
2026-04-10,cv_2,ols_all,all,q_operating_margin,0.6507913734559734,-0.0005669953624151262,-0.00036899569064930733,-0.005046129608109675,0.011725553214410189,33.0,,27.0
2026-04-13,cv_2,ols_all,all,q_operating_margin,0.6507913734559734,-0.0005669953624151262,-0.00036899569064930733,-0.005046129608109675,0.008380387281440409,35.0,,28.0
2026-04-14,cv_2,ols_all,all,q_operating_margin,0.6507913734559734,-0.0005669953624151262,-0.00036899569064930733,-0.005046129608109675,-0.018554216068060504,33.0,,28.0
2026-04-15,cv_2,ols_all,all,q_operating_margin,0.6507913734559734,-0.0005669953624151262,-0.00036899569064930733,-0.005046129608109675,-0.026961597217996465,33.0,,28.0
2026-04-16,cv_2,ols_all,all,q_operating_margin,0.6507913734559734,-0.0005669953624151262,-0.00036899569064930733,-0.005046129608109675,-0.042266962653137986,34.0,,29.0
2026-04-17,cv_2,ols_all,all,q_operating_margin,0.6507913734559734,-0.0005669953624151262,-0.00036899569064930733,-0.005046129608109675,-0.06714983949902716,34.0,,29.0
2026-04-20,cv_2,ols_all,all,q_operating_margin,0.6507913734559734,-0.0005669953624151262,-0.00036899569064930733,-0.005046129608109675,-0.0732245700160639,35.0,,29.0
2026-04-21,cv_2,ols_all,all,q_operating_margin,0.6507913734559734,-0.0005669953624151262,-0.00036899569064930733,-0.005046129608109675,-0.07332249580983567,35.0,,30.0
2026-04-22,cv_2,ols_all,all,q_operating_margin,0.6507913734559734,-0.0005669953624151262,-0.00036899569064930733,-0.005046129608109675,-0.08961763359046056,34.0,,29.0
2026-04-23,cv_2,ols_all,all,q_operating_margin,0.6507913734559734,-0.0005669953624151262,-0.00036899569064930733,-0.005046129608109675,-0.07900828582525736,34.0,,30.0
2026-04-24,cv_2,ols_all,all,q_operating_margin,0.6507913734559734,-0.0005669953624151262,-0.00036899569064930733,-0.005046129608109675,-0.10183115893849083,35.0,,29.0
2026-04-27,cv_2,ols_all,all,q_operating_margin,0.6507913734559734,-0.0005669953624151262,-0.00036899569064930733,-0.005046129608109675,-0.11447720821864184,35.0,,30.0
2026-04-28,cv_2,ols_all,all,q_operating_margin,0.6507913734559734,-0.0005669953624151262,-0.00036899569064930733,-0.005046129608109675,-0.10685097550013618,34.0,,30.0
2026-04-29,cv_2,ols_all,all,q_operating_margin,0.6507913734559734,-0.0005669953624151262,-0.00036899569064930733,-0.005046129608109675,-0.11846412682287329,34.0,,31.0
2026-04-30,cv_2,ols_all,all,q_operating_margin,0.6507913734559734,-0.0005669953624151262,-0.00036899569064930733,-0.005046129608109675,-0.09935158267724357,35.0,,31.0
2026-05-01,cv_2,ols_all,all,q_operating_margin,0.6507913734559734,-0.0005669953624151262,-0.00036899569064930733,-0.005046129608109675,-0.12423143652449502,34.0,,31.0
2026-05-04,cv_2,ols_all,all,q_operating_margin,0.6507913734559734,-0.0005669953624151262,-0.00036899569064930733,-0.005046129608109675,-0.11507038303971014,32.0,,30.0
2026-05-05,cv_2,ols_all,all,q_operating_margin,0.6507913734559734,-0.0005669953624151262,-0.00036899569064930733,-0.005046129608109675,-0.11640218060872125,34.0,,32.0
2026-05-06,cv_2,ols_all,all,q_operating_margin,0.6507913734559734,-0.0005669953624151262,-0.00036899569064930733,-0.005046129608109675,-0.13063715354180902,35.0,,31.0
2026-05-07,cv_2,ols_all,all,q_operating_margin,0.6507913734559734,-0.0005669953624151262,-0.00036899569064930733,-0.005046129608109675,-0.13465453198363303,35.0,,31.0
2026-04-02,cv_2,ols_all,all,q_net_margin,-0.6507913734559847,0.0005669953624173414,-0.00036899569065075544,-0.005046129608109675,0.05758549065297384,25.0,,19.0
2026-04-06,cv_2,ols_all,all,q_net_margin,-0.6507913734559847,0.0005669953624173414,-0.00036899569065075544,-0.005046129608109675,0.05088817192805683,25.0,,20.0
2026-04-07,cv_2,ols_all,all,q_net_margin,-0.6507913734559847,0.0005669953624173414,-0.00036899569065075544,-0.005046129608109675,0.04054141419001232,26.0,,19.0
2026-04-08,cv_2,ols_all,all,q_net_margin,-0.6507913734559847,0.0005669953624173414,-0.00036899569065075544,-0.005046129608109675,0.025601751932945484,26.0,,20.0
2026-04-09,cv_2,ols_all,all,q_net_margin,-0.6507913734559847,0.0005669953624173414,-0.00036899569065075544,-0.005046129608109675,0.025054036398641004,27.0,,20.0
2026-04-10,cv_2,ols_all,all,q_net_margin,-0.6507913734559847,0.0005669953624173414,-0.00036899569065075544,-0.005046129608109675,0.011725553214410189,25.0,,19.0
2026-04-13,cv_2,ols_all,all,q_net_margin,-0.6507913734559847,0.0005669953624173414,-0.00036899569065075544,-0.005046129608109675,0.008380387281440409,27.0,,20.0
2026-04-14,cv_2,ols_all,all,q_net_margin,-0.6507913734559847,0.0005669953624173414,-0.00036899569065075544,-0.005046129608109675,-0.018554216068060504,25.0,,20.0
2026-04-15,cv_2,ols_all,all,q_net_margin,-0.6507913734559847,0.0005669953624173414,-0.00036899569065075544,-0.005046129608109675,-0.026961597217996465,25.0,,20.0
2026-04-16,cv_2,ols_all,all,q_net_margin,-0.6507913734559847,0.0005669953624173414,-0.00036899569065075544,-0.005046129608109675,-0.042266962653137986,26.0,,21.0
2026-04-17,cv_2,ols_all,all,q_net_margin,-0.6507913734559847,0.0005669953624173414,-0.00036899569065075544,-0.005046129608109675,-0.06714983949902716,26.0,,21.0
2026-04-20,cv_2,ols_all,all,q_net_margin,-0.6507913734559847,0.0005669953624173414,-0.00036899569065075544,-0.005046129608109675,-0.0732245700160639,27.0,,21.0
2026-04-21,cv_2,ols_all,all,q_net_margin,-0.6507913734559847,0.0005669953624173414,-0.00036899569065075544,-0.005046129608109675,-0.07332249580983567,27.0,,22.0
2026-04-22,cv_2,ols_all,all,q_net_margin,-0.6507913734559847,0.0005669953624173414,-0.00036899569065075544,-0.005046129608109675,-0.08961763359046056,26.0,,21.0
2026-04-23,cv_2,ols_all,all,q_net_margin,-0.6507913734559847,0.0005669953624173414,-0.00036899569065075544,-0.005046129608109675,-0.07900828582525736,26.0,,22.0
2026-04-24,cv_2,ols_all,all,q_net_margin,-0.6507913734559847,0.0005669953624173414,-0.00036899569065075544,-0.005046129608109675,-0.10183115893849083,27.0,,21.0
2026-04-27,cv_2,ols_all,all,q_net_margin,-0.6507913734559847,0.0005669953624173414,-0.00036899569065075544,-0.005046129608109675,-0.11447720821864184,27.0,,22.0
2026-04-28,cv_2,ols_all,all,q_net_margin,-0.6507913734559847,0.0005669953624173414,-0.00036899569065075544,-0.005046129608109675,-0.10685097550013618,26.0,,22.0
2026-04-29,cv_2,ols_all,all,q_net_margin,-0.6507913734559847,0.0005669953624173414,-0.00036899569065075544,-0.005046129608109675,-0.11846412682287329,26.0,,23.0
2026-04-30,cv_2,ols_all,all,q_net_margin,-0.6507913734559847,0.0005669953624173414,-0.00036899569065075544,-0.005046129608109675,-0.09935158267724357,27.0,,23.0
2026-05-01,cv_2,ols_all,all,q_net_margin,-0.6507913734559847,0.0005669953624173414,-0.00036899569065075544,-0.005046129608109675,-0.12423143652449502,26.0,,23.0
2026-05-04,cv_2,ols_all,all,q_net_margin,-0.6507913734559847,0.0005669953624173414,-0.00036899569065075544,-0.005046129608109675,-0.11507038303971014,24.0,,22.0
2026-05-05,cv_2,ols_all,all,q_net_margin,-0.6507913734559847,0.0005669953624173414,-0.00036899569065075544,-0.005046129608109675,-0.11640218060872125,26.0,,24.0
2026-05-06,cv_2,ols_all,all,q_net_margin,-0.6507913734559847,0.0005669953624173414,-0.00036899569065075544,-0.005046129608109675,-0.13063715354180902,27.0,,23.0
2026-05-07,cv_2,ols_all,all,q_net_margin,-0.6507913734559847,0.0005669953624173414,-0.00036899569065075544,-0.005046129608109675,-0.13465453198363303,27.0,,23.0
2026-04-02,cv_2,ols_all,all,q_rd_to_revenue,-0.650791373455968,0.0005669953624173848,-0.0003689956906507742,-0.005046129608109675,0.05758549065297384,24.0,,18.0
2026-04-06,cv_2,ols_all,all,q_rd_to_revenue,-0.650791373455968,0.0005669953624173848,-0.0003689956906507742,-0.005046129608109675,0.05088817192805683,24.0,,19.0
2026-04-07,cv_2,ols_all,all,q_rd_to_revenue,-0.650791373455968,0.0005669953624173848,-0.0003689956906507742,-0.005046129608109675,0.04054141419001232,25.0,,18.0
2026-04-08,cv_2,ols_all,all,q_rd_to_revenue,-0.650791373455968,0.0005669953624173848,-0.0003689956906507742,-0.005046129608109675,0.025601751932945484,25.0,,19.0
2026-04-09,cv_2,ols_all,all,q_rd_to_revenue,-0.650791373455968,0.0005669953624173848,-0.0003689956906507742,-0.005046129608109675,0.025054036398641004,26.0,,19.0
2026-04-10,cv_2,ols_all,all,q_rd_to_revenue,-0.650791373455968,0.0005669953624173848,-0.0003689956906507742,-0.005046129608109675,0.011725553214410189,24.0,,18.0
2026-04-13,cv_2,ols_all,all,q_rd_to_revenue,-0.650791373455968,0.0005669953624173848,-0.0003689956906507742,-0.005046129608109675,0.008380387281440409,26.0,,19.0
2026-04-14,cv_2,ols_all,all,q_rd_to_revenue,-0.650791373455968,0.0005669953624173848,-0.0003689956906507742,-0.005046129608109675,-0.018554216068060504,24.0,,19.0
2026-04-15,cv_2,ols_all,all,q_rd_to_revenue,-0.650791373455968,0.0005669953624173848,-0.0003689956906507742,-0.005046129608109675,-0.026961597217996465,24.0,,19.0
2026-04-16,cv_2,ols_all,all,q_rd_to_revenue,-0.650791373455968,0.0005669953624173848,-0.0003689956906507742,-0.005046129608109675,-0.042266962653137986,25.0,,20.0
2026-04-17,cv_2,ols_all,all,q_rd_to_revenue,-0.650791373455968,0.0005669953624173848,-0.0003689956906507742,-0.005046129608109675,-0.06714983949902716,25.0,,20.0
2026-04-20,cv_2,ols_all,all,q_rd_to_revenue,-0.650791373455968,0.0005669953624173848,-0.0003689956906507742,-0.005046129608109675,-0.0732245700160639,26.0,,20.0
2026-04-21,cv_2,ols_all,all,q_rd_to_revenue,-0.650791373455968,0.0005669953624173848,-0.0003689956906507742,-0.005046129608109675,-0.07332249580983567,26.0,,21.0
2026-04-22,cv_2,ols_all,all,q_rd_to_revenue,-0.650791373455968,0.0005669953624173848,-0.0003689956906507742,-0.005046129608109675,-0.08961763359046056,25.0,,20.0
2026-04-23,cv_2,ols_all,all,q_rd_to_revenue,-0.650791373455968,0.0005669953624173848,-0.0003689956906507742,-0.005046129608109675,-0.07900828582525736,25.0,,21.0
2026-04-24,cv_2,ols_all,all,q_rd_to_revenue,-0.650791373455968,0.0005669953624173848,-0.0003689956906507742,-0.005046129608109675,-0.10183115893849083,26.0,,20.0
2026-04-27,cv_2,ols_all,all,q_rd_to_revenue,-0.650791373455968,0.0005669953624173848,-0.0003689956906507742,-0.005046129608109675,-0.11447720821864184,26.0,,21.0
2026-04-28,cv_2,ols_all,all,q_rd_to_revenue,-0.650791373455968,0.0005669953624173848,-0.0003689956906507742,-0.005046129608109675,-0.10685097550013618,25.0,,21.0
2026-04-29,cv_2,ols_all,all,q_rd_to_revenue,-0.650791373455968,0.0005669953624173848,-0.0003689956906507742,-0.005046129608109675,-0.11846412682287329,25.0,,22.0
2026-04-30,cv_2,ols_all,all,q_rd_to_revenue,-0.650791373455968,0.0005669953624173848,-0.0003689956906507742,-0.005046129608109675,-0.09935158267724357,26.0,,22.0
2026-05-01,cv_2,ols_all,all,q_rd_to_revenue,-0.650791373455968,0.0005669953624173848,-0.0003689956906507742,-0.005046129608109675,-0.12423143652449502,25.0,,22.0
2026-05-04,cv_2,ols_all,all,q_rd_to_revenue,-0.650791373455968,0.0005669953624173848,-0.0003689956906507742,-0.005046129608109675,-0.11507038303971014,23.0,,21.0
2026-05-05,cv_2,ols_all,all,q_rd_to_revenue,-0.650791373455968,0.0005669953624173848,-0.0003689956906507742,-0.005046129608109675,-0.11640218060872125,25.0,,23.0
2026-05-06,cv_2,ols_all,all,q_rd_to_revenue,-0.650791373455968,0.0005669953624173848,-0.0003689956906507742,-0.005046129608109675,-0.13063715354180902,26.0,,22.0
2026-05-07,cv_2,ols_all,all,q_rd_to_revenue,-0.650791373455968,0.0005669953624173848,-0.0003689956906507742,-0.005046129608109675,-0.13465453198363303,26.0,,22.0
2026-04-02,cv_2,ols_all,all,q_sga_to_revenue,-0.6507913734559633,0.0005669953624165319,-0.0003689956906502165,-0.005046129608109675,0.05758549065297384,28.0,,22.0
2026-04-06,cv_2,ols_all,all,q_sga_to_revenue,-0.6507913734559633,0.0005669953624165319,-0.0003689956906502165,-0.005046129608109675,0.05088817192805683,28.0,,23.0
2026-04-07,cv_2,ols_all,all,q_sga_to_revenue,-0.6507913734559633,0.0005669953624165319,-0.0003689956906502165,-0.005046129608109675,0.04054141419001232,29.0,,22.0
2026-04-08,cv_2,ols_all,all,q_sga_to_revenue,-0.6507913734559633,0.0005669953624165319,-0.0003689956906502165,-0.005046129608109675,0.025601751932945484,29.0,,23.0
2026-04-09,cv_2,ols_all,all,q_sga_to_revenue,-0.6507913734559633,0.0005669953624165319,-0.0003689956906502165,-0.005046129608109675,0.025054036398641004,30.0,,23.0
2026-04-10,cv_2,ols_all,all,q_sga_to_revenue,-0.6507913734559633,0.0005669953624165319,-0.0003689956906502165,-0.005046129608109675,0.011725553214410189,28.0,,22.0
2026-04-13,cv_2,ols_all,all,q_sga_to_revenue,-0.6507913734559633,0.0005669953624165319,-0.0003689956906502165,-0.005046129608109675,0.008380387281440409,30.0,,23.0
2026-04-14,cv_2,ols_all,all,q_sga_to_revenue,-0.6507913734559633,0.0005669953624165319,-0.0003689956906502165,-0.005046129608109675,-0.018554216068060504,28.0,,23.0
2026-04-15,cv_2,ols_all,all,q_sga_to_revenue,-0.6507913734559633,0.0005669953624165319,-0.0003689956906502165,-0.005046129608109675,-0.026961597217996465,28.0,,23.0
2026-04-16,cv_2,ols_all,all,q_sga_to_revenue,-0.6507913734559633,0.0005669953624165319,-0.0003689956906502165,-0.005046129608109675,-0.042266962653137986,29.0,,24.0
2026-04-17,cv_2,ols_all,all,q_sga_to_revenue,-0.6507913734559633,0.0005669953624165319,-0.0003689956906502165,-0.005046129608109675,-0.06714983949902716,29.0,,24.0
2026-04-20,cv_2,ols_all,all,q_sga_to_revenue,-0.6507913734559633,0.0005669953624165319,-0.0003689956906502165,-0.005046129608109675,-0.0732245700160639,30.0,,24.0
2026-04-21,cv_2,ols_all,all,q_sga_to_revenue,-0.6507913734559633,0.0005669953624165319,-0.0003689956906502165,-0.005046129608109675,-0.07332249580983567,30.0,,25.0
2026-04-22,cv_2,ols_all,all,q_sga_to_revenue,-0.6507913734559633,0.0005669953624165319,-0.0003689956906502165,-0.005046129608109675,-0.08961763359046056,29.0,,24.0
2026-04-23,cv_2,ols_all,all,q_sga_to_revenue,-0.6507913734559633,0.0005669953624165319,-0.0003689956906502165,-0.005046129608109675,-0.07900828582525736,29.0,,25.0
2026-04-24,cv_2,ols_all,all,q_sga_to_revenue,-0.6507913734559633,0.0005669953624165319,-0.0003689956906502165,-0.005046129608109675,-0.10183115893849083,30.0,,24.0
2026-04-27,cv_2,ols_all,all,q_sga_to_revenue,-0.6507913734559633,0.0005669953624165319,-0.0003689956906502165,-0.005046129608109675,-0.11447720821864184,30.0,,25.0
2026-04-28,cv_2,ols_all,all,q_sga_to_revenue,-0.6507913734559633,0.0005669953624165319,-0.0003689956906502165,-0.005046129608109675,-0.10685097550013618,29.0,,25.0
2026-04-29,cv_2,ols_all,all,q_sga_to_revenue,-0.6507913734559633,0.0005669953624165319,-0.0003689956906502165,-0.005046129608109675,-0.11846412682287329,29.0,,26.0
2026-04-30,cv_2,ols_all,all,q_sga_to_revenue,-0.6507913734559633,0.0005669953624165319,-0.0003689956906502165,-0.005046129608109675,-0.09935158267724357,30.0,,26.0
2026-05-01,cv_2,ols_all,all,q_sga_to_revenue,-0.6507913734559633,0.0005669953624165319,-0.0003689956906502165,-0.005046129608109675,-0.12423143652449502,29.0,,26.0
2026-05-04,cv_2,ols_all,all,q_sga_to_revenue,-0.6507913734559633,0.0005669953624165319,-0.0003689956906502165,-0.005046129608109675,-0.11507038303971014,27.0,,25.0
2026-05-05,cv_2,ols_all,all,q_sga_to_revenue,-0.6507913734559633,0.0005669953624165319,-0.0003689956906502165,-0.005046129608109675,-0.11640218060872125,29.0,,27.0
2026-05-06,cv_2,ols_all,all,q_sga_to_revenue,-0.6507913734559633,0.0005669953624165319,-0.0003689956906502165,-0.005046129608109675,-0.13063715354180902,30.0,,26.0
2026-05-07,cv_2,ols_all,all,q_sga_to_revenue,-0.6507913734559633,0.0005669953624165319,-0.0003689956906502165,-0.005046129608109675,-0.13465453198363303,30.0,,26.0
2026-04-02,cv_2,ols_all,all,q_revenue_growth_yoy,0.6507913734559688,-0.0005669953624155575,-0.00036899569064958543,-0.005046129608109675,0.05758549065297384,32.0,,26.0
2026-04-06,cv_2,ols_all,all,q_revenue_growth_yoy,0.6507913734559688,-0.0005669953624155575,-0.00036899569064958543,-0.005046129608109675,0.05088817192805683,32.0,,27.0
2026-04-07,cv_2,ols_all,all,q_revenue_growth_yoy,0.6507913734559688,-0.0005669953624155575,-0.00036899569064958543,-0.005046129608109675,0.04054141419001232,33.0,,26.0
2026-04-08,cv_2,ols_all,all,q_revenue_growth_yoy,0.6507913734559688,-0.0005669953624155575,-0.00036899569064958543,-0.005046129608109675,0.025601751932945484,33.0,,27.0
2026-04-09,cv_2,ols_all,all,q_revenue_growth_yoy,0.6507913734559688,-0.0005669953624155575,-0.00036899569064958543,-0.005046129608109675,0.025054036398641004,34.0,,27.0
2026-04-10,cv_2,ols_all,all,q_revenue_growth_yoy,0.6507913734559688,-0.0005669953624155575,-0.00036899569064958543,-0.005046129608109675,0.011725553214410189,32.0,,26.0
2026-04-13,cv_2,ols_all,all,q_revenue_growth_yoy,0.6507913734559688,-0.0005669953624155575,-0.00036899569064958543,-0.005046129608109675,0.008380387281440409,34.0,,27.0
2026-04-14,cv_2,ols_all,all,q_revenue_growth_yoy,0.6507913734559688,-0.0005669953624155575,-0.00036899569064958543,-0.005046129608109675,-0.018554216068060504,32.0,,27.0
2026-04-15,cv_2,ols_all,all,q_revenue_growth_yoy,0.6507913734559688,-0.0005669953624155575,-0.00036899569064958543,-0.005046129608109675,-0.026961597217996465,32.0,,27.0
2026-04-16,cv_2,ols_all,all,q_revenue_growth_yoy,0.6507913734559688,-0.0005669953624155575,-0.00036899569064958543,-0.005046129608109675,-0.042266962653137986,33.0,,28.0
2026-04-17,cv_2,ols_all,all,q_revenue_growth_yoy,0.6507913734559688,-0.0005669953624155575,-0.00036899569064958543,-0.005046129608109675,-0.06714983949902716,33.0,,28.0
2026-04-20,cv_2,ols_all,all,q_revenue_growth_yoy,0.6507913734559688,-0.0005669953624155575,-0.00036899569064958543,-0.005046129608109675,-0.0732245700160639,34.0,,28.0
2026-04-21,cv_2,ols_all,all,q_revenue_growth_yoy,0.6507913734559688,-0.0005669953624155575,-0.00036899569064958543,-0.005046129608109675,-0.07332249580983567,34.0,,29.0
2026-04-22,cv_2,ols_all,all,q_revenue_growth_yoy,0.6507913734559688,-0.0005669953624155575,-0.00036899569064958543,-0.005046129608109675,-0.08961763359046056,33.0,,28.0
2026-04-23,cv_2,ols_all,all,q_revenue_growth_yoy,0.6507913734559688,-0.0005669953624155575,-0.00036899569064958543,-0.005046129608109675,-0.07900828582525736,33.0,,29.0
2026-04-24,cv_2,ols_all,all,q_revenue_growth_yoy,0.6507913734559688,-0.0005669953624155575,-0.00036899569064958543,-0.005046129608109675,-0.10183115893849083,34.0,,28.0
2026-04-27,cv_2,ols_all,all,q_revenue_growth_yoy,0.6507913734559688,-0.0005669953624155575,-0.00036899569064958543,-0.005046129608109675,-0.11447720821864184,34.0,,29.0
2026-04-28,cv_2,ols_all,all,q_revenue_growth_yoy,0.6507913734559688,-0.0005669953624155575,-0.00036899569064958543,-0.005046129608109675,-0.10685097550013618,33.0,,29.0
2026-04-29,cv_2,ols_all,all,q_revenue_growth_yoy,0.6507913734559688,-0.0005669953624155575,-0.00036899569064958543,-0.005046129608109675,-0.11846412682287329,33.0,,30.0
2026-04-30,cv_2,ols_all,all,q_revenue_growth_yoy,0.6507913734559688,-0.0005669953624155575,-0.00036899569064958543,-0.005046129608109675,-0.09935158267724357,34.0,,30.0
2026-05-01,cv_2,ols_all,all,q_revenue_growth_yoy,0.6507913734559688,-0.0005669953624155575,-0.00036899569064958543,-0.005046129608109675,-0.12423143652449502,33.0,,30.0
2026-05-04,cv_2,ols_all,all,q_revenue_growth_yoy,0.6507913734559688,-0.0005669953624155575,-0.00036899569064958543,-0.005046129608109675,-0.11507038303971014,31.0,,29.0
2026-05-05,cv_2,ols_all,all,q_revenue_growth_yoy,0.6507913734559688,-0.0005669953624155575,-0.00036899569064958543,-0.005046129608109675,-0.11640218060872125,33.0,,31.0
2026-05-06,cv_2,ols_all,all,q_revenue_growth_yoy,0.6507913734559688,-0.0005669953624155575,-0.00036899569064958543,-0.005046129608109675,-0.13063715354180902,34.0,,30.0
2026-05-07,cv_2,ols_all,all,q_revenue_growth_yoy,0.6507913734559688,-0.0005669953624155575,-0.00036899569064958543,-0.005046129608109675,-0.13465453198363303,34.0,,30.0
2026-04-02,cv_2,ols_all,all,q_gross_profit_growth_yoy,0.6507913734559656,-0.0005669953624169871,-0.000368995690650514,-0.005046129608109675,0.05758549065297384,27.0,,21.0
2026-04-06,cv_2,ols_all,all,q_gross_profit_growth_yoy,0.6507913734559656,-0.0005669953624169871,-0.000368995690650514,-0.005046129608109675,0.05088817192805683,27.0,,22.0
2026-04-07,cv_2,ols_all,all,q_gross_profit_growth_yoy,0.6507913734559656,-0.0005669953624169871,-0.000368995690650514,-0.005046129608109675,0.04054141419001232,28.0,,21.0
2026-04-08,cv_2,ols_all,all,q_gross_profit_growth_yoy,0.6507913734559656,-0.0005669953624169871,-0.000368995690650514,-0.005046129608109675,0.025601751932945484,28.0,,22.0
2026-04-09,cv_2,ols_all,all,q_gross_profit_growth_yoy,0.6507913734559656,-0.0005669953624169871,-0.000368995690650514,-0.005046129608109675,0.025054036398641004,29.0,,22.0
2026-04-10,cv_2,ols_all,all,q_gross_profit_growth_yoy,0.6507913734559656,-0.0005669953624169871,-0.000368995690650514,-0.005046129608109675,0.011725553214410189,27.0,,21.0
2026-04-13,cv_2,ols_all,all,q_gross_profit_growth_yoy,0.6507913734559656,-0.0005669953624169871,-0.000368995690650514,-0.005046129608109675,0.008380387281440409,29.0,,22.0
2026-04-14,cv_2,ols_all,all,q_gross_profit_growth_yoy,0.6507913734559656,-0.0005669953624169871,-0.000368995690650514,-0.005046129608109675,-0.018554216068060504,27.0,,22.0
2026-04-15,cv_2,ols_all,all,q_gross_profit_growth_yoy,0.6507913734559656,-0.0005669953624169871,-0.000368995690650514,-0.005046129608109675,-0.026961597217996465,27.0,,22.0
2026-04-16,cv_2,ols_all,all,q_gross_profit_growth_yoy,0.6507913734559656,-0.0005669953624169871,-0.000368995690650514,-0.005046129608109675,-0.042266962653137986,28.0,,23.0
2026-04-17,cv_2,ols_all,all,q_gross_profit_growth_yoy,0.6507913734559656,-0.0005669953624169871,-0.000368995690650514,-0.005046129608109675,-0.06714983949902716,28.0,,23.0
2026-04-20,cv_2,ols_all,all,q_gross_profit_growth_yoy,0.6507913734559656,-0.0005669953624169871,-0.000368995690650514,-0.005046129608109675,-0.0732245700160639,29.0,,23.0
2026-04-21,cv_2,ols_all,all,q_gross_profit_growth_yoy,0.6507913734559656,-0.0005669953624169871,-0.000368995690650514,-0.005046129608109675,-0.07332249580983567,29.0,,24.0
2026-04-22,cv_2,ols_all,all,q_gross_profit_growth_yoy,0.6507913734559656,-0.0005669953624169871,-0.000368995690650514,-0.005046129608109675,-0.08961763359046056,28.0,,23.0
2026-04-23,cv_2,ols_all,all,q_gross_profit_growth_yoy,0.6507913734559656,-0.0005669953624169871,-0.000368995690650514,-0.005046129608109675,-0.07900828582525736,28.0,,24.0
2026-04-24,cv_2,ols_all,all,q_gross_profit_growth_yoy,0.6507913734559656,-0.0005669953624169871,-0.000368995690650514,-0.005046129608109675,-0.10183115893849083,29.0,,23.0
2026-04-27,cv_2,ols_all,all,q_gross_profit_growth_yoy,0.6507913734559656,-0.0005669953624169871,-0.000368995690650514,-0.005046129608109675,-0.11447720821864184,29.0,,24.0
2026-04-28,cv_2,ols_all,all,q_gross_profit_growth_yoy,0.6507913734559656,-0.0005669953624169871,-0.000368995690650514,-0.005046129608109675,-0.10685097550013618,28.0,,24.0
2026-04-29,cv_2,ols_all,all,q_gross_profit_growth_yoy,0.6507913734559656,-0.0005669953624169871,-0.000368995690650514,-0.005046129608109675,-0.11846412682287329,28.0,,25.0
2026-04-30,cv_2,ols_all,all,q_gross_profit_growth_yoy,0.6507913734559656,-0.0005669953624169871,-0.000368995690650514,-0.005046129608109675,-0.09935158267724357,29.0,,25.0
2026-05-01,cv_2,ols_all,all,q_gross_profit_growth_yoy,0.6507913734559656,-0.0005669953624169871,-0.000368995690650514,-0.005046129608109675,-0.12423143652449502,28.0,,25.0
2026-05-04,cv_2,ols_all,all,q_gross_profit_growth_yoy,0.6507913734559656,-0.0005669953624169871,-0.000368995690650514,-0.005046129608109675,-0.11507038303971014,26.0,,24.0
2026-05-05,cv_2,ols_all,all,q_gross_profit_growth_yoy,0.6507913734559656,-0.0005669953624169871,-0.000368995690650514,-0.005046129608109675,-0.11640218060872125,28.0,,26.0
2026-05-06,cv_2,ols_all,all,q_gross_profit_growth_yoy,0.6507913734559656,-0.0005669953624169871,-0.000368995690650514,-0.005046129608109675,-0.13063715354180902,29.0,,25.0
2026-05-07,cv_2,ols_all,all,q_gross_profit_growth_yoy,0.6507913734559656,-0.0005669953624169871,-0.000368995690650514,-0.005046129608109675,-0.13465453198363303,29.0,,25.0
2026-04-02,cv_2,ols_all,all,q_operating_income_growth_yoy,0.6507913734559699,-0.0005669953624161559,-0.0003689956906499756,-0.005046129608109675,0.05758549065297384,30.0,,24.0
2026-04-06,cv_2,ols_all,all,q_operating_income_growth_yoy,0.6507913734559699,-0.0005669953624161559,-0.0003689956906499756,-0.005046129608109675,0.05088817192805683,30.0,,25.0
2026-04-07,cv_2,ols_all,all,q_operating_income_growth_yoy,0.6507913734559699,-0.0005669953624161559,-0.0003689956906499756,-0.005046129608109675,0.04054141419001232,31.0,,24.0
2026-04-08,cv_2,ols_all,all,q_operating_income_growth_yoy,0.6507913734559699,-0.0005669953624161559,-0.0003689956906499756,-0.005046129608109675,0.025601751932945484,31.0,,25.0
2026-04-09,cv_2,ols_all,all,q_operating_income_growth_yoy,0.6507913734559699,-0.0005669953624161559,-0.0003689956906499756,-0.005046129608109675,0.025054036398641004,32.0,,25.0
2026-04-10,cv_2,ols_all,all,q_operating_income_growth_yoy,0.6507913734559699,-0.0005669953624161559,-0.0003689956906499756,-0.005046129608109675,0.011725553214410189,30.0,,24.0
2026-04-13,cv_2,ols_all,all,q_operating_income_growth_yoy,0.6507913734559699,-0.0005669953624161559,-0.0003689956906499756,-0.005046129608109675,0.008380387281440409,32.0,,25.0
2026-04-14,cv_2,ols_all,all,q_operating_income_growth_yoy,0.6507913734559699,-0.0005669953624161559,-0.0003689956906499756,-0.005046129608109675,-0.018554216068060504,30.0,,25.0
2026-04-15,cv_2,ols_all,all,q_operating_income_growth_yoy,0.6507913734559699,-0.0005669953624161559,-0.0003689956906499756,-0.005046129608109675,-0.026961597217996465,30.0,,25.0
2026-04-16,cv_2,ols_all,all,q_operating_income_growth_yoy,0.6507913734559699,-0.0005669953624161559,-0.0003689956906499756,-0.005046129608109675,-0.042266962653137986,31.0,,26.0
2026-04-17,cv_2,ols_all,all,q_operating_income_growth_yoy,0.6507913734559699,-0.0005669953624161559,-0.0003689956906499756,-0.005046129608109675,-0.06714983949902716,31.0,,26.0
2026-04-20,cv_2,ols_all,all,q_operating_income_growth_yoy,0.6507913734559699,-0.0005669953624161559,-0.0003689956906499756,-0.005046129608109675,-0.0732245700160639,32.0,,26.0
2026-04-21,cv_2,ols_all,all,q_operating_income_growth_yoy,0.6507913734559699,-0.0005669953624161559,-0.0003689956906499756,-0.005046129608109675,-0.07332249580983567,32.0,,27.0
2026-04-22,cv_2,ols_all,all,q_operating_income_growth_yoy,0.6507913734559699,-0.0005669953624161559,-0.0003689956906499756,-0.005046129608109675,-0.08961763359046056,31.0,,26.0
2026-04-23,cv_2,ols_all,all,q_operating_income_growth_yoy,0.6507913734559699,-0.0005669953624161559,-0.0003689956906499756,-0.005046129608109675,-0.07900828582525736,31.0,,27.0
2026-04-24,cv_2,ols_all,all,q_operating_income_growth_yoy,0.6507913734559699,-0.0005669953624161559,-0.0003689956906499756,-0.005046129608109675,-0.10183115893849083,32.0,,26.0
2026-04-27,cv_2,ols_all,all,q_operating_income_growth_yoy,0.6507913734559699,-0.0005669953624161559,-0.0003689956906499756,-0.005046129608109675,-0.11447720821864184,32.0,,27.0
2026-04-28,cv_2,ols_all,all,q_operating_income_growth_yoy,0.6507913734559699,-0.0005669953624161559,-0.0003689956906499756,-0.005046129608109675,-0.10685097550013618,31.0,,27.0
2026-04-29,cv_2,ols_all,all,q_operating_income_growth_yoy,0.6507913734559699,-0.0005669953624161559,-0.0003689956906499756,-0.005046129608109675,-0.11846412682287329,31.0,,28.0
2026-04-30,cv_2,ols_all,all,q_operating_income_growth_yoy,0.6507913734559699,-0.0005669953624161559,-0.0003689956906499756,-0.005046129608109675,-0.09935158267724357,32.0,,28.0
2026-05-01,cv_2,ols_all,all,q_operating_income_growth_yoy,0.6507913734559699,-0.0005669953624161559,-0.0003689956906499756,-0.005046129608109675,-0.12423143652449502,31.0,,28.0
2026-05-04,cv_2,ols_all,all,q_operating_income_growth_yoy,0.6507913734559699,-0.0005669953624161559,-0.0003689956906499756,-0.005046129608109675,-0.11507038303971014,29.0,,27.0
2026-05-05,cv_2,ols_all,all,q_operating_income_growth_yoy,0.6507913734559699,-0.0005669953624161559,-0.0003689956906499756,-0.005046129608109675,-0.11640218060872125,31.0,,29.0
2026-05-06,cv_2,ols_all,all,q_operating_income_growth_yoy,0.6507913734559699,-0.0005669953624161559,-0.0003689956906499756,-0.005046129608109675,-0.13063715354180902,32.0,,28.0
2026-05-07,cv_2,ols_all,all,q_operating_income_growth_yoy,0.6507913734559699,-0.0005669953624161559,-0.0003689956906499756,-0.005046129608109675,-0.13465453198363303,32.0,,28.0
2026-04-02,cv_2,ols_all,all,q_net_income_growth_yoy,0.6507913734559674,-0.0005669953624170398,-0.0003689956906505493,-0.005046129608109675,0.05758549065297384,26.0,,20.0
2026-04-06,cv_2,ols_all,all,q_net_income_growth_yoy,0.6507913734559674,-0.0005669953624170398,-0.0003689956906505493,-0.005046129608109675,0.05088817192805683,26.0,,21.0
2026-04-07,cv_2,ols_all,all,q_net_income_growth_yoy,0.6507913734559674,-0.0005669953624170398,-0.0003689956906505493,-0.005046129608109675,0.04054141419001232,27.0,,20.0
2026-04-08,cv_2,ols_all,all,q_net_income_growth_yoy,0.6507913734559674,-0.0005669953624170398,-0.0003689956906505493,-0.005046129608109675,0.025601751932945484,27.0,,21.0
2026-04-09,cv_2,ols_all,all,q_net_income_growth_yoy,0.6507913734559674,-0.0005669953624170398,-0.0003689956906505493,-0.005046129608109675,0.025054036398641004,28.0,,21.0
2026-04-10,cv_2,ols_all,all,q_net_income_growth_yoy,0.6507913734559674,-0.0005669953624170398,-0.0003689956906505493,-0.005046129608109675,0.011725553214410189,26.0,,20.0
2026-04-13,cv_2,ols_all,all,q_net_income_growth_yoy,0.6507913734559674,-0.0005669953624170398,-0.0003689956906505493,-0.005046129608109675,0.008380387281440409,28.0,,21.0
2026-04-14,cv_2,ols_all,all,q_net_income_growth_yoy,0.6507913734559674,-0.0005669953624170398,-0.0003689956906505493,-0.005046129608109675,-0.018554216068060504,26.0,,21.0
2026-04-15,cv_2,ols_all,all,q_net_income_growth_yoy,0.6507913734559674,-0.0005669953624170398,-0.0003689956906505493,-0.005046129608109675,-0.026961597217996465,26.0,,21.0
2026-04-16,cv_2,ols_all,all,q_net_income_growth_yoy,0.6507913734559674,-0.0005669953624170398,-0.0003689956906505493,-0.005046129608109675,-0.042266962653137986,27.0,,22.0
2026-04-17,cv_2,ols_all,all,q_net_income_growth_yoy,0.6507913734559674,-0.0005669953624170398,-0.0003689956906505493,-0.005046129608109675,-0.06714983949902716,27.0,,22.0
2026-04-20,cv_2,ols_all,all,q_net_income_growth_yoy,0.6507913734559674,-0.0005669953624170398,-0.0003689956906505493,-0.005046129608109675,-0.0732245700160639,28.0,,22.0
2026-04-21,cv_2,ols_all,all,q_net_income_growth_yoy,0.6507913734559674,-0.0005669953624170398,-0.0003689956906505493,-0.005046129608109675,-0.07332249580983567,28.0,,23.0
2026-04-22,cv_2,ols_all,all,q_net_income_growth_yoy,0.6507913734559674,-0.0005669953624170398,-0.0003689956906505493,-0.005046129608109675,-0.08961763359046056,27.0,,22.0
2026-04-23,cv_2,ols_all,all,q_net_income_growth_yoy,0.6507913734559674,-0.0005669953624170398,-0.0003689956906505493,-0.005046129608109675,-0.07900828582525736,27.0,,23.0
2026-04-24,cv_2,ols_all,all,q_net_income_growth_yoy,0.6507913734559674,-0.0005669953624170398,-0.0003689956906505493,-0.005046129608109675,-0.10183115893849083,28.0,,22.0
2026-04-27,cv_2,ols_all,all,q_net_income_growth_yoy,0.6507913734559674,-0.0005669953624170398,-0.0003689956906505493,-0.005046129608109675,-0.11447720821864184,28.0,,23.0
2026-04-28,cv_2,ols_all,all,q_net_income_growth_yoy,0.6507913734559674,-0.0005669953624170398,-0.0003689956906505493,-0.005046129608109675,-0.10685097550013618,27.0,,23.0
2026-04-29,cv_2,ols_all,all,q_net_income_growth_yoy,0.6507913734559674,-0.0005669953624170398,-0.0003689956906505493,-0.005046129608109675,-0.11846412682287329,27.0,,24.0
2026-04-30,cv_2,ols_all,all,q_net_income_growth_yoy,0.6507913734559674,-0.0005669953624170398,-0.0003689956906505493,-0.005046129608109675,-0.09935158267724357,28.0,,24.0
2026-05-01,cv_2,ols_all,all,q_net_income_growth_yoy,0.6507913734559674,-0.0005669953624170398,-0.0003689956906505493,-0.005046129608109675,-0.12423143652449502,27.0,,24.0
2026-05-04,cv_2,ols_all,all,q_net_income_growth_yoy,0.6507913734559674,-0.0005669953624170398,-0.0003689956906505493,-0.005046129608109675,-0.11507038303971014,25.0,,23.0
2026-05-05,cv_2,ols_all,all,q_net_income_growth_yoy,0.6507913734559674,-0.0005669953624170398,-0.0003689956906505493,-0.005046129608109675,-0.11640218060872125,27.0,,25.0
2026-05-06,cv_2,ols_all,all,q_net_income_growth_yoy,0.6507913734559674,-0.0005669953624170398,-0.0003689956906505493,-0.005046129608109675,-0.13063715354180902,28.0,,24.0
2026-05-07,cv_2,ols_all,all,q_net_income_growth_yoy,0.6507913734559674,-0.0005669953624170398,-0.0003689956906505493,-0.005046129608109675,-0.13465453198363303,28.0,,24.0
2026-04-02,cv_2,ols_all,all,q_rd_growth_yoy,-0.6507913734558324,0.0005669953624161455,-0.0003689956906498908,-0.005046129608109675,0.05758549065297384,31.0,,25.0
2026-04-06,cv_2,ols_all,all,q_rd_growth_yoy,-0.6507913734558324,0.0005669953624161455,-0.0003689956906498908,-0.005046129608109675,0.05088817192805683,31.0,,26.0
2026-04-07,cv_2,ols_all,all,q_rd_growth_yoy,-0.6507913734558324,0.0005669953624161455,-0.0003689956906498908,-0.005046129608109675,0.04054141419001232,32.0,,25.0
2026-04-08,cv_2,ols_all,all,q_rd_growth_yoy,-0.6507913734558324,0.0005669953624161455,-0.0003689956906498908,-0.005046129608109675,0.025601751932945484,32.0,,26.0
2026-04-09,cv_2,ols_all,all,q_rd_growth_yoy,-0.6507913734558324,0.0005669953624161455,-0.0003689956906498908,-0.005046129608109675,0.025054036398641004,33.0,,26.0
2026-04-10,cv_2,ols_all,all,q_rd_growth_yoy,-0.6507913734558324,0.0005669953624161455,-0.0003689956906498908,-0.005046129608109675,0.011725553214410189,31.0,,25.0
2026-04-13,cv_2,ols_all,all,q_rd_growth_yoy,-0.6507913734558324,0.0005669953624161455,-0.0003689956906498908,-0.005046129608109675,0.008380387281440409,33.0,,26.0
2026-04-14,cv_2,ols_all,all,q_rd_growth_yoy,-0.6507913734558324,0.0005669953624161455,-0.0003689956906498908,-0.005046129608109675,-0.018554216068060504,31.0,,26.0
2026-04-15,cv_2,ols_all,all,q_rd_growth_yoy,-0.6507913734558324,0.0005669953624161455,-0.0003689956906498908,-0.005046129608109675,-0.026961597217996465,31.0,,26.0
2026-04-16,cv_2,ols_all,all,q_rd_growth_yoy,-0.6507913734558324,0.0005669953624161455,-0.0003689956906498908,-0.005046129608109675,-0.042266962653137986,32.0,,27.0
2026-04-17,cv_2,ols_all,all,q_rd_growth_yoy,-0.6507913734558324,0.0005669953624161455,-0.0003689956906498908,-0.005046129608109675,-0.06714983949902716,32.0,,27.0
2026-04-20,cv_2,ols_all,all,q_rd_growth_yoy,-0.6507913734558324,0.0005669953624161455,-0.0003689956906498908,-0.005046129608109675,-0.0732245700160639,33.0,,27.0
2026-04-21,cv_2,ols_all,all,q_rd_growth_yoy,-0.6507913734558324,0.0005669953624161455,-0.0003689956906498908,-0.005046129608109675,-0.07332249580983567,33.0,,28.0
2026-04-22,cv_2,ols_all,all,q_rd_growth_yoy,-0.6507913734558324,0.0005669953624161455,-0.0003689956906498908,-0.005046129608109675,-0.08961763359046056,32.0,,27.0
2026-04-23,cv_2,ols_all,all,q_rd_growth_yoy,-0.6507913734558324,0.0005669953624161455,-0.0003689956906498908,-0.005046129608109675,-0.07900828582525736,32.0,,28.0
2026-04-24,cv_2,ols_all,all,q_rd_growth_yoy,-0.6507913734558324,0.0005669953624161455,-0.0003689956906498908,-0.005046129608109675,-0.10183115893849083,33.0,,27.0
2026-04-27,cv_2,ols_all,all,q_rd_growth_yoy,-0.6507913734558324,0.0005669953624161455,-0.0003689956906498908,-0.005046129608109675,-0.11447720821864184,33.0,,28.0
2026-04-28,cv_2,ols_all,all,q_rd_growth_yoy,-0.6507913734558324,0.0005669953624161455,-0.0003689956906498908,-0.005046129608109675,-0.10685097550013618,32.0,,28.0
2026-04-29,cv_2,ols_all,all,q_rd_growth_yoy,-0.6507913734558324,0.0005669953624161455,-0.0003689956906498908,-0.005046129608109675,-0.11846412682287329,32.0,,29.0
2026-04-30,cv_2,ols_all,all,q_rd_growth_yoy,-0.6507913734558324,0.0005669953624161455,-0.0003689956906498908,-0.005046129608109675,-0.09935158267724357,33.0,,29.0
2026-05-01,cv_2,ols_all,all,q_rd_growth_yoy,-0.6507913734558324,0.0005669953624161455,-0.0003689956906498908,-0.005046129608109675,-0.12423143652449502,32.0,,29.0
2026-05-04,cv_2,ols_all,all,q_rd_growth_yoy,-0.6507913734558324,0.0005669953624161455,-0.0003689956906498908,-0.005046129608109675,-0.11507038303971014,30.0,,28.0
2026-05-05,cv_2,ols_all,all,q_rd_growth_yoy,-0.6507913734558324,0.0005669953624161455,-0.0003689956906498908,-0.005046129608109675,-0.11640218060872125,32.0,,30.0
2026-05-06,cv_2,ols_all,all,q_rd_growth_yoy,-0.6507913734558324,0.0005669953624161455,-0.0003689956906498908,-0.005046129608109675,-0.13063715354180902,33.0,,29.0
2026-05-07,cv_2,ols_all,all,q_rd_growth_yoy,-0.6507913734558324,0.0005669953624161455,-0.0003689956906498908,-0.005046129608109675,-0.13465453198363303,33.0,,29.0
2026-04-02,cv_2,ols_all,all,fy_gross_margin,-2.24722050542442,0.000629284643325642,-0.0014141413542300752,-0.005046129608109675,0.05758549065297384,12.0,,6.0
2026-04-06,cv_2,ols_all,all,fy_gross_margin,-2.24722050542442,0.000629284643325642,-0.0014141413542300752,-0.005046129608109675,0.05088817192805683,11.0,,6.0
2026-04-07,cv_2,ols_all,all,fy_gross_margin,-2.24722050542442,0.000629284643325642,-0.0014141413542300752,-0.005046129608109675,0.04054141419001232,11.0,,6.0
2026-04-08,cv_2,ols_all,all,fy_gross_margin,-2.24722050542442,0.000629284643325642,-0.0014141413542300752,-0.005046129608109675,0.025601751932945484,11.0,,6.0
2026-04-09,cv_2,ols_all,all,fy_gross_margin,-2.24722050542442,0.000629284643325642,-0.0014141413542300752,-0.005046129608109675,0.025054036398641004,11.0,,6.0
2026-04-10,cv_2,ols_all,all,fy_gross_margin,-2.24722050542442,0.000629284643325642,-0.0014141413542300752,-0.005046129608109675,0.011725553214410189,12.0,,6.0
2026-04-13,cv_2,ols_all,all,fy_gross_margin,-2.24722050542442,0.000629284643325642,-0.0014141413542300752,-0.005046129608109675,0.008380387281440409,11.0,,6.0
2026-04-14,cv_2,ols_all,all,fy_gross_margin,-2.24722050542442,0.000629284643325642,-0.0014141413542300752,-0.005046129608109675,-0.018554216068060504,12.0,,7.0
2026-04-15,cv_2,ols_all,all,fy_gross_margin,-2.24722050542442,0.000629284643325642,-0.0014141413542300752,-0.005046129608109675,-0.026961597217996465,11.0,,7.0
2026-04-16,cv_2,ols_all,all,fy_gross_margin,-2.24722050542442,0.000629284643325642,-0.0014141413542300752,-0.005046129608109675,-0.042266962653137986,11.0,,7.0
2026-04-17,cv_2,ols_all,all,fy_gross_margin,-2.24722050542442,0.000629284643325642,-0.0014141413542300752,-0.005046129608109675,-0.06714983949902716,11.0,,7.0
2026-04-20,cv_2,ols_all,all,fy_gross_margin,-2.24722050542442,0.000629284643325642,-0.0014141413542300752,-0.005046129608109675,-0.0732245700160639,11.0,,7.0
2026-04-21,cv_2,ols_all,all,fy_gross_margin,-2.24722050542442,0.000629284643325642,-0.0014141413542300752,-0.005046129608109675,-0.07332249580983567,10.0,,7.0
2026-04-22,cv_2,ols_all,all,fy_gross_margin,-2.24722050542442,0.000629284643325642,-0.0014141413542300752,-0.005046129608109675,-0.08961763359046056,10.0,,7.0
2026-04-23,cv_2,ols_all,all,fy_gross_margin,-2.24722050542442,0.000629284643325642,-0.0014141413542300752,-0.005046129608109675,-0.07900828582525736,10.0,,7.0
2026-04-24,cv_2,ols_all,all,fy_gross_margin,-2.24722050542442,0.000629284643325642,-0.0014141413542300752,-0.005046129608109675,-0.10183115893849083,11.0,,8.0
2026-04-27,cv_2,ols_all,all,fy_gross_margin,-2.24722050542442,0.000629284643325642,-0.0014141413542300752,-0.005046129608109675,-0.11447720821864184,12.0,,9.0
2026-04-28,cv_2,ols_all,all,fy_gross_margin,-2.24722050542442,0.000629284643325642,-0.0014141413542300752,-0.005046129608109675,-0.10685097550013618,11.0,,9.0
2026-04-29,cv_2,ols_all,all,fy_gross_margin,-2.24722050542442,0.000629284643325642,-0.0014141413542300752,-0.005046129608109675,-0.11846412682287329,12.0,,9.0
2026-04-30,cv_2,ols_all,all,fy_gross_margin,-2.24722050542442,0.000629284643325642,-0.0014141413542300752,-0.005046129608109675,-0.09935158267724357,13.0,,10.0
2026-05-01,cv_2,ols_all,all,fy_gross_margin,-2.24722050542442,0.000629284643325642,-0.0014141413542300752,-0.005046129608109675,-0.12423143652449502,11.0,,9.0
2026-05-04,cv_2,ols_all,all,fy_gross_margin,-2.24722050542442,0.000629284643325642,-0.0014141413542300752,-0.005046129608109675,-0.11507038303971014,11.0,,9.0
2026-05-05,cv_2,ols_all,all,fy_gross_margin,-2.24722050542442,0.000629284643325642,-0.0014141413542300752,-0.005046129608109675,-0.11640218060872125,10.0,,9.0
2026-05-06,cv_2,ols_all,all,fy_gross_margin,-2.24722050542442,0.000629284643325642,-0.0014141413542300752,-0.005046129608109675,-0.13063715354180902,12.0,,9.0
2026-05-07,cv_2,ols_all,all,fy_gross_margin,-2.24722050542442,0.000629284643325642,-0.0014141413542300752,-0.005046129608109675,-0.13465453198363303,11.0,,9.0
2026-04-02,cv_2,ols_all,all,fy_operating_margin,-2.2472205054244303,0.0006292846433229355,-0.0014141413542239996,-0.005046129608109675,0.05758549065297384,19.0,,13.0
2026-04-06,cv_2,ols_all,all,fy_operating_margin,-2.2472205054244303,0.0006292846433229355,-0.0014141413542239996,-0.005046129608109675,0.05088817192805683,18.0,,13.0
2026-04-07,cv_2,ols_all,all,fy_operating_margin,-2.2472205054244303,0.0006292846433229355,-0.0014141413542239996,-0.005046129608109675,0.04054141419001232,18.0,,13.0
2026-04-08,cv_2,ols_all,all,fy_operating_margin,-2.2472205054244303,0.0006292846433229355,-0.0014141413542239996,-0.005046129608109675,0.025601751932945484,18.0,,13.0
2026-04-09,cv_2,ols_all,all,fy_operating_margin,-2.2472205054244303,0.0006292846433229355,-0.0014141413542239996,-0.005046129608109675,0.025054036398641004,18.0,,13.0
2026-04-10,cv_2,ols_all,all,fy_operating_margin,-2.2472205054244303,0.0006292846433229355,-0.0014141413542239996,-0.005046129608109675,0.011725553214410189,19.0,,13.0
2026-04-13,cv_2,ols_all,all,fy_operating_margin,-2.2472205054244303,0.0006292846433229355,-0.0014141413542239996,-0.005046129608109675,0.008380387281440409,18.0,,13.0
2026-04-14,cv_2,ols_all,all,fy_operating_margin,-2.2472205054244303,0.0006292846433229355,-0.0014141413542239996,-0.005046129608109675,-0.018554216068060504,19.0,,14.0
2026-04-15,cv_2,ols_all,all,fy_operating_margin,-2.2472205054244303,0.0006292846433229355,-0.0014141413542239996,-0.005046129608109675,-0.026961597217996465,18.0,,14.0
2026-04-16,cv_2,ols_all,all,fy_operating_margin,-2.2472205054244303,0.0006292846433229355,-0.0014141413542239996,-0.005046129608109675,-0.042266962653137986,18.0,,14.0
2026-04-17,cv_2,ols_all,all,fy_operating_margin,-2.2472205054244303,0.0006292846433229355,-0.0014141413542239996,-0.005046129608109675,-0.06714983949902716,18.0,,14.0
2026-04-20,cv_2,ols_all,all,fy_operating_margin,-2.2472205054244303,0.0006292846433229355,-0.0014141413542239996,-0.005046129608109675,-0.0732245700160639,18.0,,14.0
2026-04-21,cv_2,ols_all,all,fy_operating_margin,-2.2472205054244303,0.0006292846433229355,-0.0014141413542239996,-0.005046129608109675,-0.07332249580983567,17.0,,14.0
2026-04-22,cv_2,ols_all,all,fy_operating_margin,-2.2472205054244303,0.0006292846433229355,-0.0014141413542239996,-0.005046129608109675,-0.08961763359046056,17.0,,14.0
2026-04-23,cv_2,ols_all,all,fy_operating_margin,-2.2472205054244303,0.0006292846433229355,-0.0014141413542239996,-0.005046129608109675,-0.07900828582525736,17.0,,14.0
2026-04-24,cv_2,ols_all,all,fy_operating_margin,-2.2472205054244303,0.0006292846433229355,-0.0014141413542239996,-0.005046129608109675,-0.10183115893849083,18.0,,15.0
2026-04-27,cv_2,ols_all,all,fy_operating_margin,-2.2472205054244303,0.0006292846433229355,-0.0014141413542239996,-0.005046129608109675,-0.11447720821864184,19.0,,16.0
2026-04-28,cv_2,ols_all,all,fy_operating_margin,-2.2472205054244303,0.0006292846433229355,-0.0014141413542239996,-0.005046129608109675,-0.10685097550013618,18.0,,16.0
2026-04-29,cv_2,ols_all,all,fy_operating_margin,-2.2472205054244303,0.0006292846433229355,-0.0014141413542239996,-0.005046129608109675,-0.11846412682287329,19.0,,16.0
2026-04-30,cv_2,ols_all,all,fy_operating_margin,-2.2472205054244303,0.0006292846433229355,-0.0014141413542239996,-0.005046129608109675,-0.09935158267724357,20.0,,17.0
2026-05-01,cv_2,ols_all,all,fy_operating_margin,-2.2472205054244303,0.0006292846433229355,-0.0014141413542239996,-0.005046129608109675,-0.12423143652449502,18.0,,16.0
2026-05-04,cv_2,ols_all,all,fy_operating_margin,-2.2472205054244303,0.0006292846433229355,-0.0014141413542239996,-0.005046129608109675,-0.11507038303971014,18.0,,16.0
2026-05-05,cv_2,ols_all,all,fy_operating_margin,-2.2472205054244303,0.0006292846433229355,-0.0014141413542239996,-0.005046129608109675,-0.11640218060872125,17.0,,16.0
2026-05-06,cv_2,ols_all,all,fy_operating_margin,-2.2472205054244303,0.0006292846433229355,-0.0014141413542239996,-0.005046129608109675,-0.13063715354180902,19.0,,16.0
2026-05-07,cv_2,ols_all,all,fy_operating_margin,-2.2472205054244303,0.0006292846433229355,-0.0014141413542239996,-0.005046129608109675,-0.13465453198363303,18.0,,16.0
2026-04-02,cv_2,ols_all,all,fy_net_margin,-2.2472205054244565,0.0006292846433260167,-0.0014141413542309402,-0.005046129608109675,0.05758549065297384,10.0,,4.0
2026-04-06,cv_2,ols_all,all,fy_net_margin,-2.2472205054244565,0.0006292846433260167,-0.0014141413542309402,-0.005046129608109675,0.05088817192805683,9.0,,4.0
2026-04-07,cv_2,ols_all,all,fy_net_margin,-2.2472205054244565,0.0006292846433260167,-0.0014141413542309402,-0.005046129608109675,0.04054141419001232,9.0,,4.0
2026-04-08,cv_2,ols_all,all,fy_net_margin,-2.2472205054244565,0.0006292846433260167,-0.0014141413542309402,-0.005046129608109675,0.025601751932945484,9.0,,4.0
2026-04-09,cv_2,ols_all,all,fy_net_margin,-2.2472205054244565,0.0006292846433260167,-0.0014141413542309402,-0.005046129608109675,0.025054036398641004,9.0,,4.0
2026-04-10,cv_2,ols_all,all,fy_net_margin,-2.2472205054244565,0.0006292846433260167,-0.0014141413542309402,-0.005046129608109675,0.011725553214410189,10.0,,4.0
2026-04-13,cv_2,ols_all,all,fy_net_margin,-2.2472205054244565,0.0006292846433260167,-0.0014141413542309402,-0.005046129608109675,0.008380387281440409,9.0,,4.0
2026-04-14,cv_2,ols_all,all,fy_net_margin,-2.2472205054244565,0.0006292846433260167,-0.0014141413542309402,-0.005046129608109675,-0.018554216068060504,10.0,,5.0
2026-04-15,cv_2,ols_all,all,fy_net_margin,-2.2472205054244565,0.0006292846433260167,-0.0014141413542309402,-0.005046129608109675,-0.026961597217996465,9.0,,5.0
2026-04-16,cv_2,ols_all,all,fy_net_margin,-2.2472205054244565,0.0006292846433260167,-0.0014141413542309402,-0.005046129608109675,-0.042266962653137986,9.0,,5.0
2026-04-17,cv_2,ols_all,all,fy_net_margin,-2.2472205054244565,0.0006292846433260167,-0.0014141413542309402,-0.005046129608109675,-0.06714983949902716,9.0,,5.0
2026-04-20,cv_2,ols_all,all,fy_net_margin,-2.2472205054244565,0.0006292846433260167,-0.0014141413542309402,-0.005046129608109675,-0.0732245700160639,9.0,,5.0
2026-04-21,cv_2,ols_all,all,fy_net_margin,-2.2472205054244565,0.0006292846433260167,-0.0014141413542309402,-0.005046129608109675,-0.07332249580983567,8.0,,5.0
2026-04-22,cv_2,ols_all,all,fy_net_margin,-2.2472205054244565,0.0006292846433260167,-0.0014141413542309402,-0.005046129608109675,-0.08961763359046056,8.0,,5.0
2026-04-23,cv_2,ols_all,all,fy_net_margin,-2.2472205054244565,0.0006292846433260167,-0.0014141413542309402,-0.005046129608109675,-0.07900828582525736,8.0,,5.0
2026-04-24,cv_2,ols_all,all,fy_net_margin,-2.2472205054244565,0.0006292846433260167,-0.0014141413542309402,-0.005046129608109675,-0.10183115893849083,9.0,,6.0
2026-04-27,cv_2,ols_all,all,fy_net_margin,-2.2472205054244565,0.0006292846433260167,-0.0014141413542309402,-0.005046129608109675,-0.11447720821864184,10.0,,7.0
2026-04-28,cv_2,ols_all,all,fy_net_margin,-2.2472205054244565,0.0006292846433260167,-0.0014141413542309402,-0.005046129608109675,-0.10685097550013618,9.0,,7.0
2026-04-29,cv_2,ols_all,all,fy_net_margin,-2.2472205054244565,0.0006292846433260167,-0.0014141413542309402,-0.005046129608109675,-0.11846412682287329,10.0,,7.0
2026-04-30,cv_2,ols_all,all,fy_net_margin,-2.2472205054244565,0.0006292846433260167,-0.0014141413542309402,-0.005046129608109675,-0.09935158267724357,11.0,,8.0
2026-05-01,cv_2,ols_all,all,fy_net_margin,-2.2472205054244565,0.0006292846433260167,-0.0014141413542309402,-0.005046129608109675,-0.12423143652449502,9.0,,7.0
2026-05-04,cv_2,ols_all,all,fy_net_margin,-2.2472205054244565,0.0006292846433260167,-0.0014141413542309402,-0.005046129608109675,-0.11507038303971014,9.0,,7.0
2026-05-05,cv_2,ols_all,all,fy_net_margin,-2.2472205054244565,0.0006292846433260167,-0.0014141413542309402,-0.005046129608109675,-0.11640218060872125,8.0,,7.0
2026-05-06,cv_2,ols_all,all,fy_net_margin,-2.2472205054244565,0.0006292846433260167,-0.0014141413542309402,-0.005046129608109675,-0.13063715354180902,10.0,,7.0
2026-05-07,cv_2,ols_all,all,fy_net_margin,-2.2472205054244565,0.0006292846433260167,-0.0014141413542309402,-0.005046129608109675,-0.13465453198363303,9.0,,7.0
2026-04-02,cv_2,ols_all,all,fy_rd_to_revenue,-2.247220505424425,0.0006292846433260584,-0.001414141354231014,-0.005046129608109675,0.05758549065297384,9.0,,3.0
2026-04-06,cv_2,ols_all,all,fy_rd_to_revenue,-2.247220505424425,0.0006292846433260584,-0.001414141354231014,-0.005046129608109675,0.05088817192805683,8.0,,3.0
2026-04-07,cv_2,ols_all,all,fy_rd_to_revenue,-2.247220505424425,0.0006292846433260584,-0.001414141354231014,-0.005046129608109675,0.04054141419001232,8.0,,3.0
2026-04-08,cv_2,ols_all,all,fy_rd_to_revenue,-2.247220505424425,0.0006292846433260584,-0.001414141354231014,-0.005046129608109675,0.025601751932945484,8.0,,3.0
2026-04-09,cv_2,ols_all,all,fy_rd_to_revenue,-2.247220505424425,0.0006292846433260584,-0.001414141354231014,-0.005046129608109675,0.025054036398641004,8.0,,3.0
2026-04-10,cv_2,ols_all,all,fy_rd_to_revenue,-2.247220505424425,0.0006292846433260584,-0.001414141354231014,-0.005046129608109675,0.011725553214410189,9.0,,3.0
2026-04-13,cv_2,ols_all,all,fy_rd_to_revenue,-2.247220505424425,0.0006292846433260584,-0.001414141354231014,-0.005046129608109675,0.008380387281440409,8.0,,3.0
2026-04-14,cv_2,ols_all,all,fy_rd_to_revenue,-2.247220505424425,0.0006292846433260584,-0.001414141354231014,-0.005046129608109675,-0.018554216068060504,9.0,,4.0
2026-04-15,cv_2,ols_all,all,fy_rd_to_revenue,-2.247220505424425,0.0006292846433260584,-0.001414141354231014,-0.005046129608109675,-0.026961597217996465,8.0,,4.0
2026-04-16,cv_2,ols_all,all,fy_rd_to_revenue,-2.247220505424425,0.0006292846433260584,-0.001414141354231014,-0.005046129608109675,-0.042266962653137986,8.0,,4.0
2026-04-17,cv_2,ols_all,all,fy_rd_to_revenue,-2.247220505424425,0.0006292846433260584,-0.001414141354231014,-0.005046129608109675,-0.06714983949902716,8.0,,4.0
2026-04-20,cv_2,ols_all,all,fy_rd_to_revenue,-2.247220505424425,0.0006292846433260584,-0.001414141354231014,-0.005046129608109675,-0.0732245700160639,8.0,,4.0
2026-04-21,cv_2,ols_all,all,fy_rd_to_revenue,-2.247220505424425,0.0006292846433260584,-0.001414141354231014,-0.005046129608109675,-0.07332249580983567,7.0,,4.0
2026-04-22,cv_2,ols_all,all,fy_rd_to_revenue,-2.247220505424425,0.0006292846433260584,-0.001414141354231014,-0.005046129608109675,-0.08961763359046056,7.0,,4.0
2026-04-23,cv_2,ols_all,all,fy_rd_to_revenue,-2.247220505424425,0.0006292846433260584,-0.001414141354231014,-0.005046129608109675,-0.07900828582525736,7.0,,4.0
2026-04-24,cv_2,ols_all,all,fy_rd_to_revenue,-2.247220505424425,0.0006292846433260584,-0.001414141354231014,-0.005046129608109675,-0.10183115893849083,8.0,,5.0
2026-04-27,cv_2,ols_all,all,fy_rd_to_revenue,-2.247220505424425,0.0006292846433260584,-0.001414141354231014,-0.005046129608109675,-0.11447720821864184,9.0,,6.0
2026-04-28,cv_2,ols_all,all,fy_rd_to_revenue,-2.247220505424425,0.0006292846433260584,-0.001414141354231014,-0.005046129608109675,-0.10685097550013618,8.0,,6.0
2026-04-29,cv_2,ols_all,all,fy_rd_to_revenue,-2.247220505424425,0.0006292846433260584,-0.001414141354231014,-0.005046129608109675,-0.11846412682287329,9.0,,6.0
2026-04-30,cv_2,ols_all,all,fy_rd_to_revenue,-2.247220505424425,0.0006292846433260584,-0.001414141354231014,-0.005046129608109675,-0.09935158267724357,10.0,,7.0
2026-05-01,cv_2,ols_all,all,fy_rd_to_revenue,-2.247220505424425,0.0006292846433260584,-0.001414141354231014,-0.005046129608109675,-0.12423143652449502,8.0,,6.0
2026-05-04,cv_2,ols_all,all,fy_rd_to_revenue,-2.247220505424425,0.0006292846433260584,-0.001414141354231014,-0.005046129608109675,-0.11507038303971014,8.0,,6.0
2026-05-05,cv_2,ols_all,all,fy_rd_to_revenue,-2.247220505424425,0.0006292846433260584,-0.001414141354231014,-0.005046129608109675,-0.11640218060872125,7.0,,6.0
2026-05-06,cv_2,ols_all,all,fy_rd_to_revenue,-2.247220505424425,0.0006292846433260584,-0.001414141354231014,-0.005046129608109675,-0.13063715354180902,9.0,,6.0
2026-05-07,cv_2,ols_all,all,fy_rd_to_revenue,-2.247220505424425,0.0006292846433260584,-0.001414141354231014,-0.005046129608109675,-0.13465453198363303,8.0,,6.0
2026-04-02,cv_2,ols_all,all,fy_sga_to_revenue,-2.2472205054244196,0.0006292846433234247,-0.0014141413542250922,-0.005046129608109675,0.05758549065297384,18.0,,12.0
2026-04-06,cv_2,ols_all,all,fy_sga_to_revenue,-2.2472205054244196,0.0006292846433234247,-0.0014141413542250922,-0.005046129608109675,0.05088817192805683,17.0,,12.0
2026-04-07,cv_2,ols_all,all,fy_sga_to_revenue,-2.2472205054244196,0.0006292846433234247,-0.0014141413542250922,-0.005046129608109675,0.04054141419001232,17.0,,12.0
2026-04-08,cv_2,ols_all,all,fy_sga_to_revenue,-2.2472205054244196,0.0006292846433234247,-0.0014141413542250922,-0.005046129608109675,0.025601751932945484,17.0,,12.0
2026-04-09,cv_2,ols_all,all,fy_sga_to_revenue,-2.2472205054244196,0.0006292846433234247,-0.0014141413542250922,-0.005046129608109675,0.025054036398641004,17.0,,12.0
2026-04-10,cv_2,ols_all,all,fy_sga_to_revenue,-2.2472205054244196,0.0006292846433234247,-0.0014141413542250922,-0.005046129608109675,0.011725553214410189,18.0,,12.0
2026-04-13,cv_2,ols_all,all,fy_sga_to_revenue,-2.2472205054244196,0.0006292846433234247,-0.0014141413542250922,-0.005046129608109675,0.008380387281440409,17.0,,12.0
2026-04-14,cv_2,ols_all,all,fy_sga_to_revenue,-2.2472205054244196,0.0006292846433234247,-0.0014141413542250922,-0.005046129608109675,-0.018554216068060504,18.0,,13.0
2026-04-15,cv_2,ols_all,all,fy_sga_to_revenue,-2.2472205054244196,0.0006292846433234247,-0.0014141413542250922,-0.005046129608109675,-0.026961597217996465,17.0,,13.0
2026-04-16,cv_2,ols_all,all,fy_sga_to_revenue,-2.2472205054244196,0.0006292846433234247,-0.0014141413542250922,-0.005046129608109675,-0.042266962653137986,17.0,,13.0
2026-04-17,cv_2,ols_all,all,fy_sga_to_revenue,-2.2472205054244196,0.0006292846433234247,-0.0014141413542250922,-0.005046129608109675,-0.06714983949902716,17.0,,13.0
2026-04-20,cv_2,ols_all,all,fy_sga_to_revenue,-2.2472205054244196,0.0006292846433234247,-0.0014141413542250922,-0.005046129608109675,-0.0732245700160639,17.0,,13.0
2026-04-21,cv_2,ols_all,all,fy_sga_to_revenue,-2.2472205054244196,0.0006292846433234247,-0.0014141413542250922,-0.005046129608109675,-0.07332249580983567,16.0,,13.0
2026-04-22,cv_2,ols_all,all,fy_sga_to_revenue,-2.2472205054244196,0.0006292846433234247,-0.0014141413542250922,-0.005046129608109675,-0.08961763359046056,16.0,,13.0
2026-04-23,cv_2,ols_all,all,fy_sga_to_revenue,-2.2472205054244196,0.0006292846433234247,-0.0014141413542250922,-0.005046129608109675,-0.07900828582525736,16.0,,13.0
2026-04-24,cv_2,ols_all,all,fy_sga_to_revenue,-2.2472205054244196,0.0006292846433234247,-0.0014141413542250922,-0.005046129608109675,-0.10183115893849083,17.0,,14.0
2026-04-27,cv_2,ols_all,all,fy_sga_to_revenue,-2.2472205054244196,0.0006292846433234247,-0.0014141413542250922,-0.005046129608109675,-0.11447720821864184,18.0,,15.0
2026-04-28,cv_2,ols_all,all,fy_sga_to_revenue,-2.2472205054244196,0.0006292846433234247,-0.0014141413542250922,-0.005046129608109675,-0.10685097550013618,17.0,,15.0
2026-04-29,cv_2,ols_all,all,fy_sga_to_revenue,-2.2472205054244196,0.0006292846433234247,-0.0014141413542250922,-0.005046129608109675,-0.11846412682287329,18.0,,15.0
2026-04-30,cv_2,ols_all,all,fy_sga_to_revenue,-2.2472205054244196,0.0006292846433234247,-0.0014141413542250922,-0.005046129608109675,-0.09935158267724357,19.0,,16.0
2026-05-01,cv_2,ols_all,all,fy_sga_to_revenue,-2.2472205054244196,0.0006292846433234247,-0.0014141413542250922,-0.005046129608109675,-0.12423143652449502,17.0,,15.0
2026-05-04,cv_2,ols_all,all,fy_sga_to_revenue,-2.2472205054244196,0.0006292846433234247,-0.0014141413542250922,-0.005046129608109675,-0.11507038303971014,17.0,,15.0
2026-05-05,cv_2,ols_all,all,fy_sga_to_revenue,-2.2472205054244196,0.0006292846433234247,-0.0014141413542250922,-0.005046129608109675,-0.11640218060872125,16.0,,15.0
2026-05-06,cv_2,ols_all,all,fy_sga_to_revenue,-2.2472205054244196,0.0006292846433234247,-0.0014141413542250922,-0.005046129608109675,-0.13063715354180902,18.0,,15.0
2026-05-07,cv_2,ols_all,all,fy_sga_to_revenue,-2.2472205054244196,0.0006292846433234247,-0.0014141413542250922,-0.005046129608109675,-0.13465453198363303,17.0,,15.0
2026-04-02,cv_2,ols_all,all,fy_ocf_margin,-2.247220505424396,0.0006292846433256799,-0.001414141354230145,-0.005046129608109675,0.05758549065297384,11.0,,5.0
2026-04-06,cv_2,ols_all,all,fy_ocf_margin,-2.247220505424396,0.0006292846433256799,-0.001414141354230145,-0.005046129608109675,0.05088817192805683,10.0,,5.0
2026-04-07,cv_2,ols_all,all,fy_ocf_margin,-2.247220505424396,0.0006292846433256799,-0.001414141354230145,-0.005046129608109675,0.04054141419001232,10.0,,5.0
2026-04-08,cv_2,ols_all,all,fy_ocf_margin,-2.247220505424396,0.0006292846433256799,-0.001414141354230145,-0.005046129608109675,0.025601751932945484,10.0,,5.0
2026-04-09,cv_2,ols_all,all,fy_ocf_margin,-2.247220505424396,0.0006292846433256799,-0.001414141354230145,-0.005046129608109675,0.025054036398641004,10.0,,5.0
2026-04-10,cv_2,ols_all,all,fy_ocf_margin,-2.247220505424396,0.0006292846433256799,-0.001414141354230145,-0.005046129608109675,0.011725553214410189,11.0,,5.0
2026-04-13,cv_2,ols_all,all,fy_ocf_margin,-2.247220505424396,0.0006292846433256799,-0.001414141354230145,-0.005046129608109675,0.008380387281440409,10.0,,5.0
2026-04-14,cv_2,ols_all,all,fy_ocf_margin,-2.247220505424396,0.0006292846433256799,-0.001414141354230145,-0.005046129608109675,-0.018554216068060504,11.0,,6.0
2026-04-15,cv_2,ols_all,all,fy_ocf_margin,-2.247220505424396,0.0006292846433256799,-0.001414141354230145,-0.005046129608109675,-0.026961597217996465,10.0,,6.0
2026-04-16,cv_2,ols_all,all,fy_ocf_margin,-2.247220505424396,0.0006292846433256799,-0.001414141354230145,-0.005046129608109675,-0.042266962653137986,10.0,,6.0
2026-04-17,cv_2,ols_all,all,fy_ocf_margin,-2.247220505424396,0.0006292846433256799,-0.001414141354230145,-0.005046129608109675,-0.06714983949902716,10.0,,6.0
2026-04-20,cv_2,ols_all,all,fy_ocf_margin,-2.247220505424396,0.0006292846433256799,-0.001414141354230145,-0.005046129608109675,-0.0732245700160639,10.0,,6.0
2026-04-21,cv_2,ols_all,all,fy_ocf_margin,-2.247220505424396,0.0006292846433256799,-0.001414141354230145,-0.005046129608109675,-0.07332249580983567,9.0,,6.0
2026-04-22,cv_2,ols_all,all,fy_ocf_margin,-2.247220505424396,0.0006292846433256799,-0.001414141354230145,-0.005046129608109675,-0.08961763359046056,9.0,,6.0
2026-04-23,cv_2,ols_all,all,fy_ocf_margin,-2.247220505424396,0.0006292846433256799,-0.001414141354230145,-0.005046129608109675,-0.07900828582525736,9.0,,6.0
2026-04-24,cv_2,ols_all,all,fy_ocf_margin,-2.247220505424396,0.0006292846433256799,-0.001414141354230145,-0.005046129608109675,-0.10183115893849083,10.0,,7.0
2026-04-27,cv_2,ols_all,all,fy_ocf_margin,-2.247220505424396,0.0006292846433256799,-0.001414141354230145,-0.005046129608109675,-0.11447720821864184,11.0,,8.0
2026-04-28,cv_2,ols_all,all,fy_ocf_margin,-2.247220505424396,0.0006292846433256799,-0.001414141354230145,-0.005046129608109675,-0.10685097550013618,10.0,,8.0
2026-04-29,cv_2,ols_all,all,fy_ocf_margin,-2.247220505424396,0.0006292846433256799,-0.001414141354230145,-0.005046129608109675,-0.11846412682287329,11.0,,8.0
2026-04-30,cv_2,ols_all,all,fy_ocf_margin,-2.247220505424396,0.0006292846433256799,-0.001414141354230145,-0.005046129608109675,-0.09935158267724357,12.0,,9.0
2026-05-01,cv_2,ols_all,all,fy_ocf_margin,-2.247220505424396,0.0006292846433256799,-0.001414141354230145,-0.005046129608109675,-0.12423143652449502,10.0,,8.0
2026-05-04,cv_2,ols_all,all,fy_ocf_margin,-2.247220505424396,0.0006292846433256799,-0.001414141354230145,-0.005046129608109675,-0.11507038303971014,10.0,,8.0
2026-05-05,cv_2,ols_all,all,fy_ocf_margin,-2.247220505424396,0.0006292846433256799,-0.001414141354230145,-0.005046129608109675,-0.11640218060872125,9.0,,8.0
2026-05-06,cv_2,ols_all,all,fy_ocf_margin,-2.247220505424396,0.0006292846433256799,-0.001414141354230145,-0.005046129608109675,-0.13063715354180902,11.0,,8.0
2026-05-07,cv_2,ols_all,all,fy_ocf_margin,-2.247220505424396,0.0006292846433256799,-0.001414141354230145,-0.005046129608109675,-0.13465453198363303,10.0,,8.0
2026-04-02,cv_2,ols_all,all,fy_revenue_growth_yoy,-2.247220505424425,0.0006292846433234247,-0.0014141413542250955,-0.005046129608109675,0.05758549065297384,17.0,,11.0
2026-04-06,cv_2,ols_all,all,fy_revenue_growth_yoy,-2.247220505424425,0.0006292846433234247,-0.0014141413542250955,-0.005046129608109675,0.05088817192805683,16.0,,11.0
2026-04-07,cv_2,ols_all,all,fy_revenue_growth_yoy,-2.247220505424425,0.0006292846433234247,-0.0014141413542250955,-0.005046129608109675,0.04054141419001232,16.0,,11.0
2026-04-08,cv_2,ols_all,all,fy_revenue_growth_yoy,-2.247220505424425,0.0006292846433234247,-0.0014141413542250955,-0.005046129608109675,0.025601751932945484,16.0,,11.0
2026-04-09,cv_2,ols_all,all,fy_revenue_growth_yoy,-2.247220505424425,0.0006292846433234247,-0.0014141413542250955,-0.005046129608109675,0.025054036398641004,16.0,,11.0
2026-04-10,cv_2,ols_all,all,fy_revenue_growth_yoy,-2.247220505424425,0.0006292846433234247,-0.0014141413542250955,-0.005046129608109675,0.011725553214410189,17.0,,11.0
2026-04-13,cv_2,ols_all,all,fy_revenue_growth_yoy,-2.247220505424425,0.0006292846433234247,-0.0014141413542250955,-0.005046129608109675,0.008380387281440409,16.0,,11.0
2026-04-14,cv_2,ols_all,all,fy_revenue_growth_yoy,-2.247220505424425,0.0006292846433234247,-0.0014141413542250955,-0.005046129608109675,-0.018554216068060504,17.0,,12.0
2026-04-15,cv_2,ols_all,all,fy_revenue_growth_yoy,-2.247220505424425,0.0006292846433234247,-0.0014141413542250955,-0.005046129608109675,-0.026961597217996465,16.0,,12.0
2026-04-16,cv_2,ols_all,all,fy_revenue_growth_yoy,-2.247220505424425,0.0006292846433234247,-0.0014141413542250955,-0.005046129608109675,-0.042266962653137986,16.0,,12.0
2026-04-17,cv_2,ols_all,all,fy_revenue_growth_yoy,-2.247220505424425,0.0006292846433234247,-0.0014141413542250955,-0.005046129608109675,-0.06714983949902716,16.0,,12.0
2026-04-20,cv_2,ols_all,all,fy_revenue_growth_yoy,-2.247220505424425,0.0006292846433234247,-0.0014141413542250955,-0.005046129608109675,-0.0732245700160639,16.0,,12.0
2026-04-21,cv_2,ols_all,all,fy_revenue_growth_yoy,-2.247220505424425,0.0006292846433234247,-0.0014141413542250955,-0.005046129608109675,-0.07332249580983567,15.0,,12.0
2026-04-22,cv_2,ols_all,all,fy_revenue_growth_yoy,-2.247220505424425,0.0006292846433234247,-0.0014141413542250955,-0.005046129608109675,-0.08961763359046056,15.0,,12.0
2026-04-23,cv_2,ols_all,all,fy_revenue_growth_yoy,-2.247220505424425,0.0006292846433234247,-0.0014141413542250955,-0.005046129608109675,-0.07900828582525736,15.0,,12.0
2026-04-24,cv_2,ols_all,all,fy_revenue_growth_yoy,-2.247220505424425,0.0006292846433234247,-0.0014141413542250955,-0.005046129608109675,-0.10183115893849083,16.0,,13.0
2026-04-27,cv_2,ols_all,all,fy_revenue_growth_yoy,-2.247220505424425,0.0006292846433234247,-0.0014141413542250955,-0.005046129608109675,-0.11447720821864184,17.0,,14.0
2026-04-28,cv_2,ols_all,all,fy_revenue_growth_yoy,-2.247220505424425,0.0006292846433234247,-0.0014141413542250955,-0.005046129608109675,-0.10685097550013618,16.0,,14.0
2026-04-29,cv_2,ols_all,all,fy_revenue_growth_yoy,-2.247220505424425,0.0006292846433234247,-0.0014141413542250955,-0.005046129608109675,-0.11846412682287329,17.0,,14.0
2026-04-30,cv_2,ols_all,all,fy_revenue_growth_yoy,-2.247220505424425,0.0006292846433234247,-0.0014141413542250955,-0.005046129608109675,-0.09935158267724357,18.0,,15.0
2026-05-01,cv_2,ols_all,all,fy_revenue_growth_yoy,-2.247220505424425,0.0006292846433234247,-0.0014141413542250955,-0.005046129608109675,-0.12423143652449502,16.0,,14.0
2026-05-04,cv_2,ols_all,all,fy_revenue_growth_yoy,-2.247220505424425,0.0006292846433234247,-0.0014141413542250955,-0.005046129608109675,-0.11507038303971014,16.0,,14.0
2026-05-05,cv_2,ols_all,all,fy_revenue_growth_yoy,-2.247220505424425,0.0006292846433234247,-0.0014141413542250955,-0.005046129608109675,-0.11640218060872125,15.0,,14.0
2026-05-06,cv_2,ols_all,all,fy_revenue_growth_yoy,-2.247220505424425,0.0006292846433234247,-0.0014141413542250955,-0.005046129608109675,-0.13063715354180902,17.0,,14.0
2026-05-07,cv_2,ols_all,all,fy_revenue_growth_yoy,-2.247220505424425,0.0006292846433234247,-0.0014141413542250955,-0.005046129608109675,-0.13465453198363303,16.0,,14.0
2026-04-02,cv_2,ols_all,all,fy_gross_profit_growth_yoy,-2.2472205054244228,0.0006292846433255777,-0.0014141413542299323,-0.005046129608109675,0.05758549065297384,13.0,,7.0
2026-04-06,cv_2,ols_all,all,fy_gross_profit_growth_yoy,-2.2472205054244228,0.0006292846433255777,-0.0014141413542299323,-0.005046129608109675,0.05088817192805683,12.0,,7.0
2026-04-07,cv_2,ols_all,all,fy_gross_profit_growth_yoy,-2.2472205054244228,0.0006292846433255777,-0.0014141413542299323,-0.005046129608109675,0.04054141419001232,12.0,,7.0
2026-04-08,cv_2,ols_all,all,fy_gross_profit_growth_yoy,-2.2472205054244228,0.0006292846433255777,-0.0014141413542299323,-0.005046129608109675,0.025601751932945484,12.0,,7.0
2026-04-09,cv_2,ols_all,all,fy_gross_profit_growth_yoy,-2.2472205054244228,0.0006292846433255777,-0.0014141413542299323,-0.005046129608109675,0.025054036398641004,12.0,,7.0
2026-04-10,cv_2,ols_all,all,fy_gross_profit_growth_yoy,-2.2472205054244228,0.0006292846433255777,-0.0014141413542299323,-0.005046129608109675,0.011725553214410189,13.0,,7.0
2026-04-13,cv_2,ols_all,all,fy_gross_profit_growth_yoy,-2.2472205054244228,0.0006292846433255777,-0.0014141413542299323,-0.005046129608109675,0.008380387281440409,12.0,,7.0
2026-04-14,cv_2,ols_all,all,fy_gross_profit_growth_yoy,-2.2472205054244228,0.0006292846433255777,-0.0014141413542299323,-0.005046129608109675,-0.018554216068060504,13.0,,8.0
2026-04-15,cv_2,ols_all,all,fy_gross_profit_growth_yoy,-2.2472205054244228,0.0006292846433255777,-0.0014141413542299323,-0.005046129608109675,-0.026961597217996465,12.0,,8.0
2026-04-16,cv_2,ols_all,all,fy_gross_profit_growth_yoy,-2.2472205054244228,0.0006292846433255777,-0.0014141413542299323,-0.005046129608109675,-0.042266962653137986,12.0,,8.0
2026-04-17,cv_2,ols_all,all,fy_gross_profit_growth_yoy,-2.2472205054244228,0.0006292846433255777,-0.0014141413542299323,-0.005046129608109675,-0.06714983949902716,12.0,,8.0
2026-04-20,cv_2,ols_all,all,fy_gross_profit_growth_yoy,-2.2472205054244228,0.0006292846433255777,-0.0014141413542299323,-0.005046129608109675,-0.0732245700160639,12.0,,8.0
2026-04-21,cv_2,ols_all,all,fy_gross_profit_growth_yoy,-2.2472205054244228,0.0006292846433255777,-0.0014141413542299323,-0.005046129608109675,-0.07332249580983567,11.0,,8.0
2026-04-22,cv_2,ols_all,all,fy_gross_profit_growth_yoy,-2.2472205054244228,0.0006292846433255777,-0.0014141413542299323,-0.005046129608109675,-0.08961763359046056,11.0,,8.0
2026-04-23,cv_2,ols_all,all,fy_gross_profit_growth_yoy,-2.2472205054244228,0.0006292846433255777,-0.0014141413542299323,-0.005046129608109675,-0.07900828582525736,11.0,,8.0
2026-04-24,cv_2,ols_all,all,fy_gross_profit_growth_yoy,-2.2472205054244228,0.0006292846433255777,-0.0014141413542299323,-0.005046129608109675,-0.10183115893849083,12.0,,9.0
2026-04-27,cv_2,ols_all,all,fy_gross_profit_growth_yoy,-2.2472205054244228,0.0006292846433255777,-0.0014141413542299323,-0.005046129608109675,-0.11447720821864184,13.0,,10.0
2026-04-28,cv_2,ols_all,all,fy_gross_profit_growth_yoy,-2.2472205054244228,0.0006292846433255777,-0.0014141413542299323,-0.005046129608109675,-0.10685097550013618,12.0,,10.0
2026-04-29,cv_2,ols_all,all,fy_gross_profit_growth_yoy,-2.2472205054244228,0.0006292846433255777,-0.0014141413542299323,-0.005046129608109675,-0.11846412682287329,13.0,,10.0
2026-04-30,cv_2,ols_all,all,fy_gross_profit_growth_yoy,-2.2472205054244228,0.0006292846433255777,-0.0014141413542299323,-0.005046129608109675,-0.09935158267724357,14.0,,11.0
2026-05-01,cv_2,ols_all,all,fy_gross_profit_growth_yoy,-2.2472205054244228,0.0006292846433255777,-0.0014141413542299323,-0.005046129608109675,-0.12423143652449502,12.0,,10.0
2026-05-04,cv_2,ols_all,all,fy_gross_profit_growth_yoy,-2.2472205054244228,0.0006292846433255777,-0.0014141413542299323,-0.005046129608109675,-0.11507038303971014,12.0,,10.0
2026-05-05,cv_2,ols_all,all,fy_gross_profit_growth_yoy,-2.2472205054244228,0.0006292846433255777,-0.0014141413542299323,-0.005046129608109675,-0.11640218060872125,11.0,,10.0
2026-05-06,cv_2,ols_all,all,fy_gross_profit_growth_yoy,-2.2472205054244228,0.0006292846433255777,-0.0014141413542299323,-0.005046129608109675,-0.13063715354180902,13.0,,10.0
2026-05-07,cv_2,ols_all,all,fy_gross_profit_growth_yoy,-2.2472205054244228,0.0006292846433255777,-0.0014141413542299323,-0.005046129608109675,-0.13465453198363303,12.0,,10.0
2026-04-02,cv_2,ols_all,all,fy_operating_income_growth_yoy,-2.2472205054244223,0.0006292846433238257,-0.0014141413542259947,-0.005046129608109675,0.05758549065297384,15.0,,9.0
2026-04-06,cv_2,ols_all,all,fy_operating_income_growth_yoy,-2.2472205054244223,0.0006292846433238257,-0.0014141413542259947,-0.005046129608109675,0.05088817192805683,14.0,,9.0
2026-04-07,cv_2,ols_all,all,fy_operating_income_growth_yoy,-2.2472205054244223,0.0006292846433238257,-0.0014141413542259947,-0.005046129608109675,0.04054141419001232,14.0,,9.0
2026-04-08,cv_2,ols_all,all,fy_operating_income_growth_yoy,-2.2472205054244223,0.0006292846433238257,-0.0014141413542259947,-0.005046129608109675,0.025601751932945484,14.0,,9.0
2026-04-09,cv_2,ols_all,all,fy_operating_income_growth_yoy,-2.2472205054244223,0.0006292846433238257,-0.0014141413542259947,-0.005046129608109675,0.025054036398641004,14.0,,9.0
2026-04-10,cv_2,ols_all,all,fy_operating_income_growth_yoy,-2.2472205054244223,0.0006292846433238257,-0.0014141413542259947,-0.005046129608109675,0.011725553214410189,15.0,,9.0
2026-04-13,cv_2,ols_all,all,fy_operating_income_growth_yoy,-2.2472205054244223,0.0006292846433238257,-0.0014141413542259947,-0.005046129608109675,0.008380387281440409,14.0,,9.0
2026-04-14,cv_2,ols_all,all,fy_operating_income_growth_yoy,-2.2472205054244223,0.0006292846433238257,-0.0014141413542259947,-0.005046129608109675,-0.018554216068060504,15.0,,10.0
2026-04-15,cv_2,ols_all,all,fy_operating_income_growth_yoy,-2.2472205054244223,0.0006292846433238257,-0.0014141413542259947,-0.005046129608109675,-0.026961597217996465,14.0,,10.0
2026-04-16,cv_2,ols_all,all,fy_operating_income_growth_yoy,-2.2472205054244223,0.0006292846433238257,-0.0014141413542259947,-0.005046129608109675,-0.042266962653137986,14.0,,10.0
2026-04-17,cv_2,ols_all,all,fy_operating_income_growth_yoy,-2.2472205054244223,0.0006292846433238257,-0.0014141413542259947,-0.005046129608109675,-0.06714983949902716,14.0,,10.0
2026-04-20,cv_2,ols_all,all,fy_operating_income_growth_yoy,-2.2472205054244223,0.0006292846433238257,-0.0014141413542259947,-0.005046129608109675,-0.0732245700160639,14.0,,10.0
2026-04-21,cv_2,ols_all,all,fy_operating_income_growth_yoy,-2.2472205054244223,0.0006292846433238257,-0.0014141413542259947,-0.005046129608109675,-0.07332249580983567,13.0,,10.0
2026-04-22,cv_2,ols_all,all,fy_operating_income_growth_yoy,-2.2472205054244223,0.0006292846433238257,-0.0014141413542259947,-0.005046129608109675,-0.08961763359046056,13.0,,10.0
2026-04-23,cv_2,ols_all,all,fy_operating_income_growth_yoy,-2.2472205054244223,0.0006292846433238257,-0.0014141413542259947,-0.005046129608109675,-0.07900828582525736,13.0,,10.0
2026-04-24,cv_2,ols_all,all,fy_operating_income_growth_yoy,-2.2472205054244223,0.0006292846433238257,-0.0014141413542259947,-0.005046129608109675,-0.10183115893849083,14.0,,11.0
2026-04-27,cv_2,ols_all,all,fy_operating_income_growth_yoy,-2.2472205054244223,0.0006292846433238257,-0.0014141413542259947,-0.005046129608109675,-0.11447720821864184,15.0,,12.0
2026-04-28,cv_2,ols_all,all,fy_operating_income_growth_yoy,-2.2472205054244223,0.0006292846433238257,-0.0014141413542259947,-0.005046129608109675,-0.10685097550013618,14.0,,12.0
2026-04-29,cv_2,ols_all,all,fy_operating_income_growth_yoy,-2.2472205054244223,0.0006292846433238257,-0.0014141413542259947,-0.005046129608109675,-0.11846412682287329,15.0,,12.0
2026-04-30,cv_2,ols_all,all,fy_operating_income_growth_yoy,-2.2472205054244223,0.0006292846433238257,-0.0014141413542259947,-0.005046129608109675,-0.09935158267724357,16.0,,13.0
2026-05-01,cv_2,ols_all,all,fy_operating_income_growth_yoy,-2.2472205054244223,0.0006292846433238257,-0.0014141413542259947,-0.005046129608109675,-0.12423143652449502,14.0,,12.0
2026-05-04,cv_2,ols_all,all,fy_operating_income_growth_yoy,-2.2472205054244223,0.0006292846433238257,-0.0014141413542259947,-0.005046129608109675,-0.11507038303971014,14.0,,12.0
2026-05-05,cv_2,ols_all,all,fy_operating_income_growth_yoy,-2.2472205054244223,0.0006292846433238257,-0.0014141413542259947,-0.005046129608109675,-0.11640218060872125,13.0,,12.0
2026-05-06,cv_2,ols_all,all,fy_operating_income_growth_yoy,-2.2472205054244223,0.0006292846433238257,-0.0014141413542259947,-0.005046129608109675,-0.13063715354180902,15.0,,12.0
2026-05-07,cv_2,ols_all,all,fy_operating_income_growth_yoy,-2.2472205054244223,0.0006292846433238257,-0.0014141413542259947,-0.005046129608109675,-0.13465453198363303,14.0,,12.0
2026-04-02,cv_2,ols_all,all,fy_net_income_growth_yoy,-2.2472205054244228,0.000629284643325156,-0.0014141413542289845,-0.005046129608109675,0.05758549065297384,14.0,,8.0
2026-04-06,cv_2,ols_all,all,fy_net_income_growth_yoy,-2.2472205054244228,0.000629284643325156,-0.0014141413542289845,-0.005046129608109675,0.05088817192805683,13.0,,8.0
2026-04-07,cv_2,ols_all,all,fy_net_income_growth_yoy,-2.2472205054244228,0.000629284643325156,-0.0014141413542289845,-0.005046129608109675,0.04054141419001232,13.0,,8.0
2026-04-08,cv_2,ols_all,all,fy_net_income_growth_yoy,-2.2472205054244228,0.000629284643325156,-0.0014141413542289845,-0.005046129608109675,0.025601751932945484,13.0,,8.0
2026-04-09,cv_2,ols_all,all,fy_net_income_growth_yoy,-2.2472205054244228,0.000629284643325156,-0.0014141413542289845,-0.005046129608109675,0.025054036398641004,13.0,,8.0
2026-04-10,cv_2,ols_all,all,fy_net_income_growth_yoy,-2.2472205054244228,0.000629284643325156,-0.0014141413542289845,-0.005046129608109675,0.011725553214410189,14.0,,8.0
2026-04-13,cv_2,ols_all,all,fy_net_income_growth_yoy,-2.2472205054244228,0.000629284643325156,-0.0014141413542289845,-0.005046129608109675,0.008380387281440409,13.0,,8.0
2026-04-14,cv_2,ols_all,all,fy_net_income_growth_yoy,-2.2472205054244228,0.000629284643325156,-0.0014141413542289845,-0.005046129608109675,-0.018554216068060504,14.0,,9.0
2026-04-15,cv_2,ols_all,all,fy_net_income_growth_yoy,-2.2472205054244228,0.000629284643325156,-0.0014141413542289845,-0.005046129608109675,-0.026961597217996465,13.0,,9.0
2026-04-16,cv_2,ols_all,all,fy_net_income_growth_yoy,-2.2472205054244228,0.000629284643325156,-0.0014141413542289845,-0.005046129608109675,-0.042266962653137986,13.0,,9.0
2026-04-17,cv_2,ols_all,all,fy_net_income_growth_yoy,-2.2472205054244228,0.000629284643325156,-0.0014141413542289845,-0.005046129608109675,-0.06714983949902716,13.0,,9.0
2026-04-20,cv_2,ols_all,all,fy_net_income_growth_yoy,-2.2472205054244228,0.000629284643325156,-0.0014141413542289845,-0.005046129608109675,-0.0732245700160639,13.0,,9.0
2026-04-21,cv_2,ols_all,all,fy_net_income_growth_yoy,-2.2472205054244228,0.000629284643325156,-0.0014141413542289845,-0.005046129608109675,-0.07332249580983567,12.0,,9.0
2026-04-22,cv_2,ols_all,all,fy_net_income_growth_yoy,-2.2472205054244228,0.000629284643325156,-0.0014141413542289845,-0.005046129608109675,-0.08961763359046056,12.0,,9.0
2026-04-23,cv_2,ols_all,all,fy_net_income_growth_yoy,-2.2472205054244228,0.000629284643325156,-0.0014141413542289845,-0.005046129608109675,-0.07900828582525736,12.0,,9.0
2026-04-24,cv_2,ols_all,all,fy_net_income_growth_yoy,-2.2472205054244228,0.000629284643325156,-0.0014141413542289845,-0.005046129608109675,-0.10183115893849083,13.0,,10.0
2026-04-27,cv_2,ols_all,all,fy_net_income_growth_yoy,-2.2472205054244228,0.000629284643325156,-0.0014141413542289845,-0.005046129608109675,-0.11447720821864184,14.0,,11.0
2026-04-28,cv_2,ols_all,all,fy_net_income_growth_yoy,-2.2472205054244228,0.000629284643325156,-0.0014141413542289845,-0.005046129608109675,-0.10685097550013618,13.0,,11.0
2026-04-29,cv_2,ols_all,all,fy_net_income_growth_yoy,-2.2472205054244228,0.000629284643325156,-0.0014141413542289845,-0.005046129608109675,-0.11846412682287329,14.0,,11.0
2026-04-30,cv_2,ols_all,all,fy_net_income_growth_yoy,-2.2472205054244228,0.000629284643325156,-0.0014141413542289845,-0.005046129608109675,-0.09935158267724357,15.0,,12.0
2026-05-01,cv_2,ols_all,all,fy_net_income_growth_yoy,-2.2472205054244228,0.000629284643325156,-0.0014141413542289845,-0.005046129608109675,-0.12423143652449502,13.0,,11.0
2026-05-04,cv_2,ols_all,all,fy_net_income_growth_yoy,-2.2472205054244228,0.000629284643325156,-0.0014141413542289845,-0.005046129608109675,-0.11507038303971014,13.0,,11.0
2026-05-05,cv_2,ols_all,all,fy_net_income_growth_yoy,-2.2472205054244228,0.000629284643325156,-0.0014141413542289845,-0.005046129608109675,-0.11640218060872125,12.0,,11.0
2026-05-06,cv_2,ols_all,all,fy_net_income_growth_yoy,-2.2472205054244228,0.000629284643325156,-0.0014141413542289845,-0.005046129608109675,-0.13063715354180902,14.0,,11.0
2026-05-07,cv_2,ols_all,all,fy_net_income_growth_yoy,-2.2472205054244228,0.000629284643325156,-0.0014141413542289845,-0.005046129608109675,-0.13465453198363303,13.0,,11.0
2026-04-02,cv_2,ols_all,all,fy_rd_growth_yoy,-2.247220505424426,0.0006292846433224498,-0.0014141413542229052,-0.005046129608109675,0.05758549065297384,20.0,,14.0
2026-04-06,cv_2,ols_all,all,fy_rd_growth_yoy,-2.247220505424426,0.0006292846433224498,-0.0014141413542229052,-0.005046129608109675,0.05088817192805683,19.0,,14.0
2026-04-07,cv_2,ols_all,all,fy_rd_growth_yoy,-2.247220505424426,0.0006292846433224498,-0.0014141413542229052,-0.005046129608109675,0.04054141419001232,19.0,,14.0
2026-04-08,cv_2,ols_all,all,fy_rd_growth_yoy,-2.247220505424426,0.0006292846433224498,-0.0014141413542229052,-0.005046129608109675,0.025601751932945484,19.0,,14.0
2026-04-09,cv_2,ols_all,all,fy_rd_growth_yoy,-2.247220505424426,0.0006292846433224498,-0.0014141413542229052,-0.005046129608109675,0.025054036398641004,19.0,,14.0
2026-04-10,cv_2,ols_all,all,fy_rd_growth_yoy,-2.247220505424426,0.0006292846433224498,-0.0014141413542229052,-0.005046129608109675,0.011725553214410189,20.0,,14.0
2026-04-13,cv_2,ols_all,all,fy_rd_growth_yoy,-2.247220505424426,0.0006292846433224498,-0.0014141413542229052,-0.005046129608109675,0.008380387281440409,19.0,,14.0
2026-04-14,cv_2,ols_all,all,fy_rd_growth_yoy,-2.247220505424426,0.0006292846433224498,-0.0014141413542229052,-0.005046129608109675,-0.018554216068060504,20.0,,15.0
2026-04-15,cv_2,ols_all,all,fy_rd_growth_yoy,-2.247220505424426,0.0006292846433224498,-0.0014141413542229052,-0.005046129608109675,-0.026961597217996465,19.0,,15.0
2026-04-16,cv_2,ols_all,all,fy_rd_growth_yoy,-2.247220505424426,0.0006292846433224498,-0.0014141413542229052,-0.005046129608109675,-0.042266962653137986,19.0,,15.0
2026-04-17,cv_2,ols_all,all,fy_rd_growth_yoy,-2.247220505424426,0.0006292846433224498,-0.0014141413542229052,-0.005046129608109675,-0.06714983949902716,19.0,,15.0
2026-04-20,cv_2,ols_all,all,fy_rd_growth_yoy,-2.247220505424426,0.0006292846433224498,-0.0014141413542229052,-0.005046129608109675,-0.0732245700160639,19.0,,15.0
2026-04-21,cv_2,ols_all,all,fy_rd_growth_yoy,-2.247220505424426,0.0006292846433224498,-0.0014141413542229052,-0.005046129608109675,-0.07332249580983567,18.0,,15.0
2026-04-22,cv_2,ols_all,all,fy_rd_growth_yoy,-2.247220505424426,0.0006292846433224498,-0.0014141413542229052,-0.005046129608109675,-0.08961763359046056,18.0,,15.0
2026-04-23,cv_2,ols_all,all,fy_rd_growth_yoy,-2.247220505424426,0.0006292846433224498,-0.0014141413542229052,-0.005046129608109675,-0.07900828582525736,18.0,,15.0
2026-04-24,cv_2,ols_all,all,fy_rd_growth_yoy,-2.247220505424426,0.0006292846433224498,-0.0014141413542229052,-0.005046129608109675,-0.10183115893849083,19.0,,16.0
2026-04-27,cv_2,ols_all,all,fy_rd_growth_yoy,-2.247220505424426,0.0006292846433224498,-0.0014141413542229052,-0.005046129608109675,-0.11447720821864184,20.0,,17.0
2026-04-28,cv_2,ols_all,all,fy_rd_growth_yoy,-2.247220505424426,0.0006292846433224498,-0.0014141413542229052,-0.005046129608109675,-0.10685097550013618,19.0,,17.0
2026-04-29,cv_2,ols_all,all,fy_rd_growth_yoy,-2.247220505424426,0.0006292846433224498,-0.0014141413542229052,-0.005046129608109675,-0.11846412682287329,20.0,,17.0
2026-04-30,cv_2,ols_all,all,fy_rd_growth_yoy,-2.247220505424426,0.0006292846433224498,-0.0014141413542229052,-0.005046129608109675,-0.09935158267724357,21.0,,18.0
2026-05-01,cv_2,ols_all,all,fy_rd_growth_yoy,-2.247220505424426,0.0006292846433224498,-0.0014141413542229052,-0.005046129608109675,-0.12423143652449502,19.0,,17.0
2026-05-04,cv_2,ols_all,all,fy_rd_growth_yoy,-2.247220505424426,0.0006292846433224498,-0.0014141413542229052,-0.005046129608109675,-0.11507038303971014,19.0,,17.0
2026-05-05,cv_2,ols_all,all,fy_rd_growth_yoy,-2.247220505424426,0.0006292846433224498,-0.0014141413542229052,-0.005046129608109675,-0.11640218060872125,18.0,,17.0
2026-05-06,cv_2,ols_all,all,fy_rd_growth_yoy,-2.247220505424426,0.0006292846433224498,-0.0014141413542229052,-0.005046129608109675,-0.13063715354180902,20.0,,17.0
2026-05-07,cv_2,ols_all,all,fy_rd_growth_yoy,-2.247220505424426,0.0006292846433224498,-0.0014141413542229052,-0.005046129608109675,-0.13465453198363303,19.0,,17.0
2026-04-02,cv_2,ols_all,all,fy_operating_cash_flow_growth_yoy,-2.2472205054244223,0.0006292846433238014,-0.0014141413542259403,-0.005046129608109675,0.05758549065297384,16.0,,10.0
2026-04-06,cv_2,ols_all,all,fy_operating_cash_flow_growth_yoy,-2.2472205054244223,0.0006292846433238014,-0.0014141413542259403,-0.005046129608109675,0.05088817192805683,15.0,,10.0
2026-04-07,cv_2,ols_all,all,fy_operating_cash_flow_growth_yoy,-2.2472205054244223,0.0006292846433238014,-0.0014141413542259403,-0.005046129608109675,0.04054141419001232,15.0,,10.0
2026-04-08,cv_2,ols_all,all,fy_operating_cash_flow_growth_yoy,-2.2472205054244223,0.0006292846433238014,-0.0014141413542259403,-0.005046129608109675,0.025601751932945484,15.0,,10.0
2026-04-09,cv_2,ols_all,all,fy_operating_cash_flow_growth_yoy,-2.2472205054244223,0.0006292846433238014,-0.0014141413542259403,-0.005046129608109675,0.025054036398641004,15.0,,10.0
2026-04-10,cv_2,ols_all,all,fy_operating_cash_flow_growth_yoy,-2.2472205054244223,0.0006292846433238014,-0.0014141413542259403,-0.005046129608109675,0.011725553214410189,16.0,,10.0
2026-04-13,cv_2,ols_all,all,fy_operating_cash_flow_growth_yoy,-2.2472205054244223,0.0006292846433238014,-0.0014141413542259403,-0.005046129608109675,0.008380387281440409,15.0,,10.0
2026-04-14,cv_2,ols_all,all,fy_operating_cash_flow_growth_yoy,-2.2472205054244223,0.0006292846433238014,-0.0014141413542259403,-0.005046129608109675,-0.018554216068060504,16.0,,11.0
2026-04-15,cv_2,ols_all,all,fy_operating_cash_flow_growth_yoy,-2.2472205054244223,0.0006292846433238014,-0.0014141413542259403,-0.005046129608109675,-0.026961597217996465,15.0,,11.0
2026-04-16,cv_2,ols_all,all,fy_operating_cash_flow_growth_yoy,-2.2472205054244223,0.0006292846433238014,-0.0014141413542259403,-0.005046129608109675,-0.042266962653137986,15.0,,11.0
2026-04-17,cv_2,ols_all,all,fy_operating_cash_flow_growth_yoy,-2.2472205054244223,0.0006292846433238014,-0.0014141413542259403,-0.005046129608109675,-0.06714983949902716,15.0,,11.0
2026-04-20,cv_2,ols_all,all,fy_operating_cash_flow_growth_yoy,-2.2472205054244223,0.0006292846433238014,-0.0014141413542259403,-0.005046129608109675,-0.0732245700160639,15.0,,11.0
2026-04-21,cv_2,ols_all,all,fy_operating_cash_flow_growth_yoy,-2.2472205054244223,0.0006292846433238014,-0.0014141413542259403,-0.005046129608109675,-0.07332249580983567,14.0,,11.0
2026-04-22,cv_2,ols_all,all,fy_operating_cash_flow_growth_yoy,-2.2472205054244223,0.0006292846433238014,-0.0014141413542259403,-0.005046129608109675,-0.08961763359046056,14.0,,11.0
2026-04-23,cv_2,ols_all,all,fy_operating_cash_flow_growth_yoy,-2.2472205054244223,0.0006292846433238014,-0.0014141413542259403,-0.005046129608109675,-0.07900828582525736,14.0,,11.0
2026-04-24,cv_2,ols_all,all,fy_operating_cash_flow_growth_yoy,-2.2472205054244223,0.0006292846433238014,-0.0014141413542259403,-0.005046129608109675,-0.10183115893849083,15.0,,12.0
2026-04-27,cv_2,ols_all,all,fy_operating_cash_flow_growth_yoy,-2.2472205054244223,0.0006292846433238014,-0.0014141413542259403,-0.005046129608109675,-0.11447720821864184,16.0,,13.0
2026-04-28,cv_2,ols_all,all,fy_operating_cash_flow_growth_yoy,-2.2472205054244223,0.0006292846433238014,-0.0014141413542259403,-0.005046129608109675,-0.10685097550013618,15.0,,13.0
2026-04-29,cv_2,ols_all,all,fy_operating_cash_flow_growth_yoy,-2.2472205054244223,0.0006292846433238014,-0.0014141413542259403,-0.005046129608109675,-0.11846412682287329,16.0,,13.0
2026-04-30,cv_2,ols_all,all,fy_operating_cash_flow_growth_yoy,-2.2472205054244223,0.0006292846433238014,-0.0014141413542259403,-0.005046129608109675,-0.09935158267724357,17.0,,14.0
2026-05-01,cv_2,ols_all,all,fy_operating_cash_flow_growth_yoy,-2.2472205054244223,0.0006292846433238014,-0.0014141413542259403,-0.005046129608109675,-0.12423143652449502,15.0,,13.0
2026-05-04,cv_2,ols_all,all,fy_operating_cash_flow_growth_yoy,-2.2472205054244223,0.0006292846433238014,-0.0014141413542259403,-0.005046129608109675,-0.11507038303971014,15.0,,13.0
2026-05-05,cv_2,ols_all,all,fy_operating_cash_flow_growth_yoy,-2.2472205054244223,0.0006292846433238014,-0.0014141413542259403,-0.005046129608109675,-0.11640218060872125,14.0,,13.0
2026-05-06,cv_2,ols_all,all,fy_operating_cash_flow_growth_yoy,-2.2472205054244223,0.0006292846433238014,-0.0014141413542259403,-0.005046129608109675,-0.13063715354180902,16.0,,13.0
2026-05-07,cv_2,ols_all,all,fy_operating_cash_flow_growth_yoy,-2.2472205054244223,0.0006292846433238014,-0.0014141413542259403,-0.005046129608109675,-0.13465453198363303,15.0,,13.0
2026-04-02,cv_2,ols_all,all,current_ratio,-1.8987929795750267,0.0003167185856721014,-0.0006013830269751177,-0.005046129608109675,0.05758549065297384,23.0,,17.0
2026-04-06,cv_2,ols_all,all,current_ratio,-1.8987929795750267,0.0003167185856721014,-0.0006013830269751177,-0.005046129608109675,0.05088817192805683,23.0,,18.0
2026-04-07,cv_2,ols_all,all,current_ratio,-1.8987929795750267,0.0003167185856721014,-0.0006013830269751177,-0.005046129608109675,0.04054141419001232,24.0,,17.0
2026-04-08,cv_2,ols_all,all,current_ratio,-1.8987929795750267,0.0003167185856721014,-0.0006013830269751177,-0.005046129608109675,0.025601751932945484,23.0,,18.0
2026-04-09,cv_2,ols_all,all,current_ratio,-1.8987929795750267,0.0003167185856721014,-0.0006013830269751177,-0.005046129608109675,0.025054036398641004,23.0,,17.0
2026-04-10,cv_2,ols_all,all,current_ratio,-1.8987929795750267,0.0003167185856721014,-0.0006013830269751177,-0.005046129608109675,0.011725553214410189,23.0,,17.0
2026-04-13,cv_2,ols_all,all,current_ratio,-1.8987929795750267,0.0003167185856721014,-0.0006013830269751177,-0.005046129608109675,0.008380387281440409,23.0,,17.0
2026-04-14,cv_2,ols_all,all,current_ratio,-1.8987929795750267,0.0003167185856721014,-0.0006013830269751177,-0.005046129608109675,-0.018554216068060504,23.0,,18.0
2026-04-15,cv_2,ols_all,all,current_ratio,-1.8987929795750267,0.0003167185856721014,-0.0006013830269751177,-0.005046129608109675,-0.026961597217996465,23.0,,18.0
2026-04-16,cv_2,ols_all,all,current_ratio,-1.8987929795750267,0.0003167185856721014,-0.0006013830269751177,-0.005046129608109675,-0.042266962653137986,22.0,,18.0
2026-04-17,cv_2,ols_all,all,current_ratio,-1.8987929795750267,0.0003167185856721014,-0.0006013830269751177,-0.005046129608109675,-0.06714983949902716,24.0,,19.0
2026-04-20,cv_2,ols_all,all,current_ratio,-1.8987929795750267,0.0003167185856721014,-0.0006013830269751177,-0.005046129608109675,-0.0732245700160639,24.0,,18.0
2026-04-21,cv_2,ols_all,all,current_ratio,-1.8987929795750267,0.0003167185856721014,-0.0006013830269751177,-0.005046129608109675,-0.07332249580983567,23.0,,18.0
2026-04-22,cv_2,ols_all,all,current_ratio,-1.8987929795750267,0.0003167185856721014,-0.0006013830269751177,-0.005046129608109675,-0.08961763359046056,24.0,,19.0
2026-04-23,cv_2,ols_all,all,current_ratio,-1.8987929795750267,0.0003167185856721014,-0.0006013830269751177,-0.005046129608109675,-0.07900828582525736,23.0,,19.0
2026-04-24,cv_2,ols_all,all,current_ratio,-1.8987929795750267,0.0003167185856721014,-0.0006013830269751177,-0.005046129608109675,-0.10183115893849083,25.0,,19.0
2026-04-27,cv_2,ols_all,all,current_ratio,-1.8987929795750267,0.0003167185856721014,-0.0006013830269751177,-0.005046129608109675,-0.11447720821864184,25.0,,20.0
2026-04-28,cv_2,ols_all,all,current_ratio,-1.8987929795750267,0.0003167185856721014,-0.0006013830269751177,-0.005046129608109675,-0.10685097550013618,24.0,,20.0
2026-04-29,cv_2,ols_all,all,current_ratio,-1.8987929795750267,0.0003167185856721014,-0.0006013830269751177,-0.005046129608109675,-0.11846412682287329,24.0,,21.0
2026-04-30,cv_2,ols_all,all,current_ratio,-1.8987929795750267,0.0003167185856721014,-0.0006013830269751177,-0.005046129608109675,-0.09935158267724357,24.0,,21.0
2026-05-01,cv_2,ols_all,all,current_ratio,-1.8987929795750267,0.0003167185856721014,-0.0006013830269751177,-0.005046129608109675,-0.12423143652449502,23.0,,21.0
2026-05-04,cv_2,ols_all,all,current_ratio,-1.8987929795750267,0.0003167185856721014,-0.0006013830269751177,-0.005046129608109675,-0.11507038303971014,22.0,,20.0
2026-05-05,cv_2,ols_all,all,current_ratio,-1.8987929795750267,0.0003167185856721014,-0.0006013830269751177,-0.005046129608109675,-0.11640218060872125,22.0,,21.0
2026-05-06,cv_2,ols_all,all,current_ratio,-1.8987929795750267,0.0003167185856721014,-0.0006013830269751177,-0.005046129608109675,-0.13063715354180902,25.0,,21.0
2026-05-07,cv_2,ols_all,all,current_ratio,-1.8987929795750267,0.0003167185856721014,-0.0006013830269751177,-0.005046129608109675,-0.13465453198363303,24.0,,21.0
2026-04-02,cv_2,ols_all,all,cash_to_assets,-1.961446514375053,0.0007454349157089521,-0.0014621307171107855,-0.005046129608109675,0.05758549065297384,8.0,,2.0
2026-04-06,cv_2,ols_all,all,cash_to_assets,-1.961446514375053,0.0007454349157089521,-0.0014621307171107855,-0.005046129608109675,0.05088817192805683,7.0,,2.0
2026-04-07,cv_2,ols_all,all,cash_to_assets,-1.961446514375053,0.0007454349157089521,-0.0014621307171107855,-0.005046129608109675,0.04054141419001232,7.0,,2.0
2026-04-08,cv_2,ols_all,all,cash_to_assets,-1.961446514375053,0.0007454349157089521,-0.0014621307171107855,-0.005046129608109675,0.025601751932945484,7.0,,2.0
2026-04-09,cv_2,ols_all,all,cash_to_assets,-1.961446514375053,0.0007454349157089521,-0.0014621307171107855,-0.005046129608109675,0.025054036398641004,7.0,,2.0
2026-04-10,cv_2,ols_all,all,cash_to_assets,-1.961446514375053,0.0007454349157089521,-0.0014621307171107855,-0.005046129608109675,0.011725553214410189,8.0,,2.0
2026-04-13,cv_2,ols_all,all,cash_to_assets,-1.961446514375053,0.0007454349157089521,-0.0014621307171107855,-0.005046129608109675,0.008380387281440409,7.0,,2.0
2026-04-14,cv_2,ols_all,all,cash_to_assets,-1.961446514375053,0.0007454349157089521,-0.0014621307171107855,-0.005046129608109675,-0.018554216068060504,8.0,,3.0
2026-04-15,cv_2,ols_all,all,cash_to_assets,-1.961446514375053,0.0007454349157089521,-0.0014621307171107855,-0.005046129608109675,-0.026961597217996465,7.0,,3.0
2026-04-16,cv_2,ols_all,all,cash_to_assets,-1.961446514375053,0.0007454349157089521,-0.0014621307171107855,-0.005046129608109675,-0.042266962653137986,7.0,,3.0
2026-04-17,cv_2,ols_all,all,cash_to_assets,-1.961446514375053,0.0007454349157089521,-0.0014621307171107855,-0.005046129608109675,-0.06714983949902716,7.0,,3.0
2026-04-20,cv_2,ols_all,all,cash_to_assets,-1.961446514375053,0.0007454349157089521,-0.0014621307171107855,-0.005046129608109675,-0.0732245700160639,7.0,,3.0
2026-04-21,cv_2,ols_all,all,cash_to_assets,-1.961446514375053,0.0007454349157089521,-0.0014621307171107855,-0.005046129608109675,-0.07332249580983567,6.0,,3.0
2026-04-22,cv_2,ols_all,all,cash_to_assets,-1.961446514375053,0.0007454349157089521,-0.0014621307171107855,-0.005046129608109675,-0.08961763359046056,6.0,,3.0
2026-04-23,cv_2,ols_all,all,cash_to_assets,-1.961446514375053,0.0007454349157089521,-0.0014621307171107855,-0.005046129608109675,-0.07900828582525736,6.0,,3.0
2026-04-24,cv_2,ols_all,all,cash_to_assets,-1.961446514375053,0.0007454349157089521,-0.0014621307171107855,-0.005046129608109675,-0.10183115893849083,6.0,,3.0
2026-04-27,cv_2,ols_all,all,cash_to_assets,-1.961446514375053,0.0007454349157089521,-0.0014621307171107855,-0.005046129608109675,-0.11447720821864184,8.0,,5.0
2026-04-28,cv_2,ols_all,all,cash_to_assets,-1.961446514375053,0.0007454349157089521,-0.0014621307171107855,-0.005046129608109675,-0.10685097550013618,7.0,,5.0
2026-04-29,cv_2,ols_all,all,cash_to_assets,-1.961446514375053,0.0007454349157089521,-0.0014621307171107855,-0.005046129608109675,-0.11846412682287329,8.0,,5.0
2026-04-30,cv_2,ols_all,all,cash_to_assets,-1.961446514375053,0.0007454349157089521,-0.0014621307171107855,-0.005046129608109675,-0.09935158267724357,9.0,,6.0
2026-05-01,cv_2,ols_all,all,cash_to_assets,-1.961446514375053,0.0007454349157089521,-0.0014621307171107855,-0.005046129608109675,-0.12423143652449502,7.0,,5.0
2026-05-04,cv_2,ols_all,all,cash_to_assets,-1.961446514375053,0.0007454349157089521,-0.0014621307171107855,-0.005046129608109675,-0.11507038303971014,7.0,,5.0
2026-05-05,cv_2,ols_all,all,cash_to_assets,-1.961446514375053,0.0007454349157089521,-0.0014621307171107855,-0.005046129608109675,-0.11640218060872125,6.0,,5.0
2026-05-06,cv_2,ols_all,all,cash_to_assets,-1.961446514375053,0.0007454349157089521,-0.0014621307171107855,-0.005046129608109675,-0.13063715354180902,8.0,,5.0
2026-05-07,cv_2,ols_all,all,cash_to_assets,-1.961446514375053,0.0007454349157089521,-0.0014621307171107855,-0.005046129608109675,-0.13465453198363303,7.0,,5.0
2026-04-02,cv_2,ols_all,all,liabilities_to_assets,-1.6171722205914565,0.0007319712974852314,-0.0011837236485634014,-0.005046129608109675,0.05758549065297384,21.0,,15.0
2026-04-06,cv_2,ols_all,all,liabilities_to_assets,-1.6171722205914565,0.0007319712974852314,-0.0011837236485634014,-0.005046129608109675,0.05088817192805683,20.0,,15.0
2026-04-07,cv_2,ols_all,all,liabilities_to_assets,-1.6171722205914565,0.0007319712974852314,-0.0011837236485634014,-0.005046129608109675,0.04054141419001232,20.0,,15.0
2026-04-08,cv_2,ols_all,all,liabilities_to_assets,-1.6171722205914565,0.0007319712974852314,-0.0011837236485634014,-0.005046129608109675,0.025601751932945484,20.0,,15.0
2026-04-09,cv_2,ols_all,all,liabilities_to_assets,-1.6171722205914565,0.0007319712974852314,-0.0011837236485634014,-0.005046129608109675,0.025054036398641004,20.0,,15.0
2026-04-10,cv_2,ols_all,all,liabilities_to_assets,-1.6171722205914565,0.0007319712974852314,-0.0011837236485634014,-0.005046129608109675,0.011725553214410189,21.0,,15.0
2026-04-13,cv_2,ols_all,all,liabilities_to_assets,-1.6171722205914565,0.0007319712974852314,-0.0011837236485634014,-0.005046129608109675,0.008380387281440409,21.0,,15.0
2026-04-14,cv_2,ols_all,all,liabilities_to_assets,-1.6171722205914565,0.0007319712974852314,-0.0011837236485634014,-0.005046129608109675,-0.018554216068060504,21.0,,16.0
2026-04-15,cv_2,ols_all,all,liabilities_to_assets,-1.6171722205914565,0.0007319712974852314,-0.0011837236485634014,-0.005046129608109675,-0.026961597217996465,20.0,,16.0
2026-04-16,cv_2,ols_all,all,liabilities_to_assets,-1.6171722205914565,0.0007319712974852314,-0.0011837236485634014,-0.005046129608109675,-0.042266962653137986,20.0,,16.0
2026-04-17,cv_2,ols_all,all,liabilities_to_assets,-1.6171722205914565,0.0007319712974852314,-0.0011837236485634014,-0.005046129608109675,-0.06714983949902716,20.0,,16.0
2026-04-20,cv_2,ols_all,all,liabilities_to_assets,-1.6171722205914565,0.0007319712974852314,-0.0011837236485634014,-0.005046129608109675,-0.0732245700160639,20.0,,16.0
2026-04-21,cv_2,ols_all,all,liabilities_to_assets,-1.6171722205914565,0.0007319712974852314,-0.0011837236485634014,-0.005046129608109675,-0.07332249580983567,19.0,,16.0
2026-04-22,cv_2,ols_all,all,liabilities_to_assets,-1.6171722205914565,0.0007319712974852314,-0.0011837236485634014,-0.005046129608109675,-0.08961763359046056,19.0,,16.0
2026-04-23,cv_2,ols_all,all,liabilities_to_assets,-1.6171722205914565,0.0007319712974852314,-0.0011837236485634014,-0.005046129608109675,-0.07900828582525736,19.0,,16.0
2026-04-24,cv_2,ols_all,all,liabilities_to_assets,-1.6171722205914565,0.0007319712974852314,-0.0011837236485634014,-0.005046129608109675,-0.10183115893849083,21.0,,17.0
2026-04-27,cv_2,ols_all,all,liabilities_to_assets,-1.6171722205914565,0.0007319712974852314,-0.0011837236485634014,-0.005046129608109675,-0.11447720821864184,22.0,,18.0
2026-04-28,cv_2,ols_all,all,liabilities_to_assets,-1.6171722205914565,0.0007319712974852314,-0.0011837236485634014,-0.005046129608109675,-0.10685097550013618,22.0,,18.0
2026-04-29,cv_2,ols_all,all,liabilities_to_assets,-1.6171722205914565,0.0007319712974852314,-0.0011837236485634014,-0.005046129608109675,-0.11846412682287329,21.0,,18.0
2026-04-30,cv_2,ols_all,all,liabilities_to_assets,-1.6171722205914565,0.0007319712974852314,-0.0011837236485634014,-0.005046129608109675,-0.09935158267724357,22.0,,19.0
2026-05-01,cv_2,ols_all,all,liabilities_to_assets,-1.6171722205914565,0.0007319712974852314,-0.0011837236485634014,-0.005046129608109675,-0.12423143652449502,20.0,,18.0
2026-05-04,cv_2,ols_all,all,liabilities_to_assets,-1.6171722205914565,0.0007319712974852314,-0.0011837236485634014,-0.005046129608109675,-0.11507038303971014,20.0,,18.0
2026-05-05,cv_2,ols_all,all,liabilities_to_assets,-1.6171722205914565,0.0007319712974852314,-0.0011837236485634014,-0.005046129608109675,-0.11640218060872125,19.0,,18.0
2026-05-06,cv_2,ols_all,all,liabilities_to_assets,-1.6171722205914565,0.0007319712974852314,-0.0011837236485634014,-0.005046129608109675,-0.13063715354180902,21.0,,18.0
2026-05-07,cv_2,ols_all,all,liabilities_to_assets,-1.6171722205914565,0.0007319712974852314,-0.0011837236485634014,-0.005046129608109675,-0.13465453198363303,20.0,,18.0
2026-04-02,cv_2,ols_all,all,debt_to_assets,-1.5313381397065484,0.0007230183900730613,-0.0011071856364281052,-0.005046129608109675,0.05758549065297384,22.0,,16.0
2026-04-06,cv_2,ols_all,all,debt_to_assets,-1.5313381397065484,0.0007230183900730613,-0.0011071856364281052,-0.005046129608109675,0.05088817192805683,21.0,,16.0
2026-04-07,cv_2,ols_all,all,debt_to_assets,-1.5313381397065484,0.0007230183900730613,-0.0011071856364281052,-0.005046129608109675,0.04054141419001232,21.0,,16.0
2026-04-08,cv_2,ols_all,all,debt_to_assets,-1.5313381397065484,0.0007230183900730613,-0.0011071856364281052,-0.005046129608109675,0.025601751932945484,21.0,,16.0
2026-04-09,cv_2,ols_all,all,debt_to_assets,-1.5313381397065484,0.0007230183900730613,-0.0011071856364281052,-0.005046129608109675,0.025054036398641004,21.0,,16.0
2026-04-10,cv_2,ols_all,all,debt_to_assets,-1.5313381397065484,0.0007230183900730613,-0.0011071856364281052,-0.005046129608109675,0.011725553214410189,22.0,,16.0
2026-04-13,cv_2,ols_all,all,debt_to_assets,-1.5313381397065484,0.0007230183900730613,-0.0011071856364281052,-0.005046129608109675,0.008380387281440409,22.0,,16.0
2026-04-14,cv_2,ols_all,all,debt_to_assets,-1.5313381397065484,0.0007230183900730613,-0.0011071856364281052,-0.005046129608109675,-0.018554216068060504,22.0,,17.0
2026-04-15,cv_2,ols_all,all,debt_to_assets,-1.5313381397065484,0.0007230183900730613,-0.0011071856364281052,-0.005046129608109675,-0.026961597217996465,21.0,,17.0
2026-04-16,cv_2,ols_all,all,debt_to_assets,-1.5313381397065484,0.0007230183900730613,-0.0011071856364281052,-0.005046129608109675,-0.042266962653137986,21.0,,17.0
2026-04-17,cv_2,ols_all,all,debt_to_assets,-1.5313381397065484,0.0007230183900730613,-0.0011071856364281052,-0.005046129608109675,-0.06714983949902716,21.0,,17.0
2026-04-20,cv_2,ols_all,all,debt_to_assets,-1.5313381397065484,0.0007230183900730613,-0.0011071856364281052,-0.005046129608109675,-0.0732245700160639,21.0,,17.0
2026-04-21,cv_2,ols_all,all,debt_to_assets,-1.5313381397065484,0.0007230183900730613,-0.0011071856364281052,-0.005046129608109675,-0.07332249580983567,20.0,,17.0
2026-04-22,cv_2,ols_all,all,debt_to_assets,-1.5313381397065484,0.0007230183900730613,-0.0011071856364281052,-0.005046129608109675,-0.08961763359046056,20.0,,17.0
2026-04-23,cv_2,ols_all,all,debt_to_assets,-1.5313381397065484,0.0007230183900730613,-0.0011071856364281052,-0.005046129608109675,-0.07900828582525736,20.0,,17.0
2026-04-24,cv_2,ols_all,all,debt_to_assets,-1.5313381397065484,0.0007230183900730613,-0.0011071856364281052,-0.005046129608109675,-0.10183115893849083,23.0,,18.0
2026-04-27,cv_2,ols_all,all,debt_to_assets,-1.5313381397065484,0.0007230183900730613,-0.0011071856364281052,-0.005046129608109675,-0.11447720821864184,23.0,,19.0
2026-04-28,cv_2,ols_all,all,debt_to_assets,-1.5313381397065484,0.0007230183900730613,-0.0011071856364281052,-0.005046129608109675,-0.10685097550013618,23.0,,19.0
2026-04-29,cv_2,ols_all,all,debt_to_assets,-1.5313381397065484,0.0007230183900730613,-0.0011071856364281052,-0.005046129608109675,-0.11846412682287329,22.0,,19.0
2026-04-30,cv_2,ols_all,all,debt_to_assets,-1.5313381397065484,0.0007230183900730613,-0.0011071856364281052,-0.005046129608109675,-0.09935158267724357,23.0,,20.0
2026-05-01,cv_2,ols_all,all,debt_to_assets,-1.5313381397065484,0.0007230183900730613,-0.0011071856364281052,-0.005046129608109675,-0.12423143652449502,21.0,,19.0
2026-05-04,cv_2,ols_all,all,debt_to_assets,-1.5313381397065484,0.0007230183900730613,-0.0011071856364281052,-0.005046129608109675,-0.11507038303971014,21.0,,19.0
2026-05-05,cv_2,ols_all,all,debt_to_assets,-1.5313381397065484,0.0007230183900730613,-0.0011071856364281052,-0.005046129608109675,-0.11640218060872125,20.0,,19.0
2026-05-06,cv_2,ols_all,all,debt_to_assets,-1.5313381397065484,0.0007230183900730613,-0.0011071856364281052,-0.005046129608109675,-0.13063715354180902,22.0,,19.0
2026-05-07,cv_2,ols_all,all,debt_to_assets,-1.5313381397065484,0.0007230183900730613,-0.0011071856364281052,-0.005046129608109675,-0.13465453198363303,22.0,,19.0
2026-04-02,cv_2,ridge_all,all,simple_return,0.4236741794908225,-0.0037623677681450584,-0.0015940180771115747,-0.005046129608109659,0.05854510689447226,7.0,,2.0
2026-04-06,cv_2,ridge_all,all,simple_return,0.06940187581981541,-0.0037623677681450584,-0.0002611153806332794,-0.005046129608109659,0.04992500109052572,34.0,,29.0
2026-04-07,cv_2,ridge_all,all,simple_return,0.12218068208362062,-0.0037623677681450584,-0.00045968866016139265,-0.005046129608109659,0.040995827360849876,24.0,,19.0
2026-04-08,cv_2,ridge_all,all,simple_return,1.005721786237615,-0.0037623677681450584,-0.0037838952322616776,-0.005046129608109659,0.025265750483135146,6.0,,2.0
2026-04-09,cv_2,ridge_all,all,simple_return,0.4558321080636902,-0.0037623677681450584,-0.0017150080310644432,-0.005046129608109659,0.024989345363434147,6.0,,2.0
2026-04-10,cv_2,ridge_all,all,simple_return,1.1540902586781614,-0.0037623677681450584,-0.004342111990780907,-0.005046129608109659,0.011466044808818167,6.0,,2.0
2026-04-13,cv_2,ridge_all,all,simple_return,0.16758689428126336,-0.0037623677681450584,-0.0006305235294073587,-0.005046129608109659,0.008854183441198586,23.0,,18.0
2026-04-14,cv_2,ridge_all,all,simple_return,1.7071851123132666,-0.0037623677681450584,-0.006423058240824536,-0.005046129608109659,-0.02051197973507398,5.0,,3.0
2026-04-15,cv_2,ridge_all,all,simple_return,0.5434389800501959,-0.0037623677681450584,-0.0020446173024944825,-0.005046129608109659,-0.02609211745030921,6.0,,3.0
2026-04-16,cv_2,ridge_all,all,simple_return,-0.11055105605440911,-0.0037623677681450584,0.00041593373003350647,-0.005046129608109659,-0.04103803476847871,24.0,6.0,
2026-04-17,cv_2,ridge_all,all,simple_return,0.7571472286629312,-0.0037623677681450584,-0.0028486663288617687,-0.005046129608109659,-0.06697751248758897,6.0,,3.0
2026-04-20,cv_2,ridge_all,all,simple_return,0.09063793758774248,-0.0037623677681450584,-0.00034101325495126576,-0.005046129608109659,-0.07183291973284164,35.0,,30.0
2026-04-21,cv_2,ridge_all,all,simple_return,-0.476093153368309,-0.0037623677681450584,0.0017912375348674676,-0.005046129608109659,-0.0727129409148718,5.0,4.0,
2026-04-22,cv_2,ridge_all,all,simple_return,0.5925529835783127,-0.0037623677681450584,-0.0022294022463332317,-0.005046129608109659,-0.08907811322959627,5.0,,3.0
2026-04-23,cv_2,ridge_all,all,simple_return,-0.6252155600943626,-0.0037623677681450584,0.0023522908714417898,-0.005046129608109659,-0.07761674779493932,5.0,4.0,
2026-04-24,cv_2,ridge_all,all,simple_return,1.939502352843249,-0.0037623677681450584,-0.007297121138578944,-0.005046129608109659,-0.10287424800032227,4.0,,3.0
2026-04-27,cv_2,ridge_all,all,simple_return,1.79712997502476,-0.0037623677681450584,-0.006761463893200491,-0.005046129608109659,-0.11605134456991756,4.0,,3.0
2026-04-28,cv_2,ridge_all,all,simple_return,-0.7038157048313076,-0.0037623677681450584,0.0026480135225716082,-0.005046129608109659,-0.10686730390481666,6.0,3.0,
2026-04-29,cv_2,ridge_all,all,simple_return,-0.8159713014688887,-0.0037623677681450584,0.0030699841243779216,-0.005046129608109659,-0.11943089543657501,6.0,3.0,
2026-04-30,cv_2,ridge_all,all,simple_return,-2.062362458066607,-0.0037623677681450584,0.007759366038462217,-0.005046129608109659,-0.1027801626394845,6.0,3.0,
2026-05-01,cv_2,ridge_all,all,simple_return,-0.2445930877386906,-0.0037623677681450584,0.0009202491496191257,-0.005046129608109659,-0.12357471549678994,21.0,3.0,
2026-05-04,cv_2,ridge_all,all,simple_return,0.013137721908380806,-0.0037623677681450584,-4.942894145494513e-05,-0.005046129608109659,-0.11401280472441641,35.0,,32.0
2026-05-05,cv_2,ridge_all,all,simple_return,-0.4397342976610171,-0.0037623677681450584,0.0016544421480677157,-0.005046129608109659,-0.11652966419277541,5.0,2.0,
2026-05-06,cv_2,ridge_all,all,simple_return,2.584857917563437,-0.0037623677681450584,-0.009725186114275232,-0.005046129608109659,-0.1364980955394787,5.0,,5.0
2026-05-07,cv_2,ridge_all,all,simple_return,0.7960628661039982,-0.0037623677681450584,-0.002995081268846858,-0.005046129608109659,-0.1338275986021013,6.0,,5.0
2026-04-02,cv_2,ridge_all,all,log_return,0.4330816957033531,-0.007119335389195874,-0.0030832538426338405,-0.005046129608109659,0.05854510689447226,5.0,,1.0
2026-04-06,cv_2,ridge_all,all,log_return,0.08056393109921677,-0.007119335389195874,-0.000573561645767392,-0.005046129608109659,0.04992500109052572,21.0,,17.0
2026-04-07,cv_2,ridge_all,all,log_return,0.1332577629771665,-0.007119335389195874,-0.0009487067078484171,-0.005046129608109659,0.040995827360849876,21.0,,16.0
2026-04-08,cv_2,ridge_all,all,log_return,1.0062829405576976,-0.007119335389195874,-0.007164065750256505,-0.005046129608109659,0.025265750483135146,4.0,,1.0
2026-04-09,cv_2,ridge_all,all,log_return,0.4649432714313037,-0.007119335389195874,-0.0033100870862693837,-0.005046129608109659,0.024989345363434147,5.0,,1.0
2026-04-10,cv_2,ridge_all,all,log_return,1.1512292663237764,-0.007119335389195874,-0.008195987256816863,-0.005046129608109659,0.011466044808818167,4.0,,1.0
2026-04-13,cv_2,ridge_all,all,log_return,0.17854125684422625,-0.007119335389195874,-0.00127109508828261,-0.005046129608109659,0.008854183441198586,18.0,,14.0
2026-04-14,cv_2,ridge_all,all,log_return,1.6874658057824568,-0.007119335389195874,-0.012013635029164976,-0.005046129608109659,-0.02051197973507398,3.0,,1.0
2026-04-15,cv_2,ridge_all,all,log_return,0.5516278593082394,-0.007119335389195874,-0.0039272237404395114,-0.005046129608109659,-0.02609211745030921,5.0,,2.0
2026-04-16,cv_2,ridge_all,all,log_return,-0.09956728658140808,-0.007119335389195874,0.0007088529069652261,-0.005046129608109659,-0.04103803476847871,21.0,4.0,
2026-04-17,cv_2,ridge_all,all,log_return,0.7623843307362645,-0.007119335389195874,-0.0054276697459791,-0.005046129608109659,-0.06697751248758897,4.0,,2.0
2026-04-20,cv_2,ridge_all,all,log_return,0.10177326559835186,-0.007119335389195874,-0.0007245580114483774,-0.005046129608109659,-0.07183291973284164,22.0,,18.0
2026-04-21,cv_2,ridge_all,all,log_return,-0.46771985669816857,-0.007119335389195874,0.0033298545280208945,-0.005046129608109659,-0.0727129409148718,4.0,3.0,
2026-04-22,cv_2,ridge_all,all,log_return,0.6001514367750619,-0.007119335389195874,-0.004272679362709448,-0.005046129608109659,-0.08907811322959627,3.0,,2.0
2026-04-23,cv_2,ridge_all,all,log_return,-0.6187816277891741,-0.007119335389195874,0.004405313940903696,-0.005046129608109659,-0.07761674779493932,3.0,2.0,
2026-04-24,cv_2,ridge_all,all,log_return,1.9107991165296299,-0.007119335389195874,-0.013603619771953606,-0.005046129608109659,-0.10287424800032227,3.0,,2.0
2026-04-27,cv_2,ridge_all,all,log_return,1.7740647314357834,-0.007119335389195874,-0.012630161825235048,-0.005046129608109659,-0.11605134456991756,3.0,,2.0
2026-04-28,cv_2,ridge_all,all,log_return,-0.6986097433669739,-0.007119335389195874,0.004973637069189545,-0.005046129608109659,-0.10686730390481666,4.0,2.0,
2026-04-29,cv_2,ridge_all,all,log_return,-0.8127647582658282,-0.007119335389195874,0.00578634490661314,-0.005046129608109659,-0.11943089543657501,5.0,2.0,
2026-04-30,cv_2,ridge_all,all,log_return,-2.101377418245131,-0.007119335389195874,0.01496041061976962,-0.005046129608109659,-0.1027801626394845,3.0,2.0,
2026-05-01,cv_2,ridge_all,all,log_return,-0.23421503425033136,-0.007119335389195874,0.0016674553820201078,-0.005046129608109659,-0.12357471549678994,5.0,2.0,
2026-05-04,cv_2,ridge_all,all,log_return,0.02432192927494359,-0.007119335389195874,-0.00017315597182062506,-0.005046129608109659,-0.11401280472441641,33.0,,30.0
2026-05-05,cv_2,ridge_all,all,log_return,-0.43096536437574473,-0.007119335389195874,0.0030681869701179344,-0.005046129608109659,-0.11652966419277541,4.0,1.0,
2026-05-06,cv_2,ridge_all,all,log_return,2.5254108708152208,-0.007119335389195874,-0.01797924698485477,-0.005046129608109659,-0.1364980955394787,2.0,,2.0
2026-05-07,cv_2,ridge_all,all,log_return,0.8006558246666975,-0.007119335389195874,-0.005700137347115427,-0.005046129608109659,-0.1338275986021013,5.0,,4.0
2026-04-02,cv_2,ridge_all,all,intraday_return,1.7009794790613106,0.0011929130867109122,0.0020291206807989473,-0.005046129608109659,0.05854510689447226,6.0,5.0,
2026-04-06,cv_2,ridge_all,all,intraday_return,0.27206852017146776,0.0011929130867109122,0.0003245540981946157,-0.005046129608109659,0.04992500109052572,33.0,5.0,
2026-04-07,cv_2,ridge_all,all,intraday_return,0.8310497779661554,0.0011929130867109122,0.0009913701558440246,-0.005046129608109659,0.040995827360849876,20.0,5.0,
2026-04-08,cv_2,ridge_all,all,intraday_return,-0.5487692937454497,0.0011929130867109122,-0.0006546340720940517,-0.005046129608109659,0.025265750483135146,22.0,,18.0
2026-04-09,cv_2,ridge_all,all,intraday_return,0.7219749594282929,0.0011929130867109122,0.0008612533773795906,-0.005046129608109659,0.024989345363434147,23.0,5.0,
2026-04-10,cv_2,ridge_all,all,intraday_return,1.3472351211628937,0.0011929130867109122,0.0016071344069117774,-0.005046129608109659,0.011466044808818167,7.0,5.0,
2026-04-13,cv_2,ridge_all,all,intraday_return,1.046032066271006,0.0011929130867109122,0.0012478253409739393,-0.005046129608109659,0.008854183441198586,19.0,5.0,
2026-04-14,cv_2,ridge_all,all,intraday_return,1.6725395116566,0.0011929130867109122,0.0019951942714962366,-0.005046129608109659,-0.02051197973507398,7.0,4.0,
2026-04-15,cv_2,ridge_all,all,intraday_return,0.7464263918640917,0.0011929130867109122,0.0008904218111210825,-0.005046129608109659,-0.02609211745030921,22.0,4.0,
2026-04-16,cv_2,ridge_all,all,intraday_return,0.37323744990418795,0.0011929130867109122,0.0004452398384413143,-0.005046129608109659,-0.04103803476847871,23.0,5.0,
2026-04-17,cv_2,ridge_all,all,intraday_return,0.5933855852001095,0.0011929130867109122,0.0007078574300508236,-0.005046129608109659,-0.06697751248758897,23.0,4.0,
2026-04-20,cv_2,ridge_all,all,intraday_return,0.6710094458205931,0.0011929130867109122,0.0008004559492260223,-0.005046129608109659,-0.07183291973284164,21.0,4.0,
2026-04-21,cv_2,ridge_all,all,intraday_return,-0.44581019209088607,0.0011929130867109122,-0.0005318128123343236,-0.005046129608109659,-0.0727129409148718,24.0,,19.0
2026-04-22,cv_2,ridge_all,all,intraday_return,0.5212046545847507,0.0011929130867109122,0.0006217518533087898,-0.005046129608109659,-0.08907811322959627,22.0,3.0,
2026-04-23,cv_2,ridge_all,all,intraday_return,-0.5908949976338169,0.0011929130867109122,-0.0007048863755493937,-0.005046129608109659,-0.07761674779493932,21.0,,17.0
2026-04-24,cv_2,ridge_all,all,intraday_return,2.2870330497209292,0.0011929130867109122,0.0027282316547524647,-0.005046129608109659,-0.10287424800032227,6.0,3.0,
2026-04-27,cv_2,ridge_all,all,intraday_return,1.853423428571544,0.0011929130867109122,0.0022109730631596027,-0.005046129608109659,-0.11605134456991756,6.0,2.0,
2026-04-28,cv_2,ridge_all,all,intraday_return,1.0426543603859826,0.0011929130867109122,0.0012437960314206342,-0.005046129608109659,-0.10686730390481666,20.0,4.0,
2026-04-29,cv_2,ridge_all,all,intraday_return,-0.7097372204438045,0.0011929130867109122,-0.0008466548183932419,-0.005046129608109659,-0.11943089543657501,23.0,,19.0
2026-04-30,cv_2,ridge_all,all,intraday_return,-2.428065424460558,0.0011929130867109122,-0.0028964710202292855,-0.005046129608109659,-0.1027801626394845,8.0,,4.0
2026-05-01,cv_2,ridge_all,all,intraday_return,-0.597705722506635,0.0011929130867109122,-0.0007130109783801659,-0.005046129608109659,-0.12357471549678994,22.0,,19.0
2026-05-04,cv_2,ridge_all,all,intraday_return,-0.13364287569940642,0.0011929130867109122,-0.00015942433536750167,-0.005046129608109659,-0.11401280472441641,34.0,,31.0
2026-05-05,cv_2,ridge_all,all,intraday_return,-0.5971435974074266,0.0011929130867109122,-0.0007123404119929516,-0.005046129608109659,-0.11652966419277541,22.0,,20.0
2026-05-06,cv_2,ridge_all,all,intraday_return,2.1917830378391057,0.0011929130867109122,0.0026146066690692677,-0.005046129608109659,-0.1364980955394787,7.0,2.0,
2026-05-07,cv_2,ridge_all,all,intraday_return,0.918231180407081,0.0011929130867109122,0.0010953699917336155,-0.005046129608109659,-0.1338275986021013,22.0,2.0,
2026-04-02,cv_2,ridge_all,all,daily_range,0.3819742573557967,0.001991230892194444,0.0007605989412698932,-0.005046129608109659,0.05854510689447226,23.0,6.0,
2026-04-06,cv_2,ridge_all,all,daily_range,-1.3034981559788512,0.001991230892194444,-0.0025955657961035804,-0.005046129608109659,0.04992500109052572,5.0,,1.0
2026-04-07,cv_2,ridge_all,all,daily_range,-0.26383686006287915,0.001991230892194444,-0.0005253601062567874,-0.005046129608109659,0.040995827360849876,23.0,,18.0
2026-04-08,cv_2,ridge_all,all,daily_range,-0.14834189696742128,0.001991230892194444,-0.00029538296784825457,-0.005046129608109659,0.025265750483135146,35.0,,30.0
2026-04-09,cv_2,ridge_all,all,daily_range,-0.7639483885274285,0.001991230892194444,-0.001521197631277979,-0.005046129608109659,0.024989345363434147,7.0,,3.0
2026-04-10,cv_2,ridge_all,all,daily_range,0.06913984635440047,0.001991230892194444,0.0001376733979424596,-0.005046129608109659,0.011466044808818167,35.0,7.0,
2026-04-13,cv_2,ridge_all,all,daily_range,-0.6256505906346129,0.001991230892194444,-0.0012458147837913411,-0.005046129608109659,0.008854183441198586,20.0,,15.0
2026-04-14,cv_2,ridge_all,all,daily_range,-0.004510316855378892,0.001991230892194444,-8.98108225601575e-06,-0.005046129608109659,-0.02051197973507398,35.0,,31.0
2026-04-15,cv_2,ridge_all,all,daily_range,-0.4265466190796443,0.001991230892194444,-0.0008493528048724837,-0.005046129608109659,-0.02609211745030921,23.0,,19.0
2026-04-16,cv_2,ridge_all,all,daily_range,-0.6503919861280758,0.001991230892194444,-0.0012950806148139247,-0.005046129608109659,-0.04103803476847871,18.0,,15.0
2026-04-17,cv_2,ridge_all,all,daily_range,-1.2581225141869925,0.001991230892194444,-0.002505212416414482,-0.005046129608109659,-0.06697751248758897,7.0,,4.0
2026-04-20,cv_2,ridge_all,all,daily_range,-0.5728701742849255,0.001991230892194444,-0.0011407167882529587,-0.005046129608109659,-0.07183291973284164,19.0,,16.0
2026-04-21,cv_2,ridge_all,all,daily_range,-0.7677711151638011,0.001991230892194444,-0.001528809562648739,-0.005046129608109659,-0.0727129409148718,6.0,,2.0
2026-04-22,cv_2,ridge_all,all,daily_range,-0.8756889831905857,0.001991230892194444,-0.0017436989552834354,-0.005046129608109659,-0.08907811322959627,6.0,,4.0
2026-04-23,cv_2,ridge_all,all,daily_range,0.28038210840594646,0.001991230892194444,0.0005583055158765321,-0.005046129608109659,-0.07761674779493932,24.0,5.0,
2026-04-24,cv_2,ridge_all,all,daily_range,1.7690524205696925,0.001991230892194444,0.0035225918297497293,-0.005046129608109659,-0.10287424800032227,5.0,2.0,
2026-04-27,cv_2,ridge_all,all,daily_range,1.0486670109374066,0.001991230892194444,0.0020881381478037725,-0.005046129608109659,-0.11605134456991756,7.0,3.0,
2026-04-28,cv_2,ridge_all,all,daily_range,0.09945234813998478,0.001991230892194444,0.00019803258791761434,-0.005046129608109659,-0.10686730390481666,35.0,6.0,
2026-04-29,cv_2,ridge_all,all,daily_range,-0.3438841321914773,0.001991230892194444,-0.0006847527073551474,-0.005046129608109659,-0.11943089543657501,24.0,,20.0
2026-04-30,cv_2,ridge_all,all,daily_range,2.1077684909240832,0.001991230892194444,0.004197053732722099,-0.005046129608109659,-0.1027801626394845,7.0,4.0,
2026-05-01,cv_2,ridge_all,all,daily_range,0.02617045067617341,0.001991230892194444,5.2111409849047464e-05,-0.005046129608109659,-0.12357471549678994,35.0,5.0,
2026-05-04,cv_2,ridge_all,all,daily_range,0.434372877176422,0.001991230892194444,0.0008649366917650743,-0.005046129608109659,-0.11401280472441641,20.0,2.0,
2026-05-05,cv_2,ridge_all,all,daily_range,-0.5731855476811587,0.001991230892194444,-0.0011413447695021147,-0.005046129608109659,-0.11652966419277541,20.0,,18.0
2026-05-06,cv_2,ridge_all,all,daily_range,1.2571189346073406,0.001991230892194444,0.0025032140577527034,-0.005046129608109659,-0.1364980955394787,8.0,3.0,
2026-05-07,cv_2,ridge_all,all,daily_range,0.521229824723433,0.001991230892194444,0.0010378889289223952,-0.005046129608109659,-0.1338275986021013,23.0,3.0,
2026-04-02,cv_2,ridge_all,all,sma_5,-2.464568224065027,-0.023136568560848735,0.0570216516889697,-0.005046129608109659,0.05854510689447226,1.0,1.0,
2026-04-06,cv_2,ridge_all,all,sma_5,-2.0917734854656027,-0.023136568560848735,0.04839646066024044,-0.005046129608109659,0.04992500109052572,1.0,1.0,
2026-04-07,cv_2,ridge_all,all,sma_5,-1.6154650611789136,-0.023136568560848735,0.03737631814562163,-0.005046129608109659,0.040995827360849876,1.0,1.0,
2026-04-08,cv_2,ridge_all,all,sma_5,-1.3325532102090365,-0.023136568560848735,0.03083070870898045,-0.005046129608109659,0.025265750483135146,1.0,1.0,
2026-04-09,cv_2,ridge_all,all,sma_5,-1.031959544208155,-0.023136568560848735,0.02387600274659419,-0.005046129608109659,0.024989345363434147,1.0,1.0,
2026-04-10,cv_2,ridge_all,all,sma_5,-0.6179064877433776,-0.023136568560848735,0.014296235817867896,-0.005046129608109659,0.011466044808818167,3.0,3.0,
2026-04-13,cv_2,ridge_all,all,sma_5,-0.18801360079336651,-0.023136568560848735,0.004349989565127769,-0.005046129608109659,0.008854183441198586,4.0,4.0,
2026-04-14,cv_2,ridge_all,all,sma_5,0.4901632891122396,-0.023136568560848735,-0.011340696544556453,-0.005046129608109659,-0.02051197973507398,4.0,,2.0
2026-04-15,cv_2,ridge_all,all,sma_5,1.1086637019789882,-0.023136568560848735,-0.025650673751761232,-0.005046129608109659,-0.02609211745030921,1.0,,1.0
2026-04-16,cv_2,ridge_all,all,sma_5,1.6405964621417286,-0.023136568560848735,-0.03795777252702798,-0.005046129608109659,-0.04103803476847871,1.0,,1.0
2026-04-17,cv_2,ridge_all,all,sma_5,2.121324637567716,-0.023136568560848735,-0.04908017291690305,-0.005046129608109659,-0.06697751248758897,1.0,,1.0
2026-04-20,cv_2,ridge_all,all,sma_5,2.591002029908555,-0.023136568560848735,-0.059946896106277535,-0.005046129608109659,-0.07183291973284164,1.0,,1.0
2026-04-21,cv_2,ridge_all,all,sma_5,2.715144593481113,-0.023136568560848735,-0.06281912903969354,-0.005046129608109659,-0.0727129409148718,1.0,,1.0
2026-04-22,cv_2,ridge_all,all,sma_5,2.848864689759073,-0.023136568560848735,-0.06591295321519185,-0.005046129608109659,-0.08907811322959627,1.0,,1.0
2026-04-23,cv_2,ridge_all,all,sma_5,2.896384743309511,-0.023136568560848735,-0.06701240419217677,-0.005046129608109659,-0.07761674779493932,1.0,,1.0
2026-04-24,cv_2,ridge_all,all,sma_5,3.1391439168173054,-0.023136568560848735,-0.07262901845381482,-0.005046129608109659,-0.10287424800032227,1.0,,1.0
2026-04-27,cv_2,ridge_all,all,sma_5,3.6751288181428627,-0.023136568560848735,-0.08502986987091332,-0.005046129608109659,-0.11605134456991756,1.0,,1.0
2026-04-28,cv_2,ridge_all,all,sma_5,4.164698182131737,-0.023136568560848735,-0.09635682502613302,-0.005046129608109659,-0.10686730390481666,1.0,,1.0
2026-04-29,cv_2,ridge_all,all,sma_5,4.413350919253349,-0.023136568560848735,-0.1021097961263899,-0.005046129608109659,-0.11943089543657501,1.0,,1.0
2026-04-30,cv_2,ridge_all,all,sma_5,4.410772590565069,-0.023136568560848735,-0.10205014244792111,-0.005046129608109659,-0.1027801626394845,1.0,,1.0
2026-05-01,cv_2,ridge_all,all,sma_5,4.049028635050805,-0.023136568560848735,-0.09368062861969272,-0.005046129608109659,-0.12357471549678994,1.0,,1.0
2026-05-04,cv_2,ridge_all,all,sma_5,3.3811656219930684,-0.023136568560848735,-0.07822857022882738,-0.005046129608109659,-0.11401280472441641,1.0,,1.0
2026-05-05,cv_2,ridge_all,all,sma_5,2.7670855223603814,-0.023136568560848735,-0.0640208639018229,-0.005046129608109659,-0.11652966419277541,1.0,,1.0
2026-05-06,cv_2,ridge_all,all,sma_5,2.7147764214098684,-0.023136568560848735,-0.062810610801325,-0.005046129608109659,-0.1364980955394787,1.0,,1.0
2026-05-07,cv_2,ridge_all,all,sma_5,3.1542468410652655,-0.023136568560848735,-0.07297844829614707,-0.005046129608109659,-0.1338275986021013,1.0,,1.0
2026-04-02,cv_2,ridge_all,all,sma_20,-2.6523814011348428,-0.0023586570741746683,0.006256058155196015,-0.005046129608109659,0.05854510689447226,4.0,4.0,
2026-04-06,cv_2,ridge_all,all,sma_20,-2.6553049033696485,-0.0023586570741746683,0.006262953694423506,-0.005046129608109659,0.04992500109052572,4.0,4.0,
2026-04-07,cv_2,ridge_all,all,sma_20,-2.7292010875175463,-0.0023586570741746683,0.006437249451918458,-0.005046129608109659,0.040995827360849876,4.0,4.0,
2026-04-08,cv_2,ridge_all,all,sma_20,-2.7728893180828287,-0.0023586570741746683,0.006540295005999436,-0.005046129608109659,0.025265750483135146,5.0,4.0,
2026-04-09,cv_2,ridge_all,all,sma_20,-2.807320080691563,-0.0023586570741746683,0.006621505367795755,-0.005046129608109659,0.024989345363434147,4.0,4.0,
2026-04-10,cv_2,ridge_all,all,sma_20,-2.7181571037001193,-0.0023586570741746683,0.006411200481360414,-0.005046129608109659,0.011466044808818167,5.0,4.0,
2026-04-13,cv_2,ridge_all,all,sma_20,-2.5710140170738316,-0.0023586570741746683,0.006064140399173424,-0.005046129608109659,0.008854183441198586,3.0,3.0,
2026-04-14,cv_2,ridge_all,all,sma_20,-2.3551717256474625,-0.0023586570741746683,0.005555042451594549,-0.005046129608109659,-0.02051197973507398,6.0,3.0,
2026-04-15,cv_2,ridge_all,all,sma_20,-2.080049769977511,-0.0023586570741746683,0.004906124104592848,-0.005046129608109659,-0.02609211745030921,4.0,3.0,
2026-04-16,cv_2,ridge_all,all,sma_20,-1.788524282907504,-0.0023586570741746683,0.004218515452212961,-0.005046129608109659,-0.04103803476847871,4.0,3.0,
2026-04-17,cv_2,ridge_all,all,sma_20,-1.4130332938287484,-0.0023586570741746683,0.0033328609745335103,-0.005046129608109659,-0.06697751248758897,5.0,3.0,
2026-04-20,cv_2,ridge_all,all,sma_20,-0.9361986053846029,-0.0023586570741746683,0.0022081714634228523,-0.005046129608109659,-0.07183291973284164,4.0,3.0,
2026-04-21,cv_2,ridge_all,all,sma_20,-0.5425175690449403,-0.0023586570741746683,0.0012796129020918926,-0.005046129608109659,-0.0727129409148718,20.0,5.0,
2026-04-22,cv_2,ridge_all,all,sma_20,-0.09913922507038679,-0.0023586570741746683,0.00023383543454046242,-0.005046129608109659,-0.08907811322959627,35.0,5.0,
2026-04-23,cv_2,ridge_all,all,sma_20,0.24127147191270945,-0.0023586570741746683,-0.000569076664023447,-0.005046129608109659,-0.07761674779493932,22.0,,18.0
2026-04-24,cv_2,ridge_all,all,sma_20,0.8426743180961472,-0.0023586570741746683,-0.0019875797416027924,-0.005046129608109659,-0.10287424800032227,7.0,,4.0
2026-04-27,cv_2,ridge_all,all,sma_20,1.6399431404015845,-0.0023586570741746683,-0.0038680634893524185,-0.005046129608109659,-0.11605134456991756,5.0,,4.0
2026-04-28,cv_2,ridge_all,all,sma_20,2.4195093723330974,-0.0023586570741746683,-0.005706792897085372,-0.005046129608109659,-0.10686730390481666,3.0,,2.0
2026-04-29,cv_2,ridge_all,all,sma_20,2.9855070377686777,-0.0023586570741746683,-0.0070417872946313504,-0.005046129608109659,-0.11943089543657501,3.0,,2.0
2026-04-30,cv_2,ridge_all,all,sma_20,3.3723668993170497,-0.0023586570741746683,-0.00795425704378665,-0.005046129608109659,-0.1027801626394845,5.0,,3.0
2026-05-01,cv_2,ridge_all,all,sma_20,3.714401543926213,-0.0023586570741746683,-0.008760999477906872,-0.005046129608109659,-0.12357471549678994,4.0,,3.0
2026-05-04,cv_2,ridge_all,all,sma_20,4.052863156813627,-0.0023586570741746683,-0.00955931435548034,-0.005046129608109659,-0.11401280472441641,4.0,,3.0
2026-05-05,cv_2,ridge_all,all,sma_20,4.351696779927084,-0.0023586570741746683,-0.010264160394638141,-0.005046129608109659,-0.11652966419277541,3.0,,3.0
2026-05-06,cv_2,ridge_all,all,sma_20,4.769901581432007,-0.0023586570741746683,-0.011250562108161541,-0.005046129608109659,-0.1364980955394787,4.0,,4.0
2026-05-07,cv_2,ridge_all,all,sma_20,5.217989695684774,-0.0023586570741746683,-0.012307448308697417,-0.005046129608109659,-0.1338275986021013,3.0,,3.0
2026-04-02,cv_2,ridge_all,all,sma_60,-3.5131693048786774,-0.004030825341985129,0.014160971864789252,-0.005046129608109659,0.05854510689447226,2.0,2.0,
2026-04-06,cv_2,ridge_all,all,sma_60,-3.828634307400147,-0.004030825341985129,0.015432556191462195,-0.005046129608109659,0.04992500109052572,2.0,2.0,
2026-04-07,cv_2,ridge_all,all,sma_60,-4.019508138355853,-0.004030825341985129,0.01620193526640024,-0.005046129608109659,0.040995827360849876,2.0,2.0,
2026-04-08,cv_2,ridge_all,all,sma_60,-4.0959677921122015,-0.004030825341985129,0.016510130776400737,-0.005046129608109659,0.025265750483135146,2.0,2.0,
2026-04-09,cv_2,ridge_all,all,sma_60,-4.124296347729262,-0.004030825341985129,0.016624318236283818,-0.005046129608109659,0.024989345363434147,2.0,2.0,
2026-04-10,cv_2,ridge_all,all,sma_60,-4.046736319571714,-0.004030825341985129,0.016311687309261295,-0.005046129608109659,0.011466044808818167,1.0,1.0,
2026-04-13,cv_2,ridge_all,all,sma_60,-3.877039869634978,-0.004030825341985129,0.01562767055841139,-0.005046129608109659,0.008854183441198586,1.0,1.0,
2026-04-14,cv_2,ridge_all,all,sma_60,-3.616857139850887,-0.004030825341985129,0.014578919417650806,-0.005046129608109659,-0.02051197973507398,2.0,2.0,
2026-04-15,cv_2,ridge_all,all,sma_60,-3.269213110648205,-0.004030825341985129,0.013177627054750818,-0.005046129608109659,-0.02609211745030921,3.0,2.0,
2026-04-16,cv_2,ridge_all,all,sma_60,-2.7114424754980377,-0.004030825341985129,0.010929351043572382,-0.005046129608109659,-0.04103803476847871,3.0,2.0,
2026-04-17,cv_2,ridge_all,all,sma_60,-2.206478900187356,-0.004030825341985129,0.00889393106743067,-0.005046129608109659,-0.06697751248758897,3.0,2.0,
2026-04-20,cv_2,ridge_all,all,sma_60,-1.732868860922263,-0.004030825341985129,0.006984891718942361,-0.005046129608109659,-0.07183291973284164,3.0,2.0,
2026-04-21,cv_2,ridge_all,all,sma_60,-1.3970511286778957,-0.004030825341985129,0.005631269093523789,-0.005046129608109659,-0.0727129409148718,3.0,2.0,
2026-04-22,cv_2,ridge_all,all,sma_60,-0.9561703032947787,-0.004030825341985129,0.0038541554897742005,-0.005046129608109659,-0.08907811322959627,4.0,2.0,
2026-04-23,cv_2,ridge_all,all,sma_60,-0.650331688269199,-0.004030825341985129,0.00262137344977146,-0.005046129608109659,-0.07761674779493932,4.0,3.0,
2026-04-24,cv_2,ridge_all,all,sma_60,-0.189648320363713,-0.004030825341985129,0.0007644392557869688,-0.005046129608109659,-0.10287424800032227,24.0,5.0,
2026-04-27,cv_2,ridge_all,all,sma_60,0.4731858275951434,-0.004030825341985129,-0.00190732942533871,-0.005046129608109659,-0.11605134456991756,8.0,,5.0
2026-04-28,cv_2,ridge_all,all,sma_60,1.0793624446498935,-0.004030825341985129,-0.004350721495081812,-0.005046129608109659,-0.10686730390481666,5.0,,3.0
2026-04-29,cv_2,ridge_all,all,sma_60,1.7295448050145317,-0.004030825341985129,-0.006971493030151302,-0.005046129608109659,-0.11943089543657501,4.0,,3.0
2026-04-30,cv_2,ridge_all,all,sma_60,2.2584371170170496,-0.004030825341985129,-0.009103365564552157,-0.005046129608109659,-0.1027801626394845,4.0,,2.0
2026-05-01,cv_2,ridge_all,all,sma_60,2.925671503570929,-0.004030825341985129,-0.011792870838917434,-0.005046129608109659,-0.12357471549678994,3.0,,2.0
2026-05-04,cv_2,ridge_all,all,sma_60,3.657263943487655,-0.004030825341985129,-0.014741792185738508,-0.005046129608109659,-0.11401280472441641,3.0,,2.0
2026-05-05,cv_2,ridge_all,all,sma_60,3.9622774875472233,-0.004030825341985129,-0.015971248508782513,-0.005046129608109659,-0.11652966419277541,2.0,,2.0
2026-05-06,cv_2,ridge_all,all,sma_60,4.451564714504957,-0.004030825341985129,-0.017943479862713375,-0.005046129608109659,-0.1364980955394787,3.0,,3.0
2026-05-07,cv_2,ridge_all,all,sma_60,5.083044906748425,-0.004030825341985129,-0.020488866224569986,-0.005046129608109659,-0.1338275986021013,2.0,,2.0
2026-04-02,cv_2,ridge_all,all,rolling_volatility_20,0.04646697087109776,-0.0010043211869142574,-4.666776333757112e-05,-0.005046129608109659,0.05854510689447226,35.0,,29.0
2026-04-06,cv_2,ridge_all,all,rolling_volatility_20,-0.21730434012702546,-0.0010043211869142574,0.0002182433527979937,-0.005046129608109659,0.04992500109052572,35.0,6.0,
2026-04-07,cv_2,ridge_all,all,rolling_volatility_20,-0.45648171153169737,-0.0010043211869142574,0.00045845425433016593,-0.005046129608109659,0.040995827360849876,25.0,6.0,
2026-04-08,cv_2,ridge_all,all,rolling_volatility_20,-0.33398125180821325,-0.0010043211869142574,0.0003354244472231342,-0.005046129608109659,0.025265750483135146,34.0,5.0,
2026-04-09,cv_2,ridge_all,all,rolling_volatility_20,-0.3158082727461658,-0.0010043211869142574,0.00031717293932177076,-0.005046129608109659,0.024989345363434147,35.0,6.0,
2026-04-10,cv_2,ridge_all,all,rolling_volatility_20,-0.20253405855986756,-0.0010043211869142574,0.0002034092460834079,-0.005046129608109659,0.011466044808818167,34.0,6.0,
2026-04-13,cv_2,ridge_all,all,rolling_volatility_20,-0.30315646579012884,-0.0010043211869142574,0.00030446646154307365,-0.005046129608109659,0.008854183441198586,35.0,6.0,
2026-04-14,cv_2,ridge_all,all,rolling_volatility_20,0.015471343494715498,-0.0010043211869142574,-1.5538198061770844e-05,-0.005046129608109659,-0.02051197973507398,34.0,,30.0
2026-04-15,cv_2,ridge_all,all,rolling_volatility_20,-0.004532274059963397,-0.0010043211869142574,4.55185886332314e-06,-0.005046129608109659,-0.02609211745030921,35.0,5.0,
2026-04-16,cv_2,ridge_all,all,rolling_volatility_20,-0.04074071455206238,-0.0010043211869142574,4.0916762794662246e-05,-0.005046129608109659,-0.04103803476847871,35.0,7.0,
2026-04-17,cv_2,ridge_all,all,rolling_volatility_20,-0.07971175615178977,-0.0010043211869142574,8.005620554938535e-05,-0.005046129608109659,-0.06697751248758897,35.0,5.0,
2026-04-20,cv_2,ridge_all,all,rolling_volatility_20,-0.5796126883738523,-0.0010043211869142574,0.0005821173031381909,-0.005046129608109659,-0.07183291973284164,23.0,5.0,
2026-04-21,cv_2,ridge_all,all,rolling_volatility_20,-0.5012552264390471,-0.0010043211869142574,0.0005034212439642386,-0.005046129608109659,-0.0727129409148718,25.0,6.0,
2026-04-22,cv_2,ridge_all,all,rolling_volatility_20,-0.5195201731392562,-0.0010043211869142574,0.0005217651169131183,-0.005046129608109659,-0.08907811322959627,24.0,4.0,
2026-04-23,cv_2,ridge_all,all,rolling_volatility_20,-0.43629301267773657,-0.0010043211869142574,0.00043817831633490153,-0.005046129608109659,-0.07761674779493932,25.0,6.0,
2026-04-24,cv_2,ridge_all,all,rolling_volatility_20,-0.8410118016804456,-0.0010043211869142574,0.0008446459708726032,-0.005046129608109659,-0.10287424800032227,23.0,4.0,
2026-04-27,cv_2,ridge_all,all,rolling_volatility_20,-0.9456225687216653,-0.0010043211869142574,0.0009497087805914518,-0.005046129608109659,-0.11605134456991756,24.0,4.0,
2026-04-28,cv_2,ridge_all,all,rolling_volatility_20,-0.9088039307300344,-0.0010043211869142574,0.0009127310423831307,-0.005046129608109659,-0.10686730390481666,23.0,5.0,
2026-04-29,cv_2,ridge_all,all,rolling_volatility_20,-1.3238730419332587,-0.0010043211869142574,0.0013295937447981988,-0.005046129608109659,-0.11943089543657501,20.0,4.0,
2026-04-30,cv_2,ridge_all,all,rolling_volatility_20,-0.3042124907390604,-0.0010043211869142574,0.0003055270497731957,-0.005046129608109659,-0.1027801626394845,35.0,5.0,
2026-05-01,cv_2,ridge_all,all,rolling_volatility_20,-0.26308936042779096,-0.0010043211869142574,0.00026422621872935185,-0.005046129608109659,-0.12357471549678994,34.0,4.0,
2026-05-04,cv_2,ridge_all,all,rolling_volatility_20,-0.2591081549575599,-0.0010043211869142574,0.0002602278097261399,-0.005046129608109659,-0.11401280472441641,32.0,3.0,
2026-05-05,cv_2,ridge_all,all,rolling_volatility_20,-0.18727322430542503,-0.0010043211869142574,0.00018808246691168443,-0.005046129608109659,-0.11652966419277541,35.0,4.0,
2026-05-06,cv_2,ridge_all,all,rolling_volatility_20,0.51365241012773,-0.0010043211869142574,-0.0005158719982008507,-0.005046129608109659,-0.1364980955394787,25.0,,22.0
2026-05-07,cv_2,ridge_all,all,rolling_volatility_20,0.5419435077853472,-0.0010043211869142574,-0.000544285346979456,-0.005046129608109659,-0.1338275986021013,25.0,,22.0
2026-04-02,cv_2,ridge_all,all,rolling_volatility_60,2.5481295814143254,0.005076744939407055,0.012936203957398595,-0.005046129608109659,0.05854510689447226,3.0,3.0,
2026-04-06,cv_2,ridge_all,all,rolling_volatility_60,2.48506371254725,0.005076744939407055,0.01261603462677836,-0.005046129608109659,0.04992500109052572,3.0,3.0,
2026-04-07,cv_2,ridge_all,all,rolling_volatility_60,2.237617687603559,0.005076744939407055,0.011359814271869086,-0.005046129608109659,0.040995827360849876,3.0,3.0,
2026-04-08,cv_2,ridge_all,all,rolling_volatility_60,2.529717059088456,0.005076744939407055,0.012842728277859018,-0.005046129608109659,0.025265750483135146,3.0,3.0,
2026-04-09,cv_2,ridge_all,all,rolling_volatility_60,2.5864888451677097,0.005076744939407055,0.013130944155537968,-0.005046129608109659,0.024989345363434147,3.0,3.0,
2026-04-10,cv_2,ridge_all,all,rolling_volatility_60,2.941326043770062,0.005076744939407055,0.014932362107855836,-0.005046129608109659,0.011466044808818167,2.0,2.0,
2026-04-13,cv_2,ridge_all,all,rolling_volatility_60,2.8173728243254996,0.005076744939407055,0.014303083228317442,-0.005046129608109659,0.008854183441198586,2.0,2.0,
2026-04-14,cv_2,ridge_all,all,rolling_volatility_60,3.35969841571506,0.005076744939407055,0.01705633192991533,-0.005046129608109659,-0.02051197973507398,1.0,1.0,
2026-04-15,cv_2,ridge_all,all,rolling_volatility_60,3.4070224597136747,0.005076744939407055,0.017296584030797573,-0.005046129608109659,-0.02609211745030921,2.0,1.0,
2026-04-16,cv_2,ridge_all,all,rolling_volatility_60,2.2359932369452675,0.005076744939407055,0.011351567350210288,-0.005046129608109659,-0.04103803476847871,2.0,1.0,
2026-04-17,cv_2,ridge_all,all,rolling_volatility_60,1.923488784727624,0.005076744939407055,0.009765061953872192,-0.005046129608109659,-0.06697751248758897,2.0,1.0,
2026-04-20,cv_2,ridge_all,all,rolling_volatility_60,1.8988912815762087,0.005076744939407055,0.009640186704226195,-0.005046129608109659,-0.07183291973284164,2.0,1.0,
2026-04-21,cv_2,ridge_all,all,rolling_volatility_60,1.8765910089854505,0.005076744939407055,0.009526973908203664,-0.005046129608109659,-0.0727129409148718,2.0,1.0,
2026-04-22,cv_2,ridge_all,all,rolling_volatility_60,1.9194723159344713,0.005076744939407055,0.009744671366252266,-0.005046129608109659,-0.08907811322959627,2.0,1.0,
2026-04-23,cv_2,ridge_all,all,rolling_volatility_60,2.0071357089960835,0.005076744939407055,0.010189716053349058,-0.005046129608109659,-0.07761674779493932,2.0,1.0,
2026-04-24,cv_2,ridge_all,all,rolling_volatility_60,2.8913686388679785,0.005076744939407055,0.014678741105333274,-0.005046129608109659,-0.10287424800032227,2.0,1.0,
2026-04-27,cv_2,ridge_all,all,rolling_volatility_60,3.7016401016257503,0.005076744939407055,0.018792282653434744,-0.005046129608109659,-0.11605134456991756,2.0,1.0,
2026-04-28,cv_2,ridge_all,all,rolling_volatility_60,3.8344222928681866,0.005076744939407055,0.019466383970868164,-0.005046129608109659,-0.10686730390481666,2.0,1.0,
2026-04-29,cv_2,ridge_all,all,rolling_volatility_60,3.5324257352819384,0.005076744939407055,0.017933224475423826,-0.005046129608109659,-0.11943089543657501,2.0,1.0,
2026-04-30,cv_2,ridge_all,all,rolling_volatility_60,4.313250905550169,0.005076744939407055,0.02189727470714472,-0.005046129608109659,-0.1027801626394845,2.0,1.0,
2026-05-01,cv_2,ridge_all,all,rolling_volatility_60,3.6173396906762147,0.005076744939407055,0.018364310968756754,-0.005046129608109659,-0.12357471549678994,2.0,1.0,
2026-05-04,cv_2,ridge_all,all,rolling_volatility_60,3.480433962024597,0.005076744939407055,0.01766927550364882,-0.005046129608109659,-0.11401280472441641,2.0,1.0,
2026-05-05,cv_2,ridge_all,all,rolling_volatility_60,0.11131954165084296,0.005076744939407055,0.0005651409197330299,-0.005046129608109659,-0.11652966419277541,23.0,3.0,
2026-05-06,cv_2,ridge_all,all,rolling_volatility_60,1.6752073258757285,0.005076744939407055,0.00850460031409723,-0.005046129608109659,-0.1364980955394787,6.0,1.0,
2026-05-07,cv_2,ridge_all,all,rolling_volatility_60,1.7627373616905162,0.005076744939407055,0.008948967980466072,-0.005046129608109659,-0.1338275986021013,4.0,1.0,
2026-04-02,cv_2,ridge_all,all,q_gross_margin,0.650791373455939,-0.0005854042595818151,-0.00038097604212020646,-0.005046129608109659,0.05854510689447226,31.0,,25.0
2026-04-06,cv_2,ridge_all,all,q_gross_margin,0.650791373455939,-0.0005854042595818151,-0.00038097604212020646,-0.005046129608109659,0.04992500109052572,29.0,,25.0
2026-04-07,cv_2,ridge_all,all,q_gross_margin,0.650791373455939,-0.0005854042595818151,-0.00038097604212020646,-0.005046129608109659,0.040995827360849876,32.0,,26.0
2026-04-08,cv_2,ridge_all,all,q_gross_margin,0.650791373455939,-0.0005854042595818151,-0.00038097604212020646,-0.005046129608109659,0.025265750483135146,30.0,,26.0
2026-04-09,cv_2,ridge_all,all,q_gross_margin,0.650791373455939,-0.0005854042595818151,-0.00038097604212020646,-0.005046129608109659,0.024989345363434147,31.0,,26.0
2026-04-10,cv_2,ridge_all,all,q_gross_margin,0.650791373455939,-0.0005854042595818151,-0.00038097604212020646,-0.005046129608109659,0.011466044808818167,30.0,,25.0
2026-04-13,cv_2,ridge_all,all,q_gross_margin,0.650791373455939,-0.0005854042595818151,-0.00038097604212020646,-0.005046129608109659,0.008854183441198586,31.0,,26.0
2026-04-14,cv_2,ridge_all,all,q_gross_margin,0.650791373455939,-0.0005854042595818151,-0.00038097604212020646,-0.005046129608109659,-0.02051197973507398,30.0,,26.0
2026-04-15,cv_2,ridge_all,all,q_gross_margin,0.650791373455939,-0.0005854042595818151,-0.00038097604212020646,-0.005046129608109659,-0.02609211745030921,31.0,,27.0
2026-04-16,cv_2,ridge_all,all,q_gross_margin,0.650791373455939,-0.0005854042595818151,-0.00038097604212020646,-0.005046129608109659,-0.04103803476847871,31.0,,25.0
2026-04-17,cv_2,ridge_all,all,q_gross_margin,0.650791373455939,-0.0005854042595818151,-0.00038097604212020646,-0.005046129608109659,-0.06697751248758897,31.0,,27.0
2026-04-20,cv_2,ridge_all,all,q_gross_margin,0.650791373455939,-0.0005854042595818151,-0.00038097604212020646,-0.005046129608109659,-0.07183291973284164,31.0,,26.0
2026-04-21,cv_2,ridge_all,all,q_gross_margin,0.650791373455939,-0.0005854042595818151,-0.00038097604212020646,-0.005046129608109659,-0.0727129409148718,32.0,,26.0
2026-04-22,cv_2,ridge_all,all,q_gross_margin,0.650791373455939,-0.0005854042595818151,-0.00038097604212020646,-0.005046129608109659,-0.08907811322959627,31.0,,27.0
2026-04-23,cv_2,ridge_all,all,q_gross_margin,0.650791373455939,-0.0005854042595818151,-0.00038097604212020646,-0.005046129608109659,-0.07761674779493932,32.0,,26.0
2026-04-24,cv_2,ridge_all,all,q_gross_margin,0.650791373455939,-0.0005854042595818151,-0.00038097604212020646,-0.005046129608109659,-0.10287424800032227,32.0,,27.0
2026-04-27,cv_2,ridge_all,all,q_gross_margin,0.650791373455939,-0.0005854042595818151,-0.00038097604212020646,-0.005046129608109659,-0.11605134456991756,32.0,,28.0
2026-04-28,cv_2,ridge_all,all,q_gross_margin,0.650791373455939,-0.0005854042595818151,-0.00038097604212020646,-0.005046129608109659,-0.10686730390481666,31.0,,26.0
2026-04-29,cv_2,ridge_all,all,q_gross_margin,0.650791373455939,-0.0005854042595818151,-0.00038097604212020646,-0.005046129608109659,-0.11943089543657501,32.0,,28.0
2026-04-30,cv_2,ridge_all,all,q_gross_margin,0.650791373455939,-0.0005854042595818151,-0.00038097604212020646,-0.005046129608109659,-0.1027801626394845,31.0,,27.0
2026-05-01,cv_2,ridge_all,all,q_gross_margin,0.650791373455939,-0.0005854042595818151,-0.00038097604212020646,-0.005046129608109659,-0.12357471549678994,30.0,,27.0
2026-05-04,cv_2,ridge_all,all,q_gross_margin,0.650791373455939,-0.0005854042595818151,-0.00038097604212020646,-0.005046129608109659,-0.11401280472441641,28.0,,26.0
2026-05-05,cv_2,ridge_all,all,q_gross_margin,0.650791373455939,-0.0005854042595818151,-0.00038097604212020646,-0.005046129608109659,-0.11652966419277541,31.0,,28.0
2026-05-06,cv_2,ridge_all,all,q_gross_margin,0.650791373455939,-0.0005854042595818151,-0.00038097604212020646,-0.005046129608109659,-0.1364980955394787,32.0,,29.0
2026-05-07,cv_2,ridge_all,all,q_gross_margin,0.650791373455939,-0.0005854042595818151,-0.00038097604212020646,-0.005046129608109659,-0.1338275986021013,32.0,,29.0
2026-04-02,cv_2,ridge_all,all,q_operating_margin,0.6507913734559734,-0.0005854042595820395,-0.00038097604212037267,-0.005046129608109659,0.05854510689447226,27.0,,21.0
2026-04-06,cv_2,ridge_all,all,q_operating_margin,0.6507913734559734,-0.0005854042595820395,-0.00038097604212037267,-0.005046129608109659,0.04992500109052572,25.0,,21.0
2026-04-07,cv_2,ridge_all,all,q_operating_margin,0.6507913734559734,-0.0005854042595820395,-0.00038097604212037267,-0.005046129608109659,0.040995827360849876,28.0,,22.0
2026-04-08,cv_2,ridge_all,all,q_operating_margin,0.6507913734559734,-0.0005854042595820395,-0.00038097604212037267,-0.005046129608109659,0.025265750483135146,26.0,,22.0
2026-04-09,cv_2,ridge_all,all,q_operating_margin,0.6507913734559734,-0.0005854042595820395,-0.00038097604212037267,-0.005046129608109659,0.024989345363434147,27.0,,22.0
2026-04-10,cv_2,ridge_all,all,q_operating_margin,0.6507913734559734,-0.0005854042595820395,-0.00038097604212037267,-0.005046129608109659,0.011466044808818167,26.0,,21.0
2026-04-13,cv_2,ridge_all,all,q_operating_margin,0.6507913734559734,-0.0005854042595820395,-0.00038097604212037267,-0.005046129608109659,0.008854183441198586,27.0,,22.0
2026-04-14,cv_2,ridge_all,all,q_operating_margin,0.6507913734559734,-0.0005854042595820395,-0.00038097604212037267,-0.005046129608109659,-0.02051197973507398,26.0,,22.0
2026-04-15,cv_2,ridge_all,all,q_operating_margin,0.6507913734559734,-0.0005854042595820395,-0.00038097604212037267,-0.005046129608109659,-0.02609211745030921,27.0,,23.0
2026-04-16,cv_2,ridge_all,all,q_operating_margin,0.6507913734559734,-0.0005854042595820395,-0.00038097604212037267,-0.005046129608109659,-0.04103803476847871,27.0,,21.0
2026-04-17,cv_2,ridge_all,all,q_operating_margin,0.6507913734559734,-0.0005854042595820395,-0.00038097604212037267,-0.005046129608109659,-0.06697751248758897,27.0,,23.0
2026-04-20,cv_2,ridge_all,all,q_operating_margin,0.6507913734559734,-0.0005854042595820395,-0.00038097604212037267,-0.005046129608109659,-0.07183291973284164,27.0,,22.0
2026-04-21,cv_2,ridge_all,all,q_operating_margin,0.6507913734559734,-0.0005854042595820395,-0.00038097604212037267,-0.005046129608109659,-0.0727129409148718,28.0,,22.0
2026-04-22,cv_2,ridge_all,all,q_operating_margin,0.6507913734559734,-0.0005854042595820395,-0.00038097604212037267,-0.005046129608109659,-0.08907811322959627,27.0,,23.0
2026-04-23,cv_2,ridge_all,all,q_operating_margin,0.6507913734559734,-0.0005854042595820395,-0.00038097604212037267,-0.005046129608109659,-0.07761674779493932,28.0,,22.0
2026-04-24,cv_2,ridge_all,all,q_operating_margin,0.6507913734559734,-0.0005854042595820395,-0.00038097604212037267,-0.005046129608109659,-0.10287424800032227,28.0,,23.0
2026-04-27,cv_2,ridge_all,all,q_operating_margin,0.6507913734559734,-0.0005854042595820395,-0.00038097604212037267,-0.005046129608109659,-0.11605134456991756,28.0,,24.0
2026-04-28,cv_2,ridge_all,all,q_operating_margin,0.6507913734559734,-0.0005854042595820395,-0.00038097604212037267,-0.005046129608109659,-0.10686730390481666,27.0,,22.0
2026-04-29,cv_2,ridge_all,all,q_operating_margin,0.6507913734559734,-0.0005854042595820395,-0.00038097604212037267,-0.005046129608109659,-0.11943089543657501,28.0,,24.0
2026-04-30,cv_2,ridge_all,all,q_operating_margin,0.6507913734559734,-0.0005854042595820395,-0.00038097604212037267,-0.005046129608109659,-0.1027801626394845,27.0,,23.0
2026-05-01,cv_2,ridge_all,all,q_operating_margin,0.6507913734559734,-0.0005854042595820395,-0.00038097604212037267,-0.005046129608109659,-0.12357471549678994,26.0,,23.0
2026-05-04,cv_2,ridge_all,all,q_operating_margin,0.6507913734559734,-0.0005854042595820395,-0.00038097604212037267,-0.005046129608109659,-0.11401280472441641,24.0,,22.0
2026-05-05,cv_2,ridge_all,all,q_operating_margin,0.6507913734559734,-0.0005854042595820395,-0.00038097604212037267,-0.005046129608109659,-0.11652966419277541,27.0,,24.0
2026-05-06,cv_2,ridge_all,all,q_operating_margin,0.6507913734559734,-0.0005854042595820395,-0.00038097604212037267,-0.005046129608109659,-0.1364980955394787,28.0,,25.0
2026-05-07,cv_2,ridge_all,all,q_operating_margin,0.6507913734559734,-0.0005854042595820395,-0.00038097604212037267,-0.005046129608109659,-0.1338275986021013,28.0,,25.0
2026-04-02,cv_2,ridge_all,all,q_net_margin,-0.6507913734559847,0.0005854042595820813,-0.0003809760421204065,-0.005046129608109659,0.05854510689447226,25.0,,19.0
2026-04-06,cv_2,ridge_all,all,q_net_margin,-0.6507913734559847,0.0005854042595820813,-0.0003809760421204065,-0.005046129608109659,0.04992500109052572,23.0,,19.0
2026-04-07,cv_2,ridge_all,all,q_net_margin,-0.6507913734559847,0.0005854042595820813,-0.0003809760421204065,-0.005046129608109659,0.040995827360849876,26.0,,20.0
2026-04-08,cv_2,ridge_all,all,q_net_margin,-0.6507913734559847,0.0005854042595820813,-0.0003809760421204065,-0.005046129608109659,0.025265750483135146,24.0,,20.0
2026-04-09,cv_2,ridge_all,all,q_net_margin,-0.6507913734559847,0.0005854042595820813,-0.0003809760421204065,-0.005046129608109659,0.024989345363434147,25.0,,20.0
2026-04-10,cv_2,ridge_all,all,q_net_margin,-0.6507913734559847,0.0005854042595820813,-0.0003809760421204065,-0.005046129608109659,0.011466044808818167,24.0,,19.0
2026-04-13,cv_2,ridge_all,all,q_net_margin,-0.6507913734559847,0.0005854042595820813,-0.0003809760421204065,-0.005046129608109659,0.008854183441198586,25.0,,20.0
2026-04-14,cv_2,ridge_all,all,q_net_margin,-0.6507913734559847,0.0005854042595820813,-0.0003809760421204065,-0.005046129608109659,-0.02051197973507398,24.0,,20.0
2026-04-15,cv_2,ridge_all,all,q_net_margin,-0.6507913734559847,0.0005854042595820813,-0.0003809760421204065,-0.005046129608109659,-0.02609211745030921,25.0,,21.0
2026-04-16,cv_2,ridge_all,all,q_net_margin,-0.6507913734559847,0.0005854042595820813,-0.0003809760421204065,-0.005046129608109659,-0.04103803476847871,25.0,,19.0
2026-04-17,cv_2,ridge_all,all,q_net_margin,-0.6507913734559847,0.0005854042595820813,-0.0003809760421204065,-0.005046129608109659,-0.06697751248758897,25.0,,21.0
2026-04-20,cv_2,ridge_all,all,q_net_margin,-0.6507913734559847,0.0005854042595820813,-0.0003809760421204065,-0.005046129608109659,-0.07183291973284164,25.0,,20.0
2026-04-21,cv_2,ridge_all,all,q_net_margin,-0.6507913734559847,0.0005854042595820813,-0.0003809760421204065,-0.005046129608109659,-0.0727129409148718,26.0,,20.0
2026-04-22,cv_2,ridge_all,all,q_net_margin,-0.6507913734559847,0.0005854042595820813,-0.0003809760421204065,-0.005046129608109659,-0.08907811322959627,25.0,,21.0
2026-04-23,cv_2,ridge_all,all,q_net_margin,-0.6507913734559847,0.0005854042595820813,-0.0003809760421204065,-0.005046129608109659,-0.07761674779493932,26.0,,20.0
2026-04-24,cv_2,ridge_all,all,q_net_margin,-0.6507913734559847,0.0005854042595820813,-0.0003809760421204065,-0.005046129608109659,-0.10287424800032227,26.0,,21.0
2026-04-27,cv_2,ridge_all,all,q_net_margin,-0.6507913734559847,0.0005854042595820813,-0.0003809760421204065,-0.005046129608109659,-0.11605134456991756,26.0,,22.0
2026-04-28,cv_2,ridge_all,all,q_net_margin,-0.6507913734559847,0.0005854042595820813,-0.0003809760421204065,-0.005046129608109659,-0.10686730390481666,25.0,,20.0
2026-04-29,cv_2,ridge_all,all,q_net_margin,-0.6507913734559847,0.0005854042595820813,-0.0003809760421204065,-0.005046129608109659,-0.11943089543657501,26.0,,22.0
2026-04-30,cv_2,ridge_all,all,q_net_margin,-0.6507913734559847,0.0005854042595820813,-0.0003809760421204065,-0.005046129608109659,-0.1027801626394845,25.0,,21.0
2026-05-01,cv_2,ridge_all,all,q_net_margin,-0.6507913734559847,0.0005854042595820813,-0.0003809760421204065,-0.005046129608109659,-0.12357471549678994,24.0,,21.0
2026-05-04,cv_2,ridge_all,all,q_net_margin,-0.6507913734559847,0.0005854042595820813,-0.0003809760421204065,-0.005046129608109659,-0.11401280472441641,22.0,,20.0
2026-05-05,cv_2,ridge_all,all,q_net_margin,-0.6507913734559847,0.0005854042595820813,-0.0003809760421204065,-0.005046129608109659,-0.11652966419277541,25.0,,22.0
2026-05-06,cv_2,ridge_all,all,q_net_margin,-0.6507913734559847,0.0005854042595820813,-0.0003809760421204065,-0.005046129608109659,-0.1364980955394787,26.0,,23.0
2026-05-07,cv_2,ridge_all,all,q_net_margin,-0.6507913734559847,0.0005854042595820813,-0.0003809760421204065,-0.005046129608109659,-0.1338275986021013,26.0,,23.0
2026-04-02,cv_2,ridge_all,all,q_rd_to_revenue,-0.650791373455968,0.0005854042595819672,-0.0003809760421203225,-0.005046129608109659,0.05854510689447226,30.0,,24.0
2026-04-06,cv_2,ridge_all,all,q_rd_to_revenue,-0.650791373455968,0.0005854042595819672,-0.0003809760421203225,-0.005046129608109659,0.04992500109052572,28.0,,24.0
2026-04-07,cv_2,ridge_all,all,q_rd_to_revenue,-0.650791373455968,0.0005854042595819672,-0.0003809760421203225,-0.005046129608109659,0.040995827360849876,31.0,,25.0
2026-04-08,cv_2,ridge_all,all,q_rd_to_revenue,-0.650791373455968,0.0005854042595819672,-0.0003809760421203225,-0.005046129608109659,0.025265750483135146,29.0,,25.0
2026-04-09,cv_2,ridge_all,all,q_rd_to_revenue,-0.650791373455968,0.0005854042595819672,-0.0003809760421203225,-0.005046129608109659,0.024989345363434147,30.0,,25.0
2026-04-10,cv_2,ridge_all,all,q_rd_to_revenue,-0.650791373455968,0.0005854042595819672,-0.0003809760421203225,-0.005046129608109659,0.011466044808818167,29.0,,24.0
2026-04-13,cv_2,ridge_all,all,q_rd_to_revenue,-0.650791373455968,0.0005854042595819672,-0.0003809760421203225,-0.005046129608109659,0.008854183441198586,30.0,,25.0
2026-04-14,cv_2,ridge_all,all,q_rd_to_revenue,-0.650791373455968,0.0005854042595819672,-0.0003809760421203225,-0.005046129608109659,-0.02051197973507398,29.0,,25.0
2026-04-15,cv_2,ridge_all,all,q_rd_to_revenue,-0.650791373455968,0.0005854042595819672,-0.0003809760421203225,-0.005046129608109659,-0.02609211745030921,30.0,,26.0
2026-04-16,cv_2,ridge_all,all,q_rd_to_revenue,-0.650791373455968,0.0005854042595819672,-0.0003809760421203225,-0.005046129608109659,-0.04103803476847871,30.0,,24.0
2026-04-17,cv_2,ridge_all,all,q_rd_to_revenue,-0.650791373455968,0.0005854042595819672,-0.0003809760421203225,-0.005046129608109659,-0.06697751248758897,30.0,,26.0
2026-04-20,cv_2,ridge_all,all,q_rd_to_revenue,-0.650791373455968,0.0005854042595819672,-0.0003809760421203225,-0.005046129608109659,-0.07183291973284164,30.0,,25.0
2026-04-21,cv_2,ridge_all,all,q_rd_to_revenue,-0.650791373455968,0.0005854042595819672,-0.0003809760421203225,-0.005046129608109659,-0.0727129409148718,31.0,,25.0
2026-04-22,cv_2,ridge_all,all,q_rd_to_revenue,-0.650791373455968,0.0005854042595819672,-0.0003809760421203225,-0.005046129608109659,-0.08907811322959627,30.0,,26.0
2026-04-23,cv_2,ridge_all,all,q_rd_to_revenue,-0.650791373455968,0.0005854042595819672,-0.0003809760421203225,-0.005046129608109659,-0.07761674779493932,31.0,,25.0
2026-04-24,cv_2,ridge_all,all,q_rd_to_revenue,-0.650791373455968,0.0005854042595819672,-0.0003809760421203225,-0.005046129608109659,-0.10287424800032227,31.0,,26.0
2026-04-27,cv_2,ridge_all,all,q_rd_to_revenue,-0.650791373455968,0.0005854042595819672,-0.0003809760421203225,-0.005046129608109659,-0.11605134456991756,31.0,,27.0
2026-04-28,cv_2,ridge_all,all,q_rd_to_revenue,-0.650791373455968,0.0005854042595819672,-0.0003809760421203225,-0.005046129608109659,-0.10686730390481666,30.0,,25.0
2026-04-29,cv_2,ridge_all,all,q_rd_to_revenue,-0.650791373455968,0.0005854042595819672,-0.0003809760421203225,-0.005046129608109659,-0.11943089543657501,31.0,,27.0
2026-04-30,cv_2,ridge_all,all,q_rd_to_revenue,-0.650791373455968,0.0005854042595819672,-0.0003809760421203225,-0.005046129608109659,-0.1027801626394845,30.0,,26.0
2026-05-01,cv_2,ridge_all,all,q_rd_to_revenue,-0.650791373455968,0.0005854042595819672,-0.0003809760421203225,-0.005046129608109659,-0.12357471549678994,29.0,,26.0
2026-05-04,cv_2,ridge_all,all,q_rd_to_revenue,-0.650791373455968,0.0005854042595819672,-0.0003809760421203225,-0.005046129608109659,-0.11401280472441641,27.0,,25.0
2026-05-05,cv_2,ridge_all,all,q_rd_to_revenue,-0.650791373455968,0.0005854042595819672,-0.0003809760421203225,-0.005046129608109659,-0.11652966419277541,30.0,,27.0
2026-05-06,cv_2,ridge_all,all,q_rd_to_revenue,-0.650791373455968,0.0005854042595819672,-0.0003809760421203225,-0.005046129608109659,-0.1364980955394787,31.0,,28.0
2026-05-07,cv_2,ridge_all,all,q_rd_to_revenue,-0.650791373455968,0.0005854042595819672,-0.0003809760421203225,-0.005046129608109659,-0.1338275986021013,31.0,,28.0
2026-04-02,cv_2,ridge_all,all,q_sga_to_revenue,-0.6507913734559633,0.0005854042595819926,-0.00038097604212033624,-0.005046129608109659,0.05854510689447226,29.0,,23.0
2026-04-06,cv_2,ridge_all,all,q_sga_to_revenue,-0.6507913734559633,0.0005854042595819926,-0.00038097604212033624,-0.005046129608109659,0.04992500109052572,27.0,,23.0
2026-04-07,cv_2,ridge_all,all,q_sga_to_revenue,-0.6507913734559633,0.0005854042595819926,-0.00038097604212033624,-0.005046129608109659,0.040995827360849876,30.0,,24.0
2026-04-08,cv_2,ridge_all,all,q_sga_to_revenue,-0.6507913734559633,0.0005854042595819926,-0.00038097604212033624,-0.005046129608109659,0.025265750483135146,28.0,,24.0
2026-04-09,cv_2,ridge_all,all,q_sga_to_revenue,-0.6507913734559633,0.0005854042595819926,-0.00038097604212033624,-0.005046129608109659,0.024989345363434147,29.0,,24.0
2026-04-10,cv_2,ridge_all,all,q_sga_to_revenue,-0.6507913734559633,0.0005854042595819926,-0.00038097604212033624,-0.005046129608109659,0.011466044808818167,28.0,,23.0
2026-04-13,cv_2,ridge_all,all,q_sga_to_revenue,-0.6507913734559633,0.0005854042595819926,-0.00038097604212033624,-0.005046129608109659,0.008854183441198586,29.0,,24.0
2026-04-14,cv_2,ridge_all,all,q_sga_to_revenue,-0.6507913734559633,0.0005854042595819926,-0.00038097604212033624,-0.005046129608109659,-0.02051197973507398,28.0,,24.0
2026-04-15,cv_2,ridge_all,all,q_sga_to_revenue,-0.6507913734559633,0.0005854042595819926,-0.00038097604212033624,-0.005046129608109659,-0.02609211745030921,29.0,,25.0
2026-04-16,cv_2,ridge_all,all,q_sga_to_revenue,-0.6507913734559633,0.0005854042595819926,-0.00038097604212033624,-0.005046129608109659,-0.04103803476847871,29.0,,23.0
2026-04-17,cv_2,ridge_all,all,q_sga_to_revenue,-0.6507913734559633,0.0005854042595819926,-0.00038097604212033624,-0.005046129608109659,-0.06697751248758897,29.0,,25.0
2026-04-20,cv_2,ridge_all,all,q_sga_to_revenue,-0.6507913734559633,0.0005854042595819926,-0.00038097604212033624,-0.005046129608109659,-0.07183291973284164,29.0,,24.0
2026-04-21,cv_2,ridge_all,all,q_sga_to_revenue,-0.6507913734559633,0.0005854042595819926,-0.00038097604212033624,-0.005046129608109659,-0.0727129409148718,30.0,,24.0
2026-04-22,cv_2,ridge_all,all,q_sga_to_revenue,-0.6507913734559633,0.0005854042595819926,-0.00038097604212033624,-0.005046129608109659,-0.08907811322959627,29.0,,25.0
2026-04-23,cv_2,ridge_all,all,q_sga_to_revenue,-0.6507913734559633,0.0005854042595819926,-0.00038097604212033624,-0.005046129608109659,-0.07761674779493932,30.0,,24.0
2026-04-24,cv_2,ridge_all,all,q_sga_to_revenue,-0.6507913734559633,0.0005854042595819926,-0.00038097604212033624,-0.005046129608109659,-0.10287424800032227,30.0,,25.0
2026-04-27,cv_2,ridge_all,all,q_sga_to_revenue,-0.6507913734559633,0.0005854042595819926,-0.00038097604212033624,-0.005046129608109659,-0.11605134456991756,30.0,,26.0
2026-04-28,cv_2,ridge_all,all,q_sga_to_revenue,-0.6507913734559633,0.0005854042595819926,-0.00038097604212033624,-0.005046129608109659,-0.10686730390481666,29.0,,24.0
2026-04-29,cv_2,ridge_all,all,q_sga_to_revenue,-0.6507913734559633,0.0005854042595819926,-0.00038097604212033624,-0.005046129608109659,-0.11943089543657501,30.0,,26.0
2026-04-30,cv_2,ridge_all,all,q_sga_to_revenue,-0.6507913734559633,0.0005854042595819926,-0.00038097604212033624,-0.005046129608109659,-0.1027801626394845,29.0,,25.0
2026-05-01,cv_2,ridge_all,all,q_sga_to_revenue,-0.6507913734559633,0.0005854042595819926,-0.00038097604212033624,-0.005046129608109659,-0.12357471549678994,28.0,,25.0
2026-05-04,cv_2,ridge_all,all,q_sga_to_revenue,-0.6507913734559633,0.0005854042595819926,-0.00038097604212033624,-0.005046129608109659,-0.11401280472441641,26.0,,24.0
2026-05-05,cv_2,ridge_all,all,q_sga_to_revenue,-0.6507913734559633,0.0005854042595819926,-0.00038097604212033624,-0.005046129608109659,-0.11652966419277541,29.0,,26.0
2026-05-06,cv_2,ridge_all,all,q_sga_to_revenue,-0.6507913734559633,0.0005854042595819926,-0.00038097604212033624,-0.005046129608109659,-0.1364980955394787,30.0,,27.0
2026-05-07,cv_2,ridge_all,all,q_sga_to_revenue,-0.6507913734559633,0.0005854042595819926,-0.00038097604212033624,-0.005046129608109659,-0.1338275986021013,30.0,,27.0
2026-04-02,cv_2,ridge_all,all,q_revenue_growth_yoy,0.6507913734559688,-0.0005854042595820284,-0.00038097604212036275,-0.005046129608109659,0.05854510689447226,28.0,,22.0
2026-04-06,cv_2,ridge_all,all,q_revenue_growth_yoy,0.6507913734559688,-0.0005854042595820284,-0.00038097604212036275,-0.005046129608109659,0.04992500109052572,26.0,,22.0
2026-04-07,cv_2,ridge_all,all,q_revenue_growth_yoy,0.6507913734559688,-0.0005854042595820284,-0.00038097604212036275,-0.005046129608109659,0.040995827360849876,29.0,,23.0
2026-04-08,cv_2,ridge_all,all,q_revenue_growth_yoy,0.6507913734559688,-0.0005854042595820284,-0.00038097604212036275,-0.005046129608109659,0.025265750483135146,27.0,,23.0
2026-04-09,cv_2,ridge_all,all,q_revenue_growth_yoy,0.6507913734559688,-0.0005854042595820284,-0.00038097604212036275,-0.005046129608109659,0.024989345363434147,28.0,,23.0
2026-04-10,cv_2,ridge_all,all,q_revenue_growth_yoy,0.6507913734559688,-0.0005854042595820284,-0.00038097604212036275,-0.005046129608109659,0.011466044808818167,27.0,,22.0
2026-04-13,cv_2,ridge_all,all,q_revenue_growth_yoy,0.6507913734559688,-0.0005854042595820284,-0.00038097604212036275,-0.005046129608109659,0.008854183441198586,28.0,,23.0
2026-04-14,cv_2,ridge_all,all,q_revenue_growth_yoy,0.6507913734559688,-0.0005854042595820284,-0.00038097604212036275,-0.005046129608109659,-0.02051197973507398,27.0,,23.0
2026-04-15,cv_2,ridge_all,all,q_revenue_growth_yoy,0.6507913734559688,-0.0005854042595820284,-0.00038097604212036275,-0.005046129608109659,-0.02609211745030921,28.0,,24.0
2026-04-16,cv_2,ridge_all,all,q_revenue_growth_yoy,0.6507913734559688,-0.0005854042595820284,-0.00038097604212036275,-0.005046129608109659,-0.04103803476847871,28.0,,22.0
2026-04-17,cv_2,ridge_all,all,q_revenue_growth_yoy,0.6507913734559688,-0.0005854042595820284,-0.00038097604212036275,-0.005046129608109659,-0.06697751248758897,28.0,,24.0
2026-04-20,cv_2,ridge_all,all,q_revenue_growth_yoy,0.6507913734559688,-0.0005854042595820284,-0.00038097604212036275,-0.005046129608109659,-0.07183291973284164,28.0,,23.0
2026-04-21,cv_2,ridge_all,all,q_revenue_growth_yoy,0.6507913734559688,-0.0005854042595820284,-0.00038097604212036275,-0.005046129608109659,-0.0727129409148718,29.0,,23.0
2026-04-22,cv_2,ridge_all,all,q_revenue_growth_yoy,0.6507913734559688,-0.0005854042595820284,-0.00038097604212036275,-0.005046129608109659,-0.08907811322959627,28.0,,24.0
2026-04-23,cv_2,ridge_all,all,q_revenue_growth_yoy,0.6507913734559688,-0.0005854042595820284,-0.00038097604212036275,-0.005046129608109659,-0.07761674779493932,29.0,,23.0
2026-04-24,cv_2,ridge_all,all,q_revenue_growth_yoy,0.6507913734559688,-0.0005854042595820284,-0.00038097604212036275,-0.005046129608109659,-0.10287424800032227,29.0,,24.0
2026-04-27,cv_2,ridge_all,all,q_revenue_growth_yoy,0.6507913734559688,-0.0005854042595820284,-0.00038097604212036275,-0.005046129608109659,-0.11605134456991756,29.0,,25.0
2026-04-28,cv_2,ridge_all,all,q_revenue_growth_yoy,0.6507913734559688,-0.0005854042595820284,-0.00038097604212036275,-0.005046129608109659,-0.10686730390481666,28.0,,23.0
2026-04-29,cv_2,ridge_all,all,q_revenue_growth_yoy,0.6507913734559688,-0.0005854042595820284,-0.00038097604212036275,-0.005046129608109659,-0.11943089543657501,29.0,,25.0
2026-04-30,cv_2,ridge_all,all,q_revenue_growth_yoy,0.6507913734559688,-0.0005854042595820284,-0.00038097604212036275,-0.005046129608109659,-0.1027801626394845,28.0,,24.0
2026-05-01,cv_2,ridge_all,all,q_revenue_growth_yoy,0.6507913734559688,-0.0005854042595820284,-0.00038097604212036275,-0.005046129608109659,-0.12357471549678994,27.0,,24.0
2026-05-04,cv_2,ridge_all,all,q_revenue_growth_yoy,0.6507913734559688,-0.0005854042595820284,-0.00038097604212036275,-0.005046129608109659,-0.11401280472441641,25.0,,23.0
2026-05-05,cv_2,ridge_all,all,q_revenue_growth_yoy,0.6507913734559688,-0.0005854042595820284,-0.00038097604212036275,-0.005046129608109659,-0.11652966419277541,28.0,,25.0
2026-05-06,cv_2,ridge_all,all,q_revenue_growth_yoy,0.6507913734559688,-0.0005854042595820284,-0.00038097604212036275,-0.005046129608109659,-0.1364980955394787,29.0,,26.0
2026-05-07,cv_2,ridge_all,all,q_revenue_growth_yoy,0.6507913734559688,-0.0005854042595820284,-0.00038097604212036275,-0.005046129608109659,-0.1338275986021013,29.0,,26.0
2026-04-02,cv_2,ridge_all,all,q_gross_profit_growth_yoy,0.6507913734559656,-0.0005854042595817515,-0.00038097604212018065,-0.005046129608109659,0.05854510689447226,33.0,,27.0
2026-04-06,cv_2,ridge_all,all,q_gross_profit_growth_yoy,0.6507913734559656,-0.0005854042595817515,-0.00038097604212018065,-0.005046129608109659,0.04992500109052572,31.0,,27.0
2026-04-07,cv_2,ridge_all,all,q_gross_profit_growth_yoy,0.6507913734559656,-0.0005854042595817515,-0.00038097604212018065,-0.005046129608109659,0.040995827360849876,34.0,,28.0
2026-04-08,cv_2,ridge_all,all,q_gross_profit_growth_yoy,0.6507913734559656,-0.0005854042595817515,-0.00038097604212018065,-0.005046129608109659,0.025265750483135146,32.0,,28.0
2026-04-09,cv_2,ridge_all,all,q_gross_profit_growth_yoy,0.6507913734559656,-0.0005854042595817515,-0.00038097604212018065,-0.005046129608109659,0.024989345363434147,33.0,,28.0
2026-04-10,cv_2,ridge_all,all,q_gross_profit_growth_yoy,0.6507913734559656,-0.0005854042595817515,-0.00038097604212018065,-0.005046129608109659,0.011466044808818167,32.0,,27.0
2026-04-13,cv_2,ridge_all,all,q_gross_profit_growth_yoy,0.6507913734559656,-0.0005854042595817515,-0.00038097604212018065,-0.005046129608109659,0.008854183441198586,33.0,,28.0
2026-04-14,cv_2,ridge_all,all,q_gross_profit_growth_yoy,0.6507913734559656,-0.0005854042595817515,-0.00038097604212018065,-0.005046129608109659,-0.02051197973507398,32.0,,28.0
2026-04-15,cv_2,ridge_all,all,q_gross_profit_growth_yoy,0.6507913734559656,-0.0005854042595817515,-0.00038097604212018065,-0.005046129608109659,-0.02609211745030921,33.0,,29.0
2026-04-16,cv_2,ridge_all,all,q_gross_profit_growth_yoy,0.6507913734559656,-0.0005854042595817515,-0.00038097604212018065,-0.005046129608109659,-0.04103803476847871,33.0,,27.0
2026-04-17,cv_2,ridge_all,all,q_gross_profit_growth_yoy,0.6507913734559656,-0.0005854042595817515,-0.00038097604212018065,-0.005046129608109659,-0.06697751248758897,33.0,,29.0
2026-04-20,cv_2,ridge_all,all,q_gross_profit_growth_yoy,0.6507913734559656,-0.0005854042595817515,-0.00038097604212018065,-0.005046129608109659,-0.07183291973284164,33.0,,28.0
2026-04-21,cv_2,ridge_all,all,q_gross_profit_growth_yoy,0.6507913734559656,-0.0005854042595817515,-0.00038097604212018065,-0.005046129608109659,-0.0727129409148718,34.0,,28.0
2026-04-22,cv_2,ridge_all,all,q_gross_profit_growth_yoy,0.6507913734559656,-0.0005854042595817515,-0.00038097604212018065,-0.005046129608109659,-0.08907811322959627,33.0,,29.0
2026-04-23,cv_2,ridge_all,all,q_gross_profit_growth_yoy,0.6507913734559656,-0.0005854042595817515,-0.00038097604212018065,-0.005046129608109659,-0.07761674779493932,34.0,,28.0
2026-04-24,cv_2,ridge_all,all,q_gross_profit_growth_yoy,0.6507913734559656,-0.0005854042595817515,-0.00038097604212018065,-0.005046129608109659,-0.10287424800032227,34.0,,29.0
2026-04-27,cv_2,ridge_all,all,q_gross_profit_growth_yoy,0.6507913734559656,-0.0005854042595817515,-0.00038097604212018065,-0.005046129608109659,-0.11605134456991756,34.0,,30.0
2026-04-28,cv_2,ridge_all,all,q_gross_profit_growth_yoy,0.6507913734559656,-0.0005854042595817515,-0.00038097604212018065,-0.005046129608109659,-0.10686730390481666,33.0,,28.0
2026-04-29,cv_2,ridge_all,all,q_gross_profit_growth_yoy,0.6507913734559656,-0.0005854042595817515,-0.00038097604212018065,-0.005046129608109659,-0.11943089543657501,34.0,,30.0
2026-04-30,cv_2,ridge_all,all,q_gross_profit_growth_yoy,0.6507913734559656,-0.0005854042595817515,-0.00038097604212018065,-0.005046129608109659,-0.1027801626394845,33.0,,29.0
2026-05-01,cv_2,ridge_all,all,q_gross_profit_growth_yoy,0.6507913734559656,-0.0005854042595817515,-0.00038097604212018065,-0.005046129608109659,-0.12357471549678994,32.0,,29.0
2026-05-04,cv_2,ridge_all,all,q_gross_profit_growth_yoy,0.6507913734559656,-0.0005854042595817515,-0.00038097604212018065,-0.005046129608109659,-0.11401280472441641,30.0,,28.0
2026-05-05,cv_2,ridge_all,all,q_gross_profit_growth_yoy,0.6507913734559656,-0.0005854042595817515,-0.00038097604212018065,-0.005046129608109659,-0.11652966419277541,33.0,,30.0
2026-05-06,cv_2,ridge_all,all,q_gross_profit_growth_yoy,0.6507913734559656,-0.0005854042595817515,-0.00038097604212018065,-0.005046129608109659,-0.1364980955394787,34.0,,31.0
2026-05-07,cv_2,ridge_all,all,q_gross_profit_growth_yoy,0.6507913734559656,-0.0005854042595817515,-0.00038097604212018065,-0.005046129608109659,-0.1338275986021013,34.0,,31.0
2026-04-02,cv_2,ridge_all,all,q_operating_income_growth_yoy,0.6507913734559699,-0.0005854042595817479,-0.00038097604212018087,-0.005046129608109659,0.05854510689447226,32.0,,26.0
2026-04-06,cv_2,ridge_all,all,q_operating_income_growth_yoy,0.6507913734559699,-0.0005854042595817479,-0.00038097604212018087,-0.005046129608109659,0.04992500109052572,30.0,,26.0
2026-04-07,cv_2,ridge_all,all,q_operating_income_growth_yoy,0.6507913734559699,-0.0005854042595817479,-0.00038097604212018087,-0.005046129608109659,0.040995827360849876,33.0,,27.0
2026-04-08,cv_2,ridge_all,all,q_operating_income_growth_yoy,0.6507913734559699,-0.0005854042595817479,-0.00038097604212018087,-0.005046129608109659,0.025265750483135146,31.0,,27.0
2026-04-09,cv_2,ridge_all,all,q_operating_income_growth_yoy,0.6507913734559699,-0.0005854042595817479,-0.00038097604212018087,-0.005046129608109659,0.024989345363434147,32.0,,27.0
2026-04-10,cv_2,ridge_all,all,q_operating_income_growth_yoy,0.6507913734559699,-0.0005854042595817479,-0.00038097604212018087,-0.005046129608109659,0.011466044808818167,31.0,,26.0
2026-04-13,cv_2,ridge_all,all,q_operating_income_growth_yoy,0.6507913734559699,-0.0005854042595817479,-0.00038097604212018087,-0.005046129608109659,0.008854183441198586,32.0,,27.0
2026-04-14,cv_2,ridge_all,all,q_operating_income_growth_yoy,0.6507913734559699,-0.0005854042595817479,-0.00038097604212018087,-0.005046129608109659,-0.02051197973507398,31.0,,27.0
2026-04-15,cv_2,ridge_all,all,q_operating_income_growth_yoy,0.6507913734559699,-0.0005854042595817479,-0.00038097604212018087,-0.005046129608109659,-0.02609211745030921,32.0,,28.0
2026-04-16,cv_2,ridge_all,all,q_operating_income_growth_yoy,0.6507913734559699,-0.0005854042595817479,-0.00038097604212018087,-0.005046129608109659,-0.04103803476847871,32.0,,26.0
2026-04-17,cv_2,ridge_all,all,q_operating_income_growth_yoy,0.6507913734559699,-0.0005854042595817479,-0.00038097604212018087,-0.005046129608109659,-0.06697751248758897,32.0,,28.0
2026-04-20,cv_2,ridge_all,all,q_operating_income_growth_yoy,0.6507913734559699,-0.0005854042595817479,-0.00038097604212018087,-0.005046129608109659,-0.07183291973284164,32.0,,27.0
2026-04-21,cv_2,ridge_all,all,q_operating_income_growth_yoy,0.6507913734559699,-0.0005854042595817479,-0.00038097604212018087,-0.005046129608109659,-0.0727129409148718,33.0,,27.0
2026-04-22,cv_2,ridge_all,all,q_operating_income_growth_yoy,0.6507913734559699,-0.0005854042595817479,-0.00038097604212018087,-0.005046129608109659,-0.08907811322959627,32.0,,28.0
2026-04-23,cv_2,ridge_all,all,q_operating_income_growth_yoy,0.6507913734559699,-0.0005854042595817479,-0.00038097604212018087,-0.005046129608109659,-0.07761674779493932,33.0,,27.0
2026-04-24,cv_2,ridge_all,all,q_operating_income_growth_yoy,0.6507913734559699,-0.0005854042595817479,-0.00038097604212018087,-0.005046129608109659,-0.10287424800032227,33.0,,28.0
2026-04-27,cv_2,ridge_all,all,q_operating_income_growth_yoy,0.6507913734559699,-0.0005854042595817479,-0.00038097604212018087,-0.005046129608109659,-0.11605134456991756,33.0,,29.0
2026-04-28,cv_2,ridge_all,all,q_operating_income_growth_yoy,0.6507913734559699,-0.0005854042595817479,-0.00038097604212018087,-0.005046129608109659,-0.10686730390481666,32.0,,27.0
2026-04-29,cv_2,ridge_all,all,q_operating_income_growth_yoy,0.6507913734559699,-0.0005854042595817479,-0.00038097604212018087,-0.005046129608109659,-0.11943089543657501,33.0,,29.0
2026-04-30,cv_2,ridge_all,all,q_operating_income_growth_yoy,0.6507913734559699,-0.0005854042595817479,-0.00038097604212018087,-0.005046129608109659,-0.1027801626394845,32.0,,28.0
2026-05-01,cv_2,ridge_all,all,q_operating_income_growth_yoy,0.6507913734559699,-0.0005854042595817479,-0.00038097604212018087,-0.005046129608109659,-0.12357471549678994,31.0,,28.0
2026-05-04,cv_2,ridge_all,all,q_operating_income_growth_yoy,0.6507913734559699,-0.0005854042595817479,-0.00038097604212018087,-0.005046129608109659,-0.11401280472441641,29.0,,27.0
2026-05-05,cv_2,ridge_all,all,q_operating_income_growth_yoy,0.6507913734559699,-0.0005854042595817479,-0.00038097604212018087,-0.005046129608109659,-0.11652966419277541,32.0,,29.0
2026-05-06,cv_2,ridge_all,all,q_operating_income_growth_yoy,0.6507913734559699,-0.0005854042595817479,-0.00038097604212018087,-0.005046129608109659,-0.1364980955394787,33.0,,30.0
2026-05-07,cv_2,ridge_all,all,q_operating_income_growth_yoy,0.6507913734559699,-0.0005854042595817479,-0.00038097604212018087,-0.005046129608109659,-0.1338275986021013,33.0,,30.0
2026-04-02,cv_2,ridge_all,all,q_net_income_growth_yoy,0.6507913734559674,-0.0005854042595820733,-0.0003809760421203911,-0.005046129608109659,0.05854510689447226,26.0,,20.0
2026-04-06,cv_2,ridge_all,all,q_net_income_growth_yoy,0.6507913734559674,-0.0005854042595820733,-0.0003809760421203911,-0.005046129608109659,0.04992500109052572,24.0,,20.0
2026-04-07,cv_2,ridge_all,all,q_net_income_growth_yoy,0.6507913734559674,-0.0005854042595820733,-0.0003809760421203911,-0.005046129608109659,0.040995827360849876,27.0,,21.0
2026-04-08,cv_2,ridge_all,all,q_net_income_growth_yoy,0.6507913734559674,-0.0005854042595820733,-0.0003809760421203911,-0.005046129608109659,0.025265750483135146,25.0,,21.0
2026-04-09,cv_2,ridge_all,all,q_net_income_growth_yoy,0.6507913734559674,-0.0005854042595820733,-0.0003809760421203911,-0.005046129608109659,0.024989345363434147,26.0,,21.0
2026-04-10,cv_2,ridge_all,all,q_net_income_growth_yoy,0.6507913734559674,-0.0005854042595820733,-0.0003809760421203911,-0.005046129608109659,0.011466044808818167,25.0,,20.0
2026-04-13,cv_2,ridge_all,all,q_net_income_growth_yoy,0.6507913734559674,-0.0005854042595820733,-0.0003809760421203911,-0.005046129608109659,0.008854183441198586,26.0,,21.0
2026-04-14,cv_2,ridge_all,all,q_net_income_growth_yoy,0.6507913734559674,-0.0005854042595820733,-0.0003809760421203911,-0.005046129608109659,-0.02051197973507398,25.0,,21.0
2026-04-15,cv_2,ridge_all,all,q_net_income_growth_yoy,0.6507913734559674,-0.0005854042595820733,-0.0003809760421203911,-0.005046129608109659,-0.02609211745030921,26.0,,22.0
2026-04-16,cv_2,ridge_all,all,q_net_income_growth_yoy,0.6507913734559674,-0.0005854042595820733,-0.0003809760421203911,-0.005046129608109659,-0.04103803476847871,26.0,,20.0
2026-04-17,cv_2,ridge_all,all,q_net_income_growth_yoy,0.6507913734559674,-0.0005854042595820733,-0.0003809760421203911,-0.005046129608109659,-0.06697751248758897,26.0,,22.0
2026-04-20,cv_2,ridge_all,all,q_net_income_growth_yoy,0.6507913734559674,-0.0005854042595820733,-0.0003809760421203911,-0.005046129608109659,-0.07183291973284164,26.0,,21.0
2026-04-21,cv_2,ridge_all,all,q_net_income_growth_yoy,0.6507913734559674,-0.0005854042595820733,-0.0003809760421203911,-0.005046129608109659,-0.0727129409148718,27.0,,21.0
2026-04-22,cv_2,ridge_all,all,q_net_income_growth_yoy,0.6507913734559674,-0.0005854042595820733,-0.0003809760421203911,-0.005046129608109659,-0.08907811322959627,26.0,,22.0
2026-04-23,cv_2,ridge_all,all,q_net_income_growth_yoy,0.6507913734559674,-0.0005854042595820733,-0.0003809760421203911,-0.005046129608109659,-0.07761674779493932,27.0,,21.0
2026-04-24,cv_2,ridge_all,all,q_net_income_growth_yoy,0.6507913734559674,-0.0005854042595820733,-0.0003809760421203911,-0.005046129608109659,-0.10287424800032227,27.0,,22.0
2026-04-27,cv_2,ridge_all,all,q_net_income_growth_yoy,0.6507913734559674,-0.0005854042595820733,-0.0003809760421203911,-0.005046129608109659,-0.11605134456991756,27.0,,23.0
2026-04-28,cv_2,ridge_all,all,q_net_income_growth_yoy,0.6507913734559674,-0.0005854042595820733,-0.0003809760421203911,-0.005046129608109659,-0.10686730390481666,26.0,,21.0
2026-04-29,cv_2,ridge_all,all,q_net_income_growth_yoy,0.6507913734559674,-0.0005854042595820733,-0.0003809760421203911,-0.005046129608109659,-0.11943089543657501,27.0,,23.0
2026-04-30,cv_2,ridge_all,all,q_net_income_growth_yoy,0.6507913734559674,-0.0005854042595820733,-0.0003809760421203911,-0.005046129608109659,-0.1027801626394845,26.0,,22.0
2026-05-01,cv_2,ridge_all,all,q_net_income_growth_yoy,0.6507913734559674,-0.0005854042595820733,-0.0003809760421203911,-0.005046129608109659,-0.12357471549678994,25.0,,22.0
2026-05-04,cv_2,ridge_all,all,q_net_income_growth_yoy,0.6507913734559674,-0.0005854042595820733,-0.0003809760421203911,-0.005046129608109659,-0.11401280472441641,23.0,,21.0
2026-05-05,cv_2,ridge_all,all,q_net_income_growth_yoy,0.6507913734559674,-0.0005854042595820733,-0.0003809760421203911,-0.005046129608109659,-0.11652966419277541,26.0,,23.0
2026-05-06,cv_2,ridge_all,all,q_net_income_growth_yoy,0.6507913734559674,-0.0005854042595820733,-0.0003809760421203911,-0.005046129608109659,-0.1364980955394787,27.0,,24.0
2026-05-07,cv_2,ridge_all,all,q_net_income_growth_yoy,0.6507913734559674,-0.0005854042595820733,-0.0003809760421203911,-0.005046129608109659,-0.1338275986021013,27.0,,24.0
2026-04-02,cv_2,ridge_all,all,q_rd_growth_yoy,-0.6507913734558324,0.0005854042595818346,-0.0003809760421201568,-0.005046129608109659,0.05854510689447226,34.0,,28.0
2026-04-06,cv_2,ridge_all,all,q_rd_growth_yoy,-0.6507913734558324,0.0005854042595818346,-0.0003809760421201568,-0.005046129608109659,0.04992500109052572,32.0,,28.0
2026-04-07,cv_2,ridge_all,all,q_rd_growth_yoy,-0.6507913734558324,0.0005854042595818346,-0.0003809760421201568,-0.005046129608109659,0.040995827360849876,35.0,,29.0
2026-04-08,cv_2,ridge_all,all,q_rd_growth_yoy,-0.6507913734558324,0.0005854042595818346,-0.0003809760421201568,-0.005046129608109659,0.025265750483135146,33.0,,29.0
2026-04-09,cv_2,ridge_all,all,q_rd_growth_yoy,-0.6507913734558324,0.0005854042595818346,-0.0003809760421201568,-0.005046129608109659,0.024989345363434147,34.0,,29.0
2026-04-10,cv_2,ridge_all,all,q_rd_growth_yoy,-0.6507913734558324,0.0005854042595818346,-0.0003809760421201568,-0.005046129608109659,0.011466044808818167,33.0,,28.0
2026-04-13,cv_2,ridge_all,all,q_rd_growth_yoy,-0.6507913734558324,0.0005854042595818346,-0.0003809760421201568,-0.005046129608109659,0.008854183441198586,34.0,,29.0
2026-04-14,cv_2,ridge_all,all,q_rd_growth_yoy,-0.6507913734558324,0.0005854042595818346,-0.0003809760421201568,-0.005046129608109659,-0.02051197973507398,33.0,,29.0
2026-04-15,cv_2,ridge_all,all,q_rd_growth_yoy,-0.6507913734558324,0.0005854042595818346,-0.0003809760421201568,-0.005046129608109659,-0.02609211745030921,34.0,,30.0
2026-04-16,cv_2,ridge_all,all,q_rd_growth_yoy,-0.6507913734558324,0.0005854042595818346,-0.0003809760421201568,-0.005046129608109659,-0.04103803476847871,34.0,,28.0
2026-04-17,cv_2,ridge_all,all,q_rd_growth_yoy,-0.6507913734558324,0.0005854042595818346,-0.0003809760421201568,-0.005046129608109659,-0.06697751248758897,34.0,,30.0
2026-04-20,cv_2,ridge_all,all,q_rd_growth_yoy,-0.6507913734558324,0.0005854042595818346,-0.0003809760421201568,-0.005046129608109659,-0.07183291973284164,34.0,,29.0
2026-04-21,cv_2,ridge_all,all,q_rd_growth_yoy,-0.6507913734558324,0.0005854042595818346,-0.0003809760421201568,-0.005046129608109659,-0.0727129409148718,35.0,,29.0
2026-04-22,cv_2,ridge_all,all,q_rd_growth_yoy,-0.6507913734558324,0.0005854042595818346,-0.0003809760421201568,-0.005046129608109659,-0.08907811322959627,34.0,,30.0
2026-04-23,cv_2,ridge_all,all,q_rd_growth_yoy,-0.6507913734558324,0.0005854042595818346,-0.0003809760421201568,-0.005046129608109659,-0.07761674779493932,35.0,,29.0
2026-04-24,cv_2,ridge_all,all,q_rd_growth_yoy,-0.6507913734558324,0.0005854042595818346,-0.0003809760421201568,-0.005046129608109659,-0.10287424800032227,35.0,,30.0
2026-04-27,cv_2,ridge_all,all,q_rd_growth_yoy,-0.6507913734558324,0.0005854042595818346,-0.0003809760421201568,-0.005046129608109659,-0.11605134456991756,35.0,,31.0
2026-04-28,cv_2,ridge_all,all,q_rd_growth_yoy,-0.6507913734558324,0.0005854042595818346,-0.0003809760421201568,-0.005046129608109659,-0.10686730390481666,34.0,,29.0
2026-04-29,cv_2,ridge_all,all,q_rd_growth_yoy,-0.6507913734558324,0.0005854042595818346,-0.0003809760421201568,-0.005046129608109659,-0.11943089543657501,35.0,,31.0
2026-04-30,cv_2,ridge_all,all,q_rd_growth_yoy,-0.6507913734558324,0.0005854042595818346,-0.0003809760421201568,-0.005046129608109659,-0.1027801626394845,34.0,,30.0
2026-05-01,cv_2,ridge_all,all,q_rd_growth_yoy,-0.6507913734558324,0.0005854042595818346,-0.0003809760421201568,-0.005046129608109659,-0.12357471549678994,33.0,,30.0
2026-05-04,cv_2,ridge_all,all,q_rd_growth_yoy,-0.6507913734558324,0.0005854042595818346,-0.0003809760421201568,-0.005046129608109659,-0.11401280472441641,31.0,,29.0
2026-05-05,cv_2,ridge_all,all,q_rd_growth_yoy,-0.6507913734558324,0.0005854042595818346,-0.0003809760421201568,-0.005046129608109659,-0.11652966419277541,34.0,,31.0
2026-05-06,cv_2,ridge_all,all,q_rd_growth_yoy,-0.6507913734558324,0.0005854042595818346,-0.0003809760421201568,-0.005046129608109659,-0.1364980955394787,35.0,,32.0
2026-05-07,cv_2,ridge_all,all,q_rd_growth_yoy,-0.6507913734558324,0.0005854042595818346,-0.0003809760421201568,-0.005046129608109659,-0.1338275986021013,35.0,,32.0
2026-04-02,cv_2,ridge_all,all,fy_gross_margin,-2.24722050542442,0.0006190273445134899,-0.0013910909420091413,-0.005046129608109659,0.05854510689447226,15.0,,10.0
2026-04-06,cv_2,ridge_all,all,fy_gross_margin,-2.24722050542442,0.0006190273445134899,-0.0013910909420091413,-0.005046129608109659,0.04992500109052572,13.0,,9.0
2026-04-07,cv_2,ridge_all,all,fy_gross_margin,-2.24722050542442,0.0006190273445134899,-0.0013910909420091413,-0.005046129608109659,0.040995827360849876,12.0,,8.0
2026-04-08,cv_2,ridge_all,all,fy_gross_margin,-2.24722050542442,0.0006190273445134899,-0.0013910909420091413,-0.005046129608109659,0.025265750483135146,14.0,,10.0
2026-04-09,cv_2,ridge_all,all,fy_gross_margin,-2.24722050542442,0.0006190273445134899,-0.0013910909420091413,-0.005046129608109659,0.024989345363434147,15.0,,11.0
2026-04-10,cv_2,ridge_all,all,fy_gross_margin,-2.24722050542442,0.0006190273445134899,-0.0013910909420091413,-0.005046129608109659,0.011466044808818167,15.0,,10.0
2026-04-13,cv_2,ridge_all,all,fy_gross_margin,-2.24722050542442,0.0006190273445134899,-0.0013910909420091413,-0.005046129608109659,0.008854183441198586,12.0,,8.0
2026-04-14,cv_2,ridge_all,all,fy_gross_margin,-2.24722050542442,0.0006190273445134899,-0.0013910909420091413,-0.005046129608109659,-0.02051197973507398,15.0,,11.0
2026-04-15,cv_2,ridge_all,all,fy_gross_margin,-2.24722050542442,0.0006190273445134899,-0.0013910909420091413,-0.005046129608109659,-0.02609211745030921,14.0,,11.0
2026-04-16,cv_2,ridge_all,all,fy_gross_margin,-2.24722050542442,0.0006190273445134899,-0.0013910909420091413,-0.005046129608109659,-0.04103803476847871,12.0,,9.0
2026-04-17,cv_2,ridge_all,all,fy_gross_margin,-2.24722050542442,0.0006190273445134899,-0.0013910909420091413,-0.005046129608109659,-0.06697751248758897,15.0,,12.0
2026-04-20,cv_2,ridge_all,all,fy_gross_margin,-2.24722050542442,0.0006190273445134899,-0.0013910909420091413,-0.005046129608109659,-0.07183291973284164,12.0,,9.0
2026-04-21,cv_2,ridge_all,all,fy_gross_margin,-2.24722050542442,0.0006190273445134899,-0.0013910909420091413,-0.005046129608109659,-0.0727129409148718,14.0,,10.0
2026-04-22,cv_2,ridge_all,all,fy_gross_margin,-2.24722050542442,0.0006190273445134899,-0.0013910909420091413,-0.005046129608109659,-0.08907811322959627,14.0,,12.0
2026-04-23,cv_2,ridge_all,all,fy_gross_margin,-2.24722050542442,0.0006190273445134899,-0.0013910909420091413,-0.005046129608109659,-0.07761674779493932,13.0,,9.0
2026-04-24,cv_2,ridge_all,all,fy_gross_margin,-2.24722050542442,0.0006190273445134899,-0.0013910909420091413,-0.005046129608109659,-0.10287424800032227,15.0,,12.0
2026-04-27,cv_2,ridge_all,all,fy_gross_margin,-2.24722050542442,0.0006190273445134899,-0.0013910909420091413,-0.005046129608109659,-0.11605134456991756,16.0,,13.0
2026-04-28,cv_2,ridge_all,all,fy_gross_margin,-2.24722050542442,0.0006190273445134899,-0.0013910909420091413,-0.005046129608109659,-0.10686730390481666,14.0,,11.0
2026-04-29,cv_2,ridge_all,all,fy_gross_margin,-2.24722050542442,0.0006190273445134899,-0.0013910909420091413,-0.005046129608109659,-0.11943089543657501,14.0,,11.0
2026-04-30,cv_2,ridge_all,all,fy_gross_margin,-2.24722050542442,0.0006190273445134899,-0.0013910909420091413,-0.005046129608109659,-0.1027801626394845,16.0,,12.0
2026-05-01,cv_2,ridge_all,all,fy_gross_margin,-2.24722050542442,0.0006190273445134899,-0.0013910909420091413,-0.005046129608109659,-0.12357471549678994,13.0,,11.0
2026-05-04,cv_2,ridge_all,all,fy_gross_margin,-2.24722050542442,0.0006190273445134899,-0.0013910909420091413,-0.005046129608109659,-0.11401280472441641,12.0,,11.0
2026-05-05,cv_2,ridge_all,all,fy_gross_margin,-2.24722050542442,0.0006190273445134899,-0.0013910909420091413,-0.005046129608109659,-0.11652966419277541,13.0,,11.0
2026-05-06,cv_2,ridge_all,all,fy_gross_margin,-2.24722050542442,0.0006190273445134899,-0.0013910909420091413,-0.005046129608109659,-0.1364980955394787,16.0,,13.0
2026-05-07,cv_2,ridge_all,all,fy_gross_margin,-2.24722050542442,0.0006190273445134899,-0.0013910909420091413,-0.005046129608109659,-0.1338275986021013,14.0,,13.0
2026-04-02,cv_2,ridge_all,all,fy_operating_margin,-2.2472205054244303,0.0006190273445132961,-0.0013910909420087121,-0.005046129608109659,0.05854510689447226,19.0,,14.0
2026-04-06,cv_2,ridge_all,all,fy_operating_margin,-2.2472205054244303,0.0006190273445132961,-0.0013910909420087121,-0.005046129608109659,0.04992500109052572,17.0,,13.0
2026-04-07,cv_2,ridge_all,all,fy_operating_margin,-2.2472205054244303,0.0006190273445132961,-0.0013910909420087121,-0.005046129608109659,0.040995827360849876,16.0,,12.0
2026-04-08,cv_2,ridge_all,all,fy_operating_margin,-2.2472205054244303,0.0006190273445132961,-0.0013910909420087121,-0.005046129608109659,0.025265750483135146,18.0,,14.0
2026-04-09,cv_2,ridge_all,all,fy_operating_margin,-2.2472205054244303,0.0006190273445132961,-0.0013910909420087121,-0.005046129608109659,0.024989345363434147,19.0,,15.0
2026-04-10,cv_2,ridge_all,all,fy_operating_margin,-2.2472205054244303,0.0006190273445132961,-0.0013910909420087121,-0.005046129608109659,0.011466044808818167,19.0,,14.0
2026-04-13,cv_2,ridge_all,all,fy_operating_margin,-2.2472205054244303,0.0006190273445132961,-0.0013910909420087121,-0.005046129608109659,0.008854183441198586,16.0,,12.0
2026-04-14,cv_2,ridge_all,all,fy_operating_margin,-2.2472205054244303,0.0006190273445132961,-0.0013910909420087121,-0.005046129608109659,-0.02051197973507398,19.0,,15.0
2026-04-15,cv_2,ridge_all,all,fy_operating_margin,-2.2472205054244303,0.0006190273445132961,-0.0013910909420087121,-0.005046129608109659,-0.02609211745030921,18.0,,15.0
2026-04-16,cv_2,ridge_all,all,fy_operating_margin,-2.2472205054244303,0.0006190273445132961,-0.0013910909420087121,-0.005046129608109659,-0.04103803476847871,16.0,,13.0
2026-04-17,cv_2,ridge_all,all,fy_operating_margin,-2.2472205054244303,0.0006190273445132961,-0.0013910909420087121,-0.005046129608109659,-0.06697751248758897,19.0,,16.0
2026-04-20,cv_2,ridge_all,all,fy_operating_margin,-2.2472205054244303,0.0006190273445132961,-0.0013910909420087121,-0.005046129608109659,-0.07183291973284164,16.0,,13.0
2026-04-21,cv_2,ridge_all,all,fy_operating_margin,-2.2472205054244303,0.0006190273445132961,-0.0013910909420087121,-0.005046129608109659,-0.0727129409148718,18.0,,14.0
2026-04-22,cv_2,ridge_all,all,fy_operating_margin,-2.2472205054244303,0.0006190273445132961,-0.0013910909420087121,-0.005046129608109659,-0.08907811322959627,18.0,,16.0
2026-04-23,cv_2,ridge_all,all,fy_operating_margin,-2.2472205054244303,0.0006190273445132961,-0.0013910909420087121,-0.005046129608109659,-0.07761674779493932,17.0,,13.0
2026-04-24,cv_2,ridge_all,all,fy_operating_margin,-2.2472205054244303,0.0006190273445132961,-0.0013910909420087121,-0.005046129608109659,-0.10287424800032227,19.0,,16.0
2026-04-27,cv_2,ridge_all,all,fy_operating_margin,-2.2472205054244303,0.0006190273445132961,-0.0013910909420087121,-0.005046129608109659,-0.11605134456991756,20.0,,17.0
2026-04-28,cv_2,ridge_all,all,fy_operating_margin,-2.2472205054244303,0.0006190273445132961,-0.0013910909420087121,-0.005046129608109659,-0.10686730390481666,18.0,,15.0
2026-04-29,cv_2,ridge_all,all,fy_operating_margin,-2.2472205054244303,0.0006190273445132961,-0.0013910909420087121,-0.005046129608109659,-0.11943089543657501,18.0,,15.0
2026-04-30,cv_2,ridge_all,all,fy_operating_margin,-2.2472205054244303,0.0006190273445132961,-0.0013910909420087121,-0.005046129608109659,-0.1027801626394845,20.0,,16.0
2026-05-01,cv_2,ridge_all,all,fy_operating_margin,-2.2472205054244303,0.0006190273445132961,-0.0013910909420087121,-0.005046129608109659,-0.12357471549678994,17.0,,15.0
2026-05-04,cv_2,ridge_all,all,fy_operating_margin,-2.2472205054244303,0.0006190273445132961,-0.0013910909420087121,-0.005046129608109659,-0.11401280472441641,16.0,,15.0
2026-05-05,cv_2,ridge_all,all,fy_operating_margin,-2.2472205054244303,0.0006190273445132961,-0.0013910909420087121,-0.005046129608109659,-0.11652966419277541,17.0,,15.0
2026-05-06,cv_2,ridge_all,all,fy_operating_margin,-2.2472205054244303,0.0006190273445132961,-0.0013910909420087121,-0.005046129608109659,-0.1364980955394787,20.0,,17.0
2026-05-07,cv_2,ridge_all,all,fy_operating_margin,-2.2472205054244303,0.0006190273445132961,-0.0013910909420087121,-0.005046129608109659,-0.1338275986021013,18.0,,17.0
2026-04-02,cv_2,ridge_all,all,fy_net_margin,-2.2472205054244565,0.0006190273445136512,-0.0013910909420095264,-0.005046129608109659,0.05854510689447226,12.0,,7.0
2026-04-06,cv_2,ridge_all,all,fy_net_margin,-2.2472205054244565,0.0006190273445136512,-0.0013910909420095264,-0.005046129608109659,0.04992500109052572,10.0,,6.0
2026-04-07,cv_2,ridge_all,all,fy_net_margin,-2.2472205054244565,0.0006190273445136512,-0.0013910909420095264,-0.005046129608109659,0.040995827360849876,9.0,,5.0
2026-04-08,cv_2,ridge_all,all,fy_net_margin,-2.2472205054244565,0.0006190273445136512,-0.0013910909420095264,-0.005046129608109659,0.025265750483135146,11.0,,7.0
2026-04-09,cv_2,ridge_all,all,fy_net_margin,-2.2472205054244565,0.0006190273445136512,-0.0013910909420095264,-0.005046129608109659,0.024989345363434147,12.0,,8.0
2026-04-10,cv_2,ridge_all,all,fy_net_margin,-2.2472205054244565,0.0006190273445136512,-0.0013910909420095264,-0.005046129608109659,0.011466044808818167,12.0,,7.0
2026-04-13,cv_2,ridge_all,all,fy_net_margin,-2.2472205054244565,0.0006190273445136512,-0.0013910909420095264,-0.005046129608109659,0.008854183441198586,9.0,,5.0
2026-04-14,cv_2,ridge_all,all,fy_net_margin,-2.2472205054244565,0.0006190273445136512,-0.0013910909420095264,-0.005046129608109659,-0.02051197973507398,12.0,,8.0
2026-04-15,cv_2,ridge_all,all,fy_net_margin,-2.2472205054244565,0.0006190273445136512,-0.0013910909420095264,-0.005046129608109659,-0.02609211745030921,11.0,,8.0
2026-04-16,cv_2,ridge_all,all,fy_net_margin,-2.2472205054244565,0.0006190273445136512,-0.0013910909420095264,-0.005046129608109659,-0.04103803476847871,9.0,,6.0
2026-04-17,cv_2,ridge_all,all,fy_net_margin,-2.2472205054244565,0.0006190273445136512,-0.0013910909420095264,-0.005046129608109659,-0.06697751248758897,12.0,,9.0
2026-04-20,cv_2,ridge_all,all,fy_net_margin,-2.2472205054244565,0.0006190273445136512,-0.0013910909420095264,-0.005046129608109659,-0.07183291973284164,9.0,,6.0
2026-04-21,cv_2,ridge_all,all,fy_net_margin,-2.2472205054244565,0.0006190273445136512,-0.0013910909420095264,-0.005046129608109659,-0.0727129409148718,11.0,,7.0
2026-04-22,cv_2,ridge_all,all,fy_net_margin,-2.2472205054244565,0.0006190273445136512,-0.0013910909420095264,-0.005046129608109659,-0.08907811322959627,11.0,,9.0
2026-04-23,cv_2,ridge_all,all,fy_net_margin,-2.2472205054244565,0.0006190273445136512,-0.0013910909420095264,-0.005046129608109659,-0.07761674779493932,10.0,,6.0
2026-04-24,cv_2,ridge_all,all,fy_net_margin,-2.2472205054244565,0.0006190273445136512,-0.0013910909420095264,-0.005046129608109659,-0.10287424800032227,12.0,,9.0
2026-04-27,cv_2,ridge_all,all,fy_net_margin,-2.2472205054244565,0.0006190273445136512,-0.0013910909420095264,-0.005046129608109659,-0.11605134456991756,13.0,,10.0
2026-04-28,cv_2,ridge_all,all,fy_net_margin,-2.2472205054244565,0.0006190273445136512,-0.0013910909420095264,-0.005046129608109659,-0.10686730390481666,11.0,,8.0
2026-04-29,cv_2,ridge_all,all,fy_net_margin,-2.2472205054244565,0.0006190273445136512,-0.0013910909420095264,-0.005046129608109659,-0.11943089543657501,11.0,,8.0
2026-04-30,cv_2,ridge_all,all,fy_net_margin,-2.2472205054244565,0.0006190273445136512,-0.0013910909420095264,-0.005046129608109659,-0.1027801626394845,13.0,,9.0
2026-05-01,cv_2,ridge_all,all,fy_net_margin,-2.2472205054244565,0.0006190273445136512,-0.0013910909420095264,-0.005046129608109659,-0.12357471549678994,10.0,,8.0
2026-05-04,cv_2,ridge_all,all,fy_net_margin,-2.2472205054244565,0.0006190273445136512,-0.0013910909420095264,-0.005046129608109659,-0.11401280472441641,9.0,,8.0
2026-05-05,cv_2,ridge_all,all,fy_net_margin,-2.2472205054244565,0.0006190273445136512,-0.0013910909420095264,-0.005046129608109659,-0.11652966419277541,10.0,,8.0
2026-05-06,cv_2,ridge_all,all,fy_net_margin,-2.2472205054244565,0.0006190273445136512,-0.0013910909420095264,-0.005046129608109659,-0.1364980955394787,13.0,,10.0
2026-05-07,cv_2,ridge_all,all,fy_net_margin,-2.2472205054244565,0.0006190273445136512,-0.0013910909420095264,-0.005046129608109659,-0.1338275986021013,11.0,,10.0
2026-04-02,cv_2,ridge_all,all,fy_rd_to_revenue,-2.247220505424425,0.0006190273445133094,-0.0013910909420087388,-0.005046129608109659,0.05854510689447226,18.0,,13.0
2026-04-06,cv_2,ridge_all,all,fy_rd_to_revenue,-2.247220505424425,0.0006190273445133094,-0.0013910909420087388,-0.005046129608109659,0.04992500109052572,16.0,,12.0
2026-04-07,cv_2,ridge_all,all,fy_rd_to_revenue,-2.247220505424425,0.0006190273445133094,-0.0013910909420087388,-0.005046129608109659,0.040995827360849876,15.0,,11.0
2026-04-08,cv_2,ridge_all,all,fy_rd_to_revenue,-2.247220505424425,0.0006190273445133094,-0.0013910909420087388,-0.005046129608109659,0.025265750483135146,17.0,,13.0
2026-04-09,cv_2,ridge_all,all,fy_rd_to_revenue,-2.247220505424425,0.0006190273445133094,-0.0013910909420087388,-0.005046129608109659,0.024989345363434147,18.0,,14.0
2026-04-10,cv_2,ridge_all,all,fy_rd_to_revenue,-2.247220505424425,0.0006190273445133094,-0.0013910909420087388,-0.005046129608109659,0.011466044808818167,18.0,,13.0
2026-04-13,cv_2,ridge_all,all,fy_rd_to_revenue,-2.247220505424425,0.0006190273445133094,-0.0013910909420087388,-0.005046129608109659,0.008854183441198586,15.0,,11.0
2026-04-14,cv_2,ridge_all,all,fy_rd_to_revenue,-2.247220505424425,0.0006190273445133094,-0.0013910909420087388,-0.005046129608109659,-0.02051197973507398,18.0,,14.0
2026-04-15,cv_2,ridge_all,all,fy_rd_to_revenue,-2.247220505424425,0.0006190273445133094,-0.0013910909420087388,-0.005046129608109659,-0.02609211745030921,17.0,,14.0
2026-04-16,cv_2,ridge_all,all,fy_rd_to_revenue,-2.247220505424425,0.0006190273445133094,-0.0013910909420087388,-0.005046129608109659,-0.04103803476847871,15.0,,12.0
2026-04-17,cv_2,ridge_all,all,fy_rd_to_revenue,-2.247220505424425,0.0006190273445133094,-0.0013910909420087388,-0.005046129608109659,-0.06697751248758897,18.0,,15.0
2026-04-20,cv_2,ridge_all,all,fy_rd_to_revenue,-2.247220505424425,0.0006190273445133094,-0.0013910909420087388,-0.005046129608109659,-0.07183291973284164,15.0,,12.0
2026-04-21,cv_2,ridge_all,all,fy_rd_to_revenue,-2.247220505424425,0.0006190273445133094,-0.0013910909420087388,-0.005046129608109659,-0.0727129409148718,17.0,,13.0
2026-04-22,cv_2,ridge_all,all,fy_rd_to_revenue,-2.247220505424425,0.0006190273445133094,-0.0013910909420087388,-0.005046129608109659,-0.08907811322959627,17.0,,15.0
2026-04-23,cv_2,ridge_all,all,fy_rd_to_revenue,-2.247220505424425,0.0006190273445133094,-0.0013910909420087388,-0.005046129608109659,-0.07761674779493932,16.0,,12.0
2026-04-24,cv_2,ridge_all,all,fy_rd_to_revenue,-2.247220505424425,0.0006190273445133094,-0.0013910909420087388,-0.005046129608109659,-0.10287424800032227,18.0,,15.0
2026-04-27,cv_2,ridge_all,all,fy_rd_to_revenue,-2.247220505424425,0.0006190273445133094,-0.0013910909420087388,-0.005046129608109659,-0.11605134456991756,19.0,,16.0
2026-04-28,cv_2,ridge_all,all,fy_rd_to_revenue,-2.247220505424425,0.0006190273445133094,-0.0013910909420087388,-0.005046129608109659,-0.10686730390481666,17.0,,14.0
2026-04-29,cv_2,ridge_all,all,fy_rd_to_revenue,-2.247220505424425,0.0006190273445133094,-0.0013910909420087388,-0.005046129608109659,-0.11943089543657501,17.0,,14.0
2026-04-30,cv_2,ridge_all,all,fy_rd_to_revenue,-2.247220505424425,0.0006190273445133094,-0.0013910909420087388,-0.005046129608109659,-0.1027801626394845,19.0,,15.0
2026-05-01,cv_2,ridge_all,all,fy_rd_to_revenue,-2.247220505424425,0.0006190273445133094,-0.0013910909420087388,-0.005046129608109659,-0.12357471549678994,16.0,,14.0
2026-05-04,cv_2,ridge_all,all,fy_rd_to_revenue,-2.247220505424425,0.0006190273445133094,-0.0013910909420087388,-0.005046129608109659,-0.11401280472441641,15.0,,14.0
2026-05-05,cv_2,ridge_all,all,fy_rd_to_revenue,-2.247220505424425,0.0006190273445133094,-0.0013910909420087388,-0.005046129608109659,-0.11652966419277541,16.0,,14.0
2026-05-06,cv_2,ridge_all,all,fy_rd_to_revenue,-2.247220505424425,0.0006190273445133094,-0.0013910909420087388,-0.005046129608109659,-0.1364980955394787,19.0,,16.0
2026-05-07,cv_2,ridge_all,all,fy_rd_to_revenue,-2.247220505424425,0.0006190273445133094,-0.0013910909420087388,-0.005046129608109659,-0.1338275986021013,17.0,,16.0
2026-04-02,cv_2,ridge_all,all,fy_sga_to_revenue,-2.2472205054244196,0.0006190273445133667,-0.0013910909420088644,-0.005046129608109659,0.05854510689447226,17.0,,12.0
2026-04-06,cv_2,ridge_all,all,fy_sga_to_revenue,-2.2472205054244196,0.0006190273445133667,-0.0013910909420088644,-0.005046129608109659,0.04992500109052572,15.0,,11.0
2026-04-07,cv_2,ridge_all,all,fy_sga_to_revenue,-2.2472205054244196,0.0006190273445133667,-0.0013910909420088644,-0.005046129608109659,0.040995827360849876,14.0,,10.0
2026-04-08,cv_2,ridge_all,all,fy_sga_to_revenue,-2.2472205054244196,0.0006190273445133667,-0.0013910909420088644,-0.005046129608109659,0.025265750483135146,16.0,,12.0
2026-04-09,cv_2,ridge_all,all,fy_sga_to_revenue,-2.2472205054244196,0.0006190273445133667,-0.0013910909420088644,-0.005046129608109659,0.024989345363434147,17.0,,13.0
2026-04-10,cv_2,ridge_all,all,fy_sga_to_revenue,-2.2472205054244196,0.0006190273445133667,-0.0013910909420088644,-0.005046129608109659,0.011466044808818167,17.0,,12.0
2026-04-13,cv_2,ridge_all,all,fy_sga_to_revenue,-2.2472205054244196,0.0006190273445133667,-0.0013910909420088644,-0.005046129608109659,0.008854183441198586,14.0,,10.0
2026-04-14,cv_2,ridge_all,all,fy_sga_to_revenue,-2.2472205054244196,0.0006190273445133667,-0.0013910909420088644,-0.005046129608109659,-0.02051197973507398,17.0,,13.0
2026-04-15,cv_2,ridge_all,all,fy_sga_to_revenue,-2.2472205054244196,0.0006190273445133667,-0.0013910909420088644,-0.005046129608109659,-0.02609211745030921,16.0,,13.0
2026-04-16,cv_2,ridge_all,all,fy_sga_to_revenue,-2.2472205054244196,0.0006190273445133667,-0.0013910909420088644,-0.005046129608109659,-0.04103803476847871,14.0,,11.0
2026-04-17,cv_2,ridge_all,all,fy_sga_to_revenue,-2.2472205054244196,0.0006190273445133667,-0.0013910909420088644,-0.005046129608109659,-0.06697751248758897,17.0,,14.0
2026-04-20,cv_2,ridge_all,all,fy_sga_to_revenue,-2.2472205054244196,0.0006190273445133667,-0.0013910909420088644,-0.005046129608109659,-0.07183291973284164,14.0,,11.0
2026-04-21,cv_2,ridge_all,all,fy_sga_to_revenue,-2.2472205054244196,0.0006190273445133667,-0.0013910909420088644,-0.005046129608109659,-0.0727129409148718,16.0,,12.0
2026-04-22,cv_2,ridge_all,all,fy_sga_to_revenue,-2.2472205054244196,0.0006190273445133667,-0.0013910909420088644,-0.005046129608109659,-0.08907811322959627,16.0,,14.0
2026-04-23,cv_2,ridge_all,all,fy_sga_to_revenue,-2.2472205054244196,0.0006190273445133667,-0.0013910909420088644,-0.005046129608109659,-0.07761674779493932,15.0,,11.0
2026-04-24,cv_2,ridge_all,all,fy_sga_to_revenue,-2.2472205054244196,0.0006190273445133667,-0.0013910909420088644,-0.005046129608109659,-0.10287424800032227,17.0,,14.0
2026-04-27,cv_2,ridge_all,all,fy_sga_to_revenue,-2.2472205054244196,0.0006190273445133667,-0.0013910909420088644,-0.005046129608109659,-0.11605134456991756,18.0,,15.0
2026-04-28,cv_2,ridge_all,all,fy_sga_to_revenue,-2.2472205054244196,0.0006190273445133667,-0.0013910909420088644,-0.005046129608109659,-0.10686730390481666,16.0,,13.0
2026-04-29,cv_2,ridge_all,all,fy_sga_to_revenue,-2.2472205054244196,0.0006190273445133667,-0.0013910909420088644,-0.005046129608109659,-0.11943089543657501,16.0,,13.0
2026-04-30,cv_2,ridge_all,all,fy_sga_to_revenue,-2.2472205054244196,0.0006190273445133667,-0.0013910909420088644,-0.005046129608109659,-0.1027801626394845,18.0,,14.0
2026-05-01,cv_2,ridge_all,all,fy_sga_to_revenue,-2.2472205054244196,0.0006190273445133667,-0.0013910909420088644,-0.005046129608109659,-0.12357471549678994,15.0,,13.0
2026-05-04,cv_2,ridge_all,all,fy_sga_to_revenue,-2.2472205054244196,0.0006190273445133667,-0.0013910909420088644,-0.005046129608109659,-0.11401280472441641,14.0,,13.0
2026-05-05,cv_2,ridge_all,all,fy_sga_to_revenue,-2.2472205054244196,0.0006190273445133667,-0.0013910909420088644,-0.005046129608109659,-0.11652966419277541,15.0,,13.0
2026-05-06,cv_2,ridge_all,all,fy_sga_to_revenue,-2.2472205054244196,0.0006190273445133667,-0.0013910909420088644,-0.005046129608109659,-0.1364980955394787,18.0,,15.0
2026-05-07,cv_2,ridge_all,all,fy_sga_to_revenue,-2.2472205054244196,0.0006190273445133667,-0.0013910909420088644,-0.005046129608109659,-0.1338275986021013,16.0,,15.0
2026-04-02,cv_2,ridge_all,all,fy_ocf_margin,-2.247220505424396,0.0006190273445137145,-0.0013910909420096313,-0.005046129608109659,0.05854510689447226,10.0,,5.0
2026-04-06,cv_2,ridge_all,all,fy_ocf_margin,-2.247220505424396,0.0006190273445137145,-0.0013910909420096313,-0.005046129608109659,0.04992500109052572,8.0,,4.0
2026-04-07,cv_2,ridge_all,all,fy_ocf_margin,-2.247220505424396,0.0006190273445137145,-0.0013910909420096313,-0.005046129608109659,0.040995827360849876,7.0,,3.0
2026-04-08,cv_2,ridge_all,all,fy_ocf_margin,-2.247220505424396,0.0006190273445137145,-0.0013910909420096313,-0.005046129608109659,0.025265750483135146,9.0,,5.0
2026-04-09,cv_2,ridge_all,all,fy_ocf_margin,-2.247220505424396,0.0006190273445137145,-0.0013910909420096313,-0.005046129608109659,0.024989345363434147,10.0,,6.0
2026-04-10,cv_2,ridge_all,all,fy_ocf_margin,-2.247220505424396,0.0006190273445137145,-0.0013910909420096313,-0.005046129608109659,0.011466044808818167,10.0,,5.0
2026-04-13,cv_2,ridge_all,all,fy_ocf_margin,-2.247220505424396,0.0006190273445137145,-0.0013910909420096313,-0.005046129608109659,0.008854183441198586,7.0,,3.0
2026-04-14,cv_2,ridge_all,all,fy_ocf_margin,-2.247220505424396,0.0006190273445137145,-0.0013910909420096313,-0.005046129608109659,-0.02051197973507398,10.0,,6.0
2026-04-15,cv_2,ridge_all,all,fy_ocf_margin,-2.247220505424396,0.0006190273445137145,-0.0013910909420096313,-0.005046129608109659,-0.02609211745030921,9.0,,6.0
2026-04-16,cv_2,ridge_all,all,fy_ocf_margin,-2.247220505424396,0.0006190273445137145,-0.0013910909420096313,-0.005046129608109659,-0.04103803476847871,7.0,,4.0
2026-04-17,cv_2,ridge_all,all,fy_ocf_margin,-2.247220505424396,0.0006190273445137145,-0.0013910909420096313,-0.005046129608109659,-0.06697751248758897,10.0,,7.0
2026-04-20,cv_2,ridge_all,all,fy_ocf_margin,-2.247220505424396,0.0006190273445137145,-0.0013910909420096313,-0.005046129608109659,-0.07183291973284164,7.0,,4.0
2026-04-21,cv_2,ridge_all,all,fy_ocf_margin,-2.247220505424396,0.0006190273445137145,-0.0013910909420096313,-0.005046129608109659,-0.0727129409148718,9.0,,5.0
2026-04-22,cv_2,ridge_all,all,fy_ocf_margin,-2.247220505424396,0.0006190273445137145,-0.0013910909420096313,-0.005046129608109659,-0.08907811322959627,9.0,,7.0
2026-04-23,cv_2,ridge_all,all,fy_ocf_margin,-2.247220505424396,0.0006190273445137145,-0.0013910909420096313,-0.005046129608109659,-0.07761674779493932,8.0,,4.0
2026-04-24,cv_2,ridge_all,all,fy_ocf_margin,-2.247220505424396,0.0006190273445137145,-0.0013910909420096313,-0.005046129608109659,-0.10287424800032227,10.0,,7.0
2026-04-27,cv_2,ridge_all,all,fy_ocf_margin,-2.247220505424396,0.0006190273445137145,-0.0013910909420096313,-0.005046129608109659,-0.11605134456991756,11.0,,8.0
2026-04-28,cv_2,ridge_all,all,fy_ocf_margin,-2.247220505424396,0.0006190273445137145,-0.0013910909420096313,-0.005046129608109659,-0.10686730390481666,9.0,,6.0
2026-04-29,cv_2,ridge_all,all,fy_ocf_margin,-2.247220505424396,0.0006190273445137145,-0.0013910909420096313,-0.005046129608109659,-0.11943089543657501,9.0,,6.0
2026-04-30,cv_2,ridge_all,all,fy_ocf_margin,-2.247220505424396,0.0006190273445137145,-0.0013910909420096313,-0.005046129608109659,-0.1027801626394845,11.0,,7.0
2026-05-01,cv_2,ridge_all,all,fy_ocf_margin,-2.247220505424396,0.0006190273445137145,-0.0013910909420096313,-0.005046129608109659,-0.12357471549678994,8.0,,6.0
2026-05-04,cv_2,ridge_all,all,fy_ocf_margin,-2.247220505424396,0.0006190273445137145,-0.0013910909420096313,-0.005046129608109659,-0.11401280472441641,7.0,,6.0
2026-05-05,cv_2,ridge_all,all,fy_ocf_margin,-2.247220505424396,0.0006190273445137145,-0.0013910909420096313,-0.005046129608109659,-0.11652966419277541,8.0,,6.0
2026-05-06,cv_2,ridge_all,all,fy_ocf_margin,-2.247220505424396,0.0006190273445137145,-0.0013910909420096313,-0.005046129608109659,-0.1364980955394787,11.0,,8.0
2026-05-07,cv_2,ridge_all,all,fy_ocf_margin,-2.247220505424396,0.0006190273445137145,-0.0013910909420096313,-0.005046129608109659,-0.1338275986021013,9.0,,8.0
2026-04-02,cv_2,ridge_all,all,fy_revenue_growth_yoy,-2.247220505424425,0.0006190273445135294,-0.0013910909420092332,-0.005046129608109659,0.05854510689447226,14.0,,9.0
2026-04-06,cv_2,ridge_all,all,fy_revenue_growth_yoy,-2.247220505424425,0.0006190273445135294,-0.0013910909420092332,-0.005046129608109659,0.04992500109052572,12.0,,8.0
2026-04-07,cv_2,ridge_all,all,fy_revenue_growth_yoy,-2.247220505424425,0.0006190273445135294,-0.0013910909420092332,-0.005046129608109659,0.040995827360849876,11.0,,7.0
2026-04-08,cv_2,ridge_all,all,fy_revenue_growth_yoy,-2.247220505424425,0.0006190273445135294,-0.0013910909420092332,-0.005046129608109659,0.025265750483135146,13.0,,9.0
2026-04-09,cv_2,ridge_all,all,fy_revenue_growth_yoy,-2.247220505424425,0.0006190273445135294,-0.0013910909420092332,-0.005046129608109659,0.024989345363434147,14.0,,10.0
2026-04-10,cv_2,ridge_all,all,fy_revenue_growth_yoy,-2.247220505424425,0.0006190273445135294,-0.0013910909420092332,-0.005046129608109659,0.011466044808818167,14.0,,9.0
2026-04-13,cv_2,ridge_all,all,fy_revenue_growth_yoy,-2.247220505424425,0.0006190273445135294,-0.0013910909420092332,-0.005046129608109659,0.008854183441198586,11.0,,7.0
2026-04-14,cv_2,ridge_all,all,fy_revenue_growth_yoy,-2.247220505424425,0.0006190273445135294,-0.0013910909420092332,-0.005046129608109659,-0.02051197973507398,14.0,,10.0
2026-04-15,cv_2,ridge_all,all,fy_revenue_growth_yoy,-2.247220505424425,0.0006190273445135294,-0.0013910909420092332,-0.005046129608109659,-0.02609211745030921,13.0,,10.0
2026-04-16,cv_2,ridge_all,all,fy_revenue_growth_yoy,-2.247220505424425,0.0006190273445135294,-0.0013910909420092332,-0.005046129608109659,-0.04103803476847871,11.0,,8.0
2026-04-17,cv_2,ridge_all,all,fy_revenue_growth_yoy,-2.247220505424425,0.0006190273445135294,-0.0013910909420092332,-0.005046129608109659,-0.06697751248758897,14.0,,11.0
2026-04-20,cv_2,ridge_all,all,fy_revenue_growth_yoy,-2.247220505424425,0.0006190273445135294,-0.0013910909420092332,-0.005046129608109659,-0.07183291973284164,11.0,,8.0
2026-04-21,cv_2,ridge_all,all,fy_revenue_growth_yoy,-2.247220505424425,0.0006190273445135294,-0.0013910909420092332,-0.005046129608109659,-0.0727129409148718,13.0,,9.0
2026-04-22,cv_2,ridge_all,all,fy_revenue_growth_yoy,-2.247220505424425,0.0006190273445135294,-0.0013910909420092332,-0.005046129608109659,-0.08907811322959627,13.0,,11.0
2026-04-23,cv_2,ridge_all,all,fy_revenue_growth_yoy,-2.247220505424425,0.0006190273445135294,-0.0013910909420092332,-0.005046129608109659,-0.07761674779493932,12.0,,8.0
2026-04-24,cv_2,ridge_all,all,fy_revenue_growth_yoy,-2.247220505424425,0.0006190273445135294,-0.0013910909420092332,-0.005046129608109659,-0.10287424800032227,14.0,,11.0
2026-04-27,cv_2,ridge_all,all,fy_revenue_growth_yoy,-2.247220505424425,0.0006190273445135294,-0.0013910909420092332,-0.005046129608109659,-0.11605134456991756,15.0,,12.0
2026-04-28,cv_2,ridge_all,all,fy_revenue_growth_yoy,-2.247220505424425,0.0006190273445135294,-0.0013910909420092332,-0.005046129608109659,-0.10686730390481666,13.0,,10.0
2026-04-29,cv_2,ridge_all,all,fy_revenue_growth_yoy,-2.247220505424425,0.0006190273445135294,-0.0013910909420092332,-0.005046129608109659,-0.11943089543657501,13.0,,10.0
2026-04-30,cv_2,ridge_all,all,fy_revenue_growth_yoy,-2.247220505424425,0.0006190273445135294,-0.0013910909420092332,-0.005046129608109659,-0.1027801626394845,15.0,,11.0
2026-05-01,cv_2,ridge_all,all,fy_revenue_growth_yoy,-2.247220505424425,0.0006190273445135294,-0.0013910909420092332,-0.005046129608109659,-0.12357471549678994,12.0,,10.0
2026-05-04,cv_2,ridge_all,all,fy_revenue_growth_yoy,-2.247220505424425,0.0006190273445135294,-0.0013910909420092332,-0.005046129608109659,-0.11401280472441641,11.0,,10.0
2026-05-05,cv_2,ridge_all,all,fy_revenue_growth_yoy,-2.247220505424425,0.0006190273445135294,-0.0013910909420092332,-0.005046129608109659,-0.11652966419277541,12.0,,10.0
2026-05-06,cv_2,ridge_all,all,fy_revenue_growth_yoy,-2.247220505424425,0.0006190273445135294,-0.0013910909420092332,-0.005046129608109659,-0.1364980955394787,15.0,,12.0
2026-05-07,cv_2,ridge_all,all,fy_revenue_growth_yoy,-2.247220505424425,0.0006190273445135294,-0.0013910909420092332,-0.005046129608109659,-0.1338275986021013,13.0,,12.0
2026-04-02,cv_2,ridge_all,all,fy_gross_profit_growth_yoy,-2.2472205054244228,0.0006190273445132895,-0.0013910909420086926,-0.005046129608109659,0.05854510689447226,20.0,,15.0
2026-04-06,cv_2,ridge_all,all,fy_gross_profit_growth_yoy,-2.2472205054244228,0.0006190273445132895,-0.0013910909420086926,-0.005046129608109659,0.04992500109052572,18.0,,14.0
2026-04-07,cv_2,ridge_all,all,fy_gross_profit_growth_yoy,-2.2472205054244228,0.0006190273445132895,-0.0013910909420086926,-0.005046129608109659,0.040995827360849876,17.0,,13.0
2026-04-08,cv_2,ridge_all,all,fy_gross_profit_growth_yoy,-2.2472205054244228,0.0006190273445132895,-0.0013910909420086926,-0.005046129608109659,0.025265750483135146,19.0,,15.0
2026-04-09,cv_2,ridge_all,all,fy_gross_profit_growth_yoy,-2.2472205054244228,0.0006190273445132895,-0.0013910909420086926,-0.005046129608109659,0.024989345363434147,20.0,,16.0
2026-04-10,cv_2,ridge_all,all,fy_gross_profit_growth_yoy,-2.2472205054244228,0.0006190273445132895,-0.0013910909420086926,-0.005046129608109659,0.011466044808818167,20.0,,15.0
2026-04-13,cv_2,ridge_all,all,fy_gross_profit_growth_yoy,-2.2472205054244228,0.0006190273445132895,-0.0013910909420086926,-0.005046129608109659,0.008854183441198586,17.0,,13.0
2026-04-14,cv_2,ridge_all,all,fy_gross_profit_growth_yoy,-2.2472205054244228,0.0006190273445132895,-0.0013910909420086926,-0.005046129608109659,-0.02051197973507398,20.0,,16.0
2026-04-15,cv_2,ridge_all,all,fy_gross_profit_growth_yoy,-2.2472205054244228,0.0006190273445132895,-0.0013910909420086926,-0.005046129608109659,-0.02609211745030921,19.0,,16.0
2026-04-16,cv_2,ridge_all,all,fy_gross_profit_growth_yoy,-2.2472205054244228,0.0006190273445132895,-0.0013910909420086926,-0.005046129608109659,-0.04103803476847871,17.0,,14.0
2026-04-17,cv_2,ridge_all,all,fy_gross_profit_growth_yoy,-2.2472205054244228,0.0006190273445132895,-0.0013910909420086926,-0.005046129608109659,-0.06697751248758897,20.0,,17.0
2026-04-20,cv_2,ridge_all,all,fy_gross_profit_growth_yoy,-2.2472205054244228,0.0006190273445132895,-0.0013910909420086926,-0.005046129608109659,-0.07183291973284164,17.0,,14.0
2026-04-21,cv_2,ridge_all,all,fy_gross_profit_growth_yoy,-2.2472205054244228,0.0006190273445132895,-0.0013910909420086926,-0.005046129608109659,-0.0727129409148718,19.0,,15.0
2026-04-22,cv_2,ridge_all,all,fy_gross_profit_growth_yoy,-2.2472205054244228,0.0006190273445132895,-0.0013910909420086926,-0.005046129608109659,-0.08907811322959627,19.0,,17.0
2026-04-23,cv_2,ridge_all,all,fy_gross_profit_growth_yoy,-2.2472205054244228,0.0006190273445132895,-0.0013910909420086926,-0.005046129608109659,-0.07761674779493932,18.0,,14.0
2026-04-24,cv_2,ridge_all,all,fy_gross_profit_growth_yoy,-2.2472205054244228,0.0006190273445132895,-0.0013910909420086926,-0.005046129608109659,-0.10287424800032227,20.0,,17.0
2026-04-27,cv_2,ridge_all,all,fy_gross_profit_growth_yoy,-2.2472205054244228,0.0006190273445132895,-0.0013910909420086926,-0.005046129608109659,-0.11605134456991756,21.0,,18.0
2026-04-28,cv_2,ridge_all,all,fy_gross_profit_growth_yoy,-2.2472205054244228,0.0006190273445132895,-0.0013910909420086926,-0.005046129608109659,-0.10686730390481666,19.0,,16.0
2026-04-29,cv_2,ridge_all,all,fy_gross_profit_growth_yoy,-2.2472205054244228,0.0006190273445132895,-0.0013910909420086926,-0.005046129608109659,-0.11943089543657501,19.0,,16.0
2026-04-30,cv_2,ridge_all,all,fy_gross_profit_growth_yoy,-2.2472205054244228,0.0006190273445132895,-0.0013910909420086926,-0.005046129608109659,-0.1027801626394845,21.0,,17.0
2026-05-01,cv_2,ridge_all,all,fy_gross_profit_growth_yoy,-2.2472205054244228,0.0006190273445132895,-0.0013910909420086926,-0.005046129608109659,-0.12357471549678994,18.0,,16.0
2026-05-04,cv_2,ridge_all,all,fy_gross_profit_growth_yoy,-2.2472205054244228,0.0006190273445132895,-0.0013910909420086926,-0.005046129608109659,-0.11401280472441641,17.0,,16.0
2026-05-05,cv_2,ridge_all,all,fy_gross_profit_growth_yoy,-2.2472205054244228,0.0006190273445132895,-0.0013910909420086926,-0.005046129608109659,-0.11652966419277541,18.0,,16.0
2026-05-06,cv_2,ridge_all,all,fy_gross_profit_growth_yoy,-2.2472205054244228,0.0006190273445132895,-0.0013910909420086926,-0.005046129608109659,-0.1364980955394787,21.0,,18.0
2026-05-07,cv_2,ridge_all,all,fy_gross_profit_growth_yoy,-2.2472205054244228,0.0006190273445132895,-0.0013910909420086926,-0.005046129608109659,-0.1338275986021013,19.0,,18.0
2026-04-02,cv_2,ridge_all,all,fy_operating_income_growth_yoy,-2.2472205054244223,0.00061902734451357,-0.0013910909420093228,-0.005046129608109659,0.05854510689447226,13.0,,8.0
2026-04-06,cv_2,ridge_all,all,fy_operating_income_growth_yoy,-2.2472205054244223,0.00061902734451357,-0.0013910909420093228,-0.005046129608109659,0.04992500109052572,11.0,,7.0
2026-04-07,cv_2,ridge_all,all,fy_operating_income_growth_yoy,-2.2472205054244223,0.00061902734451357,-0.0013910909420093228,-0.005046129608109659,0.040995827360849876,10.0,,6.0
2026-04-08,cv_2,ridge_all,all,fy_operating_income_growth_yoy,-2.2472205054244223,0.00061902734451357,-0.0013910909420093228,-0.005046129608109659,0.025265750483135146,12.0,,8.0
2026-04-09,cv_2,ridge_all,all,fy_operating_income_growth_yoy,-2.2472205054244223,0.00061902734451357,-0.0013910909420093228,-0.005046129608109659,0.024989345363434147,13.0,,9.0
2026-04-10,cv_2,ridge_all,all,fy_operating_income_growth_yoy,-2.2472205054244223,0.00061902734451357,-0.0013910909420093228,-0.005046129608109659,0.011466044808818167,13.0,,8.0
2026-04-13,cv_2,ridge_all,all,fy_operating_income_growth_yoy,-2.2472205054244223,0.00061902734451357,-0.0013910909420093228,-0.005046129608109659,0.008854183441198586,10.0,,6.0
2026-04-14,cv_2,ridge_all,all,fy_operating_income_growth_yoy,-2.2472205054244223,0.00061902734451357,-0.0013910909420093228,-0.005046129608109659,-0.02051197973507398,13.0,,9.0
2026-04-15,cv_2,ridge_all,all,fy_operating_income_growth_yoy,-2.2472205054244223,0.00061902734451357,-0.0013910909420093228,-0.005046129608109659,-0.02609211745030921,12.0,,9.0
2026-04-16,cv_2,ridge_all,all,fy_operating_income_growth_yoy,-2.2472205054244223,0.00061902734451357,-0.0013910909420093228,-0.005046129608109659,-0.04103803476847871,10.0,,7.0
2026-04-17,cv_2,ridge_all,all,fy_operating_income_growth_yoy,-2.2472205054244223,0.00061902734451357,-0.0013910909420093228,-0.005046129608109659,-0.06697751248758897,13.0,,10.0
2026-04-20,cv_2,ridge_all,all,fy_operating_income_growth_yoy,-2.2472205054244223,0.00061902734451357,-0.0013910909420093228,-0.005046129608109659,-0.07183291973284164,10.0,,7.0
2026-04-21,cv_2,ridge_all,all,fy_operating_income_growth_yoy,-2.2472205054244223,0.00061902734451357,-0.0013910909420093228,-0.005046129608109659,-0.0727129409148718,12.0,,8.0
2026-04-22,cv_2,ridge_all,all,fy_operating_income_growth_yoy,-2.2472205054244223,0.00061902734451357,-0.0013910909420093228,-0.005046129608109659,-0.08907811322959627,12.0,,10.0
2026-04-23,cv_2,ridge_all,all,fy_operating_income_growth_yoy,-2.2472205054244223,0.00061902734451357,-0.0013910909420093228,-0.005046129608109659,-0.07761674779493932,11.0,,7.0
2026-04-24,cv_2,ridge_all,all,fy_operating_income_growth_yoy,-2.2472205054244223,0.00061902734451357,-0.0013910909420093228,-0.005046129608109659,-0.10287424800032227,13.0,,10.0
2026-04-27,cv_2,ridge_all,all,fy_operating_income_growth_yoy,-2.2472205054244223,0.00061902734451357,-0.0013910909420093228,-0.005046129608109659,-0.11605134456991756,14.0,,11.0
2026-04-28,cv_2,ridge_all,all,fy_operating_income_growth_yoy,-2.2472205054244223,0.00061902734451357,-0.0013910909420093228,-0.005046129608109659,-0.10686730390481666,12.0,,9.0
2026-04-29,cv_2,ridge_all,all,fy_operating_income_growth_yoy,-2.2472205054244223,0.00061902734451357,-0.0013910909420093228,-0.005046129608109659,-0.11943089543657501,12.0,,9.0
2026-04-30,cv_2,ridge_all,all,fy_operating_income_growth_yoy,-2.2472205054244223,0.00061902734451357,-0.0013910909420093228,-0.005046129608109659,-0.1027801626394845,14.0,,10.0
2026-05-01,cv_2,ridge_all,all,fy_operating_income_growth_yoy,-2.2472205054244223,0.00061902734451357,-0.0013910909420093228,-0.005046129608109659,-0.12357471549678994,11.0,,9.0
2026-05-04,cv_2,ridge_all,all,fy_operating_income_growth_yoy,-2.2472205054244223,0.00061902734451357,-0.0013910909420093228,-0.005046129608109659,-0.11401280472441641,10.0,,9.0
2026-05-05,cv_2,ridge_all,all,fy_operating_income_growth_yoy,-2.2472205054244223,0.00061902734451357,-0.0013910909420093228,-0.005046129608109659,-0.11652966419277541,11.0,,9.0
2026-05-06,cv_2,ridge_all,all,fy_operating_income_growth_yoy,-2.2472205054244223,0.00061902734451357,-0.0013910909420093228,-0.005046129608109659,-0.1364980955394787,14.0,,11.0
2026-05-07,cv_2,ridge_all,all,fy_operating_income_growth_yoy,-2.2472205054244223,0.00061902734451357,-0.0013910909420093228,-0.005046129608109659,-0.1338275986021013,12.0,,11.0
2026-04-02,cv_2,ridge_all,all,fy_net_income_growth_yoy,-2.2472205054244228,0.0006190273445134649,-0.0013910909420090868,-0.005046129608109659,0.05854510689447226,16.0,,11.0
2026-04-06,cv_2,ridge_all,all,fy_net_income_growth_yoy,-2.2472205054244228,0.0006190273445134649,-0.0013910909420090868,-0.005046129608109659,0.04992500109052572,14.0,,10.0
2026-04-07,cv_2,ridge_all,all,fy_net_income_growth_yoy,-2.2472205054244228,0.0006190273445134649,-0.0013910909420090868,-0.005046129608109659,0.040995827360849876,13.0,,9.0
2026-04-08,cv_2,ridge_all,all,fy_net_income_growth_yoy,-2.2472205054244228,0.0006190273445134649,-0.0013910909420090868,-0.005046129608109659,0.025265750483135146,15.0,,11.0
2026-04-09,cv_2,ridge_all,all,fy_net_income_growth_yoy,-2.2472205054244228,0.0006190273445134649,-0.0013910909420090868,-0.005046129608109659,0.024989345363434147,16.0,,12.0
2026-04-10,cv_2,ridge_all,all,fy_net_income_growth_yoy,-2.2472205054244228,0.0006190273445134649,-0.0013910909420090868,-0.005046129608109659,0.011466044808818167,16.0,,11.0
2026-04-13,cv_2,ridge_all,all,fy_net_income_growth_yoy,-2.2472205054244228,0.0006190273445134649,-0.0013910909420090868,-0.005046129608109659,0.008854183441198586,13.0,,9.0
2026-04-14,cv_2,ridge_all,all,fy_net_income_growth_yoy,-2.2472205054244228,0.0006190273445134649,-0.0013910909420090868,-0.005046129608109659,-0.02051197973507398,16.0,,12.0
2026-04-15,cv_2,ridge_all,all,fy_net_income_growth_yoy,-2.2472205054244228,0.0006190273445134649,-0.0013910909420090868,-0.005046129608109659,-0.02609211745030921,15.0,,12.0
2026-04-16,cv_2,ridge_all,all,fy_net_income_growth_yoy,-2.2472205054244228,0.0006190273445134649,-0.0013910909420090868,-0.005046129608109659,-0.04103803476847871,13.0,,10.0
2026-04-17,cv_2,ridge_all,all,fy_net_income_growth_yoy,-2.2472205054244228,0.0006190273445134649,-0.0013910909420090868,-0.005046129608109659,-0.06697751248758897,16.0,,13.0
2026-04-20,cv_2,ridge_all,all,fy_net_income_growth_yoy,-2.2472205054244228,0.0006190273445134649,-0.0013910909420090868,-0.005046129608109659,-0.07183291973284164,13.0,,10.0
2026-04-21,cv_2,ridge_all,all,fy_net_income_growth_yoy,-2.2472205054244228,0.0006190273445134649,-0.0013910909420090868,-0.005046129608109659,-0.0727129409148718,15.0,,11.0
2026-04-22,cv_2,ridge_all,all,fy_net_income_growth_yoy,-2.2472205054244228,0.0006190273445134649,-0.0013910909420090868,-0.005046129608109659,-0.08907811322959627,15.0,,13.0
2026-04-23,cv_2,ridge_all,all,fy_net_income_growth_yoy,-2.2472205054244228,0.0006190273445134649,-0.0013910909420090868,-0.005046129608109659,-0.07761674779493932,14.0,,10.0
2026-04-24,cv_2,ridge_all,all,fy_net_income_growth_yoy,-2.2472205054244228,0.0006190273445134649,-0.0013910909420090868,-0.005046129608109659,-0.10287424800032227,16.0,,13.0
2026-04-27,cv_2,ridge_all,all,fy_net_income_growth_yoy,-2.2472205054244228,0.0006190273445134649,-0.0013910909420090868,-0.005046129608109659,-0.11605134456991756,17.0,,14.0
2026-04-28,cv_2,ridge_all,all,fy_net_income_growth_yoy,-2.2472205054244228,0.0006190273445134649,-0.0013910909420090868,-0.005046129608109659,-0.10686730390481666,15.0,,12.0
2026-04-29,cv_2,ridge_all,all,fy_net_income_growth_yoy,-2.2472205054244228,0.0006190273445134649,-0.0013910909420090868,-0.005046129608109659,-0.11943089543657501,15.0,,12.0
2026-04-30,cv_2,ridge_all,all,fy_net_income_growth_yoy,-2.2472205054244228,0.0006190273445134649,-0.0013910909420090868,-0.005046129608109659,-0.1027801626394845,17.0,,13.0
2026-05-01,cv_2,ridge_all,all,fy_net_income_growth_yoy,-2.2472205054244228,0.0006190273445134649,-0.0013910909420090868,-0.005046129608109659,-0.12357471549678994,14.0,,12.0
2026-05-04,cv_2,ridge_all,all,fy_net_income_growth_yoy,-2.2472205054244228,0.0006190273445134649,-0.0013910909420090868,-0.005046129608109659,-0.11401280472441641,13.0,,12.0
2026-05-05,cv_2,ridge_all,all,fy_net_income_growth_yoy,-2.2472205054244228,0.0006190273445134649,-0.0013910909420090868,-0.005046129608109659,-0.11652966419277541,14.0,,12.0
2026-05-06,cv_2,ridge_all,all,fy_net_income_growth_yoy,-2.2472205054244228,0.0006190273445134649,-0.0013910909420090868,-0.005046129608109659,-0.1364980955394787,17.0,,14.0
2026-05-07,cv_2,ridge_all,all,fy_net_income_growth_yoy,-2.2472205054244228,0.0006190273445134649,-0.0013910909420090868,-0.005046129608109659,-0.1338275986021013,15.0,,14.0
2026-04-02,cv_2,ridge_all,all,fy_rd_growth_yoy,-2.247220505424426,0.0006190273445136655,-0.0013910909420095396,-0.005046129608109659,0.05854510689447226,11.0,,6.0
2026-04-06,cv_2,ridge_all,all,fy_rd_growth_yoy,-2.247220505424426,0.0006190273445136655,-0.0013910909420095396,-0.005046129608109659,0.04992500109052572,9.0,,5.0
2026-04-07,cv_2,ridge_all,all,fy_rd_growth_yoy,-2.247220505424426,0.0006190273445136655,-0.0013910909420095396,-0.005046129608109659,0.040995827360849876,8.0,,4.0
2026-04-08,cv_2,ridge_all,all,fy_rd_growth_yoy,-2.247220505424426,0.0006190273445136655,-0.0013910909420095396,-0.005046129608109659,0.025265750483135146,10.0,,6.0
2026-04-09,cv_2,ridge_all,all,fy_rd_growth_yoy,-2.247220505424426,0.0006190273445136655,-0.0013910909420095396,-0.005046129608109659,0.024989345363434147,11.0,,7.0
2026-04-10,cv_2,ridge_all,all,fy_rd_growth_yoy,-2.247220505424426,0.0006190273445136655,-0.0013910909420095396,-0.005046129608109659,0.011466044808818167,11.0,,6.0
2026-04-13,cv_2,ridge_all,all,fy_rd_growth_yoy,-2.247220505424426,0.0006190273445136655,-0.0013910909420095396,-0.005046129608109659,0.008854183441198586,8.0,,4.0
2026-04-14,cv_2,ridge_all,all,fy_rd_growth_yoy,-2.247220505424426,0.0006190273445136655,-0.0013910909420095396,-0.005046129608109659,-0.02051197973507398,11.0,,7.0
2026-04-15,cv_2,ridge_all,all,fy_rd_growth_yoy,-2.247220505424426,0.0006190273445136655,-0.0013910909420095396,-0.005046129608109659,-0.02609211745030921,10.0,,7.0
2026-04-16,cv_2,ridge_all,all,fy_rd_growth_yoy,-2.247220505424426,0.0006190273445136655,-0.0013910909420095396,-0.005046129608109659,-0.04103803476847871,8.0,,5.0
2026-04-17,cv_2,ridge_all,all,fy_rd_growth_yoy,-2.247220505424426,0.0006190273445136655,-0.0013910909420095396,-0.005046129608109659,-0.06697751248758897,11.0,,8.0
2026-04-20,cv_2,ridge_all,all,fy_rd_growth_yoy,-2.247220505424426,0.0006190273445136655,-0.0013910909420095396,-0.005046129608109659,-0.07183291973284164,8.0,,5.0
2026-04-21,cv_2,ridge_all,all,fy_rd_growth_yoy,-2.247220505424426,0.0006190273445136655,-0.0013910909420095396,-0.005046129608109659,-0.0727129409148718,10.0,,6.0
2026-04-22,cv_2,ridge_all,all,fy_rd_growth_yoy,-2.247220505424426,0.0006190273445136655,-0.0013910909420095396,-0.005046129608109659,-0.08907811322959627,10.0,,8.0
2026-04-23,cv_2,ridge_all,all,fy_rd_growth_yoy,-2.247220505424426,0.0006190273445136655,-0.0013910909420095396,-0.005046129608109659,-0.07761674779493932,9.0,,5.0
2026-04-24,cv_2,ridge_all,all,fy_rd_growth_yoy,-2.247220505424426,0.0006190273445136655,-0.0013910909420095396,-0.005046129608109659,-0.10287424800032227,11.0,,8.0
2026-04-27,cv_2,ridge_all,all,fy_rd_growth_yoy,-2.247220505424426,0.0006190273445136655,-0.0013910909420095396,-0.005046129608109659,-0.11605134456991756,12.0,,9.0
2026-04-28,cv_2,ridge_all,all,fy_rd_growth_yoy,-2.247220505424426,0.0006190273445136655,-0.0013910909420095396,-0.005046129608109659,-0.10686730390481666,10.0,,7.0
2026-04-29,cv_2,ridge_all,all,fy_rd_growth_yoy,-2.247220505424426,0.0006190273445136655,-0.0013910909420095396,-0.005046129608109659,-0.11943089543657501,10.0,,7.0
2026-04-30,cv_2,ridge_all,all,fy_rd_growth_yoy,-2.247220505424426,0.0006190273445136655,-0.0013910909420095396,-0.005046129608109659,-0.1027801626394845,12.0,,8.0
2026-05-01,cv_2,ridge_all,all,fy_rd_growth_yoy,-2.247220505424426,0.0006190273445136655,-0.0013910909420095396,-0.005046129608109659,-0.12357471549678994,9.0,,7.0
2026-05-04,cv_2,ridge_all,all,fy_rd_growth_yoy,-2.247220505424426,0.0006190273445136655,-0.0013910909420095396,-0.005046129608109659,-0.11401280472441641,8.0,,7.0
2026-05-05,cv_2,ridge_all,all,fy_rd_growth_yoy,-2.247220505424426,0.0006190273445136655,-0.0013910909420095396,-0.005046129608109659,-0.11652966419277541,9.0,,7.0
2026-05-06,cv_2,ridge_all,all,fy_rd_growth_yoy,-2.247220505424426,0.0006190273445136655,-0.0013910909420095396,-0.005046129608109659,-0.1364980955394787,12.0,,9.0
2026-05-07,cv_2,ridge_all,all,fy_rd_growth_yoy,-2.247220505424426,0.0006190273445136655,-0.0013910909420095396,-0.005046129608109659,-0.1338275986021013,10.0,,9.0
2026-04-02,cv_2,ridge_all,all,fy_operating_cash_flow_growth_yoy,-2.2472205054244223,0.0006190273445137516,-0.0013910909420097308,-0.005046129608109659,0.05854510689447226,9.0,,4.0
2026-04-06,cv_2,ridge_all,all,fy_operating_cash_flow_growth_yoy,-2.2472205054244223,0.0006190273445137516,-0.0013910909420097308,-0.005046129608109659,0.04992500109052572,7.0,,3.0
2026-04-07,cv_2,ridge_all,all,fy_operating_cash_flow_growth_yoy,-2.2472205054244223,0.0006190273445137516,-0.0013910909420097308,-0.005046129608109659,0.040995827360849876,6.0,,2.0
2026-04-08,cv_2,ridge_all,all,fy_operating_cash_flow_growth_yoy,-2.2472205054244223,0.0006190273445137516,-0.0013910909420097308,-0.005046129608109659,0.025265750483135146,8.0,,4.0
2026-04-09,cv_2,ridge_all,all,fy_operating_cash_flow_growth_yoy,-2.2472205054244223,0.0006190273445137516,-0.0013910909420097308,-0.005046129608109659,0.024989345363434147,9.0,,5.0
2026-04-10,cv_2,ridge_all,all,fy_operating_cash_flow_growth_yoy,-2.2472205054244223,0.0006190273445137516,-0.0013910909420097308,-0.005046129608109659,0.011466044808818167,9.0,,4.0
2026-04-13,cv_2,ridge_all,all,fy_operating_cash_flow_growth_yoy,-2.2472205054244223,0.0006190273445137516,-0.0013910909420097308,-0.005046129608109659,0.008854183441198586,6.0,,2.0
2026-04-14,cv_2,ridge_all,all,fy_operating_cash_flow_growth_yoy,-2.2472205054244223,0.0006190273445137516,-0.0013910909420097308,-0.005046129608109659,-0.02051197973507398,9.0,,5.0
2026-04-15,cv_2,ridge_all,all,fy_operating_cash_flow_growth_yoy,-2.2472205054244223,0.0006190273445137516,-0.0013910909420097308,-0.005046129608109659,-0.02609211745030921,8.0,,5.0
2026-04-16,cv_2,ridge_all,all,fy_operating_cash_flow_growth_yoy,-2.2472205054244223,0.0006190273445137516,-0.0013910909420097308,-0.005046129608109659,-0.04103803476847871,6.0,,3.0
2026-04-17,cv_2,ridge_all,all,fy_operating_cash_flow_growth_yoy,-2.2472205054244223,0.0006190273445137516,-0.0013910909420097308,-0.005046129608109659,-0.06697751248758897,9.0,,6.0
2026-04-20,cv_2,ridge_all,all,fy_operating_cash_flow_growth_yoy,-2.2472205054244223,0.0006190273445137516,-0.0013910909420097308,-0.005046129608109659,-0.07183291973284164,6.0,,3.0
2026-04-21,cv_2,ridge_all,all,fy_operating_cash_flow_growth_yoy,-2.2472205054244223,0.0006190273445137516,-0.0013910909420097308,-0.005046129608109659,-0.0727129409148718,8.0,,4.0
2026-04-22,cv_2,ridge_all,all,fy_operating_cash_flow_growth_yoy,-2.2472205054244223,0.0006190273445137516,-0.0013910909420097308,-0.005046129608109659,-0.08907811322959627,8.0,,6.0
2026-04-23,cv_2,ridge_all,all,fy_operating_cash_flow_growth_yoy,-2.2472205054244223,0.0006190273445137516,-0.0013910909420097308,-0.005046129608109659,-0.07761674779493932,7.0,,3.0
2026-04-24,cv_2,ridge_all,all,fy_operating_cash_flow_growth_yoy,-2.2472205054244223,0.0006190273445137516,-0.0013910909420097308,-0.005046129608109659,-0.10287424800032227,9.0,,6.0
2026-04-27,cv_2,ridge_all,all,fy_operating_cash_flow_growth_yoy,-2.2472205054244223,0.0006190273445137516,-0.0013910909420097308,-0.005046129608109659,-0.11605134456991756,10.0,,7.0
2026-04-28,cv_2,ridge_all,all,fy_operating_cash_flow_growth_yoy,-2.2472205054244223,0.0006190273445137516,-0.0013910909420097308,-0.005046129608109659,-0.10686730390481666,8.0,,5.0
2026-04-29,cv_2,ridge_all,all,fy_operating_cash_flow_growth_yoy,-2.2472205054244223,0.0006190273445137516,-0.0013910909420097308,-0.005046129608109659,-0.11943089543657501,8.0,,5.0
2026-04-30,cv_2,ridge_all,all,fy_operating_cash_flow_growth_yoy,-2.2472205054244223,0.0006190273445137516,-0.0013910909420097308,-0.005046129608109659,-0.1027801626394845,10.0,,6.0
2026-05-01,cv_2,ridge_all,all,fy_operating_cash_flow_growth_yoy,-2.2472205054244223,0.0006190273445137516,-0.0013910909420097308,-0.005046129608109659,-0.12357471549678994,7.0,,5.0
2026-05-04,cv_2,ridge_all,all,fy_operating_cash_flow_growth_yoy,-2.2472205054244223,0.0006190273445137516,-0.0013910909420097308,-0.005046129608109659,-0.11401280472441641,6.0,,5.0
2026-05-05,cv_2,ridge_all,all,fy_operating_cash_flow_growth_yoy,-2.2472205054244223,0.0006190273445137516,-0.0013910909420097308,-0.005046129608109659,-0.11652966419277541,7.0,,5.0
2026-05-06,cv_2,ridge_all,all,fy_operating_cash_flow_growth_yoy,-2.2472205054244223,0.0006190273445137516,-0.0013910909420097308,-0.005046129608109659,-0.1364980955394787,10.0,,7.0
2026-05-07,cv_2,ridge_all,all,fy_operating_cash_flow_growth_yoy,-2.2472205054244223,0.0006190273445137516,-0.0013910909420097308,-0.005046129608109659,-0.1338275986021013,8.0,,7.0
2026-04-02,cv_2,ridge_all,all,current_ratio,-1.8987929795750267,0.00029610512459387803,-0.0005622423317950441,-0.005046129608109659,0.05854510689447226,24.0,,18.0
2026-04-06,cv_2,ridge_all,all,current_ratio,-1.8987929795750267,0.00029610512459387803,-0.0005622423317950441,-0.005046129608109659,0.04992500109052572,22.0,,18.0
2026-04-07,cv_2,ridge_all,all,current_ratio,-1.8987929795750267,0.00029610512459387803,-0.0005622423317950441,-0.005046129608109659,0.040995827360849876,22.0,,17.0
2026-04-08,cv_2,ridge_all,all,current_ratio,-1.8987929795750267,0.00029610512459387803,-0.0005622423317950441,-0.005046129608109659,0.025265750483135146,23.0,,19.0
2026-04-09,cv_2,ridge_all,all,current_ratio,-1.8987929795750267,0.00029610512459387803,-0.0005622423317950441,-0.005046129608109659,0.024989345363434147,24.0,,19.0
2026-04-10,cv_2,ridge_all,all,current_ratio,-1.8987929795750267,0.00029610512459387803,-0.0005622423317950441,-0.005046129608109659,0.011466044808818167,23.0,,18.0
2026-04-13,cv_2,ridge_all,all,current_ratio,-1.8987929795750267,0.00029610512459387803,-0.0005622423317950441,-0.005046129608109659,0.008854183441198586,24.0,,19.0
2026-04-14,cv_2,ridge_all,all,current_ratio,-1.8987929795750267,0.00029610512459387803,-0.0005622423317950441,-0.005046129608109659,-0.02051197973507398,23.0,,19.0
2026-04-15,cv_2,ridge_all,all,current_ratio,-1.8987929795750267,0.00029610512459387803,-0.0005622423317950441,-0.005046129608109659,-0.02609211745030921,24.0,,20.0
2026-04-16,cv_2,ridge_all,all,current_ratio,-1.8987929795750267,0.00029610512459387803,-0.0005622423317950441,-0.005046129608109659,-0.04103803476847871,22.0,,18.0
2026-04-17,cv_2,ridge_all,all,current_ratio,-1.8987929795750267,0.00029610512459387803,-0.0005622423317950441,-0.005046129608109659,-0.06697751248758897,24.0,,20.0
2026-04-20,cv_2,ridge_all,all,current_ratio,-1.8987929795750267,0.00029610512459387803,-0.0005622423317950441,-0.005046129608109659,-0.07183291973284164,24.0,,19.0
2026-04-21,cv_2,ridge_all,all,current_ratio,-1.8987929795750267,0.00029610512459387803,-0.0005622423317950441,-0.005046129608109659,-0.0727129409148718,23.0,,18.0
2026-04-22,cv_2,ridge_all,all,current_ratio,-1.8987929795750267,0.00029610512459387803,-0.0005622423317950441,-0.005046129608109659,-0.08907811322959627,23.0,,20.0
2026-04-23,cv_2,ridge_all,all,current_ratio,-1.8987929795750267,0.00029610512459387803,-0.0005622423317950441,-0.005046129608109659,-0.07761674779493932,23.0,,19.0
2026-04-24,cv_2,ridge_all,all,current_ratio,-1.8987929795750267,0.00029610512459387803,-0.0005622423317950441,-0.005046129608109659,-0.10287424800032227,25.0,,20.0
2026-04-27,cv_2,ridge_all,all,current_ratio,-1.8987929795750267,0.00029610512459387803,-0.0005622423317950441,-0.005046129608109659,-0.11605134456991756,25.0,,21.0
2026-04-28,cv_2,ridge_all,all,current_ratio,-1.8987929795750267,0.00029610512459387803,-0.0005622423317950441,-0.005046129608109659,-0.10686730390481666,24.0,,19.0
2026-04-29,cv_2,ridge_all,all,current_ratio,-1.8987929795750267,0.00029610512459387803,-0.0005622423317950441,-0.005046129608109659,-0.11943089543657501,25.0,,21.0
2026-04-30,cv_2,ridge_all,all,current_ratio,-1.8987929795750267,0.00029610512459387803,-0.0005622423317950441,-0.005046129608109659,-0.1027801626394845,24.0,,20.0
2026-05-01,cv_2,ridge_all,all,current_ratio,-1.8987929795750267,0.00029610512459387803,-0.0005622423317950441,-0.005046129608109659,-0.12357471549678994,23.0,,20.0
2026-05-04,cv_2,ridge_all,all,current_ratio,-1.8987929795750267,0.00029610512459387803,-0.0005622423317950441,-0.005046129608109659,-0.11401280472441641,21.0,,19.0
2026-05-05,cv_2,ridge_all,all,current_ratio,-1.8987929795750267,0.00029610512459387803,-0.0005622423317950441,-0.005046129608109659,-0.11652966419277541,24.0,,21.0
2026-05-06,cv_2,ridge_all,all,current_ratio,-1.8987929795750267,0.00029610512459387803,-0.0005622423317950441,-0.005046129608109659,-0.1364980955394787,24.0,,21.0
2026-05-07,cv_2,ridge_all,all,current_ratio,-1.8987929795750267,0.00029610512459387803,-0.0005622423317950441,-0.005046129608109659,-0.1338275986021013,24.0,,21.0
2026-04-02,cv_2,ridge_all,all,cash_to_assets,-1.961446514375053,0.0007473827079446392,-0.0014659512074022007,-0.005046129608109659,0.05854510689447226,8.0,,3.0
2026-04-06,cv_2,ridge_all,all,cash_to_assets,-1.961446514375053,0.0007473827079446392,-0.0014659512074022007,-0.005046129608109659,0.04992500109052572,6.0,,2.0
2026-04-07,cv_2,ridge_all,all,cash_to_assets,-1.961446514375053,0.0007473827079446392,-0.0014659512074022007,-0.005046129608109659,0.040995827360849876,5.0,,1.0
2026-04-08,cv_2,ridge_all,all,cash_to_assets,-1.961446514375053,0.0007473827079446392,-0.0014659512074022007,-0.005046129608109659,0.025265750483135146,7.0,,3.0
2026-04-09,cv_2,ridge_all,all,cash_to_assets,-1.961446514375053,0.0007473827079446392,-0.0014659512074022007,-0.005046129608109659,0.024989345363434147,8.0,,4.0
2026-04-10,cv_2,ridge_all,all,cash_to_assets,-1.961446514375053,0.0007473827079446392,-0.0014659512074022007,-0.005046129608109659,0.011466044808818167,8.0,,3.0
2026-04-13,cv_2,ridge_all,all,cash_to_assets,-1.961446514375053,0.0007473827079446392,-0.0014659512074022007,-0.005046129608109659,0.008854183441198586,5.0,,1.0
2026-04-14,cv_2,ridge_all,all,cash_to_assets,-1.961446514375053,0.0007473827079446392,-0.0014659512074022007,-0.005046129608109659,-0.02051197973507398,8.0,,4.0
2026-04-15,cv_2,ridge_all,all,cash_to_assets,-1.961446514375053,0.0007473827079446392,-0.0014659512074022007,-0.005046129608109659,-0.02609211745030921,7.0,,4.0
2026-04-16,cv_2,ridge_all,all,cash_to_assets,-1.961446514375053,0.0007473827079446392,-0.0014659512074022007,-0.005046129608109659,-0.04103803476847871,5.0,,2.0
2026-04-17,cv_2,ridge_all,all,cash_to_assets,-1.961446514375053,0.0007473827079446392,-0.0014659512074022007,-0.005046129608109659,-0.06697751248758897,8.0,,5.0
2026-04-20,cv_2,ridge_all,all,cash_to_assets,-1.961446514375053,0.0007473827079446392,-0.0014659512074022007,-0.005046129608109659,-0.07183291973284164,5.0,,2.0
2026-04-21,cv_2,ridge_all,all,cash_to_assets,-1.961446514375053,0.0007473827079446392,-0.0014659512074022007,-0.005046129608109659,-0.0727129409148718,7.0,,3.0
2026-04-22,cv_2,ridge_all,all,cash_to_assets,-1.961446514375053,0.0007473827079446392,-0.0014659512074022007,-0.005046129608109659,-0.08907811322959627,7.0,,5.0
2026-04-23,cv_2,ridge_all,all,cash_to_assets,-1.961446514375053,0.0007473827079446392,-0.0014659512074022007,-0.005046129608109659,-0.07761674779493932,6.0,,2.0
2026-04-24,cv_2,ridge_all,all,cash_to_assets,-1.961446514375053,0.0007473827079446392,-0.0014659512074022007,-0.005046129608109659,-0.10287424800032227,8.0,,5.0
2026-04-27,cv_2,ridge_all,all,cash_to_assets,-1.961446514375053,0.0007473827079446392,-0.0014659512074022007,-0.005046129608109659,-0.11605134456991756,9.0,,6.0
2026-04-28,cv_2,ridge_all,all,cash_to_assets,-1.961446514375053,0.0007473827079446392,-0.0014659512074022007,-0.005046129608109659,-0.10686730390481666,7.0,,4.0
2026-04-29,cv_2,ridge_all,all,cash_to_assets,-1.961446514375053,0.0007473827079446392,-0.0014659512074022007,-0.005046129608109659,-0.11943089543657501,7.0,,4.0
2026-04-30,cv_2,ridge_all,all,cash_to_assets,-1.961446514375053,0.0007473827079446392,-0.0014659512074022007,-0.005046129608109659,-0.1027801626394845,9.0,,5.0
2026-05-01,cv_2,ridge_all,all,cash_to_assets,-1.961446514375053,0.0007473827079446392,-0.0014659512074022007,-0.005046129608109659,-0.12357471549678994,6.0,,4.0
2026-05-04,cv_2,ridge_all,all,cash_to_assets,-1.961446514375053,0.0007473827079446392,-0.0014659512074022007,-0.005046129608109659,-0.11401280472441641,5.0,,4.0
2026-05-05,cv_2,ridge_all,all,cash_to_assets,-1.961446514375053,0.0007473827079446392,-0.0014659512074022007,-0.005046129608109659,-0.11652966419277541,6.0,,4.0
2026-05-06,cv_2,ridge_all,all,cash_to_assets,-1.961446514375053,0.0007473827079446392,-0.0014659512074022007,-0.005046129608109659,-0.1364980955394787,9.0,,6.0
2026-05-07,cv_2,ridge_all,all,cash_to_assets,-1.961446514375053,0.0007473827079446392,-0.0014659512074022007,-0.005046129608109659,-0.1338275986021013,7.0,,6.0
2026-04-02,cv_2,ridge_all,all,liabilities_to_assets,-1.6171722205914565,0.0007400993235289023,-0.0011968680664894698,-0.005046129608109659,0.05854510689447226,21.0,,16.0
2026-04-06,cv_2,ridge_all,all,liabilities_to_assets,-1.6171722205914565,0.0007400993235289023,-0.0011968680664894698,-0.005046129608109659,0.04992500109052572,19.0,,15.0
2026-04-07,cv_2,ridge_all,all,liabilities_to_assets,-1.6171722205914565,0.0007400993235289023,-0.0011968680664894698,-0.005046129608109659,0.040995827360849876,18.0,,14.0
2026-04-08,cv_2,ridge_all,all,liabilities_to_assets,-1.6171722205914565,0.0007400993235289023,-0.0011968680664894698,-0.005046129608109659,0.025265750483135146,20.0,,16.0
2026-04-09,cv_2,ridge_all,all,liabilities_to_assets,-1.6171722205914565,0.0007400993235289023,-0.0011968680664894698,-0.005046129608109659,0.024989345363434147,21.0,,17.0
2026-04-10,cv_2,ridge_all,all,liabilities_to_assets,-1.6171722205914565,0.0007400993235289023,-0.0011968680664894698,-0.005046129608109659,0.011466044808818167,21.0,,16.0
2026-04-13,cv_2,ridge_all,all,liabilities_to_assets,-1.6171722205914565,0.0007400993235289023,-0.0011968680664894698,-0.005046129608109659,0.008854183441198586,21.0,,16.0
2026-04-14,cv_2,ridge_all,all,liabilities_to_assets,-1.6171722205914565,0.0007400993235289023,-0.0011968680664894698,-0.005046129608109659,-0.02051197973507398,21.0,,17.0
2026-04-15,cv_2,ridge_all,all,liabilities_to_assets,-1.6171722205914565,0.0007400993235289023,-0.0011968680664894698,-0.005046129608109659,-0.02609211745030921,20.0,,17.0
2026-04-16,cv_2,ridge_all,all,liabilities_to_assets,-1.6171722205914565,0.0007400993235289023,-0.0011968680664894698,-0.005046129608109659,-0.04103803476847871,19.0,,16.0
2026-04-17,cv_2,ridge_all,all,liabilities_to_assets,-1.6171722205914565,0.0007400993235289023,-0.0011968680664894698,-0.005046129608109659,-0.06697751248758897,21.0,,18.0
2026-04-20,cv_2,ridge_all,all,liabilities_to_assets,-1.6171722205914565,0.0007400993235289023,-0.0011968680664894698,-0.005046129608109659,-0.07183291973284164,18.0,,15.0
2026-04-21,cv_2,ridge_all,all,liabilities_to_assets,-1.6171722205914565,0.0007400993235289023,-0.0011968680664894698,-0.005046129608109659,-0.0727129409148718,21.0,,16.0
2026-04-22,cv_2,ridge_all,all,liabilities_to_assets,-1.6171722205914565,0.0007400993235289023,-0.0011968680664894698,-0.005046129608109659,-0.08907811322959627,20.0,,18.0
2026-04-23,cv_2,ridge_all,all,liabilities_to_assets,-1.6171722205914565,0.0007400993235289023,-0.0011968680664894698,-0.005046129608109659,-0.07761674779493932,19.0,,15.0
2026-04-24,cv_2,ridge_all,all,liabilities_to_assets,-1.6171722205914565,0.0007400993235289023,-0.0011968680664894698,-0.005046129608109659,-0.10287424800032227,21.0,,18.0
2026-04-27,cv_2,ridge_all,all,liabilities_to_assets,-1.6171722205914565,0.0007400993235289023,-0.0011968680664894698,-0.005046129608109659,-0.11605134456991756,22.0,,19.0
2026-04-28,cv_2,ridge_all,all,liabilities_to_assets,-1.6171722205914565,0.0007400993235289023,-0.0011968680664894698,-0.005046129608109659,-0.10686730390481666,21.0,,17.0
2026-04-29,cv_2,ridge_all,all,liabilities_to_assets,-1.6171722205914565,0.0007400993235289023,-0.0011968680664894698,-0.005046129608109659,-0.11943089543657501,21.0,,17.0
2026-04-30,cv_2,ridge_all,all,liabilities_to_assets,-1.6171722205914565,0.0007400993235289023,-0.0011968680664894698,-0.005046129608109659,-0.1027801626394845,22.0,,18.0
2026-05-01,cv_2,ridge_all,all,liabilities_to_assets,-1.6171722205914565,0.0007400993235289023,-0.0011968680664894698,-0.005046129608109659,-0.12357471549678994,19.0,,17.0
2026-05-04,cv_2,ridge_all,all,liabilities_to_assets,-1.6171722205914565,0.0007400993235289023,-0.0011968680664894698,-0.005046129608109659,-0.11401280472441641,18.0,,17.0
2026-05-05,cv_2,ridge_all,all,liabilities_to_assets,-1.6171722205914565,0.0007400993235289023,-0.0011968680664894698,-0.005046129608109659,-0.11652966419277541,19.0,,17.0
2026-05-06,cv_2,ridge_all,all,liabilities_to_assets,-1.6171722205914565,0.0007400993235289023,-0.0011968680664894698,-0.005046129608109659,-0.1364980955394787,22.0,,19.0
2026-05-07,cv_2,ridge_all,all,liabilities_to_assets,-1.6171722205914565,0.0007400993235289023,-0.0011968680664894698,-0.005046129608109659,-0.1338275986021013,20.0,,19.0
2026-04-02,cv_2,ridge_all,all,debt_to_assets,-1.5313381397065484,0.0007323763071509171,-0.001121515771757637,-0.005046129608109659,0.05854510689447226,22.0,,17.0
2026-04-06,cv_2,ridge_all,all,debt_to_assets,-1.5313381397065484,0.0007323763071509171,-0.001121515771757637,-0.005046129608109659,0.04992500109052572,20.0,,16.0
2026-04-07,cv_2,ridge_all,all,debt_to_assets,-1.5313381397065484,0.0007323763071509171,-0.001121515771757637,-0.005046129608109659,0.040995827360849876,19.0,,15.0
2026-04-08,cv_2,ridge_all,all,debt_to_assets,-1.5313381397065484,0.0007323763071509171,-0.001121515771757637,-0.005046129608109659,0.025265750483135146,21.0,,17.0
2026-04-09,cv_2,ridge_all,all,debt_to_assets,-1.5313381397065484,0.0007323763071509171,-0.001121515771757637,-0.005046129608109659,0.024989345363434147,22.0,,18.0
2026-04-10,cv_2,ridge_all,all,debt_to_assets,-1.5313381397065484,0.0007323763071509171,-0.001121515771757637,-0.005046129608109659,0.011466044808818167,22.0,,17.0
2026-04-13,cv_2,ridge_all,all,debt_to_assets,-1.5313381397065484,0.0007323763071509171,-0.001121515771757637,-0.005046129608109659,0.008854183441198586,22.0,,17.0
2026-04-14,cv_2,ridge_all,all,debt_to_assets,-1.5313381397065484,0.0007323763071509171,-0.001121515771757637,-0.005046129608109659,-0.02051197973507398,22.0,,18.0
2026-04-15,cv_2,ridge_all,all,debt_to_assets,-1.5313381397065484,0.0007323763071509171,-0.001121515771757637,-0.005046129608109659,-0.02609211745030921,21.0,,18.0
2026-04-16,cv_2,ridge_all,all,debt_to_assets,-1.5313381397065484,0.0007323763071509171,-0.001121515771757637,-0.005046129608109659,-0.04103803476847871,20.0,,17.0
2026-04-17,cv_2,ridge_all,all,debt_to_assets,-1.5313381397065484,0.0007323763071509171,-0.001121515771757637,-0.005046129608109659,-0.06697751248758897,22.0,,19.0
2026-04-20,cv_2,ridge_all,all,debt_to_assets,-1.5313381397065484,0.0007323763071509171,-0.001121515771757637,-0.005046129608109659,-0.07183291973284164,20.0,,17.0
2026-04-21,cv_2,ridge_all,all,debt_to_assets,-1.5313381397065484,0.0007323763071509171,-0.001121515771757637,-0.005046129608109659,-0.0727129409148718,22.0,,17.0
2026-04-22,cv_2,ridge_all,all,debt_to_assets,-1.5313381397065484,0.0007323763071509171,-0.001121515771757637,-0.005046129608109659,-0.08907811322959627,21.0,,19.0
2026-04-23,cv_2,ridge_all,all,debt_to_assets,-1.5313381397065484,0.0007323763071509171,-0.001121515771757637,-0.005046129608109659,-0.07761674779493932,20.0,,16.0
2026-04-24,cv_2,ridge_all,all,debt_to_assets,-1.5313381397065484,0.0007323763071509171,-0.001121515771757637,-0.005046129608109659,-0.10287424800032227,22.0,,19.0
2026-04-27,cv_2,ridge_all,all,debt_to_assets,-1.5313381397065484,0.0007323763071509171,-0.001121515771757637,-0.005046129608109659,-0.11605134456991756,23.0,,20.0
2026-04-28,cv_2,ridge_all,all,debt_to_assets,-1.5313381397065484,0.0007323763071509171,-0.001121515771757637,-0.005046129608109659,-0.10686730390481666,22.0,,18.0
2026-04-29,cv_2,ridge_all,all,debt_to_assets,-1.5313381397065484,0.0007323763071509171,-0.001121515771757637,-0.005046129608109659,-0.11943089543657501,22.0,,18.0
2026-04-30,cv_2,ridge_all,all,debt_to_assets,-1.5313381397065484,0.0007323763071509171,-0.001121515771757637,-0.005046129608109659,-0.1027801626394845,23.0,,19.0
2026-05-01,cv_2,ridge_all,all,debt_to_assets,-1.5313381397065484,0.0007323763071509171,-0.001121515771757637,-0.005046129608109659,-0.12357471549678994,20.0,,18.0
2026-05-04,cv_2,ridge_all,all,debt_to_assets,-1.5313381397065484,0.0007323763071509171,-0.001121515771757637,-0.005046129608109659,-0.11401280472441641,19.0,,18.0
2026-05-05,cv_2,ridge_all,all,debt_to_assets,-1.5313381397065484,0.0007323763071509171,-0.001121515771757637,-0.005046129608109659,-0.11652966419277541,21.0,,19.0
2026-05-06,cv_2,ridge_all,all,debt_to_assets,-1.5313381397065484,0.0007323763071509171,-0.001121515771757637,-0.005046129608109659,-0.1364980955394787,23.0,,20.0
2026-05-07,cv_2,ridge_all,all,debt_to_assets,-1.5313381397065484,0.0007323763071509171,-0.001121515771757637,-0.005046129608109659,-0.1338275986021013,21.0,,20.0
2026-05-08,cv_3,ols_market,market,simple_return,0.7359866874233241,0.13193500458868318,0.09710240698240599,0.0019168501321404007,-0.10749504519370047,2.0,1.0,
2026-05-11,cv_3,ols_market,market,simple_return,0.8328109855998602,0.13193500458868318,0.10987692120662332,0.0019168501321404007,-0.13296510232277275,2.0,1.0,
2026-05-12,cv_3,ols_market,market,simple_return,0.2367456120619766,0.13193500458868318,0.031235033413747493,0.0019168501321404007,-0.15148387796042256,4.0,1.0,
2026-05-13,cv_3,ols_market,market,simple_return,0.9718223137000341,0.13193500458868318,0.12821738141739872,0.0019168501321404007,-0.17320435354053176,2.0,1.0,
2026-05-14,cv_3,ols_market,market,simple_return,1.8928749742932773,0.13193500458868318,0.2497364684191871,0.0019168501321404007,-0.2010844834847621,2.0,1.0,
2026-05-15,cv_3,ols_market,market,simple_return,-1.9687732311808022,0.13193500458868318,-0.25975010528991577,0.0019168501321404007,-0.17423858872965955,2.0,,1.0
2026-05-18,cv_3,ols_market,market,simple_return,-0.6146755810964442,0.13193500458868318,-0.08109722561251086,0.0019168501321404007,-0.20265968608038046,4.0,,3.0
2026-05-19,cv_3,ols_market,market,simple_return,-0.36817072783894506,0.13193500458868318,-0.04857460666685004,0.0019168501321404007,-0.21527101674893823,4.0,,3.0
2026-05-20,cv_3,ols_market,market,simple_return,0.5373879072919826,0.13193500458868318,0.07090027601447058,0.0019168501321404007,-0.22871186853032593,4.0,1.0,
2026-05-21,cv_3,ols_market,market,simple_return,-0.8078431237689724,0.13193500458868318,-0.10658278624139553,0.0019168501321404007,-0.21652256809285583,3.0,,2.0
2026-05-22,cv_3,ols_market,market,simple_return,-0.865793854423008,0.13193500458868318,-0.11422851615615326,0.0019168501321404007,-0.2297609108455769,3.0,,2.0
2026-05-26,cv_3,ols_market,market,simple_return,-0.12665526833195112,0.13193500458868318,-0.016710263408556872,0.0019168501321404007,-0.25567016457358865,4.0,,3.0
2026-05-27,cv_3,ols_market,market,simple_return,-0.49209962825615056,0.13193500458868318,-0.06492516671206451,0.0019168501321404007,-0.26097843874902926,4.0,,3.0
2026-05-28,cv_3,ols_market,market,simple_return,0.3092837908389748,0.13193500458868318,0.040805358363545464,0.0019168501321404007,-0.2771693394525572,4.0,1.0,
2026-05-29,cv_3,ols_market,market,simple_return,-0.667343877168791,0.13193500458868318,-0.08804601749649406,0.0019168501321404007,-0.2644673010976015,3.0,,2.0
2026-06-01,cv_3,ols_market,market,simple_return,2.714005604934843,0.13193500458868318,0.35807234194079035,0.0019168501321404007,-0.29591114833880944,2.0,1.0,
2026-06-02,cv_3,ols_market,market,simple_return,-0.3318835486136222,0.13193500458868318,-0.0437870575092467,0.0019168501321404007,-0.2997195584407664,4.0,,3.0
2026-06-03,cv_3,ols_market,market,simple_return,-1.6187662958813966,0.13193500458868318,-0.21357193867511773,0.0019168501321404007,-0.2913728514604869,3.0,,2.0
2026-06-04,cv_3,ols_market,market,simple_return,0.7672520292023394,0.13193500458868318,0.10122739999348712,0.0019168501321404007,-0.3277492445745211,3.0,1.0,
2026-06-05,cv_3,ols_market,market,simple_return,-2.749699195795945,0.13193500458868318,-0.36278157601483646,0.0019168501321404007,-0.27022943659566,2.0,,1.0
2026-06-08,cv_3,ols_market,market,simple_return,0.7257176632936052,0.13193500458868318,0.09574756323673024,0.0019168501321404007,-0.3118204066692493,3.0,1.0,
2026-06-09,cv_3,ols_market,market,simple_return,-0.12552017158089684,0.13193500458868318,-0.016560504413497924,0.0019168501321404007,-0.3141125457440252,5.0,,3.0
2026-06-10,cv_3,ols_market,market,simple_return,-1.667170320384815,0.13193500458868318,-0.21995812387008698,0.0019168501321404007,-0.28836538633311143,3.0,,2.0
2026-06-11,cv_3,ols_market,market,simple_return,0.9424445121109708,0.13193500458868318,0.12434142102994021,0.0019168501321404007,-0.3165032344419591,3.0,1.0,
2026-06-12,cv_3,ols_market,market,simple_return,0.037514840640410704,0.13193500458868318,0.004949520672036305,0.0019168501321404007,-0.3110400348755803,7.0,3.0,
2026-05-08,cv_3,ols_market,market,log_return,0.7416150605082249,-0.13969848621520953,-0.10360250130740004,0.0019168501321404007,-0.10749504519370047,1.0,,1.0
2026-05-11,cv_3,ols_market,market,log_return,0.8367829152950287,-0.13969848621520953,-0.1168973065574654,0.0019168501321404007,-0.13296510232277275,1.0,,1.0
2026-05-12,cv_3,ols_market,market,log_return,0.24761292009518732,-0.13969848621520953,-0.0345911501046253,0.0019168501321404007,-0.15148387796042256,3.0,,3.0
2026-05-13,cv_3,ols_market,market,log_return,0.9730562909839743,-0.13969848621520953,-0.13593449085264764,0.0019168501321404007,-0.17320435354053176,1.0,,1.0
2026-05-14,cv_3,ols_market,market,log_return,1.8654344269461134,-0.13969848621520953,-0.2605983655781089,0.0019168501321404007,-0.2010844834847621,1.0,,1.0
2026-05-15,cv_3,ols_market,market,log_return,-2.003859769314417,-0.13969848621520953,0.279936176360783,0.0019168501321404007,-0.17423858872965955,1.0,1.0,
2026-05-18,cv_3,ols_market,market,log_return,-0.607916488723729,-0.13969848621520953,0.08492501321997044,0.0019168501321404007,-0.20265968608038046,3.0,1.0,
2026-05-19,cv_3,ols_market,market,log_return,-0.35850245202029773,-0.13969848621520953,0.05008224985167638,0.0019168501321404007,-0.21527101674893823,3.0,1.0,
2026-05-20,cv_3,ols_market,market,log_return,0.5457657824471617,-0.13969848621520953,-0.07624265363592786,0.0019168501321404007,-0.22871186853032593,3.0,,3.0
2026-05-21,cv_3,ols_market,market,log_return,-0.804359048302396,-0.13969848621520953,0.11236774142135132,0.0019168501321404007,-0.21652256809285583,2.0,1.0,
2026-05-22,cv_3,ols_market,market,log_return,-0.8634641471341984,-0.13969848621520953,0.12062463425575447,0.0019168501321404007,-0.2297609108455769,2.0,1.0,
2026-05-26,cv_3,ols_market,market,log_return,-0.11550357666232132,-0.13969848621520953,0.016135674812168693,0.0019168501321404007,-0.25567016457358865,5.0,2.0,
2026-05-27,cv_3,ols_market,market,log_return,-0.4837167711283873,-0.13969848621520953,0.06757450068354467,0.0019168501321404007,-0.26097843874902926,3.0,1.0,
2026-05-28,cv_3,ols_market,market,log_return,0.31973605194826565,-0.13969848621520953,-0.044666642445600306,0.0019168501321404007,-0.2771693394525572,3.0,,3.0
2026-05-29,cv_3,ols_market,market,log_return,-0.6613906182978416,-0.13969848621520953,0.09239526817314994,0.0019168501321404007,-0.2644673010976015,2.0,1.0,
2026-06-01,cv_3,ols_market,market,log_return,2.6459866542060655,-0.13969848621520953,-0.36964033013823444,0.0019168501321404007,-0.29591114833880944,1.0,,1.0
2026-06-02,cv_3,ols_market,market,log_return,-0.3219064014962928,-0.13969848621520953,0.044969836992017564,0.0019168501321404007,-0.2997195584407664,3.0,1.0,
2026-06-03,cv_3,ols_market,market,log_return,-1.6387601408455126,-0.13969848621520953,0.22893231094594166,0.0019168501321404007,-0.2913728514604869,2.0,1.0,
2026-06-04,cv_3,ols_market,market,log_return,0.7723680867543995,-0.13969848621520953,-0.10789865252052723,0.0019168501321404007,-0.3277492445745211,2.0,,2.0
2026-06-05,cv_3,ols_market,market,log_return,-2.8295759303914774,-0.13969848621520953,0.39528747410668247,0.0019168501321404007,-0.27022943659566,1.0,1.0,
2026-06-08,cv_3,ols_market,market,log_return,0.7315096025382011,-0.13969848621520953,-0.10219078412647628,0.0019168501321404007,-0.3118204066692493,2.0,,2.0
2026-06-09,cv_3,ols_market,market,log_return,-0.11436467837823916,-0.13969848621520953,0.015976572445929316,0.0019168501321404007,-0.3141125457440252,7.0,3.0,
2026-06-10,cv_3,ols_market,market,log_return,-1.6890708088149724,-0.13969848621520953,0.23596063510175122,0.0019168501321404007,-0.28836538633311143,2.0,1.0,
2026-06-11,cv_3,ols_market,market,log_return,0.944292349319577,-0.13969848621520953,-0.13191621174454873,0.0019168501321404007,-0.3165032344419591,2.0,,2.0
2026-06-12,cv_3,ols_market,market,log_return,0.04891016749670262,-0.13969848621520953,-0.0068326763598217,0.0019168501321404007,-0.3110400348755803,6.0,,4.0
2026-05-08,cv_3,ols_market,market,intraday_return,0.5650368555813238,-0.002939433331426225,-0.0016608881667800092,0.0019168501321404007,-0.10749504519370047,8.0,,5.0
2026-05-11,cv_3,ols_market,market,intraday_return,1.3153608375320625,-0.002939433331426225,-0.0038664154886944597,0.0019168501321404007,-0.13296510232277275,8.0,,5.0
2026-05-12,cv_3,ols_market,market,intraday_return,0.5658970263699673,-0.002939433331426225,-0.0016634165814668673,0.0019168501321404007,-0.15148387796042256,8.0,,5.0
2026-05-13,cv_3,ols_market,market,intraday_return,0.256526671891719,-0.002939433331426225,-0.0007540430497583577,0.0019168501321404007,-0.17320435354053176,8.0,,5.0
2026-05-14,cv_3,ols_market,market,intraday_return,1.3351348022845422,-0.002939433331426225,-0.003924539739782346,0.0019168501321404007,-0.2010844834847621,8.0,,5.0
2026-05-15,cv_3,ols_market,market,intraday_return,-0.906958234000223,-0.002939433331426225,0.002665943263231721,0.0019168501321404007,-0.17423858872965955,8.0,4.0,
2026-05-18,cv_3,ols_market,market,intraday_return,-1.5813410772792693,-0.002939433331426225,0.004648246670908138,0.0019168501321404007,-0.20265968608038046,8.0,4.0,
2026-05-19,cv_3,ols_market,market,intraday_return,0.28179210162549295,-0.002939433331426225,-0.0008283090960506201,0.0019168501321404007,-0.21527101674893823,8.0,,5.0
2026-05-20,cv_3,ols_market,market,intraday_return,0.12175887098266625,-0.002939433331426225,-0.00035790208376327453,0.0019168501321404007,-0.22871186853032593,9.0,,5.0
2026-05-21,cv_3,ols_market,market,intraday_return,-0.5668635120435359,-0.002939433331426225,0.0016662575016701008,0.0019168501321404007,-0.21652256809285583,9.0,4.0,
2026-05-22,cv_3,ols_market,market,intraday_return,-1.20077742397764,-0.002939433331426225,0.0035296051836639954,0.0019168501321404007,-0.2297609108455769,8.0,4.0,
2026-05-26,cv_3,ols_market,market,intraday_return,-0.3300422798394753,-0.002939433331426225,0.0009701372781400553,0.0019168501321404007,-0.25567016457358865,8.0,4.0,
2026-05-27,cv_3,ols_market,market,intraday_return,-0.29714270316240343,-0.002939433331426225,0.0008734311658656574,0.0019168501321404007,-0.26097843874902926,8.0,4.0,
2026-05-28,cv_3,ols_market,market,intraday_return,0.7581133823076223,-0.002939433331426225,-0.0022284237449552973,0.0019168501321404007,-0.2771693394525572,8.0,,5.0
2026-05-29,cv_3,ols_market,market,intraday_return,-0.7426974050809962,-0.002939433331426225,0.0021831095076588454,0.0019168501321404007,-0.2644673010976015,7.0,4.0,
2026-06-01,cv_3,ols_market,market,intraday_return,2.0523238234093846,-0.002939433331426225,-0.006032669053409654,0.0019168501321404007,-0.29591114833880944,8.0,,5.0
2026-06-02,cv_3,ols_market,market,intraday_return,-0.9003396345678887,-0.002939433331426225,0.002646488331452959,0.0019168501321404007,-0.2997195584407664,9.0,4.0,
2026-06-03,cv_3,ols_market,market,intraday_return,-1.5110828870445545,-0.002939433331426225,0.004441727404726533,0.0019168501321404007,-0.2913728514604869,8.0,4.0,
2026-06-04,cv_3,ols_market,market,intraday_return,1.1645554188177996,-0.002939433331426225,-0.0034231330143660674,0.0019168501321404007,-0.3277492445745211,8.0,,5.0
2026-06-05,cv_3,ols_market,market,intraday_return,-2.1356023156573682,-0.002939433331426225,0.006277460629314298,0.0019168501321404007,-0.27022943659566,8.0,4.0,
2026-06-08,cv_3,ols_market,market,intraday_return,-0.30852775100504637,-0.002939433331426225,0.0009068967549742043,0.0019168501321404007,-0.3118204066692493,9.0,5.0,
2026-06-09,cv_3,ols_market,market,intraday_return,-0.5185374479981657,-0.002939433331426225,0.001524206258238501,0.0019168501321404007,-0.3141125457440252,9.0,4.0,
2026-06-10,cv_3,ols_market,market,intraday_return,-0.9214749175074763,-0.002939433331426225,0.002708614086594707,0.0019168501321404007,-0.28836538633311143,8.0,4.0,
2026-06-11,cv_3,ols_market,market,intraday_return,0.8936765268336726,-0.002939433331426225,-0.0026269025704881203,0.0019168501321404007,-0.3165032344419591,8.0,,5.0
2026-06-12,cv_3,ols_market,market,intraday_return,0.13729281818787936,-0.002939433331426225,-0.0004035630859468932,0.0019168501321404007,-0.3110400348755803,9.0,,5.0
2026-05-08,cv_3,ols_market,market,daily_range,-0.46675977645643696,-0.0019849453809049934,0.0009264926622694518,0.0019168501321404007,-0.10749504519370047,9.0,4.0,
2026-05-11,cv_3,ols_market,market,daily_range,0.6939589004373999,-0.0019849453809049934,-0.0013774705139611252,0.0019168501321404007,-0.13296510232277275,9.0,,6.0
2026-05-12,cv_3,ols_market,market,daily_range,0.8189254928921966,-0.0019849453809049934,-0.0016255223744217108,0.0019168501321404007,-0.15148387796042256,9.0,,6.0
2026-05-13,cv_3,ols_market,market,daily_range,-0.09642496113617442,-0.0019849453809049934,0.00019139828121119294,0.0019168501321404007,-0.17320435354053176,9.0,4.0,
2026-05-14,cv_3,ols_market,market,daily_range,0.12417750179629161,-0.0019849453809049934,-0.00024648555860287057,0.0019168501321404007,-0.2010844834847621,9.0,,6.0
2026-05-15,cv_3,ols_market,market,daily_range,0.2371189357778036,-0.0019849453809049934,-0.00047066813629725906,0.0019168501321404007,-0.17423858872965955,9.0,,5.0
2026-05-18,cv_3,ols_market,market,daily_range,1.740791355301224,-0.0019849453809049934,-0.0034553757598245077,0.0019168501321404007,-0.20265968608038046,9.0,,5.0
2026-05-19,cv_3,ols_market,market,daily_range,0.05451918777420759,-0.0019849453809049934,-0.00010821760994310535,0.0019168501321404007,-0.21527101674893823,9.0,,6.0
2026-05-20,cv_3,ols_market,market,daily_range,-0.28881769228942367,-0.0019849453809049934,0.0005732873442335312,0.0019168501321404007,-0.22871186853032593,8.0,4.0,
2026-05-21,cv_3,ols_market,market,daily_range,1.0544526882159597,-0.0019849453809049934,-0.0020930309928571225,0.0019168501321404007,-0.21652256809285583,8.0,,5.0
2026-05-22,cv_3,ols_market,market,daily_range,-0.015953135961280035,-0.0019849453809049934,3.166610353729215e-05,0.0019168501321404007,-0.2297609108455769,9.0,5.0,
2026-05-26,cv_3,ols_market,market,daily_range,-0.02168116631009543,-0.0019849453809049934,4.3035930919856884e-05,0.0019168501321404007,-0.25567016457358865,9.0,5.0,
2026-05-27,cv_3,ols_market,market,daily_range,-0.28394409812687627,-0.0019849453809049934,0.0005636135260121772,0.0019168501321404007,-0.26097843874902926,9.0,5.0,
2026-05-28,cv_3,ols_market,market,daily_range,-0.6722752211688539,-0.0019849453809049934,0.0013344295949559992,0.0019168501321404007,-0.2771693394525572,9.0,4.0,
2026-05-29,cv_3,ols_market,market,daily_range,0.21120471357525256,-0.0019849453809049934,-0.0004192298206365597,0.0019168501321404007,-0.2644673010976015,9.0,,5.0
2026-06-01,cv_3,ols_market,market,daily_range,0.8845796045908981,-0.0019849453809049934,-0.0017558422001754687,0.0019168501321404007,-0.29591114833880944,9.0,,6.0
2026-06-02,cv_3,ols_market,market,daily_range,1.496880748193703,-0.0019849453809049934,-0.0029712265268927013,0.0019168501321404007,-0.2997195584407664,8.0,,5.0
2026-06-03,cv_3,ols_market,market,daily_range,0.7217534861321323,-0.0019849453809049934,-0.0014326412484500523,0.0019168501321404007,-0.2913728514604869,9.0,,5.0
2026-06-04,cv_3,ols_market,market,daily_range,1.4640470718012308,-0.0019849453809049934,-0.0029060534725993343,0.0019168501321404007,-0.3277492445745211,9.0,,6.0
2026-06-05,cv_3,ols_market,market,daily_range,1.671751409826715,-0.0019849453809049934,-0.0033183352389569484,0.0019168501321404007,-0.27022943659566,9.0,,5.0
2026-06-08,cv_3,ols_market,market,daily_range,-0.5709054575024561,-0.0019849453809049934,0.0011332161508029524,0.0019168501321404007,-0.3118204066692493,8.0,4.0,
2026-06-09,cv_3,ols_market,market,daily_range,2.161094159430472,-0.0019849453809049934,-0.004289653869462275,0.0019168501321404007,-0.3141125457440252,8.0,,5.0
2026-06-10,cv_3,ols_market,market,daily_range,0.5516598016230145,-0.0019849453809049934,-0.0010950145750625677,0.0019168501321404007,-0.28836538633311143,9.0,,5.0
2026-06-11,cv_3,ols_market,market,daily_range,0.061376841931929965,-0.0019849453809049934,-0.00012182967888732029,0.0019168501321404007,-0.3165032344419591,9.0,,6.0
2026-06-12,cv_3,ols_market,market,daily_range,-0.8503313795294543,-0.0019849453809049934,0.001687861344035561,0.0019168501321404007,-0.3110400348755803,8.0,4.0,
2026-05-08,cv_3,ols_market,market,sma_5,2.63203648037382,-0.018119748348819638,-0.04769183866928658,0.0019168501321404007,-0.10749504519370047,4.0,,3.0
2026-05-11,cv_3,ols_market,market,sma_5,3.1859042545727214,-0.018119748348819638,-0.05772778335629153,0.0019168501321404007,-0.13296510232277275,4.0,,3.0
2026-05-12,cv_3,ols_market,market,sma_5,3.8275027552327416,-0.018119748348819638,-0.06935338672923108,0.0019168501321404007,-0.15148387796042256,2.0,,2.0
2026-05-13,cv_3,ols_market,market,sma_5,4.303152408960398,-0.018119748348819638,-0.07797203875697942,0.0019168501321404007,-0.17320435354053176,4.0,,3.0
2026-05-14,cv_3,ols_market,market,sma_5,4.943694087803721,-0.018119748348819638,-0.08957849278455089,0.0019168501321404007,-0.2010844834847621,4.0,,3.0
2026-05-15,cv_3,ols_market,market,sma_5,5.211115167306698,-0.018119748348819638,-0.09442409544831451,0.0019168501321404007,-0.17423858872965955,4.0,,3.0
2026-05-18,cv_3,ols_market,market,sma_5,5.287219240931346,-0.018119748348819638,-0.09580308211071319,0.0019168501321404007,-0.20265968608038046,2.0,,2.0
2026-05-19,cv_3,ols_market,market,sma_5,5.282727042587287,-0.018119748348819638,-0.09572168460718584,0.0019168501321404007,-0.21527101674893823,2.0,,2.0
2026-05-20,cv_3,ols_market,market,sma_5,5.220364071858907,-0.018119748348819638,-0.0945916832713028,0.0019168501321404007,-0.22871186853032593,2.0,,2.0
2026-05-21,cv_3,ols_market,market,sma_5,4.791486343767626,-0.018119748348819638,-0.08682052676587529,0.0019168501321404007,-0.21652256809285583,4.0,,3.0
2026-05-22,cv_3,ols_market,market,sma_5,4.527500640792027,-0.018119748348819638,-0.08203717226027119,0.0019168501321404007,-0.2297609108455769,4.0,,3.0
2026-05-26,cv_3,ols_market,market,sma_5,4.330370106888865,-0.018119748348819638,-0.07846521659407743,0.0019168501321404007,-0.25567016457358865,2.0,,2.0
2026-05-27,cv_3,ols_market,market,sma_5,4.118706156136807,-0.018119748348819638,-0.07462991907193318,0.0019168501321404007,-0.26097843874902926,2.0,,2.0
2026-05-28,cv_3,ols_market,market,sma_5,3.8750678012481483,-0.018119748348819638,-0.07021525339323029,0.0019168501321404007,-0.2771693394525572,2.0,,2.0
2026-05-29,cv_3,ols_market,market,sma_5,3.653890841293021,-0.018119748348819638,-0.06620758253828642,0.0019168501321404007,-0.2644673010976015,4.0,,3.0
2026-06-01,cv_3,ols_market,market,sma_5,3.892508385322667,-0.018119748348819638,-0.07053127238771699,0.0019168501321404007,-0.29591114833880944,4.0,,3.0
2026-06-02,cv_3,ols_market,market,sma_5,4.102851409607152,-0.018119748348819638,-0.07434263505468151,0.0019168501321404007,-0.2997195584407664,2.0,,2.0
2026-06-03,cv_3,ols_market,market,sma_5,4.159664956961562,-0.018119748348819638,-0.07537208223554717,0.0019168501321404007,-0.2913728514604869,4.0,,3.0
2026-06-04,cv_3,ols_market,market,sma_5,4.276199218896001,-0.018119748348819638,-0.07748365373581464,0.0019168501321404007,-0.3277492445745211,4.0,,3.0
2026-06-05,cv_3,ols_market,market,sma_5,4.116592512503425,-0.018119748348819638,-0.07459162038119722,0.0019168501321404007,-0.27022943659566,4.0,,3.0
2026-06-08,cv_3,ols_market,market,sma_5,3.7011917826575527,-0.018119748348819638,-0.067064663692474,0.0019168501321404007,-0.3118204066692493,4.0,,3.0
2026-06-09,cv_3,ols_market,market,sma_5,3.314594185071801,-0.018119748348819638,-0.06005961251196194,0.0019168501321404007,-0.3141125457440252,2.0,,2.0
2026-06-10,cv_3,ols_market,market,sma_5,2.9359241623574728,-0.018119748348819638,-0.053198206993136495,0.0019168501321404007,-0.28836538633311143,4.0,,3.0
2026-06-11,cv_3,ols_market,market,sma_5,2.571523451841172,-0.018119748348819638,-0.04659535782045005,0.0019168501321404007,-0.3165032344419591,5.0,,3.0
2026-06-12,cv_3,ols_market,market,sma_5,2.5739016033386433,-0.018119748348819638,-0.0466384493271196,0.0019168501321404007,-0.3110400348755803,3.0,,2.0
2026-05-08,cv_3,ols_market,market,sma_20,4.579739595500696,0.0033077133663184134,0.015148465874295336,0.0019168501321404007,-0.10749504519370047,5.0,2.0,
2026-05-11,cv_3,ols_market,market,sma_20,4.962790796612148,0.0033077133663184134,0.016415489452196008,0.0019168501321404007,-0.13296510232277275,5.0,2.0,
2026-05-12,cv_3,ols_market,market,sma_20,5.271342166706667,0.0033077133663184134,0.01743608894325351,0.0019168501321404007,-0.15148387796042256,5.0,2.0,
2026-05-13,cv_3,ols_market,market,sma_20,5.614092292167514,0.0033077133663184134,0.018569808114547663,0.0019168501321404007,-0.17320435354053176,5.0,2.0,
2026-05-14,cv_3,ols_market,market,sma_20,6.089441839287292,0.0033077133663184134,0.02014212816522916,0.0019168501321404007,-0.2010844834847621,5.0,2.0,
2026-05-15,cv_3,ols_market,market,sma_20,6.389983974630324,0.0033077133663184134,0.021136235403445183,0.0019168501321404007,-0.17423858872965955,6.0,3.0,
2026-05-18,cv_3,ols_market,market,sma_20,6.647555160079403,0.0033077133663184134,0.02198820705633358,0.0019168501321404007,-0.20265968608038046,6.0,3.0,
2026-05-19,cv_3,ols_market,market,sma_20,6.911101408855447,0.0033077133663184134,0.02285994250605318,0.0019168501321404007,-0.21527101674893823,6.0,3.0,
2026-05-20,cv_3,ols_market,market,sma_20,7.177698914768273,0.0033077133663184134,0.023741770639788187,0.0019168501321404007,-0.22871186853032593,6.0,3.0,
2026-05-21,cv_3,ols_market,market,sma_20,7.430311734624106,0.0033077133663184134,0.024577341440528713,0.0019168501321404007,-0.21652256809285583,6.0,3.0,
2026-05-22,cv_3,ols_market,market,sma_20,7.520067463346418,0.0033077133663184134,0.02487422766412715,0.0019168501321404007,-0.2297609108455769,5.0,2.0,
2026-05-26,cv_3,ols_market,market,sma_20,7.497819222612554,0.0033077133663184134,0.02480063686087468,0.0019168501321404007,-0.25567016457358865,3.0,1.0,
2026-05-27,cv_3,ols_market,market,sma_20,7.490572753647951,0.0033077133663184134,0.024776667618621854,0.0019168501321404007,-0.26097843874902926,5.0,2.0,
2026-05-28,cv_3,ols_market,market,sma_20,7.554139155744681,0.0033077133663184134,0.024986927056485978,0.0019168501321404007,-0.2771693394525572,5.0,2.0,
2026-05-29,cv_3,ols_market,market,sma_20,7.7012317093221,0.0033077133663184134,0.02547346706203991,0.0019168501321404007,-0.2644673010976015,5.0,2.0,
2026-06-01,cv_3,ols_market,market,sma_20,8.030632851544778,0.0033077133663184134,0.026563031623050418,0.0019168501321404007,-0.29591114833880944,5.0,2.0,
2026-06-02,cv_3,ols_market,market,sma_20,8.3400742443835,0.0033077133663184134,0.027586575054235243,0.0019168501321404007,-0.2997195584407664,5.0,2.0,
2026-06-03,cv_3,ols_market,market,sma_20,8.57209161203657,0.0033077133663184134,0.028354022002439316,0.0019168501321404007,-0.2913728514604869,5.0,2.0,
2026-06-04,cv_3,ols_market,market,sma_20,8.70977646225679,0.0033077133663184134,0.02880944402185229,0.0019168501321404007,-0.3277492445745211,5.0,2.0,
2026-06-05,cv_3,ols_market,market,sma_20,8.628411545168683,0.0033077133663184134,0.028540312198050567,0.0019168501321404007,-0.27022943659566,6.0,3.0,
2026-06-08,cv_3,ols_market,market,sma_20,8.545012456656053,0.0033077133663184134,0.028264451918238568,0.0019168501321404007,-0.3118204066692493,6.0,3.0,
2026-06-09,cv_3,ols_market,market,sma_20,8.40198805193841,0.0033077133663184134,0.02779136818304429,0.0019168501321404007,-0.3141125457440252,4.0,2.0,
2026-06-10,cv_3,ols_market,market,sma_20,8.143145654840954,0.0033077133663184134,0.026935191726395132,0.0019168501321404007,-0.28836538633311143,6.0,3.0,
2026-06-11,cv_3,ols_market,market,sma_20,7.8766752118961785,0.0033077133663184134,0.02605378388053791,0.0019168501321404007,-0.3165032344419591,6.0,3.0,
2026-06-12,cv_3,ols_market,market,sma_20,7.48828445628732,0.0033077133663184134,0.02476909858685598,0.0019168501321404007,-0.3110400348755803,4.0,2.0,
2026-05-08,cv_3,ols_market,market,sma_60,4.3927729877878265,-0.017169470712839877,-0.07542158716197721,0.0019168501321404007,-0.10749504519370047,3.0,,2.0
2026-05-11,cv_3,ols_market,market,sma_60,5.025938078281403,-0.017169470712839877,-0.08629269663959928,0.0019168501321404007,-0.13296510232277275,3.0,,2.0
2026-05-12,cv_3,ols_market,market,sma_60,5.765669747787431,-0.017169470712839877,-0.09899349787454317,0.0019168501321404007,-0.15148387796042256,1.0,,1.0
2026-05-13,cv_3,ols_market,market,sma_60,6.561704393449556,-0.017169470712839877,-0.1126609914096449,0.0019168501321404007,-0.17320435354053176,3.0,,2.0
2026-05-14,cv_3,ols_market,market,sma_60,7.4921650366871555,-0.017169470712839877,-0.12863650817316302,0.0019168501321404007,-0.2010844834847621,3.0,,2.0
2026-05-15,cv_3,ols_market,market,sma_60,8.22118184247922,-0.017169470712839877,-0.14115334086937795,0.0019168501321404007,-0.17423858872965955,3.0,,2.0
2026-05-18,cv_3,ols_market,market,sma_60,8.854346932972698,-0.017169470712839877,-0.15202445034699832,0.0019168501321404007,-0.20265968608038046,1.0,,1.0
2026-05-19,cv_3,ols_market,market,sma_60,9.42049388632436,-0.017169470712839877,-0.16174489388173321,0.0019168501321404007,-0.21527101674893823,1.0,,1.0
2026-05-20,cv_3,ols_market,market,sma_60,10.017032716456166,-0.017169470712839877,-0.17198714985475302,0.0019168501321404007,-0.22871186853032593,1.0,,1.0
2026-05-21,cv_3,ols_market,market,sma_60,10.48362662368864,-0.017169470712839877,-0.1799983202797705,0.0019168501321404007,-0.21652256809285583,1.0,,1.0
2026-05-22,cv_3,ols_market,market,sma_60,11.076658836009742,-0.017169470712839877,-0.1901803694809883,0.0019168501321404007,-0.2297609108455769,1.0,,1.0
2026-05-26,cv_3,ols_market,market,sma_60,11.810545845226086,-0.017169470712839877,-0.20278082099226197,0.0019168501321404007,-0.25567016457358865,1.0,,1.0
2026-05-27,cv_3,ols_market,market,sma_60,12.397343971237511,-0.017169470712839877,-0.21285583423116444,0.0019168501321404007,-0.26097843874902926,1.0,,1.0
2026-05-28,cv_3,ols_market,market,sma_60,13.063628407010102,-0.017169470712839877,-0.22429558533758298,0.0019168501321404007,-0.2771693394525572,1.0,,1.0
2026-05-29,cv_3,ols_market,market,sma_60,13.611072804161054,-0.017169470712839877,-0.23369491588137456,0.0019168501321404007,-0.2644673010976015,1.0,,1.0
2026-06-01,cv_3,ols_market,market,sma_60,14.410224641613794,-0.017169470712839877,-0.24741592994963155,0.0019168501321404007,-0.29591114833880944,3.0,,2.0
2026-06-02,cv_3,ols_market,market,sma_60,15.286914766912515,-0.017169470712839877,-0.2624682353801839,0.0019168501321404007,-0.2997195584407664,1.0,,1.0
2026-06-03,cv_3,ols_market,market,sma_60,15.912287175200994,-0.017169470712839877,-0.27320554862891105,0.0019168501321404007,-0.2913728514604869,1.0,,1.0
2026-06-04,cv_3,ols_market,market,sma_60,16.572532237673972,-0.017169470712839877,-0.284541606892338,0.0019168501321404007,-0.3277492445745211,1.0,,1.0
2026-06-05,cv_3,ols_market,market,sma_60,16.944054173463233,-0.017169470712839877,-0.2909204418880493,0.0019168501321404007,-0.27022943659566,3.0,,2.0
2026-06-08,cv_3,ols_market,market,sma_60,17.440845244465855,-0.017169470712839877,-0.29945008163202913,0.0019168501321404007,-0.3118204066692493,1.0,,1.0
2026-06-09,cv_3,ols_market,market,sma_60,17.985172449825964,-0.017169470712839877,-0.30879589164266147,0.0019168501321404007,-0.3141125457440252,1.0,,1.0
2026-06-10,cv_3,ols_market,market,sma_60,18.320262838263513,-0.017169470712839877,-0.3145492162530941,0.0019168501321404007,-0.28836538633311143,1.0,,1.0
2026-06-11,cv_3,ols_market,market,sma_60,18.767180029701496,-0.017169470712839877,-0.3222225478825532,0.0019168501321404007,-0.3165032344419591,1.0,,1.0
2026-06-12,cv_3,ols_market,market,sma_60,19.250139045199376,-0.017169470712839877,-0.33051469855464605,0.0019168501321404007,-0.3110400348755803,1.0,,1.0
2026-05-08,cv_3,ols_market,market,rolling_volatility_20,0.6058319066347417,-0.009609639127666048,-0.005821825994785738,0.0019168501321404007,-0.10749504519370047,7.0,,4.0
2026-05-11,cv_3,ols_market,market,rolling_volatility_20,0.6473622099139899,-0.009609639127666048,-0.006220917222161838,0.0019168501321404007,-0.13296510232277275,7.0,,4.0
2026-05-12,cv_3,ols_market,market,rolling_volatility_20,0.35505384400959866,-0.009609639127666048,-0.0034119393118228767,0.0019168501321404007,-0.15148387796042256,7.0,,4.0
2026-05-13,cv_3,ols_market,market,rolling_volatility_20,0.4287880561781708,-0.009609639127666048,-0.004120498482125617,0.0019168501321404007,-0.17320435354053176,7.0,,4.0
2026-05-14,cv_3,ols_market,market,rolling_volatility_20,0.7832937066112703,-0.009609639127666048,-0.007527169851506232,0.0019168501321404007,-0.2010844834847621,7.0,,4.0
2026-05-15,cv_3,ols_market,market,rolling_volatility_20,1.4961926251075426,-0.009609639127666048,-0.01437787119275882,0.0019168501321404007,-0.17423858872965955,7.0,,4.0
2026-05-18,cv_3,ols_market,market,rolling_volatility_20,1.5859539491582648,-0.009609639127666048,-0.015240445124507751,0.0019168501321404007,-0.20265968608038046,7.0,,4.0
2026-05-19,cv_3,ols_market,market,rolling_volatility_20,1.562527003943085,-0.009609639127666048,-0.01501532063512627,0.0019168501321404007,-0.21527101674893823,7.0,,4.0
2026-05-20,cv_3,ols_market,market,rolling_volatility_20,1.5619467761639956,-0.009609639127666048,-0.015009744855557373,0.0019168501321404007,-0.22871186853032593,7.0,,4.0
2026-05-21,cv_3,ols_market,market,rolling_volatility_20,1.6016300740141969,-0.009609639127666048,-0.015391087027293493,0.0019168501321404007,-0.21652256809285583,7.0,,4.0
2026-05-22,cv_3,ols_market,market,rolling_volatility_20,1.320807008653336,-0.009609639127666048,-0.012692478710450645,0.0019168501321404007,-0.2297609108455769,7.0,,4.0
2026-05-26,cv_3,ols_market,market,rolling_volatility_20,0.9001137793420314,-0.009609639127666048,-0.008649768593316547,0.0019168501321404007,-0.25567016457358865,6.0,,4.0
2026-05-27,cv_3,ols_market,market,rolling_volatility_20,0.859467060670197,-0.009609639127666048,-0.008259168295156454,0.0019168501321404007,-0.26097843874902926,6.0,,4.0
2026-05-28,cv_3,ols_market,market,rolling_volatility_20,0.766622648255082,-0.009609639127666048,-0.007366966996827001,0.0019168501321404007,-0.2771693394525572,6.0,,4.0
2026-05-29,cv_3,ols_market,market,rolling_volatility_20,0.13579742673914785,-0.009609639127666048,-0.0013049642654288788,0.0019168501321404007,-0.2644673010976015,8.0,,4.0
2026-06-01,cv_3,ols_market,market,rolling_volatility_20,1.0969024075542773,-0.009609639127666048,-0.010540836294864672,0.0019168501321404007,-0.29591114833880944,7.0,,4.0
2026-06-02,cv_3,ols_market,market,rolling_volatility_20,1.1344823894844196,-0.009609639127666048,-0.010901966359637551,0.0019168501321404007,-0.2997195584407664,7.0,,4.0
2026-06-03,cv_3,ols_market,market,rolling_volatility_20,1.5381410114644847,-0.009609639127666048,-0.014780980047636942,0.0019168501321404007,-0.2913728514604869,7.0,,4.0
2026-06-04,cv_3,ols_market,market,rolling_volatility_20,0.7978095388770754,-0.009609639127666048,-0.0076666617612183505,0.0019168501321404007,-0.3277492445745211,7.0,,4.0
2026-06-05,cv_3,ols_market,market,rolling_volatility_20,1.791176459145128,-0.009609639127666048,-0.01721255938635535,0.0019168501321404007,-0.27022943659566,7.0,,4.0
2026-06-08,cv_3,ols_market,market,rolling_volatility_20,1.7889716855667028,-0.009609639127666048,-0.01719137230790847,0.0019168501321404007,-0.3118204066692493,7.0,,4.0
2026-06-09,cv_3,ols_market,market,rolling_volatility_20,1.671827901570581,-0.009609639127666048,-0.01606566281765648,0.0019168501321404007,-0.3141125457440252,6.0,,4.0
2026-06-10,cv_3,ols_market,market,rolling_volatility_20,1.9424262432653236,-0.009609639127666048,-0.01866601522988782,0.0019168501321404007,-0.28836538633311143,7.0,,4.0
2026-06-11,cv_3,ols_market,market,rolling_volatility_20,1.9334046559630926,-0.009609639127666048,-0.018579321031554647,0.0019168501321404007,-0.3165032344419591,7.0,,4.0
2026-06-12,cv_3,ols_market,market,rolling_volatility_20,1.3135547488179482,-0.009609639127666048,-0.012622787110572502,0.0019168501321404007,-0.3110400348755803,5.0,,3.0
2026-05-08,cv_3,ols_market,market,rolling_volatility_60,0.90612518264119,0.012812115453605074,0.01160938045541791,0.0019168501321404007,-0.10749504519370047,6.0,3.0,
2026-05-11,cv_3,ols_market,market,rolling_volatility_60,0.8748146787334296,0.012812115453605074,0.01120822666444113,0.0019168501321404007,-0.13296510232277275,6.0,3.0,
2026-05-12,cv_3,ols_market,market,rolling_volatility_60,0.5906177285046108,0.012812115453605074,0.00756706252654705,0.0019168501321404007,-0.15148387796042256,6.0,3.0,
2026-05-13,cv_3,ols_market,market,rolling_volatility_60,0.7291747486319619,0.012812115453605074,0.009342271065326153,0.0019168501321404007,-0.17320435354053176,6.0,3.0,
2026-05-14,cv_3,ols_market,market,rolling_volatility_60,1.3761686388358514,0.012812115453605074,0.017631631484395473,0.0019168501321404007,-0.2010844834847621,6.0,3.0,
2026-05-15,cv_3,ols_market,market,rolling_volatility_60,2.3635665130447765,0.012812115453605074,0.03028228704740444,0.0019168501321404007,-0.17423858872965955,5.0,2.0,
2026-05-18,cv_3,ols_market,market,rolling_volatility_60,2.4572503977836853,0.012812115453605074,0.03148257579482157,0.0019168501321404007,-0.20265968608038046,5.0,2.0,
2026-05-19,cv_3,ols_market,market,rolling_volatility_60,2.486940847002382,0.012812115453605074,0.031862973258080914,0.0019168501321404007,-0.21527101674893823,5.0,2.0,
2026-05-20,cv_3,ols_market,market,rolling_volatility_60,2.5245699008468105,0.012812115453605074,0.03234508104034565,0.0019168501321404007,-0.22871186853032593,5.0,2.0,
2026-05-21,cv_3,ols_market,market,rolling_volatility_60,2.6408591806066704,0.012812115453605074,0.033834992718645554,0.0019168501321404007,-0.21652256809285583,5.0,2.0,
2026-05-22,cv_3,ols_market,market,rolling_volatility_60,1.436190806248596,0.012812115453605074,0.018400642423063166,0.0019168501321404007,-0.2297609108455769,6.0,3.0,
2026-05-26,cv_3,ols_market,market,rolling_volatility_60,0.5517878781205674,0.012812115453605074,0.007069570000380475,0.0019168501321404007,-0.25567016457358865,7.0,3.0,
2026-05-27,cv_3,ols_market,market,rolling_volatility_60,0.311157548457993,0.012812115453605074,0.003986586435104521,0.0019168501321404007,-0.26097843874902926,7.0,3.0,
2026-05-28,cv_3,ols_market,market,rolling_volatility_60,0.19980832422100417,0.012812115453605074,0.0025599673185108607,0.0019168501321404007,-0.2771693394525572,7.0,3.0,
2026-05-29,cv_3,ols_market,market,rolling_volatility_60,0.25262916505479666,0.012812115453605074,0.0032367140296299074,0.0019168501321404007,-0.2644673010976015,6.0,3.0,
2026-06-01,cv_3,ols_market,market,rolling_volatility_60,1.830572638388368,0.012812115453605074,0.023453507989242225,0.0019168501321404007,-0.29591114833880944,6.0,3.0,
2026-06-02,cv_3,ols_market,market,rolling_volatility_60,1.376182718917701,0.012812115453605074,0.017631811880029723,0.0019168501321404007,-0.2997195584407664,6.0,3.0,
2026-06-03,cv_3,ols_market,market,rolling_volatility_60,1.822136943306984,0.012812115453605074,0.023345428889928122,0.0019168501321404007,-0.2913728514604869,6.0,3.0,
2026-06-04,cv_3,ols_market,market,rolling_volatility_60,1.890150206853517,0.012812115453605074,0.024216822674862772,0.0019168501321404007,-0.3277492445745211,6.0,3.0,
2026-06-05,cv_3,ols_market,market,rolling_volatility_60,3.6350748958044097,0.012812115453605074,0.046572999247547535,0.0019168501321404007,-0.27022943659566,5.0,2.0,
2026-06-08,cv_3,ols_market,market,rolling_volatility_60,3.5987434755576233,0.012812115453605074,0.046107516896752264,0.0019168501321404007,-0.3118204066692493,5.0,2.0,
2026-06-09,cv_3,ols_market,market,rolling_volatility_60,3.4693554435114904,0.012812115453605074,0.044449782491862454,0.0019168501321404007,-0.3141125457440252,3.0,1.0,
2026-06-10,cv_3,ols_market,market,rolling_volatility_60,4.025869086807327,0.012812115453605074,0.0515798995412751,0.0019168501321404007,-0.28836538633311143,5.0,2.0,
2026-06-11,cv_3,ols_market,market,rolling_volatility_60,4.155978880827356,0.012812115453605074,0.05324688124390449,0.0019168501321404007,-0.3165032344419591,4.0,2.0,
2026-06-12,cv_3,ols_market,market,rolling_volatility_60,4.1092986570491705,0.012812115453605074,0.05264880882745825,0.0019168501321404007,-0.3110400348755803,2.0,1.0,
2026-05-08,cv_3,ridge_market,market,simple_return,0.7359866874233241,-0.0018027599360946386,-0.0013268073135857764,0.0019168501321404085,-0.10741827091365927,8.0,,6.0
2026-05-11,cv_3,ridge_market,market,simple_return,0.8328109855998602,-0.0018027599360946386,-0.001501358279178917,0.0019168501321404085,-0.13101732253679577,8.0,,6.0
2026-05-12,cv_3,ridge_market,market,simple_return,0.2367456120619766,-0.0018027599360946386,-0.00042679550447153507,0.0019168501321404085,-0.14818134078436118,9.0,,7.0
2026-05-13,cv_3,ridge_market,market,simple_return,0.9718223137000341,-0.0018027599360946386,-0.0017519623321412172,0.0019168501321404085,-0.17195232586222,7.0,,5.0
2026-05-14,cv_3,ridge_market,market,simple_return,1.8928749742932773,-0.0018027599360946386,-0.0034123991676920894,0.0019168501321404085,-0.20254088467484382,8.0,,6.0
2026-05-15,cv_3,ridge_market,market,simple_return,-1.9687732311808022,-0.0018027599360946386,0.003549225504428338,0.0019168501321404085,-0.17667663787402288,7.0,4.0,
2026-05-18,cv_3,ridge_market,market,simple_return,-0.6146755810964442,-0.0018027599360946386,0.0011081125112963606,0.0019168501321404085,-0.19697692733204733,8.0,5.0,
2026-05-19,cv_3,ridge_market,market,simple_return,-0.36817072783894506,-0.0018027599360946386,0.0006637234377908531,0.0019168501321404085,-0.21137522952863247,8.0,4.0,
2026-05-20,cv_3,ridge_market,market,simple_return,0.5373879072919826,-0.0018027599360946386,-0.0009687813894077262,0.0019168501321404085,-0.22530116846803167,7.0,,5.0
2026-05-21,cv_3,ridge_market,market,simple_return,-0.8078431237689724,-0.0018027599360946386,0.0014563472181802458,0.0019168501321404085,-0.21231665063434443,8.0,5.0,
2026-05-22,cv_3,ridge_market,market,simple_return,-0.865793854423008,-0.0018027599360946386,0.0015608184736707529,0.0019168501321404085,-0.22715260396988193,8.0,5.0,
2026-05-26,cv_3,ridge_market,market,simple_return,-0.12665526833195112,-0.0018027599360946386,0.0002283290434441575,0.0019168501321404085,-0.25147508802848473,8.0,5.0,
2026-05-27,cv_3,ridge_market,market,simple_return,-0.49209962825615056,-0.0018027599360946386,0.0008871374943872533,0.0019168501321404085,-0.2573149241724066,7.0,4.0,
2026-05-28,cv_3,ridge_market,market,simple_return,0.3092837908389748,-0.0018027599360946386,-0.0005575644270079778,0.0019168501321404085,-0.2734227091768093,8.0,,6.0
2026-05-29,cv_3,ridge_market,market,simple_return,-0.667343877168791,-0.0018027599360946386,0.001203060805357958,0.0019168501321404085,-0.26066481347074505,8.0,5.0,
2026-06-01,cv_3,ridge_market,market,simple_return,2.714005604934843,-0.0018027599360946386,-0.004892700570912828,0.0019168501321404085,-0.29968846389274467,8.0,,6.0
2026-06-02,cv_3,ridge_market,market,simple_return,-0.3318835486136222,-0.0018027599360946386,0.0005983063648895554,0.0019168501321404085,-0.2923794851995642,9.0,5.0,
2026-06-03,cv_3,ridge_market,market,simple_return,-1.6187662958813966,-0.0018027599360946386,0.0029182470241153015,0.0019168501321404085,-0.28900879726226364,8.0,5.0,
2026-06-04,cv_3,ridge_market,market,simple_return,0.7672520292023394,-0.0018027599360946386,-0.001383171219133291,0.0019168501321404085,-0.3205630311183766,8.0,,6.0
2026-06-05,cv_3,ridge_market,market,simple_return,-2.749699195795945,-0.0018027599360946386,0.004957047546492577,0.0019168501321404085,-0.2742993541474582,8.0,5.0,
2026-06-08,cv_3,ridge_market,market,simple_return,0.7257176632936052,-0.0018027599360946386,-0.0013082947283019303,0.0019168501321404085,-0.30682573570897087,7.0,,5.0
2026-06-09,cv_3,ridge_market,market,simple_return,-0.12552017158089684,-0.0018027599360946386,0.00022628273649776567,0.0019168501321404085,-0.30443372200205593,9.0,5.0,
2026-06-10,cv_3,ridge_market,market,simple_return,-1.667170320384815,-0.0018027599360946386,0.003005507860235807,0.0019168501321404085,-0.2853275241377735,7.0,4.0,
2026-06-11,cv_3,ridge_market,market,simple_return,0.9424445121109708,-0.0018027599360946386,-0.0016990012084259166,0.0019168501321404085,-0.3101590024121355,8.0,,6.0
2026-06-12,cv_3,ridge_market,market,simple_return,0.037514840640410704,-0.0018027599360946386,-6.763025171550735e-05,0.0019168501321404085,-0.30458201805888413,9.0,,6.0
2026-05-08,cv_3,ridge_market,market,log_return,0.7416150605082249,-0.005813869759970661,-0.004311653373827581,0.0019168501321404085,-0.10741827091365927,6.0,,4.0
2026-05-11,cv_3,ridge_market,market,log_return,0.8367829152950287,-0.005813869759970661,-0.004864946886893859,0.0019168501321404085,-0.13101732253679577,6.0,,4.0
2026-05-12,cv_3,ridge_market,market,log_return,0.24761292009518732,-0.005813869759970661,-0.0014395892683194411,0.0019168501321404085,-0.14818134078436118,7.0,,5.0
2026-05-13,cv_3,ridge_market,market,log_return,0.9730562909839743,-0.005813869759970661,-0.00565722254490094,0.0019168501321404085,-0.17195232586222,5.0,,3.0
2026-05-14,cv_3,ridge_market,market,log_return,1.8654344269461134,-0.005813869759970661,-0.010845392804030208,0.0019168501321404085,-0.20254088467484382,5.0,,3.0
2026-05-15,cv_3,ridge_market,market,log_return,-2.003859769314417,-0.005813869759970661,0.011650179716038874,0.0019168501321404085,-0.17667663787402288,6.0,3.0,
2026-05-18,cv_3,ridge_market,market,log_return,-0.607916488723729,-0.005813869759970661,0.0035343472903784337,0.0019168501321404085,-0.19697692733204733,7.0,4.0,
2026-05-19,cv_3,ridge_market,market,log_return,-0.35850245202029773,-0.005813869759970661,0.002084286564676142,0.0019168501321404085,-0.21137522952863247,6.0,3.0,
2026-05-20,cv_3,ridge_market,market,log_return,0.5457657824471617,-0.005813869759970661,-0.00317301117859628,0.0019168501321404085,-0.22530116846803167,6.0,,4.0
2026-05-21,cv_3,ridge_market,market,log_return,-0.804359048302396,-0.005813869759970661,0.004676438747084081,0.0019168501321404085,-0.21231665063434443,6.0,3.0,
2026-05-22,cv_3,ridge_market,market,log_return,-0.8634641471341984,-0.005813869759970661,0.005020068093842374,0.0019168501321404085,-0.22715260396988193,6.0,3.0,
2026-05-26,cv_3,ridge_market,market,log_return,-0.11550357666232132,-0.005813869759970661,0.0006715227515255229,0.0019168501321404085,-0.25147508802848473,7.0,4.0,
2026-05-27,cv_3,ridge_market,market,log_return,-0.4837167711283873,-0.005813869759970661,0.0028122663080539802,0.0019168501321404085,-0.2573149241724066,6.0,3.0,
2026-05-28,cv_3,ridge_market,market,log_return,0.31973605194826565,-0.005813869759970661,-0.0018589037635944302,0.0019168501321404085,-0.2734227091768093,7.0,,5.0
2026-05-29,cv_3,ridge_market,market,log_return,-0.6613906182978416,-0.005813869759970661,0.0038452389152501196,0.0019168501321404085,-0.26066481347074505,4.0,2.0,
2026-06-01,cv_3,ridge_market,market,log_return,2.6459866542060655,-0.005813869759970661,-0.01538342179417459,0.0019168501321404085,-0.29968846389274467,5.0,,3.0
2026-06-02,cv_3,ridge_market,market,log_return,-0.3219064014962928,-0.005813869759970661,0.001871521893200271,0.0019168501321404085,-0.2923794851995642,7.0,4.0,
2026-06-03,cv_3,ridge_market,market,log_return,-1.6387601408455126,-0.005813869759970661,0.009527538026706988,0.0019168501321404085,-0.28900879726226364,6.0,3.0,
2026-06-04,cv_3,ridge_market,market,log_return,0.7723680867543995,-0.005813869759970661,-0.0044904474631477995,0.0019168501321404085,-0.3205630311183766,6.0,,4.0
2026-06-05,cv_3,ridge_market,market,log_return,-2.8295759303914774,-0.005813869759970661,0.01645078593524386,0.0019168501321404085,-0.2742993541474582,5.0,3.0,
2026-06-08,cv_3,ridge_market,market,log_return,0.7315096025382011,-0.005813869759970661,-0.004252901557325005,0.0019168501321404085,-0.30682573570897087,6.0,,4.0
2026-06-09,cv_3,ridge_market,market,log_return,-0.11436467837823916,-0.005813869759970661,0.0006649013452320151,0.0019168501321404085,-0.30443372200205593,8.0,4.0,
2026-06-10,cv_3,ridge_market,market,log_return,-1.6890708088149724,-0.005813869759970661,0.009820037697818555,0.0019168501321404085,-0.2853275241377735,6.0,3.0,
2026-06-11,cv_3,ridge_market,market,log_return,0.944292349319577,-0.005813869759970661,-0.00548999273428074,0.0019168501321404085,-0.3101590024121355,6.0,,4.0
2026-06-12,cv_3,ridge_market,market,log_return,0.04891016749670262,-0.005813869759970661,-0.0002843573437641793,0.0019168501321404085,-0.30458201805888413,8.0,,5.0
2026-05-08,cv_3,ridge_market,market,intraday_return,0.5650368555813238,-0.0028683440026262747,-0.0016207200759694987,0.0019168501321404085,-0.10741827091365927,7.0,,5.0
2026-05-11,cv_3,ridge_market,market,intraday_return,1.3153608375320625,-0.0028683440026262747,-0.003772907369624565,0.0019168501321404085,-0.13101732253679577,7.0,,5.0
2026-05-12,cv_3,ridge_market,market,intraday_return,0.5658970263699673,-0.0028683440026262747,-0.0016231873416923386,0.0019168501321404085,-0.14818134078436118,6.0,,4.0
2026-05-13,cv_3,ridge_market,market,intraday_return,0.256526671891719,-0.0028683440026262747,-0.0007358067408342904,0.0019168501321404085,-0.17195232586222,8.0,,6.0
2026-05-14,cv_3,ridge_market,market,intraday_return,1.3351348022845422,-0.0028683440026262747,-0.0038296259028304837,0.0019168501321404085,-0.20254088467484382,7.0,,5.0
2026-05-15,cv_3,ridge_market,market,intraday_return,-0.906958234000223,-0.0028683440026262747,0.0026014682111270573,0.0019168501321404085,-0.17667663787402288,8.0,5.0,
2026-05-18,cv_3,ridge_market,market,intraday_return,-1.5813410772792693,-0.0028683440026262747,0.004535830195120565,0.0019168501321404085,-0.19697692733204733,6.0,3.0,
2026-05-19,cv_3,ridge_market,market,intraday_return,0.28179210162549295,-0.0028683440026262747,-0.0008082766846849365,0.0019168501321404085,-0.21137522952863247,7.0,,4.0
2026-05-20,cv_3,ridge_market,market,intraday_return,0.12175887098266625,-0.0028683440026262747,-0.0003492463273496771,0.0019168501321404085,-0.22530116846803167,8.0,,6.0
2026-05-21,cv_3,ridge_market,market,intraday_return,-0.5668635120435359,-0.0028683440026262747,0.0016259595550777433,0.0019168501321404085,-0.21231665063434443,7.0,4.0,
2026-05-22,cv_3,ridge_market,market,intraday_return,-1.20077742397764,-0.0028683440026262747,0.0034442427225552913,0.0019168501321404085,-0.22715260396988193,7.0,4.0,
2026-05-26,cv_3,ridge_market,market,intraday_return,-0.3300422798394753,-0.0028683440026262747,0.0009466747939906617,0.0019168501321404085,-0.25147508802848473,6.0,3.0,
2026-05-27,cv_3,ridge_market,market,intraday_return,-0.29714270316240343,-0.0028683440026262747,0.0008523074905400393,0.0019168501321404085,-0.2573149241724066,8.0,5.0,
2026-05-28,cv_3,ridge_market,market,intraday_return,0.7581133823076223,-0.0028683440026262747,-0.0021745299734527886,0.0019168501321404085,-0.2734227091768093,6.0,,4.0
2026-05-29,cv_3,ridge_market,market,intraday_return,-0.7426974050809962,-0.0028683440026262747,0.0021303116476301723,0.0019168501321404085,-0.26066481347074505,6.0,4.0,
2026-06-01,cv_3,ridge_market,market,intraday_return,2.0523238234093846,-0.0028683440026262747,-0.005886770730323334,0.0019168501321404085,-0.29968846389274467,7.0,,5.0
2026-06-02,cv_3,ridge_market,market,intraday_return,-0.9003396345678887,-0.0028683440026262747,0.0025824837911395354,0.0019168501321404085,-0.2923794851995642,6.0,3.0,
2026-06-03,cv_3,ridge_market,market,intraday_return,-1.5110828870445545,-0.0028683440026262747,0.004334305536525445,0.0019168501321404085,-0.28900879726226364,7.0,4.0,
2026-06-04,cv_3,ridge_market,market,intraday_return,1.1645554188177996,-0.0028683440026262747,-0.003340345551291965,0.0019168501321404085,-0.3205630311183766,7.0,,5.0
2026-06-05,cv_3,ridge_market,market,intraday_return,-2.1356023156573682,-0.0028683440026262747,0.006125642094110597,0.0019168501321404085,-0.2742993541474582,7.0,4.0,
2026-06-08,cv_3,ridge_market,market,intraday_return,-0.30852775100504637,-0.0028683440026262747,0.0008849637242390974,0.0019168501321404085,-0.30682573570897087,8.0,3.0,
2026-06-09,cv_3,ridge_market,market,intraday_return,-0.5185374479981657,-0.0028683440026262747,0.0014873437791026725,0.0019168501321404085,-0.30443372200205593,6.0,3.0,
2026-06-10,cv_3,ridge_market,market,intraday_return,-0.9214749175074763,-0.0028683440026262747,0.002643107053203111,0.0019168501321404085,-0.2853275241377735,8.0,5.0,
2026-06-11,cv_3,ridge_market,market,intraday_return,0.8936765268336726,-0.0028683440026262747,-0.002563371706031244,0.0019168501321404085,-0.3101590024121355,7.0,,5.0
2026-06-12,cv_3,ridge_market,market,intraday_return,0.13729281818787936,-0.0028683440026262747,-0.0003938030316528633,0.0019168501321404085,-0.30458201805888413,7.0,,4.0
2026-05-08,cv_3,ridge_market,market,daily_range,-0.46675977645643696,-0.000557678672396646,0.000260301972462381,0.0019168501321404085,-0.10741827091365927,9.0,3.0,
2026-05-11,cv_3,ridge_market,market,daily_range,0.6939589004373999,-0.000557678672396646,-0.0003870060782937654,0.0019168501321404085,-0.13101732253679577,9.0,,7.0
2026-05-12,cv_3,ridge_market,market,daily_range,0.8189254928921966,-0.000557678672396646,-0.00045669728166788915,0.0019168501321404085,-0.14818134078436118,8.0,,6.0
2026-05-13,cv_3,ridge_market,market,daily_range,-0.09642496113617442,-0.000557678672396646,5.377414431231994e-05,0.0019168501321404085,-0.17195232586222,9.0,3.0,
2026-05-14,cv_3,ridge_market,market,daily_range,0.12417750179629161,-0.000557678672396646,-6.925114434328803e-05,0.0019168501321404085,-0.20254088467484382,9.0,,7.0
2026-05-15,cv_3,ridge_market,market,daily_range,0.2371189357778036,-0.000557678672396646,-0.00013223617330467108,0.0019168501321404085,-0.17667663787402288,9.0,,4.0
2026-05-18,cv_3,ridge_market,market,daily_range,1.740791355301224,-0.000557678672396646,-0.0009708022119439447,0.0019168501321404085,-0.19697692733204733,9.0,,4.0
2026-05-19,cv_3,ridge_market,market,daily_range,0.05451918777420759,-0.000557678672396646,-3.0404188258063542e-05,0.0019168501321404085,-0.21137522952863247,9.0,,5.0
2026-05-20,cv_3,ridge_market,market,daily_range,-0.28881769228942367,-0.000557678672396646,0.0001610674672006288,0.0019168501321404085,-0.22530116846803167,9.0,3.0,
2026-05-21,cv_3,ridge_market,market,daily_range,1.0544526882159597,-0.000557678672396646,-0.0005880457752693509,0.0019168501321404085,-0.21231665063434443,9.0,,4.0
2026-05-22,cv_3,ridge_market,market,daily_range,-0.015953135961280035,-0.000557678672396646,8.89672368344984e-06,0.0019168501321404085,-0.22715260396988193,9.0,6.0,
2026-05-26,cv_3,ridge_market,market,daily_range,-0.02168116631009543,-0.000557678672396646,1.2091124043824908e-05,0.0019168501321404085,-0.25147508802848473,9.0,6.0,
2026-05-27,cv_3,ridge_market,market,daily_range,-0.28394409812687627,-0.000557678672396646,0.00015834956767825934,0.0019168501321404085,-0.2573149241724066,9.0,6.0,
2026-05-28,cv_3,ridge_market,market,daily_range,-0.6722752211688539,-0.000557678672396646,0.000374913552826608,0.0019168501321404085,-0.2734227091768093,9.0,3.0,
2026-05-29,cv_3,ridge_market,market,daily_range,0.21120471357525256,-0.000557678672396646,-0.00011778436427056072,0.0019168501321404085,-0.26066481347074505,9.0,,4.0
2026-06-01,cv_3,ridge_market,market,daily_range,0.8845796045908981,-0.000557678672396646,-0.0004933111795174021,0.0019168501321404085,-0.29968846389274467,9.0,,7.0
2026-06-02,cv_3,ridge_market,market,daily_range,1.496880748193703,-0.000557678672396646,-0.0008347784683887625,0.0019168501321404085,-0.2923794851995642,8.0,,4.0
2026-06-03,cv_3,ridge_market,market,daily_range,0.7217534861321323,-0.000557678672396646,-0.00040250652594381856,0.0019168501321404085,-0.28900879726226364,9.0,,4.0
2026-06-04,cv_3,ridge_market,market,daily_range,1.4640470718012308,-0.000557678672396646,-0.0008164678273283075,0.0019168501321404085,-0.3205630311183766,9.0,,7.0
2026-06-05,cv_3,ridge_market,market,daily_range,1.671751409826715,-0.000557678672396646,-0.0009323001068093837,0.0019168501321404085,-0.2742993541474582,9.0,,4.0
2026-06-08,cv_3,ridge_market,market,daily_range,-0.5709054575024561,-0.000557678672396646,0.00031838179760396954,0.0019168501321404085,-0.30682573570897087,9.0,4.0,
2026-06-09,cv_3,ridge_market,market,daily_range,2.161094159430472,-0.000557678672396646,-0.001205196121755331,0.0019168501321404085,-0.30443372200205593,7.0,,4.0
2026-06-10,cv_3,ridge_market,market,daily_range,0.5516598016230145,-0.000557678672396646,-0.00030764890578371983,0.0019168501321404085,-0.2853275241377735,9.0,,4.0
2026-06-11,cv_3,ridge_market,market,daily_range,0.061376841931929965,-0.000557678672396646,-3.42285557244975e-05,0.0019168501321404085,-0.3101590024121355,9.0,,7.0
2026-06-12,cv_3,ridge_market,market,daily_range,-0.8503313795294543,-0.000557678672396646,0.0004742116748331946,0.0019168501321404085,-0.30458201805888413,6.0,3.0,
2026-05-08,cv_3,ridge_market,market,sma_5,2.63203648037382,-0.017515158367332254,-0.04610053578234325,0.0019168501321404085,-0.10741827091365927,2.0,,2.0
2026-05-11,cv_3,ridge_market,market,sma_5,3.1859042545727214,-0.017515158367332254,-0.05580161756199883,0.0019168501321404085,-0.13101732253679577,2.0,,2.0
2026-05-12,cv_3,ridge_market,market,sma_5,3.8275027552327416,-0.017515158367332254,-0.06703931690930201,0.0019168501321404085,-0.14818134078436118,2.0,,2.0
2026-05-13,cv_3,ridge_market,market,sma_5,4.303152408960398,-0.017515158367332254,-0.07537039592170866,0.0019168501321404085,-0.17195232586222,2.0,,2.0
2026-05-14,cv_3,ridge_market,market,sma_5,4.943694087803721,-0.017515158367332254,-0.08658958486752635,0.0019168501321404085,-0.20254088467484382,2.0,,2.0
2026-05-15,cv_3,ridge_market,market,sma_5,5.211115167306698,-0.017515158367332254,-0.09127350742578393,0.0019168501321404085,-0.17667663787402288,2.0,,2.0
2026-05-18,cv_3,ridge_market,market,sma_5,5.287219240931346,-0.017515158367332254,-0.09260648232771876,0.0019168501321404085,-0.19697692733204733,2.0,,2.0
2026-05-19,cv_3,ridge_market,market,sma_5,5.282727042587287,-0.017515158367332254,-0.09252780076230509,0.0019168501321404085,-0.21137522952863247,2.0,,2.0
2026-05-20,cv_3,ridge_market,market,sma_5,5.220364071858907,-0.017515158367332254,-0.09143550345374021,0.0019168501321404085,-0.22530116846803167,2.0,,2.0
2026-05-21,cv_3,ridge_market,market,sma_5,4.791486343767626,-0.017515158367332254,-0.08392364212599976,0.0019168501321404085,-0.21231665063434443,2.0,,2.0
2026-05-22,cv_3,ridge_market,market,sma_5,4.527500640792027,-0.017515158367332254,-0.07929989073167062,0.0019168501321404085,-0.22715260396988193,2.0,,2.0
2026-05-26,cv_3,ridge_market,market,sma_5,4.330370106888865,-0.017515158367332254,-0.07584711821131998,0.0019168501321404085,-0.25147508802848473,2.0,,2.0
2026-05-27,cv_3,ridge_market,market,sma_5,4.118706156136807,-0.017515158367332254,-0.07213979059324246,0.0019168501321404085,-0.2573149241724066,2.0,,2.0
2026-05-28,cv_3,ridge_market,market,sma_5,3.8750678012481483,-0.017515158367332254,-0.0678724262230113,0.0019168501321404085,-0.2734227091768093,2.0,,2.0
2026-05-29,cv_3,ridge_market,market,sma_5,3.653890841293021,-0.017515158367332254,-0.06399847674219215,0.0019168501321404085,-0.26066481347074505,2.0,,2.0
2026-06-01,cv_3,ridge_market,market,sma_5,3.892508385322667,-0.017515158367332254,-0.06817790081509527,0.0019168501321404085,-0.29968846389274467,2.0,,2.0
2026-06-02,cv_3,ridge_market,market,sma_5,4.102851409607152,-0.017515158367332254,-0.07186209219690164,0.0019168501321404085,-0.2923794851995642,2.0,,2.0
2026-06-03,cv_3,ridge_market,market,sma_5,4.159664956961562,-0.017515158367332254,-0.07285719047622406,0.0019168501321404085,-0.28900879726226364,2.0,,2.0
2026-06-04,cv_3,ridge_market,market,sma_5,4.276199218896001,-0.017515158367332254,-0.07489830652922594,0.0019168501321404085,-0.3205630311183766,2.0,,2.0
2026-06-05,cv_3,ridge_market,market,sma_5,4.116592512503425,-0.017515158367332254,-0.07210276979027168,0.0019168501321404085,-0.2742993541474582,2.0,,2.0
2026-06-08,cv_3,ridge_market,market,sma_5,3.7011917826575527,-0.017515158367332254,-0.06482696022111581,0.0019168501321404085,-0.30682573570897087,2.0,,2.0
2026-06-09,cv_3,ridge_market,market,sma_5,3.314594185071801,-0.017515158367332254,-0.058055642074971194,0.0019168501321404085,-0.30443372200205593,2.0,,2.0
2026-06-10,cv_3,ridge_market,market,sma_5,2.9359241623574728,-0.017515158367332254,-0.05142317665816843,0.0019168501321404085,-0.2853275241377735,2.0,,2.0
2026-06-11,cv_3,ridge_market,market,sma_5,2.571523451841172,-0.017515158367332254,-0.04504064050430703,0.0019168501321404085,-0.3101590024121355,3.0,,2.0
2026-06-12,cv_3,ridge_market,market,sma_5,2.5739016033386433,-0.017515158367332254,-0.04508229420440674,0.0019168501321404085,-0.30458201805888413,3.0,,2.0
2026-05-08,cv_3,ridge_market,market,sma_20,4.579739595500696,0.002264413334695268,0.010370423409483688,0.0019168501321404085,-0.10741827091365927,4.0,2.0,
2026-05-11,cv_3,ridge_market,market,sma_20,4.962790796612148,0.002264413334695268,0.011237809657151498,0.0019168501321404085,-0.13101732253679577,3.0,1.0,
2026-05-12,cv_3,ridge_market,market,sma_20,5.271342166706667,0.002264413334695268,0.011936497494032023,0.0019168501321404085,-0.14818134078436118,3.0,1.0,
2026-05-13,cv_3,ridge_market,market,sma_20,5.614092292167514,0.002264413334695268,0.01271262544859404,0.0019168501321404085,-0.17195232586222,3.0,1.0,
2026-05-14,cv_3,ridge_market,market,sma_20,6.089441839287292,0.002264413334695268,0.013789013301733422,0.0019168501321404085,-0.20254088467484382,4.0,2.0,
2026-05-15,cv_3,ridge_market,market,sma_20,6.389983974630324,0.002264413334695268,0.014469564920641973,0.0019168501321404085,-0.17667663787402288,4.0,2.0,
2026-05-18,cv_3,ridge_market,market,sma_20,6.647555160079403,0.002264413334695268,0.015052812547606136,0.0019168501321404085,-0.19697692733204733,4.0,2.0,
2026-05-19,cv_3,ridge_market,market,sma_20,6.911101408855447,0.002264413334695268,0.015649590187643527,0.0019168501321404085,-0.21137522952863247,4.0,2.0,
2026-05-20,cv_3,ridge_market,market,sma_20,7.177698914768273,0.002264413334695268,0.01625327713502903,0.0019168501321404085,-0.22530116846803167,4.0,2.0,
2026-05-21,cv_3,ridge_market,market,sma_20,7.430311734624106,0.002264413334695268,0.016825296972825553,0.0019168501321404085,-0.21231665063434443,4.0,2.0,
2026-05-22,cv_3,ridge_market,market,sma_20,7.520067463346418,0.002264413334695268,0.017028541041809647,0.0019168501321404085,-0.22715260396988193,4.0,2.0,
2026-05-26,cv_3,ridge_market,market,sma_20,7.497819222612554,0.002264413334695268,0.016978161828818374,0.0019168501321404085,-0.25147508802848473,3.0,1.0,
2026-05-27,cv_3,ridge_market,market,sma_20,7.490572753647951,0.002264413334695268,0.016961752827865474,0.0019168501321404085,-0.2573149241724066,3.0,1.0,
2026-05-28,cv_3,ridge_market,market,sma_20,7.554139155744681,0.002264413334695268,0.01710569343641191,0.0019168501321404085,-0.2734227091768093,3.0,1.0,
2026-05-29,cv_3,ridge_market,market,sma_20,7.7012317093221,0.002264413334695268,0.017438771776166994,0.0019168501321404085,-0.26066481347074505,3.0,1.0,
2026-06-01,cv_3,ridge_market,market,sma_20,8.030632851544778,0.002264413334695268,0.01818467211507988,0.0019168501321404085,-0.29968846389274467,4.0,2.0,
2026-06-02,cv_3,ridge_market,market,sma_20,8.3400742443835,0.002264413334695268,0.018885375331330556,0.0019168501321404085,-0.2923794851995642,3.0,1.0,
2026-06-03,cv_3,ridge_market,market,sma_20,8.57209161203657,0.002264413334695268,0.019410758552525064,0.0019168501321404085,-0.28900879726226364,4.0,2.0,
2026-06-04,cv_3,ridge_market,market,sma_20,8.70977646225679,0.002264413334695268,0.01972253396334925,0.0019168501321404085,-0.3205630311183766,4.0,2.0,
2026-06-05,cv_3,ridge_market,market,sma_20,8.628411545168683,0.002264413334695268,0.019538290160118568,0.0019168501321404085,-0.2742993541474582,4.0,2.0,
2026-06-08,cv_3,ridge_market,market,sma_20,8.545012456656053,0.002264413334695268,0.019349440151989136,0.0019168501321404085,-0.30682573570897087,4.0,2.0,
2026-06-09,cv_3,ridge_market,market,sma_20,8.40198805193841,0.002264413334695268,0.019025573782759653,0.0019168501321404085,-0.30443372200205593,4.0,2.0,
2026-06-10,cv_3,ridge_market,market,sma_20,8.143145654840954,0.002264413334695268,0.018439447607187683,0.0019168501321404085,-0.2853275241377735,4.0,2.0,
2026-06-11,cv_3,ridge_market,market,sma_20,7.8766752118961785,0.002264413334695268,0.01783604838288138,0.0019168501321404085,-0.3101590024121355,4.0,2.0,
2026-06-12,cv_3,ridge_market,market,sma_20,7.48828445628732,0.002264413334695268,0.01695657117680831,0.0019168501321404085,-0.30458201805888413,4.0,2.0,
2026-05-08,cv_3,ridge_market,market,sma_60,4.3927729877878265,-0.01653511085219048,-0.07263498830157969,0.0019168501321404085,-0.10741827091365927,1.0,,1.0
2026-05-11,cv_3,ridge_market,market,sma_60,5.025938078281403,-0.01653511085219048,-0.08310444326062819,0.0019168501321404085,-0.13101732253679577,1.0,,1.0
2026-05-12,cv_3,ridge_market,market,sma_60,5.765669747787431,-0.01653511085219048,-0.0953359884167863,0.0019168501321404085,-0.14818134078436118,1.0,,1.0
2026-05-13,cv_3,ridge_market,market,sma_60,6.561704393449556,-0.01653511085219048,-0.10849850952499371,0.0019168501321404085,-0.17195232586222,1.0,,1.0
2026-05-14,cv_3,ridge_market,market,sma_60,7.4921650366871555,-0.01653511085219048,-0.12388377940452787,0.0019168501321404085,-0.20254088467484382,1.0,,1.0
2026-05-15,cv_3,ridge_market,market,sma_60,8.22118184247922,-0.01653511085219048,-0.13593815310140947,0.0019168501321404085,-0.17667663787402288,1.0,,1.0
2026-05-18,cv_3,ridge_market,market,sma_60,8.854346932972698,-0.01653511085219048,-0.14640760806045636,0.0019168501321404085,-0.19697692733204733,1.0,,1.0
2026-05-19,cv_3,ridge_market,market,sma_60,9.42049388632436,-0.01653511085219048,-0.155768910692756,0.0019168501321404085,-0.21137522952863247,1.0,,1.0
2026-05-20,cv_3,ridge_market,market,sma_60,10.017032716456166,-0.01653511085219048,-0.16563274637662143,0.0019168501321404085,-0.22530116846803167,1.0,,1.0
2026-05-21,cv_3,ridge_market,market,sma_60,10.48362662368864,-0.01653511085219048,-0.17334792835566706,0.0019168501321404085,-0.21231665063434443,1.0,,1.0
2026-05-22,cv_3,ridge_market,market,sma_60,11.076658836009742,-0.01653511085219048,-0.18315378172531624,0.0019168501321404085,-0.22715260396988193,1.0,,1.0
2026-05-26,cv_3,ridge_market,market,sma_60,11.810545845226086,-0.01653511085219048,-0.19528868477569103,0.0019168501321404085,-0.25147508802848473,1.0,,1.0
2026-05-27,cv_3,ridge_market,market,sma_60,12.397343971237511,-0.01653511085219048,-0.2049914568371476,0.0019168501321404085,-0.2573149241724066,1.0,,1.0
2026-05-28,cv_3,ridge_market,market,sma_60,13.063628407010102,-0.01653511085219048,-0.21600854384173657,0.0019168501321404085,-0.2734227091768093,1.0,,1.0
2026-05-29,cv_3,ridge_market,market,sma_60,13.611072804161054,-0.01653511085219048,-0.22506059763403816,0.0019168501321404085,-0.26066481347074505,1.0,,1.0
2026-06-01,cv_3,ridge_market,market,sma_60,14.410224641613794,-0.01653511085219048,-0.2382746618540509,0.0019168501321404085,-0.29968846389274467,1.0,,1.0
2026-06-02,cv_3,ridge_market,market,sma_60,15.286914766912515,-0.01653511085219048,-0.252770830258886,0.0019168501321404085,-0.2923794851995642,1.0,,1.0
2026-06-03,cv_3,ridge_market,market,sma_60,15.912287175200994,-0.01653511085219048,-0.2631114323538374,0.0019168501321404085,-0.28900879726226364,1.0,,1.0
2026-06-04,cv_3,ridge_market,market,sma_60,16.572532237673972,-0.01653511085219048,-0.27402865765143947,0.0019168501321404085,-0.3205630311183766,1.0,,1.0
2026-06-05,cv_3,ridge_market,market,sma_60,16.944054173463233,-0.01653511085219048,-0.2801718140437353,0.0019168501321404085,-0.2742993541474582,1.0,,1.0
2026-06-08,cv_3,ridge_market,market,sma_60,17.440845244465855,-0.01653511085219048,-0.2883863094731421,0.0019168501321404085,-0.30682573570897087,1.0,,1.0
2026-06-09,cv_3,ridge_market,market,sma_60,17.985172449825964,-0.01653511085219048,-0.29738682015363455,0.0019168501321404085,-0.30443372200205593,1.0,,1.0
2026-06-10,cv_3,ridge_market,market,sma_60,18.320262838263513,-0.01653511085219048,-0.302927576871953,0.0019168501321404085,-0.2853275241377735,1.0,,1.0
2026-06-11,cv_3,ridge_market,market,sma_60,18.767180029701496,-0.01653511085219048,-0.3103174021741297,0.0019168501321404085,-0.3101590024121355,1.0,,1.0
2026-06-12,cv_3,ridge_market,market,sma_60,19.250139045199376,-0.01653511085219048,-0.31830318303245186,0.0019168501321404085,-0.30458201805888413,1.0,,1.0
2026-05-08,cv_3,ridge_market,market,rolling_volatility_20,0.6058319066347417,-0.008968925359856824,-0.005433661151226747,0.0019168501321404085,-0.10741827091365927,5.0,,3.0
2026-05-11,cv_3,ridge_market,market,rolling_volatility_20,0.6473622099139899,-0.008968925359856824,-0.00580614334151054,0.0019168501321404085,-0.13101732253679577,5.0,,3.0
2026-05-12,cv_3,ridge_market,market,rolling_volatility_20,0.35505384400959866,-0.008968925359856824,-0.0031844514256523385,0.0019168501321404085,-0.14818134078436118,5.0,,3.0
2026-05-13,cv_3,ridge_market,market,rolling_volatility_20,0.4287880561781708,-0.008968925359856824,-0.0038457680710601086,0.0019168501321404085,-0.17195232586222,6.0,,4.0
2026-05-14,cv_3,ridge_market,market,rolling_volatility_20,0.7832937066112703,-0.008968925359856824,-0.007025302789442073,0.0019168501321404085,-0.20254088467484382,6.0,,4.0
2026-05-15,cv_3,ridge_market,market,rolling_volatility_20,1.4961926251075426,-0.008968925359856824,-0.013419239978557793,0.0019168501321404085,-0.17667663787402288,5.0,,3.0
2026-05-18,cv_3,ridge_market,market,rolling_volatility_20,1.5859539491582648,-0.008968925359856824,-0.014224302594170641,0.0019168501321404085,-0.19697692733204733,5.0,,3.0
2026-05-19,cv_3,ridge_market,market,rolling_volatility_20,1.562527003943085,-0.008968925359856824,-0.014014188071126239,0.0019168501321404085,-0.21137522952863247,5.0,,3.0
2026-05-20,cv_3,ridge_market,market,rolling_volatility_20,1.5619467761639956,-0.008968925359856824,-0.01400898405148387,0.0019168501321404085,-0.22530116846803167,5.0,,3.0
2026-05-21,cv_3,ridge_market,market,rolling_volatility_20,1.6016300740141969,-0.008968925359856824,-0.014364900587935292,0.0019168501321404085,-0.21231665063434443,5.0,,3.0
2026-05-22,cv_3,ridge_market,market,rolling_volatility_20,1.320807008653336,-0.008968925359856824,-0.011846219475387536,0.0019168501321404085,-0.22715260396988193,5.0,,3.0
2026-05-26,cv_3,ridge_market,market,rolling_volatility_20,0.9001137793420314,-0.008968925359856824,-0.008073053302297314,0.0019168501321404085,-0.25147508802848473,4.0,,3.0
2026-05-27,cv_3,ridge_market,market,rolling_volatility_20,0.859467060670197,-0.008968925359856824,-0.007708495916406533,0.0019168501321404085,-0.2573149241724066,4.0,,3.0
2026-05-28,cv_3,ridge_market,market,rolling_volatility_20,0.766622648255082,-0.008968925359856824,-0.0068757813113756025,0.0019168501321404085,-0.2734227091768093,4.0,,3.0
2026-05-29,cv_3,ridge_market,market,rolling_volatility_20,0.13579742673914785,-0.008968925359856824,-0.0012179569844840423,0.0019168501321404085,-0.26066481347074505,7.0,,3.0
2026-06-01,cv_3,ridge_market,market,rolling_volatility_20,1.0969024075542773,-0.008968925359856824,-0.009838035820401563,0.0019168501321404085,-0.29968846389274467,6.0,,4.0
2026-06-02,cv_3,ridge_market,market,rolling_volatility_20,1.1344823894844196,-0.008968925359856824,-0.010175087873357778,0.0019168501321404085,-0.2923794851995642,5.0,,3.0
2026-06-03,cv_3,ridge_market,market,rolling_volatility_20,1.5381410114644847,-0.008968925359856824,-0.013795471924759642,0.0019168501321404085,-0.28900879726226364,5.0,,3.0
2026-06-04,cv_3,ridge_market,market,rolling_volatility_20,0.7978095388770754,-0.008968925359856824,-0.0071554942055702805,0.0019168501321404085,-0.3205630311183766,5.0,,3.0
2026-06-05,cv_3,ridge_market,market,rolling_volatility_20,1.791176459145128,-0.008968925359856824,-0.01606492796840529,0.0019168501321404085,-0.2742993541474582,6.0,,3.0
2026-06-08,cv_3,ridge_market,market,rolling_volatility_20,1.7889716855667028,-0.008968925359856824,-0.016045153518745008,0.0019168501321404085,-0.30682573570897087,5.0,,3.0
2026-06-09,cv_3,ridge_market,market,rolling_volatility_20,1.671827901570581,-0.008968925359856824,-0.014994499663712602,0.0019168501321404085,-0.30443372200205593,5.0,,3.0
2026-06-10,cv_3,ridge_market,market,rolling_volatility_20,1.9424262432653236,-0.008968925359856824,-0.017421475992873782,0.0019168501321404085,-0.2853275241377735,5.0,,3.0
2026-06-11,cv_3,ridge_market,market,rolling_volatility_20,1.9334046559630926,-0.008968925359856824,-0.01734056204973264,0.0019168501321404085,-0.3101590024121355,5.0,,3.0
2026-06-12,cv_3,ridge_market,market,rolling_volatility_20,1.3135547488179482,-0.008968925359856824,-0.011781174498233656,0.0019168501321404085,-0.30458201805888413,5.0,,3.0
2026-05-08,cv_3,ridge_market,market,rolling_volatility_60,0.90612518264119,0.012650039741060553,0.011462519570786806,0.0019168501321404085,-0.10741827091365927,3.0,1.0,
2026-05-11,cv_3,ridge_market,market,rolling_volatility_60,0.8748146787334296,0.012650039741060553,0.011066440452041004,0.0019168501321404085,-0.13101732253679577,4.0,2.0,
2026-05-12,cv_3,ridge_market,market,rolling_volatility_60,0.5906177285046108,0.012650039741060553,0.007471337737358239,0.0019168501321404085,-0.14818134078436118,4.0,2.0,
2026-05-13,cv_3,ridge_market,market,rolling_volatility_60,0.7291747486319619,0.012650039741060553,0.009224089548372156,0.0019168501321404085,-0.17195232586222,4.0,2.0,
2026-05-14,cv_3,ridge_market,market,rolling_volatility_60,1.3761686388358514,0.012650039741060553,0.017408587971674726,0.0019168501321404085,-0.20254088467484382,3.0,1.0,
2026-05-15,cv_3,ridge_market,market,rolling_volatility_60,2.3635665130447765,0.012650039741060553,0.02989921032065634,0.0019168501321404085,-0.17667663787402288,3.0,1.0,
2026-05-18,cv_3,ridge_market,market,rolling_volatility_60,2.4572503977836853,0.012650039741060553,0.03108431518570047,0.0019168501321404085,-0.19697692733204733,3.0,1.0,
2026-05-19,cv_3,ridge_market,market,rolling_volatility_60,2.486940847002382,0.012650039741060553,0.031459900548246926,0.0019168501321404085,-0.21137522952863247,3.0,1.0,
2026-05-20,cv_3,ridge_market,market,rolling_volatility_60,2.5245699008468105,0.012650039741060553,0.03193590957479745,0.0019168501321404085,-0.22530116846803167,3.0,1.0,
2026-05-21,cv_3,ridge_market,market,rolling_volatility_60,2.6408591806066704,0.012650039741060553,0.03340697358521899,0.0019168501321404085,-0.21231665063434443,3.0,1.0,
2026-05-22,cv_3,ridge_market,market,rolling_volatility_60,1.436190806248596,0.012650039741060553,0.018167870774790536,0.0019168501321404085,-0.22715260396988193,3.0,1.0,
2026-05-26,cv_3,ridge_market,market,rolling_volatility_60,0.5517878781205674,0.012650039741060553,0.006980138586860654,0.0019168501321404085,-0.25147508802848473,5.0,2.0,
2026-05-27,cv_3,ridge_market,market,rolling_volatility_60,0.311157548457993,0.012650039741060553,0.003936155353724586,0.0019168501321404085,-0.2573149241724066,5.0,2.0,
2026-05-28,cv_3,ridge_market,market,rolling_volatility_60,0.19980832422100417,0.012650039741060553,0.0025275832419904146,0.0019168501321404085,-0.2734227091768093,5.0,2.0,
2026-05-29,cv_3,ridge_market,market,rolling_volatility_60,0.25262916505479666,0.012650039741060553,0.0031957689776941234,0.0019168501321404085,-0.26066481347074505,5.0,3.0,
2026-06-01,cv_3,ridge_market,market,rolling_volatility_60,1.830572638388368,0.012650039741060553,0.023156816624510926,0.0019168501321404085,-0.29968846389274467,3.0,1.0,
2026-06-02,cv_3,ridge_market,market,rolling_volatility_60,1.376182718917701,0.012650039741060553,0.017408766085269683,0.0019168501321404085,-0.2923794851995642,4.0,2.0,
2026-06-03,cv_3,ridge_market,market,rolling_volatility_60,1.822136943306984,0.012650039741060553,0.02305010474648795,0.0019168501321404085,-0.28900879726226364,3.0,1.0,
2026-06-04,cv_3,ridge_market,market,rolling_volatility_60,1.890150206853517,0.012650039741060553,0.023910475233270816,0.0019168501321404085,-0.3205630311183766,3.0,1.0,
2026-06-05,cv_3,ridge_market,market,rolling_volatility_60,3.6350748958044097,0.012650039741060553,0.04598384189365733,0.0019168501321404085,-0.2742993541474582,3.0,1.0,
2026-06-08,cv_3,ridge_market,market,rolling_volatility_60,3.5987434755576233,0.012650039741060553,0.04552424798368631,0.0019168501321404085,-0.30682573570897087,3.0,1.0,
2026-06-09,cv_3,ridge_market,market,rolling_volatility_60,3.4693554435114904,0.012650039741060553,0.043887484236285114,0.0019168501321404085,-0.30443372200205593,3.0,1.0,
2026-06-10,cv_3,ridge_market,market,rolling_volatility_60,4.025869086807327,0.012650039741060553,0.05092740394041984,0.0019168501321404085,-0.2853275241377735,3.0,1.0,
2026-06-11,cv_3,ridge_market,market,rolling_volatility_60,4.155978880827356,0.012650039741060553,0.05257329800547442,0.0019168501321404085,-0.3101590024121355,2.0,1.0,
2026-06-12,cv_3,ridge_market,market,rolling_volatility_60,4.1092986570491705,0.012650039741060553,0.05198279131955877,0.0019168501321404085,-0.30458201805888413,2.0,1.0,
2026-05-08,cv_3,ols_all,all,simple_return,0.7359866874233241,0.1448172368648683,0.10658355844197331,0.0019168501321404129,-0.11612523362951441,2.0,1.0,
2026-05-11,cv_3,ols_all,all,simple_return,0.8328109855998602,0.1448172368648683,0.12060538576527938,0.0019168501321404129,-0.14198846944273966,2.0,1.0,
2026-05-12,cv_3,ols_all,all,simple_return,0.2367456120619766,0.1448172368648683,0.03428484537869749,0.0019168501321404129,-0.16147432819487798,4.0,1.0,
2026-05-13,cv_3,ols_all,all,simple_return,0.9718223137000341,0.1448172368648683,0.1407366221936622,0.0019168501321404129,-0.18413222394657808,2.0,1.0,
2026-05-14,cv_3,ols_all,all,simple_return,1.8928749742932773,0.1448172368648683,0.27412092350781103,0.0019168501321404129,-0.21180519548452587,2.0,1.0,
2026-05-15,cv_3,ols_all,all,simple_return,-1.9687732311808022,0.1448172368648683,-0.2851122993531224,0.0019168501321404129,-0.18255189412954054,2.0,,1.0
2026-05-18,cv_3,ols_all,all,simple_return,-0.6146755810964442,0.1448172368648683,-0.08901561922269433,0.0019168501321404129,-0.2137534070340777,4.0,,3.0
2026-05-19,cv_3,ols_all,all,simple_return,-0.36817072783894506,0.1448172368648683,-0.05331746750016347,0.0019168501321404129,-0.22588183234075296,4.0,,3.0
2026-05-20,cv_3,ols_all,all,simple_return,0.5373879072919826,0.1448172368648683,0.07782303185861893,0.0019168501321404129,-0.2406702029902289,4.0,1.0,
2026-05-21,cv_3,ols_all,all,simple_return,-0.8078431237689724,0.1448172368648683,-0.11698960900450639,0.0019168501321404129,-0.26356398594194974,3.0,,2.0
2026-05-22,cv_3,ols_all,all,simple_return,-0.865793854423008,0.1448172368648683,-0.12538187369212406,0.0019168501321404129,-0.27885415170779826,3.0,,2.0
2026-05-26,cv_3,ols_all,all,simple_return,-0.12665526833195112,0.1448172368648683,-0.018341865994211618,0.0019168501321404129,-0.3066876835260518,5.0,,4.0
2026-05-27,cv_3,ols_all,all,simple_return,-0.49209962825615056,0.1448172368648683,-0.0712645084262846,0.0019168501321404129,-0.31243786486749925,4.0,,3.0
2026-05-28,cv_3,ols_all,all,simple_return,0.3092837908389748,0.1448172368648683,0.0447896239963922,0.0019168501321404129,-0.3294682911459008,4.0,1.0,
2026-05-29,cv_3,ols_all,all,simple_return,-0.667343877168791,0.1448172368648683,-0.09664289633027238,0.0019168501321404129,-0.31770161017869003,3.0,,2.0
2026-06-01,cv_3,ols_all,all,simple_return,2.714005604934843,0.1448172368648683,0.39303479254242935,0.0019168501321404129,-0.34821628349468237,2.0,1.0,
2026-06-02,cv_3,ols_all,all,simple_return,-0.3318835486136222,0.1448172368648683,-0.048062458471131955,0.0019168501321404129,-0.35371639582117953,4.0,,3.0
2026-06-03,cv_3,ols_all,all,simple_return,-1.6187662958813966,0.1448172368648683,-0.23442526209952172,0.0019168501321404129,-0.34420945313243134,3.0,,2.0
2026-06-04,cv_3,ols_all,all,simple_return,0.7672520292023394,0.1448172368648683,0.11111131884804604,0.0019168501321404129,-0.38220014358746435,3.0,1.0,
2026-06-05,cv_3,ols_all,all,simple_return,-2.749699195795945,0.1448172368648683,-0.39820383974471923,0.0019168501321404129,-0.320878057654449,2.0,,1.0
2026-06-08,cv_3,ols_all,all,simple_return,0.7257176632936052,0.1448172368648683,0.10509642674220877,0.0019168501321404129,-0.3655033545137669,3.0,1.0,
2026-06-09,cv_3,ols_all,all,simple_return,-0.12552017158089684,0.1448172368648683,-0.01817748441914965,0.0019168501321404129,-0.3685187486939041,6.0,,4.0
2026-06-10,cv_3,ols_all,all,simple_return,-1.667170320384815,0.1448172368648683,-0.2414349991812461,0.0019168501321404129,-0.3406904386203665,3.0,,2.0
2026-06-11,cv_3,ols_all,all,simple_return,0.9424445121109708,0.1448172368648683,0.1364822101423697,0.0019168501321404129,-0.37033553062691005,3.0,1.0,
2026-06-12,cv_3,ols_all,all,simple_return,0.037514840640410704,0.1448172368648683,0.005432795562970144,0.0019168501321404129,-0.3649589593532163,8.0,3.0,
2026-05-08,cv_3,ols_all,all,log_return,0.7416150605082249,-0.15335423482963956,-0.11372981014237567,0.0019168501321404129,-0.11612523362951441,1.0,,1.0
2026-05-11,cv_3,ols_all,all,log_return,0.8367829152950287,-0.15335423482963956,-0.12832420369358422,0.0019168501321404129,-0.14198846944273966,1.0,,1.0
2026-05-12,cv_3,ols_all,all,log_return,0.24761292009518732,-0.15335423482963956,-0.037972489895130135,0.0019168501321404129,-0.16147432819487798,3.0,,3.0
2026-05-13,cv_3,ols_all,all,log_return,0.9730562909839743,-0.15335423482963956,-0.14922230295001448,0.0019168501321404129,-0.18413222394657808,1.0,,1.0
2026-05-14,cv_3,ols_all,all,log_return,1.8654344269461134,-0.15335423482963956,-0.2860722691691884,0.0019168501321404129,-0.21180519548452587,1.0,,1.0
2026-05-15,cv_3,ols_all,all,log_return,-2.003859769314417,-0.15335423482963956,0.30730038162911044,0.0019168501321404129,-0.18255189412954054,1.0,1.0,
2026-05-18,cv_3,ols_all,all,log_return,-0.607916488723729,-0.15335423482963956,0.09322656796854867,0.0019168501321404129,-0.2137534070340777,3.0,1.0,
2026-05-19,cv_3,ols_all,all,log_return,-0.35850245202029773,-0.15335423482963956,0.05497786921412233,0.0019168501321404129,-0.22588183234075296,3.0,1.0,
2026-05-20,cv_3,ols_all,all,log_return,0.5457657824471617,-0.15335423482963956,-0.08369549396338401,0.0019168501321404129,-0.2406702029902289,3.0,,3.0
2026-05-21,cv_3,ols_all,all,log_return,-0.804359048302396,-0.15335423482963956,0.12335186638071102,0.0019168501321404129,-0.26356398594194974,2.0,1.0,
2026-05-22,cv_3,ols_all,all,log_return,-0.8634641471341984,-0.15335423482963956,0.13241588358659231,0.0019168501321404129,-0.27885415170779826,2.0,1.0,
2026-05-26,cv_3,ols_all,all,log_return,-0.11550357666232132,-0.15335423482963956,0.0177129626191369,0.0019168501321404129,-0.3066876835260518,6.0,2.0,
2026-05-27,cv_3,ols_all,all,log_return,-0.4837167711283873,-0.15335423482963956,0.07418001531065771,0.0019168501321404129,-0.31243786486749925,2.0,1.0,
2026-05-28,cv_3,ols_all,all,log_return,0.31973605194826565,-0.15335423482963956,-0.04903287759397616,0.0019168501321404129,-0.3294682911459008,3.0,,3.0
2026-05-29,cv_3,ols_all,all,log_return,-0.6613906182978416,-0.15335423482963956,0.1014270521925677,0.0019168501321404129,-0.31770161017869003,2.0,1.0,
2026-06-01,cv_3,ols_all,all,log_return,2.6459866542060655,-0.15335423482963956,-0.40577325872520925,0.0019168501321404129,-0.34821628349468237,1.0,,1.0
2026-06-02,cv_3,ols_all,all,log_return,-0.3219064014962928,-0.15335423482963956,0.04936570988822672,0.0019168501321404129,-0.35371639582117953,3.0,1.0,
2026-06-03,cv_3,ols_all,all,log_return,-1.6387601408455126,-0.15335423482963956,0.25131080746867596,0.0019168501321404129,-0.34420945313243134,2.0,1.0,
2026-06-04,cv_3,ols_all,all,log_return,0.7723680867543995,-0.15335423482963956,-0.1184459169510536,0.0019168501321404129,-0.38220014358746435,2.0,,2.0
2026-06-05,cv_3,ols_all,all,log_return,-2.8295759303914774,-0.15335423482963956,0.4339274516975505,0.0019168501321404129,-0.320878057654449,1.0,1.0,
2026-06-08,cv_3,ols_all,all,log_return,0.7315096025382011,-0.15335423482963956,-0.11218009536777958,0.0019168501321404129,-0.3655033545137669,2.0,,2.0
2026-06-09,cv_3,ols_all,all,log_return,-0.11436467837823916,-0.15335423482963956,0.01753830774423269,0.0019168501321404129,-0.3685187486939041,7.0,3.0,
2026-06-10,cv_3,ols_all,all,log_return,-1.6890708088149724,-0.15335423482963956,0.2590261614589005,0.0019168501321404129,-0.3406904386203665,2.0,1.0,
2026-06-11,cv_3,ols_all,all,log_return,0.944292349319577,-0.15335423482963956,-0.14481123068538643,0.0019168501321404129,-0.37033553062691005,2.0,,2.0
2026-06-12,cv_3,ols_all,all,log_return,0.04891016749670262,-0.15335423482963956,-0.007500581311846338,0.0019168501321404129,-0.3649589593532163,7.0,,5.0
2026-05-08,cv_3,ols_all,all,intraday_return,0.5650368555813238,-0.0023969605836880177,-0.001354371071159452,0.0019168501321404129,-0.11612523362951441,8.0,,5.0
2026-05-11,cv_3,ols_all,all,intraday_return,1.3153608375320625,-0.0023969605836880177,-0.003152868080891212,0.0019168501321404129,-0.14198846944273966,8.0,,5.0
2026-05-12,cv_3,ols_all,all,intraday_return,0.5658970263699673,-0.0023969605836880177,-0.0013564328666350704,0.0019168501321404129,-0.16147432819487798,9.0,,6.0
2026-05-13,cv_3,ols_all,all,intraday_return,0.256526671891719,-0.0023969605836880177,-0.0006148843211891194,0.0019168501321404129,-0.18413222394657808,8.0,,5.0
2026-05-14,cv_3,ols_all,all,intraday_return,1.3351348022845422,-0.0023969605836880177,-0.0032002654949861422,0.0019168501321404129,-0.21180519548452587,8.0,,5.0
2026-05-15,cv_3,ols_all,all,intraday_return,-0.906958234000223,-0.0023969605836880177,0.0021739431379498284,0.0019168501321404129,-0.18255189412954054,8.0,4.0,
2026-05-18,cv_3,ols_all,all,intraday_return,-1.5813410772792693,-0.0023969605836880177,0.003790412231605156,0.0019168501321404129,-0.2137534070340777,8.0,4.0,
2026-05-19,cv_3,ols_all,all,intraday_return,0.28179210162549295,-0.0023969605836880177,-0.0006754445603909147,0.0019168501321404129,-0.22588183234075296,8.0,,5.0
2026-05-20,cv_3,ols_all,all,intraday_return,0.12175887098266625,-0.0023969605836880177,-0.00029185121445980574,0.0019168501321404129,-0.2406702029902289,22.0,,18.0
2026-05-21,cv_3,ols_all,all,intraday_return,-0.5668635120435359,-0.0023969605836880177,0.0013587494946993134,0.0019168501321404129,-0.26356398594194974,12.0,5.0,
2026-05-22,cv_3,ols_all,all,intraday_return,-1.20077742397764,-0.0023969605836880177,0.0028782161550568383,0.0019168501321404129,-0.27885415170779826,11.0,5.0,
2026-05-26,cv_3,ols_all,all,intraday_return,-0.3300422798394753,-0.0023969605836880177,0.0007910983357257528,0.0019168501321404129,-0.3066876835260518,14.0,7.0,
2026-05-27,cv_3,ols_all,all,intraday_return,-0.29714270316240343,-0.0023969605836880177,0.0007122393472107899,0.0019168501321404129,-0.31243786486749925,14.0,7.0,
2026-05-28,cv_3,ols_all,all,intraday_return,0.7581133823076223,-0.0023969605836880177,-0.0018171678953577755,0.0019168501321404129,-0.3294682911459008,11.0,,7.0
2026-05-29,cv_3,ols_all,all,intraday_return,-0.7426974050809962,-0.0023969605836880177,0.0017802164055865208,0.0019168501321404129,-0.31770161017869003,10.0,5.0,
2026-06-01,cv_3,ols_all,all,intraday_return,2.0523238234093846,-0.0023969605836880177,-0.004919339309676182,0.0019168501321404129,-0.34821628349468237,9.0,,6.0
2026-06-02,cv_3,ols_all,all,intraday_return,-0.9003396345678887,-0.0023969605836880177,0.002158078615991303,0.0019168501321404129,-0.35371639582117953,12.0,5.0,
2026-06-03,cv_3,ols_all,all,intraday_return,-1.5110828870445545,-0.0023969605836880177,0.0036220061189312903,0.0019168501321404129,-0.34420945313243134,10.0,4.0,
2026-06-04,cv_3,ols_all,all,intraday_return,1.1645554188177996,-0.0023969605836880177,-0.002791393436426557,0.0019168501321404129,-0.38220014358746435,12.0,,8.0
2026-06-05,cv_3,ols_all,all,intraday_return,-2.1356023156573682,-0.0023969605836880177,0.005118954573063567,0.0019168501321404129,-0.320878057654449,9.0,4.0,
2026-06-08,cv_3,ols_all,all,intraday_return,-0.30852775100504637,-0.0023969605836880177,0.0007395288581330073,0.0019168501321404129,-0.3655033545137669,15.0,8.0,
2026-06-09,cv_3,ols_all,all,intraday_return,-0.5185374479981657,-0.0023969605836880177,0.0012429138240177783,0.0019168501321404129,-0.3685187486939041,12.0,5.0,
2026-06-10,cv_3,ols_all,all,intraday_return,-0.9214749175074763,-0.0023969605836880177,0.0022087390561225883,0.0019168501321404129,-0.3406904386203665,11.0,5.0,
2026-06-11,cv_3,ols_all,all,intraday_return,0.8936765268336726,-0.0023969605836880177,-0.0021421074093875203,0.0019168501321404129,-0.37033553062691005,11.0,,7.0
2026-06-12,cv_3,ols_all,all,intraday_return,0.13729281818787936,-0.0023969605836880177,-0.0003290854736197922,0.0019168501321404129,-0.3649589593532163,16.0,,8.0
2026-05-08,cv_3,ols_all,all,daily_range,-0.46675977645643696,-0.0021668520546715892,0.0010113993806526822,0.0019168501321404129,-0.11612523362951441,9.0,4.0,
2026-05-11,cv_3,ols_all,all,daily_range,0.6939589004373999,-0.0021668520546715892,-0.0015037062692704168,0.0019168501321404129,-0.14198846944273966,9.0,,6.0
2026-05-12,cv_3,ols_all,all,daily_range,0.8189254928921966,-0.0021668520546715892,-0.0017744903868964002,0.0019168501321404129,-0.16147432819487798,8.0,,5.0
2026-05-13,cv_3,ols_all,all,daily_range,-0.09642496113617442,-0.0021668520546715892,0.00020893862515954768,0.0019168501321404129,-0.18413222394657808,22.0,4.0,
2026-05-14,cv_3,ols_all,all,daily_range,0.12417750179629161,-0.0021668520546715892,-0.00026907427491127946,0.0019168501321404129,-0.21180519548452587,22.0,,19.0
2026-05-15,cv_3,ols_all,all,daily_range,0.2371189357778036,-0.0021668520546715892,-0.0005138016531916744,0.0019168501321404129,-0.18255189412954054,9.0,,5.0
2026-05-18,cv_3,ols_all,all,daily_range,1.740791355301224,-0.0021668520546715892,-0.0037720373249889977,0.0019168501321404129,-0.2137534070340777,9.0,,5.0
2026-05-19,cv_3,ols_all,all,daily_range,0.05451918777420759,-0.0021668520546715892,-0.00011813501404756791,0.0019168501321404129,-0.22588183234075296,23.0,,20.0
2026-05-20,cv_3,ols_all,all,daily_range,-0.28881769228942367,-0.0021668520546715892,0.0006258252099628445,0.0019168501321404129,-0.2406702029902289,8.0,4.0,
2026-05-21,cv_3,ols_all,all,daily_range,1.0544526882159597,-0.0021668520546715892,-0.002284842974014733,0.0019168501321404129,-0.26356398594194974,11.0,,7.0
2026-05-22,cv_3,ols_all,all,daily_range,-0.015953135961280035,-0.0021668520546715892,3.456808543615486e-05,0.0019168501321404129,-0.27885415170779826,35.0,13.0,
2026-05-26,cv_3,ols_all,all,daily_range,-0.02168116631009543,-0.0021668520546715892,4.697987976670672e-05,0.0019168501321404129,-0.3066876835260518,35.0,13.0,
2026-05-27,cv_3,ols_all,all,daily_range,-0.28394409812687627,-0.0021668520546715892,0.0006152648524380932,0.0019168501321404129,-0.31243786486749925,15.0,8.0,
2026-05-28,cv_3,ols_all,all,daily_range,-0.6722752211688539,-0.0021668520546715892,0.001456720944294528,0.0019168501321404129,-0.3294682911459008,12.0,5.0,
2026-05-29,cv_3,ols_all,all,daily_range,0.21120471357525256,-0.0021668520546715892,-0.0004576493675668605,0.0019168501321404129,-0.31770161017869003,16.0,,8.0
2026-06-01,cv_3,ols_all,all,daily_range,0.8845796045908981,-0.0021668520546715892,-0.0019167531337283695,0.0019168501321404129,-0.34821628349468237,12.0,,8.0
2026-06-02,cv_3,ols_all,all,daily_range,1.496880748193703,-0.0021668520546715892,-0.003243519124821871,0.0019168501321404129,-0.35371639582117953,11.0,,7.0
2026-06-03,cv_3,ols_all,all,daily_range,0.7217534861321323,-0.0021668520546715892,-0.0015639330243917933,0.0019168501321404129,-0.34420945313243134,12.0,,7.0
2026-06-04,cv_3,ols_all,all,daily_range,1.4640470718012308,-0.0021668520546715892,-0.0031723734056684208,0.0019168501321404129,-0.38220014358746435,11.0,,7.0
2026-06-05,cv_3,ols_all,all,daily_range,1.671751409826715,-0.0021668520546715892,-0.0036224379772831434,0.0019168501321404129,-0.320878057654449,11.0,,7.0
2026-06-08,cv_3,ols_all,all,daily_range,-0.5709054575024561,-0.0021668520546715892,0.0012370676636124208,0.0019168501321404129,-0.3655033545137669,11.0,5.0,
2026-06-09,cv_3,ols_all,all,daily_range,2.161094159430472,-0.0021668520546715892,-0.004682771319700689,0.0019168501321404129,-0.3685187486939041,9.0,,6.0
2026-06-10,cv_3,ols_all,all,daily_range,0.5516598016230145,-0.0021668520546715892,-0.0011953651746265503,0.0019168501321404129,-0.3406904386203665,12.0,,7.0
2026-06-11,cv_3,ols_all,all,daily_range,0.061376841931929965,-0.0021668520546715892,-0.0001329945360494558,0.0019168501321404129,-0.37033553062691005,33.0,,23.0
2026-06-12,cv_3,ols_all,all,daily_range,-0.8503313795294543,-0.0021668520546715892,0.001842542296885125,0.0019168501321404129,-0.3649589593532163,11.0,5.0,
2026-05-08,cv_3,ols_all,all,sma_5,2.63203648037382,-0.017699198223459185,-0.04658493539751208,0.0019168501321404129,-0.11612523362951441,4.0,,3.0
2026-05-11,cv_3,ols_all,all,sma_5,3.1859042545727214,-0.017699198223459185,-0.05638795092264457,0.0019168501321404129,-0.14198846944273966,4.0,,3.0
2026-05-12,cv_3,ols_all,all,sma_5,3.8275027552327416,-0.017699198223459185,-0.06774372996570048,0.0019168501321404129,-0.16147432819487798,2.0,,2.0
2026-05-13,cv_3,ols_all,all,sma_5,4.303152408960398,-0.017699198223459185,-0.07616234747194599,0.0019168501321404129,-0.18413222394657808,4.0,,3.0
2026-05-14,cv_3,ols_all,all,sma_5,4.943694087803721,-0.017699198223459185,-0.0874994216161813,0.0019168501321404129,-0.21180519548452587,4.0,,3.0
2026-05-15,cv_3,ols_all,all,sma_5,5.211115167306698,-0.017699198223459185,-0.09223256031143591,0.0019168501321404129,-0.18255189412954054,4.0,,3.0
2026-05-18,cv_3,ols_all,all,sma_5,5.287219240931346,-0.017699198223459185,-0.0935795413961313,0.0019168501321404129,-0.2137534070340777,2.0,,2.0
2026-05-19,cv_3,ols_all,all,sma_5,5.282727042587287,-0.017699198223459185,-0.0935000330871807,0.0019168501321404129,-0.22588183234075296,2.0,,2.0
2026-05-20,cv_3,ols_all,all,sma_5,5.220364071858907,-0.017699198223459185,-0.09239625850645533,0.0019168501321404129,-0.2406702029902289,2.0,,2.0
2026-05-21,cv_3,ols_all,all,sma_5,4.791486343767626,-0.017699198223459185,-0.08480546658334091,0.0019168501321404129,-0.26356398594194974,4.0,,3.0
2026-05-22,cv_3,ols_all,all,sma_5,4.527500640792027,-0.017699198223459185,-0.08013313129821657,0.0019168501321404129,-0.27885415170779826,4.0,,3.0
2026-05-26,cv_3,ols_all,all,sma_5,4.330370106888865,-0.017699198223459185,-0.07664407890276816,0.0019168501321404129,-0.3066876835260518,2.0,,2.0
2026-05-27,cv_3,ols_all,all,sma_5,4.118706156136807,-0.017699198223459185,-0.07289779668164698,0.0019168501321404129,-0.31243786486749925,3.0,,2.0
2026-05-28,cv_3,ols_all,all,sma_5,3.8750678012481483,-0.017699198223459185,-0.06858559314363512,0.0019168501321404129,-0.3294682911459008,2.0,,2.0
2026-05-29,cv_3,ols_all,all,sma_5,3.653890841293021,-0.017699198223459185,-0.06467093828692723,0.0019168501321404129,-0.31770161017869003,4.0,,3.0
2026-06-01,cv_3,ols_all,all,sma_5,3.892508385322667,-0.017699198223459185,-0.06889427749830293,0.0019168501321404129,-0.34821628349468237,4.0,,3.0
2026-06-02,cv_3,ols_all,all,sma_5,4.102851409607152,-0.017699198223459185,-0.07261718038003591,0.0019168501321404129,-0.35371639582117953,2.0,,2.0
2026-06-03,cv_3,ols_all,all,sma_5,4.159664956961562,-0.017699198223459185,-0.0736227346164395,0.0019168501321404129,-0.34420945313243134,4.0,,3.0
2026-06-04,cv_3,ols_all,all,sma_5,4.276199218896001,-0.017699198223459185,-0.07568529761824165,0.0019168501321404129,-0.38220014358746435,4.0,,3.0
2026-06-05,cv_3,ols_all,all,sma_5,4.116592512503425,-0.017699198223459185,-0.072860386884006,0.0019168501321404129,-0.320878057654449,4.0,,3.0
2026-06-08,cv_3,ols_all,all,sma_5,3.7011917826575527,-0.017699198223459185,-0.06550812702429429,0.0019168501321404129,-0.3655033545137669,4.0,,3.0
2026-06-09,cv_3,ols_all,all,sma_5,3.314594185071801,-0.017699198223459185,-0.05866565951191097,0.0019168501321404129,-0.3685187486939041,2.0,,2.0
2026-06-10,cv_3,ols_all,all,sma_5,2.9359241623574728,-0.017699198223459185,-0.05196350371860828,0.0019168501321404129,-0.3406904386203665,5.0,,3.0
2026-06-11,cv_3,ols_all,all,sma_5,2.571523451841172,-0.017699198223459185,-0.0455139033104109,0.0019168501321404129,-0.37033553062691005,5.0,,3.0
2026-06-12,cv_3,ols_all,all,sma_5,2.5739016033386433,-0.017699198223459185,-0.04555599468517006,0.0019168501321404129,-0.3649589593532163,3.0,,2.0
2026-05-08,cv_3,ols_all,all,sma_20,4.579739595500696,0.0027187091669672665,0.012450980020610703,0.0019168501321404129,-0.11612523362951441,6.0,3.0,
2026-05-11,cv_3,ols_all,all,sma_20,4.962790796612148,0.0027187091669672665,0.01349238483249023,0.0019168501321404129,-0.14198846944273966,5.0,2.0,
2026-05-12,cv_3,ols_all,all,sma_20,5.271342166706667,0.0027187091669672665,0.014331246270846509,0.0019168501321404129,-0.16147432819487798,5.0,2.0,
2026-05-13,cv_3,ols_all,all,sma_20,5.614092292167514,0.0027187091669672665,0.015263084178916093,0.0019168501321404129,-0.18413222394657808,5.0,2.0,
2026-05-14,cv_3,ols_all,all,sma_20,6.089441839287292,0.0027187091669672665,0.016555421350184372,0.0019168501321404129,-0.21180519548452587,6.0,3.0,
2026-05-15,cv_3,ols_all,all,sma_20,6.389983974630324,0.0027187091669672665,0.017372508008601392,0.0019168501321404129,-0.18255189412954054,6.0,3.0,
2026-05-18,cv_3,ols_all,all,sma_20,6.647555160079403,0.0027187091669672665,0.018072769151628428,0.0019168501321404129,-0.2137534070340777,6.0,3.0,
2026-05-19,cv_3,ols_all,all,sma_20,6.911101408855447,0.0027187091669672665,0.018789274754095694,0.0019168501321404129,-0.22588183234075296,6.0,3.0,
2026-05-20,cv_3,ols_all,all,sma_20,7.177698914768273,0.0027187091669672665,0.019514075837311504,0.0019168501321404129,-0.2406702029902289,6.0,3.0,
2026-05-21,cv_3,ols_all,all,sma_20,7.430311734624106,0.0027187091669672665,0.02020085662634701,0.0019168501321404129,-0.26356398594194974,7.0,3.0,
2026-05-22,cv_3,ols_all,all,sma_20,7.520067463346418,0.0027187091669672665,0.020444876348812185,0.0019168501321404129,-0.27885415170779826,6.0,2.0,
2026-05-26,cv_3,ols_all,all,sma_20,7.497819222612554,0.0027187091669672665,0.020384389852780134,0.0019168501321404129,-0.3066876835260518,4.0,1.0,
2026-05-27,cv_3,ols_all,all,sma_20,7.490572753647951,0.0027187091669672665,0.020364688811177926,0.0019168501321404129,-0.31243786486749925,6.0,2.0,
2026-05-28,cv_3,ols_all,all,sma_20,7.554139155744681,0.0027187091669672665,0.020537507371269432,0.0019168501321404129,-0.3294682911459008,6.0,2.0,
2026-05-29,cv_3,ols_all,all,sma_20,7.7012317093221,0.0027187091669672665,0.020937409245072983,0.0019168501321404129,-0.31770161017869003,6.0,2.0,
2026-06-01,cv_3,ols_all,all,sma_20,8.030632851544778,0.0027187091669672665,0.02183295515004327,0.0019168501321404129,-0.34821628349468237,7.0,3.0,
2026-06-02,cv_3,ols_all,all,sma_20,8.3400742443835,0.0027187091669672665,0.02267423630139302,0.0019168501321404129,-0.35371639582117953,6.0,2.0,
2026-06-03,cv_3,ols_all,all,sma_20,8.57209161203657,0.0027187091669672665,0.023305024045727034,0.0019168501321404129,-0.34420945313243134,7.0,3.0,
2026-06-04,cv_3,ols_all,all,sma_20,8.70977646225679,0.0027187091669672665,0.023679349110173265,0.0019168501321404129,-0.38220014358746435,7.0,3.0,
2026-06-05,cv_3,ols_all,all,sma_20,8.628411545168683,0.0027187091669672665,0.023458141564216297,0.0019168501321404129,-0.320878057654449,7.0,3.0,
2026-06-08,cv_3,ols_all,all,sma_20,8.545012456656053,0.0027187091669672665,0.023231403697760295,0.0019168501321404129,-0.3655033545137669,7.0,3.0,
2026-06-09,cv_3,ols_all,all,sma_20,8.40198805193841,0.0027187091669672665,0.022842561937554403,0.0019168501321404129,-0.3685187486939041,5.0,2.0,
2026-06-10,cv_3,ols_all,all,sma_20,8.143145654840954,0.0027187091669672665,0.022138844739765764,0.0019168501321404129,-0.3406904386203665,7.0,3.0,
2026-06-11,cv_3,ols_all,all,sma_20,7.8766752118961785,0.0027187091669672665,0.021414389103805977,0.0019168501321404129,-0.37033553062691005,7.0,3.0,
2026-06-12,cv_3,ols_all,all,sma_20,7.48828445628732,0.0027187091669672665,0.02035846759616683,0.0019168501321404129,-0.3649589593532163,5.0,2.0,
2026-05-08,cv_3,ols_all,all,sma_60,4.3927729877878265,-0.01799922123450771,-0.07906649284016252,0.0019168501321404129,-0.11612523362951441,3.0,,2.0
2026-05-11,cv_3,ols_all,all,sma_60,5.025938078281403,-0.01799922123450771,-0.0904629713819235,0.0019168501321404129,-0.14198846944273966,3.0,,2.0
2026-05-12,cv_3,ols_all,all,sma_60,5.765669747787431,-0.01799922123450771,-0.10377756535553424,0.0019168501321404129,-0.16147432819487798,1.0,,1.0
2026-05-13,cv_3,ols_all,all,sma_60,6.561704393449556,-0.01799922123450771,-0.11810556905313979,0.0019168501321404129,-0.18413222394657808,3.0,,2.0
2026-05-14,cv_3,ols_all,all,sma_60,7.4921650366871555,-0.01799922123450771,-0.1348531360207757,0.0019168501321404129,-0.21180519548452587,3.0,,2.0
2026-05-15,cv_3,ols_all,all,sma_60,8.22118184247922,-0.01799922123450771,-0.14797487079190122,0.0019168501321404129,-0.18255189412954054,3.0,,2.0
2026-05-18,cv_3,ols_all,all,sma_60,8.854346932972698,-0.01799922123450771,-0.1593713493336604,0.0019168501321404129,-0.2137534070340777,1.0,,1.0
2026-05-19,cv_3,ols_all,all,sma_60,9.42049388632436,-0.01799922123450771,-0.16956155359827949,0.0019168501321404129,-0.22588183234075296,1.0,,1.0
2026-05-20,cv_3,ols_all,all,sma_60,10.017032716456166,-0.01799922123450771,-0.18029878797679627,0.0019168501321404129,-0.2406702029902289,1.0,,1.0
2026-05-21,cv_3,ols_all,all,sma_60,10.48362662368864,-0.01799922123450771,-0.18869711493974695,0.0019168501321404129,-0.26356398594194974,1.0,,1.0
2026-05-22,cv_3,ols_all,all,sma_60,11.076658836009742,-0.01799922123450771,-0.199371232928504,0.0019168501321404129,-0.27885415170779826,1.0,,1.0
2026-05-26,cv_3,ols_all,all,sma_60,11.810545845226086,-0.01799922123450771,-0.2125806275685202,0.0019168501321404129,-0.3066876835260518,1.0,,1.0
2026-05-27,cv_3,ols_all,all,sma_60,12.397343971237511,-0.01799922123450771,-0.22314253685859436,0.0019168501321404129,-0.31243786486749925,1.0,,1.0
2026-05-28,cv_3,ols_all,all,sma_60,13.063628407010102,-0.01799922123450771,-0.23513513782317436,0.0019168501321404129,-0.3294682911459008,1.0,,1.0
2026-05-29,cv_3,ols_all,all,sma_60,13.611072804161054,-0.01799922123450771,-0.24498871064108607,0.0019168501321404129,-0.31770161017869003,1.0,,1.0
2026-06-01,cv_3,ols_all,all,sma_60,14.410224641613794,-0.01799922123450771,-0.25937282136336126,0.0019168501321404129,-0.34821628349468237,3.0,,2.0
2026-06-02,cv_3,ols_all,all,sma_60,15.286914766912515,-0.01799922123450771,-0.2751525608827212,0.0019168501321404129,-0.35371639582117953,1.0,,1.0
2026-06-03,cv_3,ols_all,all,sma_60,15.912287175200994,-0.01799922123450771,-0.2864087772134625,0.0019168501321404129,-0.34420945313243134,1.0,,1.0
2026-06-04,cv_3,ols_all,all,sma_60,16.572532237673972,-0.01799922123450771,-0.29829267416190497,0.0019168501321404129,-0.38220014358746435,1.0,,1.0
2026-06-05,cv_3,ols_all,all,sma_60,16.944054173463233,-0.01799922123450771,-0.30497977967764844,0.0019168501321404129,-0.320878057654449,3.0,,2.0
2026-06-08,cv_3,ols_all,all,sma_60,17.440845244465855,-0.01799922123450771,-0.31392163207195267,0.0019168501321404129,-0.3655033545137669,1.0,,1.0
2026-06-09,cv_3,ols_all,all,sma_60,17.985172449825964,-0.01799922123450771,-0.32371909786519054,0.0019168501321404129,-0.3685187486939041,1.0,,1.0
2026-06-10,cv_3,ols_all,all,sma_60,18.320262838263513,-0.01799922123450771,-0.32975046390023516,0.0019168501321404129,-0.3406904386203665,1.0,,1.0
2026-06-11,cv_3,ols_all,all,sma_60,18.767180029701496,-0.01799922123450771,-0.3377946253024322,0.0019168501321404129,-0.37033553062691005,1.0,,1.0
2026-06-12,cv_3,ols_all,all,sma_60,19.250139045199376,-0.01799922123450771,-0.3464875114695786,0.0019168501321404129,-0.3649589593532163,1.0,,1.0
2026-05-08,cv_3,ols_all,all,rolling_volatility_20,0.6058319066347417,-0.009297425848602842,-0.005632677228654192,0.0019168501321404129,-0.11612523362951441,7.0,,4.0
2026-05-11,cv_3,ols_all,all,rolling_volatility_20,0.6473622099139899,-0.009297425848602842,-0.0060188021438629885,0.0019168501321404129,-0.14198846944273966,7.0,,4.0
2026-05-12,cv_3,ols_all,all,rolling_volatility_20,0.35505384400959866,-0.009297425848602842,-0.003301086786940644,0.0019168501321404129,-0.16147432819487798,7.0,,4.0
2026-05-13,cv_3,ols_all,all,rolling_volatility_20,0.4287880561781708,-0.009297425848602842,-0.003986625157083093,0.0019168501321404129,-0.18413222394657808,7.0,,4.0
2026-05-14,cv_3,ols_all,all,rolling_volatility_20,0.7832937066112703,-0.009297425848602842,-0.007282615154895556,0.0019168501321404129,-0.21180519548452587,7.0,,4.0
2026-05-15,cv_3,ols_all,all,rolling_volatility_20,1.4961926251075426,-0.009297425848602842,-0.013910739987163809,0.0019168501321404129,-0.18255189412954054,7.0,,4.0
2026-05-18,cv_3,ols_all,all,rolling_volatility_20,1.5859539491582648,-0.009297425848602842,-0.01474528924159781,0.0019168501321404129,-0.2137534070340777,7.0,,4.0
2026-05-19,cv_3,ols_all,all,rolling_volatility_20,1.562527003943085,-0.009297425848602842,-0.014527478955600394,0.0019168501321404129,-0.22588183234075296,7.0,,4.0
2026-05-20,cv_3,ols_all,all,rolling_volatility_20,1.5619467761639956,-0.009297425848602842,-0.01452208433084901,0.0019168501321404129,-0.2406702029902289,7.0,,4.0
2026-05-21,cv_3,ols_all,all,rolling_volatility_20,1.6016300740141969,-0.009297425848602842,-0.014891036850039278,0.0019168501321404129,-0.26356398594194974,8.0,,5.0
2026-05-22,cv_3,ols_all,all,rolling_volatility_20,1.320807008653336,-0.009297425848602842,-0.012280105223269323,0.0019168501321404129,-0.27885415170779826,8.0,,5.0
2026-05-26,cv_3,ols_all,all,rolling_volatility_20,0.9001137793420314,-0.009297425848602842,-0.008368741118738197,0.0019168501321404129,-0.3066876835260518,7.0,,5.0
2026-05-27,cv_3,ols_all,all,rolling_volatility_20,0.859467060670197,-0.009297425848602842,-0.007990831265897797,0.0019168501321404129,-0.31243786486749925,7.0,,5.0
2026-05-28,cv_3,ols_all,all,rolling_volatility_20,0.766622648255082,-0.009297425848602842,-0.007127617226011164,0.0019168501321404129,-0.3294682911459008,7.0,,5.0
2026-05-29,cv_3,ols_all,all,rolling_volatility_20,0.13579742673914785,-0.009297425848602842,-0.001262566505538304,0.0019168501321404129,-0.31770161017869003,11.0,,6.0
2026-06-01,cv_3,ols_all,all,rolling_volatility_20,1.0969024075542773,-0.009297425848602842,-0.010198368797389827,0.0019168501321404129,-0.34821628349468237,8.0,,5.0
2026-06-02,cv_3,ols_all,all,rolling_volatility_20,1.1344823894844196,-0.009297425848602842,-0.01054776589277716,0.0019168501321404129,-0.35371639582117953,8.0,,5.0
2026-06-03,cv_3,ols_all,all,rolling_volatility_20,1.5381410114644847,-0.009297425848602842,-0.014300751998786021,0.0019168501321404129,-0.34420945313243134,8.0,,5.0
2026-06-04,cv_3,ols_all,all,rolling_volatility_20,0.7978095388770754,-0.009297425848602842,-0.007417575029017635,0.0019168501321404129,-0.38220014358746435,8.0,,5.0
2026-06-05,cv_3,ols_all,all,rolling_volatility_20,1.791176459145128,-0.009297425848602842,-0.016653330310664825,0.0019168501321404129,-0.320878057654449,8.0,,5.0
2026-06-08,cv_3,ols_all,all,rolling_volatility_20,1.7889716855667028,-0.009297425848602842,-0.01663283159180646,0.0019168501321404129,-0.3655033545137669,8.0,,5.0
2026-06-09,cv_3,ols_all,all,rolling_volatility_20,1.671827901570581,-0.009297425848602842,-0.01554369594647777,0.0019168501321404129,-0.3685187486939041,8.0,,5.0
2026-06-10,cv_3,ols_all,all,rolling_volatility_20,1.9424262432653236,-0.009297425848602842,-0.018059563963139534,0.0019168501321404129,-0.3406904386203665,8.0,,5.0
2026-06-11,cv_3,ols_all,all,rolling_volatility_20,1.9334046559630926,-0.009297425848602842,-0.017975686424160343,0.0019168501321404129,-0.37033553062691005,8.0,,5.0
2026-06-12,cv_3,ols_all,all,rolling_volatility_20,1.3135547488179482,-0.009297425848602842,-0.012212677875215006,0.0019168501321404129,-0.3649589593532163,6.0,,4.0
2026-05-08,cv_3,ols_all,all,rolling_volatility_60,0.90612518264119,0.013824522170590934,0.01252674767675389,0.0019168501321404129,-0.11612523362951441,5.0,2.0,
2026-05-11,cv_3,ols_all,all,rolling_volatility_60,0.8748146787334296,0.013824522170590934,0.012093894921308683,0.0019168501321404129,-0.14198846944273966,6.0,3.0,
2026-05-12,cv_3,ols_all,all,rolling_volatility_60,0.5906177285046108,0.013824522170590934,0.00816500788205605,0.0019168501321404129,-0.16147432819487798,6.0,3.0,
2026-05-13,cv_3,ols_all,all,rolling_volatility_60,0.7291747486319619,0.013824522170590934,0.010080492478697628,0.0019168501321404129,-0.18413222394657808,6.0,3.0,
2026-05-14,cv_3,ols_all,all,rolling_volatility_60,1.3761686388358514,0.013824522170590934,0.019024873858058174,0.0019168501321404129,-0.21180519548452587,5.0,2.0,
2026-05-15,cv_3,ols_all,all,rolling_volatility_60,2.3635665130447765,0.013824522170590934,0.03267517766125382,0.0019168501321404129,-0.18255189412954054,5.0,2.0,
2026-05-18,cv_3,ols_all,all,rolling_volatility_60,2.4572503977836853,0.013824522170590934,0.03397031260285395,0.0019168501321404129,-0.2137534070340777,5.0,2.0,
2026-05-19,cv_3,ols_all,all,rolling_volatility_60,2.486940847002382,0.013824522170590934,0.03438076887633263,0.0019168501321404129,-0.22588183234075296,5.0,2.0,
2026-05-20,cv_3,ols_all,all,rolling_volatility_60,2.5245699008468105,0.013824522170590934,0.03490097256546329,0.0019168501321404129,-0.2406702029902289,5.0,2.0,
2026-05-21,cv_3,ols_all,all,rolling_volatility_60,2.6408591806066704,0.013824522170590934,0.03650861629170552,0.0019168501321404129,-0.26356398594194974,6.0,2.0,
2026-05-22,cv_3,ols_all,all,rolling_volatility_60,1.436190806248596,0.013824522170590934,0.019854651642182582,0.0019168501321404129,-0.27885415170779826,7.0,3.0,
2026-05-26,cv_3,ols_all,all,rolling_volatility_60,0.5517878781205674,0.013824522170590934,0.007628203754541112,0.0019168501321404129,-0.3066876835260518,8.0,3.0,
2026-05-27,cv_3,ols_all,all,rolling_volatility_60,0.311157548457993,0.013824522170590934,0.004301604427204247,0.0019168501321404129,-0.31243786486749925,8.0,3.0,
2026-05-28,cv_3,ols_all,all,rolling_volatility_60,0.19980832422100417,0.013824522170590934,0.002762254608061894,0.0019168501321404129,-0.3294682911459008,10.0,4.0,
2026-05-29,cv_3,ols_all,all,rolling_volatility_60,0.25262916505479666,0.013824522170590934,0.0034924774932379127,0.0019168501321404129,-0.31770161017869003,8.0,3.0,
2026-06-01,cv_3,ols_all,all,rolling_volatility_60,1.830572638388368,0.013824522170590934,0.025306792024277134,0.0019168501321404129,-0.34821628349468237,6.0,2.0,
2026-06-02,cv_3,ols_all,all,rolling_volatility_60,1.376182718917701,0.013824522170590934,0.01902506850846187,0.0019168501321404129,-0.35371639582117953,7.0,3.0,
2026-06-03,cv_3,ols_all,all,rolling_volatility_60,1.822136943306984,0.013824522170590934,0.025190172570600196,0.0019168501321404129,-0.34420945313243134,6.0,2.0,
2026-06-04,cv_3,ols_all,all,rolling_volatility_60,1.890150206853517,0.013824522170590934,0.026130423440393485,0.0019168501321404129,-0.38220014358746435,6.0,2.0,
2026-06-05,cv_3,ols_all,all,rolling_volatility_60,3.6350748958044097,0.013824522170590934,0.05025317348880659,0.0019168501321404129,-0.320878057654449,5.0,2.0,
2026-06-08,cv_3,ols_all,all,rolling_volatility_60,3.5987434755576233,0.013824522170590934,0.04975090896411584,0.0019168501321404129,-0.3655033545137669,5.0,2.0,
2026-06-09,cv_3,ols_all,all,rolling_volatility_60,3.4693554435114904,0.013824522170590934,0.04796218124648494,0.0019168501321404129,-0.3685187486939041,3.0,1.0,
2026-06-10,cv_3,ols_all,all,rolling_volatility_60,4.025869086807327,0.013824522170590934,0.05565571644646457,0.0019168501321404129,-0.3406904386203665,4.0,2.0,
2026-06-11,cv_3,ols_all,all,rolling_volatility_60,4.155978880827356,0.013824522170590934,0.057454422178505486,0.0019168501321404129,-0.37033553062691005,4.0,2.0,
2026-06-12,cv_3,ols_all,all,rolling_volatility_60,4.1092986570491705,0.013824522170590934,0.05680909038995581,0.0019168501321404129,-0.3649589593532163,2.0,1.0,
2026-05-08,cv_3,ols_all,all,q_gross_margin,0.57207755354737,6.203021823598165e-05,3.5486095494449844e-05,0.0019168501321404129,-0.11612523362951441,27.0,6.0,
2026-05-11,cv_3,ols_all,all,q_gross_margin,0.57207755354737,6.203021823598165e-05,3.5486095494449844e-05,0.0019168501321404129,-0.14198846944273966,27.0,5.0,
2026-05-12,cv_3,ols_all,all,q_gross_margin,0.57207755354737,6.203021823598165e-05,3.5486095494449844e-05,0.0019168501321404129,-0.16147432819487798,27.0,5.0,
2026-05-13,cv_3,ols_all,all,q_gross_margin,0.57207755354737,6.203021823598165e-05,3.5486095494449844e-05,0.0019168501321404129,-0.18413222394657808,27.0,6.0,
2026-05-14,cv_3,ols_all,all,q_gross_margin,0.57207755354737,6.203021823598165e-05,3.5486095494449844e-05,0.0019168501321404129,-0.21180519548452587,27.0,5.0,
2026-05-15,cv_3,ols_all,all,q_gross_margin,0.57207755354737,6.203021823598165e-05,3.5486095494449844e-05,0.0019168501321404129,-0.18255189412954054,27.0,6.0,
2026-05-18,cv_3,ols_all,all,q_gross_margin,0.57207755354737,6.203021823598165e-05,3.5486095494449844e-05,0.0019168501321404129,-0.2137534070340777,27.0,6.0,
2026-05-19,cv_3,ols_all,all,q_gross_margin,0.57207755354737,6.203021823598165e-05,3.5486095494449844e-05,0.0019168501321404129,-0.22588183234075296,27.0,5.0,
2026-05-20,cv_3,ols_all,all,q_gross_margin,0.57207755354737,6.203021823598165e-05,3.5486095494449844e-05,0.0019168501321404129,-0.2406702029902289,27.0,6.0,
2026-05-21,cv_3,ols_all,all,q_gross_margin,4.146439432184016,6.203021823598165e-05,0.00025720454288065436,0.0019168501321404129,-0.26356398594194974,29.0,9.0,
2026-05-22,cv_3,ols_all,all,q_gross_margin,4.146439432184016,6.203021823598165e-05,0.00025720454288065436,0.0019168501321404129,-0.27885415170779826,28.0,9.0,
2026-05-26,cv_3,ols_all,all,q_gross_margin,4.146439432184016,6.203021823598165e-05,0.00025720454288065436,0.0019168501321404129,-0.3066876835260518,28.0,9.0,
2026-05-27,cv_3,ols_all,all,q_gross_margin,4.146439432184016,6.203021823598165e-05,0.00025720454288065436,0.0019168501321404129,-0.31243786486749925,29.0,10.0,
2026-05-28,cv_3,ols_all,all,q_gross_margin,4.146439432184016,6.203021823598165e-05,0.00025720454288065436,0.0019168501321404129,-0.3294682911459008,29.0,9.0,
2026-05-29,cv_3,ols_all,all,q_gross_margin,4.146439432184016,6.203021823598165e-05,0.00025720454288065436,0.0019168501321404129,-0.31770161017869003,29.0,9.0,
2026-06-01,cv_3,ols_all,all,q_gross_margin,4.146439432184016,6.203021823598165e-05,0.00025720454288065436,0.0019168501321404129,-0.34821628349468237,29.0,8.0,
2026-06-02,cv_3,ols_all,all,q_gross_margin,4.146439432184016,6.203021823598165e-05,0.00025720454288065436,0.0019168501321404129,-0.35371639582117953,29.0,9.0,
2026-06-03,cv_3,ols_all,all,q_gross_margin,4.146439432184016,6.203021823598165e-05,0.00025720454288065436,0.0019168501321404129,-0.34420945313243134,29.0,9.0,
2026-06-04,cv_3,ols_all,all,q_gross_margin,4.146439432184016,6.203021823598165e-05,0.00025720454288065436,0.0019168501321404129,-0.38220014358746435,29.0,8.0,
2026-06-05,cv_3,ols_all,all,q_gross_margin,4.146439432184016,6.203021823598165e-05,0.00025720454288065436,0.0019168501321404129,-0.320878057654449,29.0,9.0,
2026-06-08,cv_3,ols_all,all,q_gross_margin,4.146439432184016,6.203021823598165e-05,0.00025720454288065436,0.0019168501321404129,-0.3655033545137669,29.0,10.0,
2026-06-09,cv_3,ols_all,all,q_gross_margin,4.146439432184016,6.203021823598165e-05,0.00025720454288065436,0.0019168501321404129,-0.3685187486939041,29.0,9.0,
2026-06-10,cv_3,ols_all,all,q_gross_margin,4.146439432184016,6.203021823598165e-05,0.00025720454288065436,0.0019168501321404129,-0.3406904386203665,29.0,9.0,
2026-06-11,cv_3,ols_all,all,q_gross_margin,4.146439432184016,6.203021823598165e-05,0.00025720454288065436,0.0019168501321404129,-0.37033553062691005,28.0,8.0,
2026-06-12,cv_3,ols_all,all,q_gross_margin,4.146439432184016,6.203021823598165e-05,0.00025720454288065436,0.0019168501321404129,-0.3649589593532163,29.0,9.0,
2026-05-08,cv_3,ols_all,all,q_operating_margin,0.572077553547364,6.203021823465057e-05,3.548609549368798e-05,0.0019168501321404129,-0.11612523362951441,35.0,14.0,
2026-05-11,cv_3,ols_all,all,q_operating_margin,0.572077553547364,6.203021823465057e-05,3.548609549368798e-05,0.0019168501321404129,-0.14198846944273966,35.0,13.0,
2026-05-12,cv_3,ols_all,all,q_operating_margin,0.572077553547364,6.203021823465057e-05,3.548609549368798e-05,0.0019168501321404129,-0.16147432819487798,35.0,13.0,
2026-05-13,cv_3,ols_all,all,q_operating_margin,0.572077553547364,6.203021823465057e-05,3.548609549368798e-05,0.0019168501321404129,-0.18413222394657808,35.0,14.0,
2026-05-14,cv_3,ols_all,all,q_operating_margin,0.572077553547364,6.203021823465057e-05,3.548609549368798e-05,0.0019168501321404129,-0.21180519548452587,35.0,13.0,
2026-05-15,cv_3,ols_all,all,q_operating_margin,0.572077553547364,6.203021823465057e-05,3.548609549368798e-05,0.0019168501321404129,-0.18255189412954054,35.0,14.0,
2026-05-18,cv_3,ols_all,all,q_operating_margin,0.572077553547364,6.203021823465057e-05,3.548609549368798e-05,0.0019168501321404129,-0.2137534070340777,35.0,14.0,
2026-05-19,cv_3,ols_all,all,q_operating_margin,0.572077553547364,6.203021823465057e-05,3.548609549368798e-05,0.0019168501321404129,-0.22588183234075296,35.0,13.0,
2026-05-20,cv_3,ols_all,all,q_operating_margin,0.572077553547364,6.203021823465057e-05,3.548609549368798e-05,0.0019168501321404129,-0.2406702029902289,35.0,14.0,
2026-05-21,cv_3,ols_all,all,q_operating_margin,2.993477134983316,6.203021823465057e-05,0.0001856860399634516,0.0019168501321404129,-0.26356398594194974,31.0,10.0,
2026-05-22,cv_3,ols_all,all,q_operating_margin,2.993477134983316,6.203021823465057e-05,0.0001856860399634516,0.0019168501321404129,-0.27885415170779826,30.0,10.0,
2026-05-26,cv_3,ols_all,all,q_operating_margin,2.993477134983316,6.203021823465057e-05,0.0001856860399634516,0.0019168501321404129,-0.3066876835260518,30.0,10.0,
2026-05-27,cv_3,ols_all,all,q_operating_margin,2.993477134983316,6.203021823465057e-05,0.0001856860399634516,0.0019168501321404129,-0.31243786486749925,31.0,11.0,
2026-05-28,cv_3,ols_all,all,q_operating_margin,2.993477134983316,6.203021823465057e-05,0.0001856860399634516,0.0019168501321404129,-0.3294682911459008,31.0,10.0,
2026-05-29,cv_3,ols_all,all,q_operating_margin,2.993477134983316,6.203021823465057e-05,0.0001856860399634516,0.0019168501321404129,-0.31770161017869003,31.0,10.0,
2026-06-01,cv_3,ols_all,all,q_operating_margin,2.993477134983316,6.203021823465057e-05,0.0001856860399634516,0.0019168501321404129,-0.34821628349468237,31.0,9.0,
2026-06-02,cv_3,ols_all,all,q_operating_margin,2.993477134983316,6.203021823465057e-05,0.0001856860399634516,0.0019168501321404129,-0.35371639582117953,31.0,10.0,
2026-06-03,cv_3,ols_all,all,q_operating_margin,2.993477134983316,6.203021823465057e-05,0.0001856860399634516,0.0019168501321404129,-0.34420945313243134,31.0,10.0,
2026-06-04,cv_3,ols_all,all,q_operating_margin,2.993477134983316,6.203021823465057e-05,0.0001856860399634516,0.0019168501321404129,-0.38220014358746435,31.0,9.0,
2026-06-05,cv_3,ols_all,all,q_operating_margin,2.993477134983316,6.203021823465057e-05,0.0001856860399634516,0.0019168501321404129,-0.320878057654449,31.0,10.0,
2026-06-08,cv_3,ols_all,all,q_operating_margin,2.993477134983316,6.203021823465057e-05,0.0001856860399634516,0.0019168501321404129,-0.3655033545137669,31.0,11.0,
2026-06-09,cv_3,ols_all,all,q_operating_margin,2.993477134983316,6.203021823465057e-05,0.0001856860399634516,0.0019168501321404129,-0.3685187486939041,31.0,10.0,
2026-06-10,cv_3,ols_all,all,q_operating_margin,2.993477134983316,6.203021823465057e-05,0.0001856860399634516,0.0019168501321404129,-0.3406904386203665,31.0,10.0,
2026-06-11,cv_3,ols_all,all,q_operating_margin,2.993477134983316,6.203021823465057e-05,0.0001856860399634516,0.0019168501321404129,-0.37033553062691005,30.0,9.0,
2026-06-12,cv_3,ols_all,all,q_operating_margin,2.993477134983316,6.203021823465057e-05,0.0001856860399634516,0.0019168501321404129,-0.3649589593532163,31.0,10.0,
2026-05-08,cv_3,ols_all,all,q_net_margin,-0.5720775535473445,-6.203021823532571e-05,3.548609549407301e-05,0.0019168501321404129,-0.11612523362951441,31.0,10.0,
2026-05-11,cv_3,ols_all,all,q_net_margin,-0.5720775535473445,-6.203021823532571e-05,3.548609549407301e-05,0.0019168501321404129,-0.14198846944273966,31.0,9.0,
2026-05-12,cv_3,ols_all,all,q_net_margin,-0.5720775535473445,-6.203021823532571e-05,3.548609549407301e-05,0.0019168501321404129,-0.16147432819487798,31.0,9.0,
2026-05-13,cv_3,ols_all,all,q_net_margin,-0.5720775535473445,-6.203021823532571e-05,3.548609549407301e-05,0.0019168501321404129,-0.18413222394657808,31.0,10.0,
2026-05-14,cv_3,ols_all,all,q_net_margin,-0.5720775535473445,-6.203021823532571e-05,3.548609549407301e-05,0.0019168501321404129,-0.21180519548452587,31.0,9.0,
2026-05-15,cv_3,ols_all,all,q_net_margin,-0.5720775535473445,-6.203021823532571e-05,3.548609549407301e-05,0.0019168501321404129,-0.18255189412954054,31.0,10.0,
2026-05-18,cv_3,ols_all,all,q_net_margin,-0.5720775535473445,-6.203021823532571e-05,3.548609549407301e-05,0.0019168501321404129,-0.2137534070340777,31.0,10.0,
2026-05-19,cv_3,ols_all,all,q_net_margin,-0.5720775535473445,-6.203021823532571e-05,3.548609549407301e-05,0.0019168501321404129,-0.22588183234075296,31.0,9.0,
2026-05-20,cv_3,ols_all,all,q_net_margin,-0.5720775535473445,-6.203021823532571e-05,3.548609549407301e-05,0.0019168501321404129,-0.2406702029902289,31.0,10.0,
2026-05-21,cv_3,ols_all,all,q_net_margin,64.79072895997757,-6.203021823532571e-05,-0.004018983057013247,0.0019168501321404129,-0.26356398594194974,9.0,,6.0
2026-05-22,cv_3,ols_all,all,q_net_margin,64.79072895997757,-6.203021823532571e-05,-0.004018983057013247,0.0019168501321404129,-0.27885415170779826,9.0,,6.0
2026-05-26,cv_3,ols_all,all,q_net_margin,64.79072895997757,-6.203021823532571e-05,-0.004018983057013247,0.0019168501321404129,-0.3066876835260518,9.0,,6.0
2026-05-27,cv_3,ols_all,all,q_net_margin,64.79072895997757,-6.203021823532571e-05,-0.004018983057013247,0.0019168501321404129,-0.31243786486749925,9.0,,6.0
2026-05-28,cv_3,ols_all,all,q_net_margin,64.79072895997757,-6.203021823532571e-05,-0.004018983057013247,0.0019168501321404129,-0.3294682911459008,8.0,,6.0
2026-05-29,cv_3,ols_all,all,q_net_margin,64.79072895997757,-6.203021823532571e-05,-0.004018983057013247,0.0019168501321404129,-0.31770161017869003,7.0,,5.0
2026-06-01,cv_3,ols_all,all,q_net_margin,64.79072895997757,-6.203021823532571e-05,-0.004018983057013247,0.0019168501321404129,-0.34821628349468237,10.0,,7.0
2026-06-02,cv_3,ols_all,all,q_net_margin,64.79072895997757,-6.203021823532571e-05,-0.004018983057013247,0.0019168501321404129,-0.35371639582117953,9.0,,6.0
2026-06-03,cv_3,ols_all,all,q_net_margin,64.79072895997757,-6.203021823532571e-05,-0.004018983057013247,0.0019168501321404129,-0.34420945313243134,9.0,,6.0
2026-06-04,cv_3,ols_all,all,q_net_margin,64.79072895997757,-6.203021823532571e-05,-0.004018983057013247,0.0019168501321404129,-0.38220014358746435,9.0,,6.0
2026-06-05,cv_3,ols_all,all,q_net_margin,64.79072895997757,-6.203021823532571e-05,-0.004018983057013247,0.0019168501321404129,-0.320878057654449,10.0,,6.0
2026-06-08,cv_3,ols_all,all,q_net_margin,64.79072895997757,-6.203021823532571e-05,-0.004018983057013247,0.0019168501321404129,-0.3655033545137669,9.0,,6.0
2026-06-09,cv_3,ols_all,all,q_net_margin,64.79072895997757,-6.203021823532571e-05,-0.004018983057013247,0.0019168501321404129,-0.3685187486939041,10.0,,7.0
2026-06-10,cv_3,ols_all,all,q_net_margin,64.79072895997757,-6.203021823532571e-05,-0.004018983057013247,0.0019168501321404129,-0.3406904386203665,9.0,,6.0
2026-06-11,cv_3,ols_all,all,q_net_margin,64.79072895997757,-6.203021823532571e-05,-0.004018983057013247,0.0019168501321404129,-0.37033553062691005,9.0,,6.0
2026-06-12,cv_3,ols_all,all,q_net_margin,64.79072895997757,-6.203021823532571e-05,-0.004018983057013247,0.0019168501321404129,-0.3649589593532163,9.0,,6.0
2026-05-08,cv_3,ols_all,all,q_rd_to_revenue,-0.5720775535473609,-6.203021823561368e-05,3.548609549423876e-05,0.0019168501321404129,-0.11612523362951441,28.0,7.0,
2026-05-11,cv_3,ols_all,all,q_rd_to_revenue,-0.5720775535473609,-6.203021823561368e-05,3.548609549423876e-05,0.0019168501321404129,-0.14198846944273966,28.0,6.0,
2026-05-12,cv_3,ols_all,all,q_rd_to_revenue,-0.5720775535473609,-6.203021823561368e-05,3.548609549423876e-05,0.0019168501321404129,-0.16147432819487798,28.0,6.0,
2026-05-13,cv_3,ols_all,all,q_rd_to_revenue,-0.5720775535473609,-6.203021823561368e-05,3.548609549423876e-05,0.0019168501321404129,-0.18413222394657808,28.0,7.0,
2026-05-14,cv_3,ols_all,all,q_rd_to_revenue,-0.5720775535473609,-6.203021823561368e-05,3.548609549423876e-05,0.0019168501321404129,-0.21180519548452587,28.0,6.0,
2026-05-15,cv_3,ols_all,all,q_rd_to_revenue,-0.5720775535473609,-6.203021823561368e-05,3.548609549423876e-05,0.0019168501321404129,-0.18255189412954054,28.0,7.0,
2026-05-18,cv_3,ols_all,all,q_rd_to_revenue,-0.5720775535473609,-6.203021823561368e-05,3.548609549423876e-05,0.0019168501321404129,-0.2137534070340777,28.0,7.0,
2026-05-19,cv_3,ols_all,all,q_rd_to_revenue,-0.5720775535473609,-6.203021823561368e-05,3.548609549423876e-05,0.0019168501321404129,-0.22588183234075296,28.0,6.0,
2026-05-20,cv_3,ols_all,all,q_rd_to_revenue,-0.5720775535473609,-6.203021823561368e-05,3.548609549423876e-05,0.0019168501321404129,-0.2406702029902289,28.0,7.0,
2026-05-21,cv_3,ols_all,all,q_rd_to_revenue,-1.8457755680729702,-6.203021823561368e-05,0.00011449386130153014,0.0019168501321404129,-0.26356398594194974,34.0,12.0,
2026-05-22,cv_3,ols_all,all,q_rd_to_revenue,-1.8457755680729702,-6.203021823561368e-05,0.00011449386130153014,0.0019168501321404129,-0.27885415170779826,33.0,12.0,
2026-05-26,cv_3,ols_all,all,q_rd_to_revenue,-1.8457755680729702,-6.203021823561368e-05,0.00011449386130153014,0.0019168501321404129,-0.3066876835260518,33.0,12.0,
2026-05-27,cv_3,ols_all,all,q_rd_to_revenue,-1.8457755680729702,-6.203021823561368e-05,0.00011449386130153014,0.0019168501321404129,-0.31243786486749925,34.0,13.0,
2026-05-28,cv_3,ols_all,all,q_rd_to_revenue,-1.8457755680729702,-6.203021823561368e-05,0.00011449386130153014,0.0019168501321404129,-0.3294682911459008,34.0,12.0,
2026-05-29,cv_3,ols_all,all,q_rd_to_revenue,-1.8457755680729702,-6.203021823561368e-05,0.00011449386130153014,0.0019168501321404129,-0.31770161017869003,34.0,12.0,
2026-06-01,cv_3,ols_all,all,q_rd_to_revenue,-1.8457755680729702,-6.203021823561368e-05,0.00011449386130153014,0.0019168501321404129,-0.34821628349468237,34.0,11.0,
2026-06-02,cv_3,ols_all,all,q_rd_to_revenue,-1.8457755680729702,-6.203021823561368e-05,0.00011449386130153014,0.0019168501321404129,-0.35371639582117953,34.0,12.0,
2026-06-03,cv_3,ols_all,all,q_rd_to_revenue,-1.8457755680729702,-6.203021823561368e-05,0.00011449386130153014,0.0019168501321404129,-0.34420945313243134,34.0,12.0,
2026-06-04,cv_3,ols_all,all,q_rd_to_revenue,-1.8457755680729702,-6.203021823561368e-05,0.00011449386130153014,0.0019168501321404129,-0.38220014358746435,34.0,11.0,
2026-06-05,cv_3,ols_all,all,q_rd_to_revenue,-1.8457755680729702,-6.203021823561368e-05,0.00011449386130153014,0.0019168501321404129,-0.320878057654449,34.0,12.0,
2026-06-08,cv_3,ols_all,all,q_rd_to_revenue,-1.8457755680729702,-6.203021823561368e-05,0.00011449386130153014,0.0019168501321404129,-0.3655033545137669,34.0,13.0,
2026-06-09,cv_3,ols_all,all,q_rd_to_revenue,-1.8457755680729702,-6.203021823561368e-05,0.00011449386130153014,0.0019168501321404129,-0.3685187486939041,34.0,12.0,
2026-06-10,cv_3,ols_all,all,q_rd_to_revenue,-1.8457755680729702,-6.203021823561368e-05,0.00011449386130153014,0.0019168501321404129,-0.3406904386203665,34.0,12.0,
2026-06-11,cv_3,ols_all,all,q_rd_to_revenue,-1.8457755680729702,-6.203021823561368e-05,0.00011449386130153014,0.0019168501321404129,-0.37033553062691005,34.0,11.0,
2026-06-12,cv_3,ols_all,all,q_rd_to_revenue,-1.8457755680729702,-6.203021823561368e-05,0.00011449386130153014,0.0019168501321404129,-0.3649589593532163,34.0,12.0,
2026-05-08,cv_3,ols_all,all,q_sga_to_revenue,-0.5720775535473548,-6.203021823532571e-05,3.5486095494073646e-05,0.0019168501321404129,-0.11612523362951441,30.0,9.0,
2026-05-11,cv_3,ols_all,all,q_sga_to_revenue,-0.5720775535473548,-6.203021823532571e-05,3.5486095494073646e-05,0.0019168501321404129,-0.14198846944273966,30.0,8.0,
2026-05-12,cv_3,ols_all,all,q_sga_to_revenue,-0.5720775535473548,-6.203021823532571e-05,3.5486095494073646e-05,0.0019168501321404129,-0.16147432819487798,30.0,8.0,
2026-05-13,cv_3,ols_all,all,q_sga_to_revenue,-0.5720775535473548,-6.203021823532571e-05,3.5486095494073646e-05,0.0019168501321404129,-0.18413222394657808,30.0,9.0,
2026-05-14,cv_3,ols_all,all,q_sga_to_revenue,-0.5720775535473548,-6.203021823532571e-05,3.5486095494073646e-05,0.0019168501321404129,-0.21180519548452587,30.0,8.0,
2026-05-15,cv_3,ols_all,all,q_sga_to_revenue,-0.5720775535473548,-6.203021823532571e-05,3.5486095494073646e-05,0.0019168501321404129,-0.18255189412954054,30.0,9.0,
2026-05-18,cv_3,ols_all,all,q_sga_to_revenue,-0.5720775535473548,-6.203021823532571e-05,3.5486095494073646e-05,0.0019168501321404129,-0.2137534070340777,30.0,9.0,
2026-05-19,cv_3,ols_all,all,q_sga_to_revenue,-0.5720775535473548,-6.203021823532571e-05,3.5486095494073646e-05,0.0019168501321404129,-0.22588183234075296,30.0,8.0,
2026-05-20,cv_3,ols_all,all,q_sga_to_revenue,-0.5720775535473548,-6.203021823532571e-05,3.5486095494073646e-05,0.0019168501321404129,-0.2406702029902289,30.0,9.0,
2026-05-21,cv_3,ols_all,all,q_sga_to_revenue,-2.8093471142397863,-6.203021823532571e-05,0.00017426441459507646,0.0019168501321404129,-0.26356398594194974,32.0,11.0,
2026-05-22,cv_3,ols_all,all,q_sga_to_revenue,-2.8093471142397863,-6.203021823532571e-05,0.00017426441459507646,0.0019168501321404129,-0.27885415170779826,31.0,11.0,
2026-05-26,cv_3,ols_all,all,q_sga_to_revenue,-2.8093471142397863,-6.203021823532571e-05,0.00017426441459507646,0.0019168501321404129,-0.3066876835260518,31.0,11.0,
2026-05-27,cv_3,ols_all,all,q_sga_to_revenue,-2.8093471142397863,-6.203021823532571e-05,0.00017426441459507646,0.0019168501321404129,-0.31243786486749925,32.0,12.0,
2026-05-28,cv_3,ols_all,all,q_sga_to_revenue,-2.8093471142397863,-6.203021823532571e-05,0.00017426441459507646,0.0019168501321404129,-0.3294682911459008,32.0,11.0,
2026-05-29,cv_3,ols_all,all,q_sga_to_revenue,-2.8093471142397863,-6.203021823532571e-05,0.00017426441459507646,0.0019168501321404129,-0.31770161017869003,32.0,11.0,
2026-06-01,cv_3,ols_all,all,q_sga_to_revenue,-2.8093471142397863,-6.203021823532571e-05,0.00017426441459507646,0.0019168501321404129,-0.34821628349468237,32.0,10.0,
2026-06-02,cv_3,ols_all,all,q_sga_to_revenue,-2.8093471142397863,-6.203021823532571e-05,0.00017426441459507646,0.0019168501321404129,-0.35371639582117953,32.0,11.0,
2026-06-03,cv_3,ols_all,all,q_sga_to_revenue,-2.8093471142397863,-6.203021823532571e-05,0.00017426441459507646,0.0019168501321404129,-0.34420945313243134,32.0,11.0,
2026-06-04,cv_3,ols_all,all,q_sga_to_revenue,-2.8093471142397863,-6.203021823532571e-05,0.00017426441459507646,0.0019168501321404129,-0.38220014358746435,32.0,10.0,
2026-06-05,cv_3,ols_all,all,q_sga_to_revenue,-2.8093471142397863,-6.203021823532571e-05,0.00017426441459507646,0.0019168501321404129,-0.320878057654449,32.0,11.0,
2026-06-08,cv_3,ols_all,all,q_sga_to_revenue,-2.8093471142397863,-6.203021823532571e-05,0.00017426441459507646,0.0019168501321404129,-0.3655033545137669,32.0,12.0,
2026-06-09,cv_3,ols_all,all,q_sga_to_revenue,-2.8093471142397863,-6.203021823532571e-05,0.00017426441459507646,0.0019168501321404129,-0.3685187486939041,32.0,11.0,
2026-06-10,cv_3,ols_all,all,q_sga_to_revenue,-2.8093471142397863,-6.203021823532571e-05,0.00017426441459507646,0.0019168501321404129,-0.3406904386203665,32.0,11.0,
2026-06-11,cv_3,ols_all,all,q_sga_to_revenue,-2.8093471142397863,-6.203021823532571e-05,0.00017426441459507646,0.0019168501321404129,-0.37033553062691005,31.0,10.0,
2026-06-12,cv_3,ols_all,all,q_sga_to_revenue,-2.8093471142397863,-6.203021823532571e-05,0.00017426441459507646,0.0019168501321404129,-0.3649589593532163,32.0,11.0,
2026-05-08,cv_3,ols_all,all,q_revenue_growth_yoy,0.5720775535473603,6.203021823543813e-05,3.5486095494138305e-05,0.0019168501321404129,-0.11612523362951441,29.0,8.0,
2026-05-11,cv_3,ols_all,all,q_revenue_growth_yoy,0.5720775535473603,6.203021823543813e-05,3.5486095494138305e-05,0.0019168501321404129,-0.14198846944273966,29.0,7.0,
2026-05-12,cv_3,ols_all,all,q_revenue_growth_yoy,0.5720775535473603,6.203021823543813e-05,3.5486095494138305e-05,0.0019168501321404129,-0.16147432819487798,29.0,7.0,
2026-05-13,cv_3,ols_all,all,q_revenue_growth_yoy,0.5720775535473603,6.203021823543813e-05,3.5486095494138305e-05,0.0019168501321404129,-0.18413222394657808,29.0,8.0,
2026-05-14,cv_3,ols_all,all,q_revenue_growth_yoy,0.5720775535473603,6.203021823543813e-05,3.5486095494138305e-05,0.0019168501321404129,-0.21180519548452587,29.0,7.0,
2026-05-15,cv_3,ols_all,all,q_revenue_growth_yoy,0.5720775535473603,6.203021823543813e-05,3.5486095494138305e-05,0.0019168501321404129,-0.18255189412954054,29.0,8.0,
2026-05-18,cv_3,ols_all,all,q_revenue_growth_yoy,0.5720775535473603,6.203021823543813e-05,3.5486095494138305e-05,0.0019168501321404129,-0.2137534070340777,29.0,8.0,
2026-05-19,cv_3,ols_all,all,q_revenue_growth_yoy,0.5720775535473603,6.203021823543813e-05,3.5486095494138305e-05,0.0019168501321404129,-0.22588183234075296,29.0,7.0,
2026-05-20,cv_3,ols_all,all,q_revenue_growth_yoy,0.5720775535473603,6.203021823543813e-05,3.5486095494138305e-05,0.0019168501321404129,-0.2406702029902289,29.0,8.0,
2026-05-21,cv_3,ols_all,all,q_revenue_growth_yoy,8.226214219083833,6.203021823543813e-05,0.0005102738632612344,0.0019168501321404129,-0.26356398594194974,16.0,8.0,
2026-05-22,cv_3,ols_all,all,q_revenue_growth_yoy,8.226214219083833,6.203021823543813e-05,0.0005102738632612344,0.0019168501321404129,-0.27885415170779826,15.0,8.0,
2026-05-26,cv_3,ols_all,all,q_revenue_growth_yoy,8.226214219083833,6.203021823543813e-05,0.0005102738632612344,0.0019168501321404129,-0.3066876835260518,15.0,8.0,
2026-05-27,cv_3,ols_all,all,q_revenue_growth_yoy,8.226214219083833,6.203021823543813e-05,0.0005102738632612344,0.0019168501321404129,-0.31243786486749925,16.0,9.0,
2026-05-28,cv_3,ols_all,all,q_revenue_growth_yoy,8.226214219083833,6.203021823543813e-05,0.0005102738632612344,0.0019168501321404129,-0.3294682911459008,16.0,8.0,
2026-05-29,cv_3,ols_all,all,q_revenue_growth_yoy,8.226214219083833,6.203021823543813e-05,0.0005102738632612344,0.0019168501321404129,-0.31770161017869003,15.0,8.0,
2026-06-01,cv_3,ols_all,all,q_revenue_growth_yoy,8.226214219083833,6.203021823543813e-05,0.0005102738632612344,0.0019168501321404129,-0.34821628349468237,16.0,7.0,
2026-06-02,cv_3,ols_all,all,q_revenue_growth_yoy,8.226214219083833,6.203021823543813e-05,0.0005102738632612344,0.0019168501321404129,-0.35371639582117953,16.0,8.0,
2026-06-03,cv_3,ols_all,all,q_revenue_growth_yoy,8.226214219083833,6.203021823543813e-05,0.0005102738632612344,0.0019168501321404129,-0.34420945313243134,16.0,8.0,
2026-06-04,cv_3,ols_all,all,q_revenue_growth_yoy,8.226214219083833,6.203021823543813e-05,0.0005102738632612344,0.0019168501321404129,-0.38220014358746435,16.0,7.0,
2026-06-05,cv_3,ols_all,all,q_revenue_growth_yoy,8.226214219083833,6.203021823543813e-05,0.0005102738632612344,0.0019168501321404129,-0.320878057654449,16.0,8.0,
2026-06-08,cv_3,ols_all,all,q_revenue_growth_yoy,8.226214219083833,6.203021823543813e-05,0.0005102738632612344,0.0019168501321404129,-0.3655033545137669,16.0,9.0,
2026-06-09,cv_3,ols_all,all,q_revenue_growth_yoy,8.226214219083833,6.203021823543813e-05,0.0005102738632612344,0.0019168501321404129,-0.3685187486939041,16.0,8.0,
2026-06-10,cv_3,ols_all,all,q_revenue_growth_yoy,8.226214219083833,6.203021823543813e-05,0.0005102738632612344,0.0019168501321404129,-0.3406904386203665,16.0,8.0,
2026-06-11,cv_3,ols_all,all,q_revenue_growth_yoy,8.226214219083833,6.203021823543813e-05,0.0005102738632612344,0.0019168501321404129,-0.37033553062691005,15.0,7.0,
2026-06-12,cv_3,ols_all,all,q_revenue_growth_yoy,8.226214219083833,6.203021823543813e-05,0.0005102738632612344,0.0019168501321404129,-0.3649589593532163,15.0,8.0,
2026-05-08,cv_3,ols_all,all,q_gross_profit_growth_yoy,0.5720775535473519,6.203021823476713e-05,3.548609549375392e-05,0.0019168501321404129,-0.11612523362951441,33.0,12.0,
2026-05-11,cv_3,ols_all,all,q_gross_profit_growth_yoy,0.5720775535473519,6.203021823476713e-05,3.548609549375392e-05,0.0019168501321404129,-0.14198846944273966,33.0,11.0,
2026-05-12,cv_3,ols_all,all,q_gross_profit_growth_yoy,0.5720775535473519,6.203021823476713e-05,3.548609549375392e-05,0.0019168501321404129,-0.16147432819487798,33.0,11.0,
2026-05-13,cv_3,ols_all,all,q_gross_profit_growth_yoy,0.5720775535473519,6.203021823476713e-05,3.548609549375392e-05,0.0019168501321404129,-0.18413222394657808,33.0,12.0,
2026-05-14,cv_3,ols_all,all,q_gross_profit_growth_yoy,0.5720775535473519,6.203021823476713e-05,3.548609549375392e-05,0.0019168501321404129,-0.21180519548452587,33.0,11.0,
2026-05-15,cv_3,ols_all,all,q_gross_profit_growth_yoy,0.5720775535473519,6.203021823476713e-05,3.548609549375392e-05,0.0019168501321404129,-0.18255189412954054,33.0,12.0,
2026-05-18,cv_3,ols_all,all,q_gross_profit_growth_yoy,0.5720775535473519,6.203021823476713e-05,3.548609549375392e-05,0.0019168501321404129,-0.2137534070340777,33.0,12.0,
2026-05-19,cv_3,ols_all,all,q_gross_profit_growth_yoy,0.5720775535473519,6.203021823476713e-05,3.548609549375392e-05,0.0019168501321404129,-0.22588183234075296,33.0,11.0,
2026-05-20,cv_3,ols_all,all,q_gross_profit_growth_yoy,0.5720775535473519,6.203021823476713e-05,3.548609549375392e-05,0.0019168501321404129,-0.2406702029902289,33.0,12.0,
2026-05-21,cv_3,ols_all,all,q_gross_profit_growth_yoy,16.604041404544855,6.203021823476713e-05,0.0010299523119030266,0.0019168501321404129,-0.26356398594194974,13.0,6.0,
2026-05-22,cv_3,ols_all,all,q_gross_profit_growth_yoy,16.604041404544855,6.203021823476713e-05,0.0010299523119030266,0.0019168501321404129,-0.27885415170779826,12.0,6.0,
2026-05-26,cv_3,ols_all,all,q_gross_profit_growth_yoy,16.604041404544855,6.203021823476713e-05,0.0010299523119030266,0.0019168501321404129,-0.3066876835260518,11.0,5.0,
2026-05-27,cv_3,ols_all,all,q_gross_profit_growth_yoy,16.604041404544855,6.203021823476713e-05,0.0010299523119030266,0.0019168501321404129,-0.31243786486749925,11.0,5.0,
2026-05-28,cv_3,ols_all,all,q_gross_profit_growth_yoy,16.604041404544855,6.203021823476713e-05,0.0010299523119030266,0.0019168501321404129,-0.3294682911459008,13.0,6.0,
2026-05-29,cv_3,ols_all,all,q_gross_profit_growth_yoy,16.604041404544855,6.203021823476713e-05,0.0010299523119030266,0.0019168501321404129,-0.31770161017869003,12.0,6.0,
2026-06-01,cv_3,ols_all,all,q_gross_profit_growth_yoy,16.604041404544855,6.203021823476713e-05,0.0010299523119030266,0.0019168501321404129,-0.34821628349468237,13.0,5.0,
2026-06-02,cv_3,ols_all,all,q_gross_profit_growth_yoy,16.604041404544855,6.203021823476713e-05,0.0010299523119030266,0.0019168501321404129,-0.35371639582117953,13.0,6.0,
2026-06-03,cv_3,ols_all,all,q_gross_profit_growth_yoy,16.604041404544855,6.203021823476713e-05,0.0010299523119030266,0.0019168501321404129,-0.34420945313243134,13.0,6.0,
2026-06-04,cv_3,ols_all,all,q_gross_profit_growth_yoy,16.604041404544855,6.203021823476713e-05,0.0010299523119030266,0.0019168501321404129,-0.38220014358746435,13.0,5.0,
2026-06-05,cv_3,ols_all,all,q_gross_profit_growth_yoy,16.604041404544855,6.203021823476713e-05,0.0010299523119030266,0.0019168501321404129,-0.320878057654449,13.0,6.0,
2026-06-08,cv_3,ols_all,all,q_gross_profit_growth_yoy,16.604041404544855,6.203021823476713e-05,0.0010299523119030266,0.0019168501321404129,-0.3655033545137669,12.0,6.0,
2026-06-09,cv_3,ols_all,all,q_gross_profit_growth_yoy,16.604041404544855,6.203021823476713e-05,0.0010299523119030266,0.0019168501321404129,-0.3685187486939041,13.0,6.0,
2026-06-10,cv_3,ols_all,all,q_gross_profit_growth_yoy,16.604041404544855,6.203021823476713e-05,0.0010299523119030266,0.0019168501321404129,-0.3406904386203665,13.0,6.0,
2026-06-11,cv_3,ols_all,all,q_gross_profit_growth_yoy,16.604041404544855,6.203021823476713e-05,0.0010299523119030266,0.0019168501321404129,-0.37033553062691005,12.0,5.0,
2026-06-12,cv_3,ols_all,all,q_gross_profit_growth_yoy,16.604041404544855,6.203021823476713e-05,0.0010299523119030266,0.0019168501321404129,-0.3649589593532163,12.0,6.0,
2026-05-08,cv_3,ols_all,all,q_operating_income_growth_yoy,0.572077553547355,6.203021823657124e-05,3.5486095494786204e-05,0.0019168501321404129,-0.11612523362951441,26.0,5.0,
2026-05-11,cv_3,ols_all,all,q_operating_income_growth_yoy,0.572077553547355,6.203021823657124e-05,3.5486095494786204e-05,0.0019168501321404129,-0.14198846944273966,26.0,4.0,
2026-05-12,cv_3,ols_all,all,q_operating_income_growth_yoy,0.572077553547355,6.203021823657124e-05,3.5486095494786204e-05,0.0019168501321404129,-0.16147432819487798,26.0,4.0,
2026-05-13,cv_3,ols_all,all,q_operating_income_growth_yoy,0.572077553547355,6.203021823657124e-05,3.5486095494786204e-05,0.0019168501321404129,-0.18413222394657808,26.0,5.0,
2026-05-14,cv_3,ols_all,all,q_operating_income_growth_yoy,0.572077553547355,6.203021823657124e-05,3.5486095494786204e-05,0.0019168501321404129,-0.21180519548452587,26.0,4.0,
2026-05-15,cv_3,ols_all,all,q_operating_income_growth_yoy,0.572077553547355,6.203021823657124e-05,3.5486095494786204e-05,0.0019168501321404129,-0.18255189412954054,26.0,5.0,
2026-05-18,cv_3,ols_all,all,q_operating_income_growth_yoy,0.572077553547355,6.203021823657124e-05,3.5486095494786204e-05,0.0019168501321404129,-0.2137534070340777,26.0,5.0,
2026-05-19,cv_3,ols_all,all,q_operating_income_growth_yoy,0.572077553547355,6.203021823657124e-05,3.5486095494786204e-05,0.0019168501321404129,-0.22588183234075296,26.0,4.0,
2026-05-20,cv_3,ols_all,all,q_operating_income_growth_yoy,0.572077553547355,6.203021823657124e-05,3.5486095494786204e-05,0.0019168501321404129,-0.2406702029902289,26.0,5.0,
2026-05-21,cv_3,ols_all,all,q_operating_income_growth_yoy,16.434965150317495,6.203021823657124e-05,0.0010194644749846372,0.0019168501321404129,-0.26356398594194974,14.0,7.0,
2026-05-22,cv_3,ols_all,all,q_operating_income_growth_yoy,16.434965150317495,6.203021823657124e-05,0.0010194644749846372,0.0019168501321404129,-0.27885415170779826,13.0,7.0,
2026-05-26,cv_3,ols_all,all,q_operating_income_growth_yoy,16.434965150317495,6.203021823657124e-05,0.0010194644749846372,0.0019168501321404129,-0.3066876835260518,12.0,6.0,
2026-05-27,cv_3,ols_all,all,q_operating_income_growth_yoy,16.434965150317495,6.203021823657124e-05,0.0010194644749846372,0.0019168501321404129,-0.31243786486749925,12.0,6.0,
2026-05-28,cv_3,ols_all,all,q_operating_income_growth_yoy,16.434965150317495,6.203021823657124e-05,0.0010194644749846372,0.0019168501321404129,-0.3294682911459008,14.0,7.0,
2026-05-29,cv_3,ols_all,all,q_operating_income_growth_yoy,16.434965150317495,6.203021823657124e-05,0.0010194644749846372,0.0019168501321404129,-0.31770161017869003,13.0,7.0,
2026-06-01,cv_3,ols_all,all,q_operating_income_growth_yoy,16.434965150317495,6.203021823657124e-05,0.0010194644749846372,0.0019168501321404129,-0.34821628349468237,14.0,6.0,
2026-06-02,cv_3,ols_all,all,q_operating_income_growth_yoy,16.434965150317495,6.203021823657124e-05,0.0010194644749846372,0.0019168501321404129,-0.35371639582117953,14.0,7.0,
2026-06-03,cv_3,ols_all,all,q_operating_income_growth_yoy,16.434965150317495,6.203021823657124e-05,0.0010194644749846372,0.0019168501321404129,-0.34420945313243134,14.0,7.0,
2026-06-04,cv_3,ols_all,all,q_operating_income_growth_yoy,16.434965150317495,6.203021823657124e-05,0.0010194644749846372,0.0019168501321404129,-0.38220014358746435,14.0,6.0,
2026-06-05,cv_3,ols_all,all,q_operating_income_growth_yoy,16.434965150317495,6.203021823657124e-05,0.0010194644749846372,0.0019168501321404129,-0.320878057654449,14.0,7.0,
2026-06-08,cv_3,ols_all,all,q_operating_income_growth_yoy,16.434965150317495,6.203021823657124e-05,0.0010194644749846372,0.0019168501321404129,-0.3655033545137669,13.0,7.0,
2026-06-09,cv_3,ols_all,all,q_operating_income_growth_yoy,16.434965150317495,6.203021823657124e-05,0.0010194644749846372,0.0019168501321404129,-0.3685187486939041,14.0,7.0,
2026-06-10,cv_3,ols_all,all,q_operating_income_growth_yoy,16.434965150317495,6.203021823657124e-05,0.0010194644749846372,0.0019168501321404129,-0.3406904386203665,14.0,7.0,
2026-06-11,cv_3,ols_all,all,q_operating_income_growth_yoy,16.434965150317495,6.203021823657124e-05,0.0010194644749846372,0.0019168501321404129,-0.37033553062691005,13.0,6.0,
2026-06-12,cv_3,ols_all,all,q_operating_income_growth_yoy,16.434965150317495,6.203021823657124e-05,0.0010194644749846372,0.0019168501321404129,-0.3649589593532163,13.0,7.0,
2026-05-08,cv_3,ols_all,all,q_net_income_growth_yoy,0.5720775535473502,6.203021823487815e-05,3.548609549381733e-05,0.0019168501321404129,-0.11612523362951441,32.0,11.0,
2026-05-11,cv_3,ols_all,all,q_net_income_growth_yoy,0.5720775535473502,6.203021823487815e-05,3.548609549381733e-05,0.0019168501321404129,-0.14198846944273966,32.0,10.0,
2026-05-12,cv_3,ols_all,all,q_net_income_growth_yoy,0.5720775535473502,6.203021823487815e-05,3.548609549381733e-05,0.0019168501321404129,-0.16147432819487798,32.0,10.0,
2026-05-13,cv_3,ols_all,all,q_net_income_growth_yoy,0.5720775535473502,6.203021823487815e-05,3.548609549381733e-05,0.0019168501321404129,-0.18413222394657808,32.0,11.0,
2026-05-14,cv_3,ols_all,all,q_net_income_growth_yoy,0.5720775535473502,6.203021823487815e-05,3.548609549381733e-05,0.0019168501321404129,-0.21180519548452587,32.0,10.0,
2026-05-15,cv_3,ols_all,all,q_net_income_growth_yoy,0.5720775535473502,6.203021823487815e-05,3.548609549381733e-05,0.0019168501321404129,-0.18255189412954054,32.0,11.0,
2026-05-18,cv_3,ols_all,all,q_net_income_growth_yoy,0.5720775535473502,6.203021823487815e-05,3.548609549381733e-05,0.0019168501321404129,-0.2137534070340777,32.0,11.0,
2026-05-19,cv_3,ols_all,all,q_net_income_growth_yoy,0.5720775535473502,6.203021823487815e-05,3.548609549381733e-05,0.0019168501321404129,-0.22588183234075296,32.0,10.0,
2026-05-20,cv_3,ols_all,all,q_net_income_growth_yoy,0.5720775535473502,6.203021823487815e-05,3.548609549381733e-05,0.0019168501321404129,-0.2406702029902289,32.0,11.0,
2026-05-21,cv_3,ols_all,all,q_net_income_growth_yoy,56.03164878143153,6.203021823487815e-05,0.003475655401972242,0.0019168501321404129,-0.26356398594194974,10.0,4.0,
2026-05-22,cv_3,ols_all,all,q_net_income_growth_yoy,56.03164878143153,6.203021823487815e-05,0.003475655401972242,0.0019168501321404129,-0.27885415170779826,10.0,4.0,
2026-05-26,cv_3,ols_all,all,q_net_income_growth_yoy,56.03164878143153,6.203021823487815e-05,0.003475655401972242,0.0019168501321404129,-0.3066876835260518,10.0,4.0,
2026-05-27,cv_3,ols_all,all,q_net_income_growth_yoy,56.03164878143153,6.203021823487815e-05,0.003475655401972242,0.0019168501321404129,-0.31243786486749925,10.0,4.0,
2026-05-28,cv_3,ols_all,all,q_net_income_growth_yoy,56.03164878143153,6.203021823487815e-05,0.003475655401972242,0.0019168501321404129,-0.3294682911459008,9.0,3.0,
2026-05-29,cv_3,ols_all,all,q_net_income_growth_yoy,56.03164878143153,6.203021823487815e-05,0.003475655401972242,0.0019168501321404129,-0.31770161017869003,9.0,4.0,
2026-06-01,cv_3,ols_all,all,q_net_income_growth_yoy,56.03164878143153,6.203021823487815e-05,0.003475655401972242,0.0019168501321404129,-0.34821628349468237,11.0,4.0,
2026-06-02,cv_3,ols_all,all,q_net_income_growth_yoy,56.03164878143153,6.203021823487815e-05,0.003475655401972242,0.0019168501321404129,-0.35371639582117953,10.0,4.0,
2026-06-03,cv_3,ols_all,all,q_net_income_growth_yoy,56.03164878143153,6.203021823487815e-05,0.003475655401972242,0.0019168501321404129,-0.34420945313243134,11.0,5.0,
2026-06-04,cv_3,ols_all,all,q_net_income_growth_yoy,56.03164878143153,6.203021823487815e-05,0.003475655401972242,0.0019168501321404129,-0.38220014358746435,10.0,4.0,
2026-06-05,cv_3,ols_all,all,q_net_income_growth_yoy,56.03164878143153,6.203021823487815e-05,0.003475655401972242,0.0019168501321404129,-0.320878057654449,12.0,5.0,
2026-06-08,cv_3,ols_all,all,q_net_income_growth_yoy,56.03164878143153,6.203021823487815e-05,0.003475655401972242,0.0019168501321404129,-0.3655033545137669,10.0,4.0,
2026-06-09,cv_3,ols_all,all,q_net_income_growth_yoy,56.03164878143153,6.203021823487815e-05,0.003475655401972242,0.0019168501321404129,-0.3685187486939041,11.0,4.0,
2026-06-10,cv_3,ols_all,all,q_net_income_growth_yoy,56.03164878143153,6.203021823487815e-05,0.003475655401972242,0.0019168501321404129,-0.3406904386203665,10.0,4.0,
2026-06-11,cv_3,ols_all,all,q_net_income_growth_yoy,56.03164878143153,6.203021823487815e-05,0.003475655401972242,0.0019168501321404129,-0.37033553062691005,10.0,4.0,
2026-06-12,cv_3,ols_all,all,q_net_income_growth_yoy,56.03164878143153,6.203021823487815e-05,0.003475655401972242,0.0019168501321404129,-0.3649589593532163,10.0,4.0,
2026-05-08,cv_3,ols_all,all,q_rd_growth_yoy,-0.5720775535473324,-6.20302182346804e-05,3.5486095493703086e-05,0.0019168501321404129,-0.11612523362951441,34.0,13.0,
2026-05-11,cv_3,ols_all,all,q_rd_growth_yoy,-0.5720775535473324,-6.20302182346804e-05,3.5486095493703086e-05,0.0019168501321404129,-0.14198846944273966,34.0,12.0,
2026-05-12,cv_3,ols_all,all,q_rd_growth_yoy,-0.5720775535473324,-6.20302182346804e-05,3.5486095493703086e-05,0.0019168501321404129,-0.16147432819487798,34.0,12.0,
2026-05-13,cv_3,ols_all,all,q_rd_growth_yoy,-0.5720775535473324,-6.20302182346804e-05,3.5486095493703086e-05,0.0019168501321404129,-0.18413222394657808,34.0,13.0,
2026-05-14,cv_3,ols_all,all,q_rd_growth_yoy,-0.5720775535473324,-6.20302182346804e-05,3.5486095493703086e-05,0.0019168501321404129,-0.21180519548452587,34.0,12.0,
2026-05-15,cv_3,ols_all,all,q_rd_growth_yoy,-0.5720775535473324,-6.20302182346804e-05,3.5486095493703086e-05,0.0019168501321404129,-0.18255189412954054,34.0,13.0,
2026-05-18,cv_3,ols_all,all,q_rd_growth_yoy,-0.5720775535473324,-6.20302182346804e-05,3.5486095493703086e-05,0.0019168501321404129,-0.2137534070340777,34.0,13.0,
2026-05-19,cv_3,ols_all,all,q_rd_growth_yoy,-0.5720775535473324,-6.20302182346804e-05,3.5486095493703086e-05,0.0019168501321404129,-0.22588183234075296,34.0,12.0,
2026-05-20,cv_3,ols_all,all,q_rd_growth_yoy,-0.5720775535473324,-6.20302182346804e-05,3.5486095493703086e-05,0.0019168501321404129,-0.2406702029902289,34.0,13.0,
2026-05-21,cv_3,ols_all,all,q_rd_growth_yoy,594.0161605934132,-6.20302182346804e-05,-0.036846952076536384,0.0019168501321404129,-0.26356398594194974,5.0,,4.0
2026-05-22,cv_3,ols_all,all,q_rd_growth_yoy,594.0161605934132,-6.20302182346804e-05,-0.036846952076536384,0.0019168501321404129,-0.27885415170779826,5.0,,4.0
2026-05-26,cv_3,ols_all,all,q_rd_growth_yoy,594.0161605934132,-6.20302182346804e-05,-0.036846952076536384,0.0019168501321404129,-0.3066876835260518,3.0,,3.0
2026-05-27,cv_3,ols_all,all,q_rd_growth_yoy,594.0161605934132,-6.20302182346804e-05,-0.036846952076536384,0.0019168501321404129,-0.31243786486749925,5.0,,4.0
2026-05-28,cv_3,ols_all,all,q_rd_growth_yoy,594.0161605934132,-6.20302182346804e-05,-0.036846952076536384,0.0019168501321404129,-0.3294682911459008,5.0,,4.0
2026-05-29,cv_3,ols_all,all,q_rd_growth_yoy,594.0161605934132,-6.20302182346804e-05,-0.036846952076536384,0.0019168501321404129,-0.31770161017869003,5.0,,4.0
2026-06-01,cv_3,ols_all,all,q_rd_growth_yoy,594.0161605934132,-6.20302182346804e-05,-0.036846952076536384,0.0019168501321404129,-0.34821628349468237,5.0,,4.0
2026-06-02,cv_3,ols_all,all,q_rd_growth_yoy,594.0161605934132,-6.20302182346804e-05,-0.036846952076536384,0.0019168501321404129,-0.35371639582117953,5.0,,4.0
2026-06-03,cv_3,ols_all,all,q_rd_growth_yoy,594.0161605934132,-6.20302182346804e-05,-0.036846952076536384,0.0019168501321404129,-0.34420945313243134,5.0,,4.0
2026-06-04,cv_3,ols_all,all,q_rd_growth_yoy,594.0161605934132,-6.20302182346804e-05,-0.036846952076536384,0.0019168501321404129,-0.38220014358746435,5.0,,4.0
2026-06-05,cv_3,ols_all,all,q_rd_growth_yoy,594.0161605934132,-6.20302182346804e-05,-0.036846952076536384,0.0019168501321404129,-0.320878057654449,6.0,,4.0
2026-06-08,cv_3,ols_all,all,q_rd_growth_yoy,594.0161605934132,-6.20302182346804e-05,-0.036846952076536384,0.0019168501321404129,-0.3655033545137669,6.0,,4.0
2026-06-09,cv_3,ols_all,all,q_rd_growth_yoy,594.0161605934132,-6.20302182346804e-05,-0.036846952076536384,0.0019168501321404129,-0.3685187486939041,4.0,,3.0
2026-06-10,cv_3,ols_all,all,q_rd_growth_yoy,594.0161605934132,-6.20302182346804e-05,-0.036846952076536384,0.0019168501321404129,-0.3406904386203665,6.0,,4.0
2026-06-11,cv_3,ols_all,all,q_rd_growth_yoy,594.0161605934132,-6.20302182346804e-05,-0.036846952076536384,0.0019168501321404129,-0.37033553062691005,6.0,,4.0
2026-06-12,cv_3,ols_all,all,q_rd_growth_yoy,594.0161605934132,-6.20302182346804e-05,-0.036846952076536384,0.0019168501321404129,-0.3649589593532163,4.0,,3.0
2026-05-08,cv_3,ols_all,all,fy_gross_margin,-1.4981470036162872,0.00021489527968286668,-0.0003219447193481707,0.0019168501321404129,-0.11612523362951441,21.0,,17.0
2026-05-11,cv_3,ols_all,all,fy_gross_margin,-1.4981470036162872,0.00021489527968286668,-0.0003219447193481707,0.0019168501321404129,-0.14198846944273966,21.0,,18.0
2026-05-12,cv_3,ols_all,all,fy_gross_margin,-1.4981470036162872,0.00021489527968286668,-0.0003219447193481707,0.0019168501321404129,-0.16147432819487798,21.0,,18.0
2026-05-13,cv_3,ols_all,all,fy_gross_margin,-1.4981470036162872,0.00021489527968286668,-0.0003219447193481707,0.0019168501321404129,-0.18413222394657808,20.0,,17.0
2026-05-14,cv_3,ols_all,all,fy_gross_margin,-1.4981470036162872,0.00021489527968286668,-0.0003219447193481707,0.0019168501321404129,-0.21180519548452587,20.0,,17.0
2026-05-15,cv_3,ols_all,all,fy_gross_margin,-1.4981470036162872,0.00021489527968286668,-0.0003219447193481707,0.0019168501321404129,-0.18255189412954054,21.0,,17.0
2026-05-18,cv_3,ols_all,all,fy_gross_margin,-1.4981470036162872,0.00021489527968286668,-0.0003219447193481707,0.0019168501321404129,-0.2137534070340777,21.0,,17.0
2026-05-19,cv_3,ols_all,all,fy_gross_margin,-1.4981470036162872,0.00021489527968286668,-0.0003219447193481707,0.0019168501321404129,-0.22588183234075296,20.0,,17.0
2026-05-20,cv_3,ols_all,all,fy_gross_margin,-1.4981470036162872,0.00021489527968286668,-0.0003219447193481707,0.0019168501321404129,-0.2406702029902289,20.0,,16.0
2026-05-21,cv_3,ols_all,all,fy_gross_margin,-1.4981470036162872,0.00021489527968286668,-0.0003219447193481707,0.0019168501321404129,-0.26356398594194974,27.0,,19.0
2026-05-22,cv_3,ols_all,all,fy_gross_margin,-1.4981470036162872,0.00021489527968286668,-0.0003219447193481707,0.0019168501321404129,-0.27885415170779826,26.0,,18.0
2026-05-26,cv_3,ols_all,all,fy_gross_margin,-1.4981470036162872,0.00021489527968286668,-0.0003219447193481707,0.0019168501321404129,-0.3066876835260518,26.0,,18.0
2026-05-27,cv_3,ols_all,all,fy_gross_margin,-1.4981470036162872,0.00021489527968286668,-0.0003219447193481707,0.0019168501321404129,-0.31243786486749925,27.0,,18.0
2026-05-28,cv_3,ols_all,all,fy_gross_margin,-1.4981470036162872,0.00021489527968286668,-0.0003219447193481707,0.0019168501321404129,-0.3294682911459008,27.0,,19.0
2026-05-29,cv_3,ols_all,all,fy_gross_margin,-1.4981470036162872,0.00021489527968286668,-0.0003219447193481707,0.0019168501321404129,-0.31770161017869003,27.0,,19.0
2026-06-01,cv_3,ols_all,all,fy_gross_margin,-1.4981470036162872,0.00021489527968286668,-0.0003219447193481707,0.0019168501321404129,-0.34821628349468237,27.0,,20.0
2026-06-02,cv_3,ols_all,all,fy_gross_margin,-1.4981470036162872,0.00021489527968286668,-0.0003219447193481707,0.0019168501321404129,-0.35371639582117953,27.0,,19.0
2026-06-03,cv_3,ols_all,all,fy_gross_margin,-1.4981470036162872,0.00021489527968286668,-0.0003219447193481707,0.0019168501321404129,-0.34420945313243134,27.0,,19.0
2026-06-04,cv_3,ols_all,all,fy_gross_margin,-1.4981470036162872,0.00021489527968286668,-0.0003219447193481707,0.0019168501321404129,-0.38220014358746435,27.0,,20.0
2026-06-05,cv_3,ols_all,all,fy_gross_margin,-1.4981470036162872,0.00021489527968286668,-0.0003219447193481707,0.0019168501321404129,-0.320878057654449,27.0,,19.0
2026-06-08,cv_3,ols_all,all,fy_gross_margin,-1.4981470036162872,0.00021489527968286668,-0.0003219447193481707,0.0019168501321404129,-0.3655033545137669,27.0,,18.0
2026-06-09,cv_3,ols_all,all,fy_gross_margin,-1.4981470036162872,0.00021489527968286668,-0.0003219447193481707,0.0019168501321404129,-0.3685187486939041,27.0,,19.0
2026-06-10,cv_3,ols_all,all,fy_gross_margin,-1.4981470036162872,0.00021489527968286668,-0.0003219447193481707,0.0019168501321404129,-0.3406904386203665,27.0,,19.0
2026-06-11,cv_3,ols_all,all,fy_gross_margin,-1.4981470036162872,0.00021489527968286668,-0.0003219447193481707,0.0019168501321404129,-0.37033553062691005,26.0,,19.0
2026-06-12,cv_3,ols_all,all,fy_gross_margin,-1.4981470036162872,0.00021489527968286668,-0.0003219447193481707,0.0019168501321404129,-0.3649589593532163,27.0,,19.0
2026-05-08,cv_3,ols_all,all,fy_operating_margin,-1.4981470036162832,0.00021489527968288402,-0.0003219447193481958,0.0019168501321404129,-0.11612523362951441,20.0,,16.0
2026-05-11,cv_3,ols_all,all,fy_operating_margin,-1.4981470036162832,0.00021489527968288402,-0.0003219447193481958,0.0019168501321404129,-0.14198846944273966,20.0,,17.0
2026-05-12,cv_3,ols_all,all,fy_operating_margin,-1.4981470036162832,0.00021489527968288402,-0.0003219447193481958,0.0019168501321404129,-0.16147432819487798,20.0,,17.0
2026-05-13,cv_3,ols_all,all,fy_operating_margin,-1.4981470036162832,0.00021489527968288402,-0.0003219447193481958,0.0019168501321404129,-0.18413222394657808,19.0,,16.0
2026-05-14,cv_3,ols_all,all,fy_operating_margin,-1.4981470036162832,0.00021489527968288402,-0.0003219447193481958,0.0019168501321404129,-0.21180519548452587,19.0,,16.0
2026-05-15,cv_3,ols_all,all,fy_operating_margin,-1.4981470036162832,0.00021489527968288402,-0.0003219447193481958,0.0019168501321404129,-0.18255189412954054,20.0,,16.0
2026-05-18,cv_3,ols_all,all,fy_operating_margin,-1.4981470036162832,0.00021489527968288402,-0.0003219447193481958,0.0019168501321404129,-0.2137534070340777,20.0,,16.0
2026-05-19,cv_3,ols_all,all,fy_operating_margin,-1.4981470036162832,0.00021489527968288402,-0.0003219447193481958,0.0019168501321404129,-0.22588183234075296,19.0,,16.0
2026-05-20,cv_3,ols_all,all,fy_operating_margin,-1.4981470036162832,0.00021489527968288402,-0.0003219447193481958,0.0019168501321404129,-0.2406702029902289,19.0,,15.0
2026-05-21,cv_3,ols_all,all,fy_operating_margin,-1.4981470036162832,0.00021489527968288402,-0.0003219447193481958,0.0019168501321404129,-0.26356398594194974,26.0,,18.0
2026-05-22,cv_3,ols_all,all,fy_operating_margin,-1.4981470036162832,0.00021489527968288402,-0.0003219447193481958,0.0019168501321404129,-0.27885415170779826,25.0,,17.0
2026-05-26,cv_3,ols_all,all,fy_operating_margin,-1.4981470036162832,0.00021489527968288402,-0.0003219447193481958,0.0019168501321404129,-0.3066876835260518,25.0,,17.0
2026-05-27,cv_3,ols_all,all,fy_operating_margin,-1.4981470036162832,0.00021489527968288402,-0.0003219447193481958,0.0019168501321404129,-0.31243786486749925,26.0,,17.0
2026-05-28,cv_3,ols_all,all,fy_operating_margin,-1.4981470036162832,0.00021489527968288402,-0.0003219447193481958,0.0019168501321404129,-0.3294682911459008,26.0,,18.0
2026-05-29,cv_3,ols_all,all,fy_operating_margin,-1.4981470036162832,0.00021489527968288402,-0.0003219447193481958,0.0019168501321404129,-0.31770161017869003,26.0,,18.0
2026-06-01,cv_3,ols_all,all,fy_operating_margin,-1.4981470036162832,0.00021489527968288402,-0.0003219447193481958,0.0019168501321404129,-0.34821628349468237,26.0,,19.0
2026-06-02,cv_3,ols_all,all,fy_operating_margin,-1.4981470036162832,0.00021489527968288402,-0.0003219447193481958,0.0019168501321404129,-0.35371639582117953,26.0,,18.0
2026-06-03,cv_3,ols_all,all,fy_operating_margin,-1.4981470036162832,0.00021489527968288402,-0.0003219447193481958,0.0019168501321404129,-0.34420945313243134,26.0,,18.0
2026-06-04,cv_3,ols_all,all,fy_operating_margin,-1.4981470036162832,0.00021489527968288402,-0.0003219447193481958,0.0019168501321404129,-0.38220014358746435,26.0,,19.0
2026-06-05,cv_3,ols_all,all,fy_operating_margin,-1.4981470036162832,0.00021489527968288402,-0.0003219447193481958,0.0019168501321404129,-0.320878057654449,26.0,,18.0
2026-06-08,cv_3,ols_all,all,fy_operating_margin,-1.4981470036162832,0.00021489527968288402,-0.0003219447193481958,0.0019168501321404129,-0.3655033545137669,26.0,,17.0
2026-06-09,cv_3,ols_all,all,fy_operating_margin,-1.4981470036162832,0.00021489527968288402,-0.0003219447193481958,0.0019168501321404129,-0.3685187486939041,26.0,,18.0
2026-06-10,cv_3,ols_all,all,fy_operating_margin,-1.4981470036162832,0.00021489527968288402,-0.0003219447193481958,0.0019168501321404129,-0.3406904386203665,26.0,,18.0
2026-06-11,cv_3,ols_all,all,fy_operating_margin,-1.4981470036162832,0.00021489527968288402,-0.0003219447193481958,0.0019168501321404129,-0.37033553062691005,25.0,,18.0
2026-06-12,cv_3,ols_all,all,fy_operating_margin,-1.4981470036162832,0.00021489527968288402,-0.0003219447193481958,0.0019168501321404129,-0.3649589593532163,26.0,,18.0
2026-05-08,cv_3,ols_all,all,fy_net_margin,-1.4981470036163589,0.0002148952796833929,-0.0003219447193489745,0.0019168501321404129,-0.11612523362951441,16.0,,12.0
2026-05-11,cv_3,ols_all,all,fy_net_margin,-1.4981470036163589,0.0002148952796833929,-0.0003219447193489745,0.0019168501321404129,-0.14198846944273966,16.0,,13.0
2026-05-12,cv_3,ols_all,all,fy_net_margin,-1.4981470036163589,0.0002148952796833929,-0.0003219447193489745,0.0019168501321404129,-0.16147432819487798,16.0,,13.0
2026-05-13,cv_3,ols_all,all,fy_net_margin,-1.4981470036163589,0.0002148952796833929,-0.0003219447193489745,0.0019168501321404129,-0.18413222394657808,15.0,,12.0
2026-05-14,cv_3,ols_all,all,fy_net_margin,-1.4981470036163589,0.0002148952796833929,-0.0003219447193489745,0.0019168501321404129,-0.21180519548452587,15.0,,12.0
2026-05-15,cv_3,ols_all,all,fy_net_margin,-1.4981470036163589,0.0002148952796833929,-0.0003219447193489745,0.0019168501321404129,-0.18255189412954054,16.0,,12.0
2026-05-18,cv_3,ols_all,all,fy_net_margin,-1.4981470036163589,0.0002148952796833929,-0.0003219447193489745,0.0019168501321404129,-0.2137534070340777,16.0,,12.0
2026-05-19,cv_3,ols_all,all,fy_net_margin,-1.4981470036163589,0.0002148952796833929,-0.0003219447193489745,0.0019168501321404129,-0.22588183234075296,15.0,,12.0
2026-05-20,cv_3,ols_all,all,fy_net_margin,-1.4981470036163589,0.0002148952796833929,-0.0003219447193489745,0.0019168501321404129,-0.2406702029902289,15.0,,11.0
2026-05-21,cv_3,ols_all,all,fy_net_margin,-1.4981470036163589,0.0002148952796833929,-0.0003219447193489745,0.0019168501321404129,-0.26356398594194974,22.0,,14.0
2026-05-22,cv_3,ols_all,all,fy_net_margin,-1.4981470036163589,0.0002148952796833929,-0.0003219447193489745,0.0019168501321404129,-0.27885415170779826,21.0,,13.0
2026-05-26,cv_3,ols_all,all,fy_net_margin,-1.4981470036163589,0.0002148952796833929,-0.0003219447193489745,0.0019168501321404129,-0.3066876835260518,21.0,,13.0
2026-05-27,cv_3,ols_all,all,fy_net_margin,-1.4981470036163589,0.0002148952796833929,-0.0003219447193489745,0.0019168501321404129,-0.31243786486749925,22.0,,13.0
2026-05-28,cv_3,ols_all,all,fy_net_margin,-1.4981470036163589,0.0002148952796833929,-0.0003219447193489745,0.0019168501321404129,-0.3294682911459008,22.0,,14.0
2026-05-29,cv_3,ols_all,all,fy_net_margin,-1.4981470036163589,0.0002148952796833929,-0.0003219447193489745,0.0019168501321404129,-0.31770161017869003,22.0,,14.0
2026-06-01,cv_3,ols_all,all,fy_net_margin,-1.4981470036163589,0.0002148952796833929,-0.0003219447193489745,0.0019168501321404129,-0.34821628349468237,22.0,,15.0
2026-06-02,cv_3,ols_all,all,fy_net_margin,-1.4981470036163589,0.0002148952796833929,-0.0003219447193489745,0.0019168501321404129,-0.35371639582117953,22.0,,14.0
2026-06-03,cv_3,ols_all,all,fy_net_margin,-1.4981470036163589,0.0002148952796833929,-0.0003219447193489745,0.0019168501321404129,-0.34420945313243134,22.0,,14.0
2026-06-04,cv_3,ols_all,all,fy_net_margin,-1.4981470036163589,0.0002148952796833929,-0.0003219447193489745,0.0019168501321404129,-0.38220014358746435,22.0,,15.0
2026-06-05,cv_3,ols_all,all,fy_net_margin,-1.4981470036163589,0.0002148952796833929,-0.0003219447193489745,0.0019168501321404129,-0.320878057654449,22.0,,14.0
2026-06-08,cv_3,ols_all,all,fy_net_margin,-1.4981470036163589,0.0002148952796833929,-0.0003219447193489745,0.0019168501321404129,-0.3655033545137669,22.0,,13.0
2026-06-09,cv_3,ols_all,all,fy_net_margin,-1.4981470036163589,0.0002148952796833929,-0.0003219447193489745,0.0019168501321404129,-0.3685187486939041,22.0,,14.0
2026-06-10,cv_3,ols_all,all,fy_net_margin,-1.4981470036163589,0.0002148952796833929,-0.0003219447193489745,0.0019168501321404129,-0.3406904386203665,22.0,,14.0
2026-06-11,cv_3,ols_all,all,fy_net_margin,-1.4981470036163589,0.0002148952796833929,-0.0003219447193489745,0.0019168501321404129,-0.37033553062691005,21.0,,14.0
2026-06-12,cv_3,ols_all,all,fy_net_margin,-1.4981470036163589,0.0002148952796833929,-0.0003219447193489745,0.0019168501321404129,-0.3649589593532163,22.0,,14.0
2026-05-08,cv_3,ols_all,all,fy_rd_to_revenue,-1.4981470036162832,0.00021489527968448553,-0.0003219447193505951,0.0019168501321404129,-0.11612523362951441,11.0,,7.0
2026-05-11,cv_3,ols_all,all,fy_rd_to_revenue,-1.4981470036162832,0.00021489527968448553,-0.0003219447193505951,0.0019168501321404129,-0.14198846944273966,11.0,,8.0
2026-05-12,cv_3,ols_all,all,fy_rd_to_revenue,-1.4981470036162832,0.00021489527968448553,-0.0003219447193505951,0.0019168501321404129,-0.16147432819487798,11.0,,8.0
2026-05-13,cv_3,ols_all,all,fy_rd_to_revenue,-1.4981470036162832,0.00021489527968448553,-0.0003219447193505951,0.0019168501321404129,-0.18413222394657808,10.0,,7.0
2026-05-14,cv_3,ols_all,all,fy_rd_to_revenue,-1.4981470036162832,0.00021489527968448553,-0.0003219447193505951,0.0019168501321404129,-0.21180519548452587,10.0,,7.0
2026-05-15,cv_3,ols_all,all,fy_rd_to_revenue,-1.4981470036162832,0.00021489527968448553,-0.0003219447193505951,0.0019168501321404129,-0.18255189412954054,11.0,,7.0
2026-05-18,cv_3,ols_all,all,fy_rd_to_revenue,-1.4981470036162832,0.00021489527968448553,-0.0003219447193505951,0.0019168501321404129,-0.2137534070340777,11.0,,7.0
2026-05-19,cv_3,ols_all,all,fy_rd_to_revenue,-1.4981470036162832,0.00021489527968448553,-0.0003219447193505951,0.0019168501321404129,-0.22588183234075296,10.0,,7.0
2026-05-20,cv_3,ols_all,all,fy_rd_to_revenue,-1.4981470036162832,0.00021489527968448553,-0.0003219447193505951,0.0019168501321404129,-0.2406702029902289,10.0,,6.0
2026-05-21,cv_3,ols_all,all,fy_rd_to_revenue,-1.4981470036162832,0.00021489527968448553,-0.0003219447193505951,0.0019168501321404129,-0.26356398594194974,17.0,,9.0
2026-05-22,cv_3,ols_all,all,fy_rd_to_revenue,-1.4981470036162832,0.00021489527968448553,-0.0003219447193505951,0.0019168501321404129,-0.27885415170779826,16.0,,8.0
2026-05-26,cv_3,ols_all,all,fy_rd_to_revenue,-1.4981470036162832,0.00021489527968448553,-0.0003219447193505951,0.0019168501321404129,-0.3066876835260518,16.0,,8.0
2026-05-27,cv_3,ols_all,all,fy_rd_to_revenue,-1.4981470036162832,0.00021489527968448553,-0.0003219447193505951,0.0019168501321404129,-0.31243786486749925,17.0,,8.0
2026-05-28,cv_3,ols_all,all,fy_rd_to_revenue,-1.4981470036162832,0.00021489527968448553,-0.0003219447193505951,0.0019168501321404129,-0.3294682911459008,17.0,,9.0
2026-05-29,cv_3,ols_all,all,fy_rd_to_revenue,-1.4981470036162832,0.00021489527968448553,-0.0003219447193505951,0.0019168501321404129,-0.31770161017869003,17.0,,9.0
2026-06-01,cv_3,ols_all,all,fy_rd_to_revenue,-1.4981470036162832,0.00021489527968448553,-0.0003219447193505951,0.0019168501321404129,-0.34821628349468237,17.0,,10.0
2026-06-02,cv_3,ols_all,all,fy_rd_to_revenue,-1.4981470036162832,0.00021489527968448553,-0.0003219447193505951,0.0019168501321404129,-0.35371639582117953,17.0,,9.0
2026-06-03,cv_3,ols_all,all,fy_rd_to_revenue,-1.4981470036162832,0.00021489527968448553,-0.0003219447193505951,0.0019168501321404129,-0.34420945313243134,17.0,,9.0
2026-06-04,cv_3,ols_all,all,fy_rd_to_revenue,-1.4981470036162832,0.00021489527968448553,-0.0003219447193505951,0.0019168501321404129,-0.38220014358746435,17.0,,10.0
2026-06-05,cv_3,ols_all,all,fy_rd_to_revenue,-1.4981470036162832,0.00021489527968448553,-0.0003219447193505951,0.0019168501321404129,-0.320878057654449,17.0,,9.0
2026-06-08,cv_3,ols_all,all,fy_rd_to_revenue,-1.4981470036162832,0.00021489527968448553,-0.0003219447193505951,0.0019168501321404129,-0.3655033545137669,17.0,,8.0
2026-06-09,cv_3,ols_all,all,fy_rd_to_revenue,-1.4981470036162832,0.00021489527968448553,-0.0003219447193505951,0.0019168501321404129,-0.3685187486939041,17.0,,9.0
2026-06-10,cv_3,ols_all,all,fy_rd_to_revenue,-1.4981470036162832,0.00021489527968448553,-0.0003219447193505951,0.0019168501321404129,-0.3406904386203665,17.0,,9.0
2026-06-11,cv_3,ols_all,all,fy_rd_to_revenue,-1.4981470036162832,0.00021489527968448553,-0.0003219447193505951,0.0019168501321404129,-0.37033553062691005,16.0,,9.0
2026-06-12,cv_3,ols_all,all,fy_rd_to_revenue,-1.4981470036162832,0.00021489527968448553,-0.0003219447193505951,0.0019168501321404129,-0.3649589593532163,17.0,,9.0
2026-05-08,cv_3,ols_all,all,fy_sga_to_revenue,-1.4981470036162832,0.00021489527968448553,-0.0003219447193505951,0.0019168501321404129,-0.11612523362951441,11.0,,7.0
2026-05-11,cv_3,ols_all,all,fy_sga_to_revenue,-1.4981470036162832,0.00021489527968448553,-0.0003219447193505951,0.0019168501321404129,-0.14198846944273966,11.0,,8.0
2026-05-12,cv_3,ols_all,all,fy_sga_to_revenue,-1.4981470036162832,0.00021489527968448553,-0.0003219447193505951,0.0019168501321404129,-0.16147432819487798,11.0,,8.0
2026-05-13,cv_3,ols_all,all,fy_sga_to_revenue,-1.4981470036162832,0.00021489527968448553,-0.0003219447193505951,0.0019168501321404129,-0.18413222394657808,10.0,,7.0
2026-05-14,cv_3,ols_all,all,fy_sga_to_revenue,-1.4981470036162832,0.00021489527968448553,-0.0003219447193505951,0.0019168501321404129,-0.21180519548452587,10.0,,7.0
2026-05-15,cv_3,ols_all,all,fy_sga_to_revenue,-1.4981470036162832,0.00021489527968448553,-0.0003219447193505951,0.0019168501321404129,-0.18255189412954054,11.0,,7.0
2026-05-18,cv_3,ols_all,all,fy_sga_to_revenue,-1.4981470036162832,0.00021489527968448553,-0.0003219447193505951,0.0019168501321404129,-0.2137534070340777,11.0,,7.0
2026-05-19,cv_3,ols_all,all,fy_sga_to_revenue,-1.4981470036162832,0.00021489527968448553,-0.0003219447193505951,0.0019168501321404129,-0.22588183234075296,10.0,,7.0
2026-05-20,cv_3,ols_all,all,fy_sga_to_revenue,-1.4981470036162832,0.00021489527968448553,-0.0003219447193505951,0.0019168501321404129,-0.2406702029902289,10.0,,6.0
2026-05-21,cv_3,ols_all,all,fy_sga_to_revenue,-1.4981470036162832,0.00021489527968448553,-0.0003219447193505951,0.0019168501321404129,-0.26356398594194974,17.0,,9.0
2026-05-22,cv_3,ols_all,all,fy_sga_to_revenue,-1.4981470036162832,0.00021489527968448553,-0.0003219447193505951,0.0019168501321404129,-0.27885415170779826,16.0,,8.0
2026-05-26,cv_3,ols_all,all,fy_sga_to_revenue,-1.4981470036162832,0.00021489527968448553,-0.0003219447193505951,0.0019168501321404129,-0.3066876835260518,16.0,,8.0
2026-05-27,cv_3,ols_all,all,fy_sga_to_revenue,-1.4981470036162832,0.00021489527968448553,-0.0003219447193505951,0.0019168501321404129,-0.31243786486749925,17.0,,8.0
2026-05-28,cv_3,ols_all,all,fy_sga_to_revenue,-1.4981470036162832,0.00021489527968448553,-0.0003219447193505951,0.0019168501321404129,-0.3294682911459008,17.0,,9.0
2026-05-29,cv_3,ols_all,all,fy_sga_to_revenue,-1.4981470036162832,0.00021489527968448553,-0.0003219447193505951,0.0019168501321404129,-0.31770161017869003,17.0,,9.0
2026-06-01,cv_3,ols_all,all,fy_sga_to_revenue,-1.4981470036162832,0.00021489527968448553,-0.0003219447193505951,0.0019168501321404129,-0.34821628349468237,17.0,,10.0
2026-06-02,cv_3,ols_all,all,fy_sga_to_revenue,-1.4981470036162832,0.00021489527968448553,-0.0003219447193505951,0.0019168501321404129,-0.35371639582117953,17.0,,9.0
2026-06-03,cv_3,ols_all,all,fy_sga_to_revenue,-1.4981470036162832,0.00021489527968448553,-0.0003219447193505951,0.0019168501321404129,-0.34420945313243134,17.0,,9.0
2026-06-04,cv_3,ols_all,all,fy_sga_to_revenue,-1.4981470036162832,0.00021489527968448553,-0.0003219447193505951,0.0019168501321404129,-0.38220014358746435,17.0,,10.0
2026-06-05,cv_3,ols_all,all,fy_sga_to_revenue,-1.4981470036162832,0.00021489527968448553,-0.0003219447193505951,0.0019168501321404129,-0.320878057654449,17.0,,9.0
2026-06-08,cv_3,ols_all,all,fy_sga_to_revenue,-1.4981470036162832,0.00021489527968448553,-0.0003219447193505951,0.0019168501321404129,-0.3655033545137669,17.0,,8.0
2026-06-09,cv_3,ols_all,all,fy_sga_to_revenue,-1.4981470036162832,0.00021489527968448553,-0.0003219447193505951,0.0019168501321404129,-0.3685187486939041,17.0,,9.0
2026-06-10,cv_3,ols_all,all,fy_sga_to_revenue,-1.4981470036162832,0.00021489527968448553,-0.0003219447193505951,0.0019168501321404129,-0.3406904386203665,17.0,,9.0
2026-06-11,cv_3,ols_all,all,fy_sga_to_revenue,-1.4981470036162832,0.00021489527968448553,-0.0003219447193505951,0.0019168501321404129,-0.37033553062691005,16.0,,9.0
2026-06-12,cv_3,ols_all,all,fy_sga_to_revenue,-1.4981470036162832,0.00021489527968448553,-0.0003219447193505951,0.0019168501321404129,-0.3649589593532163,17.0,,9.0
2026-05-08,cv_3,ols_all,all,fy_ocf_margin,-1.498147003616284,0.00021489527968301828,-0.00032194471934839715,0.0019168501321404129,-0.11612523362951441,18.0,,14.0
2026-05-11,cv_3,ols_all,all,fy_ocf_margin,-1.498147003616284,0.00021489527968301828,-0.00032194471934839715,0.0019168501321404129,-0.14198846944273966,18.0,,15.0
2026-05-12,cv_3,ols_all,all,fy_ocf_margin,-1.498147003616284,0.00021489527968301828,-0.00032194471934839715,0.0019168501321404129,-0.16147432819487798,18.0,,15.0
2026-05-13,cv_3,ols_all,all,fy_ocf_margin,-1.498147003616284,0.00021489527968301828,-0.00032194471934839715,0.0019168501321404129,-0.18413222394657808,17.0,,14.0
2026-05-14,cv_3,ols_all,all,fy_ocf_margin,-1.498147003616284,0.00021489527968301828,-0.00032194471934839715,0.0019168501321404129,-0.21180519548452587,17.0,,14.0
2026-05-15,cv_3,ols_all,all,fy_ocf_margin,-1.498147003616284,0.00021489527968301828,-0.00032194471934839715,0.0019168501321404129,-0.18255189412954054,18.0,,14.0
2026-05-18,cv_3,ols_all,all,fy_ocf_margin,-1.498147003616284,0.00021489527968301828,-0.00032194471934839715,0.0019168501321404129,-0.2137534070340777,18.0,,14.0
2026-05-19,cv_3,ols_all,all,fy_ocf_margin,-1.498147003616284,0.00021489527968301828,-0.00032194471934839715,0.0019168501321404129,-0.22588183234075296,17.0,,14.0
2026-05-20,cv_3,ols_all,all,fy_ocf_margin,-1.498147003616284,0.00021489527968301828,-0.00032194471934839715,0.0019168501321404129,-0.2406702029902289,17.0,,13.0
2026-05-21,cv_3,ols_all,all,fy_ocf_margin,-1.498147003616284,0.00021489527968301828,-0.00032194471934839715,0.0019168501321404129,-0.26356398594194974,24.0,,16.0
2026-05-22,cv_3,ols_all,all,fy_ocf_margin,-1.498147003616284,0.00021489527968301828,-0.00032194471934839715,0.0019168501321404129,-0.27885415170779826,23.0,,15.0
2026-05-26,cv_3,ols_all,all,fy_ocf_margin,-1.498147003616284,0.00021489527968301828,-0.00032194471934839715,0.0019168501321404129,-0.3066876835260518,23.0,,15.0
2026-05-27,cv_3,ols_all,all,fy_ocf_margin,-1.498147003616284,0.00021489527968301828,-0.00032194471934839715,0.0019168501321404129,-0.31243786486749925,24.0,,15.0
2026-05-28,cv_3,ols_all,all,fy_ocf_margin,-1.498147003616284,0.00021489527968301828,-0.00032194471934839715,0.0019168501321404129,-0.3294682911459008,24.0,,16.0
2026-05-29,cv_3,ols_all,all,fy_ocf_margin,-1.498147003616284,0.00021489527968301828,-0.00032194471934839715,0.0019168501321404129,-0.31770161017869003,24.0,,16.0
2026-06-01,cv_3,ols_all,all,fy_ocf_margin,-1.498147003616284,0.00021489527968301828,-0.00032194471934839715,0.0019168501321404129,-0.34821628349468237,24.0,,17.0
2026-06-02,cv_3,ols_all,all,fy_ocf_margin,-1.498147003616284,0.00021489527968301828,-0.00032194471934839715,0.0019168501321404129,-0.35371639582117953,24.0,,16.0
2026-06-03,cv_3,ols_all,all,fy_ocf_margin,-1.498147003616284,0.00021489527968301828,-0.00032194471934839715,0.0019168501321404129,-0.34420945313243134,24.0,,16.0
2026-06-04,cv_3,ols_all,all,fy_ocf_margin,-1.498147003616284,0.00021489527968301828,-0.00032194471934839715,0.0019168501321404129,-0.38220014358746435,24.0,,17.0
2026-06-05,cv_3,ols_all,all,fy_ocf_margin,-1.498147003616284,0.00021489527968301828,-0.00032194471934839715,0.0019168501321404129,-0.320878057654449,24.0,,16.0
2026-06-08,cv_3,ols_all,all,fy_ocf_margin,-1.498147003616284,0.00021489527968301828,-0.00032194471934839715,0.0019168501321404129,-0.3655033545137669,24.0,,15.0
2026-06-09,cv_3,ols_all,all,fy_ocf_margin,-1.498147003616284,0.00021489527968301828,-0.00032194471934839715,0.0019168501321404129,-0.3685187486939041,24.0,,16.0
2026-06-10,cv_3,ols_all,all,fy_ocf_margin,-1.498147003616284,0.00021489527968301828,-0.00032194471934839715,0.0019168501321404129,-0.3406904386203665,24.0,,16.0
2026-06-11,cv_3,ols_all,all,fy_ocf_margin,-1.498147003616284,0.00021489527968301828,-0.00032194471934839715,0.0019168501321404129,-0.37033553062691005,23.0,,16.0
2026-06-12,cv_3,ols_all,all,fy_ocf_margin,-1.498147003616284,0.00021489527968301828,-0.00032194471934839715,0.0019168501321404129,-0.3649589593532163,24.0,,16.0
2026-05-08,cv_3,ols_all,all,fy_revenue_growth_yoy,-1.498147003616282,0.00021489527968301828,-0.0003219447193483967,0.0019168501321404129,-0.11612523362951441,19.0,,15.0
2026-05-11,cv_3,ols_all,all,fy_revenue_growth_yoy,-1.498147003616282,0.00021489527968301828,-0.0003219447193483967,0.0019168501321404129,-0.14198846944273966,19.0,,16.0
2026-05-12,cv_3,ols_all,all,fy_revenue_growth_yoy,-1.498147003616282,0.00021489527968301828,-0.0003219447193483967,0.0019168501321404129,-0.16147432819487798,19.0,,16.0
2026-05-13,cv_3,ols_all,all,fy_revenue_growth_yoy,-1.498147003616282,0.00021489527968301828,-0.0003219447193483967,0.0019168501321404129,-0.18413222394657808,18.0,,15.0
2026-05-14,cv_3,ols_all,all,fy_revenue_growth_yoy,-1.498147003616282,0.00021489527968301828,-0.0003219447193483967,0.0019168501321404129,-0.21180519548452587,18.0,,15.0
2026-05-15,cv_3,ols_all,all,fy_revenue_growth_yoy,-1.498147003616282,0.00021489527968301828,-0.0003219447193483967,0.0019168501321404129,-0.18255189412954054,19.0,,15.0
2026-05-18,cv_3,ols_all,all,fy_revenue_growth_yoy,-1.498147003616282,0.00021489527968301828,-0.0003219447193483967,0.0019168501321404129,-0.2137534070340777,19.0,,15.0
2026-05-19,cv_3,ols_all,all,fy_revenue_growth_yoy,-1.498147003616282,0.00021489527968301828,-0.0003219447193483967,0.0019168501321404129,-0.22588183234075296,18.0,,15.0
2026-05-20,cv_3,ols_all,all,fy_revenue_growth_yoy,-1.498147003616282,0.00021489527968301828,-0.0003219447193483967,0.0019168501321404129,-0.2406702029902289,18.0,,14.0
2026-05-21,cv_3,ols_all,all,fy_revenue_growth_yoy,-1.498147003616282,0.00021489527968301828,-0.0003219447193483967,0.0019168501321404129,-0.26356398594194974,25.0,,17.0
2026-05-22,cv_3,ols_all,all,fy_revenue_growth_yoy,-1.498147003616282,0.00021489527968301828,-0.0003219447193483967,0.0019168501321404129,-0.27885415170779826,24.0,,16.0
2026-05-26,cv_3,ols_all,all,fy_revenue_growth_yoy,-1.498147003616282,0.00021489527968301828,-0.0003219447193483967,0.0019168501321404129,-0.3066876835260518,24.0,,16.0
2026-05-27,cv_3,ols_all,all,fy_revenue_growth_yoy,-1.498147003616282,0.00021489527968301828,-0.0003219447193483967,0.0019168501321404129,-0.31243786486749925,25.0,,16.0
2026-05-28,cv_3,ols_all,all,fy_revenue_growth_yoy,-1.498147003616282,0.00021489527968301828,-0.0003219447193483967,0.0019168501321404129,-0.3294682911459008,25.0,,17.0
2026-05-29,cv_3,ols_all,all,fy_revenue_growth_yoy,-1.498147003616282,0.00021489527968301828,-0.0003219447193483967,0.0019168501321404129,-0.31770161017869003,25.0,,17.0
2026-06-01,cv_3,ols_all,all,fy_revenue_growth_yoy,-1.498147003616282,0.00021489527968301828,-0.0003219447193483967,0.0019168501321404129,-0.34821628349468237,25.0,,18.0
2026-06-02,cv_3,ols_all,all,fy_revenue_growth_yoy,-1.498147003616282,0.00021489527968301828,-0.0003219447193483967,0.0019168501321404129,-0.35371639582117953,25.0,,17.0
2026-06-03,cv_3,ols_all,all,fy_revenue_growth_yoy,-1.498147003616282,0.00021489527968301828,-0.0003219447193483967,0.0019168501321404129,-0.34420945313243134,25.0,,17.0
2026-06-04,cv_3,ols_all,all,fy_revenue_growth_yoy,-1.498147003616282,0.00021489527968301828,-0.0003219447193483967,0.0019168501321404129,-0.38220014358746435,25.0,,18.0
2026-06-05,cv_3,ols_all,all,fy_revenue_growth_yoy,-1.498147003616282,0.00021489527968301828,-0.0003219447193483967,0.0019168501321404129,-0.320878057654449,25.0,,17.0
2026-06-08,cv_3,ols_all,all,fy_revenue_growth_yoy,-1.498147003616282,0.00021489527968301828,-0.0003219447193483967,0.0019168501321404129,-0.3655033545137669,25.0,,16.0
2026-06-09,cv_3,ols_all,all,fy_revenue_growth_yoy,-1.498147003616282,0.00021489527968301828,-0.0003219447193483967,0.0019168501321404129,-0.3685187486939041,25.0,,17.0
2026-06-10,cv_3,ols_all,all,fy_revenue_growth_yoy,-1.498147003616282,0.00021489527968301828,-0.0003219447193483967,0.0019168501321404129,-0.3406904386203665,25.0,,17.0
2026-06-11,cv_3,ols_all,all,fy_revenue_growth_yoy,-1.498147003616282,0.00021489527968301828,-0.0003219447193483967,0.0019168501321404129,-0.37033553062691005,24.0,,17.0
2026-06-12,cv_3,ols_all,all,fy_revenue_growth_yoy,-1.498147003616282,0.00021489527968301828,-0.0003219447193483967,0.0019168501321404129,-0.3649589593532163,25.0,,17.0
2026-05-08,cv_3,ols_all,all,fy_gross_profit_growth_yoy,-1.498147003616282,0.0002148952796839932,-0.0003219447193498573,0.0019168501321404129,-0.11612523362951441,15.0,,11.0
2026-05-11,cv_3,ols_all,all,fy_gross_profit_growth_yoy,-1.498147003616282,0.0002148952796839932,-0.0003219447193498573,0.0019168501321404129,-0.14198846944273966,15.0,,12.0
2026-05-12,cv_3,ols_all,all,fy_gross_profit_growth_yoy,-1.498147003616282,0.0002148952796839932,-0.0003219447193498573,0.0019168501321404129,-0.16147432819487798,15.0,,12.0
2026-05-13,cv_3,ols_all,all,fy_gross_profit_growth_yoy,-1.498147003616282,0.0002148952796839932,-0.0003219447193498573,0.0019168501321404129,-0.18413222394657808,14.0,,11.0
2026-05-14,cv_3,ols_all,all,fy_gross_profit_growth_yoy,-1.498147003616282,0.0002148952796839932,-0.0003219447193498573,0.0019168501321404129,-0.21180519548452587,14.0,,11.0
2026-05-15,cv_3,ols_all,all,fy_gross_profit_growth_yoy,-1.498147003616282,0.0002148952796839932,-0.0003219447193498573,0.0019168501321404129,-0.18255189412954054,15.0,,11.0
2026-05-18,cv_3,ols_all,all,fy_gross_profit_growth_yoy,-1.498147003616282,0.0002148952796839932,-0.0003219447193498573,0.0019168501321404129,-0.2137534070340777,15.0,,11.0
2026-05-19,cv_3,ols_all,all,fy_gross_profit_growth_yoy,-1.498147003616282,0.0002148952796839932,-0.0003219447193498573,0.0019168501321404129,-0.22588183234075296,14.0,,11.0
2026-05-20,cv_3,ols_all,all,fy_gross_profit_growth_yoy,-1.498147003616282,0.0002148952796839932,-0.0003219447193498573,0.0019168501321404129,-0.2406702029902289,14.0,,10.0
2026-05-21,cv_3,ols_all,all,fy_gross_profit_growth_yoy,-1.498147003616282,0.0002148952796839932,-0.0003219447193498573,0.0019168501321404129,-0.26356398594194974,21.0,,13.0
2026-05-22,cv_3,ols_all,all,fy_gross_profit_growth_yoy,-1.498147003616282,0.0002148952796839932,-0.0003219447193498573,0.0019168501321404129,-0.27885415170779826,20.0,,12.0
2026-05-26,cv_3,ols_all,all,fy_gross_profit_growth_yoy,-1.498147003616282,0.0002148952796839932,-0.0003219447193498573,0.0019168501321404129,-0.3066876835260518,20.0,,12.0
2026-05-27,cv_3,ols_all,all,fy_gross_profit_growth_yoy,-1.498147003616282,0.0002148952796839932,-0.0003219447193498573,0.0019168501321404129,-0.31243786486749925,21.0,,12.0
2026-05-28,cv_3,ols_all,all,fy_gross_profit_growth_yoy,-1.498147003616282,0.0002148952796839932,-0.0003219447193498573,0.0019168501321404129,-0.3294682911459008,21.0,,13.0
2026-05-29,cv_3,ols_all,all,fy_gross_profit_growth_yoy,-1.498147003616282,0.0002148952796839932,-0.0003219447193498573,0.0019168501321404129,-0.31770161017869003,21.0,,13.0
2026-06-01,cv_3,ols_all,all,fy_gross_profit_growth_yoy,-1.498147003616282,0.0002148952796839932,-0.0003219447193498573,0.0019168501321404129,-0.34821628349468237,21.0,,14.0
2026-06-02,cv_3,ols_all,all,fy_gross_profit_growth_yoy,-1.498147003616282,0.0002148952796839932,-0.0003219447193498573,0.0019168501321404129,-0.35371639582117953,21.0,,13.0
2026-06-03,cv_3,ols_all,all,fy_gross_profit_growth_yoy,-1.498147003616282,0.0002148952796839932,-0.0003219447193498573,0.0019168501321404129,-0.34420945313243134,21.0,,13.0
2026-06-04,cv_3,ols_all,all,fy_gross_profit_growth_yoy,-1.498147003616282,0.0002148952796839932,-0.0003219447193498573,0.0019168501321404129,-0.38220014358746435,21.0,,14.0
2026-06-05,cv_3,ols_all,all,fy_gross_profit_growth_yoy,-1.498147003616282,0.0002148952796839932,-0.0003219447193498573,0.0019168501321404129,-0.320878057654449,21.0,,13.0
2026-06-08,cv_3,ols_all,all,fy_gross_profit_growth_yoy,-1.498147003616282,0.0002148952796839932,-0.0003219447193498573,0.0019168501321404129,-0.3655033545137669,21.0,,12.0
2026-06-09,cv_3,ols_all,all,fy_gross_profit_growth_yoy,-1.498147003616282,0.0002148952796839932,-0.0003219447193498573,0.0019168501321404129,-0.3685187486939041,21.0,,13.0
2026-06-10,cv_3,ols_all,all,fy_gross_profit_growth_yoy,-1.498147003616282,0.0002148952796839932,-0.0003219447193498573,0.0019168501321404129,-0.3406904386203665,21.0,,13.0
2026-06-11,cv_3,ols_all,all,fy_gross_profit_growth_yoy,-1.498147003616282,0.0002148952796839932,-0.0003219447193498573,0.0019168501321404129,-0.37033553062691005,20.0,,13.0
2026-06-12,cv_3,ols_all,all,fy_gross_profit_growth_yoy,-1.498147003616282,0.0002148952796839932,-0.0003219447193498573,0.0019168501321404129,-0.3649589593532163,21.0,,13.0
2026-05-08,cv_3,ols_all,all,fy_operating_income_growth_yoy,-1.4981470036162823,0.00021489527968448553,-0.00032194471935059494,0.0019168501321404129,-0.11612523362951441,13.0,,9.0
2026-05-11,cv_3,ols_all,all,fy_operating_income_growth_yoy,-1.4981470036162823,0.00021489527968448553,-0.00032194471935059494,0.0019168501321404129,-0.14198846944273966,13.0,,10.0
2026-05-12,cv_3,ols_all,all,fy_operating_income_growth_yoy,-1.4981470036162823,0.00021489527968448553,-0.00032194471935059494,0.0019168501321404129,-0.16147432819487798,13.0,,10.0
2026-05-13,cv_3,ols_all,all,fy_operating_income_growth_yoy,-1.4981470036162823,0.00021489527968448553,-0.00032194471935059494,0.0019168501321404129,-0.18413222394657808,12.0,,9.0
2026-05-14,cv_3,ols_all,all,fy_operating_income_growth_yoy,-1.4981470036162823,0.00021489527968448553,-0.00032194471935059494,0.0019168501321404129,-0.21180519548452587,12.0,,9.0
2026-05-15,cv_3,ols_all,all,fy_operating_income_growth_yoy,-1.4981470036162823,0.00021489527968448553,-0.00032194471935059494,0.0019168501321404129,-0.18255189412954054,13.0,,9.0
2026-05-18,cv_3,ols_all,all,fy_operating_income_growth_yoy,-1.4981470036162823,0.00021489527968448553,-0.00032194471935059494,0.0019168501321404129,-0.2137534070340777,13.0,,9.0
2026-05-19,cv_3,ols_all,all,fy_operating_income_growth_yoy,-1.4981470036162823,0.00021489527968448553,-0.00032194471935059494,0.0019168501321404129,-0.22588183234075296,12.0,,9.0
2026-05-20,cv_3,ols_all,all,fy_operating_income_growth_yoy,-1.4981470036162823,0.00021489527968448553,-0.00032194471935059494,0.0019168501321404129,-0.2406702029902289,12.0,,8.0
2026-05-21,cv_3,ols_all,all,fy_operating_income_growth_yoy,-1.4981470036162823,0.00021489527968448553,-0.00032194471935059494,0.0019168501321404129,-0.26356398594194974,19.0,,11.0
2026-05-22,cv_3,ols_all,all,fy_operating_income_growth_yoy,-1.4981470036162823,0.00021489527968448553,-0.00032194471935059494,0.0019168501321404129,-0.27885415170779826,18.0,,10.0
2026-05-26,cv_3,ols_all,all,fy_operating_income_growth_yoy,-1.4981470036162823,0.00021489527968448553,-0.00032194471935059494,0.0019168501321404129,-0.3066876835260518,18.0,,10.0
2026-05-27,cv_3,ols_all,all,fy_operating_income_growth_yoy,-1.4981470036162823,0.00021489527968448553,-0.00032194471935059494,0.0019168501321404129,-0.31243786486749925,19.0,,10.0
2026-05-28,cv_3,ols_all,all,fy_operating_income_growth_yoy,-1.4981470036162823,0.00021489527968448553,-0.00032194471935059494,0.0019168501321404129,-0.3294682911459008,19.0,,11.0
2026-05-29,cv_3,ols_all,all,fy_operating_income_growth_yoy,-1.4981470036162823,0.00021489527968448553,-0.00032194471935059494,0.0019168501321404129,-0.31770161017869003,19.0,,11.0
2026-06-01,cv_3,ols_all,all,fy_operating_income_growth_yoy,-1.4981470036162823,0.00021489527968448553,-0.00032194471935059494,0.0019168501321404129,-0.34821628349468237,19.0,,12.0
2026-06-02,cv_3,ols_all,all,fy_operating_income_growth_yoy,-1.4981470036162823,0.00021489527968448553,-0.00032194471935059494,0.0019168501321404129,-0.35371639582117953,19.0,,11.0
2026-06-03,cv_3,ols_all,all,fy_operating_income_growth_yoy,-1.4981470036162823,0.00021489527968448553,-0.00032194471935059494,0.0019168501321404129,-0.34420945313243134,19.0,,11.0
2026-06-04,cv_3,ols_all,all,fy_operating_income_growth_yoy,-1.4981470036162823,0.00021489527968448553,-0.00032194471935059494,0.0019168501321404129,-0.38220014358746435,19.0,,12.0
2026-06-05,cv_3,ols_all,all,fy_operating_income_growth_yoy,-1.4981470036162823,0.00021489527968448553,-0.00032194471935059494,0.0019168501321404129,-0.320878057654449,19.0,,11.0
2026-06-08,cv_3,ols_all,all,fy_operating_income_growth_yoy,-1.4981470036162823,0.00021489527968448553,-0.00032194471935059494,0.0019168501321404129,-0.3655033545137669,19.0,,10.0
2026-06-09,cv_3,ols_all,all,fy_operating_income_growth_yoy,-1.4981470036162823,0.00021489527968448553,-0.00032194471935059494,0.0019168501321404129,-0.3685187486939041,19.0,,11.0
2026-06-10,cv_3,ols_all,all,fy_operating_income_growth_yoy,-1.4981470036162823,0.00021489527968448553,-0.00032194471935059494,0.0019168501321404129,-0.3406904386203665,19.0,,11.0
2026-06-11,cv_3,ols_all,all,fy_operating_income_growth_yoy,-1.4981470036162823,0.00021489527968448553,-0.00032194471935059494,0.0019168501321404129,-0.37033553062691005,18.0,,11.0
2026-06-12,cv_3,ols_all,all,fy_operating_income_growth_yoy,-1.4981470036162823,0.00021489527968448553,-0.00032194471935059494,0.0019168501321404129,-0.3649589593532163,19.0,,11.0
2026-05-08,cv_3,ols_all,all,fy_net_income_growth_yoy,-1.4981470036162825,0.0002148952796843147,-0.00032194471935033907,0.0019168501321404129,-0.11612523362951441,14.0,,10.0
2026-05-11,cv_3,ols_all,all,fy_net_income_growth_yoy,-1.4981470036162825,0.0002148952796843147,-0.00032194471935033907,0.0019168501321404129,-0.14198846944273966,14.0,,11.0
2026-05-12,cv_3,ols_all,all,fy_net_income_growth_yoy,-1.4981470036162825,0.0002148952796843147,-0.00032194471935033907,0.0019168501321404129,-0.16147432819487798,14.0,,11.0
2026-05-13,cv_3,ols_all,all,fy_net_income_growth_yoy,-1.4981470036162825,0.0002148952796843147,-0.00032194471935033907,0.0019168501321404129,-0.18413222394657808,13.0,,10.0
2026-05-14,cv_3,ols_all,all,fy_net_income_growth_yoy,-1.4981470036162825,0.0002148952796843147,-0.00032194471935033907,0.0019168501321404129,-0.21180519548452587,13.0,,10.0
2026-05-15,cv_3,ols_all,all,fy_net_income_growth_yoy,-1.4981470036162825,0.0002148952796843147,-0.00032194471935033907,0.0019168501321404129,-0.18255189412954054,14.0,,10.0
2026-05-18,cv_3,ols_all,all,fy_net_income_growth_yoy,-1.4981470036162825,0.0002148952796843147,-0.00032194471935033907,0.0019168501321404129,-0.2137534070340777,14.0,,10.0
2026-05-19,cv_3,ols_all,all,fy_net_income_growth_yoy,-1.4981470036162825,0.0002148952796843147,-0.00032194471935033907,0.0019168501321404129,-0.22588183234075296,13.0,,10.0
2026-05-20,cv_3,ols_all,all,fy_net_income_growth_yoy,-1.4981470036162825,0.0002148952796843147,-0.00032194471935033907,0.0019168501321404129,-0.2406702029902289,13.0,,9.0
2026-05-21,cv_3,ols_all,all,fy_net_income_growth_yoy,-1.4981470036162825,0.0002148952796843147,-0.00032194471935033907,0.0019168501321404129,-0.26356398594194974,20.0,,12.0
2026-05-22,cv_3,ols_all,all,fy_net_income_growth_yoy,-1.4981470036162825,0.0002148952796843147,-0.00032194471935033907,0.0019168501321404129,-0.27885415170779826,19.0,,11.0
2026-05-26,cv_3,ols_all,all,fy_net_income_growth_yoy,-1.4981470036162825,0.0002148952796843147,-0.00032194471935033907,0.0019168501321404129,-0.3066876835260518,19.0,,11.0
2026-05-27,cv_3,ols_all,all,fy_net_income_growth_yoy,-1.4981470036162825,0.0002148952796843147,-0.00032194471935033907,0.0019168501321404129,-0.31243786486749925,20.0,,11.0
2026-05-28,cv_3,ols_all,all,fy_net_income_growth_yoy,-1.4981470036162825,0.0002148952796843147,-0.00032194471935033907,0.0019168501321404129,-0.3294682911459008,20.0,,12.0
2026-05-29,cv_3,ols_all,all,fy_net_income_growth_yoy,-1.4981470036162825,0.0002148952796843147,-0.00032194471935033907,0.0019168501321404129,-0.31770161017869003,20.0,,12.0
2026-06-01,cv_3,ols_all,all,fy_net_income_growth_yoy,-1.4981470036162825,0.0002148952796843147,-0.00032194471935033907,0.0019168501321404129,-0.34821628349468237,20.0,,13.0
2026-06-02,cv_3,ols_all,all,fy_net_income_growth_yoy,-1.4981470036162825,0.0002148952796843147,-0.00032194471935033907,0.0019168501321404129,-0.35371639582117953,20.0,,12.0
2026-06-03,cv_3,ols_all,all,fy_net_income_growth_yoy,-1.4981470036162825,0.0002148952796843147,-0.00032194471935033907,0.0019168501321404129,-0.34420945313243134,20.0,,12.0
2026-06-04,cv_3,ols_all,all,fy_net_income_growth_yoy,-1.4981470036162825,0.0002148952796843147,-0.00032194471935033907,0.0019168501321404129,-0.38220014358746435,20.0,,13.0
2026-06-05,cv_3,ols_all,all,fy_net_income_growth_yoy,-1.4981470036162825,0.0002148952796843147,-0.00032194471935033907,0.0019168501321404129,-0.320878057654449,20.0,,12.0
2026-06-08,cv_3,ols_all,all,fy_net_income_growth_yoy,-1.4981470036162825,0.0002148952796843147,-0.00032194471935033907,0.0019168501321404129,-0.3655033545137669,20.0,,11.0
2026-06-09,cv_3,ols_all,all,fy_net_income_growth_yoy,-1.4981470036162825,0.0002148952796843147,-0.00032194471935033907,0.0019168501321404129,-0.3685187486939041,20.0,,12.0
2026-06-10,cv_3,ols_all,all,fy_net_income_growth_yoy,-1.4981470036162825,0.0002148952796843147,-0.00032194471935033907,0.0019168501321404129,-0.3406904386203665,20.0,,12.0
2026-06-11,cv_3,ols_all,all,fy_net_income_growth_yoy,-1.4981470036162825,0.0002148952796843147,-0.00032194471935033907,0.0019168501321404129,-0.37033553062691005,19.0,,12.0
2026-06-12,cv_3,ols_all,all,fy_net_income_growth_yoy,-1.4981470036162825,0.0002148952796843147,-0.00032194471935033907,0.0019168501321404129,-0.3649589593532163,20.0,,12.0
2026-05-08,cv_3,ols_all,all,fy_rd_growth_yoy,-1.4981470036162827,0.00021489527968325526,-0.0003219447193487519,0.0019168501321404129,-0.11612523362951441,17.0,,13.0
2026-05-11,cv_3,ols_all,all,fy_rd_growth_yoy,-1.4981470036162827,0.00021489527968325526,-0.0003219447193487519,0.0019168501321404129,-0.14198846944273966,17.0,,14.0
2026-05-12,cv_3,ols_all,all,fy_rd_growth_yoy,-1.4981470036162827,0.00021489527968325526,-0.0003219447193487519,0.0019168501321404129,-0.16147432819487798,17.0,,14.0
2026-05-13,cv_3,ols_all,all,fy_rd_growth_yoy,-1.4981470036162827,0.00021489527968325526,-0.0003219447193487519,0.0019168501321404129,-0.18413222394657808,16.0,,13.0
2026-05-14,cv_3,ols_all,all,fy_rd_growth_yoy,-1.4981470036162827,0.00021489527968325526,-0.0003219447193487519,0.0019168501321404129,-0.21180519548452587,16.0,,13.0
2026-05-15,cv_3,ols_all,all,fy_rd_growth_yoy,-1.4981470036162827,0.00021489527968325526,-0.0003219447193487519,0.0019168501321404129,-0.18255189412954054,17.0,,13.0
2026-05-18,cv_3,ols_all,all,fy_rd_growth_yoy,-1.4981470036162827,0.00021489527968325526,-0.0003219447193487519,0.0019168501321404129,-0.2137534070340777,17.0,,13.0
2026-05-19,cv_3,ols_all,all,fy_rd_growth_yoy,-1.4981470036162827,0.00021489527968325526,-0.0003219447193487519,0.0019168501321404129,-0.22588183234075296,16.0,,13.0
2026-05-20,cv_3,ols_all,all,fy_rd_growth_yoy,-1.4981470036162827,0.00021489527968325526,-0.0003219447193487519,0.0019168501321404129,-0.2406702029902289,16.0,,12.0
2026-05-21,cv_3,ols_all,all,fy_rd_growth_yoy,-1.4981470036162827,0.00021489527968325526,-0.0003219447193487519,0.0019168501321404129,-0.26356398594194974,23.0,,15.0
2026-05-22,cv_3,ols_all,all,fy_rd_growth_yoy,-1.4981470036162827,0.00021489527968325526,-0.0003219447193487519,0.0019168501321404129,-0.27885415170779826,22.0,,14.0
2026-05-26,cv_3,ols_all,all,fy_rd_growth_yoy,-1.4981470036162827,0.00021489527968325526,-0.0003219447193487519,0.0019168501321404129,-0.3066876835260518,22.0,,14.0
2026-05-27,cv_3,ols_all,all,fy_rd_growth_yoy,-1.4981470036162827,0.00021489527968325526,-0.0003219447193487519,0.0019168501321404129,-0.31243786486749925,23.0,,14.0
2026-05-28,cv_3,ols_all,all,fy_rd_growth_yoy,-1.4981470036162827,0.00021489527968325526,-0.0003219447193487519,0.0019168501321404129,-0.3294682911459008,23.0,,15.0
2026-05-29,cv_3,ols_all,all,fy_rd_growth_yoy,-1.4981470036162827,0.00021489527968325526,-0.0003219447193487519,0.0019168501321404129,-0.31770161017869003,23.0,,15.0
2026-06-01,cv_3,ols_all,all,fy_rd_growth_yoy,-1.4981470036162827,0.00021489527968325526,-0.0003219447193487519,0.0019168501321404129,-0.34821628349468237,23.0,,16.0
2026-06-02,cv_3,ols_all,all,fy_rd_growth_yoy,-1.4981470036162827,0.00021489527968325526,-0.0003219447193487519,0.0019168501321404129,-0.35371639582117953,23.0,,15.0
2026-06-03,cv_3,ols_all,all,fy_rd_growth_yoy,-1.4981470036162827,0.00021489527968325526,-0.0003219447193487519,0.0019168501321404129,-0.34420945313243134,23.0,,15.0
2026-06-04,cv_3,ols_all,all,fy_rd_growth_yoy,-1.4981470036162827,0.00021489527968325526,-0.0003219447193487519,0.0019168501321404129,-0.38220014358746435,23.0,,16.0
2026-06-05,cv_3,ols_all,all,fy_rd_growth_yoy,-1.4981470036162827,0.00021489527968325526,-0.0003219447193487519,0.0019168501321404129,-0.320878057654449,23.0,,15.0
2026-06-08,cv_3,ols_all,all,fy_rd_growth_yoy,-1.4981470036162827,0.00021489527968325526,-0.0003219447193487519,0.0019168501321404129,-0.3655033545137669,23.0,,14.0
2026-06-09,cv_3,ols_all,all,fy_rd_growth_yoy,-1.4981470036162827,0.00021489527968325526,-0.0003219447193487519,0.0019168501321404129,-0.3685187486939041,23.0,,15.0
2026-06-10,cv_3,ols_all,all,fy_rd_growth_yoy,-1.4981470036162827,0.00021489527968325526,-0.0003219447193487519,0.0019168501321404129,-0.3406904386203665,23.0,,15.0
2026-06-11,cv_3,ols_all,all,fy_rd_growth_yoy,-1.4981470036162827,0.00021489527968325526,-0.0003219447193487519,0.0019168501321404129,-0.37033553062691005,22.0,,15.0
2026-06-12,cv_3,ols_all,all,fy_rd_growth_yoy,-1.4981470036162827,0.00021489527968325526,-0.0003219447193487519,0.0019168501321404129,-0.3649589593532163,23.0,,15.0
2026-05-08,cv_3,ols_all,all,fy_operating_cash_flow_growth_yoy,-1.4981470036162823,0.00021489527968237632,-0.00032194471934743503,0.0019168501321404129,-0.11612523362951441,22.0,,18.0
2026-05-11,cv_3,ols_all,all,fy_operating_cash_flow_growth_yoy,-1.4981470036162823,0.00021489527968237632,-0.00032194471934743503,0.0019168501321404129,-0.14198846944273966,22.0,,19.0
2026-05-12,cv_3,ols_all,all,fy_operating_cash_flow_growth_yoy,-1.4981470036162823,0.00021489527968237632,-0.00032194471934743503,0.0019168501321404129,-0.16147432819487798,22.0,,19.0
2026-05-13,cv_3,ols_all,all,fy_operating_cash_flow_growth_yoy,-1.4981470036162823,0.00021489527968237632,-0.00032194471934743503,0.0019168501321404129,-0.18413222394657808,21.0,,18.0
2026-05-14,cv_3,ols_all,all,fy_operating_cash_flow_growth_yoy,-1.4981470036162823,0.00021489527968237632,-0.00032194471934743503,0.0019168501321404129,-0.21180519548452587,21.0,,18.0
2026-05-15,cv_3,ols_all,all,fy_operating_cash_flow_growth_yoy,-1.4981470036162823,0.00021489527968237632,-0.00032194471934743503,0.0019168501321404129,-0.18255189412954054,22.0,,18.0
2026-05-18,cv_3,ols_all,all,fy_operating_cash_flow_growth_yoy,-1.4981470036162823,0.00021489527968237632,-0.00032194471934743503,0.0019168501321404129,-0.2137534070340777,22.0,,18.0
2026-05-19,cv_3,ols_all,all,fy_operating_cash_flow_growth_yoy,-1.4981470036162823,0.00021489527968237632,-0.00032194471934743503,0.0019168501321404129,-0.22588183234075296,21.0,,18.0
2026-05-20,cv_3,ols_all,all,fy_operating_cash_flow_growth_yoy,-1.4981470036162823,0.00021489527968237632,-0.00032194471934743503,0.0019168501321404129,-0.2406702029902289,21.0,,17.0
2026-05-21,cv_3,ols_all,all,fy_operating_cash_flow_growth_yoy,-1.4981470036162823,0.00021489527968237632,-0.00032194471934743503,0.0019168501321404129,-0.26356398594194974,28.0,,20.0
2026-05-22,cv_3,ols_all,all,fy_operating_cash_flow_growth_yoy,-1.4981470036162823,0.00021489527968237632,-0.00032194471934743503,0.0019168501321404129,-0.27885415170779826,27.0,,19.0
2026-05-26,cv_3,ols_all,all,fy_operating_cash_flow_growth_yoy,-1.4981470036162823,0.00021489527968237632,-0.00032194471934743503,0.0019168501321404129,-0.3066876835260518,27.0,,19.0
2026-05-27,cv_3,ols_all,all,fy_operating_cash_flow_growth_yoy,-1.4981470036162823,0.00021489527968237632,-0.00032194471934743503,0.0019168501321404129,-0.31243786486749925,28.0,,19.0
2026-05-28,cv_3,ols_all,all,fy_operating_cash_flow_growth_yoy,-1.4981470036162823,0.00021489527968237632,-0.00032194471934743503,0.0019168501321404129,-0.3294682911459008,28.0,,20.0
2026-05-29,cv_3,ols_all,all,fy_operating_cash_flow_growth_yoy,-1.4981470036162823,0.00021489527968237632,-0.00032194471934743503,0.0019168501321404129,-0.31770161017869003,28.0,,20.0
2026-06-01,cv_3,ols_all,all,fy_operating_cash_flow_growth_yoy,-1.4981470036162823,0.00021489527968237632,-0.00032194471934743503,0.0019168501321404129,-0.34821628349468237,28.0,,21.0
2026-06-02,cv_3,ols_all,all,fy_operating_cash_flow_growth_yoy,-1.4981470036162823,0.00021489527968237632,-0.00032194471934743503,0.0019168501321404129,-0.35371639582117953,28.0,,20.0
2026-06-03,cv_3,ols_all,all,fy_operating_cash_flow_growth_yoy,-1.4981470036162823,0.00021489527968237632,-0.00032194471934743503,0.0019168501321404129,-0.34420945313243134,28.0,,20.0
2026-06-04,cv_3,ols_all,all,fy_operating_cash_flow_growth_yoy,-1.4981470036162823,0.00021489527968237632,-0.00032194471934743503,0.0019168501321404129,-0.38220014358746435,28.0,,21.0
2026-06-05,cv_3,ols_all,all,fy_operating_cash_flow_growth_yoy,-1.4981470036162823,0.00021489527968237632,-0.00032194471934743503,0.0019168501321404129,-0.320878057654449,28.0,,20.0
2026-06-08,cv_3,ols_all,all,fy_operating_cash_flow_growth_yoy,-1.4981470036162823,0.00021489527968237632,-0.00032194471934743503,0.0019168501321404129,-0.3655033545137669,28.0,,19.0
2026-06-09,cv_3,ols_all,all,fy_operating_cash_flow_growth_yoy,-1.4981470036162823,0.00021489527968237632,-0.00032194471934743503,0.0019168501321404129,-0.3685187486939041,28.0,,20.0
2026-06-10,cv_3,ols_all,all,fy_operating_cash_flow_growth_yoy,-1.4981470036162823,0.00021489527968237632,-0.00032194471934743503,0.0019168501321404129,-0.3406904386203665,28.0,,20.0
2026-06-11,cv_3,ols_all,all,fy_operating_cash_flow_growth_yoy,-1.4981470036162823,0.00021489527968237632,-0.00032194471934743503,0.0019168501321404129,-0.37033553062691005,27.0,,20.0
2026-06-12,cv_3,ols_all,all,fy_operating_cash_flow_growth_yoy,-1.4981470036162823,0.00021489527968237632,-0.00032194471934743503,0.0019168501321404129,-0.3649589593532163,28.0,,20.0
2026-05-08,cv_3,ols_all,all,current_ratio,-1.3592200779448769,0.0002605333759731127,-0.00035412219559741615,0.0019168501321404129,-0.11612523362951441,10.0,,6.0
2026-05-11,cv_3,ols_all,all,current_ratio,-1.3592200779448769,0.0002605333759731127,-0.00035412219559741615,0.0019168501321404129,-0.14198846944273966,10.0,,7.0
2026-05-12,cv_3,ols_all,all,current_ratio,-1.3592200779448769,0.0002605333759731127,-0.00035412219559741615,0.0019168501321404129,-0.16147432819487798,10.0,,7.0
2026-05-13,cv_3,ols_all,all,current_ratio,-1.3592200779448769,0.0002605333759731127,-0.00035412219559741615,0.0019168501321404129,-0.18413222394657808,9.0,,6.0
2026-05-14,cv_3,ols_all,all,current_ratio,-1.3592200779448769,0.0002605333759731127,-0.00035412219559741615,0.0019168501321404129,-0.21180519548452587,9.0,,6.0
2026-05-15,cv_3,ols_all,all,current_ratio,-1.3592200779448769,0.0002605333759731127,-0.00035412219559741615,0.0019168501321404129,-0.18255189412954054,10.0,,6.0
2026-05-18,cv_3,ols_all,all,current_ratio,-1.3592200779448769,0.0002605333759731127,-0.00035412219559741615,0.0019168501321404129,-0.2137534070340777,10.0,,6.0
2026-05-19,cv_3,ols_all,all,current_ratio,-1.3592200779448769,0.0002605333759731127,-0.00035412219559741615,0.0019168501321404129,-0.22588183234075296,9.0,,6.0
2026-05-20,cv_3,ols_all,all,current_ratio,-1.3592200779448769,0.0002605333759731127,-0.00035412219559741615,0.0019168501321404129,-0.2406702029902289,9.0,,5.0
2026-05-21,cv_3,ols_all,all,current_ratio,-3.293059930568661,0.0002605333759731127,-0.0008579520209928374,0.0019168501321404129,-0.26356398594194974,15.0,,8.0
2026-05-22,cv_3,ols_all,all,current_ratio,-3.293059930568661,0.0002605333759731127,-0.0008579520209928374,0.0019168501321404129,-0.27885415170779826,14.0,,7.0
2026-05-26,cv_3,ols_all,all,current_ratio,-3.293059930568661,0.0002605333759731127,-0.0008579520209928374,0.0019168501321404129,-0.3066876835260518,13.0,,7.0
2026-05-27,cv_3,ols_all,all,current_ratio,-3.293059930568661,0.0002605333759731127,-0.0008579520209928374,0.0019168501321404129,-0.31243786486749925,13.0,,7.0
2026-05-28,cv_3,ols_all,all,current_ratio,-3.293059930568661,0.0002605333759731127,-0.0008579520209928374,0.0019168501321404129,-0.3294682911459008,15.0,,8.0
2026-05-29,cv_3,ols_all,all,current_ratio,-3.293059930568661,0.0002605333759731127,-0.0008579520209928374,0.0019168501321404129,-0.31770161017869003,14.0,,7.0
2026-06-01,cv_3,ols_all,all,current_ratio,-3.293059930568661,0.0002605333759731127,-0.0008579520209928374,0.0019168501321404129,-0.34821628349468237,15.0,,9.0
2026-06-02,cv_3,ols_all,all,current_ratio,-3.293059930568661,0.0002605333759731127,-0.0008579520209928374,0.0019168501321404129,-0.35371639582117953,15.0,,8.0
2026-06-03,cv_3,ols_all,all,current_ratio,-3.293059930568661,0.0002605333759731127,-0.0008579520209928374,0.0019168501321404129,-0.34420945313243134,15.0,,8.0
2026-06-04,cv_3,ols_all,all,current_ratio,-3.293059930568661,0.0002605333759731127,-0.0008579520209928374,0.0019168501321404129,-0.38220014358746435,15.0,,9.0
2026-06-05,cv_3,ols_all,all,current_ratio,-3.293059930568661,0.0002605333759731127,-0.0008579520209928374,0.0019168501321404129,-0.320878057654449,15.0,,8.0
2026-06-08,cv_3,ols_all,all,current_ratio,-3.293059930568661,0.0002605333759731127,-0.0008579520209928374,0.0019168501321404129,-0.3655033545137669,14.0,,7.0
2026-06-09,cv_3,ols_all,all,current_ratio,-3.293059930568661,0.0002605333759731127,-0.0008579520209928374,0.0019168501321404129,-0.3685187486939041,15.0,,8.0
2026-06-10,cv_3,ols_all,all,current_ratio,-3.293059930568661,0.0002605333759731127,-0.0008579520209928374,0.0019168501321404129,-0.3406904386203665,15.0,,8.0
2026-06-11,cv_3,ols_all,all,current_ratio,-3.293059930568661,0.0002605333759731127,-0.0008579520209928374,0.0019168501321404129,-0.37033553062691005,14.0,,8.0
2026-06-12,cv_3,ols_all,all,current_ratio,-3.293059930568661,0.0002605333759731127,-0.0008579520209928374,0.0019168501321404129,-0.3649589593532163,14.0,,7.0
2026-05-08,cv_3,ols_all,all,cash_to_assets,-1.3864314271821463,0.00013979627030329846,-0.00019381794255134317,0.0019168501321404129,-0.11612523362951441,23.0,,19.0
2026-05-11,cv_3,ols_all,all,cash_to_assets,-1.3864314271821463,0.00013979627030329846,-0.00019381794255134317,0.0019168501321404129,-0.14198846944273966,23.0,,20.0
2026-05-12,cv_3,ols_all,all,cash_to_assets,-1.3864314271821463,0.00013979627030329846,-0.00019381794255134317,0.0019168501321404129,-0.16147432819487798,23.0,,20.0
2026-05-13,cv_3,ols_all,all,cash_to_assets,-1.3864314271821463,0.00013979627030329846,-0.00019381794255134317,0.0019168501321404129,-0.18413222394657808,23.0,,19.0
2026-05-14,cv_3,ols_all,all,cash_to_assets,-1.3864314271821463,0.00013979627030329846,-0.00019381794255134317,0.0019168501321404129,-0.21180519548452587,23.0,,20.0
2026-05-15,cv_3,ols_all,all,cash_to_assets,-1.3864314271821463,0.00013979627030329846,-0.00019381794255134317,0.0019168501321404129,-0.18255189412954054,23.0,,19.0
2026-05-18,cv_3,ols_all,all,cash_to_assets,-1.3864314271821463,0.00013979627030329846,-0.00019381794255134317,0.0019168501321404129,-0.2137534070340777,23.0,,19.0
2026-05-19,cv_3,ols_all,all,cash_to_assets,-1.3864314271821463,0.00013979627030329846,-0.00019381794255134317,0.0019168501321404129,-0.22588183234075296,22.0,,19.0
2026-05-20,cv_3,ols_all,all,cash_to_assets,-1.3864314271821463,0.00013979627030329846,-0.00019381794255134317,0.0019168501321404129,-0.2406702029902289,23.0,,19.0
2026-05-21,cv_3,ols_all,all,cash_to_assets,-1.408577612235408,0.00013979627030329846,-0.0001969138966232358,0.0019168501321404129,-0.26356398594194974,30.0,,21.0
2026-05-22,cv_3,ols_all,all,cash_to_assets,-1.408577612235408,0.00013979627030329846,-0.0001969138966232358,0.0019168501321404129,-0.27885415170779826,29.0,,20.0
2026-05-26,cv_3,ols_all,all,cash_to_assets,-1.408577612235408,0.00013979627030329846,-0.0001969138966232358,0.0019168501321404129,-0.3066876835260518,29.0,,20.0
2026-05-27,cv_3,ols_all,all,cash_to_assets,-1.408577612235408,0.00013979627030329846,-0.0001969138966232358,0.0019168501321404129,-0.31243786486749925,30.0,,20.0
2026-05-28,cv_3,ols_all,all,cash_to_assets,-1.408577612235408,0.00013979627030329846,-0.0001969138966232358,0.0019168501321404129,-0.3294682911459008,30.0,,21.0
2026-05-29,cv_3,ols_all,all,cash_to_assets,-1.408577612235408,0.00013979627030329846,-0.0001969138966232358,0.0019168501321404129,-0.31770161017869003,30.0,,21.0
2026-06-01,cv_3,ols_all,all,cash_to_assets,-1.408577612235408,0.00013979627030329846,-0.0001969138966232358,0.0019168501321404129,-0.34821628349468237,30.0,,22.0
2026-06-02,cv_3,ols_all,all,cash_to_assets,-1.408577612235408,0.00013979627030329846,-0.0001969138966232358,0.0019168501321404129,-0.35371639582117953,30.0,,21.0
2026-06-03,cv_3,ols_all,all,cash_to_assets,-1.408577612235408,0.00013979627030329846,-0.0001969138966232358,0.0019168501321404129,-0.34420945313243134,30.0,,21.0
2026-06-04,cv_3,ols_all,all,cash_to_assets,-1.408577612235408,0.00013979627030329846,-0.0001969138966232358,0.0019168501321404129,-0.38220014358746435,30.0,,22.0
2026-06-05,cv_3,ols_all,all,cash_to_assets,-1.408577612235408,0.00013979627030329846,-0.0001969138966232358,0.0019168501321404129,-0.320878057654449,30.0,,21.0
2026-06-08,cv_3,ols_all,all,cash_to_assets,-1.408577612235408,0.00013979627030329846,-0.0001969138966232358,0.0019168501321404129,-0.3655033545137669,30.0,,20.0
2026-06-09,cv_3,ols_all,all,cash_to_assets,-1.408577612235408,0.00013979627030329846,-0.0001969138966232358,0.0019168501321404129,-0.3685187486939041,30.0,,21.0
2026-06-10,cv_3,ols_all,all,cash_to_assets,-1.408577612235408,0.00013979627030329846,-0.0001969138966232358,0.0019168501321404129,-0.3406904386203665,30.0,,21.0
2026-06-11,cv_3,ols_all,all,cash_to_assets,-1.408577612235408,0.00013979627030329846,-0.0001969138966232358,0.0019168501321404129,-0.37033553062691005,29.0,,21.0
2026-06-12,cv_3,ols_all,all,cash_to_assets,-1.408577612235408,0.00013979627030329846,-0.0001969138966232358,0.0019168501321404129,-0.3649589593532163,30.0,,21.0
2026-05-08,cv_3,ols_all,all,liabilities_to_assets,-1.223533401502575,8.55379282018575e-05,-0.00010465851225030175,0.0019168501321404129,-0.11612523362951441,24.0,,20.0
2026-05-11,cv_3,ols_all,all,liabilities_to_assets,-1.223533401502575,8.55379282018575e-05,-0.00010465851225030175,0.0019168501321404129,-0.14198846944273966,24.0,,21.0
2026-05-12,cv_3,ols_all,all,liabilities_to_assets,-1.223533401502575,8.55379282018575e-05,-0.00010465851225030175,0.0019168501321404129,-0.16147432819487798,24.0,,21.0
2026-05-13,cv_3,ols_all,all,liabilities_to_assets,-1.223533401502575,8.55379282018575e-05,-0.00010465851225030175,0.0019168501321404129,-0.18413222394657808,24.0,,20.0
2026-05-14,cv_3,ols_all,all,liabilities_to_assets,-1.223533401502575,8.55379282018575e-05,-0.00010465851225030175,0.0019168501321404129,-0.21180519548452587,24.0,,21.0
2026-05-15,cv_3,ols_all,all,liabilities_to_assets,-1.223533401502575,8.55379282018575e-05,-0.00010465851225030175,0.0019168501321404129,-0.18255189412954054,24.0,,20.0
2026-05-18,cv_3,ols_all,all,liabilities_to_assets,-1.223533401502575,8.55379282018575e-05,-0.00010465851225030175,0.0019168501321404129,-0.2137534070340777,24.0,,20.0
2026-05-19,cv_3,ols_all,all,liabilities_to_assets,-1.223533401502575,8.55379282018575e-05,-0.00010465851225030175,0.0019168501321404129,-0.22588183234075296,24.0,,21.0
2026-05-20,cv_3,ols_all,all,liabilities_to_assets,-1.223533401502575,8.55379282018575e-05,-0.00010465851225030175,0.0019168501321404129,-0.2406702029902289,24.0,,20.0
2026-05-21,cv_3,ols_all,all,liabilities_to_assets,-0.8251866667507585,8.55379282018575e-05,-7.058475785365649e-05,0.0019168501321404129,-0.26356398594194974,35.0,,23.0
2026-05-22,cv_3,ols_all,all,liabilities_to_assets,-0.8251866667507585,8.55379282018575e-05,-7.058475785365649e-05,0.0019168501321404129,-0.27885415170779826,34.0,,22.0
2026-05-26,cv_3,ols_all,all,liabilities_to_assets,-0.8251866667507585,8.55379282018575e-05,-7.058475785365649e-05,0.0019168501321404129,-0.3066876835260518,34.0,,22.0
2026-05-27,cv_3,ols_all,all,liabilities_to_assets,-0.8251866667507585,8.55379282018575e-05,-7.058475785365649e-05,0.0019168501321404129,-0.31243786486749925,35.0,,22.0
2026-05-28,cv_3,ols_all,all,liabilities_to_assets,-0.8251866667507585,8.55379282018575e-05,-7.058475785365649e-05,0.0019168501321404129,-0.3294682911459008,35.0,,23.0
2026-05-29,cv_3,ols_all,all,liabilities_to_assets,-0.8251866667507585,8.55379282018575e-05,-7.058475785365649e-05,0.0019168501321404129,-0.31770161017869003,35.0,,23.0
2026-06-01,cv_3,ols_all,all,liabilities_to_assets,-0.8251866667507585,8.55379282018575e-05,-7.058475785365649e-05,0.0019168501321404129,-0.34821628349468237,35.0,,24.0
2026-06-02,cv_3,ols_all,all,liabilities_to_assets,-0.8251866667507585,8.55379282018575e-05,-7.058475785365649e-05,0.0019168501321404129,-0.35371639582117953,35.0,,23.0
2026-06-03,cv_3,ols_all,all,liabilities_to_assets,-0.8251866667507585,8.55379282018575e-05,-7.058475785365649e-05,0.0019168501321404129,-0.34420945313243134,35.0,,23.0
2026-06-04,cv_3,ols_all,all,liabilities_to_assets,-0.8251866667507585,8.55379282018575e-05,-7.058475785365649e-05,0.0019168501321404129,-0.38220014358746435,35.0,,24.0
2026-06-05,cv_3,ols_all,all,liabilities_to_assets,-0.8251866667507585,8.55379282018575e-05,-7.058475785365649e-05,0.0019168501321404129,-0.320878057654449,35.0,,23.0
2026-06-08,cv_3,ols_all,all,liabilities_to_assets,-0.8251866667507585,8.55379282018575e-05,-7.058475785365649e-05,0.0019168501321404129,-0.3655033545137669,35.0,,22.0
2026-06-09,cv_3,ols_all,all,liabilities_to_assets,-0.8251866667507585,8.55379282018575e-05,-7.058475785365649e-05,0.0019168501321404129,-0.3685187486939041,35.0,,23.0
2026-06-10,cv_3,ols_all,all,liabilities_to_assets,-0.8251866667507585,8.55379282018575e-05,-7.058475785365649e-05,0.0019168501321404129,-0.3406904386203665,35.0,,23.0
2026-06-11,cv_3,ols_all,all,liabilities_to_assets,-0.8251866667507585,8.55379282018575e-05,-7.058475785365649e-05,0.0019168501321404129,-0.37033553062691005,35.0,,24.0
2026-06-12,cv_3,ols_all,all,liabilities_to_assets,-0.8251866667507585,8.55379282018575e-05,-7.058475785365649e-05,0.0019168501321404129,-0.3649589593532163,35.0,,23.0
2026-05-08,cv_3,ols_all,all,debt_to_assets,-1.1775640297680954,7.252962214687362e-05,-8.540827413282979e-05,0.0019168501321404129,-0.11612523362951441,25.0,,21.0
2026-05-11,cv_3,ols_all,all,debt_to_assets,-1.1775640297680954,7.252962214687362e-05,-8.540827413282979e-05,0.0019168501321404129,-0.14198846944273966,25.0,,22.0
2026-05-12,cv_3,ols_all,all,debt_to_assets,-1.1775640297680954,7.252962214687362e-05,-8.540827413282979e-05,0.0019168501321404129,-0.16147432819487798,25.0,,22.0
2026-05-13,cv_3,ols_all,all,debt_to_assets,-1.1775640297680954,7.252962214687362e-05,-8.540827413282979e-05,0.0019168501321404129,-0.18413222394657808,25.0,,21.0
2026-05-14,cv_3,ols_all,all,debt_to_assets,-1.1775640297680954,7.252962214687362e-05,-8.540827413282979e-05,0.0019168501321404129,-0.21180519548452587,25.0,,22.0
2026-05-15,cv_3,ols_all,all,debt_to_assets,-1.1775640297680954,7.252962214687362e-05,-8.540827413282979e-05,0.0019168501321404129,-0.18255189412954054,25.0,,21.0
2026-05-18,cv_3,ols_all,all,debt_to_assets,-1.1775640297680954,7.252962214687362e-05,-8.540827413282979e-05,0.0019168501321404129,-0.2137534070340777,25.0,,21.0
2026-05-19,cv_3,ols_all,all,debt_to_assets,-1.1775640297680954,7.252962214687362e-05,-8.540827413282979e-05,0.0019168501321404129,-0.22588183234075296,25.0,,22.0
2026-05-20,cv_3,ols_all,all,debt_to_assets,-1.1775640297680954,7.252962214687362e-05,-8.540827413282979e-05,0.0019168501321404129,-0.2406702029902289,25.0,,21.0
2026-05-21,cv_3,ols_all,all,debt_to_assets,-2.0009339806445445,7.252962214687362e-05,-0.00014512698555698854,0.0019168501321404129,-0.26356398594194974,33.0,,22.0
2026-05-22,cv_3,ols_all,all,debt_to_assets,-2.0009339806445445,7.252962214687362e-05,-0.00014512698555698854,0.0019168501321404129,-0.27885415170779826,32.0,,21.0
2026-05-26,cv_3,ols_all,all,debt_to_assets,-2.0009339806445445,7.252962214687362e-05,-0.00014512698555698854,0.0019168501321404129,-0.3066876835260518,32.0,,21.0
2026-05-27,cv_3,ols_all,all,debt_to_assets,-2.0009339806445445,7.252962214687362e-05,-0.00014512698555698854,0.0019168501321404129,-0.31243786486749925,33.0,,21.0
2026-05-28,cv_3,ols_all,all,debt_to_assets,-2.0009339806445445,7.252962214687362e-05,-0.00014512698555698854,0.0019168501321404129,-0.3294682911459008,33.0,,22.0
2026-05-29,cv_3,ols_all,all,debt_to_assets,-2.0009339806445445,7.252962214687362e-05,-0.00014512698555698854,0.0019168501321404129,-0.31770161017869003,33.0,,22.0
2026-06-01,cv_3,ols_all,all,debt_to_assets,-2.0009339806445445,7.252962214687362e-05,-0.00014512698555698854,0.0019168501321404129,-0.34821628349468237,33.0,,23.0
2026-06-02,cv_3,ols_all,all,debt_to_assets,-2.0009339806445445,7.252962214687362e-05,-0.00014512698555698854,0.0019168501321404129,-0.35371639582117953,33.0,,22.0
2026-06-03,cv_3,ols_all,all,debt_to_assets,-2.0009339806445445,7.252962214687362e-05,-0.00014512698555698854,0.0019168501321404129,-0.34420945313243134,33.0,,22.0
2026-06-04,cv_3,ols_all,all,debt_to_assets,-2.0009339806445445,7.252962214687362e-05,-0.00014512698555698854,0.0019168501321404129,-0.38220014358746435,33.0,,23.0
2026-06-05,cv_3,ols_all,all,debt_to_assets,-2.0009339806445445,7.252962214687362e-05,-0.00014512698555698854,0.0019168501321404129,-0.320878057654449,33.0,,22.0
2026-06-08,cv_3,ols_all,all,debt_to_assets,-2.0009339806445445,7.252962214687362e-05,-0.00014512698555698854,0.0019168501321404129,-0.3655033545137669,33.0,,21.0
2026-06-09,cv_3,ols_all,all,debt_to_assets,-2.0009339806445445,7.252962214687362e-05,-0.00014512698555698854,0.0019168501321404129,-0.3685187486939041,33.0,,22.0
2026-06-10,cv_3,ols_all,all,debt_to_assets,-2.0009339806445445,7.252962214687362e-05,-0.00014512698555698854,0.0019168501321404129,-0.3406904386203665,33.0,,22.0
2026-06-11,cv_3,ols_all,all,debt_to_assets,-2.0009339806445445,7.252962214687362e-05,-0.00014512698555698854,0.0019168501321404129,-0.37033553062691005,32.0,,22.0
2026-06-12,cv_3,ols_all,all,debt_to_assets,-2.0009339806445445,7.252962214687362e-05,-0.00014512698555698854,0.0019168501321404129,-0.3649589593532163,33.0,,22.0
2026-05-08,cv_3,ridge_all,all,simple_return,0.7359866874233241,-0.00200720862356153,-0.0014772788258225803,0.0019168501321404196,-0.11565072329510094,7.0,,5.0
2026-05-11,cv_3,ridge_all,all,simple_return,0.8328109855998602,-0.00200720862356153,-0.0016716253920928167,0.0019168501321404196,-0.13943555690515969,8.0,,6.0
2026-05-12,cv_3,ridge_all,all,simple_return,0.2367456120619766,-0.00200720862356153,-0.00047519783412115204,0.0019168501321404196,-0.15736769883870705,8.0,,6.0
2026-05-13,cv_3,ridge_all,all,simple_return,0.9718223137000341,-0.00200720862356153,-0.001950650128628227,0.0019168501321404196,-0.18226482992894502,7.0,,5.0
2026-05-14,cv_3,ridge_all,all,simple_return,1.8928749742932773,-0.00200720862356153,-0.0037993949717252755,0.0019168501321404196,-0.21299320268688648,7.0,,5.0
2026-05-15,cv_3,ridge_all,all,simple_return,-1.9687732311808022,-0.00200720862356153,0.003951738607463204,0.0019168501321404196,-0.1851039402920156,7.0,4.0,
2026-05-18,cv_3,ridge_all,all,simple_return,-0.6146755810964442,-0.00200720862356153,0.0012337821270694772,0.0019168501321404196,-0.20718964223566172,8.0,5.0,
2026-05-19,cv_3,ridge_all,all,simple_return,-0.36817072783894506,-0.00200720862356153,0.0007389954598612556,0.0019168501321404196,-0.2213459262374009,7.0,4.0,
2026-05-20,cv_3,ridge_all,all,simple_return,0.5373879072919826,-0.00200720862356153,-0.0010786496417141515,0.0019168501321404196,-0.2365580449274366,7.0,,5.0
2026-05-21,cv_3,ridge_all,all,simple_return,-0.8078431237689724,-0.00200720862356153,0.0016215096845139658,0.0019168501321404196,-0.23886720476989182,9.0,4.0,
2026-05-22,cv_3,ridge_all,all,simple_return,-0.865793854423008,-0.00200720862356153,0.0017378288908244377,0.0019168501321404196,-0.25566857210985655,10.0,5.0,
2026-05-26,cv_3,ridge_all,all,simple_return,-0.12665526833195112,-0.00200720862356153,0.00025422354681539183,0.0019168501321404196,-0.28150391873797337,26.0,8.0,
2026-05-27,cv_3,ridge_all,all,simple_return,-0.49209962825615056,-0.00200720862356153,0.0009877466174871685,0.0019168501321404196,-0.2877562065120959,10.0,5.0,
2026-05-28,cv_3,ridge_all,all,simple_return,0.3092837908389748,-0.00200720862356153,-0.0006207970920997908,0.0019168501321404196,-0.3045877179037976,12.0,,9.0
2026-05-29,cv_3,ridge_all,all,simple_return,-0.667343877168791,-0.00200720862356153,0.0013394983851341836,0.0019168501321404196,-0.29256600477466455,10.0,6.0,
2026-06-01,cv_3,ridge_all,all,simple_return,2.714005604934843,-0.00200720862356153,-0.005447575454619544,0.0019168501321404196,-0.3315452739490575,8.0,,6.0
2026-06-02,cv_3,ridge_all,all,simple_return,-0.3318835486136222,-0.00200720862356153,0.0006661595207954647,0.0019168501321404196,-0.32475557781870823,13.0,6.0,
2026-06-03,cv_3,ridge_all,all,simple_return,-1.6187662958813966,-0.00200720862356153,0.0032492016686238947,0.0019168501321404196,-0.3208382163635734,9.0,5.0,
2026-06-04,cv_3,ridge_all,all,simple_return,0.7672520292023394,-0.00200720862356153,-0.0015400348894600185,0.0019168501321404196,-0.3533369961408837,10.0,,8.0
2026-06-05,cv_3,ridge_all,all,simple_return,-2.749699195795945,-0.00200720862356153,0.005519219938001824,0.0019168501321404196,-0.3047145031610597,8.0,4.0,
2026-06-08,cv_3,ridge_all,all,simple_return,0.7257176632936052,-0.00200720862356153,-0.0014566667520338472,0.0019168501321404196,-0.3392527297896435,10.0,,7.0
2026-06-09,cv_3,ridge_all,all,simple_return,-0.12552017158089684,-0.00200720862356153,0.000251945170828099,0.0019168501321404196,-0.33692581777611713,27.0,8.0,
2026-06-10,cv_3,ridge_all,all,simple_return,-1.667170320384815,-0.00200720862356153,0.0033463586440222394,0.0019168501321404196,-0.31655543284223014,8.0,4.0,
2026-06-11,cv_3,ridge_all,all,simple_return,0.9424445121109708,-0.00200720862356153,-0.0018916827519373793,0.0019168501321404196,-0.3424483459609357,9.0,,7.0
2026-06-12,cv_3,ridge_all,all,simple_return,0.037514840640410704,-0.00200720862356153,-7.530011164496892e-05,0.0019168501321404196,-0.3368924943231675,34.0,,24.0
2026-05-08,cv_3,ridge_all,all,log_return,0.7416150605082249,-0.006313185010226335,-0.004681953083358622,0.0019168501321404196,-0.11565072329510094,6.0,,4.0
2026-05-11,cv_3,ridge_all,all,log_return,0.8367829152950287,-0.006313185010226335,-0.005282765357654068,0.0019168501321404196,-0.13943555690515969,6.0,,4.0
2026-05-12,cv_3,ridge_all,all,log_return,0.24761292009518732,-0.006313185010226335,-0.0015632261754833078,0.0019168501321404196,-0.15736769883870705,6.0,,4.0
2026-05-13,cv_3,ridge_all,all,log_return,0.9730562909839743,-0.006313185010226335,-0.006143084390346462,0.0019168501321404196,-0.18226482992894502,5.0,,3.0
2026-05-14,cv_3,ridge_all,all,log_return,1.8654344269461134,-0.006313185010226335,-0.011776832661756357,0.0019168501321404196,-0.21299320268688648,4.0,,3.0
2026-05-15,cv_3,ridge_all,all,log_return,-2.003859769314417,-0.006313185010226335,0.012650737458231379,0.0019168501321404196,-0.1851039402920156,5.0,2.0,
2026-05-18,cv_3,ridge_all,all,log_return,-0.607916488723729,-0.006313185010226335,0.003837889264080073,0.0019168501321404196,-0.20718964223566172,6.0,3.0,
2026-05-19,cv_3,ridge_all,all,log_return,-0.35850245202029773,-0.006313185010226335,0.0022632923062239295,0.0019168501321404196,-0.2213459262374009,6.0,3.0,
2026-05-20,cv_3,ridge_all,all,log_return,0.5457657824471617,-0.006313185010226335,-0.003445520356839868,0.0019168501321404196,-0.2365580449274366,6.0,,4.0
2026-05-21,cv_3,ridge_all,all,log_return,-0.804359048302396,-0.006313185010226335,0.005078067486582607,0.0019168501321404196,-0.23886720476989182,7.0,3.0,
2026-05-22,cv_3,ridge_all,all,log_return,-0.8634641471341984,-0.006313185010226335,0.005451208910555488,0.0019168501321404196,-0.25566857210985655,7.0,3.0,
2026-05-26,cv_3,ridge_all,all,log_return,-0.11550357666232132,-0.006313185010226335,0.0007291954488120953,0.0019168501321404196,-0.28150391873797337,10.0,5.0,
2026-05-27,cv_3,ridge_all,all,log_return,-0.4837167711283873,-0.006313185010226335,0.0030537934686828178,0.0019168501321404196,-0.2877562065120959,7.0,3.0,
2026-05-28,cv_3,ridge_all,all,log_return,0.31973605194826565,-0.006313185010226335,-0.0020185528503887397,0.0019168501321404196,-0.3045877179037976,7.0,,5.0
2026-05-29,cv_3,ridge_all,all,log_return,-0.6613906182978416,-0.006313185010226335,0.004175481337342262,0.0019168501321404196,-0.29256600477466455,5.0,2.0,
2026-06-01,cv_3,ridge_all,all,log_return,2.6459866542060655,-0.006313185010226335,-0.016704603282592666,0.0019168501321404196,-0.3315452739490575,4.0,,3.0
2026-06-02,cv_3,ridge_all,all,log_return,-0.3219064014962928,-0.006313185010226335,0.002032254668622296,0.0019168501321404196,-0.32475557781870823,8.0,4.0,
2026-06-03,cv_3,ridge_all,all,log_return,-1.6387601408455126,-0.006313185010226335,0.010345795956542288,0.0019168501321404196,-0.3208382163635734,7.0,3.0,
2026-06-04,cv_3,ridge_all,all,log_return,0.7723680867543995,-0.006313185010226335,-0.004876102627675068,0.0019168501321404196,-0.3533369961408837,7.0,,5.0
2026-06-05,cv_3,ridge_all,all,log_return,-2.8295759303914774,-0.006313185010226335,0.017863636349044712,0.0019168501321404196,-0.3047145031610597,4.0,2.0,
2026-06-08,cv_3,ridge_all,all,log_return,0.7315096025382011,-0.006313185010226335,-0.004618155457580795,0.0019168501321404196,-0.3392527297896435,7.0,,5.0
2026-06-09,cv_3,ridge_all,all,log_return,-0.11436467837823916,-0.006313185010226335,0.0007220053732368553,0.0019168501321404196,-0.33692581777611713,11.0,5.0,
2026-06-10,cv_3,ridge_all,all,log_return,-1.6890708088149724,-0.006313185010226335,0.010663416511421556,0.0019168501321404196,-0.31655543284223014,7.0,3.0,
2026-06-11,cv_3,ridge_all,all,log_return,0.944292349319577,-0.006313185010226335,-0.0059614923049957635,0.0019168501321404196,-0.3424483459609357,7.0,,5.0
2026-06-12,cv_3,ridge_all,all,log_return,0.04891016749670262,-0.006313185010226335,-0.0003087789362878423,0.0019168501321404196,-0.3368924943231675,14.0,,8.0
2026-05-08,cv_3,ridge_all,all,intraday_return,0.5650368555813238,-0.002356413412310723,-0.0013314604249417081,0.0019168501321404196,-0.11565072329510094,8.0,,6.0
2026-05-11,cv_3,ridge_all,all,intraday_return,1.3153608375320625,-0.002356413412310723,-0.0030995339195888177,0.0019168501321404196,-0.13943555690515969,7.0,,5.0
2026-05-12,cv_3,ridge_all,all,intraday_return,0.5658970263699673,-0.002356413412310723,-0.0013334873429249458,0.0019168501321404196,-0.15736769883870705,7.0,,5.0
2026-05-13,cv_3,ridge_all,all,intraday_return,0.256526671891719,-0.002356413412310723,-0.0006044828902610788,0.0019168501321404196,-0.18226482992894502,8.0,,6.0
2026-05-14,cv_3,ridge_all,all,intraday_return,1.3351348022845422,-0.002356413412310723,-0.0031461295553461203,0.0019168501321404196,-0.21299320268688648,8.0,,6.0
2026-05-15,cv_3,ridge_all,all,intraday_return,-0.906958234000223,-0.002356413412310723,0.0021371685470037726,0.0019168501321404196,-0.1851039402920156,8.0,5.0,
2026-05-18,cv_3,ridge_all,all,intraday_return,-1.5813410772792693,-0.002356413412310723,0.003726293323938757,0.0019168501321404196,-0.20718964223566172,7.0,4.0,
2026-05-19,cv_3,ridge_all,all,intraday_return,0.28179210162549295,-0.002356413412310723,-0.0006640186877535379,0.0019168501321404196,-0.2213459262374009,8.0,,4.0
2026-05-20,cv_3,ridge_all,all,intraday_return,0.12175887098266625,-0.002356413412310723,-0.00028691423665136564,0.0019168501321404196,-0.2365580449274366,9.0,,7.0
2026-05-21,cv_3,ridge_all,all,intraday_return,-0.5668635120435359,-0.002356413412310723,0.001335764782728949,0.0019168501321404196,-0.23886720476989182,11.0,6.0,
2026-05-22,cv_3,ridge_all,all,intraday_return,-1.20077742397764,-0.002356413412310723,0.0028295280270608306,0.0019168501321404196,-0.25566857210985655,8.0,4.0,
2026-05-26,cv_3,ridge_all,all,intraday_return,-0.3300422798394753,-0.002356413412310723,0.0007777160548433485,0.0019168501321404196,-0.28150391873797337,9.0,4.0,
2026-05-27,cv_3,ridge_all,all,intraday_return,-0.29714270316240343,-0.002356413412310723,0.0007001910511021512,0.0019168501321404196,-0.2877562065120959,12.0,6.0,
2026-05-28,cv_3,ridge_all,all,intraday_return,0.7581133823076223,-0.002356413412310723,-0.0017864285421219277,0.0019168501321404196,-0.3045877179037976,8.0,,6.0
2026-05-29,cv_3,ridge_all,all,intraday_return,-0.7426974050809962,-0.002356413412310723,0.0017501021266212295,0.0019168501321404196,-0.29256600477466455,7.0,4.0,
2026-06-01,cv_3,ridge_all,all,intraday_return,2.0523238234093846,-0.002356413412310723,-0.004836123383886697,0.0019168501321404196,-0.3315452739490575,9.0,,7.0
2026-06-02,cv_3,ridge_all,all,intraday_return,-0.9003396345678887,-0.002356413412310723,0.0021215723905307076,0.0019168501321404196,-0.32475557781870823,7.0,3.0,
2026-06-03,cv_3,ridge_all,all,intraday_return,-1.5110828870445545,-0.002356413412310723,0.003560735982144997,0.0019168501321404196,-0.3208382163635734,8.0,4.0,
2026-06-04,cv_3,ridge_all,all,intraday_return,1.1645554188177996,-0.002356413412310723,-0.002744174008281394,0.0019168501321404196,-0.3533369961408837,8.0,,6.0
2026-06-05,cv_3,ridge_all,all,intraday_return,-2.1356023156573682,-0.002356413412310723,0.00503236193997686,0.0019168501321404196,-0.3047145031610597,9.0,5.0,
2026-06-08,cv_3,ridge_all,all,intraday_return,-0.30852775100504637,-0.002356413412310723,0.0007270189305383543,0.0019168501321404196,-0.3392527297896435,11.0,4.0,
2026-06-09,cv_3,ridge_all,all,intraday_return,-0.5185374479981657,-0.002356413412310723,0.0012218885972482517,0.0019168501321404196,-0.33692581777611713,9.0,4.0,
2026-06-10,cv_3,ridge_all,all,intraday_return,-0.9214749175074763,-0.002356413412310723,0.002171375854722534,0.0019168501321404196,-0.31655543284223014,9.0,5.0,
2026-06-11,cv_3,ridge_all,all,intraday_return,0.8936765268336726,-0.002356413412310723,-0.0021058713540981298,0.0019168501321404196,-0.3424483459609357,8.0,,6.0
2026-06-12,cv_3,ridge_all,all,intraday_return,0.13729281818787936,-0.002356413412310723,-0.00032351863819185647,0.0019168501321404196,-0.3368924943231675,13.0,,7.0
2026-05-08,cv_3,ridge_all,all,daily_range,-0.46675977645643696,-0.0005580908112111037,0.00026049434228328635,0.0019168501321404196,-0.11565072329510094,22.0,3.0,
2026-05-11,cv_3,ridge_all,all,daily_range,0.6939589004373999,-0.0005580908112111037,-0.0003872920856922741,0.0019168501321404196,-0.13943555690515969,9.0,,7.0
2026-05-12,cv_3,ridge_all,all,daily_range,0.8189254928921966,-0.0005580908112111037,-0.000457034792649659,0.0019168501321404196,-0.15736769883870705,9.0,,7.0
2026-05-13,cv_3,ridge_all,all,daily_range,-0.09642496113617442,-0.0005580908112111037,5.381388478148673e-05,0.0019168501321404196,-0.18226482992894502,25.0,3.0,
2026-05-14,cv_3,ridge_all,all,daily_range,0.12417750179629161,-0.0005580908112111037,-6.930232271166068e-05,0.0019168501321404196,-0.21299320268688648,25.0,,23.0
2026-05-15,cv_3,ridge_all,all,daily_range,0.2371189357778036,-0.0005580908112111037,-0.00013233389922174803,0.0019168501321404196,-0.1851039402920156,23.0,,18.0
2026-05-18,cv_3,ridge_all,all,daily_range,1.740791355301224,-0.0005580908112111037,-0.0009715196596293368,0.0019168501321404196,-0.20718964223566172,9.0,,4.0
2026-05-19,cv_3,ridge_all,all,daily_range,0.05451918777420759,-0.0005580908112111037,-3.0426657731478002e-05,0.0019168501321404196,-0.2213459262374009,25.0,,21.0
2026-05-20,cv_3,ridge_all,all,daily_range,-0.28881769228942367,-0.0005580908112111037,0.0001611865001819234,0.0019168501321404196,-0.2365580449274366,23.0,3.0,
2026-05-21,cv_3,ridge_all,all,daily_range,1.0544526882159597,-0.0005580908112111037,-0.000588480356150174,0.0019168501321404196,-0.23886720476989182,13.0,,7.0
2026-05-22,cv_3,ridge_all,all,daily_range,-0.015953135961280035,-0.0005580908112111037,8.903298589991805e-06,0.0019168501321404196,-0.25566857210985655,35.0,14.0,
2026-05-26,cv_3,ridge_all,all,daily_range,-0.02168116631009543,-0.0005580908112111037,1.2100059694004012e-05,0.0019168501321404196,-0.28150391873797337,35.0,14.0,
2026-05-27,cv_3,ridge_all,all,daily_range,-0.28394409812687627,-0.0005580908112111037,0.00015846659206223361,0.0019168501321404196,-0.2877562065120959,30.0,10.0,
2026-05-28,cv_3,ridge_all,all,daily_range,-0.6722752211688539,-0.0005580908112111037,0.0003751906235392498,0.0019168501321404196,-0.3045877179037976,15.0,6.0,
2026-05-29,cv_3,ridge_all,all,daily_range,0.21120471357525256,-0.0005580908112111037,-0.00011787140993082152,0.0019168501321404196,-0.29256600477466455,30.0,,21.0
2026-06-01,cv_3,ridge_all,all,daily_range,0.8845796045908981,-0.0005580908112111037,-0.0004936757491069317,0.0019168501321404196,-0.3315452739490575,13.0,,10.0
2026-06-02,cv_3,ridge_all,all,daily_range,1.496880748193703,-0.0005580908112111037,-0.0008353953910457076,0.0019168501321404196,-0.32475557781870823,11.0,,6.0
2026-06-03,cv_3,ridge_all,all,daily_range,0.7217534861321323,-0.0005580908112111037,-0.0004028039885699238,0.0019168501321404196,-0.3208382163635734,15.0,,7.0
2026-06-04,cv_3,ridge_all,all,daily_range,1.4640470718012308,-0.0005580908112111037,-0.00081707121795279,0.0019168501321404196,-0.3533369961408837,12.0,,9.0
2026-06-05,cv_3,ridge_all,all,daily_range,1.671751409826715,-0.0005580908112111037,-0.0009329891004534977,0.0019168501321404196,-0.3047145031610597,12.0,,6.0
2026-06-08,cv_3,ridge_all,all,daily_range,-0.5709054575024561,-0.0005580908112111037,0.00031861708990239205,0.0019168501321404196,-0.3392527297896435,15.0,7.0,
2026-06-09,cv_3,ridge_all,all,daily_range,2.161094159430472,-0.0005580908112111037,-0.0012060867925401304,0.0019168501321404196,-0.33692581777611713,10.0,,6.0
2026-06-10,cv_3,ridge_all,all,daily_range,0.5516598016230145,-0.0005580908112111037,-0.00030787626620034476,0.0019168501321404196,-0.31655543284223014,15.0,,7.0
2026-06-11,cv_3,ridge_all,all,daily_range,0.061376841931929965,-0.0005580908112111037,-3.425385150336648e-05,0.0019168501321404196,-0.3424483459609357,35.0,,25.0
2026-06-12,cv_3,ridge_all,all,daily_range,-0.8503313795294543,-0.0005580908112111037,0.00047456212939985003,0.0019168501321404196,-0.3368924943231675,10.0,4.0,
2026-05-08,cv_3,ridge_all,all,sma_5,2.63203648037382,-0.017162735499267927,-0.045172945937079975,0.0019168501321404196,-0.11565072329510094,2.0,,2.0
2026-05-11,cv_3,ridge_all,all,sma_5,3.1859042545727214,-0.017162735499267927,-0.05467883204722397,0.0019168501321404196,-0.13943555690515969,2.0,,2.0
2026-05-12,cv_3,ridge_all,all,sma_5,3.8275027552327416,-0.017162735499267927,-0.06569041741077877,0.0019168501321404196,-0.15736769883870705,2.0,,2.0
2026-05-13,cv_3,ridge_all,all,sma_5,4.303152408960398,-0.017162735499267927,-0.07385386660802491,0.0019168501321404196,-0.18226482992894502,2.0,,2.0
2026-05-14,cv_3,ridge_all,all,sma_5,4.943694087803721,-0.017162735499267927,-0.0848473140182699,0.0019168501321404196,-0.21299320268688648,2.0,,2.0
2026-05-15,cv_3,ridge_all,all,sma_5,5.211115167306698,-0.017162735499267927,-0.08943699127270818,0.0019168501321404196,-0.1851039402920156,2.0,,2.0
2026-05-18,cv_3,ridge_all,all,sma_5,5.287219240931346,-0.017162735499267927,-0.09074314535874484,0.0019168501321404196,-0.20718964223566172,2.0,,2.0
2026-05-19,cv_3,ridge_all,all,sma_5,5.282727042587287,-0.017162735499267927,-0.09066604694675551,0.0019168501321404196,-0.2213459262374009,2.0,,2.0
2026-05-20,cv_3,ridge_all,all,sma_5,5.220364071858907,-0.017162735499267927,-0.08959572777519573,0.0019168501321404196,-0.2365580449274366,2.0,,2.0
2026-05-21,cv_3,ridge_all,all,sma_5,4.791486343767626,-0.017162735499267927,-0.08223501276643812,0.0019168501321404196,-0.23886720476989182,2.0,,2.0
2026-05-22,cv_3,ridge_all,all,sma_5,4.527500640792027,-0.017162735499267927,-0.07770429597067961,0.0019168501321404196,-0.25566857210985655,2.0,,2.0
2026-05-26,cv_3,ridge_all,all,sma_5,4.330370106888865,-0.017162735499267927,-0.07432099675847018,0.0019168501321404196,-0.28150391873797337,2.0,,2.0
2026-05-27,cv_3,ridge_all,all,sma_5,4.118706156136807,-0.017162735499267927,-0.07068826435698253,0.0019168501321404196,-0.2877562065120959,2.0,,2.0
2026-05-28,cv_3,ridge_all,all,sma_5,3.8750678012481483,-0.017162735499267927,-0.0665067637145517,0.0019168501321404196,-0.3045877179037976,2.0,,2.0
2026-05-29,cv_3,ridge_all,all,sma_5,3.653890841293021,-0.017162735499267927,-0.06271076205230969,0.0019168501321404196,-0.29256600477466455,2.0,,2.0
2026-06-01,cv_3,ridge_all,all,sma_5,3.892508385322667,-0.017162735499267927,-0.06680609184597541,0.0019168501321404196,-0.3315452739490575,2.0,,2.0
2026-06-02,cv_3,ridge_all,all,sma_5,4.102851409607152,-0.017162735499267927,-0.07041615353588612,0.0019168501321404196,-0.32475557781870823,2.0,,2.0
2026-06-03,cv_3,ridge_all,all,sma_5,4.159664956961562,-0.017162735499267927,-0.071391229421905,0.0019168501321404196,-0.3208382163635734,2.0,,2.0
2026-06-04,cv_3,ridge_all,all,sma_5,4.276199218896001,-0.017162735499267927,-0.07339127613608817,0.0019168501321404196,-0.3533369961408837,2.0,,2.0
2026-06-05,cv_3,ridge_all,all,sma_5,4.116592512503425,-0.017162735499267927,-0.07065198845036309,0.0019168501321404196,-0.3047145031610597,2.0,,2.0
2026-06-08,cv_3,ridge_all,all,sma_5,3.7011917826575527,-0.017162735499267927,-0.06352257559781552,0.0019168501321404196,-0.3392527297896435,2.0,,2.0
2026-06-09,cv_3,ridge_all,all,sma_5,3.314594185071801,-0.017162735499267927,-0.05688750328579885,0.0019168501321404196,-0.33692581777611713,2.0,,2.0
2026-06-10,cv_3,ridge_all,all,sma_5,2.9359241623574728,-0.017162735499267927,-0.05038848984445105,0.0019168501321404196,-0.31655543284223014,3.0,,2.0
2026-06-11,cv_3,ridge_all,all,sma_5,2.571523451841172,-0.017162735499267927,-0.04413437683411448,0.0019168501321404196,-0.3424483459609357,3.0,,2.0
2026-06-12,cv_3,ridge_all,all,sma_5,2.5739016033386433,-0.017162735499267927,-0.04417519241924277,0.0019168501321404196,-0.3368924943231675,3.0,,2.0
2026-05-08,cv_3,ridge_all,all,sma_20,4.579739595500696,0.0016050638068068074,0.007350774269338216,0.0019168501321404196,-0.11565072329510094,4.0,2.0,
2026-05-11,cv_3,ridge_all,all,sma_20,4.962790796612148,0.0016050638068068074,0.007965595888396083,0.0019168501321404196,-0.13943555690515969,4.0,2.0,
2026-05-12,cv_3,ridge_all,all,sma_20,5.271342166706667,0.0016050638068068074,0.008460840525075447,0.0019168501321404196,-0.15736769883870705,3.0,1.0,
2026-05-13,cv_3,ridge_all,all,sma_20,5.614092292167514,0.0016050638068068074,0.009010976346231145,0.0019168501321404196,-0.18226482992894502,4.0,2.0,
2026-05-14,cv_3,ridge_all,all,sma_20,6.089441839287292,0.0016050638068068074,0.009773942699895108,0.0019168501321404196,-0.21299320268688648,5.0,2.0,
2026-05-15,cv_3,ridge_all,all,sma_20,6.389983974630324,0.0016050638068068074,0.010256332003754642,0.0019168501321404196,-0.1851039402920156,6.0,3.0,
2026-05-18,cv_3,ridge_all,all,sma_20,6.647555160079403,0.0016050638068068074,0.010669750191195282,0.0019168501321404196,-0.20718964223566172,5.0,2.0,
2026-05-19,cv_3,ridge_all,all,sma_20,6.911101408855447,0.0016050638068068074,0.011092758736525413,0.0019168501321404196,-0.2213459262374009,5.0,2.0,
2026-05-20,cv_3,ridge_all,all,sma_20,7.177698914768273,0.0016050638068068074,0.011520664744251055,0.0019168501321404196,-0.2365580449274366,5.0,2.0,
2026-05-21,cv_3,ridge_all,all,sma_20,7.430311734624106,0.0016050638068068074,0.01192612443853706,0.0019168501321404196,-0.23886720476989182,6.0,2.0,
2026-05-22,cv_3,ridge_all,all,sma_20,7.520067463346418,0.0016050638068068074,0.012070188110162814,0.0019168501321404196,-0.25566857210985655,5.0,2.0,
2026-05-26,cv_3,ridge_all,all,sma_20,7.497819222612554,0.0016050638068068074,0.012034478264195764,0.0019168501321404196,-0.28150391873797337,4.0,1.0,
2026-05-27,cv_3,ridge_all,all,sma_20,7.490572753647951,0.0016050638068068074,0.01202284721913353,0.0019168501321404196,-0.2877562065120959,4.0,1.0,
2026-05-28,cv_3,ridge_all,all,sma_20,7.554139155744681,0.0016050638068068074,0.01212487535046792,0.0019168501321404196,-0.3045877179037976,4.0,1.0,
2026-05-29,cv_3,ridge_all,all,sma_20,7.7012317093221,0.0016050638068068074,0.012360968284465826,0.0019168501321404196,-0.29256600477466455,4.0,1.0,
2026-06-01,cv_3,ridge_all,all,sma_20,8.030632851544778,0.0016050638068068074,0.01288967813576827,0.0019168501321404196,-0.3315452739490575,6.0,2.0,
2026-06-02,cv_3,ridge_all,all,sma_20,8.3400742443835,0.0016050638068068074,0.013386351315741589,0.0019168501321404196,-0.32475557781870823,5.0,2.0,
2026-06-03,cv_3,ridge_all,all,sma_20,8.57209161203657,0.0016050638068068074,0.013758753995112118,0.0019168501321404196,-0.3208382163635734,5.0,2.0,
2026-06-04,cv_3,ridge_all,all,sma_20,8.70977646225679,0.0016050638068068074,0.013979746964946213,0.0019168501321404196,-0.3533369961408837,5.0,2.0,
2026-06-05,cv_3,ridge_all,all,sma_20,8.628411545168683,0.0016050638068068074,0.013849151081384254,0.0019168501321404196,-0.3047145031610597,7.0,3.0,
2026-06-08,cv_3,ridge_all,all,sma_20,8.545012456656053,0.0016050638068068074,0.013715290222891955,0.0019168501321404196,-0.3392527297896435,6.0,2.0,
2026-06-09,cv_3,ridge_all,all,sma_20,8.40198805193841,0.0016050638068068074,0.013485726927389577,0.0019168501321404196,-0.33692581777611713,6.0,2.0,
2026-06-10,cv_3,ridge_all,all,sma_20,8.143145654840954,0.0016050638068068074,0.013070268364141335,0.0019168501321404196,-0.31655543284223014,6.0,2.0,
2026-06-11,cv_3,ridge_all,all,sma_20,7.8766752118961785,0.0016050638068068074,0.012642566300586897,0.0019168501321404196,-0.3424483459609357,6.0,2.0,
2026-06-12,cv_3,ridge_all,all,sma_20,7.48828445628732,0.0016050638068068074,0.01201917435586077,0.0019168501321404196,-0.3368924943231675,5.0,2.0,
2026-05-08,cv_3,ridge_all,all,sma_60,4.3927729877878265,-0.017210542210610913,-0.07560200492795381,0.0019168501321404196,-0.11565072329510094,1.0,,1.0
2026-05-11,cv_3,ridge_all,all,sma_60,5.025938078281403,-0.017210542210610913,-0.08649911944417878,0.0019168501321404196,-0.13943555690515969,1.0,,1.0
2026-05-12,cv_3,ridge_all,all,sma_60,5.765669747787431,-0.017210542210610913,-0.09923030256673795,0.0019168501321404196,-0.15736769883870705,1.0,,1.0
2026-05-13,cv_3,ridge_all,all,sma_60,6.561704393449556,-0.017210542210610913,-0.11293049043701467,0.0019168501321404196,-0.18226482992894502,1.0,,1.0
2026-05-14,cv_3,ridge_all,all,sma_60,7.4921650366871555,-0.017210542210610913,-0.12894422261276756,0.0019168501321404196,-0.21299320268688648,1.0,,1.0
2026-05-15,cv_3,ridge_all,all,sma_60,8.22118184247922,-0.017210542210610913,-0.1414909971210966,0.0019168501321404196,-0.1851039402920156,1.0,,1.0
2026-05-18,cv_3,ridge_all,all,sma_60,8.854346932972698,-0.017210542210610913,-0.15238811163731988,0.0019168501321404196,-0.20718964223566172,1.0,,1.0
2026-05-19,cv_3,ridge_all,all,sma_60,9.42049388632436,-0.017210542210610913,-0.16213180767538746,0.0019168501321404196,-0.2213459262374009,1.0,,1.0
2026-05-20,cv_3,ridge_all,all,sma_60,10.017032716456166,-0.017210542210610913,-0.17239856439163934,0.0019168501321404196,-0.2365580449274366,1.0,,1.0
2026-05-21,cv_3,ridge_all,all,sma_60,10.48362662368864,-0.017210542210610913,-0.1804288985272777,0.0019168501321404196,-0.23886720476989182,1.0,,1.0
2026-05-22,cv_3,ridge_all,all,sma_60,11.076658836009742,-0.017210542210610913,-0.190635304449682,0.0019168501321404196,-0.25566857210985655,1.0,,1.0
2026-05-26,cv_3,ridge_all,all,sma_60,11.810545845226086,-0.017210542210610913,-0.2032658977996189,0.0019168501321404196,-0.28150391873797337,1.0,,1.0
2026-05-27,cv_3,ridge_all,all,sma_60,12.397343971237511,-0.017210542210610913,-0.2133650117164459,0.0019168501321404196,-0.2877562065120959,1.0,,1.0
2026-05-28,cv_3,ridge_all,all,sma_60,13.063628407010102,-0.017210542210610913,-0.22483212812258316,0.0019168501321404196,-0.3045877179037976,1.0,,1.0
2026-05-29,cv_3,ridge_all,all,sma_60,13.611072804161054,-0.017210542210610913,-0.23425394302771207,0.0019168501321404196,-0.29256600477466455,1.0,,1.0
2026-06-01,cv_3,ridge_all,all,sma_60,14.410224641613794,-0.017210542210610913,-0.24800777945887972,0.0019168501321404196,-0.3315452739490575,1.0,,1.0
2026-06-02,cv_3,ridge_all,all,sma_60,15.286914766912515,-0.017210542210610913,-0.2630960918659591,0.0019168501321404196,-0.32475557781870823,1.0,,1.0
2026-06-03,cv_3,ridge_all,all,sma_60,15.912287175200994,-0.017210542210610913,-0.2738590900961594,0.0019168501321404196,-0.3208382163635734,1.0,,1.0
2026-06-04,cv_3,ridge_all,all,sma_60,16.572532237673972,-0.017210542210610913,-0.285222265613198,0.0019168501321404196,-0.3533369961408837,1.0,,1.0
2026-06-05,cv_3,ridge_all,all,sma_60,16.944054173463233,-0.017210542210610913,-0.29161635957126697,0.0019168501321404196,-0.3047145031610597,1.0,,1.0
2026-06-08,cv_3,ridge_all,all,sma_60,17.440845244465855,-0.017210542210610913,-0.3001664032686122,0.0019168501321404196,-0.3392527297896435,1.0,,1.0
2026-06-09,cv_3,ridge_all,all,sma_60,17.985172449825964,-0.017210542210610913,-0.3095345696128462,0.0019168501321404196,-0.33692581777611713,1.0,,1.0
2026-06-10,cv_3,ridge_all,all,sma_60,18.320262838263513,-0.017210542210610913,-0.3153016568874207,0.0019168501321404196,-0.31655543284223014,1.0,,1.0
2026-06-11,cv_3,ridge_all,all,sma_60,18.767180029701496,-0.017210542210610913,-0.3229933440753118,0.0019168501321404196,-0.3424483459609357,1.0,,1.0
2026-06-12,cv_3,ridge_all,all,sma_60,19.250139045199376,-0.017210542210610913,-0.3313053305975331,0.0019168501321404196,-0.3368924943231675,1.0,,1.0
2026-05-08,cv_3,ridge_all,all,rolling_volatility_20,0.6058319066347417,-0.008717162092623737,-0.005281134931018334,0.0019168501321404196,-0.11565072329510094,5.0,,3.0
2026-05-11,cv_3,ridge_all,all,rolling_volatility_20,0.6473622099139899,-0.008717162092623737,-0.005643161316459363,0.0019168501321404196,-0.13943555690515969,5.0,,3.0
2026-05-12,cv_3,ridge_all,all,rolling_volatility_20,0.35505384400959866,-0.008717162092623737,-0.003095061909840815,0.0019168501321404196,-0.15736769883870705,5.0,,3.0
2026-05-13,cv_3,ridge_all,all,rolling_volatility_20,0.4287880561781708,-0.008717162092623737,-0.003737814989086168,0.0019168501321404196,-0.18226482992894502,6.0,,4.0
2026-05-14,cv_3,ridge_all,all,rolling_volatility_20,0.7832937066112703,-0.008717162092623737,-0.006828098206662504,0.0019168501321404196,-0.21299320268688648,6.0,,4.0
2026-05-15,cv_3,ridge_all,all,rolling_volatility_20,1.4961926251075426,-0.008717162092623737,-0.013042553634850669,0.0019168501321404196,-0.1851039402920156,4.0,,3.0
2026-05-18,cv_3,ridge_all,all,rolling_volatility_20,1.5859539491582648,-0.008717162092623737,-0.01382501764624934,0.0019168501321404196,-0.20718964223566172,4.0,,3.0
2026-05-19,cv_3,ridge_all,all,rolling_volatility_20,1.562527003943085,-0.008717162092623737,-0.013620801167473601,0.0019168501321404196,-0.2213459262374009,4.0,,3.0
2026-05-20,cv_3,ridge_all,all,rolling_volatility_20,1.5619467761639956,-0.008717162092623737,-0.013615743227872635,0.0019168501321404196,-0.2365580449274366,4.0,,3.0
2026-05-21,cv_3,ridge_all,all,rolling_volatility_20,1.6016300740141969,-0.008717162092623737,-0.013961668967602708,0.0019168501321404196,-0.23886720476989182,5.0,,4.0
2026-05-22,cv_3,ridge_all,all,rolling_volatility_20,1.320807008653336,-0.008717162092623737,-0.011513688787504613,0.0019168501321404196,-0.25566857210985655,6.0,,4.0
2026-05-26,cv_3,ridge_all,all,rolling_volatility_20,0.9001137793420314,-0.008717162092623737,-0.007846437716328643,0.0019168501321404196,-0.28150391873797337,5.0,,4.0
2026-05-27,cv_3,ridge_all,all,rolling_volatility_20,0.859467060670197,-0.008717162092623737,-0.007492113681132987,0.0019168501321404196,-0.2877562065120959,5.0,,4.0
2026-05-28,cv_3,ridge_all,all,rolling_volatility_20,0.766622648255082,-0.008717162092623737,-0.006682773888716021,0.0019168501321404196,-0.3045877179037976,5.0,,4.0
2026-05-29,cv_3,ridge_all,all,rolling_volatility_20,0.13579742673914785,-0.008717162092623737,-0.0011837681806463488,0.0019168501321404196,-0.29256600477466455,11.0,,5.0
2026-06-01,cv_3,ridge_all,all,rolling_volatility_20,1.0969024075542773,-0.008717162092623737,-0.00956187608643986,0.0019168501321404196,-0.3315452739490575,7.0,,5.0
2026-06-02,cv_3,ridge_all,all,rolling_volatility_20,1.1344823894844196,-0.008717162092623737,-0.00988946688036278,0.0019168501321404196,-0.32475557781870823,6.0,,4.0
2026-06-03,cv_3,ridge_all,all,rolling_volatility_20,1.5381410114644847,-0.008717162092623737,-0.013408224518248139,0.0019168501321404196,-0.3208382163635734,6.0,,4.0
2026-06-04,cv_3,ridge_all,all,rolling_volatility_20,0.7978095388770754,-0.008717162092623737,-0.0069546350694328655,0.0019168501321404196,-0.3533369961408837,6.0,,4.0
2026-06-05,cv_3,ridge_all,all,rolling_volatility_20,1.791176459145128,-0.008717162092623737,-0.01561397553085992,0.0019168501321404196,-0.3047145031610597,6.0,,4.0
2026-06-08,cv_3,ridge_all,all,rolling_volatility_20,1.7889716855667028,-0.008717162092623737,-0.015594756162199254,0.0019168501321404196,-0.3392527297896435,5.0,,4.0
2026-06-09,cv_3,ridge_all,all,rolling_volatility_20,1.671827901570581,-0.008717162092623737,-0.014573594808961757,0.0019168501321404196,-0.33692581777611713,5.0,,4.0
2026-06-10,cv_3,ridge_all,all,rolling_volatility_20,1.9424262432653236,-0.008717162092623737,-0.016932444415510013,0.0019168501321404196,-0.31655543284223014,4.0,,3.0
2026-06-11,cv_3,ridge_all,all,rolling_volatility_20,1.9334046559630926,-0.008717162092623737,-0.01685380177666371,0.0019168501321404196,-0.3424483459609357,4.0,,3.0
2026-06-12,cv_3,ridge_all,all,rolling_volatility_20,1.3135547488179482,-0.008717162092623737,-0.011450469662981713,0.0019168501321404196,-0.3368924943231675,6.0,,4.0
2026-05-08,cv_3,ridge_all,all,rolling_volatility_60,0.90612518264119,0.01352930809948678,0.01225924677265639,0.0019168501321404196,-0.11565072329510094,3.0,1.0,
2026-05-11,cv_3,ridge_all,all,rolling_volatility_60,0.8748146787334296,0.01352930809948678,0.011835637318538114,0.0019168501321404196,-0.13943555690515969,3.0,1.0,
2026-05-12,cv_3,ridge_all,all,rolling_volatility_60,0.5906177285046108,0.01352930809948678,0.007990649217957915,0.0019168501321404196,-0.15736769883870705,4.0,2.0,
2026-05-13,cv_3,ridge_all,all,rolling_volatility_60,0.7291747486319619,0.01352930809948678,0.009865229832607639,0.0019168501321404196,-0.18226482992894502,3.0,1.0,
2026-05-14,cv_3,ridge_all,all,rolling_volatility_60,1.3761686388358514,0.01352930809948678,0.018618609511661582,0.0019168501321404196,-0.21299320268688648,3.0,1.0,
2026-05-15,cv_3,ridge_all,all,rolling_volatility_60,2.3635665130447765,0.01352930809948678,0.03197741956861242,0.0019168501321404196,-0.1851039402920156,3.0,1.0,
2026-05-18,cv_3,ridge_all,all,rolling_volatility_60,2.4572503977836853,0.01352930809948678,0.03324489770920193,0.0019168501321404196,-0.20718964223566172,3.0,1.0,
2026-05-19,cv_3,ridge_all,all,rolling_volatility_60,2.486940847002382,0.01352930809948678,0.03364658894429384,0.0019168501321404196,-0.2213459262374009,3.0,1.0,
2026-05-20,cv_3,ridge_all,all,rolling_volatility_60,2.5245699008468105,0.01352930809948678,0.03415568400724729,0.0019168501321404196,-0.2365580449274366,3.0,1.0,
2026-05-21,cv_3,ridge_all,all,rolling_volatility_60,2.6408591806066704,0.01352930809948678,0.03572899750178585,0.0019168501321404196,-0.23886720476989182,3.0,1.0,
2026-05-22,cv_3,ridge_all,all,rolling_volatility_60,1.436190806248596,0.01352930809948678,0.019430667907387577,0.0019168501321404196,-0.25566857210985655,3.0,1.0,
2026-05-26,cv_3,ridge_all,all,rolling_volatility_60,0.5517878781205674,0.01352930809948678,0.007465308208655217,0.0019168501321404196,-0.28150391873797337,6.0,2.0,
2026-05-27,cv_3,ridge_all,all,rolling_volatility_60,0.311157548457993,0.01352930809948678,0.004209746340569175,0.0019168501321404196,-0.2877562065120959,6.0,2.0,
2026-05-28,cv_3,ridge_all,all,rolling_volatility_60,0.19980832422100417,0.01352930809948678,0.0027032683792281124,0.0019168501321404196,-0.3045877179037976,6.0,2.0,
2026-05-29,cv_3,ridge_all,all,rolling_volatility_60,0.25262916505479666,0.01352930809948678,0.003417897808942443,0.0019168501321404196,-0.29256600477466455,6.0,3.0,
2026-06-01,cv_3,ridge_all,all,rolling_volatility_60,1.830572638388368,0.01352930809948678,0.024766381223246633,0.0019168501321404196,-0.3315452739490575,3.0,1.0,
2026-06-02,cv_3,ridge_all,all,rolling_volatility_60,1.376182718917701,0.01352930809948678,0.01861880000542699,0.0019168501321404196,-0.32475557781870823,3.0,1.0,
2026-06-03,cv_3,ridge_all,all,rolling_volatility_60,1.822136943306984,0.01352930809948678,0.024652252105457264,0.0019168501321404196,-0.3208382163635734,3.0,1.0,
2026-06-04,cv_3,ridge_all,all,rolling_volatility_60,1.890150206853517,0.01352930809948678,0.0255724245028299,0.0019168501321404196,-0.3533369961408837,3.0,1.0,
2026-06-05,cv_3,ridge_all,all,rolling_volatility_60,3.6350748958044097,0.01352930809948678,0.049180048230047665,0.0019168501321404196,-0.3047145031610597,3.0,1.0,
2026-06-08,cv_3,ridge_all,all,rolling_volatility_60,3.5987434755576233,0.01352930809948678,0.04868850925183696,0.0019168501321404196,-0.3392527297896435,3.0,1.0,
2026-06-09,cv_3,ridge_all,all,rolling_volatility_60,3.4693554435114904,0.01352930809948678,0.04693797870189856,0.0019168501321404196,-0.33692581777611713,3.0,1.0,
2026-06-10,cv_3,ridge_all,all,rolling_volatility_60,4.025869086807327,0.01352930809948678,0.05446722324361582,0.0019168501321404196,-0.31655543284223014,2.0,1.0,
2026-06-11,cv_3,ridge_all,all,rolling_volatility_60,4.155978880827356,0.01352930809948678,0.05622751873367356,0.0019168501321404196,-0.3424483459609357,2.0,1.0,
2026-06-12,cv_3,ridge_all,all,rolling_volatility_60,4.1092986570491705,0.01352930809948678,0.05559596760402549,0.0019168501321404196,-0.3368924943231675,2.0,1.0,
2026-05-08,cv_3,ridge_all,all,q_gross_margin,0.57207755354737,2.6863788927278056e-05,1.5368170648530157e-05,0.0019168501321404196,-0.11565072329510094,29.0,7.0,
2026-05-11,cv_3,ridge_all,all,q_gross_margin,0.57207755354737,2.6863788927278056e-05,1.5368170648530157e-05,0.0019168501321404196,-0.13943555690515969,29.0,6.0,
2026-05-12,cv_3,ridge_all,all,q_gross_margin,0.57207755354737,2.6863788927278056e-05,1.5368170648530157e-05,0.0019168501321404196,-0.15736769883870705,29.0,6.0,
2026-05-13,cv_3,ridge_all,all,q_gross_margin,0.57207755354737,2.6863788927278056e-05,1.5368170648530157e-05,0.0019168501321404196,-0.18226482992894502,29.0,7.0,
2026-05-14,cv_3,ridge_all,all,q_gross_margin,0.57207755354737,2.6863788927278056e-05,1.5368170648530157e-05,0.0019168501321404196,-0.21299320268688648,29.0,6.0,
2026-05-15,cv_3,ridge_all,all,q_gross_margin,0.57207755354737,2.6863788927278056e-05,1.5368170648530157e-05,0.0019168501321404196,-0.1851039402920156,29.0,9.0,
2026-05-18,cv_3,ridge_all,all,q_gross_margin,0.57207755354737,2.6863788927278056e-05,1.5368170648530157e-05,0.0019168501321404196,-0.20718964223566172,29.0,9.0,
2026-05-19,cv_3,ridge_all,all,q_gross_margin,0.57207755354737,2.6863788927278056e-05,1.5368170648530157e-05,0.0019168501321404196,-0.2213459262374009,29.0,8.0,
2026-05-20,cv_3,ridge_all,all,q_gross_margin,0.57207755354737,2.6863788927278056e-05,1.5368170648530157e-05,0.0019168501321404196,-0.2365580449274366,29.0,7.0,
2026-05-21,cv_3,ridge_all,all,q_gross_margin,4.146439432184016,2.6863788927278056e-05,0.00011138907370593407,0.0019168501321404196,-0.23886720476989182,31.0,10.0,
2026-05-22,cv_3,ridge_all,all,q_gross_margin,4.146439432184016,2.6863788927278056e-05,0.00011138907370593407,0.0019168501321404196,-0.25566857210985655,30.0,10.0,
2026-05-26,cv_3,ridge_all,all,q_gross_margin,4.146439432184016,2.6863788927278056e-05,0.00011138907370593407,0.0019168501321404196,-0.28150391873797337,30.0,10.0,
2026-05-27,cv_3,ridge_all,all,q_gross_margin,4.146439432184016,2.6863788927278056e-05,0.00011138907370593407,0.0019168501321404196,-0.2877562065120959,31.0,11.0,
2026-05-28,cv_3,ridge_all,all,q_gross_margin,4.146439432184016,2.6863788927278056e-05,0.00011138907370593407,0.0019168501321404196,-0.3045877179037976,31.0,8.0,
2026-05-29,cv_3,ridge_all,all,q_gross_margin,4.146439432184016,2.6863788927278056e-05,0.00011138907370593407,0.0019168501321404196,-0.29256600477466455,31.0,10.0,
2026-06-01,cv_3,ridge_all,all,q_gross_margin,4.146439432184016,2.6863788927278056e-05,0.00011138907370593407,0.0019168501321404196,-0.3315452739490575,31.0,7.0,
2026-06-02,cv_3,ridge_all,all,q_gross_margin,4.146439432184016,2.6863788927278056e-05,0.00011138907370593407,0.0019168501321404196,-0.32475557781870823,31.0,10.0,
2026-06-03,cv_3,ridge_all,all,q_gross_margin,4.146439432184016,2.6863788927278056e-05,0.00011138907370593407,0.0019168501321404196,-0.3208382163635734,31.0,10.0,
2026-06-04,cv_3,ridge_all,all,q_gross_margin,4.146439432184016,2.6863788927278056e-05,0.00011138907370593407,0.0019168501321404196,-0.3533369961408837,31.0,7.0,
2026-06-05,cv_3,ridge_all,all,q_gross_margin,4.146439432184016,2.6863788927278056e-05,0.00011138907370593407,0.0019168501321404196,-0.3047145031610597,31.0,10.0,
2026-06-08,cv_3,ridge_all,all,q_gross_margin,4.146439432184016,2.6863788927278056e-05,0.00011138907370593407,0.0019168501321404196,-0.3392527297896435,31.0,9.0,
2026-06-09,cv_3,ridge_all,all,q_gross_margin,4.146439432184016,2.6863788927278056e-05,0.00011138907370593407,0.0019168501321404196,-0.33692581777611713,31.0,10.0,
2026-06-10,cv_3,ridge_all,all,q_gross_margin,4.146439432184016,2.6863788927278056e-05,0.00011138907370593407,0.0019168501321404196,-0.31655543284223014,31.0,10.0,
2026-06-11,cv_3,ridge_all,all,q_gross_margin,4.146439432184016,2.6863788927278056e-05,0.00011138907370593407,0.0019168501321404196,-0.3424483459609357,30.0,7.0,
2026-06-12,cv_3,ridge_all,all,q_gross_margin,4.146439432184016,2.6863788927278056e-05,0.00011138907370593407,0.0019168501321404196,-0.3368924943231675,30.0,8.0,
2026-05-08,cv_3,ridge_all,all,q_operating_margin,0.572077553547364,2.6863788927393506e-05,1.5368170648596043e-05,0.0019168501321404196,-0.11565072329510094,26.0,4.0,
2026-05-11,cv_3,ridge_all,all,q_operating_margin,0.572077553547364,2.6863788927393506e-05,1.5368170648596043e-05,0.0019168501321404196,-0.13943555690515969,26.0,3.0,
2026-05-12,cv_3,ridge_all,all,q_operating_margin,0.572077553547364,2.6863788927393506e-05,1.5368170648596043e-05,0.0019168501321404196,-0.15736769883870705,26.0,3.0,
2026-05-13,cv_3,ridge_all,all,q_operating_margin,0.572077553547364,2.6863788927393506e-05,1.5368170648596043e-05,0.0019168501321404196,-0.18226482992894502,26.0,4.0,
2026-05-14,cv_3,ridge_all,all,q_operating_margin,0.572077553547364,2.6863788927393506e-05,1.5368170648596043e-05,0.0019168501321404196,-0.21299320268688648,26.0,3.0,
2026-05-15,cv_3,ridge_all,all,q_operating_margin,0.572077553547364,2.6863788927393506e-05,1.5368170648596043e-05,0.0019168501321404196,-0.1851039402920156,26.0,6.0,
2026-05-18,cv_3,ridge_all,all,q_operating_margin,0.572077553547364,2.6863788927393506e-05,1.5368170648596043e-05,0.0019168501321404196,-0.20718964223566172,26.0,6.0,
2026-05-19,cv_3,ridge_all,all,q_operating_margin,0.572077553547364,2.6863788927393506e-05,1.5368170648596043e-05,0.0019168501321404196,-0.2213459262374009,26.0,5.0,
2026-05-20,cv_3,ridge_all,all,q_operating_margin,0.572077553547364,2.6863788927393506e-05,1.5368170648596043e-05,0.0019168501321404196,-0.2365580449274366,26.0,4.0,
2026-05-21,cv_3,ridge_all,all,q_operating_margin,2.993477134983316,2.6863788927393506e-05,8.041613791317044e-05,0.0019168501321404196,-0.23886720476989182,32.0,11.0,
2026-05-22,cv_3,ridge_all,all,q_operating_margin,2.993477134983316,2.6863788927393506e-05,8.041613791317044e-05,0.0019168501321404196,-0.25566857210985655,31.0,11.0,
2026-05-26,cv_3,ridge_all,all,q_operating_margin,2.993477134983316,2.6863788927393506e-05,8.041613791317044e-05,0.0019168501321404196,-0.28150391873797337,31.0,11.0,
2026-05-27,cv_3,ridge_all,all,q_operating_margin,2.993477134983316,2.6863788927393506e-05,8.041613791317044e-05,0.0019168501321404196,-0.2877562065120959,32.0,12.0,
2026-05-28,cv_3,ridge_all,all,q_operating_margin,2.993477134983316,2.6863788927393506e-05,8.041613791317044e-05,0.0019168501321404196,-0.3045877179037976,32.0,9.0,
2026-05-29,cv_3,ridge_all,all,q_operating_margin,2.993477134983316,2.6863788927393506e-05,8.041613791317044e-05,0.0019168501321404196,-0.29256600477466455,32.0,11.0,
2026-06-01,cv_3,ridge_all,all,q_operating_margin,2.993477134983316,2.6863788927393506e-05,8.041613791317044e-05,0.0019168501321404196,-0.3315452739490575,32.0,8.0,
2026-06-02,cv_3,ridge_all,all,q_operating_margin,2.993477134983316,2.6863788927393506e-05,8.041613791317044e-05,0.0019168501321404196,-0.32475557781870823,32.0,11.0,
2026-06-03,cv_3,ridge_all,all,q_operating_margin,2.993477134983316,2.6863788927393506e-05,8.041613791317044e-05,0.0019168501321404196,-0.3208382163635734,32.0,11.0,
2026-06-04,cv_3,ridge_all,all,q_operating_margin,2.993477134983316,2.6863788927393506e-05,8.041613791317044e-05,0.0019168501321404196,-0.3533369961408837,32.0,8.0,
2026-06-05,cv_3,ridge_all,all,q_operating_margin,2.993477134983316,2.6863788927393506e-05,8.041613791317044e-05,0.0019168501321404196,-0.3047145031610597,32.0,11.0,
2026-06-08,cv_3,ridge_all,all,q_operating_margin,2.993477134983316,2.6863788927393506e-05,8.041613791317044e-05,0.0019168501321404196,-0.3392527297896435,32.0,10.0,
2026-06-09,cv_3,ridge_all,all,q_operating_margin,2.993477134983316,2.6863788927393506e-05,8.041613791317044e-05,0.0019168501321404196,-0.33692581777611713,32.0,11.0,
2026-06-10,cv_3,ridge_all,all,q_operating_margin,2.993477134983316,2.6863788927393506e-05,8.041613791317044e-05,0.0019168501321404196,-0.31655543284223014,32.0,11.0,
2026-06-11,cv_3,ridge_all,all,q_operating_margin,2.993477134983316,2.6863788927393506e-05,8.041613791317044e-05,0.0019168501321404196,-0.3424483459609357,31.0,8.0,
2026-06-12,cv_3,ridge_all,all,q_operating_margin,2.993477134983316,2.6863788927393506e-05,8.041613791317044e-05,0.0019168501321404196,-0.3368924943231675,31.0,9.0,
2026-05-08,cv_3,ridge_all,all,q_net_margin,-0.5720775535473445,-2.6863788927263707e-05,1.5368170648521263e-05,0.0019168501321404196,-0.11565072329510094,30.0,8.0,
2026-05-11,cv_3,ridge_all,all,q_net_margin,-0.5720775535473445,-2.6863788927263707e-05,1.5368170648521263e-05,0.0019168501321404196,-0.13943555690515969,30.0,7.0,
2026-05-12,cv_3,ridge_all,all,q_net_margin,-0.5720775535473445,-2.6863788927263707e-05,1.5368170648521263e-05,0.0019168501321404196,-0.15736769883870705,30.0,7.0,
2026-05-13,cv_3,ridge_all,all,q_net_margin,-0.5720775535473445,-2.6863788927263707e-05,1.5368170648521263e-05,0.0019168501321404196,-0.18226482992894502,30.0,8.0,
2026-05-14,cv_3,ridge_all,all,q_net_margin,-0.5720775535473445,-2.6863788927263707e-05,1.5368170648521263e-05,0.0019168501321404196,-0.21299320268688648,30.0,7.0,
2026-05-15,cv_3,ridge_all,all,q_net_margin,-0.5720775535473445,-2.6863788927263707e-05,1.5368170648521263e-05,0.0019168501321404196,-0.1851039402920156,30.0,10.0,
2026-05-18,cv_3,ridge_all,all,q_net_margin,-0.5720775535473445,-2.6863788927263707e-05,1.5368170648521263e-05,0.0019168501321404196,-0.20718964223566172,30.0,10.0,
2026-05-19,cv_3,ridge_all,all,q_net_margin,-0.5720775535473445,-2.6863788927263707e-05,1.5368170648521263e-05,0.0019168501321404196,-0.2213459262374009,30.0,9.0,
2026-05-20,cv_3,ridge_all,all,q_net_margin,-0.5720775535473445,-2.6863788927263707e-05,1.5368170648521263e-05,0.0019168501321404196,-0.2365580449274366,30.0,8.0,
2026-05-21,cv_3,ridge_all,all,q_net_margin,64.79072895997757,-2.6863788927263707e-05,-0.0017405244672243894,0.0019168501321404196,-0.23886720476989182,8.0,,5.0
2026-05-22,cv_3,ridge_all,all,q_net_margin,64.79072895997757,-2.6863788927263707e-05,-0.0017405244672243894,0.0019168501321404196,-0.25566857210985655,9.0,,5.0
2026-05-26,cv_3,ridge_all,all,q_net_margin,64.79072895997757,-2.6863788927263707e-05,-0.0017405244672243894,0.0019168501321404196,-0.28150391873797337,7.0,,5.0
2026-05-27,cv_3,ridge_all,all,q_net_margin,64.79072895997757,-2.6863788927263707e-05,-0.0017405244672243894,0.0019168501321404196,-0.2877562065120959,8.0,,5.0
2026-05-28,cv_3,ridge_all,all,q_net_margin,64.79072895997757,-2.6863788927263707e-05,-0.0017405244672243894,0.0019168501321404196,-0.3045877179037976,9.0,,7.0
2026-05-29,cv_3,ridge_all,all,q_net_margin,64.79072895997757,-2.6863788927263707e-05,-0.0017405244672243894,0.0019168501321404196,-0.29256600477466455,8.0,,4.0
2026-06-01,cv_3,ridge_all,all,q_net_margin,64.79072895997757,-2.6863788927263707e-05,-0.0017405244672243894,0.0019168501321404196,-0.3315452739490575,10.0,,8.0
2026-06-02,cv_3,ridge_all,all,q_net_margin,64.79072895997757,-2.6863788927263707e-05,-0.0017405244672243894,0.0019168501321404196,-0.32475557781870823,9.0,,5.0
2026-06-03,cv_3,ridge_all,all,q_net_margin,64.79072895997757,-2.6863788927263707e-05,-0.0017405244672243894,0.0019168501321404196,-0.3208382163635734,10.0,,5.0
2026-06-04,cv_3,ridge_all,all,q_net_margin,64.79072895997757,-2.6863788927263707e-05,-0.0017405244672243894,0.0019168501321404196,-0.3533369961408837,9.0,,7.0
2026-06-05,cv_3,ridge_all,all,q_net_margin,64.79072895997757,-2.6863788927263707e-05,-0.0017405244672243894,0.0019168501321404196,-0.3047145031610597,10.0,,5.0
2026-06-08,cv_3,ridge_all,all,q_net_margin,64.79072895997757,-2.6863788927263707e-05,-0.0017405244672243894,0.0019168501321404196,-0.3392527297896435,8.0,,6.0
2026-06-09,cv_3,ridge_all,all,q_net_margin,64.79072895997757,-2.6863788927263707e-05,-0.0017405244672243894,0.0019168501321404196,-0.33692581777611713,7.0,,5.0
2026-06-10,cv_3,ridge_all,all,q_net_margin,64.79072895997757,-2.6863788927263707e-05,-0.0017405244672243894,0.0019168501321404196,-0.31655543284223014,10.0,,5.0
2026-06-11,cv_3,ridge_all,all,q_net_margin,64.79072895997757,-2.6863788927263707e-05,-0.0017405244672243894,0.0019168501321404196,-0.3424483459609357,10.0,,8.0
2026-06-12,cv_3,ridge_all,all,q_net_margin,64.79072895997757,-2.6863788927263707e-05,-0.0017405244672243894,0.0019168501321404196,-0.3368924943231675,7.0,,5.0
2026-05-08,cv_3,ridge_all,all,q_rd_to_revenue,-0.5720775535473609,-2.6863788927164753e-05,1.5368170648465095e-05,0.0019168501321404196,-0.11565072329510094,34.0,12.0,
2026-05-11,cv_3,ridge_all,all,q_rd_to_revenue,-0.5720775535473609,-2.6863788927164753e-05,1.5368170648465095e-05,0.0019168501321404196,-0.13943555690515969,34.0,11.0,
2026-05-12,cv_3,ridge_all,all,q_rd_to_revenue,-0.5720775535473609,-2.6863788927164753e-05,1.5368170648465095e-05,0.0019168501321404196,-0.15736769883870705,34.0,11.0,
2026-05-13,cv_3,ridge_all,all,q_rd_to_revenue,-0.5720775535473609,-2.6863788927164753e-05,1.5368170648465095e-05,0.0019168501321404196,-0.18226482992894502,34.0,12.0,
2026-05-14,cv_3,ridge_all,all,q_rd_to_revenue,-0.5720775535473609,-2.6863788927164753e-05,1.5368170648465095e-05,0.0019168501321404196,-0.21299320268688648,34.0,11.0,
2026-05-15,cv_3,ridge_all,all,q_rd_to_revenue,-0.5720775535473609,-2.6863788927164753e-05,1.5368170648465095e-05,0.0019168501321404196,-0.1851039402920156,34.0,14.0,
2026-05-18,cv_3,ridge_all,all,q_rd_to_revenue,-0.5720775535473609,-2.6863788927164753e-05,1.5368170648465095e-05,0.0019168501321404196,-0.20718964223566172,34.0,14.0,
2026-05-19,cv_3,ridge_all,all,q_rd_to_revenue,-0.5720775535473609,-2.6863788927164753e-05,1.5368170648465095e-05,0.0019168501321404196,-0.2213459262374009,34.0,13.0,
2026-05-20,cv_3,ridge_all,all,q_rd_to_revenue,-0.5720775535473609,-2.6863788927164753e-05,1.5368170648465095e-05,0.0019168501321404196,-0.2365580449274366,34.0,12.0,
2026-05-21,cv_3,ridge_all,all,q_rd_to_revenue,-1.8457755680729702,-2.6863788927164753e-05,4.9584525267629886e-05,0.0019168501321404196,-0.23886720476989182,35.0,13.0,
2026-05-22,cv_3,ridge_all,all,q_rd_to_revenue,-1.8457755680729702,-2.6863788927164753e-05,4.9584525267629886e-05,0.0019168501321404196,-0.25566857210985655,34.0,13.0,
2026-05-26,cv_3,ridge_all,all,q_rd_to_revenue,-1.8457755680729702,-2.6863788927164753e-05,4.9584525267629886e-05,0.0019168501321404196,-0.28150391873797337,34.0,13.0,
2026-05-27,cv_3,ridge_all,all,q_rd_to_revenue,-1.8457755680729702,-2.6863788927164753e-05,4.9584525267629886e-05,0.0019168501321404196,-0.2877562065120959,35.0,14.0,
2026-05-28,cv_3,ridge_all,all,q_rd_to_revenue,-1.8457755680729702,-2.6863788927164753e-05,4.9584525267629886e-05,0.0019168501321404196,-0.3045877179037976,35.0,11.0,
2026-05-29,cv_3,ridge_all,all,q_rd_to_revenue,-1.8457755680729702,-2.6863788927164753e-05,4.9584525267629886e-05,0.0019168501321404196,-0.29256600477466455,35.0,13.0,
2026-06-01,cv_3,ridge_all,all,q_rd_to_revenue,-1.8457755680729702,-2.6863788927164753e-05,4.9584525267629886e-05,0.0019168501321404196,-0.3315452739490575,35.0,10.0,
2026-06-02,cv_3,ridge_all,all,q_rd_to_revenue,-1.8457755680729702,-2.6863788927164753e-05,4.9584525267629886e-05,0.0019168501321404196,-0.32475557781870823,35.0,13.0,
2026-06-03,cv_3,ridge_all,all,q_rd_to_revenue,-1.8457755680729702,-2.6863788927164753e-05,4.9584525267629886e-05,0.0019168501321404196,-0.3208382163635734,35.0,13.0,
2026-06-04,cv_3,ridge_all,all,q_rd_to_revenue,-1.8457755680729702,-2.6863788927164753e-05,4.9584525267629886e-05,0.0019168501321404196,-0.3533369961408837,35.0,10.0,
2026-06-05,cv_3,ridge_all,all,q_rd_to_revenue,-1.8457755680729702,-2.6863788927164753e-05,4.9584525267629886e-05,0.0019168501321404196,-0.3047145031610597,35.0,13.0,
2026-06-08,cv_3,ridge_all,all,q_rd_to_revenue,-1.8457755680729702,-2.6863788927164753e-05,4.9584525267629886e-05,0.0019168501321404196,-0.3392527297896435,35.0,12.0,
2026-06-09,cv_3,ridge_all,all,q_rd_to_revenue,-1.8457755680729702,-2.6863788927164753e-05,4.9584525267629886e-05,0.0019168501321404196,-0.33692581777611713,35.0,13.0,
2026-06-10,cv_3,ridge_all,all,q_rd_to_revenue,-1.8457755680729702,-2.6863788927164753e-05,4.9584525267629886e-05,0.0019168501321404196,-0.31655543284223014,35.0,13.0,
2026-06-11,cv_3,ridge_all,all,q_rd_to_revenue,-1.8457755680729702,-2.6863788927164753e-05,4.9584525267629886e-05,0.0019168501321404196,-0.3424483459609357,34.0,10.0,
2026-06-12,cv_3,ridge_all,all,q_rd_to_revenue,-1.8457755680729702,-2.6863788927164753e-05,4.9584525267629886e-05,0.0019168501321404196,-0.3368924943231675,35.0,11.0,
2026-05-08,cv_3,ridge_all,all,q_sga_to_revenue,-0.5720775535473548,-2.6863788927174728e-05,1.5368170648470638e-05,0.0019168501321404196,-0.11565072329510094,32.0,10.0,
2026-05-11,cv_3,ridge_all,all,q_sga_to_revenue,-0.5720775535473548,-2.6863788927174728e-05,1.5368170648470638e-05,0.0019168501321404196,-0.13943555690515969,32.0,9.0,
2026-05-12,cv_3,ridge_all,all,q_sga_to_revenue,-0.5720775535473548,-2.6863788927174728e-05,1.5368170648470638e-05,0.0019168501321404196,-0.15736769883870705,32.0,9.0,
2026-05-13,cv_3,ridge_all,all,q_sga_to_revenue,-0.5720775535473548,-2.6863788927174728e-05,1.5368170648470638e-05,0.0019168501321404196,-0.18226482992894502,32.0,10.0,
2026-05-14,cv_3,ridge_all,all,q_sga_to_revenue,-0.5720775535473548,-2.6863788927174728e-05,1.5368170648470638e-05,0.0019168501321404196,-0.21299320268688648,32.0,9.0,
2026-05-15,cv_3,ridge_all,all,q_sga_to_revenue,-0.5720775535473548,-2.6863788927174728e-05,1.5368170648470638e-05,0.0019168501321404196,-0.1851039402920156,32.0,12.0,
2026-05-18,cv_3,ridge_all,all,q_sga_to_revenue,-0.5720775535473548,-2.6863788927174728e-05,1.5368170648470638e-05,0.0019168501321404196,-0.20718964223566172,32.0,12.0,
2026-05-19,cv_3,ridge_all,all,q_sga_to_revenue,-0.5720775535473548,-2.6863788927174728e-05,1.5368170648470638e-05,0.0019168501321404196,-0.2213459262374009,32.0,11.0,
2026-05-20,cv_3,ridge_all,all,q_sga_to_revenue,-0.5720775535473548,-2.6863788927174728e-05,1.5368170648470638e-05,0.0019168501321404196,-0.2365580449274366,32.0,10.0,
2026-05-21,cv_3,ridge_all,all,q_sga_to_revenue,-2.8093471142397863,-2.6863788927174728e-05,7.546970790010505e-05,0.0019168501321404196,-0.23886720476989182,33.0,12.0,
2026-05-22,cv_3,ridge_all,all,q_sga_to_revenue,-2.8093471142397863,-2.6863788927174728e-05,7.546970790010505e-05,0.0019168501321404196,-0.25566857210985655,32.0,12.0,
2026-05-26,cv_3,ridge_all,all,q_sga_to_revenue,-2.8093471142397863,-2.6863788927174728e-05,7.546970790010505e-05,0.0019168501321404196,-0.28150391873797337,32.0,12.0,
2026-05-27,cv_3,ridge_all,all,q_sga_to_revenue,-2.8093471142397863,-2.6863788927174728e-05,7.546970790010505e-05,0.0019168501321404196,-0.2877562065120959,33.0,13.0,
2026-05-28,cv_3,ridge_all,all,q_sga_to_revenue,-2.8093471142397863,-2.6863788927174728e-05,7.546970790010505e-05,0.0019168501321404196,-0.3045877179037976,33.0,10.0,
2026-05-29,cv_3,ridge_all,all,q_sga_to_revenue,-2.8093471142397863,-2.6863788927174728e-05,7.546970790010505e-05,0.0019168501321404196,-0.29256600477466455,33.0,12.0,
2026-06-01,cv_3,ridge_all,all,q_sga_to_revenue,-2.8093471142397863,-2.6863788927174728e-05,7.546970790010505e-05,0.0019168501321404196,-0.3315452739490575,33.0,9.0,
2026-06-02,cv_3,ridge_all,all,q_sga_to_revenue,-2.8093471142397863,-2.6863788927174728e-05,7.546970790010505e-05,0.0019168501321404196,-0.32475557781870823,33.0,12.0,
2026-06-03,cv_3,ridge_all,all,q_sga_to_revenue,-2.8093471142397863,-2.6863788927174728e-05,7.546970790010505e-05,0.0019168501321404196,-0.3208382163635734,33.0,12.0,
2026-06-04,cv_3,ridge_all,all,q_sga_to_revenue,-2.8093471142397863,-2.6863788927174728e-05,7.546970790010505e-05,0.0019168501321404196,-0.3533369961408837,33.0,9.0,
2026-06-05,cv_3,ridge_all,all,q_sga_to_revenue,-2.8093471142397863,-2.6863788927174728e-05,7.546970790010505e-05,0.0019168501321404196,-0.3047145031610597,33.0,12.0,
2026-06-08,cv_3,ridge_all,all,q_sga_to_revenue,-2.8093471142397863,-2.6863788927174728e-05,7.546970790010505e-05,0.0019168501321404196,-0.3392527297896435,33.0,11.0,
2026-06-09,cv_3,ridge_all,all,q_sga_to_revenue,-2.8093471142397863,-2.6863788927174728e-05,7.546970790010505e-05,0.0019168501321404196,-0.33692581777611713,33.0,12.0,
2026-06-10,cv_3,ridge_all,all,q_sga_to_revenue,-2.8093471142397863,-2.6863788927174728e-05,7.546970790010505e-05,0.0019168501321404196,-0.31655543284223014,33.0,12.0,
2026-06-11,cv_3,ridge_all,all,q_sga_to_revenue,-2.8093471142397863,-2.6863788927174728e-05,7.546970790010505e-05,0.0019168501321404196,-0.3424483459609357,32.0,9.0,
2026-06-12,cv_3,ridge_all,all,q_sga_to_revenue,-2.8093471142397863,-2.6863788927174728e-05,7.546970790010505e-05,0.0019168501321404196,-0.3368924943231675,32.0,10.0,
2026-05-08,cv_3,ridge_all,all,q_revenue_growth_yoy,0.5720775535473603,2.6863788927099827e-05,1.5368170648427937e-05,0.0019168501321404196,-0.11565072329510094,35.0,13.0,
2026-05-11,cv_3,ridge_all,all,q_revenue_growth_yoy,0.5720775535473603,2.6863788927099827e-05,1.5368170648427937e-05,0.0019168501321404196,-0.13943555690515969,35.0,12.0,
2026-05-12,cv_3,ridge_all,all,q_revenue_growth_yoy,0.5720775535473603,2.6863788927099827e-05,1.5368170648427937e-05,0.0019168501321404196,-0.15736769883870705,35.0,12.0,
2026-05-13,cv_3,ridge_all,all,q_revenue_growth_yoy,0.5720775535473603,2.6863788927099827e-05,1.5368170648427937e-05,0.0019168501321404196,-0.18226482992894502,35.0,13.0,
2026-05-14,cv_3,ridge_all,all,q_revenue_growth_yoy,0.5720775535473603,2.6863788927099827e-05,1.5368170648427937e-05,0.0019168501321404196,-0.21299320268688648,35.0,12.0,
2026-05-15,cv_3,ridge_all,all,q_revenue_growth_yoy,0.5720775535473603,2.6863788927099827e-05,1.5368170648427937e-05,0.0019168501321404196,-0.1851039402920156,35.0,15.0,
2026-05-18,cv_3,ridge_all,all,q_revenue_growth_yoy,0.5720775535473603,2.6863788927099827e-05,1.5368170648427937e-05,0.0019168501321404196,-0.20718964223566172,35.0,15.0,
2026-05-19,cv_3,ridge_all,all,q_revenue_growth_yoy,0.5720775535473603,2.6863788927099827e-05,1.5368170648427937e-05,0.0019168501321404196,-0.2213459262374009,35.0,14.0,
2026-05-20,cv_3,ridge_all,all,q_revenue_growth_yoy,0.5720775535473603,2.6863788927099827e-05,1.5368170648427937e-05,0.0019168501321404196,-0.2365580449274366,35.0,13.0,
2026-05-21,cv_3,ridge_all,all,q_revenue_growth_yoy,8.226214219083833,2.6863788927099827e-05,0.0002209872824505754,0.0019168501321404196,-0.23886720476989182,28.0,9.0,
2026-05-22,cv_3,ridge_all,all,q_revenue_growth_yoy,8.226214219083833,2.6863788927099827e-05,0.0002209872824505754,0.0019168501321404196,-0.25566857210985655,27.0,9.0,
2026-05-26,cv_3,ridge_all,all,q_revenue_growth_yoy,8.226214219083833,2.6863788927099827e-05,0.0002209872824505754,0.0019168501321404196,-0.28150391873797337,27.0,9.0,
2026-05-27,cv_3,ridge_all,all,q_revenue_growth_yoy,8.226214219083833,2.6863788927099827e-05,0.0002209872824505754,0.0019168501321404196,-0.2877562065120959,27.0,9.0,
2026-05-28,cv_3,ridge_all,all,q_revenue_growth_yoy,8.226214219083833,2.6863788927099827e-05,0.0002209872824505754,0.0019168501321404196,-0.3045877179037976,28.0,7.0,
2026-05-29,cv_3,ridge_all,all,q_revenue_growth_yoy,8.226214219083833,2.6863788927099827e-05,0.0002209872824505754,0.0019168501321404196,-0.29256600477466455,27.0,9.0,
2026-06-01,cv_3,ridge_all,all,q_revenue_growth_yoy,8.226214219083833,2.6863788927099827e-05,0.0002209872824505754,0.0019168501321404196,-0.3315452739490575,28.0,6.0,
2026-06-02,cv_3,ridge_all,all,q_revenue_growth_yoy,8.226214219083833,2.6863788927099827e-05,0.0002209872824505754,0.0019168501321404196,-0.32475557781870823,28.0,9.0,
2026-06-03,cv_3,ridge_all,all,q_revenue_growth_yoy,8.226214219083833,2.6863788927099827e-05,0.0002209872824505754,0.0019168501321404196,-0.3208382163635734,28.0,9.0,
2026-06-04,cv_3,ridge_all,all,q_revenue_growth_yoy,8.226214219083833,2.6863788927099827e-05,0.0002209872824505754,0.0019168501321404196,-0.3533369961408837,28.0,6.0,
2026-06-05,cv_3,ridge_all,all,q_revenue_growth_yoy,8.226214219083833,2.6863788927099827e-05,0.0002209872824505754,0.0019168501321404196,-0.3047145031610597,28.0,9.0,
2026-06-08,cv_3,ridge_all,all,q_revenue_growth_yoy,8.226214219083833,2.6863788927099827e-05,0.0002209872824505754,0.0019168501321404196,-0.3392527297896435,28.0,8.0,
2026-06-09,cv_3,ridge_all,all,q_revenue_growth_yoy,8.226214219083833,2.6863788927099827e-05,0.0002209872824505754,0.0019168501321404196,-0.33692581777611713,28.0,9.0,
2026-06-10,cv_3,ridge_all,all,q_revenue_growth_yoy,8.226214219083833,2.6863788927099827e-05,0.0002209872824505754,0.0019168501321404196,-0.31655543284223014,28.0,9.0,
2026-06-11,cv_3,ridge_all,all,q_revenue_growth_yoy,8.226214219083833,2.6863788927099827e-05,0.0002209872824505754,0.0019168501321404196,-0.3424483459609357,27.0,6.0,
2026-06-12,cv_3,ridge_all,all,q_revenue_growth_yoy,8.226214219083833,2.6863788927099827e-05,0.0002209872824505754,0.0019168501321404196,-0.3368924943231675,27.0,7.0,
2026-05-08,cv_3,ridge_all,all,q_gross_profit_growth_yoy,0.5720775535473519,2.6863788927284348e-05,1.536817064853327e-05,0.0019168501321404196,-0.11565072329510094,28.0,6.0,
2026-05-11,cv_3,ridge_all,all,q_gross_profit_growth_yoy,0.5720775535473519,2.6863788927284348e-05,1.536817064853327e-05,0.0019168501321404196,-0.13943555690515969,28.0,5.0,
2026-05-12,cv_3,ridge_all,all,q_gross_profit_growth_yoy,0.5720775535473519,2.6863788927284348e-05,1.536817064853327e-05,0.0019168501321404196,-0.15736769883870705,28.0,5.0,
2026-05-13,cv_3,ridge_all,all,q_gross_profit_growth_yoy,0.5720775535473519,2.6863788927284348e-05,1.536817064853327e-05,0.0019168501321404196,-0.18226482992894502,28.0,6.0,
2026-05-14,cv_3,ridge_all,all,q_gross_profit_growth_yoy,0.5720775535473519,2.6863788927284348e-05,1.536817064853327e-05,0.0019168501321404196,-0.21299320268688648,28.0,5.0,
2026-05-15,cv_3,ridge_all,all,q_gross_profit_growth_yoy,0.5720775535473519,2.6863788927284348e-05,1.536817064853327e-05,0.0019168501321404196,-0.1851039402920156,28.0,8.0,
2026-05-18,cv_3,ridge_all,all,q_gross_profit_growth_yoy,0.5720775535473519,2.6863788927284348e-05,1.536817064853327e-05,0.0019168501321404196,-0.20718964223566172,28.0,8.0,
2026-05-19,cv_3,ridge_all,all,q_gross_profit_growth_yoy,0.5720775535473519,2.6863788927284348e-05,1.536817064853327e-05,0.0019168501321404196,-0.2213459262374009,28.0,7.0,
2026-05-20,cv_3,ridge_all,all,q_gross_profit_growth_yoy,0.5720775535473519,2.6863788927284348e-05,1.536817064853327e-05,0.0019168501321404196,-0.2365580449274366,28.0,6.0,
2026-05-21,cv_3,ridge_all,all,q_gross_profit_growth_yoy,16.604041404544855,2.6863788927284348e-05,0.0004460474636315829,0.0019168501321404196,-0.23886720476989182,14.0,7.0,
2026-05-22,cv_3,ridge_all,all,q_gross_profit_growth_yoy,16.604041404544855,2.6863788927284348e-05,0.0004460474636315829,0.0019168501321404196,-0.25566857210985655,13.0,7.0,
2026-05-26,cv_3,ridge_all,all,q_gross_profit_growth_yoy,16.604041404544855,2.6863788927284348e-05,0.0004460474636315829,0.0019168501321404196,-0.28150391873797337,12.0,6.0,
2026-05-27,cv_3,ridge_all,all,q_gross_profit_growth_yoy,16.604041404544855,2.6863788927284348e-05,0.0004460474636315829,0.0019168501321404196,-0.2877562065120959,13.0,7.0,
2026-05-28,cv_3,ridge_all,all,q_gross_profit_growth_yoy,16.604041404544855,2.6863788927284348e-05,0.0004460474636315829,0.0019168501321404196,-0.3045877179037976,13.0,4.0,
2026-05-29,cv_3,ridge_all,all,q_gross_profit_growth_yoy,16.604041404544855,2.6863788927284348e-05,0.0004460474636315829,0.0019168501321404196,-0.29256600477466455,13.0,7.0,
2026-06-01,cv_3,ridge_all,all,q_gross_profit_growth_yoy,16.604041404544855,2.6863788927284348e-05,0.0004460474636315829,0.0019168501321404196,-0.3315452739490575,14.0,4.0,
2026-06-02,cv_3,ridge_all,all,q_gross_profit_growth_yoy,16.604041404544855,2.6863788927284348e-05,0.0004460474636315829,0.0019168501321404196,-0.32475557781870823,14.0,7.0,
2026-06-03,cv_3,ridge_all,all,q_gross_profit_growth_yoy,16.604041404544855,2.6863788927284348e-05,0.0004460474636315829,0.0019168501321404196,-0.3208382163635734,13.0,7.0,
2026-06-04,cv_3,ridge_all,all,q_gross_profit_growth_yoy,16.604041404544855,2.6863788927284348e-05,0.0004460474636315829,0.0019168501321404196,-0.3533369961408837,14.0,4.0,
2026-06-05,cv_3,ridge_all,all,q_gross_profit_growth_yoy,16.604041404544855,2.6863788927284348e-05,0.0004460474636315829,0.0019168501321404196,-0.3047145031610597,14.0,7.0,
2026-06-08,cv_3,ridge_all,all,q_gross_profit_growth_yoy,16.604041404544855,2.6863788927284348e-05,0.0004460474636315829,0.0019168501321404196,-0.3392527297896435,13.0,5.0,
2026-06-09,cv_3,ridge_all,all,q_gross_profit_growth_yoy,16.604041404544855,2.6863788927284348e-05,0.0004460474636315829,0.0019168501321404196,-0.33692581777611713,13.0,6.0,
2026-06-10,cv_3,ridge_all,all,q_gross_profit_growth_yoy,16.604041404544855,2.6863788927284348e-05,0.0004460474636315829,0.0019168501321404196,-0.31655543284223014,13.0,7.0,
2026-06-11,cv_3,ridge_all,all,q_gross_profit_growth_yoy,16.604041404544855,2.6863788927284348e-05,0.0004460474636315829,0.0019168501321404196,-0.3424483459609357,13.0,4.0,
2026-06-12,cv_3,ridge_all,all,q_gross_profit_growth_yoy,16.604041404544855,2.6863788927284348e-05,0.0004460474636315829,0.0019168501321404196,-0.3368924943231675,11.0,5.0,
2026-05-08,cv_3,ridge_all,all,q_operating_income_growth_yoy,0.572077553547355,2.686378892717897e-05,1.536817064847307e-05,0.0019168501321404196,-0.11565072329510094,31.0,9.0,
2026-05-11,cv_3,ridge_all,all,q_operating_income_growth_yoy,0.572077553547355,2.686378892717897e-05,1.536817064847307e-05,0.0019168501321404196,-0.13943555690515969,31.0,8.0,
2026-05-12,cv_3,ridge_all,all,q_operating_income_growth_yoy,0.572077553547355,2.686378892717897e-05,1.536817064847307e-05,0.0019168501321404196,-0.15736769883870705,31.0,8.0,
2026-05-13,cv_3,ridge_all,all,q_operating_income_growth_yoy,0.572077553547355,2.686378892717897e-05,1.536817064847307e-05,0.0019168501321404196,-0.18226482992894502,31.0,9.0,
2026-05-14,cv_3,ridge_all,all,q_operating_income_growth_yoy,0.572077553547355,2.686378892717897e-05,1.536817064847307e-05,0.0019168501321404196,-0.21299320268688648,31.0,8.0,
2026-05-15,cv_3,ridge_all,all,q_operating_income_growth_yoy,0.572077553547355,2.686378892717897e-05,1.536817064847307e-05,0.0019168501321404196,-0.1851039402920156,31.0,11.0,
2026-05-18,cv_3,ridge_all,all,q_operating_income_growth_yoy,0.572077553547355,2.686378892717897e-05,1.536817064847307e-05,0.0019168501321404196,-0.20718964223566172,31.0,11.0,
2026-05-19,cv_3,ridge_all,all,q_operating_income_growth_yoy,0.572077553547355,2.686378892717897e-05,1.536817064847307e-05,0.0019168501321404196,-0.2213459262374009,31.0,10.0,
2026-05-20,cv_3,ridge_all,all,q_operating_income_growth_yoy,0.572077553547355,2.686378892717897e-05,1.536817064847307e-05,0.0019168501321404196,-0.2365580449274366,31.0,9.0,
2026-05-21,cv_3,ridge_all,all,q_operating_income_growth_yoy,16.434965150317495,2.686378892717897e-05,0.0004415054348236714,0.0019168501321404196,-0.23886720476989182,15.0,8.0,
2026-05-22,cv_3,ridge_all,all,q_operating_income_growth_yoy,16.434965150317495,2.686378892717897e-05,0.0004415054348236714,0.0019168501321404196,-0.25566857210985655,14.0,8.0,
2026-05-26,cv_3,ridge_all,all,q_operating_income_growth_yoy,16.434965150317495,2.686378892717897e-05,0.0004415054348236714,0.0019168501321404196,-0.28150391873797337,13.0,7.0,
2026-05-27,cv_3,ridge_all,all,q_operating_income_growth_yoy,16.434965150317495,2.686378892717897e-05,0.0004415054348236714,0.0019168501321404196,-0.2877562065120959,14.0,8.0,
2026-05-28,cv_3,ridge_all,all,q_operating_income_growth_yoy,16.434965150317495,2.686378892717897e-05,0.0004415054348236714,0.0019168501321404196,-0.3045877179037976,14.0,5.0,
2026-05-29,cv_3,ridge_all,all,q_operating_income_growth_yoy,16.434965150317495,2.686378892717897e-05,0.0004415054348236714,0.0019168501321404196,-0.29256600477466455,14.0,8.0,
2026-06-01,cv_3,ridge_all,all,q_operating_income_growth_yoy,16.434965150317495,2.686378892717897e-05,0.0004415054348236714,0.0019168501321404196,-0.3315452739490575,15.0,5.0,
2026-06-02,cv_3,ridge_all,all,q_operating_income_growth_yoy,16.434965150317495,2.686378892717897e-05,0.0004415054348236714,0.0019168501321404196,-0.32475557781870823,15.0,8.0,
2026-06-03,cv_3,ridge_all,all,q_operating_income_growth_yoy,16.434965150317495,2.686378892717897e-05,0.0004415054348236714,0.0019168501321404196,-0.3208382163635734,14.0,8.0,
2026-06-04,cv_3,ridge_all,all,q_operating_income_growth_yoy,16.434965150317495,2.686378892717897e-05,0.0004415054348236714,0.0019168501321404196,-0.3533369961408837,15.0,5.0,
2026-06-05,cv_3,ridge_all,all,q_operating_income_growth_yoy,16.434965150317495,2.686378892717897e-05,0.0004415054348236714,0.0019168501321404196,-0.3047145031610597,15.0,8.0,
2026-06-08,cv_3,ridge_all,all,q_operating_income_growth_yoy,16.434965150317495,2.686378892717897e-05,0.0004415054348236714,0.0019168501321404196,-0.3392527297896435,14.0,6.0,
2026-06-09,cv_3,ridge_all,all,q_operating_income_growth_yoy,16.434965150317495,2.686378892717897e-05,0.0004415054348236714,0.0019168501321404196,-0.33692581777611713,14.0,7.0,
2026-06-10,cv_3,ridge_all,all,q_operating_income_growth_yoy,16.434965150317495,2.686378892717897e-05,0.0004415054348236714,0.0019168501321404196,-0.31655543284223014,14.0,8.0,
2026-06-11,cv_3,ridge_all,all,q_operating_income_growth_yoy,16.434965150317495,2.686378892717897e-05,0.0004415054348236714,0.0019168501321404196,-0.3424483459609357,14.0,5.0,
2026-06-12,cv_3,ridge_all,all,q_operating_income_growth_yoy,16.434965150317495,2.686378892717897e-05,0.0004415054348236714,0.0019168501321404196,-0.3368924943231675,12.0,6.0,
2026-05-08,cv_3,ridge_all,all,q_net_income_growth_yoy,0.5720775535473502,2.68637889273087e-05,1.536817064854716e-05,0.0019168501321404196,-0.11565072329510094,27.0,5.0,
2026-05-11,cv_3,ridge_all,all,q_net_income_growth_yoy,0.5720775535473502,2.68637889273087e-05,1.536817064854716e-05,0.0019168501321404196,-0.13943555690515969,27.0,4.0,
2026-05-12,cv_3,ridge_all,all,q_net_income_growth_yoy,0.5720775535473502,2.68637889273087e-05,1.536817064854716e-05,0.0019168501321404196,-0.15736769883870705,27.0,4.0,
2026-05-13,cv_3,ridge_all,all,q_net_income_growth_yoy,0.5720775535473502,2.68637889273087e-05,1.536817064854716e-05,0.0019168501321404196,-0.18226482992894502,27.0,5.0,
2026-05-14,cv_3,ridge_all,all,q_net_income_growth_yoy,0.5720775535473502,2.68637889273087e-05,1.536817064854716e-05,0.0019168501321404196,-0.21299320268688648,27.0,4.0,
2026-05-15,cv_3,ridge_all,all,q_net_income_growth_yoy,0.5720775535473502,2.68637889273087e-05,1.536817064854716e-05,0.0019168501321404196,-0.1851039402920156,27.0,7.0,
2026-05-18,cv_3,ridge_all,all,q_net_income_growth_yoy,0.5720775535473502,2.68637889273087e-05,1.536817064854716e-05,0.0019168501321404196,-0.20718964223566172,27.0,7.0,
2026-05-19,cv_3,ridge_all,all,q_net_income_growth_yoy,0.5720775535473502,2.68637889273087e-05,1.536817064854716e-05,0.0019168501321404196,-0.2213459262374009,27.0,6.0,
2026-05-20,cv_3,ridge_all,all,q_net_income_growth_yoy,0.5720775535473502,2.68637889273087e-05,1.536817064854716e-05,0.0019168501321404196,-0.2365580449274366,27.0,5.0,
2026-05-21,cv_3,ridge_all,all,q_net_income_growth_yoy,56.03164878143153,2.68637889273087e-05,0.0015052223861134705,0.0019168501321404196,-0.23886720476989182,10.0,5.0,
2026-05-22,cv_3,ridge_all,all,q_net_income_growth_yoy,56.03164878143153,2.68637889273087e-05,0.0015052223861134705,0.0019168501321404196,-0.25566857210985655,11.0,6.0,
2026-05-26,cv_3,ridge_all,all,q_net_income_growth_yoy,56.03164878143153,2.68637889273087e-05,0.0015052223861134705,0.0019168501321404196,-0.28150391873797337,8.0,3.0,
2026-05-27,cv_3,ridge_all,all,q_net_income_growth_yoy,56.03164878143153,2.68637889273087e-05,0.0015052223861134705,0.0019168501321404196,-0.2877562065120959,9.0,4.0,
2026-05-28,cv_3,ridge_all,all,q_net_income_growth_yoy,56.03164878143153,2.68637889273087e-05,0.0015052223861134705,0.0019168501321404196,-0.3045877179037976,10.0,3.0,
2026-05-29,cv_3,ridge_all,all,q_net_income_growth_yoy,56.03164878143153,2.68637889273087e-05,0.0015052223861134705,0.0019168501321404196,-0.29256600477466455,9.0,5.0,
2026-06-01,cv_3,ridge_all,all,q_net_income_growth_yoy,56.03164878143153,2.68637889273087e-05,0.0015052223861134705,0.0019168501321404196,-0.3315452739490575,11.0,3.0,
2026-06-02,cv_3,ridge_all,all,q_net_income_growth_yoy,56.03164878143153,2.68637889273087e-05,0.0015052223861134705,0.0019168501321404196,-0.32475557781870823,10.0,5.0,
2026-06-03,cv_3,ridge_all,all,q_net_income_growth_yoy,56.03164878143153,2.68637889273087e-05,0.0015052223861134705,0.0019168501321404196,-0.3208382163635734,11.0,6.0,
2026-06-04,cv_3,ridge_all,all,q_net_income_growth_yoy,56.03164878143153,2.68637889273087e-05,0.0015052223861134705,0.0019168501321404196,-0.3533369961408837,11.0,3.0,
2026-06-05,cv_3,ridge_all,all,q_net_income_growth_yoy,56.03164878143153,2.68637889273087e-05,0.0015052223861134705,0.0019168501321404196,-0.3047145031610597,11.0,6.0,
2026-06-08,cv_3,ridge_all,all,q_net_income_growth_yoy,56.03164878143153,2.68637889273087e-05,0.0015052223861134705,0.0019168501321404196,-0.3392527297896435,9.0,3.0,
2026-06-09,cv_3,ridge_all,all,q_net_income_growth_yoy,56.03164878143153,2.68637889273087e-05,0.0015052223861134705,0.0019168501321404196,-0.33692581777611713,8.0,3.0,
2026-06-10,cv_3,ridge_all,all,q_net_income_growth_yoy,56.03164878143153,2.68637889273087e-05,0.0015052223861134705,0.0019168501321404196,-0.31655543284223014,11.0,6.0,
2026-06-11,cv_3,ridge_all,all,q_net_income_growth_yoy,56.03164878143153,2.68637889273087e-05,0.0015052223861134705,0.0019168501321404196,-0.3424483459609357,11.0,3.0,
2026-06-12,cv_3,ridge_all,all,q_net_income_growth_yoy,56.03164878143153,2.68637889273087e-05,0.0015052223861134705,0.0019168501321404196,-0.3368924943231675,8.0,3.0,
2026-05-08,cv_3,ridge_all,all,q_rd_growth_yoy,-0.5720775535473324,-2.686378892716851e-05,1.5368170648466477e-05,0.0019168501321404196,-0.11565072329510094,33.0,11.0,
2026-05-11,cv_3,ridge_all,all,q_rd_growth_yoy,-0.5720775535473324,-2.686378892716851e-05,1.5368170648466477e-05,0.0019168501321404196,-0.13943555690515969,33.0,10.0,
2026-05-12,cv_3,ridge_all,all,q_rd_growth_yoy,-0.5720775535473324,-2.686378892716851e-05,1.5368170648466477e-05,0.0019168501321404196,-0.15736769883870705,33.0,10.0,
2026-05-13,cv_3,ridge_all,all,q_rd_growth_yoy,-0.5720775535473324,-2.686378892716851e-05,1.5368170648466477e-05,0.0019168501321404196,-0.18226482992894502,33.0,11.0,
2026-05-14,cv_3,ridge_all,all,q_rd_growth_yoy,-0.5720775535473324,-2.686378892716851e-05,1.5368170648466477e-05,0.0019168501321404196,-0.21299320268688648,33.0,10.0,
2026-05-15,cv_3,ridge_all,all,q_rd_growth_yoy,-0.5720775535473324,-2.686378892716851e-05,1.5368170648466477e-05,0.0019168501321404196,-0.1851039402920156,33.0,13.0,
2026-05-18,cv_3,ridge_all,all,q_rd_growth_yoy,-0.5720775535473324,-2.686378892716851e-05,1.5368170648466477e-05,0.0019168501321404196,-0.20718964223566172,33.0,13.0,
2026-05-19,cv_3,ridge_all,all,q_rd_growth_yoy,-0.5720775535473324,-2.686378892716851e-05,1.5368170648466477e-05,0.0019168501321404196,-0.2213459262374009,33.0,12.0,
2026-05-20,cv_3,ridge_all,all,q_rd_growth_yoy,-0.5720775535473324,-2.686378892716851e-05,1.5368170648466477e-05,0.0019168501321404196,-0.2365580449274366,33.0,11.0,
2026-05-21,cv_3,ridge_all,all,q_rd_growth_yoy,594.0161605934132,-2.686378892716851e-05,-0.015957524757508487,0.0019168501321404196,-0.23886720476989182,4.0,,3.0
2026-05-22,cv_3,ridge_all,all,q_rd_growth_yoy,594.0161605934132,-2.686378892716851e-05,-0.015957524757508487,0.0019168501321404196,-0.25566857210985655,4.0,,3.0
2026-05-26,cv_3,ridge_all,all,q_rd_growth_yoy,594.0161605934132,-2.686378892716851e-05,-0.015957524757508487,0.0019168501321404196,-0.28150391873797337,3.0,,3.0
2026-05-27,cv_3,ridge_all,all,q_rd_growth_yoy,594.0161605934132,-2.686378892716851e-05,-0.015957524757508487,0.0019168501321404196,-0.2877562065120959,3.0,,3.0
2026-05-28,cv_3,ridge_all,all,q_rd_growth_yoy,594.0161605934132,-2.686378892716851e-05,-0.015957524757508487,0.0019168501321404196,-0.3045877179037976,3.0,,3.0
2026-05-29,cv_3,ridge_all,all,q_rd_growth_yoy,594.0161605934132,-2.686378892716851e-05,-0.015957524757508487,0.0019168501321404196,-0.29256600477466455,3.0,,3.0
2026-06-01,cv_3,ridge_all,all,q_rd_growth_yoy,594.0161605934132,-2.686378892716851e-05,-0.015957524757508487,0.0019168501321404196,-0.3315452739490575,5.0,,4.0
2026-06-02,cv_3,ridge_all,all,q_rd_growth_yoy,594.0161605934132,-2.686378892716851e-05,-0.015957524757508487,0.0019168501321404196,-0.32475557781870823,4.0,,3.0
2026-06-03,cv_3,ridge_all,all,q_rd_growth_yoy,594.0161605934132,-2.686378892716851e-05,-0.015957524757508487,0.0019168501321404196,-0.3208382163635734,4.0,,3.0
2026-06-04,cv_3,ridge_all,all,q_rd_growth_yoy,594.0161605934132,-2.686378892716851e-05,-0.015957524757508487,0.0019168501321404196,-0.3533369961408837,4.0,,3.0
2026-06-05,cv_3,ridge_all,all,q_rd_growth_yoy,594.0161605934132,-2.686378892716851e-05,-0.015957524757508487,0.0019168501321404196,-0.3047145031610597,5.0,,3.0
2026-06-08,cv_3,ridge_all,all,q_rd_growth_yoy,594.0161605934132,-2.686378892716851e-05,-0.015957524757508487,0.0019168501321404196,-0.3392527297896435,4.0,,3.0
2026-06-09,cv_3,ridge_all,all,q_rd_growth_yoy,594.0161605934132,-2.686378892716851e-05,-0.015957524757508487,0.0019168501321404196,-0.33692581777611713,4.0,,3.0
2026-06-10,cv_3,ridge_all,all,q_rd_growth_yoy,594.0161605934132,-2.686378892716851e-05,-0.015957524757508487,0.0019168501321404196,-0.31655543284223014,5.0,,4.0
2026-06-11,cv_3,ridge_all,all,q_rd_growth_yoy,594.0161605934132,-2.686378892716851e-05,-0.015957524757508487,0.0019168501321404196,-0.3424483459609357,5.0,,4.0
2026-06-12,cv_3,ridge_all,all,q_rd_growth_yoy,594.0161605934132,-2.686378892716851e-05,-0.015957524757508487,0.0019168501321404196,-0.3368924943231675,4.0,,3.0
2026-05-08,cv_3,ridge_all,all,fy_gross_margin,-1.4981470036162872,0.00018701052818691943,-0.00028016926244793256,0.0019168501321404196,-0.11565072329510094,10.0,,8.0
2026-05-11,cv_3,ridge_all,all,fy_gross_margin,-1.4981470036162872,0.00018701052818691943,-0.00028016926244793256,0.0019168501321404196,-0.13943555690515969,11.0,,9.0
2026-05-12,cv_3,ridge_all,all,fy_gross_margin,-1.4981470036162872,0.00018701052818691943,-0.00028016926244793256,0.0019168501321404196,-0.15736769883870705,11.0,,9.0
2026-05-13,cv_3,ridge_all,all,fy_gross_margin,-1.4981470036162872,0.00018701052818691943,-0.00028016926244793256,0.0019168501321404196,-0.18226482992894502,10.0,,8.0
2026-05-14,cv_3,ridge_all,all,fy_gross_margin,-1.4981470036162872,0.00018701052818691943,-0.00028016926244793256,0.0019168501321404196,-0.21299320268688648,10.0,,8.0
2026-05-15,cv_3,ridge_all,all,fy_gross_margin,-1.4981470036162872,0.00018701052818691943,-0.00028016926244793256,0.0019168501321404196,-0.1851039402920156,10.0,,5.0
2026-05-18,cv_3,ridge_all,all,fy_gross_margin,-1.4981470036162872,0.00018701052818691943,-0.00028016926244793256,0.0019168501321404196,-0.20718964223566172,11.0,,6.0
2026-05-19,cv_3,ridge_all,all,fy_gross_margin,-1.4981470036162872,0.00018701052818691943,-0.00028016926244793256,0.0019168501321404196,-0.2213459262374009,10.0,,6.0
2026-05-20,cv_3,ridge_all,all,fy_gross_margin,-1.4981470036162872,0.00018701052818691943,-0.00028016926244793256,0.0019168501321404196,-0.2365580449274366,10.0,,8.0
2026-05-21,cv_3,ridge_all,all,fy_gross_margin,-1.4981470036162872,0.00018701052818691943,-0.00028016926244793256,0.0019168501321404196,-0.23886720476989182,16.0,,8.0
2026-05-22,cv_3,ridge_all,all,fy_gross_margin,-1.4981470036162872,0.00018701052818691943,-0.00028016926244793256,0.0019168501321404196,-0.25566857210985655,15.0,,7.0
2026-05-26,cv_3,ridge_all,all,fy_gross_margin,-1.4981470036162872,0.00018701052818691943,-0.00028016926244793256,0.0019168501321404196,-0.28150391873797337,14.0,,7.0
2026-05-27,cv_3,ridge_all,all,fy_gross_margin,-1.4981470036162872,0.00018701052818691943,-0.00028016926244793256,0.0019168501321404196,-0.2877562065120959,15.0,,7.0
2026-05-28,cv_3,ridge_all,all,fy_gross_margin,-1.4981470036162872,0.00018701052818691943,-0.00028016926244793256,0.0019168501321404196,-0.3045877179037976,16.0,,10.0
2026-05-29,cv_3,ridge_all,all,fy_gross_margin,-1.4981470036162872,0.00018701052818691943,-0.00028016926244793256,0.0019168501321404196,-0.29256600477466455,15.0,,7.0
2026-06-01,cv_3,ridge_all,all,fy_gross_margin,-1.4981470036162872,0.00018701052818691943,-0.00028016926244793256,0.0019168501321404196,-0.3315452739490575,16.0,,11.0
2026-06-02,cv_3,ridge_all,all,fy_gross_margin,-1.4981470036162872,0.00018701052818691943,-0.00028016926244793256,0.0019168501321404196,-0.32475557781870823,16.0,,8.0
2026-06-03,cv_3,ridge_all,all,fy_gross_margin,-1.4981470036162872,0.00018701052818691943,-0.00028016926244793256,0.0019168501321404196,-0.3208382163635734,16.0,,8.0
2026-06-04,cv_3,ridge_all,all,fy_gross_margin,-1.4981470036162872,0.00018701052818691943,-0.00028016926244793256,0.0019168501321404196,-0.3533369961408837,16.0,,11.0
2026-06-05,cv_3,ridge_all,all,fy_gross_margin,-1.4981470036162872,0.00018701052818691943,-0.00028016926244793256,0.0019168501321404196,-0.3047145031610597,16.0,,8.0
2026-06-08,cv_3,ridge_all,all,fy_gross_margin,-1.4981470036162872,0.00018701052818691943,-0.00028016926244793256,0.0019168501321404196,-0.3392527297896435,16.0,,9.0
2026-06-09,cv_3,ridge_all,all,fy_gross_margin,-1.4981470036162872,0.00018701052818691943,-0.00028016926244793256,0.0019168501321404196,-0.33692581777611713,15.0,,8.0
2026-06-10,cv_3,ridge_all,all,fy_gross_margin,-1.4981470036162872,0.00018701052818691943,-0.00028016926244793256,0.0019168501321404196,-0.31655543284223014,16.0,,8.0
2026-06-11,cv_3,ridge_all,all,fy_gross_margin,-1.4981470036162872,0.00018701052818691943,-0.00028016926244793256,0.0019168501321404196,-0.3424483459609357,15.0,,10.0
2026-06-12,cv_3,ridge_all,all,fy_gross_margin,-1.4981470036162872,0.00018701052818691943,-0.00028016926244793256,0.0019168501321404196,-0.3368924943231675,15.0,,9.0
2026-05-08,cv_3,ridge_all,all,fy_operating_margin,-1.4981470036162832,0.00018701052818659655,-0.0002801692624474481,0.0019168501321404196,-0.11565072329510094,19.0,,17.0
2026-05-11,cv_3,ridge_all,all,fy_operating_margin,-1.4981470036162832,0.00018701052818659655,-0.0002801692624474481,0.0019168501321404196,-0.13943555690515969,20.0,,18.0
2026-05-12,cv_3,ridge_all,all,fy_operating_margin,-1.4981470036162832,0.00018701052818659655,-0.0002801692624474481,0.0019168501321404196,-0.15736769883870705,20.0,,18.0
2026-05-13,cv_3,ridge_all,all,fy_operating_margin,-1.4981470036162832,0.00018701052818659655,-0.0002801692624474481,0.0019168501321404196,-0.18226482992894502,19.0,,17.0
2026-05-14,cv_3,ridge_all,all,fy_operating_margin,-1.4981470036162832,0.00018701052818659655,-0.0002801692624474481,0.0019168501321404196,-0.21299320268688648,19.0,,17.0
2026-05-15,cv_3,ridge_all,all,fy_operating_margin,-1.4981470036162832,0.00018701052818659655,-0.0002801692624474481,0.0019168501321404196,-0.1851039402920156,19.0,,14.0
2026-05-18,cv_3,ridge_all,all,fy_operating_margin,-1.4981470036162832,0.00018701052818659655,-0.0002801692624474481,0.0019168501321404196,-0.20718964223566172,20.0,,15.0
2026-05-19,cv_3,ridge_all,all,fy_operating_margin,-1.4981470036162832,0.00018701052818659655,-0.0002801692624474481,0.0019168501321404196,-0.2213459262374009,19.0,,15.0
2026-05-20,cv_3,ridge_all,all,fy_operating_margin,-1.4981470036162832,0.00018701052818659655,-0.0002801692624474481,0.0019168501321404196,-0.2365580449274366,19.0,,17.0
2026-05-21,cv_3,ridge_all,all,fy_operating_margin,-1.4981470036162832,0.00018701052818659655,-0.0002801692624474481,0.0019168501321404196,-0.23886720476989182,25.0,,17.0
2026-05-22,cv_3,ridge_all,all,fy_operating_margin,-1.4981470036162832,0.00018701052818659655,-0.0002801692624474481,0.0019168501321404196,-0.25566857210985655,24.0,,16.0
2026-05-26,cv_3,ridge_all,all,fy_operating_margin,-1.4981470036162832,0.00018701052818659655,-0.0002801692624474481,0.0019168501321404196,-0.28150391873797337,23.0,,16.0
2026-05-27,cv_3,ridge_all,all,fy_operating_margin,-1.4981470036162832,0.00018701052818659655,-0.0002801692624474481,0.0019168501321404196,-0.2877562065120959,24.0,,16.0
2026-05-28,cv_3,ridge_all,all,fy_operating_margin,-1.4981470036162832,0.00018701052818659655,-0.0002801692624474481,0.0019168501321404196,-0.3045877179037976,25.0,,19.0
2026-05-29,cv_3,ridge_all,all,fy_operating_margin,-1.4981470036162832,0.00018701052818659655,-0.0002801692624474481,0.0019168501321404196,-0.29256600477466455,24.0,,16.0
2026-06-01,cv_3,ridge_all,all,fy_operating_margin,-1.4981470036162832,0.00018701052818659655,-0.0002801692624474481,0.0019168501321404196,-0.3315452739490575,25.0,,20.0
2026-06-02,cv_3,ridge_all,all,fy_operating_margin,-1.4981470036162832,0.00018701052818659655,-0.0002801692624474481,0.0019168501321404196,-0.32475557781870823,25.0,,17.0
2026-06-03,cv_3,ridge_all,all,fy_operating_margin,-1.4981470036162832,0.00018701052818659655,-0.0002801692624474481,0.0019168501321404196,-0.3208382163635734,25.0,,17.0
2026-06-04,cv_3,ridge_all,all,fy_operating_margin,-1.4981470036162832,0.00018701052818659655,-0.0002801692624474481,0.0019168501321404196,-0.3533369961408837,25.0,,20.0
2026-06-05,cv_3,ridge_all,all,fy_operating_margin,-1.4981470036162832,0.00018701052818659655,-0.0002801692624474481,0.0019168501321404196,-0.3047145031610597,25.0,,17.0
2026-06-08,cv_3,ridge_all,all,fy_operating_margin,-1.4981470036162832,0.00018701052818659655,-0.0002801692624474481,0.0019168501321404196,-0.3392527297896435,25.0,,18.0
2026-06-09,cv_3,ridge_all,all,fy_operating_margin,-1.4981470036162832,0.00018701052818659655,-0.0002801692624474481,0.0019168501321404196,-0.33692581777611713,24.0,,17.0
2026-06-10,cv_3,ridge_all,all,fy_operating_margin,-1.4981470036162832,0.00018701052818659655,-0.0002801692624474481,0.0019168501321404196,-0.31655543284223014,25.0,,17.0
2026-06-11,cv_3,ridge_all,all,fy_operating_margin,-1.4981470036162832,0.00018701052818659655,-0.0002801692624474481,0.0019168501321404196,-0.3424483459609357,24.0,,19.0
2026-06-12,cv_3,ridge_all,all,fy_operating_margin,-1.4981470036162832,0.00018701052818659655,-0.0002801692624474481,0.0019168501321404196,-0.3368924943231675,24.0,,18.0
2026-05-08,cv_3,ridge_all,all,fy_net_margin,-1.4981470036163589,0.00018701052818670988,-0.000280169262447632,0.0019168501321404196,-0.11565072329510094,15.0,,13.0
2026-05-11,cv_3,ridge_all,all,fy_net_margin,-1.4981470036163589,0.00018701052818670988,-0.000280169262447632,0.0019168501321404196,-0.13943555690515969,16.0,,14.0
2026-05-12,cv_3,ridge_all,all,fy_net_margin,-1.4981470036163589,0.00018701052818670988,-0.000280169262447632,0.0019168501321404196,-0.15736769883870705,16.0,,14.0
2026-05-13,cv_3,ridge_all,all,fy_net_margin,-1.4981470036163589,0.00018701052818670988,-0.000280169262447632,0.0019168501321404196,-0.18226482992894502,15.0,,13.0
2026-05-14,cv_3,ridge_all,all,fy_net_margin,-1.4981470036163589,0.00018701052818670988,-0.000280169262447632,0.0019168501321404196,-0.21299320268688648,15.0,,13.0
2026-05-15,cv_3,ridge_all,all,fy_net_margin,-1.4981470036163589,0.00018701052818670988,-0.000280169262447632,0.0019168501321404196,-0.1851039402920156,15.0,,10.0
2026-05-18,cv_3,ridge_all,all,fy_net_margin,-1.4981470036163589,0.00018701052818670988,-0.000280169262447632,0.0019168501321404196,-0.20718964223566172,16.0,,11.0
2026-05-19,cv_3,ridge_all,all,fy_net_margin,-1.4981470036163589,0.00018701052818670988,-0.000280169262447632,0.0019168501321404196,-0.2213459262374009,15.0,,11.0
2026-05-20,cv_3,ridge_all,all,fy_net_margin,-1.4981470036163589,0.00018701052818670988,-0.000280169262447632,0.0019168501321404196,-0.2365580449274366,15.0,,13.0
2026-05-21,cv_3,ridge_all,all,fy_net_margin,-1.4981470036163589,0.00018701052818670988,-0.000280169262447632,0.0019168501321404196,-0.23886720476989182,21.0,,13.0
2026-05-22,cv_3,ridge_all,all,fy_net_margin,-1.4981470036163589,0.00018701052818670988,-0.000280169262447632,0.0019168501321404196,-0.25566857210985655,20.0,,12.0
2026-05-26,cv_3,ridge_all,all,fy_net_margin,-1.4981470036163589,0.00018701052818670988,-0.000280169262447632,0.0019168501321404196,-0.28150391873797337,19.0,,12.0
2026-05-27,cv_3,ridge_all,all,fy_net_margin,-1.4981470036163589,0.00018701052818670988,-0.000280169262447632,0.0019168501321404196,-0.2877562065120959,20.0,,12.0
2026-05-28,cv_3,ridge_all,all,fy_net_margin,-1.4981470036163589,0.00018701052818670988,-0.000280169262447632,0.0019168501321404196,-0.3045877179037976,21.0,,15.0
2026-05-29,cv_3,ridge_all,all,fy_net_margin,-1.4981470036163589,0.00018701052818670988,-0.000280169262447632,0.0019168501321404196,-0.29256600477466455,20.0,,12.0
2026-06-01,cv_3,ridge_all,all,fy_net_margin,-1.4981470036163589,0.00018701052818670988,-0.000280169262447632,0.0019168501321404196,-0.3315452739490575,21.0,,16.0
2026-06-02,cv_3,ridge_all,all,fy_net_margin,-1.4981470036163589,0.00018701052818670988,-0.000280169262447632,0.0019168501321404196,-0.32475557781870823,21.0,,13.0
2026-06-03,cv_3,ridge_all,all,fy_net_margin,-1.4981470036163589,0.00018701052818670988,-0.000280169262447632,0.0019168501321404196,-0.3208382163635734,21.0,,13.0
2026-06-04,cv_3,ridge_all,all,fy_net_margin,-1.4981470036163589,0.00018701052818670988,-0.000280169262447632,0.0019168501321404196,-0.3533369961408837,21.0,,16.0
2026-06-05,cv_3,ridge_all,all,fy_net_margin,-1.4981470036163589,0.00018701052818670988,-0.000280169262447632,0.0019168501321404196,-0.3047145031610597,21.0,,13.0
2026-06-08,cv_3,ridge_all,all,fy_net_margin,-1.4981470036163589,0.00018701052818670988,-0.000280169262447632,0.0019168501321404196,-0.3392527297896435,21.0,,14.0
2026-06-09,cv_3,ridge_all,all,fy_net_margin,-1.4981470036163589,0.00018701052818670988,-0.000280169262447632,0.0019168501321404196,-0.33692581777611713,20.0,,13.0
2026-06-10,cv_3,ridge_all,all,fy_net_margin,-1.4981470036163589,0.00018701052818670988,-0.000280169262447632,0.0019168501321404196,-0.31655543284223014,21.0,,13.0
2026-06-11,cv_3,ridge_all,all,fy_net_margin,-1.4981470036163589,0.00018701052818670988,-0.000280169262447632,0.0019168501321404196,-0.3424483459609357,20.0,,15.0
2026-06-12,cv_3,ridge_all,all,fy_net_margin,-1.4981470036163589,0.00018701052818670988,-0.000280169262447632,0.0019168501321404196,-0.3368924943231675,20.0,,14.0
2026-05-08,cv_3,ridge_all,all,fy_rd_to_revenue,-1.4981470036162832,0.00018701052818657636,-0.00028016926244741784,0.0019168501321404196,-0.11565072329510094,21.0,,19.0
2026-05-11,cv_3,ridge_all,all,fy_rd_to_revenue,-1.4981470036162832,0.00018701052818657636,-0.00028016926244741784,0.0019168501321404196,-0.13943555690515969,22.0,,20.0
2026-05-12,cv_3,ridge_all,all,fy_rd_to_revenue,-1.4981470036162832,0.00018701052818657636,-0.00028016926244741784,0.0019168501321404196,-0.15736769883870705,22.0,,20.0
2026-05-13,cv_3,ridge_all,all,fy_rd_to_revenue,-1.4981470036162832,0.00018701052818657636,-0.00028016926244741784,0.0019168501321404196,-0.18226482992894502,21.0,,19.0
2026-05-14,cv_3,ridge_all,all,fy_rd_to_revenue,-1.4981470036162832,0.00018701052818657636,-0.00028016926244741784,0.0019168501321404196,-0.21299320268688648,21.0,,19.0
2026-05-15,cv_3,ridge_all,all,fy_rd_to_revenue,-1.4981470036162832,0.00018701052818657636,-0.00028016926244741784,0.0019168501321404196,-0.1851039402920156,21.0,,16.0
2026-05-18,cv_3,ridge_all,all,fy_rd_to_revenue,-1.4981470036162832,0.00018701052818657636,-0.00028016926244741784,0.0019168501321404196,-0.20718964223566172,22.0,,17.0
2026-05-19,cv_3,ridge_all,all,fy_rd_to_revenue,-1.4981470036162832,0.00018701052818657636,-0.00028016926244741784,0.0019168501321404196,-0.2213459262374009,21.0,,17.0
2026-05-20,cv_3,ridge_all,all,fy_rd_to_revenue,-1.4981470036162832,0.00018701052818657636,-0.00028016926244741784,0.0019168501321404196,-0.2365580449274366,21.0,,19.0
2026-05-21,cv_3,ridge_all,all,fy_rd_to_revenue,-1.4981470036162832,0.00018701052818657636,-0.00028016926244741784,0.0019168501321404196,-0.23886720476989182,27.0,,19.0
2026-05-22,cv_3,ridge_all,all,fy_rd_to_revenue,-1.4981470036162832,0.00018701052818657636,-0.00028016926244741784,0.0019168501321404196,-0.25566857210985655,26.0,,18.0
2026-05-26,cv_3,ridge_all,all,fy_rd_to_revenue,-1.4981470036162832,0.00018701052818657636,-0.00028016926244741784,0.0019168501321404196,-0.28150391873797337,25.0,,18.0
2026-05-27,cv_3,ridge_all,all,fy_rd_to_revenue,-1.4981470036162832,0.00018701052818657636,-0.00028016926244741784,0.0019168501321404196,-0.2877562065120959,26.0,,18.0
2026-05-28,cv_3,ridge_all,all,fy_rd_to_revenue,-1.4981470036162832,0.00018701052818657636,-0.00028016926244741784,0.0019168501321404196,-0.3045877179037976,27.0,,21.0
2026-05-29,cv_3,ridge_all,all,fy_rd_to_revenue,-1.4981470036162832,0.00018701052818657636,-0.00028016926244741784,0.0019168501321404196,-0.29256600477466455,26.0,,18.0
2026-06-01,cv_3,ridge_all,all,fy_rd_to_revenue,-1.4981470036162832,0.00018701052818657636,-0.00028016926244741784,0.0019168501321404196,-0.3315452739490575,27.0,,22.0
2026-06-02,cv_3,ridge_all,all,fy_rd_to_revenue,-1.4981470036162832,0.00018701052818657636,-0.00028016926244741784,0.0019168501321404196,-0.32475557781870823,27.0,,19.0
2026-06-03,cv_3,ridge_all,all,fy_rd_to_revenue,-1.4981470036162832,0.00018701052818657636,-0.00028016926244741784,0.0019168501321404196,-0.3208382163635734,27.0,,19.0
2026-06-04,cv_3,ridge_all,all,fy_rd_to_revenue,-1.4981470036162832,0.00018701052818657636,-0.00028016926244741784,0.0019168501321404196,-0.3533369961408837,27.0,,22.0
2026-06-05,cv_3,ridge_all,all,fy_rd_to_revenue,-1.4981470036162832,0.00018701052818657636,-0.00028016926244741784,0.0019168501321404196,-0.3047145031610597,27.0,,19.0
2026-06-08,cv_3,ridge_all,all,fy_rd_to_revenue,-1.4981470036162832,0.00018701052818657636,-0.00028016926244741784,0.0019168501321404196,-0.3392527297896435,27.0,,20.0
2026-06-09,cv_3,ridge_all,all,fy_rd_to_revenue,-1.4981470036162832,0.00018701052818657636,-0.00028016926244741784,0.0019168501321404196,-0.33692581777611713,26.0,,19.0
2026-06-10,cv_3,ridge_all,all,fy_rd_to_revenue,-1.4981470036162832,0.00018701052818657636,-0.00028016926244741784,0.0019168501321404196,-0.31655543284223014,27.0,,19.0
2026-06-11,cv_3,ridge_all,all,fy_rd_to_revenue,-1.4981470036162832,0.00018701052818657636,-0.00028016926244741784,0.0019168501321404196,-0.3424483459609357,26.0,,21.0
2026-06-12,cv_3,ridge_all,all,fy_rd_to_revenue,-1.4981470036162832,0.00018701052818657636,-0.00028016926244741784,0.0019168501321404196,-0.3368924943231675,26.0,,20.0
2026-05-08,cv_3,ridge_all,all,fy_sga_to_revenue,-1.4981470036162832,0.0001870105281868377,-0.0002801692624478094,0.0019168501321404196,-0.11565072329510094,13.0,,11.0
2026-05-11,cv_3,ridge_all,all,fy_sga_to_revenue,-1.4981470036162832,0.0001870105281868377,-0.0002801692624478094,0.0019168501321404196,-0.13943555690515969,14.0,,12.0
2026-05-12,cv_3,ridge_all,all,fy_sga_to_revenue,-1.4981470036162832,0.0001870105281868377,-0.0002801692624478094,0.0019168501321404196,-0.15736769883870705,14.0,,12.0
2026-05-13,cv_3,ridge_all,all,fy_sga_to_revenue,-1.4981470036162832,0.0001870105281868377,-0.0002801692624478094,0.0019168501321404196,-0.18226482992894502,13.0,,11.0
2026-05-14,cv_3,ridge_all,all,fy_sga_to_revenue,-1.4981470036162832,0.0001870105281868377,-0.0002801692624478094,0.0019168501321404196,-0.21299320268688648,13.0,,11.0
2026-05-15,cv_3,ridge_all,all,fy_sga_to_revenue,-1.4981470036162832,0.0001870105281868377,-0.0002801692624478094,0.0019168501321404196,-0.1851039402920156,13.0,,8.0
2026-05-18,cv_3,ridge_all,all,fy_sga_to_revenue,-1.4981470036162832,0.0001870105281868377,-0.0002801692624478094,0.0019168501321404196,-0.20718964223566172,14.0,,9.0
2026-05-19,cv_3,ridge_all,all,fy_sga_to_revenue,-1.4981470036162832,0.0001870105281868377,-0.0002801692624478094,0.0019168501321404196,-0.2213459262374009,13.0,,9.0
2026-05-20,cv_3,ridge_all,all,fy_sga_to_revenue,-1.4981470036162832,0.0001870105281868377,-0.0002801692624478094,0.0019168501321404196,-0.2365580449274366,13.0,,11.0
2026-05-21,cv_3,ridge_all,all,fy_sga_to_revenue,-1.4981470036162832,0.0001870105281868377,-0.0002801692624478094,0.0019168501321404196,-0.23886720476989182,19.0,,11.0
2026-05-22,cv_3,ridge_all,all,fy_sga_to_revenue,-1.4981470036162832,0.0001870105281868377,-0.0002801692624478094,0.0019168501321404196,-0.25566857210985655,18.0,,10.0
2026-05-26,cv_3,ridge_all,all,fy_sga_to_revenue,-1.4981470036162832,0.0001870105281868377,-0.0002801692624478094,0.0019168501321404196,-0.28150391873797337,17.0,,10.0
2026-05-27,cv_3,ridge_all,all,fy_sga_to_revenue,-1.4981470036162832,0.0001870105281868377,-0.0002801692624478094,0.0019168501321404196,-0.2877562065120959,18.0,,10.0
2026-05-28,cv_3,ridge_all,all,fy_sga_to_revenue,-1.4981470036162832,0.0001870105281868377,-0.0002801692624478094,0.0019168501321404196,-0.3045877179037976,19.0,,13.0
2026-05-29,cv_3,ridge_all,all,fy_sga_to_revenue,-1.4981470036162832,0.0001870105281868377,-0.0002801692624478094,0.0019168501321404196,-0.29256600477466455,18.0,,10.0
2026-06-01,cv_3,ridge_all,all,fy_sga_to_revenue,-1.4981470036162832,0.0001870105281868377,-0.0002801692624478094,0.0019168501321404196,-0.3315452739490575,19.0,,14.0
2026-06-02,cv_3,ridge_all,all,fy_sga_to_revenue,-1.4981470036162832,0.0001870105281868377,-0.0002801692624478094,0.0019168501321404196,-0.32475557781870823,19.0,,11.0
2026-06-03,cv_3,ridge_all,all,fy_sga_to_revenue,-1.4981470036162832,0.0001870105281868377,-0.0002801692624478094,0.0019168501321404196,-0.3208382163635734,19.0,,11.0
2026-06-04,cv_3,ridge_all,all,fy_sga_to_revenue,-1.4981470036162832,0.0001870105281868377,-0.0002801692624478094,0.0019168501321404196,-0.3533369961408837,19.0,,14.0
2026-06-05,cv_3,ridge_all,all,fy_sga_to_revenue,-1.4981470036162832,0.0001870105281868377,-0.0002801692624478094,0.0019168501321404196,-0.3047145031610597,19.0,,11.0
2026-06-08,cv_3,ridge_all,all,fy_sga_to_revenue,-1.4981470036162832,0.0001870105281868377,-0.0002801692624478094,0.0019168501321404196,-0.3392527297896435,19.0,,12.0
2026-06-09,cv_3,ridge_all,all,fy_sga_to_revenue,-1.4981470036162832,0.0001870105281868377,-0.0002801692624478094,0.0019168501321404196,-0.33692581777611713,18.0,,11.0
2026-06-10,cv_3,ridge_all,all,fy_sga_to_revenue,-1.4981470036162832,0.0001870105281868377,-0.0002801692624478094,0.0019168501321404196,-0.31655543284223014,19.0,,11.0
2026-06-11,cv_3,ridge_all,all,fy_sga_to_revenue,-1.4981470036162832,0.0001870105281868377,-0.0002801692624478094,0.0019168501321404196,-0.3424483459609357,18.0,,13.0
2026-06-12,cv_3,ridge_all,all,fy_sga_to_revenue,-1.4981470036162832,0.0001870105281868377,-0.0002801692624478094,0.0019168501321404196,-0.3368924943231675,18.0,,12.0
2026-05-08,cv_3,ridge_all,all,fy_ocf_margin,-1.498147003616284,0.00018701052818683348,-0.0002801692624478032,0.0019168501321404196,-0.11565072329510094,14.0,,12.0
2026-05-11,cv_3,ridge_all,all,fy_ocf_margin,-1.498147003616284,0.00018701052818683348,-0.0002801692624478032,0.0019168501321404196,-0.13943555690515969,15.0,,13.0
2026-05-12,cv_3,ridge_all,all,fy_ocf_margin,-1.498147003616284,0.00018701052818683348,-0.0002801692624478032,0.0019168501321404196,-0.15736769883870705,15.0,,13.0
2026-05-13,cv_3,ridge_all,all,fy_ocf_margin,-1.498147003616284,0.00018701052818683348,-0.0002801692624478032,0.0019168501321404196,-0.18226482992894502,14.0,,12.0
2026-05-14,cv_3,ridge_all,all,fy_ocf_margin,-1.498147003616284,0.00018701052818683348,-0.0002801692624478032,0.0019168501321404196,-0.21299320268688648,14.0,,12.0
2026-05-15,cv_3,ridge_all,all,fy_ocf_margin,-1.498147003616284,0.00018701052818683348,-0.0002801692624478032,0.0019168501321404196,-0.1851039402920156,14.0,,9.0
2026-05-18,cv_3,ridge_all,all,fy_ocf_margin,-1.498147003616284,0.00018701052818683348,-0.0002801692624478032,0.0019168501321404196,-0.20718964223566172,15.0,,10.0
2026-05-19,cv_3,ridge_all,all,fy_ocf_margin,-1.498147003616284,0.00018701052818683348,-0.0002801692624478032,0.0019168501321404196,-0.2213459262374009,14.0,,10.0
2026-05-20,cv_3,ridge_all,all,fy_ocf_margin,-1.498147003616284,0.00018701052818683348,-0.0002801692624478032,0.0019168501321404196,-0.2365580449274366,14.0,,12.0
2026-05-21,cv_3,ridge_all,all,fy_ocf_margin,-1.498147003616284,0.00018701052818683348,-0.0002801692624478032,0.0019168501321404196,-0.23886720476989182,20.0,,12.0
2026-05-22,cv_3,ridge_all,all,fy_ocf_margin,-1.498147003616284,0.00018701052818683348,-0.0002801692624478032,0.0019168501321404196,-0.25566857210985655,19.0,,11.0
2026-05-26,cv_3,ridge_all,all,fy_ocf_margin,-1.498147003616284,0.00018701052818683348,-0.0002801692624478032,0.0019168501321404196,-0.28150391873797337,18.0,,11.0
2026-05-27,cv_3,ridge_all,all,fy_ocf_margin,-1.498147003616284,0.00018701052818683348,-0.0002801692624478032,0.0019168501321404196,-0.2877562065120959,19.0,,11.0
2026-05-28,cv_3,ridge_all,all,fy_ocf_margin,-1.498147003616284,0.00018701052818683348,-0.0002801692624478032,0.0019168501321404196,-0.3045877179037976,20.0,,14.0
2026-05-29,cv_3,ridge_all,all,fy_ocf_margin,-1.498147003616284,0.00018701052818683348,-0.0002801692624478032,0.0019168501321404196,-0.29256600477466455,19.0,,11.0
2026-06-01,cv_3,ridge_all,all,fy_ocf_margin,-1.498147003616284,0.00018701052818683348,-0.0002801692624478032,0.0019168501321404196,-0.3315452739490575,20.0,,15.0
2026-06-02,cv_3,ridge_all,all,fy_ocf_margin,-1.498147003616284,0.00018701052818683348,-0.0002801692624478032,0.0019168501321404196,-0.32475557781870823,20.0,,12.0
2026-06-03,cv_3,ridge_all,all,fy_ocf_margin,-1.498147003616284,0.00018701052818683348,-0.0002801692624478032,0.0019168501321404196,-0.3208382163635734,20.0,,12.0
2026-06-04,cv_3,ridge_all,all,fy_ocf_margin,-1.498147003616284,0.00018701052818683348,-0.0002801692624478032,0.0019168501321404196,-0.3533369961408837,20.0,,15.0
2026-06-05,cv_3,ridge_all,all,fy_ocf_margin,-1.498147003616284,0.00018701052818683348,-0.0002801692624478032,0.0019168501321404196,-0.3047145031610597,20.0,,12.0
2026-06-08,cv_3,ridge_all,all,fy_ocf_margin,-1.498147003616284,0.00018701052818683348,-0.0002801692624478032,0.0019168501321404196,-0.3392527297896435,20.0,,13.0
2026-06-09,cv_3,ridge_all,all,fy_ocf_margin,-1.498147003616284,0.00018701052818683348,-0.0002801692624478032,0.0019168501321404196,-0.33692581777611713,19.0,,12.0
2026-06-10,cv_3,ridge_all,all,fy_ocf_margin,-1.498147003616284,0.00018701052818683348,-0.0002801692624478032,0.0019168501321404196,-0.31655543284223014,20.0,,12.0
2026-06-11,cv_3,ridge_all,all,fy_ocf_margin,-1.498147003616284,0.00018701052818683348,-0.0002801692624478032,0.0019168501321404196,-0.3424483459609357,19.0,,14.0
2026-06-12,cv_3,ridge_all,all,fy_ocf_margin,-1.498147003616284,0.00018701052818683348,-0.0002801692624478032,0.0019168501321404196,-0.3368924943231675,19.0,,13.0
2026-05-08,cv_3,ridge_all,all,fy_revenue_growth_yoy,-1.498147003616282,0.0001870105281866548,-0.00028016926244753515,0.0019168501321404196,-0.11565072329510094,17.0,,15.0
2026-05-11,cv_3,ridge_all,all,fy_revenue_growth_yoy,-1.498147003616282,0.0001870105281866548,-0.00028016926244753515,0.0019168501321404196,-0.13943555690515969,18.0,,16.0
2026-05-12,cv_3,ridge_all,all,fy_revenue_growth_yoy,-1.498147003616282,0.0001870105281866548,-0.00028016926244753515,0.0019168501321404196,-0.15736769883870705,18.0,,16.0
2026-05-13,cv_3,ridge_all,all,fy_revenue_growth_yoy,-1.498147003616282,0.0001870105281866548,-0.00028016926244753515,0.0019168501321404196,-0.18226482992894502,17.0,,15.0
2026-05-14,cv_3,ridge_all,all,fy_revenue_growth_yoy,-1.498147003616282,0.0001870105281866548,-0.00028016926244753515,0.0019168501321404196,-0.21299320268688648,17.0,,15.0
2026-05-15,cv_3,ridge_all,all,fy_revenue_growth_yoy,-1.498147003616282,0.0001870105281866548,-0.00028016926244753515,0.0019168501321404196,-0.1851039402920156,17.0,,12.0
2026-05-18,cv_3,ridge_all,all,fy_revenue_growth_yoy,-1.498147003616282,0.0001870105281866548,-0.00028016926244753515,0.0019168501321404196,-0.20718964223566172,18.0,,13.0
2026-05-19,cv_3,ridge_all,all,fy_revenue_growth_yoy,-1.498147003616282,0.0001870105281866548,-0.00028016926244753515,0.0019168501321404196,-0.2213459262374009,17.0,,13.0
2026-05-20,cv_3,ridge_all,all,fy_revenue_growth_yoy,-1.498147003616282,0.0001870105281866548,-0.00028016926244753515,0.0019168501321404196,-0.2365580449274366,17.0,,15.0
2026-05-21,cv_3,ridge_all,all,fy_revenue_growth_yoy,-1.498147003616282,0.0001870105281866548,-0.00028016926244753515,0.0019168501321404196,-0.23886720476989182,23.0,,15.0
2026-05-22,cv_3,ridge_all,all,fy_revenue_growth_yoy,-1.498147003616282,0.0001870105281866548,-0.00028016926244753515,0.0019168501321404196,-0.25566857210985655,22.0,,14.0
2026-05-26,cv_3,ridge_all,all,fy_revenue_growth_yoy,-1.498147003616282,0.0001870105281866548,-0.00028016926244753515,0.0019168501321404196,-0.28150391873797337,21.0,,14.0
2026-05-27,cv_3,ridge_all,all,fy_revenue_growth_yoy,-1.498147003616282,0.0001870105281866548,-0.00028016926244753515,0.0019168501321404196,-0.2877562065120959,22.0,,14.0
2026-05-28,cv_3,ridge_all,all,fy_revenue_growth_yoy,-1.498147003616282,0.0001870105281866548,-0.00028016926244753515,0.0019168501321404196,-0.3045877179037976,23.0,,17.0
2026-05-29,cv_3,ridge_all,all,fy_revenue_growth_yoy,-1.498147003616282,0.0001870105281866548,-0.00028016926244753515,0.0019168501321404196,-0.29256600477466455,22.0,,14.0
2026-06-01,cv_3,ridge_all,all,fy_revenue_growth_yoy,-1.498147003616282,0.0001870105281866548,-0.00028016926244753515,0.0019168501321404196,-0.3315452739490575,23.0,,18.0
2026-06-02,cv_3,ridge_all,all,fy_revenue_growth_yoy,-1.498147003616282,0.0001870105281866548,-0.00028016926244753515,0.0019168501321404196,-0.32475557781870823,23.0,,15.0
2026-06-03,cv_3,ridge_all,all,fy_revenue_growth_yoy,-1.498147003616282,0.0001870105281866548,-0.00028016926244753515,0.0019168501321404196,-0.3208382163635734,23.0,,15.0
2026-06-04,cv_3,ridge_all,all,fy_revenue_growth_yoy,-1.498147003616282,0.0001870105281866548,-0.00028016926244753515,0.0019168501321404196,-0.3533369961408837,23.0,,18.0
2026-06-05,cv_3,ridge_all,all,fy_revenue_growth_yoy,-1.498147003616282,0.0001870105281866548,-0.00028016926244753515,0.0019168501321404196,-0.3047145031610597,23.0,,15.0
2026-06-08,cv_3,ridge_all,all,fy_revenue_growth_yoy,-1.498147003616282,0.0001870105281866548,-0.00028016926244753515,0.0019168501321404196,-0.3392527297896435,23.0,,16.0
2026-06-09,cv_3,ridge_all,all,fy_revenue_growth_yoy,-1.498147003616282,0.0001870105281866548,-0.00028016926244753515,0.0019168501321404196,-0.33692581777611713,22.0,,15.0
2026-06-10,cv_3,ridge_all,all,fy_revenue_growth_yoy,-1.498147003616282,0.0001870105281866548,-0.00028016926244753515,0.0019168501321404196,-0.31655543284223014,23.0,,15.0
2026-06-11,cv_3,ridge_all,all,fy_revenue_growth_yoy,-1.498147003616282,0.0001870105281866548,-0.00028016926244753515,0.0019168501321404196,-0.3424483459609357,22.0,,17.0
2026-06-12,cv_3,ridge_all,all,fy_revenue_growth_yoy,-1.498147003616282,0.0001870105281866548,-0.00028016926244753515,0.0019168501321404196,-0.3368924943231675,22.0,,16.0
2026-05-08,cv_3,ridge_all,all,fy_gross_profit_growth_yoy,-1.498147003616282,0.0001870105281868883,-0.00028016926244788496,0.0019168501321404196,-0.11565072329510094,12.0,,10.0
2026-05-11,cv_3,ridge_all,all,fy_gross_profit_growth_yoy,-1.498147003616282,0.0001870105281868883,-0.00028016926244788496,0.0019168501321404196,-0.13943555690515969,13.0,,11.0
2026-05-12,cv_3,ridge_all,all,fy_gross_profit_growth_yoy,-1.498147003616282,0.0001870105281868883,-0.00028016926244788496,0.0019168501321404196,-0.15736769883870705,13.0,,11.0
2026-05-13,cv_3,ridge_all,all,fy_gross_profit_growth_yoy,-1.498147003616282,0.0001870105281868883,-0.00028016926244788496,0.0019168501321404196,-0.18226482992894502,12.0,,10.0
2026-05-14,cv_3,ridge_all,all,fy_gross_profit_growth_yoy,-1.498147003616282,0.0001870105281868883,-0.00028016926244788496,0.0019168501321404196,-0.21299320268688648,12.0,,10.0
2026-05-15,cv_3,ridge_all,all,fy_gross_profit_growth_yoy,-1.498147003616282,0.0001870105281868883,-0.00028016926244788496,0.0019168501321404196,-0.1851039402920156,12.0,,7.0
2026-05-18,cv_3,ridge_all,all,fy_gross_profit_growth_yoy,-1.498147003616282,0.0001870105281868883,-0.00028016926244788496,0.0019168501321404196,-0.20718964223566172,13.0,,8.0
2026-05-19,cv_3,ridge_all,all,fy_gross_profit_growth_yoy,-1.498147003616282,0.0001870105281868883,-0.00028016926244788496,0.0019168501321404196,-0.2213459262374009,12.0,,8.0
2026-05-20,cv_3,ridge_all,all,fy_gross_profit_growth_yoy,-1.498147003616282,0.0001870105281868883,-0.00028016926244788496,0.0019168501321404196,-0.2365580449274366,12.0,,10.0
2026-05-21,cv_3,ridge_all,all,fy_gross_profit_growth_yoy,-1.498147003616282,0.0001870105281868883,-0.00028016926244788496,0.0019168501321404196,-0.23886720476989182,18.0,,10.0
2026-05-22,cv_3,ridge_all,all,fy_gross_profit_growth_yoy,-1.498147003616282,0.0001870105281868883,-0.00028016926244788496,0.0019168501321404196,-0.25566857210985655,17.0,,9.0
2026-05-26,cv_3,ridge_all,all,fy_gross_profit_growth_yoy,-1.498147003616282,0.0001870105281868883,-0.00028016926244788496,0.0019168501321404196,-0.28150391873797337,16.0,,9.0
2026-05-27,cv_3,ridge_all,all,fy_gross_profit_growth_yoy,-1.498147003616282,0.0001870105281868883,-0.00028016926244788496,0.0019168501321404196,-0.2877562065120959,17.0,,9.0
2026-05-28,cv_3,ridge_all,all,fy_gross_profit_growth_yoy,-1.498147003616282,0.0001870105281868883,-0.00028016926244788496,0.0019168501321404196,-0.3045877179037976,18.0,,12.0
2026-05-29,cv_3,ridge_all,all,fy_gross_profit_growth_yoy,-1.498147003616282,0.0001870105281868883,-0.00028016926244788496,0.0019168501321404196,-0.29256600477466455,17.0,,9.0
2026-06-01,cv_3,ridge_all,all,fy_gross_profit_growth_yoy,-1.498147003616282,0.0001870105281868883,-0.00028016926244788496,0.0019168501321404196,-0.3315452739490575,18.0,,13.0
2026-06-02,cv_3,ridge_all,all,fy_gross_profit_growth_yoy,-1.498147003616282,0.0001870105281868883,-0.00028016926244788496,0.0019168501321404196,-0.32475557781870823,18.0,,10.0
2026-06-03,cv_3,ridge_all,all,fy_gross_profit_growth_yoy,-1.498147003616282,0.0001870105281868883,-0.00028016926244788496,0.0019168501321404196,-0.3208382163635734,18.0,,10.0
2026-06-04,cv_3,ridge_all,all,fy_gross_profit_growth_yoy,-1.498147003616282,0.0001870105281868883,-0.00028016926244788496,0.0019168501321404196,-0.3533369961408837,18.0,,13.0
2026-06-05,cv_3,ridge_all,all,fy_gross_profit_growth_yoy,-1.498147003616282,0.0001870105281868883,-0.00028016926244788496,0.0019168501321404196,-0.3047145031610597,18.0,,10.0
2026-06-08,cv_3,ridge_all,all,fy_gross_profit_growth_yoy,-1.498147003616282,0.0001870105281868883,-0.00028016926244788496,0.0019168501321404196,-0.3392527297896435,18.0,,11.0
2026-06-09,cv_3,ridge_all,all,fy_gross_profit_growth_yoy,-1.498147003616282,0.0001870105281868883,-0.00028016926244788496,0.0019168501321404196,-0.33692581777611713,17.0,,10.0
2026-06-10,cv_3,ridge_all,all,fy_gross_profit_growth_yoy,-1.498147003616282,0.0001870105281868883,-0.00028016926244788496,0.0019168501321404196,-0.31655543284223014,18.0,,10.0
2026-06-11,cv_3,ridge_all,all,fy_gross_profit_growth_yoy,-1.498147003616282,0.0001870105281868883,-0.00028016926244788496,0.0019168501321404196,-0.3424483459609357,17.0,,12.0
2026-06-12,cv_3,ridge_all,all,fy_gross_profit_growth_yoy,-1.498147003616282,0.0001870105281868883,-0.00028016926244788496,0.0019168501321404196,-0.3368924943231675,17.0,,11.0
2026-05-08,cv_3,ridge_all,all,fy_operating_income_growth_yoy,-1.4981470036162823,0.00018701052818657896,-0.0002801692624474216,0.0019168501321404196,-0.11565072329510094,20.0,,18.0
2026-05-11,cv_3,ridge_all,all,fy_operating_income_growth_yoy,-1.4981470036162823,0.00018701052818657896,-0.0002801692624474216,0.0019168501321404196,-0.13943555690515969,21.0,,19.0
2026-05-12,cv_3,ridge_all,all,fy_operating_income_growth_yoy,-1.4981470036162823,0.00018701052818657896,-0.0002801692624474216,0.0019168501321404196,-0.15736769883870705,21.0,,19.0
2026-05-13,cv_3,ridge_all,all,fy_operating_income_growth_yoy,-1.4981470036162823,0.00018701052818657896,-0.0002801692624474216,0.0019168501321404196,-0.18226482992894502,20.0,,18.0
2026-05-14,cv_3,ridge_all,all,fy_operating_income_growth_yoy,-1.4981470036162823,0.00018701052818657896,-0.0002801692624474216,0.0019168501321404196,-0.21299320268688648,20.0,,18.0
2026-05-15,cv_3,ridge_all,all,fy_operating_income_growth_yoy,-1.4981470036162823,0.00018701052818657896,-0.0002801692624474216,0.0019168501321404196,-0.1851039402920156,20.0,,15.0
2026-05-18,cv_3,ridge_all,all,fy_operating_income_growth_yoy,-1.4981470036162823,0.00018701052818657896,-0.0002801692624474216,0.0019168501321404196,-0.20718964223566172,21.0,,16.0
2026-05-19,cv_3,ridge_all,all,fy_operating_income_growth_yoy,-1.4981470036162823,0.00018701052818657896,-0.0002801692624474216,0.0019168501321404196,-0.2213459262374009,20.0,,16.0
2026-05-20,cv_3,ridge_all,all,fy_operating_income_growth_yoy,-1.4981470036162823,0.00018701052818657896,-0.0002801692624474216,0.0019168501321404196,-0.2365580449274366,20.0,,18.0
2026-05-21,cv_3,ridge_all,all,fy_operating_income_growth_yoy,-1.4981470036162823,0.00018701052818657896,-0.0002801692624474216,0.0019168501321404196,-0.23886720476989182,26.0,,18.0
2026-05-22,cv_3,ridge_all,all,fy_operating_income_growth_yoy,-1.4981470036162823,0.00018701052818657896,-0.0002801692624474216,0.0019168501321404196,-0.25566857210985655,25.0,,17.0
2026-05-26,cv_3,ridge_all,all,fy_operating_income_growth_yoy,-1.4981470036162823,0.00018701052818657896,-0.0002801692624474216,0.0019168501321404196,-0.28150391873797337,24.0,,17.0
2026-05-27,cv_3,ridge_all,all,fy_operating_income_growth_yoy,-1.4981470036162823,0.00018701052818657896,-0.0002801692624474216,0.0019168501321404196,-0.2877562065120959,25.0,,17.0
2026-05-28,cv_3,ridge_all,all,fy_operating_income_growth_yoy,-1.4981470036162823,0.00018701052818657896,-0.0002801692624474216,0.0019168501321404196,-0.3045877179037976,26.0,,20.0
2026-05-29,cv_3,ridge_all,all,fy_operating_income_growth_yoy,-1.4981470036162823,0.00018701052818657896,-0.0002801692624474216,0.0019168501321404196,-0.29256600477466455,25.0,,17.0
2026-06-01,cv_3,ridge_all,all,fy_operating_income_growth_yoy,-1.4981470036162823,0.00018701052818657896,-0.0002801692624474216,0.0019168501321404196,-0.3315452739490575,26.0,,21.0
2026-06-02,cv_3,ridge_all,all,fy_operating_income_growth_yoy,-1.4981470036162823,0.00018701052818657896,-0.0002801692624474216,0.0019168501321404196,-0.32475557781870823,26.0,,18.0
2026-06-03,cv_3,ridge_all,all,fy_operating_income_growth_yoy,-1.4981470036162823,0.00018701052818657896,-0.0002801692624474216,0.0019168501321404196,-0.3208382163635734,26.0,,18.0
2026-06-04,cv_3,ridge_all,all,fy_operating_income_growth_yoy,-1.4981470036162823,0.00018701052818657896,-0.0002801692624474216,0.0019168501321404196,-0.3533369961408837,26.0,,21.0
2026-06-05,cv_3,ridge_all,all,fy_operating_income_growth_yoy,-1.4981470036162823,0.00018701052818657896,-0.0002801692624474216,0.0019168501321404196,-0.3047145031610597,26.0,,18.0
2026-06-08,cv_3,ridge_all,all,fy_operating_income_growth_yoy,-1.4981470036162823,0.00018701052818657896,-0.0002801692624474216,0.0019168501321404196,-0.3392527297896435,26.0,,19.0
2026-06-09,cv_3,ridge_all,all,fy_operating_income_growth_yoy,-1.4981470036162823,0.00018701052818657896,-0.0002801692624474216,0.0019168501321404196,-0.33692581777611713,25.0,,18.0
2026-06-10,cv_3,ridge_all,all,fy_operating_income_growth_yoy,-1.4981470036162823,0.00018701052818657896,-0.0002801692624474216,0.0019168501321404196,-0.31655543284223014,26.0,,18.0
2026-06-11,cv_3,ridge_all,all,fy_operating_income_growth_yoy,-1.4981470036162823,0.00018701052818657896,-0.0002801692624474216,0.0019168501321404196,-0.3424483459609357,25.0,,20.0
2026-06-12,cv_3,ridge_all,all,fy_operating_income_growth_yoy,-1.4981470036162823,0.00018701052818657896,-0.0002801692624474216,0.0019168501321404196,-0.3368924943231675,25.0,,19.0
2026-05-08,cv_3,ridge_all,all,fy_net_income_growth_yoy,-1.4981470036162825,0.0001870105281869007,-0.0002801692624479036,0.0019168501321404196,-0.11565072329510094,11.0,,9.0
2026-05-11,cv_3,ridge_all,all,fy_net_income_growth_yoy,-1.4981470036162825,0.0001870105281869007,-0.0002801692624479036,0.0019168501321404196,-0.13943555690515969,12.0,,10.0
2026-05-12,cv_3,ridge_all,all,fy_net_income_growth_yoy,-1.4981470036162825,0.0001870105281869007,-0.0002801692624479036,0.0019168501321404196,-0.15736769883870705,12.0,,10.0
2026-05-13,cv_3,ridge_all,all,fy_net_income_growth_yoy,-1.4981470036162825,0.0001870105281869007,-0.0002801692624479036,0.0019168501321404196,-0.18226482992894502,11.0,,9.0
2026-05-14,cv_3,ridge_all,all,fy_net_income_growth_yoy,-1.4981470036162825,0.0001870105281869007,-0.0002801692624479036,0.0019168501321404196,-0.21299320268688648,11.0,,9.0
2026-05-15,cv_3,ridge_all,all,fy_net_income_growth_yoy,-1.4981470036162825,0.0001870105281869007,-0.0002801692624479036,0.0019168501321404196,-0.1851039402920156,11.0,,6.0
2026-05-18,cv_3,ridge_all,all,fy_net_income_growth_yoy,-1.4981470036162825,0.0001870105281869007,-0.0002801692624479036,0.0019168501321404196,-0.20718964223566172,12.0,,7.0
2026-05-19,cv_3,ridge_all,all,fy_net_income_growth_yoy,-1.4981470036162825,0.0001870105281869007,-0.0002801692624479036,0.0019168501321404196,-0.2213459262374009,11.0,,7.0
2026-05-20,cv_3,ridge_all,all,fy_net_income_growth_yoy,-1.4981470036162825,0.0001870105281869007,-0.0002801692624479036,0.0019168501321404196,-0.2365580449274366,11.0,,9.0
2026-05-21,cv_3,ridge_all,all,fy_net_income_growth_yoy,-1.4981470036162825,0.0001870105281869007,-0.0002801692624479036,0.0019168501321404196,-0.23886720476989182,17.0,,9.0
2026-05-22,cv_3,ridge_all,all,fy_net_income_growth_yoy,-1.4981470036162825,0.0001870105281869007,-0.0002801692624479036,0.0019168501321404196,-0.25566857210985655,16.0,,8.0
2026-05-26,cv_3,ridge_all,all,fy_net_income_growth_yoy,-1.4981470036162825,0.0001870105281869007,-0.0002801692624479036,0.0019168501321404196,-0.28150391873797337,15.0,,8.0
2026-05-27,cv_3,ridge_all,all,fy_net_income_growth_yoy,-1.4981470036162825,0.0001870105281869007,-0.0002801692624479036,0.0019168501321404196,-0.2877562065120959,16.0,,8.0
2026-05-28,cv_3,ridge_all,all,fy_net_income_growth_yoy,-1.4981470036162825,0.0001870105281869007,-0.0002801692624479036,0.0019168501321404196,-0.3045877179037976,17.0,,11.0
2026-05-29,cv_3,ridge_all,all,fy_net_income_growth_yoy,-1.4981470036162825,0.0001870105281869007,-0.0002801692624479036,0.0019168501321404196,-0.29256600477466455,16.0,,8.0
2026-06-01,cv_3,ridge_all,all,fy_net_income_growth_yoy,-1.4981470036162825,0.0001870105281869007,-0.0002801692624479036,0.0019168501321404196,-0.3315452739490575,17.0,,12.0
2026-06-02,cv_3,ridge_all,all,fy_net_income_growth_yoy,-1.4981470036162825,0.0001870105281869007,-0.0002801692624479036,0.0019168501321404196,-0.32475557781870823,17.0,,9.0
2026-06-03,cv_3,ridge_all,all,fy_net_income_growth_yoy,-1.4981470036162825,0.0001870105281869007,-0.0002801692624479036,0.0019168501321404196,-0.3208382163635734,17.0,,9.0
2026-06-04,cv_3,ridge_all,all,fy_net_income_growth_yoy,-1.4981470036162825,0.0001870105281869007,-0.0002801692624479036,0.0019168501321404196,-0.3533369961408837,17.0,,12.0
2026-06-05,cv_3,ridge_all,all,fy_net_income_growth_yoy,-1.4981470036162825,0.0001870105281869007,-0.0002801692624479036,0.0019168501321404196,-0.3047145031610597,17.0,,9.0
2026-06-08,cv_3,ridge_all,all,fy_net_income_growth_yoy,-1.4981470036162825,0.0001870105281869007,-0.0002801692624479036,0.0019168501321404196,-0.3392527297896435,17.0,,10.0
2026-06-09,cv_3,ridge_all,all,fy_net_income_growth_yoy,-1.4981470036162825,0.0001870105281869007,-0.0002801692624479036,0.0019168501321404196,-0.33692581777611713,16.0,,9.0
2026-06-10,cv_3,ridge_all,all,fy_net_income_growth_yoy,-1.4981470036162825,0.0001870105281869007,-0.0002801692624479036,0.0019168501321404196,-0.31655543284223014,17.0,,9.0
2026-06-11,cv_3,ridge_all,all,fy_net_income_growth_yoy,-1.4981470036162825,0.0001870105281869007,-0.0002801692624479036,0.0019168501321404196,-0.3424483459609357,16.0,,11.0
2026-06-12,cv_3,ridge_all,all,fy_net_income_growth_yoy,-1.4981470036162825,0.0001870105281869007,-0.0002801692624479036,0.0019168501321404196,-0.3368924943231675,16.0,,10.0
2026-05-08,cv_3,ridge_all,all,fy_rd_growth_yoy,-1.4981470036162827,0.00018701052818668342,-0.00028016926244757814,0.0019168501321404196,-0.11565072329510094,16.0,,14.0
2026-05-11,cv_3,ridge_all,all,fy_rd_growth_yoy,-1.4981470036162827,0.00018701052818668342,-0.00028016926244757814,0.0019168501321404196,-0.13943555690515969,17.0,,15.0
2026-05-12,cv_3,ridge_all,all,fy_rd_growth_yoy,-1.4981470036162827,0.00018701052818668342,-0.00028016926244757814,0.0019168501321404196,-0.15736769883870705,17.0,,15.0
2026-05-13,cv_3,ridge_all,all,fy_rd_growth_yoy,-1.4981470036162827,0.00018701052818668342,-0.00028016926244757814,0.0019168501321404196,-0.18226482992894502,16.0,,14.0
2026-05-14,cv_3,ridge_all,all,fy_rd_growth_yoy,-1.4981470036162827,0.00018701052818668342,-0.00028016926244757814,0.0019168501321404196,-0.21299320268688648,16.0,,14.0
2026-05-15,cv_3,ridge_all,all,fy_rd_growth_yoy,-1.4981470036162827,0.00018701052818668342,-0.00028016926244757814,0.0019168501321404196,-0.1851039402920156,16.0,,11.0
2026-05-18,cv_3,ridge_all,all,fy_rd_growth_yoy,-1.4981470036162827,0.00018701052818668342,-0.00028016926244757814,0.0019168501321404196,-0.20718964223566172,17.0,,12.0
2026-05-19,cv_3,ridge_all,all,fy_rd_growth_yoy,-1.4981470036162827,0.00018701052818668342,-0.00028016926244757814,0.0019168501321404196,-0.2213459262374009,16.0,,12.0
2026-05-20,cv_3,ridge_all,all,fy_rd_growth_yoy,-1.4981470036162827,0.00018701052818668342,-0.00028016926244757814,0.0019168501321404196,-0.2365580449274366,16.0,,14.0
2026-05-21,cv_3,ridge_all,all,fy_rd_growth_yoy,-1.4981470036162827,0.00018701052818668342,-0.00028016926244757814,0.0019168501321404196,-0.23886720476989182,22.0,,14.0
2026-05-22,cv_3,ridge_all,all,fy_rd_growth_yoy,-1.4981470036162827,0.00018701052818668342,-0.00028016926244757814,0.0019168501321404196,-0.25566857210985655,21.0,,13.0
2026-05-26,cv_3,ridge_all,all,fy_rd_growth_yoy,-1.4981470036162827,0.00018701052818668342,-0.00028016926244757814,0.0019168501321404196,-0.28150391873797337,20.0,,13.0
2026-05-27,cv_3,ridge_all,all,fy_rd_growth_yoy,-1.4981470036162827,0.00018701052818668342,-0.00028016926244757814,0.0019168501321404196,-0.2877562065120959,21.0,,13.0
2026-05-28,cv_3,ridge_all,all,fy_rd_growth_yoy,-1.4981470036162827,0.00018701052818668342,-0.00028016926244757814,0.0019168501321404196,-0.3045877179037976,22.0,,16.0
2026-05-29,cv_3,ridge_all,all,fy_rd_growth_yoy,-1.4981470036162827,0.00018701052818668342,-0.00028016926244757814,0.0019168501321404196,-0.29256600477466455,21.0,,13.0
2026-06-01,cv_3,ridge_all,all,fy_rd_growth_yoy,-1.4981470036162827,0.00018701052818668342,-0.00028016926244757814,0.0019168501321404196,-0.3315452739490575,22.0,,17.0
2026-06-02,cv_3,ridge_all,all,fy_rd_growth_yoy,-1.4981470036162827,0.00018701052818668342,-0.00028016926244757814,0.0019168501321404196,-0.32475557781870823,22.0,,14.0
2026-06-03,cv_3,ridge_all,all,fy_rd_growth_yoy,-1.4981470036162827,0.00018701052818668342,-0.00028016926244757814,0.0019168501321404196,-0.3208382163635734,22.0,,14.0
2026-06-04,cv_3,ridge_all,all,fy_rd_growth_yoy,-1.4981470036162827,0.00018701052818668342,-0.00028016926244757814,0.0019168501321404196,-0.3533369961408837,22.0,,17.0
2026-06-05,cv_3,ridge_all,all,fy_rd_growth_yoy,-1.4981470036162827,0.00018701052818668342,-0.00028016926244757814,0.0019168501321404196,-0.3047145031610597,22.0,,14.0
2026-06-08,cv_3,ridge_all,all,fy_rd_growth_yoy,-1.4981470036162827,0.00018701052818668342,-0.00028016926244757814,0.0019168501321404196,-0.3392527297896435,22.0,,15.0
2026-06-09,cv_3,ridge_all,all,fy_rd_growth_yoy,-1.4981470036162827,0.00018701052818668342,-0.00028016926244757814,0.0019168501321404196,-0.33692581777611713,21.0,,14.0
2026-06-10,cv_3,ridge_all,all,fy_rd_growth_yoy,-1.4981470036162827,0.00018701052818668342,-0.00028016926244757814,0.0019168501321404196,-0.31655543284223014,22.0,,14.0
2026-06-11,cv_3,ridge_all,all,fy_rd_growth_yoy,-1.4981470036162827,0.00018701052818668342,-0.00028016926244757814,0.0019168501321404196,-0.3424483459609357,21.0,,16.0
2026-06-12,cv_3,ridge_all,all,fy_rd_growth_yoy,-1.4981470036162827,0.00018701052818668342,-0.00028016926244757814,0.0019168501321404196,-0.3368924943231675,21.0,,15.0
2026-05-08,cv_3,ridge_all,all,fy_operating_cash_flow_growth_yoy,-1.4981470036162823,0.00018701052818661425,-0.00028016926244747443,0.0019168501321404196,-0.11565072329510094,18.0,,16.0
2026-05-11,cv_3,ridge_all,all,fy_operating_cash_flow_growth_yoy,-1.4981470036162823,0.00018701052818661425,-0.00028016926244747443,0.0019168501321404196,-0.13943555690515969,19.0,,17.0
2026-05-12,cv_3,ridge_all,all,fy_operating_cash_flow_growth_yoy,-1.4981470036162823,0.00018701052818661425,-0.00028016926244747443,0.0019168501321404196,-0.15736769883870705,19.0,,17.0
2026-05-13,cv_3,ridge_all,all,fy_operating_cash_flow_growth_yoy,-1.4981470036162823,0.00018701052818661425,-0.00028016926244747443,0.0019168501321404196,-0.18226482992894502,18.0,,16.0
2026-05-14,cv_3,ridge_all,all,fy_operating_cash_flow_growth_yoy,-1.4981470036162823,0.00018701052818661425,-0.00028016926244747443,0.0019168501321404196,-0.21299320268688648,18.0,,16.0
2026-05-15,cv_3,ridge_all,all,fy_operating_cash_flow_growth_yoy,-1.4981470036162823,0.00018701052818661425,-0.00028016926244747443,0.0019168501321404196,-0.1851039402920156,18.0,,13.0
2026-05-18,cv_3,ridge_all,all,fy_operating_cash_flow_growth_yoy,-1.4981470036162823,0.00018701052818661425,-0.00028016926244747443,0.0019168501321404196,-0.20718964223566172,19.0,,14.0
2026-05-19,cv_3,ridge_all,all,fy_operating_cash_flow_growth_yoy,-1.4981470036162823,0.00018701052818661425,-0.00028016926244747443,0.0019168501321404196,-0.2213459262374009,18.0,,14.0
2026-05-20,cv_3,ridge_all,all,fy_operating_cash_flow_growth_yoy,-1.4981470036162823,0.00018701052818661425,-0.00028016926244747443,0.0019168501321404196,-0.2365580449274366,18.0,,16.0
2026-05-21,cv_3,ridge_all,all,fy_operating_cash_flow_growth_yoy,-1.4981470036162823,0.00018701052818661425,-0.00028016926244747443,0.0019168501321404196,-0.23886720476989182,24.0,,16.0
2026-05-22,cv_3,ridge_all,all,fy_operating_cash_flow_growth_yoy,-1.4981470036162823,0.00018701052818661425,-0.00028016926244747443,0.0019168501321404196,-0.25566857210985655,23.0,,15.0
2026-05-26,cv_3,ridge_all,all,fy_operating_cash_flow_growth_yoy,-1.4981470036162823,0.00018701052818661425,-0.00028016926244747443,0.0019168501321404196,-0.28150391873797337,22.0,,15.0
2026-05-27,cv_3,ridge_all,all,fy_operating_cash_flow_growth_yoy,-1.4981470036162823,0.00018701052818661425,-0.00028016926244747443,0.0019168501321404196,-0.2877562065120959,23.0,,15.0
2026-05-28,cv_3,ridge_all,all,fy_operating_cash_flow_growth_yoy,-1.4981470036162823,0.00018701052818661425,-0.00028016926244747443,0.0019168501321404196,-0.3045877179037976,24.0,,18.0
2026-05-29,cv_3,ridge_all,all,fy_operating_cash_flow_growth_yoy,-1.4981470036162823,0.00018701052818661425,-0.00028016926244747443,0.0019168501321404196,-0.29256600477466455,23.0,,15.0
2026-06-01,cv_3,ridge_all,all,fy_operating_cash_flow_growth_yoy,-1.4981470036162823,0.00018701052818661425,-0.00028016926244747443,0.0019168501321404196,-0.3315452739490575,24.0,,19.0
2026-06-02,cv_3,ridge_all,all,fy_operating_cash_flow_growth_yoy,-1.4981470036162823,0.00018701052818661425,-0.00028016926244747443,0.0019168501321404196,-0.32475557781870823,24.0,,16.0
2026-06-03,cv_3,ridge_all,all,fy_operating_cash_flow_growth_yoy,-1.4981470036162823,0.00018701052818661425,-0.00028016926244747443,0.0019168501321404196,-0.3208382163635734,24.0,,16.0
2026-06-04,cv_3,ridge_all,all,fy_operating_cash_flow_growth_yoy,-1.4981470036162823,0.00018701052818661425,-0.00028016926244747443,0.0019168501321404196,-0.3533369961408837,24.0,,19.0
2026-06-05,cv_3,ridge_all,all,fy_operating_cash_flow_growth_yoy,-1.4981470036162823,0.00018701052818661425,-0.00028016926244747443,0.0019168501321404196,-0.3047145031610597,24.0,,16.0
2026-06-08,cv_3,ridge_all,all,fy_operating_cash_flow_growth_yoy,-1.4981470036162823,0.00018701052818661425,-0.00028016926244747443,0.0019168501321404196,-0.3392527297896435,24.0,,17.0
2026-06-09,cv_3,ridge_all,all,fy_operating_cash_flow_growth_yoy,-1.4981470036162823,0.00018701052818661425,-0.00028016926244747443,0.0019168501321404196,-0.33692581777611713,23.0,,16.0
2026-06-10,cv_3,ridge_all,all,fy_operating_cash_flow_growth_yoy,-1.4981470036162823,0.00018701052818661425,-0.00028016926244747443,0.0019168501321404196,-0.31655543284223014,24.0,,16.0
2026-06-11,cv_3,ridge_all,all,fy_operating_cash_flow_growth_yoy,-1.4981470036162823,0.00018701052818661425,-0.00028016926244747443,0.0019168501321404196,-0.3424483459609357,23.0,,18.0
2026-06-12,cv_3,ridge_all,all,fy_operating_cash_flow_growth_yoy,-1.4981470036162823,0.00018701052818661425,-0.00028016926244747443,0.0019168501321404196,-0.3368924943231675,23.0,,17.0
2026-05-08,cv_3,ridge_all,all,current_ratio,-1.3592200779448769,0.00021438724303579358,-0.0002913994451894986,0.0019168501321404196,-0.11565072329510094,9.0,,7.0
2026-05-11,cv_3,ridge_all,all,current_ratio,-1.3592200779448769,0.00021438724303579358,-0.0002913994451894986,0.0019168501321404196,-0.13943555690515969,10.0,,8.0
2026-05-12,cv_3,ridge_all,all,current_ratio,-1.3592200779448769,0.00021438724303579358,-0.0002913994451894986,0.0019168501321404196,-0.15736769883870705,10.0,,8.0
2026-05-13,cv_3,ridge_all,all,current_ratio,-1.3592200779448769,0.00021438724303579358,-0.0002913994451894986,0.0019168501321404196,-0.18226482992894502,9.0,,7.0
2026-05-14,cv_3,ridge_all,all,current_ratio,-1.3592200779448769,0.00021438724303579358,-0.0002913994451894986,0.0019168501321404196,-0.21299320268688648,9.0,,7.0
2026-05-15,cv_3,ridge_all,all,current_ratio,-1.3592200779448769,0.00021438724303579358,-0.0002913994451894986,0.0019168501321404196,-0.1851039402920156,9.0,,4.0
2026-05-18,cv_3,ridge_all,all,current_ratio,-1.3592200779448769,0.00021438724303579358,-0.0002913994451894986,0.0019168501321404196,-0.20718964223566172,10.0,,5.0
2026-05-19,cv_3,ridge_all,all,current_ratio,-1.3592200779448769,0.00021438724303579358,-0.0002913994451894986,0.0019168501321404196,-0.2213459262374009,9.0,,5.0
2026-05-20,cv_3,ridge_all,all,current_ratio,-1.3592200779448769,0.00021438724303579358,-0.0002913994451894986,0.0019168501321404196,-0.2365580449274366,8.0,,6.0
2026-05-21,cv_3,ridge_all,all,current_ratio,-3.293059930568661,0.00021438724303579358,-0.0007059900396662571,0.0019168501321404196,-0.23886720476989182,12.0,,6.0
2026-05-22,cv_3,ridge_all,all,current_ratio,-3.293059930568661,0.00021438724303579358,-0.0007059900396662571,0.0019168501321404196,-0.25566857210985655,12.0,,6.0
2026-05-26,cv_3,ridge_all,all,current_ratio,-3.293059930568661,0.00021438724303579358,-0.0007059900396662571,0.0019168501321404196,-0.28150391873797337,11.0,,6.0
2026-05-27,cv_3,ridge_all,all,current_ratio,-3.293059930568661,0.00021438724303579358,-0.0007059900396662571,0.0019168501321404196,-0.2877562065120959,11.0,,6.0
2026-05-28,cv_3,ridge_all,all,current_ratio,-3.293059930568661,0.00021438724303579358,-0.0007059900396662571,0.0019168501321404196,-0.3045877179037976,11.0,,8.0
2026-05-29,cv_3,ridge_all,all,current_ratio,-3.293059930568661,0.00021438724303579358,-0.0007059900396662571,0.0019168501321404196,-0.29256600477466455,12.0,,6.0
2026-06-01,cv_3,ridge_all,all,current_ratio,-3.293059930568661,0.00021438724303579358,-0.0007059900396662571,0.0019168501321404196,-0.3315452739490575,12.0,,9.0
2026-06-02,cv_3,ridge_all,all,current_ratio,-3.293059930568661,0.00021438724303579358,-0.0007059900396662571,0.0019168501321404196,-0.32475557781870823,12.0,,7.0
2026-06-03,cv_3,ridge_all,all,current_ratio,-3.293059930568661,0.00021438724303579358,-0.0007059900396662571,0.0019168501321404196,-0.3208382163635734,12.0,,6.0
2026-06-04,cv_3,ridge_all,all,current_ratio,-3.293059930568661,0.00021438724303579358,-0.0007059900396662571,0.0019168501321404196,-0.3533369961408837,13.0,,10.0
2026-06-05,cv_3,ridge_all,all,current_ratio,-3.293059930568661,0.00021438724303579358,-0.0007059900396662571,0.0019168501321404196,-0.3047145031610597,13.0,,7.0
2026-06-08,cv_3,ridge_all,all,current_ratio,-3.293059930568661,0.00021438724303579358,-0.0007059900396662571,0.0019168501321404196,-0.3392527297896435,12.0,,8.0
2026-06-09,cv_3,ridge_all,all,current_ratio,-3.293059930568661,0.00021438724303579358,-0.0007059900396662571,0.0019168501321404196,-0.33692581777611713,12.0,,7.0
2026-06-10,cv_3,ridge_all,all,current_ratio,-3.293059930568661,0.00021438724303579358,-0.0007059900396662571,0.0019168501321404196,-0.31655543284223014,12.0,,6.0
2026-06-11,cv_3,ridge_all,all,current_ratio,-3.293059930568661,0.00021438724303579358,-0.0007059900396662571,0.0019168501321404196,-0.3424483459609357,12.0,,9.0
2026-06-12,cv_3,ridge_all,all,current_ratio,-3.293059930568661,0.00021438724303579358,-0.0007059900396662571,0.0019168501321404196,-0.3368924943231675,9.0,,6.0
2026-05-08,cv_3,ridge_all,all,cash_to_assets,-1.3864314271821463,0.00013277406370858493,-0.00018408213464026662,0.0019168501321404196,-0.11565072329510094,23.0,,20.0
2026-05-11,cv_3,ridge_all,all,cash_to_assets,-1.3864314271821463,0.00013277406370858493,-0.00018408213464026662,0.0019168501321404196,-0.13943555690515969,23.0,,21.0
2026-05-12,cv_3,ridge_all,all,cash_to_assets,-1.3864314271821463,0.00013277406370858493,-0.00018408213464026662,0.0019168501321404196,-0.15736769883870705,23.0,,21.0
2026-05-13,cv_3,ridge_all,all,cash_to_assets,-1.3864314271821463,0.00013277406370858493,-0.00018408213464026662,0.0019168501321404196,-0.18226482992894502,22.0,,20.0
2026-05-14,cv_3,ridge_all,all,cash_to_assets,-1.3864314271821463,0.00013277406370858493,-0.00018408213464026662,0.0019168501321404196,-0.21299320268688648,22.0,,20.0
2026-05-15,cv_3,ridge_all,all,cash_to_assets,-1.3864314271821463,0.00013277406370858493,-0.00018408213464026662,0.0019168501321404196,-0.1851039402920156,22.0,,17.0
2026-05-18,cv_3,ridge_all,all,cash_to_assets,-1.3864314271821463,0.00013277406370858493,-0.00018408213464026662,0.0019168501321404196,-0.20718964223566172,23.0,,18.0
2026-05-19,cv_3,ridge_all,all,cash_to_assets,-1.3864314271821463,0.00013277406370858493,-0.00018408213464026662,0.0019168501321404196,-0.2213459262374009,22.0,,18.0
2026-05-20,cv_3,ridge_all,all,cash_to_assets,-1.3864314271821463,0.00013277406370858493,-0.00018408213464026662,0.0019168501321404196,-0.2365580449274366,22.0,,20.0
2026-05-21,cv_3,ridge_all,all,cash_to_assets,-1.408577612235408,0.00013277406370858493,-0.00018702257362543048,0.0019168501321404196,-0.23886720476989182,29.0,,20.0
2026-05-22,cv_3,ridge_all,all,cash_to_assets,-1.408577612235408,0.00013277406370858493,-0.00018702257362543048,0.0019168501321404196,-0.25566857210985655,28.0,,19.0
2026-05-26,cv_3,ridge_all,all,cash_to_assets,-1.408577612235408,0.00013277406370858493,-0.00018702257362543048,0.0019168501321404196,-0.28150391873797337,28.0,,19.0
2026-05-27,cv_3,ridge_all,all,cash_to_assets,-1.408577612235408,0.00013277406370858493,-0.00018702257362543048,0.0019168501321404196,-0.2877562065120959,28.0,,19.0
2026-05-28,cv_3,ridge_all,all,cash_to_assets,-1.408577612235408,0.00013277406370858493,-0.00018702257362543048,0.0019168501321404196,-0.3045877179037976,29.0,,22.0
2026-05-29,cv_3,ridge_all,all,cash_to_assets,-1.408577612235408,0.00013277406370858493,-0.00018702257362543048,0.0019168501321404196,-0.29256600477466455,28.0,,19.0
2026-06-01,cv_3,ridge_all,all,cash_to_assets,-1.408577612235408,0.00013277406370858493,-0.00018702257362543048,0.0019168501321404196,-0.3315452739490575,29.0,,23.0
2026-06-02,cv_3,ridge_all,all,cash_to_assets,-1.408577612235408,0.00013277406370858493,-0.00018702257362543048,0.0019168501321404196,-0.32475557781870823,29.0,,20.0
2026-06-03,cv_3,ridge_all,all,cash_to_assets,-1.408577612235408,0.00013277406370858493,-0.00018702257362543048,0.0019168501321404196,-0.3208382163635734,29.0,,20.0
2026-06-04,cv_3,ridge_all,all,cash_to_assets,-1.408577612235408,0.00013277406370858493,-0.00018702257362543048,0.0019168501321404196,-0.3533369961408837,29.0,,23.0
2026-06-05,cv_3,ridge_all,all,cash_to_assets,-1.408577612235408,0.00013277406370858493,-0.00018702257362543048,0.0019168501321404196,-0.3047145031610597,29.0,,20.0
2026-06-08,cv_3,ridge_all,all,cash_to_assets,-1.408577612235408,0.00013277406370858493,-0.00018702257362543048,0.0019168501321404196,-0.3392527297896435,29.0,,21.0
2026-06-09,cv_3,ridge_all,all,cash_to_assets,-1.408577612235408,0.00013277406370858493,-0.00018702257362543048,0.0019168501321404196,-0.33692581777611713,29.0,,20.0
2026-06-10,cv_3,ridge_all,all,cash_to_assets,-1.408577612235408,0.00013277406370858493,-0.00018702257362543048,0.0019168501321404196,-0.31655543284223014,29.0,,20.0
2026-06-11,cv_3,ridge_all,all,cash_to_assets,-1.408577612235408,0.00013277406370858493,-0.00018702257362543048,0.0019168501321404196,-0.3424483459609357,28.0,,22.0
2026-06-12,cv_3,ridge_all,all,cash_to_assets,-1.408577612235408,0.00013277406370858493,-0.00018702257362543048,0.0019168501321404196,-0.3368924943231675,28.0,,21.0
2026-05-08,cv_3,ridge_all,all,liabilities_to_assets,-1.223533401502575,9.137011989712726e-05,-0.00011179439359343022,0.0019168501321404196,-0.11565072329510094,24.0,,21.0
2026-05-11,cv_3,ridge_all,all,liabilities_to_assets,-1.223533401502575,9.137011989712726e-05,-0.00011179439359343022,0.0019168501321404196,-0.13943555690515969,24.0,,22.0
2026-05-12,cv_3,ridge_all,all,liabilities_to_assets,-1.223533401502575,9.137011989712726e-05,-0.00011179439359343022,0.0019168501321404196,-0.15736769883870705,24.0,,22.0
2026-05-13,cv_3,ridge_all,all,liabilities_to_assets,-1.223533401502575,9.137011989712726e-05,-0.00011179439359343022,0.0019168501321404196,-0.18226482992894502,23.0,,21.0
2026-05-14,cv_3,ridge_all,all,liabilities_to_assets,-1.223533401502575,9.137011989712726e-05,-0.00011179439359343022,0.0019168501321404196,-0.21299320268688648,23.0,,21.0
2026-05-15,cv_3,ridge_all,all,liabilities_to_assets,-1.223533401502575,9.137011989712726e-05,-0.00011179439359343022,0.0019168501321404196,-0.1851039402920156,24.0,,19.0
2026-05-18,cv_3,ridge_all,all,liabilities_to_assets,-1.223533401502575,9.137011989712726e-05,-0.00011179439359343022,0.0019168501321404196,-0.20718964223566172,24.0,,19.0
2026-05-19,cv_3,ridge_all,all,liabilities_to_assets,-1.223533401502575,9.137011989712726e-05,-0.00011179439359343022,0.0019168501321404196,-0.2213459262374009,23.0,,19.0
2026-05-20,cv_3,ridge_all,all,liabilities_to_assets,-1.223533401502575,9.137011989712726e-05,-0.00011179439359343022,0.0019168501321404196,-0.2365580449274366,24.0,,21.0
2026-05-21,cv_3,ridge_all,all,liabilities_to_assets,-0.8251866667507585,9.137011989712726e-05,-7.53974046785276e-05,0.0019168501321404196,-0.23886720476989182,34.0,,22.0
2026-05-22,cv_3,ridge_all,all,liabilities_to_assets,-0.8251866667507585,9.137011989712726e-05,-7.53974046785276e-05,0.0019168501321404196,-0.25566857210985655,33.0,,21.0
2026-05-26,cv_3,ridge_all,all,liabilities_to_assets,-0.8251866667507585,9.137011989712726e-05,-7.53974046785276e-05,0.0019168501321404196,-0.28150391873797337,33.0,,21.0
2026-05-27,cv_3,ridge_all,all,liabilities_to_assets,-0.8251866667507585,9.137011989712726e-05,-7.53974046785276e-05,0.0019168501321404196,-0.2877562065120959,34.0,,21.0
2026-05-28,cv_3,ridge_all,all,liabilities_to_assets,-0.8251866667507585,9.137011989712726e-05,-7.53974046785276e-05,0.0019168501321404196,-0.3045877179037976,34.0,,24.0
2026-05-29,cv_3,ridge_all,all,liabilities_to_assets,-0.8251866667507585,9.137011989712726e-05,-7.53974046785276e-05,0.0019168501321404196,-0.29256600477466455,34.0,,22.0
2026-06-01,cv_3,ridge_all,all,liabilities_to_assets,-0.8251866667507585,9.137011989712726e-05,-7.53974046785276e-05,0.0019168501321404196,-0.3315452739490575,34.0,,25.0
2026-06-02,cv_3,ridge_all,all,liabilities_to_assets,-0.8251866667507585,9.137011989712726e-05,-7.53974046785276e-05,0.0019168501321404196,-0.32475557781870823,34.0,,22.0
2026-06-03,cv_3,ridge_all,all,liabilities_to_assets,-0.8251866667507585,9.137011989712726e-05,-7.53974046785276e-05,0.0019168501321404196,-0.3208382163635734,34.0,,22.0
2026-06-04,cv_3,ridge_all,all,liabilities_to_assets,-0.8251866667507585,9.137011989712726e-05,-7.53974046785276e-05,0.0019168501321404196,-0.3533369961408837,34.0,,25.0
2026-06-05,cv_3,ridge_all,all,liabilities_to_assets,-0.8251866667507585,9.137011989712726e-05,-7.53974046785276e-05,0.0019168501321404196,-0.3047145031610597,34.0,,22.0
2026-06-08,cv_3,ridge_all,all,liabilities_to_assets,-0.8251866667507585,9.137011989712726e-05,-7.53974046785276e-05,0.0019168501321404196,-0.3392527297896435,34.0,,23.0
2026-06-09,cv_3,ridge_all,all,liabilities_to_assets,-0.8251866667507585,9.137011989712726e-05,-7.53974046785276e-05,0.0019168501321404196,-0.33692581777611713,34.0,,22.0
2026-06-10,cv_3,ridge_all,all,liabilities_to_assets,-0.8251866667507585,9.137011989712726e-05,-7.53974046785276e-05,0.0019168501321404196,-0.31655543284223014,34.0,,22.0
2026-06-11,cv_3,ridge_all,all,liabilities_to_assets,-0.8251866667507585,9.137011989712726e-05,-7.53974046785276e-05,0.0019168501321404196,-0.3424483459609357,33.0,,24.0
2026-06-12,cv_3,ridge_all,all,liabilities_to_assets,-0.8251866667507585,9.137011989712726e-05,-7.53974046785276e-05,0.0019168501321404196,-0.3368924943231675,33.0,,23.0
2026-05-08,cv_3,ridge_all,all,debt_to_assets,-1.1775640297680954,8.125695301091397e-05,-9.568526503420863e-05,0.0019168501321404196,-0.11565072329510094,25.0,,22.0
2026-05-11,cv_3,ridge_all,all,debt_to_assets,-1.1775640297680954,8.125695301091397e-05,-9.568526503420863e-05,0.0019168501321404196,-0.13943555690515969,25.0,,23.0
2026-05-12,cv_3,ridge_all,all,debt_to_assets,-1.1775640297680954,8.125695301091397e-05,-9.568526503420863e-05,0.0019168501321404196,-0.15736769883870705,25.0,,23.0
2026-05-13,cv_3,ridge_all,all,debt_to_assets,-1.1775640297680954,8.125695301091397e-05,-9.568526503420863e-05,0.0019168501321404196,-0.18226482992894502,24.0,,22.0
2026-05-14,cv_3,ridge_all,all,debt_to_assets,-1.1775640297680954,8.125695301091397e-05,-9.568526503420863e-05,0.0019168501321404196,-0.21299320268688648,24.0,,22.0
2026-05-15,cv_3,ridge_all,all,debt_to_assets,-1.1775640297680954,8.125695301091397e-05,-9.568526503420863e-05,0.0019168501321404196,-0.1851039402920156,25.0,,20.0
2026-05-18,cv_3,ridge_all,all,debt_to_assets,-1.1775640297680954,8.125695301091397e-05,-9.568526503420863e-05,0.0019168501321404196,-0.20718964223566172,25.0,,20.0
2026-05-19,cv_3,ridge_all,all,debt_to_assets,-1.1775640297680954,8.125695301091397e-05,-9.568526503420863e-05,0.0019168501321404196,-0.2213459262374009,24.0,,20.0
2026-05-20,cv_3,ridge_all,all,debt_to_assets,-1.1775640297680954,8.125695301091397e-05,-9.568526503420863e-05,0.0019168501321404196,-0.2365580449274366,25.0,,22.0
2026-05-21,cv_3,ridge_all,all,debt_to_assets,-2.0009339806445445,8.125695301091397e-05,-0.0001625897984431748,0.0019168501321404196,-0.23886720476989182,30.0,,21.0
2026-05-22,cv_3,ridge_all,all,debt_to_assets,-2.0009339806445445,8.125695301091397e-05,-0.0001625897984431748,0.0019168501321404196,-0.25566857210985655,29.0,,20.0
2026-05-26,cv_3,ridge_all,all,debt_to_assets,-2.0009339806445445,8.125695301091397e-05,-0.0001625897984431748,0.0019168501321404196,-0.28150391873797337,29.0,,20.0
2026-05-27,cv_3,ridge_all,all,debt_to_assets,-2.0009339806445445,8.125695301091397e-05,-0.0001625897984431748,0.0019168501321404196,-0.2877562065120959,29.0,,20.0
2026-05-28,cv_3,ridge_all,all,debt_to_assets,-2.0009339806445445,8.125695301091397e-05,-0.0001625897984431748,0.0019168501321404196,-0.3045877179037976,30.0,,23.0
2026-05-29,cv_3,ridge_all,all,debt_to_assets,-2.0009339806445445,8.125695301091397e-05,-0.0001625897984431748,0.0019168501321404196,-0.29256600477466455,29.0,,20.0
2026-06-01,cv_3,ridge_all,all,debt_to_assets,-2.0009339806445445,8.125695301091397e-05,-0.0001625897984431748,0.0019168501321404196,-0.3315452739490575,30.0,,24.0
2026-06-02,cv_3,ridge_all,all,debt_to_assets,-2.0009339806445445,8.125695301091397e-05,-0.0001625897984431748,0.0019168501321404196,-0.32475557781870823,30.0,,21.0
2026-06-03,cv_3,ridge_all,all,debt_to_assets,-2.0009339806445445,8.125695301091397e-05,-0.0001625897984431748,0.0019168501321404196,-0.3208382163635734,30.0,,21.0
2026-06-04,cv_3,ridge_all,all,debt_to_assets,-2.0009339806445445,8.125695301091397e-05,-0.0001625897984431748,0.0019168501321404196,-0.3533369961408837,30.0,,24.0
2026-06-05,cv_3,ridge_all,all,debt_to_assets,-2.0009339806445445,8.125695301091397e-05,-0.0001625897984431748,0.0019168501321404196,-0.3047145031610597,30.0,,21.0
2026-06-08,cv_3,ridge_all,all,debt_to_assets,-2.0009339806445445,8.125695301091397e-05,-0.0001625897984431748,0.0019168501321404196,-0.3392527297896435,30.0,,22.0
2026-06-09,cv_3,ridge_all,all,debt_to_assets,-2.0009339806445445,8.125695301091397e-05,-0.0001625897984431748,0.0019168501321404196,-0.33692581777611713,30.0,,21.0
2026-06-10,cv_3,ridge_all,all,debt_to_assets,-2.0009339806445445,8.125695301091397e-05,-0.0001625897984431748,0.0019168501321404196,-0.31655543284223014,30.0,,21.0
2026-06-11,cv_3,ridge_all,all,debt_to_assets,-2.0009339806445445,8.125695301091397e-05,-0.0001625897984431748,0.0019168501321404196,-0.3424483459609357,29.0,,23.0
2026-06-12,cv_3,ridge_all,all,debt_to_assets,-2.0009339806445445,8.125695301091397e-05,-0.0001625897984431748,0.0019168501321404196,-0.3368924943231675,29.0,,22.0
