date,fold,model_name,feature_spec,training_actual,training_fitted,training_residual,leverage,studentized_residual,cooks_distance,undefined_reason,intercept_design_rank,residual_df,residual_MSE
2025-10-01,cv_1,ols_market,market,-0.002584417074841694,-0.001450775665377087,-0.0011336414094646069,0.029396031011209856,-0.028320666777586396,3.0364322482795585e-06,defined,8,88,0.0016508301484629646
2025-10-02,cv_1,ols_market,market,0.01786566329718875,0.0005162699062997037,0.017349393390889045,0.02694219169014437,0.43287626906637683,0.0006485326545702916,defined,8,88,0.0016508301484629646
2025-10-03,cv_1,ols_market,market,-0.012614535514235636,0.004903963213985696,-0.01751849872822133,0.015650860404700588,-0.4345813724618968,0.00037535419946156434,defined,8,88,0.0016508301484629646
2025-10-06,cv_1,ols_market,market,0.011222744158451592,0.004280052814967775,0.006942691343483817,0.024379493503117664,0.1729960559739598,9.348160830898499e-05,defined,8,88,0.0016508301484629646
2025-10-07,cv_1,ols_market,market,-0.035053911605185006,-0.0034301674823423063,-0.031623744122842704,0.016456013342633375,-0.7848112100871241,0.0012881642790056687,defined,8,88,0.0016508301484629646
2025-10-08,cv_1,ols_market,market,-0.06450603013100886,-0.01484777272927062,-0.049658257401738244,0.0310610094581583,-1.2416296165798744,0.0061775073800755835,defined,8,88,0.0016508301484629646
2025-10-09,cv_1,ols_market,market,-0.060461977574129855,-0.014612627119124087,-0.045849350455005766,0.026944981661771755,-1.1439664644163754,0.004529779844557815,defined,8,88,0.0016508301484629646
2025-10-10,cv_1,ols_market,market,-0.02526998972789729,0.022365616607784754,-0.04763560633568205,0.21168955432141084,-1.3204801013205925,0.058529643983256004,defined,8,88,0.0016508301484629646
2025-10-13,cv_1,ols_market,market,-0.011527871589327776,-0.01470381912469069,0.003175947535362914,0.046718981436653366,0.08005927463847157,3.9265012051444475e-05,defined,8,88,0.0016508301484629646
2025-10-14,cv_1,ols_market,market,-0.019696966068929345,0.01755918415534964,-0.037256150224278986,0.12994243215212298,-0.9830436129311906,0.01804091610807536,defined,8,88,0.0016508301484629646
2025-10-15,cv_1,ols_market,market,-0.010700746276467554,0.009570399675919638,-0.020271145952387194,0.07076315482464707,-0.5175638012985605,0.002549873091657669,defined,8,88,0.0016508301484629646
2025-10-16,cv_1,ols_market,market,0.010989072409892442,0.010913167036937616,7.590537295482612e-05,0.02834496317972026,0.0018952446070479483,1.309798060293735e-08,defined,8,88,0.0016508301484629646
2025-10-17,cv_1,ols_market,market,0.01709162638873085,0.0061570884104115205,0.010934537978319331,0.03368638607050849,0.2737727336366185,0.000326607927197321,defined,8,88,0.0016508301484629646
2025-10-20,cv_1,ols_market,market,0.047595670039839666,0.019195946473374238,0.02839972356646543,0.027067283594142063,0.7086332289418166,0.001746284122045919,defined,8,88,0.0016508301484629646
2025-10-21,cv_1,ols_market,market,0.10980456805050132,0.02143215067183598,0.08837241737866533,0.03243644182580058,2.2111886056062455,0.020488741965708414,defined,8,88,0.0016508301484629646
2025-10-22,cv_1,ols_market,market,0.14754459254711083,0.01767833339672862,0.12986625915038222,0.03469340869608488,3.2532129996600285,0.04754629840277704,defined,8,88,0.0016508301484629646
2025-10-23,cv_1,ols_market,market,0.10362273406894884,0.011109778993133505,0.09251295507581533,0.02734821543605444,2.3087274349085263,0.018733845963000106,defined,8,88,0.0016508301484629646
2025-10-24,cv_1,ols_market,market,0.06579293456807522,0.005148808039845068,0.060644126528230154,0.028287519643325928,1.5141491567499208,0.00834265758646108,defined,8,88,0.0016508301484629646
2025-10-27,cv_1,ols_market,market,0.07163947999185871,-0.0016504121086426918,0.07328989210050141,0.04160358841541178,1.8425543070188644,0.018421976302989206,defined,8,88,0.0016508301484629646
2025-10-28,cv_1,ols_market,market,-0.04466772515133133,-0.031751468761311616,-0.012916256390019712,0.1656726823764976,-0.34803043928230676,0.0030064841092044296,defined,8,88,0.0016508301484629646
2025-10-29,cv_1,ols_market,market,-0.04845229090103109,-0.04164645875059805,-0.006805832150433039,0.08243148668626067,-0.17486817885569395,0.00034338887247565046,defined,8,88,0.0016508301484629646
2025-10-30,cv_1,ols_market,market,-0.08898036032324541,-0.04548861569009249,-0.04349174463315292,0.08229898280118221,-1.117390634590136,0.013996302536150616,defined,8,88,0.0016508301484629646
2025-10-31,cv_1,ols_market,market,-0.09578050633982571,-0.06275954041884566,-0.033020965920980055,0.11102295054771497,-0.861972285964976,0.011598954219026292,defined,8,88,0.0016508301484629646
2025-11-03,cv_1,ols_market,market,-0.019458113045528025,-0.08406818473373238,0.06461007168820436,0.16239912214096647,1.7375226120067173,0.07316737879874764,defined,8,88,0.0016508301484629646
2025-11-04,cv_1,ols_market,market,-0.028223577450155912,-0.061284709495396085,0.03306113204524017,0.19043593897034267,0.9043591025358023,0.024048585265875073,defined,8,88,0.0016508301484629646
2025-11-05,cv_1,ols_market,market,-0.013338739138638922,-0.06127302461333292,0.047934285474694,0.10186060962941679,1.2448676757877895,0.02196943664045165,defined,8,88,0.0016508301484629646
2025-11-06,cv_1,ols_market,market,0.010600361160447047,-0.036868534294164514,0.04746889545461156,0.12122928139774004,1.2462929599482837,0.026784420219700813,defined,8,88,0.0016508301484629646
2025-11-07,cv_1,ols_market,market,-0.025319063225630378,-0.05041292061176748,0.0250938573861371,0.13140828383617317,0.6626869038914582,0.008304889332287693,defined,8,88,0.0016508301484629646
2025-11-10,cv_1,ols_market,market,-0.04386143368501916,-0.052227562507696154,0.008366128822676996,0.2547164281788247,0.2385132870721569,0.002430359817957913,defined,8,88,0.0016508301484629646
2025-11-11,cv_1,ols_market,market,-0.07337012324130587,-0.02068035551179555,-0.052689767729510326,0.09857938873634577,-1.365876226974598,0.02550300418684363,defined,8,88,0.0016508301484629646
2025-11-12,cv_1,ols_market,market,-0.023711063632224416,-0.029876396431517058,0.0061653327992926416,0.07355017871157177,0.15765014613266384,0.0002466383456981479,defined,8,88,0.0016508301484629646
2025-11-13,cv_1,ols_market,market,-0.012140441940792002,-0.01479091736790644,0.0026504754271144387,0.0859290703285771,0.06823114161162366,5.470606843727172e-05,defined,8,88,0.0016508301484629646
2025-11-14,cv_1,ols_market,market,-0.03812440872910705,-0.04980975310801921,0.011685344378912159,0.19457173070209458,0.32046225612735785,0.003101106334609919,defined,8,88,0.0016508301484629646
2025-11-17,cv_1,ols_market,market,-0.004526130488354485,-0.018320780279639456,0.01379464979128497,0.09859346089889398,0.35760133501147146,0.0017483794104993051,defined,8,88,0.0016508301484629646
2025-11-18,cv_1,ols_market,market,-0.03771841666297149,-0.0017702344453672761,-0.035948182217604215,0.10556673129900553,-0.9355171777607664,0.012911974974968736,defined,8,88,0.0016508301484629646
2025-11-19,cv_1,ols_market,market,-0.08007146050403113,-0.015624856281474427,-0.06444660422255671,0.1200620881324199,-1.69091909358127,0.048765146373002576,defined,8,88,0.0016508301484629646
2025-11-20,cv_1,ols_market,market,-0.023394423773199557,0.023968818986395416,-0.04736324275959497,0.4070526675294668,-1.5138476583610512,0.19665674444030326,defined,8,88,0.0016508301484629646
2025-11-21,cv_1,ols_market,market,0.0023956357603300837,0.010482444829208492,-0.008086809068878409,0.15530580999313498,-0.21655900139481873,0.0010778310468138861,defined,8,88,0.0016508301484629646
2025-11-24,cv_1,ols_market,market,0.03744784697627179,0.0008242611888653196,0.036623585787406474,0.10284828644896304,0.9516488391935467,0.012977607252309457,defined,8,88,0.0016508301484629646
2025-11-25,cv_1,ols_market,market,-0.011231671475415594,0.01701155453428721,-0.028243226009702804,0.17537881220712076,-0.7654835475409301,0.015577737088831128,defined,8,88,0.0016508301484629646
2025-11-26,cv_1,ols_market,market,0.024412102732116914,0.01933056195515206,0.0050815407769648525,0.0959431932053421,0.13153652338232114,0.00022952034027394624,defined,8,88,0.0016508301484629646
2025-11-28,cv_1,ols_market,market,0.04377437282978458,0.03209135783535978,0.011683014994424798,0.10023156821092144,0.30313659097174533,0.001279559574892102,defined,8,88,0.0016508301484629646
2025-12-01,cv_1,ols_market,market,0.02085172017750736,0.009308654543882763,0.011543065633624597,0.08794282943080367,0.2974807982502046,0.0010666114993146685,defined,8,88,0.0016508301484629646
2025-12-02,cv_1,ols_market,market,0.02148221421644214,0.020474686945144722,0.0010075272712974197,0.051965023870814454,0.025467917500037095,4.444098259279404e-06,defined,8,88,0.0016508301484629646
2025-12-03,cv_1,ols_market,market,0.011892983813349689,0.026969061404212416,-0.015076077590862727,0.056137796162007945,-0.3819292063329515,0.001084482423129555,defined,8,88,0.0016508301484629646
2025-12-04,cv_1,ols_market,market,-0.016096616040523037,0.011346914451987758,-0.027443530492510797,0.0473378215296687,-0.6920210786861665,0.0029745276032722766,defined,8,88,0.0016508301484629646
2025-12-05,cv_1,ols_market,market,-0.04172139259008001,0.018355128491276147,-0.06007652108135615,0.04089462720149973,-1.5098034651944228,0.012149286630592471,defined,8,88,0.0016508301484629646
2025-12-08,cv_1,ols_market,market,-0.04995691094215349,0.0010918311120685826,-0.05104874205422207,0.04335623412701678,-1.2845728121673623,0.009348216720467697,defined,8,88,0.0016508301484629646
2025-12-09,cv_1,ols_market,market,-0.03919554496488009,0.011774964351136197,-0.05097050931601629,0.028926041176884645,-1.2730387504801524,0.0060343424419564045,defined,8,88,0.0016508301484629646
2025-12-10,cv_1,ols_market,market,-0.051808278240144,0.010133972163206514,-0.06194225040335052,0.02300889690088823,-1.5423767829468156,0.007003194057966741,defined,8,88,0.0016508301484629646
2025-12-11,cv_1,ols_market,market,-0.03848490529078363,0.01149645043295028,-0.04998135572373391,0.05220578274265982,-1.2635714624704635,0.010992948359951701,defined,8,88,0.0016508301484629646
2025-12-12,cv_1,ols_market,market,0.01714062610942224,0.03263257963366213,-0.01549195352423989,0.08645809856305085,-0.3989245406672948,0.001882646271040955,defined,8,88,0.0016508301484629646
2025-12-15,cv_1,ols_market,market,0.042153683003105735,0.023525823538807042,0.018627859464298693,0.0439853873609706,0.46889919994299994,0.001264482685469855,defined,8,88,0.0016508301484629646
2025-12-16,cv_1,ols_market,market,0.07444633819402147,0.024793823074447382,0.04965251511957408,0.044262193470882484,1.2500306838866224,0.0090457696932876,defined,8,88,0.0016508301484629646
2025-12-17,cv_1,ols_market,market,0.08067382071582818,0.05902156438165219,0.021652256334175994,0.13583132111719443,0.573261404421653,0.0064567923948244815,defined,8,88,0.0016508301484629646
2025-12-18,cv_1,ols_market,market,0.07845135424237437,0.04154483939705402,0.03690651484532035,0.07658263767286541,0.9452633552109123,0.00926292060019609,defined,8,88,0.0016508301484629646
2025-12-19,cv_1,ols_market,market,0.023379747143146057,0.025696829877238193,-0.002317082734092136,0.09425784879661984,-0.05992224219219802,4.670883858672269e-05,defined,8,88,0.0016508301484629646
2025-12-22,cv_1,ols_market,market,0.024976728616388,0.03071803575730146,-0.005741307140913459,0.07478116014303243,-0.1469052617130273,0.00021803812883581787,defined,8,88,0.0016508301484629646
2025-12-23,cv_1,ols_market,market,-0.0076620326843679365,0.0072120217288403074,-0.014874054413208243,0.10212387536973531,-0.3863402516810873,0.0021220753142758824,defined,8,88,0.0016508301484629646
2025-12-24,cv_1,ols_market,market,-0.005633909413151339,0.009057149794623779,-0.014691059207775118,0.056729911933179965,-0.37229215245326164,0.001041966660585222,defined,8,88,0.0016508301484629646
2025-12-26,cv_1,ols_market,market,0.0021841584819997095,-0.00862918620387823,0.01081334468587794,0.049358622302013974,0.27296093316479636,0.0004835677364061625,defined,8,88,0.0016508301484629646
2025-12-29,cv_1,ols_market,market,-0.005312367035796295,-0.007893683754372513,0.002581316718576218,0.0660694923139451,0.06574047191081027,3.8217480705010875e-05,defined,8,88,0.0016508301484629646
2025-12-30,cv_1,ols_market,market,-0.002426579606975565,-0.011386275941197677,0.008959696334222111,0.05072869918325885,0.2263324993316098,0.000342189931170753,defined,8,88,0.0016508301484629646
2025-12-31,cv_1,ols_market,market,-0.02528446662638184,-0.005846730237292046,-0.019437736389089796,0.040209548960653985,-0.48832198776869484,0.0012487495631770896,defined,8,88,0.0016508301484629646
2026-01-02,cv_1,ols_market,market,-0.03598244729944666,-0.013286829098566561,-0.0226956182008801,0.03943423774955092,-0.569937548008461,0.001666905194159279,defined,8,88,0.0016508301484629646
2026-01-05,cv_1,ols_market,market,-0.02928827265337841,-0.004248310348913346,-0.025039962304465063,0.06030634306567409,-0.6357543307614325,0.00324239085774022,defined,8,88,0.0016508301484629646
2026-01-06,cv_1,ols_market,market,-0.014636525738049189,-0.00283877768615581,-0.011797748051893379,0.034634517872769485,-0.2955303162214941,0.00039168006701273866,defined,8,88,0.0016508301484629646
2026-01-07,cv_1,ols_market,market,-0.03156893449016451,-0.012623641561403375,-0.01894529292876114,0.030471802965711083,-0.47355443325761104,0.0008810235828037912,defined,8,88,0.0016508301484629646
2026-01-08,cv_1,ols_market,market,0.01064405230826293,0.003041043535104297,0.007603008773158633,0.03352757859704289,0.19034416274070454,0.00015710928866096704,defined,8,88,0.0016508301484629646
2026-01-09,cv_1,ols_market,market,0.016428307427037492,-0.004044785262107731,0.020473092689145222,0.026735829807293787,0.5107600126725031,0.000895791059414926,defined,8,88,0.0016508301484629646
2026-01-12,cv_1,ols_market,market,-0.03745941986908785,-0.004647517400756499,-0.03281190246833135,0.03263604544927118,-0.8210796068771563,0.002843074059419665,defined,8,88,0.0016508301484629646
2026-01-13,cv_1,ols_market,market,-0.005425347006638326,-0.0017837450425957503,-0.0036416019640425753,0.03522975374852747,-0.09124925516817438,3.800619354217718e-05,defined,8,88,0.0016508301484629646
2026-01-14,cv_1,ols_market,market,-0.008900823925519274,0.011610663031319138,-0.020511486956838413,0.03460212487621882,-0.5137984385363947,0.0011827474046303943,defined,8,88,0.0016508301484629646
2026-01-15,cv_1,ols_market,market,-0.007457180285883602,-0.0012194885315153531,-0.006237691754368249,0.044832321112798036,-0.1570843446883636,0.00014477295140164617,defined,8,88,0.0016508301484629646
2026-01-16,cv_1,ols_market,market,0.025123735445639506,0.009929647984963727,0.015194087460675779,0.07376049453077088,0.3885632974230094,0.0015029138422428322,defined,8,88,0.0016508301484629646
2026-01-20,cv_1,ols_market,market,0.052890260035156844,0.029324190196976907,0.023566069838179937,0.1567751188922665,0.631632194680832,0.0092719750710947,defined,8,88,0.0016508301484629646
2026-01-21,cv_1,ols_market,market,0.036644136792751913,-0.0015800675247391708,0.03822420431749109,0.08619598990977102,0.9841487115326408,0.011419983371597374,defined,8,88,0.0016508301484629646
2026-01-22,cv_1,ols_market,market,0.026719970703125373,0.008692311824574629,0.018027658878550745,0.06199136485126056,0.4581257655082267,0.0017338192088012492,defined,8,88,0.0016508301484629646
2026-01-23,cv_1,ols_market,market,0.021211803499803672,0.007247888995264954,0.013963914504538717,0.07851914796935666,0.35802456663332394,0.0013652900701290954,defined,8,88,0.0016508301484629646
2026-01-26,cv_1,ols_market,market,-0.008705430650460033,0.013148293305919398,-0.021853723956379432,0.06214854023958126,-0.5554017295622251,0.0025551790748994125,defined,8,88,0.0016508301484629646
2026-01-27,cv_1,ols_market,market,-0.057144391124708926,-0.003287879618086192,-0.05385651150662273,0.057589259895612345,-1.3654220433444966,0.014241151383772166,defined,8,88,0.0016508301484629646
2026-01-28,cv_1,ols_market,market,-0.089630993125969,-0.009217349237822777,-0.08041364388814623,0.0701240045347176,-2.052419008275864,0.03970852378157672,defined,8,88,0.0016508301484629646
2026-01-29,cv_1,ols_market,market,-0.1010930450935067,-0.016402805044232048,-0.08469024004927464,0.08871225200261328,-2.1835060639323607,0.058015880857449825,defined,8,88,0.0016508301484629646
2026-01-30,cv_1,ols_market,market,-0.009561930103170857,-0.01359022753260301,0.004028297429432153,0.06193123394181048,0.1023653546550511,8.647509764516706e-05,defined,8,88,0.0016508301484629646
2026-02-02,cv_1,ols_market,market,0.020403713922292566,-0.0044922620408486096,0.024895975963141175,0.07297780125331207,0.6364039890404936,0.0039854415090062436,defined,8,88,0.0016508301484629646
2026-02-03,cv_1,ols_market,market,0.05059615642800486,0.005820064744555566,0.04477609168344929,0.09218626714828679,1.1566357543540187,0.01698136985245688,defined,8,88,0.0016508301484629646
2026-02-04,cv_1,ols_market,market,0.08643463676352114,0.021813891387666522,0.06462074537585462,0.06102260658699192,1.641319764030964,0.02188426824285937,defined,8,88,0.0016508301484629646
2026-02-05,cv_1,ols_market,market,0.05801120526555592,0.029238095214388943,0.028773110051166978,0.036956541933088546,0.7216268240477648,0.002497933032476885,defined,8,88,0.0016508301484629646
2026-02-06,cv_1,ols_market,market,-0.007869298770593947,-0.0017464920675447947,-0.006122806703049152,0.5302795166813572,-0.21987689914974023,0.0068223590665780695,defined,8,88,0.0016508301484629646
2026-02-09,cv_1,ols_market,market,-0.03349359127686513,0.001770490799780087,-0.03526408207664522,0.12894029356979073,-0.9299453465500299,0.016001680480568617,defined,8,88,0.0016508301484629646
2026-02-10,cv_1,ols_market,market,-0.023226818870281996,0.01598407924729916,-0.039210898117581154,0.06905021319418658,-1.0002129326257383,0.009275422717530516,defined,8,88,0.0016508301484629646
2026-02-11,cv_1,ols_market,market,-0.02657620533209415,-0.0022462508200201455,-0.024329954512074002,0.07285363303020262,-0.6218934042078071,0.0037987859879520087,defined,8,88,0.0016508301484629646
2026-02-12,cv_1,ols_market,market,0.012481393482003389,-0.004329338586608848,0.016810732068612236,0.08062460513679094,0.4315081395746106,0.002041092663119448,defined,8,88,0.0016508301484629646
2026-02-13,cv_1,ols_market,market,0.05392023687349545,-0.0016593196776354465,0.0555795565511309,0.07317598781813603,1.4209056562670506,0.01992561872908686,defined,8,88,0.0016508301484629646
2026-02-17,cv_1,ols_market,market,0.021721886641142163,-0.01889813781178464,0.0406200244529268,0.10414563108632513,1.0562586455311618,0.016212657435191496,defined,8,88,0.0016508301484629646
2026-02-18,cv_1,ols_market,market,0.0454399663794367,-0.010351574170885064,0.05579154055032177,0.05397382658266664,1.4117753077977733,0.014214161114110386,defined,8,88,0.0016508301484629646
2025-10-01,cv_1,ols_all,all,-0.002584417074841694,0.010425797759400423,-0.013010214834242117,0.058249046905005555,-0.33374645994669827,0.0007654971558877601,defined,9,87,0.0016136135494037862
2025-10-02,cv_1,ols_all,all,0.01786566329718875,0.011431427899664622,0.006434235397524128,0.05131294488878264,0.16445068706724367,0.00016252973989786134,defined,9,87,0.0016136135494037862
2025-10-03,cv_1,ols_all,all,-0.012614535514235636,0.01739799113234606,-0.030012526646581696,0.04758195769438936,-0.7655771905812327,0.0032534950815562144,defined,9,87,0.0016136135494037862
2025-10-06,cv_1,ols_all,all,0.011222744158451592,0.016074421912797968,-0.004851677754346376,0.05283447635315592,-0.12410213151953492,9.545693773297732e-05,defined,9,87,0.0016136135494037862
2025-10-07,cv_1,ols_all,all,-0.035053911605185006,0.008264484029371659,-0.04331839563455667,0.04443187479744674,-1.1031682910386786,0.00628744233492735,defined,9,87,0.0016136135494037862
2025-10-08,cv_1,ols_all,all,-0.06450603013100886,-0.005971971710814101,-0.05853405842019476,0.04717577583915465,-1.4928029194288024,0.01225938554300142,defined,9,87,0.0016136135494037862
2025-10-09,cv_1,ols_all,all,-0.060461977574129855,-0.0051063085139608265,-0.055355669060169026,0.045430585016464346,-1.4104528759258883,0.01051999336963692,defined,9,87,0.0016136135494037862
2025-10-10,cv_1,ols_all,all,-0.02526998972789729,0.036539830043599064,-0.061809819771496355,0.25278624343734896,-1.7800626258128127,0.1191068204786593,defined,9,87,0.0016136135494037862
2025-10-13,cv_1,ols_all,all,-0.011527871589327776,-0.00591565236502548,-0.005612219224302296,0.06251710395079985,-0.14429563197873826,0.0001542763510409975,defined,9,87,0.0016136135494037862
2025-10-14,cv_1,ols_all,all,-0.019696966068929345,0.027393165819972427,-0.04709013188890177,0.14972431781397333,-1.2713064827651126,0.03162209203013667,defined,9,87,0.0016136135494037862
2025-10-15,cv_1,ols_all,all,-0.010700746276467554,0.0241513445784556,-0.034852090854923155,0.11425223645621035,-0.9218792489120187,0.012180362534476966,defined,9,87,0.0016136135494037862
2025-10-16,cv_1,ols_all,all,0.010989072409892442,0.023545358421975984,-0.012556286012083542,0.06098617641785311,-0.3225710893241088,0.0007508752546210495,defined,9,87,0.0016136135494037862
2025-10-17,cv_1,ols_all,all,0.01709162638873085,0.019286497547128717,-0.0021948711583978653,0.0689477626479251,-0.05662682888218699,2.6384453543015868e-05,defined,9,87,0.0016136135494037862
2025-10-20,cv_1,ols_all,all,0.047595670039839666,0.03287597018181715,0.014719699858022517,0.06534822408177193,0.3790305981806422,0.0011160662787612601,defined,9,87,0.0016136135494037862
2025-10-21,cv_1,ols_all,all,0.10980456805050132,0.034778157080781025,0.07502641096972029,0.06887083637814263,1.9355724905105973,0.03078944074507843,defined,9,87,0.0016136135494037862
2025-10-22,cv_1,ols_all,all,0.14754459254711083,0.03319170874914212,0.11435288379796871,0.08392246379361043,2.97427580680898,0.09004631802772636,defined,9,87,0.0016136135494037862
2025-10-23,cv_1,ols_all,all,0.10362273406894884,0.02391975875338733,0.0797029753155615,0.060914694303106025,2.047492150400154,0.030214750023820375,defined,9,87,0.0016136135494037862
2025-10-24,cv_1,ols_all,all,0.06579293456807522,0.0171278200447451,0.048665114523330125,0.05764041181566562,1.2479858375646882,0.01058491136333882,defined,9,87,0.0016136135494037862
2025-10-27,cv_1,ols_all,all,0.07163947999185871,0.00856767593542034,0.06307180405643838,0.06296097849339564,1.6220216587650076,0.019641949075011815,defined,9,87,0.0016136135494037862
2025-10-28,cv_1,ols_all,all,-0.04466772515133133,-0.02316990124154237,-0.02149782390978896,0.18073674618605048,-0.5912661239975174,0.00856932212395748,defined,9,87,0.0016136135494037862
2025-10-29,cv_1,ols_all,all,-0.04845229090103109,-0.035823170901082356,-0.012629119999948736,0.0893680669386858,-0.3294593870354056,0.0011835885392533498,defined,9,87,0.0016136135494037862
2025-10-30,cv_1,ols_all,all,-0.08898036032324541,-0.042067134062223545,-0.046913226261021866,0.08469360676085115,-1.2207093944299057,0.015320262144899864,defined,9,87,0.0016136135494037862
2025-10-31,cv_1,ols_all,all,-0.09578050633982571,-0.060835129296027995,-0.034945377043797715,0.11178048888380693,-0.9230597420460391,0.011914142956814111,defined,9,87,0.0016136135494037862
2025-11-03,cv_1,ols_all,all,-0.019458113045528025,-0.08621212013631797,0.06675400709078995,0.1633393482144961,1.8167823508073178,0.07159863929474886,defined,9,87,0.0016136135494037862
2025-11-04,cv_1,ols_all,all,-0.028223577450155912,-0.063839206658016,0.035615629207860086,0.19177074988184087,0.9862194729593703,0.025642032143768683,defined,9,87,0.0016136135494037862
2025-11-05,cv_1,ols_all,all,-0.013338739138638922,-0.05996085481098182,0.046622115672342895,0.10221280932534692,1.2249137484498855,0.018980184479593883,defined,9,87,0.0016136135494037862
2025-11-06,cv_1,ols_all,all,0.010600361160447047,-0.03286617295435471,0.04346653411480176,0.12450601767035455,1.1564548015850502,0.021132554367239317,defined,9,87,0.0016136135494037862
2025-11-07,cv_1,ols_all,all,-0.025319063225630378,-0.04531292417235149,0.019993860946721113,0.13672873724819468,0.5357019896180141,0.005050292454756862,defined,9,87,0.0016136135494037862
2025-11-10,cv_1,ols_all,all,-0.04386143368501916,-0.055002701633151234,0.011141267948132076,0.2562917831208039,0.3216129763845248,0.0039605611212664635,defined,9,87,0.0016136135494037862
2025-11-11,cv_1,ols_all,all,-0.07337012324130587,-0.018843429308206025,-0.05452669393309985,0.09926961633045643,-1.4302501235850134,0.025049727691256893,defined,9,87,0.0016136135494037862
2025-11-12,cv_1,ols_all,all,-0.023711063632224416,-0.027471540325644993,0.0037604766934205766,0.07473318510032807,0.0973216900791815,8.500085239540648e-05,defined,9,87,0.0016136135494037862
2025-11-13,cv_1,ols_all,all,-0.012140441940792002,-0.011795190152356845,-0.000345251788435157,0.08776481987140866,-0.008998761935848936,8.656387015509545e-07,defined,9,87,0.0016136135494037862
2025-11-14,cv_1,ols_all,all,-0.03812440872910705,-0.045794009959847545,0.007669601230740494,0.1978704149982082,0.21318210720888636,0.0012456479620877295,defined,9,87,0.0016136135494037862
2025-11-17,cv_1,ols_all,all,-0.004526130488354485,-0.015410684342490938,0.010884553854136452,0.10032576252128829,0.28567236110173266,0.0010111628932953057,defined,9,87,0.0016136135494037862
2025-11-18,cv_1,ols_all,all,-0.03771841666297149,0.002411147179997723,-0.04012956384296921,0.10914315127371141,-1.0584265174937537,0.015249917014489672,defined,9,87,0.0016136135494037862
2025-11-19,cv_1,ols_all,all,-0.08007146050403113,-0.0123753078657767,-0.06769615263825443,0.12222209396019251,-1.7987545213135152,0.05005717799913341,defined,9,87,0.0016136135494037862
2025-11-20,cv_1,ols_all,all,-0.023394423773199557,0.018421310476740685,-0.04181573424994024,0.413347799703618,-1.3590943565352334,0.14460777206566508,defined,9,87,0.0016136135494037862
2025-11-21,cv_1,ols_all,all,0.0023956357603300837,0.0043027831510225505,-0.0019071473906924668,0.16311737942365673,-0.05189819070568731,5.833075696009847e-05,defined,9,87,0.0016136135494037862
2025-11-24,cv_1,ols_all,all,0.03744784697627179,-0.008784716961148482,0.04623256393742027,0.12173530081153862,1.2281049996379743,0.02322841600942058,defined,9,87,0.0016136135494037862
2025-11-25,cv_1,ols_all,all,-0.011231671475415594,0.010388711271037129,-0.021620382746452723,0.18435098963140625,-0.5959529243978624,0.008919151908616658,defined,9,87,0.0016136135494037862
2025-11-26,cv_1,ols_all,all,0.024412102732116914,0.012222412103275997,0.012189690628840916,0.10627846848882853,0.32099022482993256,0.0013613950615082332,defined,9,87,0.0016136135494037862
2025-11-28,cv_1,ols_all,all,0.04377437282978458,0.02588889782758521,0.01788547500219937,0.1081008816586975,0.47145782176478557,0.002993344365979189,defined,9,87,0.0016136135494037862
2025-12-01,cv_1,ols_all,all,0.02085172017750736,0.005394086414561621,0.01545763376294574,0.0910773896005731,0.4036266132357588,0.0018138473957952667,defined,9,87,0.0016136135494037862
2025-12-02,cv_1,ols_all,all,0.02148221421644214,0.017886657104871452,0.0035955571115706894,0.05333510870135637,0.09199586135227143,5.297988171470001e-05,defined,9,87,0.0016136135494037862
2025-12-03,cv_1,ols_all,all,0.011892983813349689,0.024010380070618766,-0.012117396257269077,0.05792842379566758,-0.3107903989204969,0.0006599339780306675,defined,9,87,0.0016136135494037862
2025-12-04,cv_1,ols_all,all,-0.016096616040523037,0.007975597804698309,-0.024072213845221346,0.04966274139882764,-0.6147200643123392,0.002194144373236943,defined,9,87,0.0016136135494037862
2025-12-05,cv_1,ols_all,all,-0.04172139259008001,0.015452625998978986,-0.057174018589058996,0.04261790027275515,-1.4546425966352303,0.010465906200753808,defined,9,87,0.0016136135494037862
2025-12-08,cv_1,ols_all,all,-0.04995691094215349,-0.002301563785490735,-0.04765534715666275,0.045711704813502785,-1.2144288425571728,0.007849634916413035,defined,9,87,0.0016136135494037862
2025-12-09,cv_1,ols_all,all,-0.03919554496488009,0.007603924128022445,-0.046799469092902536,0.032484792608055604,-1.1844378038383434,0.005233645588227572,defined,9,87,0.0016136135494037862
2025-12-10,cv_1,ols_all,all,-0.051808278240144,0.006565371226651827,-0.05837364946679583,0.025613879755106005,-1.4721482104942227,0.006330016451514711,defined,9,87,0.0016136135494037862
2025-12-11,cv_1,ols_all,all,-0.03848490529078363,0.009370708091273515,-0.04785561338205715,0.053130119333064156,-1.224300339871016,0.009345099286798862,defined,9,87,0.0016136135494037862
2025-12-12,cv_1,ols_all,all,0.01714062610942224,0.0334333951698911,-0.016292769060468858,0.08658928045165529,-0.4243870114855238,0.0018970539618323237,defined,9,87,0.0016136135494037862
2025-12-15,cv_1,ols_all,all,0.042153683003105735,0.023521388434330104,0.01863229456877563,0.04398539138458737,0.4743886735115039,0.0011504560840445998,defined,9,87,0.0016136135494037862
2025-12-16,cv_1,ols_all,all,0.07444633819402147,0.02590716109186285,0.04853917710215862,0.0445157430987414,1.2361776163164475,0.007910598328608767,defined,9,87,0.0016136135494037862
2025-12-17,cv_1,ols_all,all,0.08067382071582818,0.06256597484148796,0.018107845874340223,0.13840110687559437,0.48564000751764796,0.0042094061958660054,defined,9,87,0.0016136135494037862
2025-12-18,cv_1,ols_all,all,0.07845135424237437,0.04575442125922734,0.032696932983147034,0.08020746078193745,0.8487158443176097,0.006979221719997728,defined,9,87,0.0016136135494037862
2025-12-19,cv_1,ols_all,all,0.023379747143146057,0.02720957871386035,-0.003829831570714294,0.09472595301422557,-0.10020511111436624,0.00011674173725998273,defined,9,87,0.0016136135494037862
2025-12-22,cv_1,ols_all,all,0.024976728616388,0.03190388629852302,-0.006927157682135018,0.07506881307906868,-0.17930838375034155,0.00028994044984535224,defined,9,87,0.0016136135494037862
2025-12-23,cv_1,ols_all,all,-0.0076620326843679365,0.007895650941695292,-0.015557683626063228,0.10221947365981986,-0.4087521774419428,0.0021136891027650345,defined,9,87,0.0016136135494037862
2025-12-24,cv_1,ols_all,all,-0.005633909413151339,0.00720356888599108,-0.012837478299142419,0.05743271232393479,-0.329172673559428,0.0007335876372957281,defined,9,87,0.0016136135494037862
2025-12-26,cv_1,ols_all,all,0.0021841584819997095,-0.01180264607028348,0.01398680455228319,0.05141865882203053,0.3575044494760767,0.0007697798880010923,defined,9,87,0.0016136135494037862
2025-12-29,cv_1,ols_all,all,-0.005312367035796295,-0.013007662064658528,0.007695295028862233,0.07141915824212786,0.1987996654811935,0.00033774100951958495,defined,9,87,0.0016136135494037862
2025-12-30,cv_1,ols_all,all,-0.002426579606975565,-0.017641218641205873,0.015214639034230308,0.05873174991780981,0.39039584101299357,0.0010566408252317147,defined,9,87,0.0016136135494037862
2025-12-31,cv_1,ols_all,all,-0.02528446662638184,-0.010738896770030664,-0.014545569856351177,0.04510521025424973,-0.3705554563878338,0.00072066777638824,defined,9,87,0.0016136135494037862
2026-01-02,cv_1,ols_all,all,-0.03598244729944666,-0.01895933576817905,-0.017023111531267614,0.04601625368310616,-0.4338790602851568,0.0010089395708675637,defined,9,87,0.0016136135494037862
2026-01-05,cv_1,ols_all,all,-0.02928827265337841,-0.007573994354085608,-0.021714278299292802,0.06256875072449421,-0.5583106603597925,0.002311678257877426,defined,9,87,0.0016136135494037862
2026-01-06,cv_1,ols_all,all,-0.014636525738049189,-0.007505869316688638,-0.007130656421360551,0.03909007025770819,-0.18108747142174622,0.00014822384315114385,defined,9,87,0.0016136135494037862
2026-01-07,cv_1,ols_all,all,-0.03156893449016451,-0.018548315615093035,-0.013020618875071478,0.03765202417255249,-0.33041959332525345,0.00047461916060203624,defined,9,87,0.0016136135494037862
2026-01-08,cv_1,ols_all,all,0.01064405230826293,-0.001773464086469214,0.012417516394732145,0.038269044764363415,0.31521594553847876,0.000439306748500987,defined,9,87,0.0016136135494037862
2026-01-09,cv_1,ols_all,all,0.016428307427037492,-0.01019771181785402,0.02662601924489151,0.03447995492910282,0.6745681443470498,0.001805570880860382,defined,9,87,0.0016136135494037862
2026-01-12,cv_1,ols_all,all,-0.03745941986908785,-0.00990788236902815,-0.027551537500059703,0.03829636112798364,-0.6993997034231956,0.0021643357280606594,defined,9,87,0.0016136135494037862
2026-01-13,cv_1,ols_all,all,-0.005425347006638326,-0.007171254149265566,0.0017459071426272404,0.0411669982429471,0.04438639656599077,9.398607127597585e-06,defined,9,87,0.0016136135494037862
2026-01-14,cv_1,ols_all,all,-0.008900823925519274,0.0061818138328071795,-0.015082637758326453,0.04063083573173085,-0.38334045763795993,0.0006915073562726656,defined,9,87,0.0016136135494037862
2026-01-15,cv_1,ols_all,all,-0.007457180285883602,-0.008669401125630957,0.001212220839747355,0.056185337213507124,0.03106265833640255,6.382208703119099e-06,defined,9,87,0.0016136135494037862
2026-01-16,cv_1,ols_all,all,0.025123735445639506,0.0034811031203700023,0.021642632325269504,0.08226663108290011,0.5624087308142903,0.0031504224124583946,defined,9,87,0.0016136135494037862
2026-01-20,cv_1,ols_all,all,0.052890260035156844,0.021742432262132738,0.031147827773024106,0.16853353236954938,0.8503654939362617,0.01628584634875221,defined,9,87,0.0016136135494037862
2026-01-21,cv_1,ols_all,all,0.036644136792751913,-0.00790135772142428,0.04454549451417619,0.09436972118567472,1.1652753281390598,0.015721585107714216,defined,9,87,0.0016136135494037862
2026-01-22,cv_1,ols_all,all,0.026719970703125373,0.00112022376843983,0.025599746934685544,0.07371980377005985,0.6621627055029207,0.003877293842193628,defined,9,87,0.0016136135494037862
2026-01-23,cv_1,ols_all,all,0.021211803499803672,-0.0004693088187239418,0.021681112318527613,0.0907014163824892,0.5660157759940758,0.003550766525760102,defined,9,87,0.0016136135494037862
2026-01-26,cv_1,ols_all,all,-0.008705430650460033,0.006500467313546668,-0.0152058979640067,0.07118853513690909,-0.39277923702488865,0.001313823494403541,defined,9,87,0.0016136135494037862
2026-01-27,cv_1,ols_all,all,-0.057144391124708926,-0.010887216278355578,-0.04625717484635335,0.06940226164754597,-1.1937086540698512,0.011807713470691601,defined,9,87,0.0016136135494037862
2026-01-28,cv_1,ols_all,all,-0.089630993125969,-0.019178913051251495,-0.07045208007471751,0.09042250433184049,-1.8389681210455442,0.03735448182262719,defined,9,87,0.0016136135494037862
2026-01-29,cv_1,ols_all,all,-0.1010930450935067,-0.024103213039193452,-0.07698983205431324,0.10084156969797411,-2.0212288850358973,0.05090868269341483,defined,9,87,0.0016136135494037862
2026-01-30,cv_1,ols_all,all,-0.009561930103170857,-0.02295104609375903,0.013389115990588174,0.07985530074522605,0.34747540806262645,0.0011642687984125906,defined,9,87,0.0016136135494037862
2026-02-02,cv_1,ols_all,all,0.020403713922292566,-0.013985485324346385,0.034389199246638955,0.09141251041891363,0.8981294164141158,0.009017252189074336,defined,9,87,0.0016136135494037862
2026-02-03,cv_1,ols_all,all,0.05059615642800486,0.0007099661592248159,0.049886190268780044,0.09752781909625466,1.3072650822379748,0.020520101374417482,defined,9,87,0.0016136135494037862
2026-02-04,cv_1,ols_all,all,0.08643463676352114,0.017478616348962445,0.0689560204145587,0.06486712733765286,1.7751528808526766,0.024287362517979885,defined,9,87,0.0016136135494037862
2026-02-05,cv_1,ols_all,all,0.05801120526555592,0.027837605814563106,0.030173599450992815,0.03735774897861007,0.7655876080715094,0.0025273364528693135,defined,9,87,0.0016136135494037862
2026-02-06,cv_1,ols_all,all,-0.007869298770593947,-0.009954779557777446,0.0020854807871834996,0.5440615728887988,0.07688707313026832,0.0007838013449736237,defined,9,87,0.0016136135494037862
2026-02-09,cv_1,ols_all,all,-0.03349359127686513,0.0005989786765851464,-0.03409256995345028,0.1292210323917994,-0.9095069224795351,0.01363938486520487,defined,9,87,0.0016136135494037862
2026-02-10,cv_1,ols_all,all,-0.023226818870281996,0.012584749672683804,-0.0358115685429658,0.07141393000710154,-0.92515072884507,0.007313802866229965,defined,9,87,0.0016136135494037862
2026-02-11,cv_1,ols_all,all,-0.02657620533209415,-0.00785787720620459,-0.01871832812588956,0.07929512390906795,-0.4856317453390845,0.002256823868705529,defined,9,87,0.0016136135494037862
2026-02-12,cv_1,ols_all,all,0.012481393482003389,-0.009851871721856763,0.022333265203860152,0.08686318242106775,0.5818144861793765,0.0035778854647340306,defined,9,87,0.0016136135494037862
2026-02-13,cv_1,ols_all,all,0.05392023687349545,-0.007605715113175087,0.06152595198667054,0.080408954620057,1.5972070167438692,0.024785038154133028,defined,9,87,0.0016136135494037862
2026-02-17,cv_1,ols_all,all,0.021721886641142163,-0.023521452464601793,0.045243339105743956,0.1085179899740794,1.1928850396739246,0.019246148477279026,defined,9,87,0.0016136135494037862
2026-02-18,cv_1,ols_all,all,0.0454399663794367,-0.01815723831009458,0.06359720468953128,0.06643699948626318,1.6385754577535665,0.021230330793253954,defined,9,87,0.0016136135494037862
2025-10-01,cv_2,ols_market,market,-0.002584417074841694,-0.003954357081580789,0.0013699400067390954,0.022192629270425614,0.033686763997290314,2.575574043243999e-06,defined,10,111,0.0016913411010642781
2025-10-02,cv_2,ols_market,market,0.01786566329718875,-0.00665450455510918,0.02452016785229793,0.023765439549992256,0.6034353502050801,0.000886447805547394,defined,10,111,0.0016913411010642781
2025-10-03,cv_2,ols_market,market,-0.012614535514235636,-0.0013595779763064544,-0.011254957537929182,0.01250733850345454,-0.2753983418356347,9.606245229219288e-05,defined,10,111,0.0016913411010642781
2025-10-06,cv_2,ols_market,market,0.011222744158451592,0.0005814737674202843,0.010641270391031308,0.020068070442482124,0.2613845555955097,0.00013991670010191806,defined,10,111,0.0016913411010642781
2025-10-07,cv_2,ols_market,market,-0.035053911605185006,-0.010648522409283804,-0.024405389195901205,0.013952731296915596,-0.5976146966701583,0.0005053636895318914,defined,10,111,0.0016913411010642781
2025-10-08,cv_2,ols_market,market,-0.06450603013100886,-0.019224078114772412,-0.04528195201623645,0.02806147164369236,-1.1168378905864196,0.003601238831445146,defined,10,111,0.0016913411010642781
2025-10-09,cv_2,ols_market,market,-0.060461977574129855,-0.02107146619149782,-0.03939051138263203,0.024027487256224857,-0.9695210090432947,0.002314116495689072,defined,10,111,0.0016913411010642781
2025-10-10,cv_2,ols_market,market,-0.02526998972789729,0.014268381916583318,-0.03953837164448061,0.16139891360947015,-1.0498456850152111,0.021212708380170482,defined,10,111,0.0016913411010642781
2025-10-13,cv_2,ols_market,market,-0.011527871589327776,-0.02175579740837709,0.010227925819049313,0.04184216795041347,0.25407003136709544,0.00028189281521055255,defined,10,111,0.0016913411010642781
2025-10-14,cv_2,ols_market,market,-0.019696966068929345,0.013344684784382029,-0.03304165085331137,0.09572672598885053,-0.8448824494579659,0.007556593974367525,defined,10,111,0.0016913411010642781
2025-10-15,cv_2,ols_market,market,-0.010700746276467554,-0.0038785687412035844,-0.00682217753526397,0.05924606766575905,-0.17102885744569843,0.00018421384895979026,defined,10,111,0.0016913411010642781
2025-10-16,cv_2,ols_market,market,0.010989072409892442,0.0002326792699004817,0.01075639313999196,0.02231230588410212,0.2645154180663615,0.00015967844282996273,defined,10,111,0.0016913411010642781
2025-10-17,cv_2,ols_market,market,0.01709162638873085,0.0006532566375417204,0.016438369751189133,0.02402380079797558,0.404597812251838,0.00040294850751619463,defined,10,111,0.0016913411010642781
2025-10-20,cv_2,ols_market,market,0.047595670039839666,0.009080875413842652,0.038514794625997016,0.02093974245539082,0.9464709181572042,0.0019159159909173922,defined,10,111,0.0016913411010642781
2025-10-21,cv_2,ols_market,market,0.10980456805050132,0.010493027995771086,0.09931154005473022,0.026177840740756648,2.4470581458893896,0.016096918550178484,defined,10,111,0.0016913411010642781
2025-10-22,cv_2,ols_market,market,0.14754459254711083,0.008032812020012964,0.13951178052709787,0.025166852856036988,3.435817885159791,0.03047606520116537,defined,10,111,0.0016913411010642781
2025-10-23,cv_2,ols_market,market,0.10362273406894884,0.0028967825295016254,0.10072595153944722,0.020813054951014928,2.4751012534059162,0.013021354317094627,defined,10,111,0.0016913411010642781
2025-10-24,cv_2,ols_market,market,0.06579293456807522,-0.0024034356513967198,0.06819637021947195,0.021649344359694924,1.6764800441546566,0.006219378450210651,defined,10,111,0.0016913411010642781
2025-10-27,cv_2,ols_market,market,0.07163947999185871,-0.00958238689815706,0.08122186689001577,0.036118992962509304,2.011618656743477,0.015163641914861366,defined,10,111,0.0016913411010642781
2025-10-28,cv_2,ols_market,market,-0.04466772515133133,-0.027086404109568092,-0.017581321041763236,0.1350566266213656,-0.45966566507580703,0.0032992281752456313,defined,10,111,0.0016913411010642781
2025-10-29,cv_2,ols_market,market,-0.04845229090103109,-0.04342972411919399,-0.005022566781837101,0.0742507527585875,-0.12692975297174655,0.00012922137651728277,defined,10,111,0.0016913411010642781
2025-10-30,cv_2,ols_market,market,-0.08898036032324541,-0.04149901471740732,-0.04748134560583809,0.06837017346331463,-1.1961502207246888,0.010500131717238827,defined,10,111,0.0016913411010642781
2025-10-31,cv_2,ols_market,market,-0.09578050633982571,-0.060436077788795575,-0.035344428551030135,0.10064583240702038,-0.9062332389639313,0.009190624427061317,defined,10,111,0.0016913411010642781
2025-11-03,cv_2,ols_market,market,-0.019458113045528025,-0.07742740274683514,0.05796928970130712,0.14508000826609788,1.524472663766919,0.03943859012490259,defined,10,111,0.0016913411010642781
2025-11-04,cv_2,ols_market,market,-0.028223577450155912,-0.05093788704884136,0.02271430959868545,0.15182826880390013,0.5997110385742848,0.006438029047990288,defined,10,111,0.0016913411010642781
2025-11-05,cv_2,ols_market,market,-0.013338739138638922,-0.05572528186834416,0.04238654272970524,0.09050781954868661,1.0807193029399729,0.011622858481914158,defined,10,111,0.0016913411010642781
2025-11-06,cv_2,ols_market,market,0.010600361160447047,-0.0360265866872099,0.04662694784765695,0.10615397540655334,1.1991956102465329,0.017078652817501507,defined,10,111,0.0016913411010642781
2025-11-07,cv_2,ols_market,market,-0.025319063225630378,-0.04114358251916081,0.01582451929353043,0.10979811513374232,0.40782201872214396,0.00205138755005748,defined,10,111,0.0016913411010642781
2025-11-10,cv_2,ols_market,market,-0.04386143368501916,-0.04671298888801097,0.0028515552029918095,0.24146641065077423,0.07961204386541515,0.00020176203832041826,defined,10,111,0.0016913411010642781
2025-11-11,cv_2,ols_market,market,-0.07337012324130587,-0.0161920302461836,-0.057178092995122276,0.08729742709200657,-1.4552896072271624,0.020256808616491817,defined,10,111,0.0016913411010642781
2025-11-12,cv_2,ols_market,market,-0.023711063632224416,-0.02992045751472755,0.006209393882503134,0.07087167750405979,0.15663750566060897,0.00018714943960534806,defined,10,111,0.0016913411010642781
2025-11-13,cv_2,ols_market,market,-0.012140441940792002,-0.011872286368903594,-0.00026815557188840725,0.07314863237025535,-0.006772767646231234,3.6201658613063303e-07,defined,10,111,0.0016913411010642781
2025-11-14,cv_2,ols_market,market,-0.03812440872910705,-0.03836863079998916,0.000244222070882108,0.15643737100493182,0.006465626935274141,7.752547964648851e-07,defined,10,111,0.0016913411010642781
2025-11-17,cv_2,ols_market,market,-0.004526130488354485,-0.014489232471430533,0.009963101983076048,0.08800274765524659,0.2536776521304526,0.0006209649983343861,defined,10,111,0.0016913411010642781
2025-11-18,cv_2,ols_market,market,-0.03771841666297149,-0.0017771570013223876,-0.0359412596616491,0.09282484056641797,-0.9175550247830592,0.008614643267164495,defined,10,111,0.0016913411010642781
2025-11-19,cv_2,ols_market,market,-0.08007146050403113,-0.018255898665583283,-0.06181556183844785,0.11573680033436447,-1.5984219832709903,0.03344050350908695,defined,10,111,0.0016913411010642781
2025-11-20,cv_2,ols_market,market,-0.023394423773199557,0.007102743289599445,-0.030497167062799,0.3917537808672237,-0.9508328737096312,0.05822937858879938,defined,10,111,0.0016913411010642781
2025-11-21,cv_2,ols_market,market,0.0023956357603300837,0.003556665893218503,-0.0011610301328884194,0.1545970227724785,-0.030704073961842226,1.7239686348195077e-05,defined,10,111,0.0016913411010642781
2025-11-24,cv_2,ols_market,market,0.03744784697627179,-0.003007292760373916,0.04045513973664571,0.0973865767564558,1.0353977343335845,0.011566760226761777,defined,10,111,0.0016913411010642781
2025-11-25,cv_2,ols_market,market,-0.011231671475415594,0.019384537774129948,-0.030616209249545542,0.15165674053913294,-0.8082579952863336,0.011678582228509824,defined,10,111,0.0016913411010642781
2025-11-26,cv_2,ols_market,market,0.024412102732116914,0.008442328069918563,0.01596977466219835,0.08697912947670117,0.40638983296896264,0.0015733307115090409,defined,10,111,0.0016913411010642781
2025-11-28,cv_2,ols_market,market,0.04377437282978458,0.02226873919530014,0.02150563363448444,0.08020959420894311,0.5452456431920889,0.002592518427578305,defined,10,111,0.0016913411010642781
2025-12-01,cv_2,ols_market,market,0.02085172017750736,0.0050433562763329415,0.01580836390117442,0.06820673462346563,0.39820942935489073,0.0011607288269563027,defined,10,111,0.0016913411010642781
2025-12-02,cv_2,ols_market,market,0.02148221421644214,0.008091198148994679,0.013391016067447463,0.044117087554273904,0.3330393733458054,0.0005119096275662238,defined,10,111,0.0016913411010642781
2025-12-03,cv_2,ols_market,market,0.011892983813349689,0.015116001407492695,-0.0032230175941430055,0.03713783194643587,-0.07986656632513439,2.4602681832996126e-05,defined,10,111,0.0016913411010642781
2025-12-04,cv_2,ols_market,market,-0.016096616040523037,0.0006891000590597274,-0.016785716099582765,0.03822580925984073,-0.4161862356415951,0.0006884287446659998,defined,10,111,0.0016913411010642781
2025-12-05,cv_2,ols_market,market,-0.04172139259008001,0.006958667102444702,-0.04868005969252471,0.026015355555923346,-1.199387299591974,0.00384234668325674,defined,10,111,0.0016913411010642781
2025-12-08,cv_2,ols_market,market,-0.04995691094215349,-0.0057961355004302,-0.04416077544172329,0.031093040826079964,-1.0908877170519622,0.003818925845341829,defined,10,111,0.0016913411010642781
2025-12-09,cv_2,ols_market,market,-0.03919554496488009,0.004638730822990902,-0.043834275787871,0.026712264819608787,-1.0803826694682488,0.0032034996354602524,defined,10,111,0.0016913411010642781
2025-12-10,cv_2,ols_market,market,-0.051808278240144,0.0036913015865331737,-0.05549957982667718,0.026303709836555087,-1.3676102155985637,0.005052637745051502,defined,10,111,0.0016913411010642781
2025-12-11,cv_2,ols_market,market,-0.03848490529078363,0.008119927962701777,-0.04660483325348541,0.04700018083831781,-1.1608308678467953,0.006645759284248721,defined,10,111,0.0016913411010642781
2025-12-12,cv_2,ols_market,market,0.01714062610942224,0.022686116554088073,-0.005545490444665832,0.07408362546157195,-0.14013237340924437,0.00015711853400353148,defined,10,111,0.0016913411010642781
2025-12-15,cv_2,ols_market,market,0.042153683003105735,0.011089658966730179,0.031064024036375558,0.03929533960202612,0.7706322211409945,0.002429100458125983,defined,10,111,0.0016913411010642781
2025-12-16,cv_2,ols_market,market,0.07444633819402147,0.015459358479311758,0.05898697971470971,0.03881342361817168,1.4629743435740445,0.008642664911477074,defined,10,111,0.0016913411010642781
2025-12-17,cv_2,ols_market,market,0.08067382071582818,0.04550297527017129,0.03517084544565689,0.10066718538098414,0.9017932633790041,0.009102935370681768,defined,10,111,0.0016913411010642781
2025-12-18,cv_2,ols_market,market,0.07845135424237437,0.02527859033592622,0.05317276390644815,0.0642438401740891,1.3365717782080224,0.01226459952565987,defined,10,111,0.0016913411010642781
2025-12-19,cv_2,ols_market,market,0.023379747143146057,0.015721047113156215,0.007658700029989841,0.0833207967536787,0.19450499963399462,0.0003438726011670337,defined,10,111,0.0016913411010642781
2025-12-22,cv_2,ols_market,market,0.024976728616388,0.015583003704926225,0.009393724911461775,0.05679268304334109,0.23518989384504163,0.00033306004582092034,defined,10,111,0.0016913411010642781
2025-12-23,cv_2,ols_market,market,-0.0076620326843679365,0.0023413609042783473,-0.010003393588646284,0.08215683258025629,-0.2538911224809865,0.0005769925948505038,defined,10,111,0.0016913411010642781
2025-12-24,cv_2,ols_market,market,-0.005633909413151339,-0.008642522633446474,0.003008613220295135,0.0918116650057868,0.07676491943402158,5.957273524334086e-05,defined,10,111,0.0016913411010642781
2025-12-26,cv_2,ols_market,market,0.0021841584819997095,-0.00936849920941864,0.011552657691418349,0.09420316983219021,0.2951555171570141,0.000906017385254673,defined,10,111,0.0016913411010642781
2025-12-29,cv_2,ols_market,market,-0.005312367035796295,-0.0043723111203981795,-0.0009400559153981154,0.11250827058503607,-0.0242636385618632,7.463318752975076e-06,defined,10,111,0.0016913411010642781
2025-12-30,cv_2,ols_market,market,-0.002426579606975565,-0.009865765245815053,0.0074391856388394875,0.10191029949398443,0.1908753898263604,0.00041342642892084925,defined,10,111,0.0016913411010642781
2025-12-31,cv_2,ols_market,market,-0.02528446662638184,-0.007489109384040269,-0.01779535724234157,0.09108451169865533,-0.45386778435913244,0.0020643329536431123,defined,10,111,0.0016913411010642781
2026-01-02,cv_2,ols_market,market,-0.03598244729944666,-0.01375665995412939,-0.02222578734531727,0.09352669565880707,-0.5676283056087237,0.003324364686051289,defined,10,111,0.0016913411010642781
2026-01-05,cv_2,ols_market,market,-0.02928827265337841,-0.0070547744490714725,-0.022233498204306937,0.10373862026794092,-0.5710509480423686,0.003774465832667533,defined,10,111,0.0016913411010642781
2026-01-06,cv_2,ols_market,market,-0.014636525738049189,-0.005395677288940377,-0.009240848449108812,0.07563005462247806,-0.2337078704801255,0.00044688448177327534,defined,10,111,0.0016913411010642781
2026-01-07,cv_2,ols_market,market,-0.03156893449016451,-0.019979224582465344,-0.01158970990769917,0.04319013265088699,-0.28810058594100363,0.0003746684947869902,defined,10,111,0.0016913411010642781
2026-01-08,cv_2,ols_market,market,0.01064405230826293,-0.0071169615348146064,0.017761013843077537,0.04590491896978851,0.442136453175953,0.0009405463758899553,defined,10,111,0.0016913411010642781
2026-01-09,cv_2,ols_market,market,0.016428307427037492,-0.02081405770179911,0.0372423651288366,0.06750542864841862,0.9377746662663307,0.006366333414657312,defined,10,111,0.0016913411010642781
2026-01-12,cv_2,ols_market,market,-0.03745941986908785,-0.019627115279334507,-0.017832304589753344,0.07827592884070858,-0.4516389692453112,0.0017322481870911948,defined,10,111,0.0016913411010642781
2026-01-13,cv_2,ols_market,market,-0.005425347006638326,-0.017729280989683904,0.012303933983045579,0.06905508908438555,0.3100747482722064,0.000713188788415071,defined,10,111,0.0016913411010642781
2026-01-14,cv_2,ols_market,market,-0.008900823925519274,-0.004970390626386354,-0.00393043329913292,0.06132044929918377,-0.0986429724997401,6.356532518447722e-05,defined,10,111,0.0016913411010642781
2026-01-15,cv_2,ols_market,market,-0.007457180285883602,-0.018258336384935864,0.010801156099052262,0.0755362767716976,0.27315534581897727,0.0006096563608089163,defined,10,111,0.0016913411010642781
2026-01-16,cv_2,ols_market,market,0.025123735445639506,-0.007358546466914579,0.03248228191255408,0.07775746301307206,0.8224478225691844,0.005703134885458243,defined,10,111,0.0016913411010642781
2026-01-20,cv_2,ols_market,market,0.052890260035156844,0.022062846908515982,0.030827413126640862,0.15044761182820693,0.8132543569514058,0.011712454870017234,defined,10,111,0.0016913411010642781
2026-01-21,cv_2,ols_market,market,0.036644136792751913,-0.004649599725910095,0.04129373651866201,0.10222038811661308,1.0597018968460554,0.01278601502480991,defined,10,111,0.0016913411010642781
2026-01-22,cv_2,ols_market,market,0.026719970703125373,-0.0005607805113524607,0.027280751214477834,0.07510649827428313,0.689755003656681,0.0038634518614072116,defined,10,111,0.0016913411010642781
2026-01-23,cv_2,ols_market,market,0.021211803499803672,-0.002625814119316076,0.023837617619119747,0.08129630171610185,0.6047272168437751,0.0032360435321787755,defined,10,111,0.0016913411010642781
2026-01-26,cv_2,ols_market,market,-0.008705430650460033,-0.0016464074032229744,-0.007059023247237058,0.06754285749735905,-0.17775203063837747,0.00022886516341685573,defined,10,111,0.0016913411010642781
2026-01-27,cv_2,ols_market,market,-0.057144391124708926,-0.01530049955947473,-0.041843891565234194,0.0682765229317818,-1.05407848086556,0.008141984134286418,defined,10,111,0.0016913411010642781
2026-01-28,cv_2,ols_market,market,-0.089630993125969,-0.020290512078830293,-0.06934048104713872,0.07873351499305542,-1.7566231941304096,0.02637130332427227,defined,10,111,0.0016913411010642781
2026-01-29,cv_2,ols_market,market,-0.1010930450935067,-0.021440186961918066,-0.07965285813158862,0.09716737161963024,-2.038365872508715,0.044717497165213,defined,10,111,0.0016913411010642781
2026-01-30,cv_2,ols_market,market,-0.009561930103170857,-0.017339237542475766,0.007777307439304909,0.09556781164472342,0.19885002987441647,0.00041781781375801796,defined,10,111,0.0016913411010642781
2026-02-02,cv_2,ols_market,market,0.020403713922292566,-0.00769453593588176,0.028098249858174325,0.11585432302355024,0.7266106428604745,0.00691818108580527,defined,10,111,0.0016913411010642781
2026-02-03,cv_2,ols_market,market,0.05059615642800486,-0.00024790414716776427,0.05084406057517262,0.12500207680067135,1.3216641652679402,0.024954704768697253,defined,10,111,0.0016913411010642781
2026-02-04,cv_2,ols_market,market,0.08643463676352114,0.015189804475109604,0.07124483228841154,0.09820336016928602,1.8242462439300329,0.03623970524957291,defined,10,111,0.0016913411010642781
2026-02-05,cv_2,ols_market,market,0.05801120526555592,0.021366590201581756,0.036644615063974165,0.10272893343693035,0.9406601169422231,0.010130586216642595,defined,10,111,0.0016913411010642781
2026-02-06,cv_2,ols_market,market,-0.007869298770593947,0.013152195654505905,-0.021021494425099853,0.5062542478047785,-0.7274385282294284,0.054257266084771195,defined,10,111,0.0016913411010642781
2026-02-09,cv_2,ols_market,market,-0.03349359127686513,0.009500761721858321,-0.04299435299872345,0.1147190765779114,-1.1111054134600657,0.01599797683984172,defined,10,111,0.0016913411010642781
2026-02-10,cv_2,ols_market,market,-0.023226818870281996,0.016529394496953356,-0.03975621336723535,0.08904207901877637,-1.0128386207086861,0.010027149300345421,defined,10,111,0.0016913411010642781
2026-02-11,cv_2,ols_market,market,-0.02657620533209415,-0.005452722704072847,-0.0211234826280213,0.07203802558198166,-0.533193480308563,0.0022069946564933504,defined,10,111,0.0016913411010642781
2026-02-12,cv_2,ols_market,market,0.012481393482003389,-0.006105875318777437,0.018587268800780828,0.08392151066461981,0.47220832071276353,0.0020427154720559786,defined,10,111,0.0016913411010642781
2026-02-13,cv_2,ols_market,market,0.05392023687349545,-0.0003521308292235596,0.05427236770271901,0.07766501333783121,1.3741015383843713,0.015899167690099657,defined,10,111,0.0016913411010642781
2026-02-17,cv_2,ols_market,market,0.021721886641142163,-0.014942005533690387,0.03666389217483255,0.08872044816624582,0.9338930706646555,0.00849114794271059,defined,10,111,0.0016913411010642781
2026-02-18,cv_2,ols_market,market,0.0454399663794367,-0.013226725301361925,0.058666691680798626,0.07608752518158346,1.48409117078666,0.01813860110694475,defined,10,111,0.0016913411010642781
2026-02-19,cv_2,ols_market,market,-0.009004705304271221,-0.010156250147514052,0.0011515448432428306,0.07180590356661419,0.029063362082762827,6.534510418527525e-06,defined,10,111,0.0016913411010642781
2026-02-20,cv_2,ols_market,market,-0.07424238196560962,-0.018143017770625547,-0.05609936419498407,0.0628200009957672,-1.4090643659311637,0.013308729303025265,defined,10,111,0.0016913411010642781
2026-02-23,cv_2,ols_market,market,-0.047052115030341346,-0.02616217837030365,-0.020889936660037696,0.06237300822265052,-0.5245736495715965,0.001830541300859061,defined,10,111,0.0016913411010642781
2026-02-24,cv_2,ols_market,market,-0.07405499677285832,-0.0365434123528935,-0.037511584419964814,0.10068899359070993,-0.9618223234816646,0.010357663478488287,defined,10,111,0.0016913411010642781
2026-02-25,cv_2,ols_market,market,-0.05780620136589987,-0.04608613907715066,-0.011720062288749208,0.1192599615071722,-0.303662000326944,0.0012486129131532863,defined,10,111,0.0016913411010642781
2026-02-26,cv_2,ols_market,market,0.011531014278017393,-0.003998369621758086,0.015529383899775479,0.1927351869311338,0.4202721515881327,0.004217025364664877,defined,10,111,0.0016913411010642781
2026-02-27,cv_2,ols_market,market,0.016056299100523974,-0.0017444887246167206,0.017800787825140694,0.11270421346441237,0.45950412318754735,0.002681949269884324,defined,10,111,0.0016913411010642781
2026-03-02,cv_2,ols_market,market,0.023306562133977193,-0.025991118189827515,0.04929768032380471,0.15655422507268288,1.3052157307656351,0.03162075421652249,defined,10,111,0.0016913411010642781
2026-03-03,cv_2,ols_market,market,0.023996906298317855,-0.001403454727920959,0.025400361026238813,0.09156826725822602,0.6480046763147298,0.004232617076309262,defined,10,111,0.0016913411010642781
2026-03-04,cv_2,ols_market,market,0.02682563702307661,-0.0028065689935000276,0.029632206016576637,0.06275112205657929,0.7442535562050543,0.0037085864197157776,defined,10,111,0.0016913411010642781
2026-03-05,cv_2,ols_market,market,0.01834966147106476,0.004687426506852712,0.013662234964212048,0.05201862720695308,0.34119781931752,0.0006388098096645261,defined,10,111,0.0016913411010642781
2026-03-06,cv_2,ols_market,market,0.019340599069906705,0.0224961230243061,-0.003155523954399393,0.06953069721638172,-0.07954352904475041,4.7280737760935617e-05,defined,10,111,0.0016913411010642781
2026-03-09,cv_2,ols_market,market,0.0044956543402303595,0.01088944533406124,-0.00639379099383088,0.1049275933002269,-0.16432882492626022,0.0003165621903483791,defined,10,111,0.0016913411010642781
2026-03-10,cv_2,ols_market,market,-0.021408266945987964,0.012551901158889265,-0.03396016810487723,0.08303859984093113,-0.8623403402660696,0.006734205562595839,defined,10,111,0.0016913411010642781
2026-03-11,cv_2,ols_market,market,-0.01983161692340185,0.01045406596521802,-0.030285682888619873,0.06857917391668557,-0.7630426215284299,0.004286905395156747,defined,10,111,0.0016913411010642781
2026-03-12,cv_2,ols_market,market,-0.03439325477680888,0.014654535484149892,-0.04904779026095877,0.04361452043037831,-1.219515593177465,0.0067822351479071554,defined,10,111,0.0016913411010642781
2026-03-13,cv_2,ols_market,market,-0.056129443099653176,0.012510791332211666,-0.06864023443186484,0.03770631386953375,-1.7014114008773287,0.011342926534002805,defined,10,111,0.0016913411010642781
2026-03-16,cv_2,ols_market,market,-0.05090240080632602,-0.0004087193444142446,-0.05049368146191178,0.04144777344851214,-1.2540462229100022,0.006800056388546006,defined,10,111,0.0016913411010642781
2026-03-17,cv_2,ols_market,market,-0.03989477723446799,0.003446044732339785,-0.043340821966807774,0.024229368832326455,-1.0668605860333333,0.0028262443055261633,defined,10,111,0.0016913411010642781
2026-03-18,cv_2,ols_market,market,0.0037638233224011053,0.006222893505671952,-0.002459070183270847,0.027053729581049027,-0.0606192967466501,1.0217862979210425e-05,defined,10,111,0.0016913411010642781
2026-03-19,cv_2,ols_market,market,-0.03797749722941535,0.004703628765259494,-0.04268112599467484,0.05277112203639814,-1.0663328830947294,0.006334713860430093,defined,10,111,0.0016913411010642781
2026-03-20,cv_2,ols_market,market,-0.054947481305486434,0.02502496928848559,-0.07997245059397202,0.0666993193750183,-2.0128620490677407,0.02895528493729171,defined,10,111,0.0016913411010642781
2026-03-23,cv_2,ols_market,market,-0.055253695366566546,0.00809962961231112,-0.06335332497887766,0.07495462012167017,-1.6016672386040545,0.020786432233504924,defined,10,111,0.0016913411010642781
2026-03-24,cv_2,ols_market,market,-0.015245692343189843,0.020733880253074016,-0.03597957259626386,0.05813216887078599,-0.9014578326427531,0.005015536503426137,defined,10,111,0.0016913411010642781
2026-03-25,cv_2,ols_market,market,-0.0018175004879137369,0.016546660439969295,-0.01836416092788303,0.0582439721902182,-0.460136075652737,0.0013094386199173232,defined,10,111,0.0016913411010642781
2025-10-01,cv_2,ols_all,all,-0.002584417074841694,0.012383602354689537,-0.01496801942953123,0.05446711993627773,-0.3861273273032413,0.0007157108611484799,defined,12,109,0.0015892453996022495
2025-10-02,cv_2,ols_all,all,0.01786566329718875,0.006541426277868504,0.011324237019320246,0.04783900118854653,0.29111077132298296,0.00035481912372374813,defined,12,109,0.0015892453996022495
2025-10-03,cv_2,ols_all,all,-0.012614535514235636,0.014553622796447748,-0.027168158310683387,0.04548110372103438,-0.6975453574069108,0.0019320133550519041,defined,12,109,0.0015892453996022495
2025-10-06,cv_2,ols_all,all,0.011222744158451592,0.01719640375634196,-0.005973659597890368,0.05161063985696717,-0.15386918491029072,0.00010736794248605806,defined,12,109,0.0015892453996022495
2025-10-07,cv_2,ols_all,all,-0.035053911605185006,0.0034396794172402954,-0.038493591022425305,0.04175652377800984,-0.9864044224748194,0.0035332733745194462,defined,12,109,0.0015892453996022495
2025-10-08,cv_2,ols_all,all,-0.06450603013100886,-0.00854660190017912,-0.05595942823082974,0.0448778332390441,-1.4363104648574496,0.00807771189785224,defined,12,109,0.0015892453996022495
2025-10-09,cv_2,ols_all,all,-0.060461977574129855,-0.010733247865566346,-0.04972872970856351,0.04230389027450933,-1.2746707568732216,0.005980911589042492,defined,12,109,0.0015892453996022495
2025-10-10,cv_2,ols_all,all,-0.02526998972789729,0.0325689352874216,-0.05783892501531889,0.2062559581780079,-1.6284877349689608,0.057426687066289735,defined,12,109,0.0015892453996022495
2025-10-13,cv_2,ols_all,all,-0.011527871589327776,-0.01289721072548125,0.0013693391361534746,0.05740634341823991,0.03537962967553977,6.3527342985536e-06,defined,12,109,0.0015892453996022495
2025-10-14,cv_2,ols_all,all,-0.019696966068929345,0.02985502647416069,-0.049551992543090034,0.12087275491735056,-1.3256832573869726,0.020136082314912183,defined,12,109,0.0015892453996022495
2025-10-15,cv_2,ols_all,all,-0.010700746276467554,0.011215235843836812,-0.021915982120304364,0.09893367473220381,-0.5791446865897306,0.0030688826892173665,defined,12,109,0.0015892453996022495
2025-10-16,cv_2,ols_all,all,0.010989072409892442,0.015087500715766476,-0.004098428305874034,0.05283250957919696,-0.1056351538536235,5.186927161931479e-05,defined,12,109,0.0015892453996022495
2025-10-17,cv_2,ols_all,all,0.01709162638873085,0.017946381614925913,-0.0008547552261950614,0.06112410322156517,-0.022128001310515392,2.6564854501068115e-06,defined,12,109,0.0015892453996022495
2025-10-20,cv_2,ols_all,all,0.047595670039839666,0.026705639005739745,0.02089003103409992,0.05822783812804287,0.5399713024888869,0.001502259398103817,defined,12,109,0.0015892453996022495
2025-10-21,cv_2,ols_all,all,0.10980456805050132,0.02783170532142372,0.0819728627290776,0.061222240999222154,2.1222337883056426,0.02447663062430168,defined,12,109,0.0015892453996022495
2025-10-22,cv_2,ols_all,all,0.14754459254711083,0.02711084009375446,0.12043375245335637,0.07394354855387342,3.1393085723259775,0.06557670524899853,defined,12,109,0.0015892453996022495
2025-10-23,cv_2,ols_all,all,0.10362273406894884,0.01921193074872033,0.08441080332022852,0.05418387435287896,2.177204357205954,0.022629787968829307,defined,12,109,0.0015892453996022495
2025-10-24,cv_2,ols_all,all,0.06579293456807522,0.012091904810014308,0.05370102975806092,0.050991290628040274,1.3827766368688448,0.00856147566566028,defined,12,109,0.0015892453996022495
2025-10-27,cv_2,ols_all,all,0.07163947999185871,0.0019463476303172092,0.06969313236154151,0.056934209947264426,1.8002113991320294,0.01630410922837296,defined,12,109,0.0015892453996022495
2025-10-28,cv_2,ols_all,all,-0.04466772515133133,-0.017375716322542298,-0.02729200882878903,0.15731986857669852,-0.7457764144548736,0.008652803943162857,defined,12,109,0.0015892453996022495
2025-10-29,cv_2,ols_all,all,-0.04845229090103109,-0.03995947707361064,-0.008492813827420453,0.08292906415751698,-0.2224613956640165,0.0003729339350140551,defined,12,109,0.0015892453996022495
2025-10-30,cv_2,ols_all,all,-0.08898036032324541,-0.036035393882577926,-0.052944966440667485,0.07198236957935998,-1.3786406583282795,0.012285443268209165,defined,12,109,0.0015892453996022495
2025-10-31,cv_2,ols_all,all,-0.09578050633982571,-0.06094723830648193,-0.03483326803334378,0.10294162399265276,-0.9225467585994144,0.008138902356265753,defined,12,109,0.0015892453996022495
2025-11-03,cv_2,ols_all,all,-0.019458113045528025,-0.08463761035876922,0.0651794973132412,0.14940540150052412,1.7727774344727054,0.046001380217458435,defined,12,109,0.0015892453996022495
2025-11-04,cv_2,ols_all,all,-0.028223577450155912,-0.0504634704619252,0.02223989301176929,0.15233345971288412,0.6059331205396581,0.005498426228853998,defined,12,109,0.0015892453996022495
2025-11-05,cv_2,ols_all,all,-0.013338739138638922,-0.054400611935196075,0.04106187279655715,0.09171687208997295,1.0807684255366445,0.00982906119411305,defined,12,109,0.0015892453996022495
2025-11-06,cv_2,ols_all,all,0.010600361160447047,-0.02972116982062529,0.040321530981072336,0.11080218073167357,1.0726112252025009,0.011946848278853046,defined,12,109,0.0015892453996022495
2025-11-07,cv_2,ols_all,all,-0.025319063225630378,-0.0358150818321016,0.010496018606471223,0.11956020360498187,0.28059458013359745,0.0008909724830121803,defined,12,109,0.0015892453996022495
2025-11-10,cv_2,ols_all,all,-0.04386143368501916,-0.05045799941081634,0.006596565725797185,0.24244492980465304,0.1901145289698996,0.000963936147867156,defined,12,109,0.0015892453996022495
2025-11-11,cv_2,ols_all,all,-0.07337012324130587,-0.011082160109267263,-0.06228796313203861,0.08939165482875337,-1.6373549414665145,0.02193157264126884,defined,12,109,0.0015892453996022495
2025-11-12,cv_2,ols_all,all,-0.023711063632224416,-0.029128132607103126,0.00541706897487871,0.07300663890479833,0.14113364955740673,0.00013072710057054218,defined,12,109,0.0015892453996022495
2025-11-13,cv_2,ols_all,all,-0.012140441940792002,-0.005129743263792079,-0.007010698676999922,0.07703184491734234,-0.18305114989800997,0.00023304900827763887,defined,12,109,0.0015892453996022495
2025-11-14,cv_2,ols_all,all,-0.03812440872910705,-0.032244611004239976,-0.005879797724867075,0.1636737022215382,-0.16127944780691608,0.0004242090823129859,defined,12,109,0.0015892453996022495
2025-11-17,cv_2,ols_all,all,-0.004526130488354485,-0.007242781047718062,0.0027166505593635773,0.09202671602651535,0.07151576070133721,4.319794959577923e-05,defined,12,109,0.0015892453996022495
2025-11-18,cv_2,ols_all,all,-0.03771841666297149,0.007998267645254837,-0.04571668430822633,0.09980100395824666,-1.2086762297658529,0.013496933318478626,defined,12,109,0.0015892453996022495
2025-11-19,cv_2,ols_all,all,-0.08007146050403113,-0.013257045206100371,-0.06681441529793077,0.11823586675989922,-1.78483665325375,0.03559692765591305,defined,12,109,0.0015892453996022495
2025-11-20,cv_2,ols_all,all,-0.023394423773199557,0.005382470895224634,-0.028776894668424192,0.4010846846359716,-0.932751027697761,0.04855353852522704,defined,12,109,0.0015892453996022495
2025-11-21,cv_2,ols_all,all,0.0023956357603300837,0.004628657198512192,-0.0022330214381821086,0.1666528860080431,-0.06135987174955436,6.274433829742673e-05,defined,12,109,0.0015892453996022495
2025-11-24,cv_2,ols_all,all,0.03744784697627179,-0.00530928253027956,0.042757129506551354,0.11934365634073364,1.1429041925139178,0.014751333341764029,defined,12,109,0.0015892453996022495
2025-11-25,cv_2,ols_all,all,-0.011231671475415594,0.023829864696124185,-0.03506153617153978,0.16710591268047525,-0.9636971379027266,0.015527514017085096,defined,12,109,0.0015892453996022495
2025-11-26,cv_2,ols_all,all,0.024412102732116914,0.006214624289704637,0.018197478442412277,0.10085894254764384,0.4813952685488883,0.00216625196688616,defined,12,109,0.0015892453996022495
2025-11-28,cv_2,ols_all,all,0.04377437282978458,0.025685146146806226,0.018089226682978354,0.0997501545793664,0.47823680017738773,0.0021118120305799247,defined,12,109,0.0015892453996022495
2025-12-01,cv_2,ols_all,all,0.02085172017750736,0.011471469563091306,0.009380250614416054,0.08140312876886034,0.2455028167269234,0.00044509001151310295,defined,12,109,0.0015892453996022495
2025-12-02,cv_2,ols_all,all,0.02148221421644214,0.014452413396423827,0.007029800820018315,0.05610735229793844,0.18150401523520496,0.00016318806750355972,defined,12,109,0.0015892453996022495
2025-12-03,cv_2,ols_all,all,0.011892983813349689,0.022313404959667077,-0.010420421146317388,0.05243736180940319,-0.2685256805004573,0.0003325242410365826,defined,12,109,0.0015892453996022495
2025-12-04,cv_2,ols_all,all,-0.016096616040523037,0.006489729189940851,-0.02258634523046389,0.05135719904504195,-0.5817000791455083,0.0015265661013241804,defined,12,109,0.0015892453996022495
2025-12-05,cv_2,ols_all,all,-0.04172139259008001,0.013068721953841947,-0.05479011454392196,0.038426912428534056,-1.4015725299651285,0.00654188791255534,defined,12,109,0.0015892453996022495
2025-12-08,cv_2,ols_all,all,-0.04995691094215349,-0.00031953058806184764,-0.04963738035409164,0.04188006085817152,-1.2720478043022034,0.005894039542319468,defined,12,109,0.0015892453996022495
2025-12-09,cv_2,ols_all,all,-0.03919554496488009,0.005744237469168256,-0.04493978243404835,0.03277757860633979,-1.1462314130684992,0.003710341455987327,defined,12,109,0.0015892453996022495
2025-12-10,cv_2,ols_all,all,-0.051808278240144,0.0045782388742291215,-0.05638651711437312,0.03016559904228383,-1.4362531558634701,0.005346814475469318,defined,12,109,0.0015892453996022495
2025-12-11,cv_2,ols_all,all,-0.03848490529078363,0.013189058259116515,-0.05167396354990015,0.051839215293435346,-1.3311754464136318,0.00807357307462577,defined,12,109,0.0015892453996022495
2025-12-12,cv_2,ols_all,all,0.01714062610942224,0.029964944212860938,-0.012824318103438696,0.07835002988973801,-0.33508562241987366,0.0007954327991386435,defined,12,109,0.0015892453996022495
2025-12-15,cv_2,ols_all,all,0.042153683003105735,0.015456357480449162,0.02669732552265657,0.04163237618219881,0.6840789212868531,0.00169406565022855,defined,12,109,0.0015892453996022495
2025-12-16,cv_2,ols_all,all,0.07444633819402147,0.022832596750046473,0.05161374144397499,0.043148673405167065,1.323572175664806,0.006583199194478599,defined,12,109,0.0015892453996022495
2025-12-17,cv_2,ols_all,all,0.08067382071582818,0.05977873014019964,0.020895090575628543,0.1155909121924046,0.5573425217879436,0.0033832462180332476,defined,12,109,0.0015892453996022495
2025-12-18,cv_2,ols_all,all,0.07845135424237437,0.03556911356529022,0.042882240677084155,0.07154147105033797,1.1163509170267183,0.00800231378380043,defined,12,109,0.0015892453996022495
2025-12-19,cv_2,ols_all,all,0.023379747143146057,0.02496293490840453,-0.0015831877652584744,0.0900176739083216,-0.04163134718553021,1.4287443059901242e-05,defined,12,109,0.0015892453996022495
2025-12-22,cv_2,ols_all,all,0.024976728616388,0.024155678708483473,0.0008210499079045266,0.06406459841317787,0.021288797839791505,2.585194737396697e-06,defined,12,109,0.0015892453996022495
2025-12-23,cv_2,ols_all,all,-0.0076620326843679365,0.01174743051825925,-0.019409463202627188,0.08953507727497863,-0.5102540186139299,0.002133642314896936,defined,12,109,0.0015892453996022495
2025-12-24,cv_2,ols_all,all,-0.005633909413151339,0.0005994773031334395,-0.0062333867162847785,0.10161221659311233,-0.16496684587156227,0.00025650402441604515,defined,12,109,0.0015892453996022495
2025-12-26,cv_2,ols_all,all,0.0021841584819997095,-0.004892723731834702,0.007076882213834412,0.1037435820302711,0.1875125528969156,0.0003391629527831193,defined,12,109,0.0015892453996022495
2025-12-29,cv_2,ols_all,all,-0.005312367035796295,-0.00028702265867749585,-0.005025344377118799,0.12733048929502927,-0.1349414726979849,0.0002214074602338813,defined,12,109,0.0015892453996022495
2025-12-30,cv_2,ols_all,all,-0.002426579606975565,-0.009165353096789187,0.006738773489813622,0.11632020448270353,0.17981996737020223,0.00035469479431618755,defined,12,109,0.0015892453996022495
2025-12-31,cv_2,ols_all,all,-0.02528446662638184,-0.006516708046534241,-0.0187677585798476,0.10094231467680674,-0.49650445293489637,0.0023064856184554835,defined,12,109,0.0015892453996022495
2026-01-02,cv_2,ols_all,all,-0.03598244729944666,-0.014868834932702303,-0.02111361236674436,0.10255663265740603,-0.5590665859734621,0.0029764769739343377,defined,12,109,0.0015892453996022495
2026-01-05,cv_2,ols_all,all,-0.02928827265337841,-0.006170604066435829,-0.023117668586942582,0.10744794209206202,-0.6138069112513689,0.003779608774840378,defined,12,109,0.0015892453996022495
2026-01-06,cv_2,ols_all,all,-0.014636525738049189,-0.005868358324790605,-0.008768167413258584,0.0815636495539617,-0.22950323932773017,0.00038980192482562375,defined,12,109,0.0015892453996022495
2026-01-07,cv_2,ols_all,all,-0.03156893449016451,-0.021220639989469978,-0.010348294500694535,0.04734452523735809,-0.2659532883405163,0.0002929296826711366,defined,12,109,0.0015892453996022495
2026-01-08,cv_2,ols_all,all,0.01064405230826293,-0.00504776107776726,0.01569181338603019,0.050856246810453185,0.40402817920022066,0.0007288772228738377,defined,12,109,0.0015892453996022495
2026-01-09,cv_2,ols_all,all,0.016428307427037492,-0.01991068793654657,0.036338995363584065,0.07198218881761301,0.9462355910269874,0.00578743397302181,defined,12,109,0.0015892453996022495
2026-01-12,cv_2,ols_all,all,-0.03745941986908785,-0.01734745395498172,-0.02011196591410613,0.08100306427852945,-0.5262619991460157,0.002034277338736781,defined,12,109,0.0015892453996022495
2026-01-13,cv_2,ols_all,all,-0.005425347006638326,-0.01874107754905876,0.013315730542420433,0.06963311273441823,0.34629194861745466,0.0007479371527944984,defined,12,109,0.0015892453996022495
2026-01-14,cv_2,ols_all,all,-0.008900823925519274,-0.004219122104407281,-0.004681701821111993,0.0629085663078301,-0.1213157771085062,8.233436546092709e-05,defined,12,109,0.0015892453996022495
2026-01-15,cv_2,ols_all,all,-0.007457180285883602,-0.02225029810701757,0.014793117821133968,0.07909720799576858,0.3866850127896737,0.0010702390621019071,defined,12,109,0.0015892453996022495
2026-01-16,cv_2,ols_all,all,0.025123735445639506,-0.01285354469768699,0.03797728014332649,0.07997864965103502,0.9931833351351945,0.007145847818331878,defined,12,109,0.0015892453996022495
2026-01-20,cv_2,ols_all,all,0.052890260035156844,0.023706742919553832,0.029183517115603012,0.15881402403544637,0.7981713545048774,0.010023233670428294,defined,12,109,0.0015892453996022495
2026-01-21,cv_2,ols_all,all,0.036644136792751913,-0.008205031419411951,0.044849168212163865,0.10425647909460733,1.1886857972163205,0.013704786673790013,defined,12,109,0.0015892453996022495
2026-01-22,cv_2,ols_all,all,0.026719970703125373,-0.005439913668004765,0.03215988437113014,0.08052163911833117,0.8412948698858969,0.005165190329005205,defined,12,109,0.0015892453996022495
2026-01-23,cv_2,ols_all,all,0.021211803499803672,-0.009702462573583231,0.030914266073386903,0.08661867518347457,0.8114044686757407,0.005202989549794716,defined,12,109,0.0015892453996022495
2026-01-26,cv_2,ols_all,all,-0.008705430650460033,-0.006144368425634844,-0.002561062224825189,0.06947717985008592,-0.06659799198545485,2.7596638020131263e-05,defined,12,109,0.0015892453996022495
2026-01-27,cv_2,ols_all,all,-0.057144391124708926,-0.023193884520620697,-0.03395050660408823,0.07278165022170954,-0.8844224717494951,0.005116561187320509,defined,12,109,0.0015892453996022495
2026-01-28,cv_2,ols_all,all,-0.089630993125969,-0.03233587915587149,-0.05729511397009752,0.09025588768292132,-1.5068238284202944,0.018771544228651686,defined,12,109,0.0015892453996022495
2026-01-29,cv_2,ols_all,all,-0.1010930450935067,-0.03137134359631733,-0.06972170149718937,0.10398355175810049,-1.847627870009529,0.03301386937409138,defined,12,109,0.0015892453996022495
2026-01-30,cv_2,ols_all,all,-0.009561930103170857,-0.0290869679959129,0.019525037892742042,0.10585466919684865,0.5179553787699507,0.002646703886131078,defined,12,109,0.0015892453996022495
2026-02-02,cv_2,ols_all,all,0.020403713922292566,-0.0166485622701239,0.03705227619241647,0.12351839778450546,0.9927685461428597,0.011574536718780757,defined,12,109,0.0015892453996022495
2026-02-03,cv_2,ols_all,all,0.05059615642800486,-0.00661722227950599,0.05721337870751085,0.12785416086055662,1.5367653419609637,0.028850917038870705,defined,12,109,0.0015892453996022495
2026-02-04,cv_2,ols_all,all,0.08643463676352114,0.012804113905284067,0.07363052285823708,0.09967007931206953,1.946532061127391,0.03495465315944822,defined,12,109,0.0015892453996022495
2026-02-05,cv_2,ols_all,all,0.05801120526555592,0.02039981165068515,0.03761139361487077,0.10291366415951872,0.9961089066136417,0.009485739638362488,defined,12,109,0.0015892453996022495
2026-02-06,cv_2,ols_all,all,-0.007869298770593947,0.010824609924962687,-0.018693908695556635,0.523960001663873,-0.6796462315658004,0.04236812748530734,defined,12,109,0.0015892453996022495
2026-02-09,cv_2,ols_all,all,-0.03349359127686513,0.015717778577569216,-0.04921136985443435,0.12511607060495294,-1.3197593674802104,0.020757302662022057,defined,12,109,0.0015892453996022495
2026-02-10,cv_2,ols_all,all,-0.023226818870281996,0.019614786259853044,-0.04284160513013504,0.10787348868283955,-1.1377766842403876,0.013044309428761395,defined,12,109,0.0015892453996022495
2026-02-11,cv_2,ols_all,all,-0.02657620533209415,-0.006501899656000168,-0.02007430567609398,0.09001473822971864,-0.5278710835192926,0.002296961747958032,defined,12,109,0.0015892453996022495
2026-02-12,cv_2,ols_all,all,0.012481393482003389,-0.006984401501750625,0.019465794983754014,0.10099995535171746,0.5149876412378556,0.002482983515183257,defined,12,109,0.0015892453996022495
2026-02-13,cv_2,ols_all,all,0.05392023687349545,-9.733246044890502e-05,0.05401756933394436,0.0987752513398472,1.4273254246137288,0.0186071471285912,defined,12,109,0.0015892453996022495
2026-02-17,cv_2,ols_all,all,0.021721886641142163,-0.013124800019261165,0.03484668666040333,0.10115154990815121,0.9219826994363512,0.00797168933322895,defined,12,109,0.0015892453996022495
2026-02-18,cv_2,ols_all,all,0.0454399663794367,-0.018815350527031927,0.06425531690646863,0.09376972106544751,1.6931455909932074,0.024719029591885627,defined,12,109,0.0015892453996022495
2026-02-19,cv_2,ols_all,all,-0.009004705304271221,-0.013309954591466411,0.00430524928719519,0.08568993494362794,0.11294215542522529,9.962474202081662e-05,defined,12,109,0.0015892453996022495
2026-02-20,cv_2,ols_all,all,-0.07424238196560962,-0.021110534508778728,-0.05313184745683089,0.07431397281306357,-1.3852481584398957,0.012837506835399817,defined,12,109,0.0015892453996022495
2026-02-23,cv_2,ols_all,all,-0.047052115030341346,-0.031480865699745814,-0.015571249330595532,0.07540681236641027,-0.4062118913490625,0.0011214603219409315,defined,12,109,0.0015892453996022495
2026-02-24,cv_2,ols_all,all,-0.07405499677285832,-0.0407248691220894,-0.03333012765076892,0.10985239506647465,-0.8861566107262856,0.008075830957148466,defined,12,109,0.0015892453996022495
2026-02-25,cv_2,ols_all,all,-0.05780620136589987,-0.053353856091618586,-0.004452345274281282,0.13692393823558943,-0.1202178118657937,0.00019106744780252076,defined,12,109,0.0015892453996022495
2026-02-26,cv_2,ols_all,all,0.011531014278017393,-0.026146128348390002,0.037677142626407395,0.2273043616143665,1.075172746397214,0.028338349812952298,defined,12,109,0.0015892453996022495
2026-02-27,cv_2,ols_all,all,0.016056299100523974,-0.01967398168709493,0.035730280787618904,0.13487195455239054,0.9636087881463478,0.012063171952431367,defined,12,109,0.0015892453996022495
2026-03-02,cv_2,ols_all,all,0.023306562133977193,-0.04307639390219848,0.06638295603617567,0.17846126508123042,1.837160434276127,0.061098260216478274,defined,12,109,0.0015892453996022495
2026-03-03,cv_2,ols_all,all,0.023996906298317855,-0.015455588544813598,0.03945249484313145,0.10560938347118833,1.0464425084028217,0.010775185944798826,defined,12,109,0.0015892453996022495
2026-03-04,cv_2,ols_all,all,0.02682563702307661,-0.019171793088289667,0.045997430111366276,0.08346506608902943,1.205212355582678,0.011023046091266734,defined,12,109,0.0015892453996022495
2026-03-05,cv_2,ols_all,all,0.01834966147106476,-0.010814918197237679,0.029164579668302437,0.07427247773676021,0.7603589324693717,0.0038654565426119265,defined,12,109,0.0015892453996022495
2026-03-06,cv_2,ols_all,all,0.019340599069906705,0.00820124684039044,0.011139352229516265,0.08523113199130058,0.2921519350669087,0.0006627094581936408,defined,12,109,0.0015892453996022495
2026-03-09,cv_2,ols_all,all,0.0044956543402303595,-0.013353656805337016,0.017849311145567377,0.1586663685004368,0.4881371416858122,0.0037447177876841382,defined,12,109,0.0015892453996022495
2026-03-10,cv_2,ols_all,all,-0.021408266945987964,-0.013045021366816822,-0.008363245579171142,0.13811203871067143,-0.22597165213825798,0.0006818791280617927,defined,12,109,0.0015892453996022495
2026-03-11,cv_2,ols_all,all,-0.01983161692340185,-0.015890135908310156,-0.003941481015091695,0.12449814435730619,-0.10566603762624716,0.0001323108335819357,defined,12,109,0.0015892453996022495
2026-03-12,cv_2,ols_all,all,-0.03439325477680888,-0.007804337718151951,-0.02658891705865693,0.08622244031105278,-0.6977260268992839,0.0038279690943078277,defined,12,109,0.0015892453996022495
2026-03-13,cv_2,ols_all,all,-0.056129443099653176,-0.009630233556765328,-0.046499209542887845,0.08494087347612606,-1.219341935558386,0.011501045995982246,defined,12,109,0.0015892453996022495
2026-03-16,cv_2,ols_all,all,-0.05090240080632602,-0.024165735636867844,-0.026736665169458176,0.09762983624568639,-0.706023882720633,0.004494230802939745,defined,12,109,0.0015892453996022495
2026-03-17,cv_2,ols_all,all,-0.03989477723446799,-0.018765160880791696,-0.021129616353676297,0.07128298627290795,-0.5499895393197886,0.0019347733487230954,defined,12,109,0.0015892453996022495
2026-03-18,cv_2,ols_all,all,0.0037638233224011053,-0.014128650557931761,0.017892473880332868,0.0694149623822706,0.465261244147292,0.001345580040703135,defined,12,109,0.0015892453996022495
2026-03-19,cv_2,ols_all,all,-0.03797749722941535,-0.012009140247390719,-0.025968356982024626,0.09168429707294905,-0.6834875058142142,0.00392950686114341,defined,12,109,0.0015892453996022495
2026-03-20,cv_2,ols_all,all,-0.054947481305486434,0.011775674099519564,-0.066723155405006,0.09787985664939233,-1.7621744689903798,0.028076664199912737,defined,12,109,0.0015892453996022495
2026-03-23,cv_2,ols_all,all,-0.055253695366566546,-0.008895139696417398,-0.04635855567014915,0.11515669547173427,-1.236235557171458,0.016574637562992905,defined,12,109,0.0015892453996022495
2026-03-24,cv_2,ols_all,all,-0.015245692343189843,0.008306152939032266,-0.02355184528222211,0.08724791597608471,-0.6183765921994963,0.0030459801305113554,defined,12,109,0.0015892453996022495
2026-03-25,cv_2,ols_all,all,-0.0018175004879137369,0.0036074727821626424,-0.005424973270076379,0.09242014501601091,-0.14284324165613785,0.00017314898373918948,defined,12,109,0.0015892453996022495
2025-10-01,cv_3,ols_market,market,-0.002584417074841694,0.001258693804990672,-0.003843110879832366,0.01596849260755327,-0.09741039294619033,1.5398042284487165e-05,defined,10,136,0.0015817805635083876
2025-10-02,cv_3,ols_market,market,0.01786566329718875,0.002061097172476922,0.015804566124711827,0.020999207520806664,0.40162241086613776,0.00034598378038004467,defined,10,136,0.0015817805635083876
2025-10-03,cv_3,ols_market,market,-0.012614535514235636,0.006438887745334689,-0.019053423259570323,0.010687710906739773,-0.4816518090892027,0.00025062113117149334,defined,10,136,0.0015817805635083876
2025-10-06,cv_3,ols_market,market,0.011222744158451592,0.007767677686937919,0.0034550664715136733,0.01615176191113283,0.08758288233629673,1.2593030616739292e-05,defined,10,136,0.0015817805635083876
2025-10-07,cv_3,ols_market,market,-0.035053911605185006,-0.0004951342329589153,-0.03455877737222609,0.01073733794262996,-0.8736338305505753,0.00082840724982882,defined,10,136,0.0015817805635083876
2025-10-08,cv_3,ols_market,market,-0.06450603013100886,-0.00980607818100225,-0.05469995195000661,0.022053269066540215,-1.3907729262860427,0.004361845039398726,defined,10,136,0.0015817805635083876
2025-10-09,cv_3,ols_market,market,-0.060461977574129855,-0.00986082381070244,-0.050601153763427414,0.018602798951125432,-1.2842953037011002,0.0031265347956765605,defined,10,136,0.0015817805635083876
2025-10-10,cv_3,ols_market,market,-0.02526998972789729,0.022535777891117714,-0.047805767619015005,0.14281118884427185,-1.2982816892032383,0.028081713533503933,defined,10,136,0.0015817805635083876
2025-10-13,cv_3,ols_market,market,-0.011527871589327776,-0.011130560600552512,-0.00039731098877526447,0.034852753379934355,-0.010168588469949714,3.733918721111132e-07,defined,10,136,0.0015817805635083876
2025-10-14,cv_3,ols_market,market,-0.019696966068929345,0.023190308760744578,-0.04288727482967392,0.08235887946945433,-1.1256902389178767,0.011373008485066177,defined,10,136,0.0015817805635083876
2025-10-15,cv_3,ols_market,market,-0.010700746276467554,0.004731892677723599,-0.015432638954191153,0.054220488387927285,-0.3989992945169672,0.0009126784140582571,defined,10,136,0.0015817805635083876
2025-10-16,cv_3,ols_market,market,0.010989072409892442,0.005825143187808725,0.005163929222083717,0.020314096807915242,0.1311788243156122,3.568109118002583e-05,defined,10,136,0.0015817805635083876
2025-10-17,cv_3,ols_market,market,0.01709162638873085,0.003271425843134327,0.013820200545596524,0.020345543713360243,0.3510789320497907,0.0002559799319397649,defined,10,136,0.0015817805635083876
2025-10-20,cv_3,ols_market,market,0.047595670039839666,0.013204499298737874,0.03439117074110179,0.01825749644370495,0.8727202357082359,0.0014164254552186308,defined,10,136,0.0015817805635083876
2025-10-21,cv_3,ols_market,market,0.10980456805050132,0.015836789983899983,0.09396777806660134,0.022386141955077685,2.3895832522794973,0.013075437698814439,defined,10,136,0.0015817805635083876
2025-10-22,cv_3,ols_market,market,0.14754459254711083,0.01069945975960148,0.13684513278750934,0.0227900784430939,3.4806656244881995,0.028254170433447866,defined,10,136,0.0015817805635083876
2025-10-23,cv_3,ols_market,market,0.10362273406894884,0.006230177666240172,0.09739255640270866,0.018941540660454705,2.4723229749269557,0.011801326424789002,defined,10,136,0.0015817805635083876
2025-10-24,cv_3,ols_market,market,0.06579293456807522,0.0007356123691224486,0.06505732219895277,0.019679121090648743,1.6521099238766148,0.005479176941815318,defined,10,136,0.0015817805635083876
2025-10-27,cv_3,ols_market,market,0.07163947999185871,-0.003426235396585252,0.07506571538844396,0.032293255865039075,1.9186538374263749,0.012284608460941655,defined,10,136,0.0015817805635083876
2025-10-28,cv_3,ols_market,market,-0.04466772515133133,-0.025467098519851943,-0.019200626631479385,0.09856893193844979,-0.508482515664396,0.002827219821263069,defined,10,136,0.0015817805635083876
2025-10-29,cv_3,ols_market,market,-0.04845229090103109,-0.029049009177490745,-0.019403281723540347,0.05630952981998924,-0.5022122332363116,0.00150496675495287,defined,10,136,0.0015817805635083876
2025-10-30,cv_3,ols_market,market,-0.08898036032324541,-0.021414242491445384,-0.06756611783180003,0.039414650142645696,-1.7333564045142575,0.012328137117308397,defined,10,136,0.0015817805635083876
2025-10-31,cv_3,ols_market,market,-0.09578050633982571,-0.03550008366351071,-0.060280422676315,0.060314072773033446,-1.5635501301242543,0.015691322658860106,defined,10,136,0.0015817805635083876
2025-11-03,cv_3,ols_market,market,-0.019458113045528025,-0.05064346802605607,0.031185354980528046,0.08414676933316693,0.8193408983657943,0.006167949828062635,defined,10,136,0.0015817805635083876
2025-11-04,cv_3,ols_market,market,-0.028223577450155912,-0.027610043769935325,-0.0006135336802205876,0.09996184993798682,-0.016260535053745747,2.9365880717870495e-06,defined,10,136,0.0015817805635083876
2025-11-05,cv_3,ols_market,market,-0.013338739138638922,-0.03575107488043495,0.022412335741796026,0.0544460159468249,0.5795232148847611,0.0019338440693817337,defined,10,136,0.0015817805635083876
2025-11-06,cv_3,ols_market,market,0.010600361160447047,-0.020783764430922752,0.0313841255913698,0.08320740796971586,0.824140710977639,0.006164440057539301,defined,10,136,0.0015817805635083876
2025-11-07,cv_3,ols_market,market,-0.025319063225630378,-0.031494247351934256,0.006175184126303877,0.07599847743998656,0.16152526073248166,0.000214591791932177,defined,10,136,0.0015817805635083876
2025-11-10,cv_3,ols_market,market,-0.04386143368501916,-0.04149701519373477,-0.0023644184912843882,0.19349195879017234,-0.06619830642390663,0.00010513515929278675,defined,10,136,0.0015817805635083876
2025-11-11,cv_3,ols_market,market,-0.07337012324130587,-0.0060878437780630575,-0.06728227946324282,0.06984343361225757,-1.7540806230601813,0.023103013271113807,defined,10,136,0.0015817805635083876
2025-11-12,cv_3,ols_market,market,-0.023711063632224416,-0.0194413850373832,-0.004269678594841217,0.056559776765604114,-0.11052610682767285,7.32357348751813e-05,defined,10,136,0.0015817805635083876
2025-11-13,cv_3,ols_market,market,-0.012140441940792002,-0.0054385898139017765,-0.006701852126890225,0.05790713850854781,-0.17361005202231025,0.00018526275844471196,defined,10,136,0.0015817805635083876
2025-11-14,cv_3,ols_market,market,-0.03812440872910705,-0.03953066324437054,0.0014062545152634873,0.11980688632585881,0.03768789049021921,1.933336603868171e-05,defined,10,136,0.0015817805635083876
2025-11-17,cv_3,ols_market,market,-0.004526130488354485,-0.011805533808474957,0.007279403320120472,0.07463769141351155,0.190268442007452,0.0002919980263170371,defined,10,136,0.0015817805635083876
2025-11-18,cv_3,ols_market,market,-0.03771841666297149,-0.0018140128194929766,-0.03590440384347851,0.07976913556124163,-0.9410792659257233,0.00767698161351709,defined,10,136,0.0015817805635083876
2025-11-19,cv_3,ols_market,market,-0.08007146050403113,-0.02221785115483795,-0.05785360934919319,0.09772837080423656,-1.5314001683250282,0.025401580418916818,defined,10,136,0.0015817805635083876
2025-11-20,cv_3,ols_market,market,-0.023394423773199557,0.0034619541056105764,-0.026856377878810133,0.3188637525704378,-0.8181959499223335,0.0313390488431026,defined,10,136,0.0015817805635083876
2025-11-21,cv_3,ols_market,market,0.0023956357603300837,-0.006668004806034286,0.00906364056636437,0.12959219734885985,0.24426889589693168,0.0008883669989312106,defined,10,136,0.0015817805635083876
2025-11-24,cv_3,ols_market,market,0.03744784697627179,-0.014164871232241721,0.051612718208513514,0.08098085306404204,1.35369658970388,0.016147320200650742,defined,10,136,0.0015817805635083876
2025-11-25,cv_3,ols_market,market,-0.011231671475415594,0.008050049873619505,-0.0192817213490351,0.1293655983213641,-0.5195828086036799,0.004011368171472012,defined,10,136,0.0015817805635083876
2025-11-26,cv_3,ols_market,market,0.024412102732116914,0.003894305728871628,0.020517797003245287,0.07392655489996455,0.5360865309328082,0.0022941659428278955,defined,10,136,0.0015817805635083876
2025-11-28,cv_3,ols_market,market,0.04377437282978458,0.018224246969586504,0.025550125860198076,0.06864783680937481,0.6656760969831514,0.003266170517075723,defined,10,136,0.0015817805635083876
2025-12-01,cv_3,ols_market,market,0.02085172017750736,-0.005831807904176039,0.0266835280816834,0.057150385447122115,0.6909536572608708,0.0028938404026274227,defined,10,136,0.0015817805635083876
2025-12-02,cv_3,ols_market,market,0.02148221421644214,0.0026450616501872094,0.01883715256625493,0.03345819500849245,0.4817611960770979,0.0008034252895214321,defined,10,136,0.0015817805635083876
2025-12-03,cv_3,ols_market,market,0.011892983813349689,0.013620837626885537,-0.0017278538135358477,0.029298433668974024,-0.044095169188827166,5.86868364476887e-06,defined,10,136,0.0015817805635083876
2025-12-04,cv_3,ols_market,market,-0.016096616040523037,-0.0030230909551470578,-0.01307352508537598,0.028544096188177596,-0.33350937092045463,0.0003268204974045312,defined,10,136,0.0015817805635083876
2025-12-05,cv_3,ols_market,market,-0.04172139259008001,0.008635579770251143,-0.050356972360331154,0.020093175736903494,-1.2790693801965158,0.003354686996822228,defined,10,136,0.0015817805635083876
2025-12-08,cv_3,ols_market,market,-0.04995691094215349,-0.007056270642355344,-0.04290064029979814,0.023586997212231803,-1.0916260217604437,0.002878636718945836,defined,10,136,0.0015817805635083876
2025-12-09,cv_3,ols_market,market,-0.03919554496488009,0.013401440159455685,-0.05259698512433578,0.019012012909152977,-1.3352294081377574,0.0034552238545826836,defined,10,136,0.0015817805635083876
2025-12-10,cv_3,ols_market,market,-0.051808278240144,0.014330774569053519,-0.06613905280919752,0.01549608655385578,-1.676008165664943,0.004421369867443362,defined,10,136,0.0015817805635083876
2025-12-11,cv_3,ols_market,market,-0.03848490529078363,0.015735889920285618,-0.05422079521106925,0.029947062972736683,-1.3841878980755207,0.005914920293957063,defined,10,136,0.0015817805635083876
2025-12-12,cv_3,ols_market,market,0.01714062610942224,0.030396330002759594,-0.013255703893337353,0.057505697669536816,-0.34331304842716814,0.0007191388704074225,defined,10,136,0.0015817805635083876
2025-12-15,cv_3,ols_market,market,0.042153683003105735,0.018929872835082785,0.02322381016802295,0.0262501088493095,0.5917477897555701,0.0009439673548790598,defined,10,136,0.0015817805635083876
2025-12-16,cv_3,ols_market,market,0.07444633819402147,0.019530063980087702,0.05491627421393376,0.02247654231041562,1.396575289614153,0.004484675471342906,defined,10,136,0.0015817805635083876
2025-12-17,cv_3,ols_market,market,0.08067382071582818,0.04690278592888677,0.03377103478694141,0.06977914158988556,0.8803963108425784,0.005814280465052077,defined,10,136,0.0015817805635083876
2025-12-18,cv_3,ols_market,market,0.07845135424237437,0.02562729060662757,0.0528240636357468,0.04020711651742123,1.355719763988942,0.007699548477077966,defined,10,136,0.0015817805635083876
2025-12-19,cv_3,ols_market,market,0.023379747143146057,0.012017039618491994,0.011362707524654063,0.05606666952714555,0.29406141997935104,0.0005136171747609484,defined,10,136,0.0015817805635083876
2025-12-22,cv_3,ols_market,market,0.024976728616388,0.019423653507116525,0.005553075109271475,0.037628990878012886,0.1423276125611776,7.920605243714894e-05,defined,10,136,0.0015817805635083876
2025-12-23,cv_3,ols_market,market,-0.0076620326843679365,0.0006684772763612685,-0.008330509960729204,0.055468482332940834,-0.21552132257294856,0.00027277861253406627,defined,10,136,0.0015817805635083876
2025-12-24,cv_3,ols_market,market,-0.005633909413151339,-0.009693649837470168,0.004059740424318829,0.06358689170283499,0.10548516984721988,7.555842986294138e-05,defined,10,136,0.0015817805635083876
2025-12-26,cv_3,ols_market,market,0.0021841584819997095,-0.0027570259313732734,0.004941184413372983,0.07552243452420872,0.1292140554279723,0.0001363952101252908,defined,10,136,0.0015817805635083876
2025-12-29,cv_3,ols_market,market,-0.005312367035796295,0.005111711769187458,-0.010424078804983753,0.07604129480352212,-0.2726705836672122,0.0006118902276435165,defined,10,136,0.0015817805635083876
2025-12-30,cv_3,ols_market,market,-0.002426579606975565,0.0021580627508815085,-0.004584642357857074,0.06612543715564806,-0.11928561448970591,0.00010075257495734595,defined,10,136,0.0015817805635083876
2025-12-31,cv_3,ols_market,market,-0.02528446662638184,0.0037145931114502713,-0.028999059737832112,0.0642996540887787,-0.753776171303938,0.0039044211350873406,defined,10,136,0.0015817805635083876
2026-01-02,cv_3,ols_market,market,-0.03598244729944666,-0.004315761963383433,-0.03166668533606323,0.06657691393155868,-0.8241195567201106,0.004844239011707723,defined,10,136,0.0015817805635083876
2026-01-05,cv_3,ols_market,market,-0.02928827265337841,0.001141516407268218,-0.03042978906064663,0.08234840392241746,-0.7987059363269893,0.005724679618138409,defined,10,136,0.0015817805635083876
2026-01-06,cv_3,ols_market,market,-0.014636525738049189,0.003563870954506932,-0.01820039669255612,0.05216202841053817,-0.4700463503444593,0.0012159108621623822,defined,10,136,0.0015817805635083876
2026-01-07,cv_3,ols_market,market,-0.03156893449016451,-0.01909116535496698,-0.012477769135197533,0.03840788477633089,-0.31993988314573674,0.0004088521258115591,defined,10,136,0.0015817805635083876
2026-01-08,cv_3,ols_market,market,0.01064405230826293,-0.006065243236550898,0.01670929554481383,0.041431232232843555,0.4291146938049369,0.0007958868834432153,defined,10,136,0.0015817805635083876
2026-01-09,cv_3,ols_market,market,0.016428307427037492,-0.026380056334793955,0.04280836376183145,0.044451852801667656,1.1011062395760087,0.005640216050238337,defined,10,136,0.0015817805635083876
2026-01-12,cv_3,ols_market,market,-0.03745941986908785,-0.02860422632124776,-0.00885519354784009,0.05219763431104343,-0.22869993777841988,0.00028804817301772754,defined,10,136,0.0015817805635083876
2026-01-13,cv_3,ols_market,market,-0.005425347006638326,-0.02571913268674554,0.020293785680107215,0.04733201956145553,0.5227802448712836,0.0013578500179575656,defined,10,136,0.0015817805635083876
2026-01-14,cv_3,ols_market,market,-0.008900823925519274,-0.013059712308670854,0.004158888383151579,0.04144027696295032,0.10680573157665044,4.931653903011049e-05,defined,10,136,0.0015817805635083876
2026-01-15,cv_3,ols_market,market,-0.007457180285883602,-0.026589567840131133,0.01913238755424753,0.0488026242841215,0.4932427727571905,0.001248228210621689,defined,10,136,0.0015817805635083876
2026-01-16,cv_3,ols_market,market,0.025123735445639506,-0.011961469095641535,0.037085204541281044,0.05631035618327448,0.9598712121285555,0.0054977504010852414,defined,10,136,0.0015817805635083876
2026-01-20,cv_3,ols_market,market,0.052890260035156844,0.015643684469473867,0.03724657556568298,0.11733040181209742,0.996814044916059,0.013208110283968094,defined,10,136,0.0015817805635083876
2026-01-21,cv_3,ols_market,market,0.036644136792751913,-0.013622124671427404,0.05026626146417932,0.0745477695531489,1.313791553218536,0.013903802119179765,defined,10,136,0.0015817805635083876
2026-01-22,cv_3,ols_market,market,0.026719970703125373,-0.0035752697968470916,0.030295240499972464,0.05700459022167942,0.7844160979612326,0.00371957435629616,defined,10,136,0.0015817805635083876
2026-01-23,cv_3,ols_market,market,0.021211803499803672,-0.00544369687919472,0.026655500378998394,0.06271920555744728,0.6922753424271156,0.003206923179980894,defined,10,136,0.0015817805635083876
2026-01-26,cv_3,ols_market,market,-0.008705430650460033,-0.008635378248386876,-7.005240207315702e-05,0.054022083376752815,-0.0018109623243332267,1.8728765899922362e-08,defined,10,136,0.0015817805635083876
2026-01-27,cv_3,ols_market,market,-0.057144391124708926,-0.020915131282554632,-0.03622925984215429,0.059894846108844185,-0.9395029051816739,0.0056235333439023346,defined,10,136,0.0015817805635083876
2026-01-28,cv_3,ols_market,market,-0.089630993125969,-0.020812667735363072,-0.06881832539060594,0.07206131296969101,-1.7962688651461214,0.02505679812130037,defined,10,136,0.0015817805635083876
2026-01-29,cv_3,ols_market,market,-0.1010930450935067,-0.02213732739631226,-0.07895571769719444,0.08612944584431628,-2.0766730463767957,0.04064463437089179,defined,10,136,0.0015817805635083876
2026-01-30,cv_3,ols_market,market,-0.009561930103170857,-0.01423526147083326,0.004673331367662403,0.0824528766174324,0.12267025551137634,0.00013522468351354744,defined,10,136,0.0015817805635083876
2026-02-02,cv_3,ols_market,market,0.020403713922292566,-0.006324041745859314,0.02672775566815188,0.10504299517340887,0.7103760146459276,0.005922996878435161,defined,10,136,0.0015817805635083876
2026-02-03,cv_3,ols_market,market,0.05059615642800486,0.001606850459131528,0.048989305968873326,0.11402956227999322,1.308635067754701,0.02204120501938122,defined,10,136,0.0015817805635083876
2026-02-04,cv_3,ols_market,market,0.08643463676352114,0.013798975156943349,0.07263566160657779,0.08482682145561773,1.909084438262881,0.033781597679345125,defined,10,136,0.0015817805635083876
2026-02-05,cv_3,ols_market,market,0.05801120526555592,0.01914227489542242,0.0388689303701335,0.07351464828770414,1.0153369552328186,0.00818004539026139,defined,10,136,0.0015817805635083876
2026-02-06,cv_3,ols_market,market,-0.007869298770593947,-0.003772732634877523,-0.004096566135716424,0.38631768824927326,-0.13148464869412507,0.0010883061628603225,defined,10,136,0.0015817805635083876
2026-02-09,cv_3,ols_market,market,-0.03349359127686513,0.00016179368128202355,-0.033655384958147155,0.07051271079717683,-0.8777275245110187,0.005844446547466792,defined,10,136,0.0015817805635083876
2026-02-10,cv_3,ols_market,market,-0.023226818870281996,0.018873833132457603,-0.0421006520027396,0.03687062255386881,-1.0786322208188888,0.00445392212620889,defined,10,136,0.0015817805635083876
2026-02-11,cv_3,ols_market,market,-0.02657620533209415,-0.0031397868730171606,-0.02343641845907699,0.05027405983684243,-0.6046707715825583,0.0019354573701981794,defined,10,136,0.0015817805635083876
2026-02-12,cv_3,ols_market,market,0.012481393482003389,0.00029622643717112083,0.012185167044832268,0.06000616494461034,0.31600639189560403,0.0006374741824124031,defined,10,136,0.0015817805635083876
2026-02-13,cv_3,ols_market,market,0.05392023687349545,0.00585889694394442,0.048061339929551035,0.04586070779948279,1.237134353462289,0.00735635545631883,defined,10,136,0.0015817805635083876
2026-02-17,cv_3,ols_market,market,0.021721886641142163,-0.018167528138502555,0.03988941477964472,0.06923159640044856,1.0395939211980167,0.008038780619056846,defined,10,136,0.0015817805635083876
2026-02-18,cv_3,ols_market,market,0.0454399663794367,-0.010842488877774746,0.05628245525721145,0.05997350647304716,1.459586609698122,0.01359186613634394,defined,10,136,0.0015817805635083876
2026-02-19,cv_3,ols_market,market,-0.009004705304271221,-0.012140518493896213,0.0031358131896249922,0.06384319837682431,0.08148970893697478,4.5286793526586826e-05,defined,10,136,0.0015817805635083876
2026-02-20,cv_3,ols_market,market,-0.07424238196560962,-0.023780263962700648,-0.050462118002908965,0.0603762682712698,-1.3089268272582357,0.01100887720365534,defined,10,136,0.0015817805635083876
2026-02-23,cv_3,ols_market,market,-0.047052115030341346,-0.029642403457927943,-0.017409711572413403,0.05995934734414443,-0.4514868869819279,0.0013001712062628333,defined,10,136,0.0015817805635083876
2026-02-24,cv_3,ols_market,market,-0.07405499677285832,-0.04442774079277876,-0.029627255980079557,0.08189739822856906,-0.7774504215573301,0.005391682297437109,defined,10,136,0.0015817805635083876
2026-02-25,cv_3,ols_market,market,-0.05780620136589987,-0.05287999151048494,-0.004926209855414927,0.08536606420106567,-0.1295138268010401,0.00015655618126502707,defined,10,136,0.0015817805635083876
2026-02-26,cv_3,ols_market,market,0.011531014278017393,-0.008825668904313373,0.020356683182330765,0.1650283557468542,0.5601418697540825,0.006201302532396101,defined,10,136,0.0015817805635083876
2026-02-27,cv_3,ols_market,market,0.016056299100523974,-0.006373374454969143,0.022429673555493117,0.10458433704119416,0.5959879677876685,0.004148746937117491,defined,10,136,0.0015817805635083876
2026-03-02,cv_3,ols_market,market,0.023306562133977193,-0.03954524411274614,0.06285180624672333,0.13863804126473303,1.7027535792090462,0.0466659734824665,defined,10,136,0.0015817805635083876
2026-03-03,cv_3,ols_market,market,0.023996906298317855,-0.010165508182020892,0.03416241448033874,0.08520646471822396,0.8980776670950469,0.00751237490172706,defined,10,136,0.0015817805635083876
2026-03-04,cv_3,ols_market,market,0.02682563702307661,-0.015073232798788635,0.04189886982186525,0.05791606543796917,1.0853864417130468,0.0072423287829697265,defined,10,136,0.0015817805635083876
2026-03-05,cv_3,ols_market,market,0.01834966147106476,-0.007672962346285395,0.026022623817350155,0.04853745250247547,0.670783107845752,0.0022953531625601498,defined,10,136,0.0015817805635083876
2026-03-06,cv_3,ols_market,market,0.019340599069906705,0.013700212926483489,0.005640386143423217,0.05788724678587475,0.14611145926643554,0.00013117424340907324,defined,10,136,0.0015817805635083876
2026-03-09,cv_3,ols_market,market,0.0044956543402303595,0.0054452000001751245,-0.0009495456599447651,0.046624739398825873,-0.024451797848799747,2.9239782153068544e-06,defined,10,136,0.0015817805635083876
2026-03-10,cv_3,ols_market,market,-0.021408266945987964,0.013664835613078477,-0.03507310255906644,0.02354518416985678,-0.8924317072678305,0.0019204363782386867,defined,10,136,0.0015817805635083876
2026-03-11,cv_3,ols_market,market,-0.01983161692340185,0.01336298027101187,-0.03319459719441372,0.02404320450729578,-0.8448487958889213,0.0017584083484293407,defined,10,136,0.0015817805635083876
2026-03-12,cv_3,ols_market,market,-0.03439325477680888,0.014142982347948429,-0.04853623712475731,0.023046356375375866,-1.2346845332978085,0.003596170979154546,defined,10,136,0.0015817805635083876
2026-03-13,cv_3,ols_market,market,-0.056129443099653176,0.01341681188095565,-0.06954625498060882,0.023405202176630804,-1.7694709124274712,0.007503862131226085,defined,10,136,0.0015817805635083876
2026-03-16,cv_3,ols_market,market,-0.05090240080632602,-0.00304665897378722,-0.0478557418325388,0.03181779195786498,-1.2228759014723616,0.004914481603825078,defined,10,136,0.0015817805635083876
2026-03-17,cv_3,ols_market,market,-0.03989477723446799,-0.0007538812138423313,-0.03914089602062566,0.020922034739440105,-0.9946012660134671,0.0021139010655195725,defined,10,136,0.0015817805635083876
2026-03-18,cv_3,ols_market,market,0.0037638233224011053,-0.0007458322345413142,0.00450965555694242,0.022095035336191345,0.11466263802533727,2.9705844824370896e-05,defined,10,136,0.0015817805635083876
2026-03-19,cv_3,ols_market,market,-0.03797749722941535,-0.009328735116240711,-0.028648762113174638,0.03586292131840608,-0.7336068050310366,0.0020018594414185145,defined,10,136,0.0015817805635083876
2026-03-20,cv_3,ols_market,market,-0.054947481305486434,0.013722256005452536,-0.06866973731093898,0.04706342168252538,-1.7687248187384088,0.015450411151769159,defined,10,136,0.0015817805635083876
2026-03-23,cv_3,ols_market,market,-0.055253695366566546,-0.0038252950637676607,-0.05142840030279888,0.048969327950070175,-1.3259667579064194,0.009053049456299901,defined,10,136,0.0015817805635083876
2026-03-24,cv_3,ols_market,market,-0.015245692343189843,0.008925381109303378,-0.02417107345249322,0.0375406118168214,-0.6194861685328827,0.0014968633722900885,defined,10,136,0.0015817805635083876
2026-03-25,cv_3,ols_market,market,-0.0018175004879137369,0.004820647625781523,-0.00663814811369526,0.036229663256140375,-0.17001492310008479,0.00010865878106725318,defined,10,136,0.0015817805635083876
2026-03-26,cv_3,ols_market,market,0.04347058464499076,0.05623231355499758,-0.01276172891000682,0.08849247214698161,-0.336090523915278,0.0010966261644117297,defined,10,136,0.0015817805635083876
2026-03-27,cv_3,ols_market,market,0.05249437536693691,0.05957617777943703,-0.0070818024125001225,0.04934601581450344,-0.18262467318375408,0.00017312051063714246,defined,10,136,0.0015817805635083876
2026-03-30,cv_3,ols_market,market,0.06665870995653123,0.07177259603678747,-0.005113886080256244,0.07976530833901697,-0.13403821357818685,0.00015573015249090126,defined,10,136,0.0015817805635083876
2026-03-31,cv_3,ols_market,market,0.03454546494917432,0.056201641770897065,-0.021656176821722745,0.15090111700289519,-0.5909211530986725,0.006205735457215851,defined,10,136,0.0015817805635083876
2026-04-01,cv_3,ols_market,market,0.06812644607562457,0.08128530947424065,-0.013158863398616077,0.0841761300041834,-0.34573176380478865,0.0010986403869824176,defined,10,136,0.0015817805635083876
2026-04-02,cv_3,ols_market,market,0.0647437400293771,0.07351196648060841,-0.008768226451231306,0.10752785903229738,-0.23336800095448001,0.0006561587771131817,defined,10,136,0.0015817805635083876
2026-04-06,cv_3,ols_market,market,0.07727765413543719,0.0845456324443602,-0.0072679783089230066,0.0896811498288465,-0.1915330556054051,0.0003614057903079808,defined,10,136,0.0015817805635083876
2026-04-07,cv_3,ols_market,market,0.06509482117526288,0.07641799004143608,-0.011323168866173197,0.08568972942758596,-0.29774746157646903,0.0008308666140802799,defined,10,136,0.0015817805635083876
2026-04-08,cv_3,ols_market,market,0.09365375672166265,0.07345886484684397,0.020194891874818682,0.11935317448875121,0.5410875333741025,0.003967959735559352,defined,10,136,0.0015817805635083876
2026-04-09,cv_3,ols_market,market,0.07617605518365034,0.0709109123671256,0.005265142816524737,0.07769133770710157,0.13784750018527317,0.0001600641605162204,defined,10,136,0.0015817805635083876
2026-04-10,cv_3,ols_market,market,0.08412618394440408,0.05993207051267691,0.024194113431727164,0.07878393123704855,0.6338052652562763,0.003435483195399794,defined,10,136,0.0015817805635083876
2026-04-13,cv_3,ols_market,market,0.058792713456342405,0.06046134656249741,-0.0016686331061550042,0.08303270364765776,-0.04381378926698559,1.738268910074224e-05,defined,10,136,0.0015817805635083876
2026-04-14,cv_3,ols_market,market,0.016994055717795442,0.04038752944426296,-0.023393473726467516,0.08964081878929232,-0.6164746317979496,0.003742169527736835,defined,10,136,0.0015817805635083876
2026-04-15,cv_3,ols_market,market,0.025680025894265768,0.03813692259185186,-0.012456896697586095,0.07828681355796914,-0.32624122953750906,0.0009040043210583236,defined,10,136,0.0015817805635083876
2026-04-16,cv_3,ols_market,market,-0.0013006228853142954,0.020225661637674718,-0.021526284522989013,0.07168184948986774,-0.5617557648617012,0.00243673014593401,defined,10,136,0.0015817805635083876
2026-04-17,cv_3,ols_market,market,0.04145418902906939,0.0008392279770616485,0.040614961052007736,0.07625519022251341,1.0625195217089072,0.009319470409705212,defined,10,136,0.0015817805635083876
2026-04-20,cv_3,ols_market,market,0.07163704238731938,-0.0021749425646613568,0.07381198495198074,0.06770908523674922,1.9221091279730302,0.026831909269594518,defined,10,136,0.0015817805635083876
2026-04-21,cv_3,ols_market,market,0.06059999175528885,0.0004287369039458046,0.060171254851343045,0.06064108754362716,1.5609901806753799,0.015730255019439195,defined,10,136,0.0015817805635083876
2026-04-22,cv_3,ols_market,market,0.033537454613092876,-0.015570304329237249,0.049107758942330125,0.05556173349608922,1.2705454646304086,0.009496916775589871,defined,10,136,0.0015817805635083876
2026-04-23,cv_3,ols_market,market,-0.0019503869601610324,-0.008667347565962078,0.006716960605801046,0.04961971966770389,0.17324111714800447,0.0001566963358467553,defined,10,136,0.0015817805635083876
2026-04-24,cv_3,ols_market,market,-0.053422357616534244,-0.029158785186613273,-0.02426357242992097,0.12399154563599293,-0.651819694113438,0.006013658091054401,defined,10,136,0.0015817805635083876
2026-04-27,cv_3,ols_market,market,-0.05255625317163082,-0.030063316536517663,-0.022492936635113155,0.12486764413490502,-0.6045554934811744,0.005214930448832552,defined,10,136,0.0015817805635083876
2026-04-28,cv_3,ols_market,market,-0.07616359746438661,-0.021202051518748464,-0.05496154594563815,0.1549764269900189,-1.5033199138828233,0.04144762409147381,defined,10,136,0.0015817805635083876
2026-04-29,cv_3,ols_market,market,-0.010003291182741125,-0.022587152385629663,0.012583861202888538,0.15310532609721025,0.3438160141873569,0.002137042207784178,defined,10,136,0.0015817805635083876
2026-04-30,cv_3,ols_market,market,0.050775046118265,-0.015501013768606513,0.06627605988687152,0.19924629045347178,1.8622332844661649,0.08628979846472255,defined,10,136,0.0015817805635083876
2025-10-01,cv_3,ols_all,all,-0.002584417074841694,0.002298659582452838,-0.004883076657294531,0.04430361176936113,-0.12489314838104452,6.025806330616621e-05,defined,12,134,0.0015995208743062243
2025-10-02,cv_3,ols_all,all,0.01786566329718875,0.002566683407932834,0.015298979889255916,0.041522504298901586,0.39072982014239854,0.00055115466434491,defined,12,134,0.0015995208743062243
2025-10-03,cv_3,ols_all,all,-0.012614535514235636,0.00720360687199486,-0.019818142386230496,0.03775242094812194,-0.5051549054709735,0.0008343069916922942,defined,12,134,0.0015995208743062243
2025-10-06,cv_3,ols_all,all,0.011222744158451592,0.009012480197551631,0.002210263960899961,0.043279195339749145,0.05650105762021005,1.2034439500902526e-05,defined,12,134,0.0015995208743062243
2025-10-07,cv_3,ols_all,all,-0.035053911605185006,0.00027589536993020947,-0.035329806975115216,0.037426386053654115,-0.9003872412162893,0.002626765834392532,defined,12,134,0.0015995208743062243
2025-10-08,cv_3,ols_all,all,-0.06450603013100886,-0.009034878562927515,-0.05547115156808135,0.041923622962135955,-1.4170075352961529,0.007321865518406232,defined,12,134,0.0015995208743062243
2025-10-09,cv_3,ols_all,all,-0.060461977574129855,-0.009364457495566459,-0.0510975200785634,0.03951581901136444,-1.3036462468392622,0.005826651490321225,defined,12,134,0.0015995208743062243
2025-10-10,cv_3,ols_all,all,-0.02526998972789729,0.023743946150273927,-0.04901393587817122,0.17982589994599935,-1.3532299366009157,0.03345862884001921,defined,12,134,0.0015995208743062243
2025-10-13,cv_3,ols_all,all,-0.011527871589327776,-0.010858068144054059,-0.0006698034452737173,0.05286042141291061,-0.01720859558602085,1.3772927041712384e-06,defined,12,134,0.0015995208743062243
2025-10-14,cv_3,ols_all,all,-0.019696966068929345,0.02544065779689015,-0.045137623865819494,0.1076838494125287,-1.1947701407206066,0.014355532047141628,defined,12,134,0.0015995208743062243
2025-10-15,cv_3,ols_all,all,-0.010700746276467554,0.0045741166255407004,-0.015274862902008255,0.08491983842197061,-0.39925723499647087,0.001232748158657266,defined,12,134,0.0015995208743062243
2025-10-16,cv_3,ols_all,all,0.010989072409892442,0.006140297669095512,0.00484877474079693,0.04279664234451853,0.12391815705234538,5.721292210825337e-05,defined,12,134,0.0015995208743062243
2025-10-17,cv_3,ols_all,all,0.01709162638873085,0.004140279641292954,0.012951346747437899,0.04976179390141474,0.3322031382579781,0.0004816036345055935,defined,12,134,0.0015995208743062243
2025-10-20,cv_3,ols_all,all,0.047595670039839666,0.013908954571454371,0.033686715468385295,0.04350633658295093,0.8612369685886625,0.002811476769360083,defined,12,134,0.0015995208743062243
2025-10-21,cv_3,ols_all,all,0.10980456805050132,0.016606563244616783,0.09319800480588453,0.04573697699167189,2.3854900595258473,0.02272863409423438,defined,12,134,0.0015995208743062243
2025-10-22,cv_3,ols_all,all,0.14754459254711083,0.011182261143938565,0.13636233140317228,0.05685165236748996,3.5108272262457123,0.06191569507876942,defined,12,134,0.0015995208743062243
2025-10-23,cv_3,ols_all,all,0.10362273406894884,0.006864777958030276,0.09675795611091856,0.043438436141787655,2.473633003381928,0.023155306955603507,defined,12,134,0.0015995208743062243
2025-10-24,cv_3,ols_all,all,0.06579293456807522,0.0011503080732021378,0.06464262649487308,0.042805349212316386,1.6520527355098387,0.01017101625249366,defined,12,134,0.0015995208743062243
2025-10-27,cv_3,ols_all,all,0.07163947999185871,-0.0031298542466402218,0.07476933423849894,0.050933492484256535,1.9190232382361412,0.016469712978718704,defined,12,134,0.0015995208743062243
2025-10-28,cv_3,ols_all,all,-0.04466772515133133,-0.02490156411118141,-0.01976616104014992,0.1277609197069399,-0.5291875311806522,0.003418223437847083,defined,12,134,0.0015995208743062243
2025-10-29,cv_3,ols_all,all,-0.04845229090103109,-0.028953326526643952,-0.01949896437438714,0.07168452736085235,-0.5060212966911047,0.001647730502527643,defined,12,134,0.0015995208743062243
2025-10-30,cv_3,ols_all,all,-0.08898036032324541,-0.019555835345987337,-0.06942452497725807,0.05643755065237702,-1.78703326264287,0.01591774469644288,defined,12,134,0.0015995208743062243
2025-10-31,cv_3,ols_all,all,-0.09578050633982571,-0.0346254832960926,-0.06115502304373311,0.07252783705133249,-1.5877668716911275,0.016428430274238424,defined,12,134,0.0015995208743062243
2025-11-03,cv_3,ols_all,all,-0.019458113045528025,-0.050056975343380626,0.0305988622978526,0.09139883986976763,0.802645323385864,0.005400494267732761,defined,12,134,0.0015995208743062243
2025-11-04,cv_3,ols_all,all,-0.028223577450155912,-0.024964935193464294,-0.0032586422566916184,0.11385093951416922,-0.08655423817560602,8.020940002943322e-05,defined,12,134,0.0015995208743062243
2025-11-05,cv_3,ols_all,all,-0.013338739138638922,-0.03450498883759228,0.02116624969895336,0.06694466649133422,0.5478923786025148,0.0017948074149506527,defined,12,134,0.0015995208743062243
2025-11-06,cv_3,ols_all,all,0.010600361160447047,-0.01950409180737392,0.030104452967820966,0.09733134115914571,0.7922670642653297,0.005640093477444948,defined,12,134,0.0015995208743062243
2025-11-07,cv_3,ols_all,all,-0.025319063225630378,-0.030554831121820933,0.005235767896190555,0.09764171597902065,0.1378148208641315,0.00017126436053135547,defined,12,134,0.0015995208743062243
2025-11-10,cv_3,ols_all,all,-0.04386143368501916,-0.04120447069253785,-0.0026569629924813043,0.19488109647403604,-0.0740389988267574,0.00011057310871095423,defined,12,134,0.0015995208743062243
2025-11-11,cv_3,ols_all,all,-0.07337012324130587,-0.004419935343641425,-0.06895018789766445,0.07822334625067673,-1.795674625679215,0.022802619031479298,defined,12,134,0.0015995208743062243
2025-11-12,cv_3,ols_all,all,-0.023711063632224416,-0.019331451204780043,-0.004379612427444373,0.06154378264213751,-0.1130404077547332,6.983230132925145e-05,defined,12,134,0.0015995208743062243
2025-11-13,cv_3,ols_all,all,-0.012140441940792002,-0.004059286087915529,-0.008081155852876474,0.06622168196931666,-0.20910125228893314,0.00025839758070281434,defined,12,134,0.0015995208743062243
2025-11-14,cv_3,ols_all,all,-0.03812440872910705,-0.03883514214744817,0.0007107334183411168,0.13573032366458146,0.01911556514598629,4.782121957796239e-06,defined,12,134,0.0015995208743062243
2025-11-17,cv_3,ols_all,all,-0.004526130488354485,-0.010552986664600887,0.006026856176246402,0.081581874110522,0.1572445668046864,0.0001830304224799726,defined,12,134,0.0015995208743062243
2025-11-18,cv_3,ols_all,all,-0.03771841666297149,-0.0006114391278158441,-0.03710697753515564,0.08583404503030921,-0.9703940020774621,0.00736799796496527,defined,12,134,0.0015995208743062243
2025-11-19,cv_3,ols_all,all,-0.08007146050403113,-0.022476340342900063,-0.057595120161131066,0.10039841896553701,-1.5183280927215221,0.021440093396379683,defined,12,134,0.0015995208743062243
2025-11-20,cv_3,ols_all,all,-0.023394423773199557,0.003490106425064849,-0.026884530198264405,0.3317573617157337,-0.8223191498847221,0.02797602115670892,defined,12,134,0.0015995208743062243
2025-11-21,cv_3,ols_all,all,0.0023956357603300837,-0.00568109202970943,0.008076727790039514,0.1414387743774622,0.21794898686611164,0.0006521172319613445,defined,12,134,0.0015995208743062243
2025-11-24,cv_3,ols_all,all,0.03744784697627179,-0.012962853387413924,0.050410700363685716,0.10167864560786494,1.3298783421025366,0.01668171163676554,defined,12,134,0.0015995208743062243
2025-11-25,cv_3,ols_all,all,-0.011231671475415594,0.010733408607910692,-0.021965080083326288,0.1468550845547336,-0.5946020901793921,0.005071515975363015,defined,12,134,0.0015995208743062243
2025-11-26,cv_3,ols_all,all,0.024412102732116914,0.0047629162742910125,0.0196491864578259,0.09157093522861866,0.5154708458366364,0.00223199695385161,defined,12,134,0.0015995208743062243
2025-11-28,cv_3,ols_all,all,0.04377437282978458,0.020424611419121202,0.02334976141066338,0.09042817547820557,0.6121656994043343,0.003104727632348466,defined,12,134,0.0015995208743062243
2025-12-01,cv_3,ols_all,all,0.02085172017750736,-0.00380771375446114,0.0246594339319685,0.06776043591015678,0.638593335292216,0.002470109341842074,defined,12,134,0.0015995208743062243
2025-12-02,cv_3,ols_all,all,0.02148221421644214,0.004248422007294181,0.01723379220914796,0.04306296401058173,0.4404982775659909,0.0007276587209775097,defined,12,134,0.0015995208743062243
2025-12-03,cv_3,ols_all,all,0.011892983813349689,0.015941831145922868,-0.004048847332573179,0.04329872295285243,-0.10350188718026225,4.040303825941755e-05,defined,12,134,0.0015995208743062243
2025-12-04,cv_3,ols_all,all,-0.016096616040523037,-0.0011280181203115692,-0.014968597920211468,0.03921887993470037,-0.3818334192083527,0.0004959493814326786,defined,12,134,0.0015995208743062243
2025-12-05,cv_3,ols_all,all,-0.04172139259008001,0.010893908729722795,-0.052615301319802806,0.03200917005032721,-1.3371541736738668,0.004927026441535408,defined,12,134,0.0015995208743062243
2025-12-08,cv_3,ols_all,all,-0.04995691094215349,-0.00486725001947896,-0.045089660922674524,0.03318397508884001,-1.1465951310077511,0.0037603087811912106,defined,12,134,0.0015995208743062243
2025-12-09,cv_3,ols_all,all,-0.03919554496488009,0.015708188636426215,-0.05490373360130631,0.03012568479975377,-1.3939564105547788,0.005029659794745878,defined,12,134,0.0015995208743062243
2025-12-10,cv_3,ols_all,all,-0.051808278240144,0.016632205738420766,-0.06844048397856477,0.024932770775172895,-1.7330090698234712,0.006399652741292228,defined,12,134,0.0015995208743062243
2025-12-11,cv_3,ols_all,all,-0.03848490529078363,0.018668280356114328,-0.05715318564689796,0.04173799216868162,-1.4598335867239778,0.007735221241524654,defined,12,134,0.0015995208743062243
2025-12-12,cv_3,ols_all,all,0.01714062610942224,0.0328687956228251,-0.015728169513402862,0.06551734664857495,-0.40681560450785936,0.0009669388659108866,defined,12,134,0.0015995208743062243
2025-12-15,cv_3,ols_all,all,0.042153683003105735,0.020706164729059215,0.02144751827404652,0.03140081291198264,0.5448915089553874,0.0008021131305254438,defined,12,134,0.0015995208743062243
2025-12-16,cv_3,ols_all,all,0.07444633819402147,0.0217128854108253,0.05273345278319617,0.02882291613416226,1.3379566395151374,0.004427334381434165,defined,12,134,0.0015995208743062243
2025-12-17,cv_3,ols_all,all,0.08067382071582818,0.049917661412626074,0.030756159303202107,0.08157347004353785,0.8024443719435024,0.0047659901613210905,defined,12,134,0.0015995208743062243
2025-12-18,cv_3,ols_all,all,0.07845135424237437,0.02714341343898311,0.051307940803391267,0.04320264249563422,1.311534276825193,0.006472445298339297,defined,12,134,0.0015995208743062243
2025-12-19,cv_3,ols_all,all,0.023379747143146057,0.013997073420254245,0.009382673722891812,0.06139618130086599,0.24215336016164218,0.00031963828849382976,defined,12,134,0.0015995208743062243
2025-12-22,cv_3,ols_all,all,0.024976728616388,0.021473407901036728,0.003503320715351272,0.04436128841124154,0.08960620283290366,3.106027660219674e-05,defined,12,134,0.0015995208743062243
2025-12-23,cv_3,ols_all,all,-0.0076620326843679365,0.00314987113292882,-0.010811903817296756,0.0633143734449636,-0.27932531002763467,0.00043948877815818267,defined,12,134,0.0015995208743062243
2025-12-24,cv_3,ols_all,all,-0.005633909413151339,-0.007873320192009039,0.0022394107788576995,0.06791434905519833,0.0579977168063401,2.0424257076702448e-05,defined,12,134,0.0015995208743062243
2025-12-26,cv_3,ols_all,all,0.0021841584819997095,0.00018441721500115282,0.0019997412669985567,0.08704232822158774,0.05233033700376418,2.175733375135657e-05,defined,12,134,0.0015995208743062243
2025-12-29,cv_3,ols_all,all,-0.005312367035796295,0.0089739634458112,-0.014286330481607495,0.09638599188183361,-0.37578051631879483,0.0012552153385069563,defined,12,134,0.0015995208743062243
2025-12-30,cv_3,ols_all,all,-0.002426579606975565,0.005522189671316362,-0.007948769278291927,0.08317943472121768,-0.20756912855130422,0.00032574360331670646,defined,12,134,0.0015995208743062243
2025-12-31,cv_3,ols_all,all,-0.02528446662638184,0.006541378703903386,-0.03182584533028523,0.07621815094855078,-0.8279426963220803,0.004713117820217201,defined,12,134,0.0015995208743062243
2026-01-02,cv_3,ols_all,all,-0.03598244729944666,-0.001894705650113358,-0.03408774164933331,0.07588720436229766,-0.8866266514103542,0.005379524475166998,defined,12,134,0.0015995208743062243
2026-01-05,cv_3,ols_all,all,-0.02928827265337841,0.003227802711191539,-0.03251607536456995,0.08819414535852539,-0.851435937886405,0.005843325617700629,defined,12,134,0.0015995208743062243
2026-01-06,cv_3,ols_all,all,-0.014636525738049189,0.005778783684576535,-0.020415309422625726,0.05971775138297293,-0.5264194074086829,0.0014666542566823565,defined,12,134,0.0015995208743062243
2026-01-07,cv_3,ols_all,all,-0.03156893449016451,-0.01796096748224307,-0.013607967007921443,0.04063816861287174,-0.34738180997400564,0.0004259754724941313,defined,12,134,0.0015995208743062243
2026-01-08,cv_3,ols_all,all,0.01064405230826293,-0.004518726678871017,0.015162778987133948,0.04505795461588885,0.3879674952108699,0.0005918394272385453,defined,12,134,0.0015995208743062243
2026-01-09,cv_3,ols_all,all,0.016428307427037492,-0.025970397374168248,0.042398704801205736,0.04543796583626053,1.0850645008883404,0.004670297949779688,defined,12,134,0.0015995208743062243
2026-01-12,cv_3,ols_all,all,-0.03745941986908785,-0.028244515557256145,-0.009214904311831706,0.05243514953963477,-0.23669626371184,0.00025835396292950714,defined,12,134,0.0015995208743062243
2026-01-13,cv_3,ols_all,all,-0.005425347006638326,-0.026040691210996815,0.02061534420435849,0.04748863057159675,0.528153971932337,0.0011589356760620007,defined,12,134,0.0015995208743062243
2026-01-14,cv_3,ols_all,all,-0.008900823925519274,-0.012885137704793156,0.003984313779273881,0.041836527657467495,0.1017744518769398,3.768880084174449e-05,defined,12,134,0.0015995208743062243
2026-01-15,cv_3,ols_all,all,-0.007457180285883602,-0.02717129487844863,0.019714114592565026,0.0508255991335426,0.5059519943814104,0.001142283407182593,defined,12,134,0.0015995208743062243
2026-01-16,cv_3,ols_all,all,0.025123735445639506,-0.012781706026846685,0.03790544147248619,0.057661808066798055,0.976344775233764,0.004860787442970488,defined,12,134,0.0015995208743062243
2026-01-20,cv_3,ols_all,all,0.052890260035156844,0.01766985030301512,0.03522040973214172,0.12564332212069876,0.9417922932131286,0.010621351907197972,defined,12,134,0.0015995208743062243
2026-01-21,cv_3,ols_all,all,0.036644136792751913,-0.01321136219791322,0.04985549899066513,0.07532366329485095,1.2963528875478236,0.011407931960714003,defined,12,134,0.0015995208743062243
2026-01-22,cv_3,ols_all,all,0.026719970703125373,-0.003129102839550613,0.029849073542675984,0.060382243120342495,0.7699460445264957,0.003174661062337096,defined,12,134,0.0015995208743062243
2026-01-23,cv_3,ols_all,all,0.021211803499803672,-0.005486001025573993,0.026697804525377664,0.06534931954561474,0.6904876728749268,0.002777936771268085,defined,12,134,0.0015995208743062243
2026-01-26,cv_3,ols_all,all,-0.008705430650460033,-0.009067382075153242,0.00036195142469320866,0.055313015506337035,0.009311322491347054,4.230394749898781e-07,defined,12,134,0.0015995208743062243
2026-01-27,cv_3,ols_all,all,-0.057144391124708926,-0.02168999170248847,-0.03545439942222046,0.061525070031638096,-0.9150900627067027,0.004574839619251537,defined,12,134,0.0015995208743062243
2026-01-28,cv_3,ols_all,all,-0.089630993125969,-0.021509628819974216,-0.06812136430599479,0.07616548093235319,-1.772112497445115,0.021575721805388956,defined,12,134,0.0015995208743062243
2026-01-29,cv_3,ols_all,all,-0.1010930450935067,-0.022521402522145455,-0.07857164257136123,0.0866414526806484,-2.0556549937966238,0.03340439705246595,defined,12,134,0.0015995208743062243
2026-01-30,cv_3,ols_all,all,-0.009561930103170857,-0.014164819001853382,0.004602888898682525,0.08432273431571745,0.12027194114788312,0.00011100681546239891,defined,12,134,0.0015995208743062243
2026-02-02,cv_3,ols_all,all,0.020403713922292566,-0.005555724990309176,0.025959438912601742,0.10831935460344638,0.6873780746281516,0.004783071006333,defined,12,134,0.0015995208743062243
2026-02-03,cv_3,ols_all,all,0.05059615642800486,0.0019032925512140033,0.04869286387679085,0.11489226380566234,1.2941132802198045,0.018115819795888933,defined,12,134,0.0015995208743062243
2026-02-04,cv_3,ols_all,all,0.08643463676352114,0.014789723462799276,0.07164491330072187,0.08820685058547563,1.876040643588757,0.028373259550183154,defined,12,134,0.0015995208743062243
2026-02-05,cv_3,ols_all,all,0.05801120526555592,0.01979380071548916,0.03821740455006676,0.07578171814995632,0.9939829982663427,0.0067509759135680365,defined,12,134,0.0015995208743062243
2026-02-06,cv_3,ols_all,all,-0.007869298770593947,-0.0010629034041044524,-0.006806395366489494,0.4084608053285809,-0.22127403408582463,0.00281738711927211,defined,12,134,0.0015995208743062243
2026-02-09,cv_3,ols_all,all,-0.03349359127686513,0.0028939890485879015,-0.036387580325453035,0.08301601174701352,-0.9501175602643859,0.006810414680006182,defined,12,134,0.0015995208743062243
2026-02-10,cv_3,ols_all,all,-0.023226818870281996,0.02188867221097265,-0.04511549108125465,0.06036567541981289,-1.1637274977958665,0.007250242587349642,defined,12,134,0.0015995208743062243
2026-02-11,cv_3,ols_all,all,-0.02657620533209415,-0.0011147478607277772,-0.025461457471366373,0.06790139169784218,-0.6594128016875235,0.002639674143564147,defined,12,134,0.0015995208743062243
2026-02-12,cv_3,ols_all,all,0.012481393482003389,0.0026970762096486705,0.00978431727235472,0.07746009245925836,0.2547082370077087,0.00045393908986700093,defined,12,134,0.0015995208743062243
2026-02-13,cv_3,ols_all,all,0.05392023687349545,0.00891667877357771,0.04500355809991774,0.06917466101236851,1.166320198699536,0.008424287702054221,defined,12,134,0.0015995208743062243
2026-02-17,cv_3,ols_all,all,0.021721886641142163,-0.015803398694048953,0.037525285335191116,0.08094334276780299,0.9787187410919236,0.007030292808015649,defined,12,134,0.0015995208743062243
2026-02-18,cv_3,ols_all,all,0.0454399663794367,-0.009387247629911409,0.05482721400934811,0.07592980373005244,1.4260959301186826,0.013925908869599685,defined,12,134,0.0015995208743062243
2026-02-19,cv_3,ols_all,all,-0.009004705304271221,-0.010653006770812708,0.0016483014665414873,0.07638485042753877,0.04288408666898503,1.2674395902692473e-05,defined,12,134,0.0015995208743062243
2026-02-20,cv_3,ols_all,all,-0.07424238196560962,-0.022589950559049853,-0.051652431406559764,0.0690316560701332,-1.3385307624135387,0.011071050857933327,defined,12,134,0.0015995208743062243
2026-02-23,cv_3,ols_all,all,-0.047052115030341346,-0.02911494077963708,-0.017937174250704267,0.06839114988419379,-0.4646674682577439,0.0013208989366564523,defined,12,134,0.0015995208743062243
2026-02-24,cv_3,ols_all,all,-0.07405499677285832,-0.04437014703101434,-0.029684849741843974,0.08606411538789159,-0.776393756052556,0.004730305625952972,defined,12,134,0.0015995208743062243
2026-02-25,cv_3,ols_all,all,-0.05780620136589987,-0.053089982903873366,-0.004716218462026502,0.09358475512783676,-0.12386122112691948,0.00013199800752017592,defined,12,134,0.0015995208743062243
2026-02-26,cv_3,ols_all,all,0.011531014278017393,-0.012825274956663264,0.024356289234680657,0.18747854847961093,0.67561416865263,0.008776735254449566,defined,12,134,0.0015995208743062243
2026-02-27,cv_3,ols_all,all,0.016056299100523974,-0.009382029786862759,0.025438328887386733,0.11852848516120475,0.6774690831859284,0.00514294839752683,defined,12,134,0.0015995208743062243
2026-03-02,cv_3,ols_all,all,0.023306562133977193,-0.0433072508699707,0.06661381300394789,0.15667208977429967,1.8137235858812413,0.050927940969157336,defined,12,134,0.0015995208743062243
2026-03-03,cv_3,ols_all,all,0.023996906298317855,-0.013323934774031598,0.03732084107234945,0.09891226727880179,0.9830439343707776,0.0088399068611627,defined,12,134,0.0015995208743062243
2026-03-04,cv_3,ols_all,all,0.02682563702307661,-0.01940470406802907,0.04623034109110568,0.08278147381619268,1.2069679351007727,0.010956467508176622,defined,12,134,0.0015995208743062243
2026-03-05,cv_3,ols_all,all,0.01834966147106476,-0.01196757091718621,0.03031723238825097,0.07209508977509742,0.7869422454703385,0.004009652062932193,defined,12,134,0.0015995208743062243
2026-03-06,cv_3,ols_all,all,0.019340599069906705,0.010594804713255752,0.008745794356650953,0.07150371676172854,0.22694165647779585,0.0003305184005012897,defined,12,134,0.0015995208743062243
2026-03-09,cv_3,ols_all,all,0.0044956543402303595,0.0013212162334974896,0.00317443810673287,0.06828321913444513,0.0822299353958382,4.129606985145495e-05,defined,12,134,0.0015995208743062243
2026-03-10,cv_3,ols_all,all,-0.021408266945987964,0.00964841186301459,-0.031056678809002553,0.044635842876319325,-0.7944664881192672,0.002457450144560729,defined,12,134,0.0015995208743062243
2026-03-11,cv_3,ols_all,all,-0.01983161692340185,0.009116289975388436,-0.028947906898790288,0.04820306346331247,-0.7419080097217212,0.0023230000057086492,defined,12,134,0.0015995208743062243
2026-03-12,cv_3,ols_all,all,-0.03439325477680888,0.010106204557046975,-0.04449945933385585,0.044277080666388795,-1.1381349967903343,0.005000958921038353,defined,12,134,0.0015995208743062243
2026-03-13,cv_3,ols_all,all,-0.056129443099653176,0.008734669804182561,-0.06486411290383573,0.051305948942745115,-1.6651234546064575,0.012495486734617478,defined,12,134,0.0015995208743062243
2026-03-16,cv_3,ols_all,all,-0.05090240080632602,-0.008222988307078478,-0.042679412499247546,0.06598428250102895,-1.1041965457149847,0.007177907153619359,defined,12,134,0.0015995208743062243
2026-03-17,cv_3,ols_all,all,-0.03989477723446799,-0.006288590988597095,-0.033606186245870896,0.05991616404726875,-0.8666444919549817,0.003989129471914962,defined,12,134,0.0015995208743062243
2026-03-18,cv_3,ols_all,all,0.0037638233224011053,-0.006269407604289625,0.01003323092669073,0.06089443120046217,0.25887412510111324,0.00036212558063664687,defined,12,134,0.0015995208743062243
2026-03-19,cv_3,ols_all,all,-0.03797749722941535,-0.015093525740099334,-0.022883971489316014,0.0790285483132554,-0.5962293596964672,0.0025420454195826535,defined,12,134,0.0015995208743062243
2026-03-20,cv_3,ols_all,all,-0.054947481305486434,0.00864404230506141,-0.06359152361054785,0.08056784575241763,-1.6582287117497225,0.020079351336015117,defined,12,134,0.0015995208743062243
2026-03-23,cv_3,ols_all,all,-0.055253695366566546,-0.010107210219727707,-0.04514648514683884,0.09928811505636322,-1.189422203690349,0.012995775772580407,defined,12,134,0.0015995208743062243
2026-03-24,cv_3,ols_all,all,-0.015245692343189843,0.0039067191917260035,-0.019152411534915845,0.07004258059253855,-0.4965888649344303,0.0015477890966977006,defined,12,134,0.0015995208743062243
2026-03-25,cv_3,ols_all,all,-0.0018175004879137369,-0.0003577042838643974,-0.0014597962040493395,0.07128660522784801,-0.03787532945830041,9.17609321111199e-06,defined,12,134,0.0015995208743062243
2026-03-26,cv_3,ols_all,all,0.04347058464499076,0.05343370532225548,-0.009963120677264715,0.09890288140446218,-0.26243069714581807,0.0006299199538676951,defined,12,134,0.0015995208743062243
2026-03-27,cv_3,ols_all,all,0.05249437536693691,0.05655618506633268,-0.00406180969939577,0.06179500295246297,-0.10485176497992575,6.0342855862449175e-05,defined,12,134,0.0015995208743062243
2026-03-30,cv_3,ols_all,all,0.06665870995653123,0.06841727624095272,-0.0017585662844214894,0.09610288986376185,-0.04624920666695056,1.895155186512577e-05,defined,12,134,0.0015995208743062243
2026-03-31,cv_3,ols_all,all,0.03454546494917432,0.054928050797957796,-0.020382585848783476,0.15296846703952854,-0.5537510145576838,0.004614771054243777,defined,12,134,0.0015995208743062243
2026-04-01,cv_3,ols_all,all,0.06812644607562457,0.08017385230916267,-0.012047406233538102,0.08578760356604327,-0.3150467804489842,0.0007761510973669987,defined,12,134,0.0015995208743062243
2026-04-02,cv_3,ols_all,all,0.0647437400293771,0.07326537672165707,-0.008521636692279969,0.10894449651484223,-0.22572293062828713,0.0005191234574113017,defined,12,134,0.0015995208743062243
2026-04-06,cv_3,ols_all,all,0.07727765413543719,0.0842787735654527,-0.007001119430015509,0.08993777209713005,-0.1835003873997352,0.00027730886971466377,defined,12,134,0.0015995208743062243
2026-04-07,cv_3,ols_all,all,0.06509482117526288,0.07622740161795108,-0.011132580442688195,0.08597801257792657,-0.29115386815289007,0.0006644994740060295,defined,12,134,0.0015995208743062243
2026-04-08,cv_3,ols_all,all,0.09365375672166265,0.0724067905142858,0.021246966207376858,0.12101881554604961,0.5666464623778237,0.00368397298577794,defined,12,134,0.0015995208743062243
2026-04-09,cv_3,ols_all,all,0.07617605518365034,0.07111811284472148,0.005057942338928853,0.07780927312131153,0.13169477436307178,0.0001219456874834286,defined,12,134,0.0015995208743062243
2026-04-10,cv_3,ols_all,all,0.08412618394440408,0.060285499287588834,0.023840684656815242,0.07897889479839604,0.62113925404381,0.002757008951481816,defined,12,134,0.0015995208743062243
2026-04-13,cv_3,ols_all,all,0.058792713456342405,0.061192697169253046,-0.0023999837129106416,0.08379422332588682,-0.06269267855545703,2.9955285232905214e-05,defined,12,134,0.0015995208743062243
2026-04-14,cv_3,ols_all,all,0.016994055717795442,0.04103712387388651,-0.024043068156091064,0.0915999418836968,-0.6307486865178691,0.0033431010838792397,defined,12,134,0.0015995208743062243
2026-04-15,cv_3,ols_all,all,0.025680025894265768,0.03878834719123921,-0.013108321296973445,0.080072310363791,-0.34172383855045385,0.0008470284048693707,defined,12,134,0.0015995208743062243
2026-04-16,cv_3,ols_all,all,-0.0013006228853142954,0.01996569026303062,-0.021266313148344915,0.07271497667163321,-0.5521926552763379,0.0019925564277129943,defined,12,134,0.0015995208743062243
2026-04-17,cv_3,ols_all,all,0.04145418902906939,-0.00036348136172081684,0.04181767039079021,0.0812361153224878,1.0908446887233518,0.008767783731965878,defined,12,134,0.0015995208743062243
2026-04-20,cv_3,ols_all,all,0.07163704238731938,-0.003573925656576365,0.07521096804389575,0.07142380132974582,1.9515399612476199,0.024411758460808026,defined,12,134,0.0015995208743062243
2026-04-21,cv_3,ols_all,all,0.06059999175528885,-0.0013764497861470657,0.06197644154143592,0.06790369331946662,1.605097016109776,0.015640619040918437,defined,12,134,0.0015995208743062243
2026-04-22,cv_3,ols_all,all,0.033537454613092876,-0.018058113585669958,0.051595568198762834,0.06761876842429913,1.336043757042195,0.010787823981732893,defined,12,134,0.0015995208743062243
2026-04-23,cv_3,ols_all,all,-0.0019503869601610324,-0.011225404103298128,0.009275017143137096,0.06042429216964296,0.23925106243478778,0.0003067653447100497,defined,12,134,0.0015995208743062243
2026-04-24,cv_3,ols_all,all,-0.053422357616534244,-0.03191676939383857,-0.021505588222695673,0.13589957862323587,-0.5784612362309434,0.004385520747223545,defined,12,134,0.0015995208743062243
2026-04-27,cv_3,ols_all,all,-0.05255625317163082,-0.03288011309359315,-0.01967614007803767,0.14203392005726498,-0.5311410778471158,0.003891889403964371,defined,12,134,0.0015995208743062243
2026-04-28,cv_3,ols_all,all,-0.07616359746438661,-0.023173438372945512,-0.0529901590914411,0.16830030998527232,-1.452837354038747,0.0355935352287293,defined,12,134,0.0015995208743062243
2026-04-29,cv_3,ols_all,all,-0.010003291182741125,-0.026218385571422375,0.01621509438868125,0.184381567936291,0.4489324609841633,0.003796743377883393,defined,12,134,0.0015995208743062243
2026-04-30,cv_3,ols_all,all,0.050775046118265,-0.018504635595272694,0.0692796817135377,0.22670527202491864,1.9698737957099464,0.094800827975272,defined,12,134,0.0015995208743062243
