date,fold,feature_spec,feature_name,raw_validation_value,was_validation_missing,imputed_validation_value,training_median,training_scaler_mean,training_scaler_scale,validation_zscore,abs_validation_zscore
2026-02-26,cv_1,market,simple_return,-0.0545612512893816,False,-0.0545612512893816,-0.0011109090129327,0.00028598184748099075,0.022691677285319588,-2.4170638621035776,2.4170638621035776
2026-02-27,cv_1,market,simple_return,-0.0416463679683114,False,-0.0416463679683114,-0.0011109090129327,0.00028598184748099075,0.022691677285319588,-1.8479175994152086,1.8479175994152086
2026-03-02,cv_1,market,simple_return,0.0298549196526034,False,0.0298549196526034,-0.0011109090129327,0.00028598184748099075,0.022691677285319588,1.3030741374174255,1.3030741374174255
2026-03-03,cv_1,market,simple_return,-0.013316488013346,False,-0.013316488013346,-0.0011109090129327,0.00028598184748099075,0.022691677285319588,-0.5994475282630221,0.5994475282630221
2026-03-04,cv_1,market,simple_return,0.0166064436750688,False,0.0166064436750688,-0.0011109090129327,0.00028598184748099075,0.022691677285319588,0.7192267729872202,0.7192267729872202
2026-03-05,cv_1,market,simple_return,0.0016390027467323,False,0.0016390027467323,-0.0011109090129327,0.00028598184748099075,0.022691677285319588,0.05962630625487733,0.05962630625487733
2026-03-06,cv_1,market,simple_return,-0.0301079367510115,False,-0.0301079367510115,-0.0011109090129327,0.00028598184748099075,0.022691677285319588,-1.3394302332228158,1.3394302332228158
2026-03-09,cv_1,market,simple_return,0.0271622223221437,False,0.0271622223221437,-0.0011109090129327,0.00028598184748099075,0.022691677285319588,1.1844096025484345,1.1844096025484345
2026-03-10,cv_1,market,simple_return,0.0116069556354763,False,0.0116069556354763,-0.0011109090129327,0.00028598184748099075,0.022691677285319588,0.4989042302007102,0.4989042302007102
2026-03-11,cv_1,market,simple_return,0.0068192589581692,False,0.0068192589581692,-0.0011109090129327,0.00028598184748099075,0.022691677285319588,0.28791512538012876,0.28791512538012876
2026-03-12,cv_1,market,simple_return,-0.0155351255636844,False,-0.0155351255636844,-0.0011109090129327,0.00028598184748099075,0.022691677285319588,-0.6972207127853381,0.6972207127853381
2026-03-13,cv_1,market,simple_return,-0.0157802741033087,False,-0.0157802741033087,-0.0011109090129327,0.00028598184748099075,0.022691677285319588,-0.7080241688957817,0.7080241688957817
2026-03-16,cv_1,market,simple_return,0.0164771218901698,False,0.0164771218901698,-0.0011109090129327,0.00028598184748099075,0.022691677285319588,0.7135276885487742,0.7135276885487742
2026-03-17,cv_1,market,simple_return,-0.0070407626696168,False,-0.0070407626696168,-0.0011109090129327,0.00028598184748099075,0.022691677285319588,-0.32288245707768104,0.32288245707768104
2026-03-18,cv_1,market,simple_return,-0.0084098215846326,False,-0.0084098215846326,-0.0011109090129327,0.00028598184748099075,0.022691677285319588,-0.3832155429840946,0.3832155429840946
2026-03-19,cv_1,market,simple_return,-0.0101995365861623,False,-0.0101995365861623,-0.0011109090129327,0.00028598184748099075,0.022691677285319588,-0.46208653074873896,0.46208653074873896
2026-03-20,cv_1,market,simple_return,-0.0328181042253241,False,-0.0328181042253241,-0.0011109090129327,0.00028598184748099075,0.022691677285319588,-1.4588646602259687,1.4588646602259687
2026-03-23,cv_1,market,simple_return,0.0170237550281333,False,0.0170237550281333,-0.0011109090129327,0.00028598184748099075,0.022691677285319588,0.7376172757172443,0.7376172757172443
2026-03-24,cv_1,market,simple_return,-0.0025051380262768,False,-0.0025051380262768,-0.0011109090129327,0.00028598184748099075,0.022691677285319588,-0.12300191998427147,0.12300191998427147
2026-03-25,cv_1,market,simple_return,0.0198629896584252,False,0.0198629896584252,-0.0011109090129327,0.00028598184748099075,0.022691677285319588,0.8627395659116651,0.8627395659116651
2026-03-26,cv_1,market,simple_return,-0.0416386136533887,False,-0.0416386136533887,-0.0011109090129327,0.00028598184748099075,0.022691677285319588,-1.8475758743490007,1.8475758743490007
2026-03-27,cv_1,market,simple_return,-0.0217239027176486,False,-0.0217239027176486,-0.0011109090129327,0.00028598184748099075,0.022691677285319588,-0.9699540623807882,0.9699540623807882
2026-03-30,cv_1,market,simple_return,-0.0140282118169808,False,-0.0140282118169808,-0.0011109090129327,0.00028598184748099075,0.022691677285319588,-0.6308124994234066,0.6308124994234066
2026-03-31,cv_1,market,simple_return,0.0558817934846622,False,0.0558817934846622,-0.0011109090129327,0.00028598184748099075,0.022691677285319588,2.450052983661503,2.450052983661503
2026-04-01,cv_1,market,simple_return,0.0077408609562046,False,0.0077408609562046,-0.0011109090129327,0.00028598184748099075,0.022691677285319588,0.3285292230709871,0.3285292230709871
2026-02-26,cv_1,market,log_return,-0.0561061748851635,False,-0.0561061748851635,-0.0011115265297292,2.9508116299229933e-05,0.022629184996429432,-2.4806763040878472,2.4806763040878472
2026-02-27,cv_1,market,log_return,-0.0425384333926578,False,-0.0425384333926578,-0.0011115265297292,2.9508116299229933e-05,0.022629184996429432,-1.88110802557289,1.88110802557289
2026-03-02,cv_1,market,log_return,0.0294179376143784,False,0.0294179376143784,-0.0011115265297292,2.9508116299229933e-05,0.022629184996429432,1.2986958877536354,1.2986958877536354
2026-03-03,cv_1,market,log_return,-0.0134059475184354,False,-0.0134059475184354,-0.0011115265297292,2.9508116299229933e-05,0.022629184996429432,-0.5937224710856602,0.5937224710856602
2026-03-04,cv_1,market,log_return,0.0164700644672649,False,0.0164700644672649,-0.0011115265297292,2.9508116299229933e-05,0.022629184996429432,0.726520038329253,0.726520038329253
2026-03-05,cv_1,market,log_return,0.0016376610475628,False,0.0016376610475628,-0.0011115265297292,2.9508116299229933e-05,0.022629184996429432,0.07106543746570254,0.07106543746570254
2026-03-06,cv_1,market,log_return,-0.0305704886772736,False,-0.0305704886772736,-0.0011115265297292,2.9508116299229933e-05,0.022629184996429432,-1.352235920047544,1.352235920047544
2026-03-09,cv_1,market,log_return,0.0267998759428952,False,0.0267998759428952,-0.0011115265297292,2.9508116299229933e-05,0.022629184996429432,1.183001854941747,1.183001854941747
2026-03-10,cv_1,market,log_return,0.0115401116653568,False,0.0115401116653568,-0.0011115265297292,2.9508116299229933e-05,0.022629184996429432,0.5086618696552165,0.5086618696552165
2026-03-11,cv_1,market,log_return,0.0067961129778422,False,0.0067961129778422,-0.0011115265297292,2.9508116299229933e-05,0.022629184996429432,0.2990211473639305,0.2990211473639305
2026-03-12,cv_1,market,log_return,-0.0156570601211533,False,-0.0156570601211533,-0.0011115265297292,2.9508116299229933e-05,0.022629184996429432,-0.6932007599888219,0.6932007599888219
2026-03-13,cv_1,market,log_return,-0.0159061081818228,False,-0.0159061081818228,-0.0011115265297292,2.9508116299229933e-05,0.022629184996429432,-0.7042063733464746,0.7042063733464746
2026-03-16,cv_1,market,log_return,0.0163428470845033,False,0.0163428470845033,-0.0011115265297292,2.9508116299229933e-05,0.022629184996429432,0.7208982104648526,0.7208982104648526
2026-03-17,cv_1,market,log_return,-0.0070656657992947,False,-0.0070656657992947,-0.0011115265297292,2.9508116299229933e-05,0.022629184996429432,-0.3135408507515162,0.3135408507515162
2026-03-18,cv_1,market,log_return,-0.0084453836549795,False,-0.0084453836549795,-0.0011115265297292,2.9508116299229933e-05,0.022629184996429432,-0.3745115775321095,0.3745115775321095
2026-03-19,cv_1,market,log_return,-0.0102519082750917,False,-0.0102519082750917,-0.0011115265297292,2.9508116299229933e-05,0.022629184996429432,-0.45434320294845765,0.45434320294845765
2026-03-20,cv_1,market,log_return,-0.0333686980384248,False,-0.0333686980384248,-0.0011115265297292,2.9508116299229933e-05,0.022629184996429432,-1.4758908091472938,1.4758908091472938
2026-03-23,cv_1,market,log_return,0.016880474736731,False,0.016880474736731,-0.0011115265297292,2.9508116299229933e-05,0.022629184996429432,0.744656364031255,0.744656364031255
2026-03-24,cv_1,market,log_return,-0.0025082811349201,False,-0.0025082811349201,-0.0011115265297292,2.9508116299229933e-05,0.022629184996429432,-0.11214673668626411,0.11214673668626411
2026-03-25,cv_1,market,log_return,0.0196682944096325,False,0.0196682944096325,-0.0011115265297292,2.9508116299229933e-05,0.022629184996429432,0.8678521253165767,0.8678521253165767
2026-03-26,cv_1,market,log_return,-0.0425303421377259,False,-0.0425303421377259,-0.0011115265297292,2.9508116299229933e-05,0.022629184996429432,-1.8807504671838813,1.8807504671838813
2026-03-27,cv_1,market,log_return,-0.0219633407290778,False,-0.0219633407290778,-0.0011115265297292,2.9508116299229933e-05,0.022629184996429432,-0.9718798467044744,0.9718798467044744
2026-03-30,cv_1,market,log_return,-0.014127537179291,False,-0.014127537179291,-0.0011115265297292,2.9508116299229933e-05,0.022629184996429432,-0.6256100384447788,0.6256100384447788
2026-03-31,cv_1,market,log_return,0.0543762410305363,False,0.0543762410305363,-0.0011115265297292,2.9508116299229933e-05,0.022629184996429432,2.401621309950501,2.401621309950501
2026-04-01,cv_1,market,log_return,0.0077110542131182,False,0.0077110542131182,-0.0011115265297292,2.9508116299229933e-05,0.022629184996429432,0.3394530601977495,0.3394530601977495
2026-02-26,cv_1,market,intraday_return,-0.0482833411052853,False,-0.0482833411052853,-0.0034331215146040997,-0.0031551391481495633,0.01930817729048011,-2.3372585241065806,2.3372585241065806
2026-02-27,cv_1,market,intraday_return,-0.0223999865301723,False,-0.0223999865301723,-0.0034331215146040997,-0.0031551391481495633,0.01930817729048011,-0.996720047288534,0.996720047288534
2026-03-02,cv_1,market,intraday_return,0.0426832835561932,False,0.0426832835561932,-0.0034331215146040997,-0.0031551391481495633,0.01930817729048011,2.3740419416463188,2.3740419416463188
2026-03-03,cv_1,market,intraday_return,0.0087399714862661,False,0.0087399714862661,-0.0034331215146040997,-0.0031551391481495633,0.01930817729048011,0.6160659525475013,0.6160659525475013
2026-03-04,cv_1,market,intraday_return,0.0144091709684543,False,0.0144091709684543,-0.0034331215146040997,-0.0031551391481495633,0.01930817729048011,0.9096824548666197,0.9096824548666197
2026-03-05,cv_1,market,intraday_return,0.0119776905165156,False,0.0119776905165156,-0.0034331215146040997,-0.0031551391481495633,0.01930817729048011,0.7837523675591274,0.7837523675591274
2026-03-06,cv_1,market,intraday_return,-0.0112321455449578,False,-0.0112321455449578,-0.0034331215146040997,-0.0031551391481495633,0.01930817729048011,-0.418320500961559,0.418320500961559
2026-03-09,cv_1,market,intraday_return,0.0329129220447002,False,0.0329129220447002,-0.0034331215146040997,-0.0031551391481495633,0.01930817729048011,1.868019992266857,1.868019992266857
2026-03-10,cv_1,market,intraday_return,0.0129934783732588,False,0.0129934783732588,-0.0034331215146040997,-0.0031551391481495633,0.01930817729048011,0.8363615725328166,0.8363615725328166
2026-03-11,cv_1,market,intraday_return,0.0006454473391632,False,0.0006454473391632,-0.0034331215146040997,-0.0031551391481495633,0.01930817729048011,0.19683818053538596,0.19683818053538596
2026-03-12,cv_1,market,intraday_return,-0.0049443284271691,False,-0.0049443284271691,-0.0034331215146040997,-0.0031551391481495633,0.01930817729048011,-0.09266484619973402,0.09266484619973402
2026-03-13,cv_1,market,intraday_return,-0.0252541543109834,False,-0.0252541543109834,-0.0034331215146040997,-0.0031551391481495633,0.01930817729048011,-1.1445417571201684,1.1445417571201684
2026-03-16,cv_1,market,intraday_return,0.0013663442003175,False,0.0013663442003175,-0.0034331215146040997,-0.0031551391481495633,0.01930817729048011,0.23417453032691898,0.23417453032691898
2026-03-17,cv_1,market,intraday_return,-0.0169134600891878,False,-0.0169134600891878,-0.0034331215146040997,-0.0031551391481495633,0.01930817729048011,-0.7125644608526447,0.7125644608526447
2026-03-18,cv_1,market,intraday_return,-0.0113985197268432,False,-0.0113985197268432,-0.0034331215146040997,-0.0031551391481495633,0.01930817729048011,-0.42693727402006154,0.42693727402006154
2026-03-19,cv_1,market,intraday_return,0.0030897313000965,False,0.0030897313000965,-0.0034331215146040997,-0.0031551391481495633,0.01930817729048011,0.32343138113430797,0.32343138113430797
2026-03-20,cv_1,market,intraday_return,-0.0297752980435832,False,-0.0297752980435832,-0.0034331215146040997,-0.0031551391481495633,0.01930817729048011,-1.3786986982224727,1.3786986982224727
2026-03-23,cv_1,market,intraday_return,-0.0091390904174095,False,-0.0091390904174095,-0.0034331215146040997,-0.0031551391481495633,0.01930817729048011,-0.30991797823455464,0.30991797823455464
2026-03-24,cv_1,market,intraday_return,0.0021163136378905,False,0.0021163136378905,-0.0034331215146040997,-0.0031551391481495633,0.01930817729048011,0.2730165932668927,0.2730165932668927
2026-03-25,cv_1,market,intraday_return,0.008921437141804,False,0.008921437141804,-0.0034331215146040997,-0.0031551391481495633,0.01930817729048011,0.6254643360825112,0.6254643360825112
2026-03-26,cv_1,market,intraday_return,-0.0274322805141969,False,-0.0274322805141969,-0.0034331215146040997,-0.0031551391481495633,0.01930817729048011,-1.2573502408234656,1.2573502408234656
2026-03-27,cv_1,market,intraday_return,-0.0145882101619945,False,-0.0145882101619945,-0.0034331215146040997,-0.0031551391481495633,0.01930817729048011,-0.5921362147157209,0.5921362147157209
2026-03-30,cv_1,market,intraday_return,-0.0213887939119619,False,-0.0213887939119619,-0.0034331215146040997,-0.0031551391481495633,0.01930817729048011,-0.9443488367388482,0.9443488367388482
2026-03-31,cv_1,market,intraday_return,0.0444989676077212,False,0.0444989676077212,-0.0034331215146040997,-0.0031551391481495633,0.01930817729048011,2.468078992591735,2.468078992591735
2026-04-01,cv_1,market,intraday_return,-0.0014204545454545,False,-0.0014204545454545,-0.0034331215146040997,-0.0031551391481495633,0.01930817729048011,0.08984196574320606,0.08984196574320606
2026-02-26,cv_1,market,daily_range,0.0539238790352457,False,0.0539238790352457,0.02567096643920575,0.02965174908094993,0.01438011773598153,1.687895078463977,1.687895078463977
2026-02-27,cv_1,market,daily_range,0.0350470758480388,False,0.0350470758480388,0.02567096643920575,0.02965174908094993,0.01438011773598153,0.37519350440287685,0.37519350440287685
2026-03-02,cv_1,market,daily_range,0.0483341052757799,False,0.0483341052757799,0.02567096643920575,0.02965174908094993,0.01438011773598153,1.299179640795534,1.299179640795534
2026-03-03,cv_1,market,daily_range,0.0221049467374626,False,0.0221049467374626,0.02567096643920575,0.02965174908094993,0.01438011773598153,-0.5248081053330967,0.5248081053330967
2026-03-04,cv_1,market,daily_range,0.0253496479449443,False,0.0253496479449443,0.02567096643920575,0.02965174908094993,0.01438011773598153,-0.2991700913018975,0.2991700913018975
2026-03-05,cv_1,market,daily_range,0.0337078258930018,False,0.0337078258930018,0.02567096643920575,0.02965174908094993,0.01438011773598153,0.2820614466808481,0.2820614466808481
2026-03-06,cv_1,market,daily_range,0.0334044929589213,False,0.0334044929589213,0.02567096643920575,0.02965174908094993,0.01438011773598153,0.2609675349584487,0.2609675349584487
2026-03-09,cv_1,market,daily_range,0.0402409326533082,False,0.0402409326533082,0.02567096643920575,0.02965174908094993,0.01438011773598153,0.736376695015668,0.736376695015668
2026-03-10,cv_1,market,daily_range,0.0239757960282222,False,0.0239757960282222,0.02567096643920575,0.02965174908094993,0.01438011773598153,-0.39470838535108216,0.39470838535108216
2026-03-11,cv_1,market,daily_range,0.0170402525923044,False,0.0170402525923044,0.02567096643920575,0.02965174908094993,0.01438011773598153,-0.8770092651668209,0.8770092651668209
2026-03-12,cv_1,market,daily_range,0.017418381850156,False,0.017418381850156,0.02567096643920575,0.02965174908094993,0.01438011773598153,-0.8507139826945879,0.8507139826945879
2026-03-13,cv_1,market,daily_range,0.0341192449180826,False,0.0341192449180826,0.02567096643920575,0.02965174908094993,0.01438011773598153,0.31067171487436646,0.31067171487436646
2026-03-16,cv_1,market,daily_range,0.0407706646159495,False,0.0407706646159495,0.02567096643920575,0.02965174908094993,0.01438011773598153,0.7732144992928763,0.7732144992928763
2026-03-17,cv_1,market,daily_range,0.0204474323666499,False,0.0204474323666499,0.02567096643920575,0.02965174908094993,0.01438011773598153,-0.6400724168807912,0.6400724168807912
2026-03-18,cv_1,market,daily_range,0.016906891102823,False,0.016906891102823,0.02567096643920575,0.02965174908094993,0.01438011773598153,-0.8862832844711069,0.8862832844711069
2026-03-19,cv_1,market,daily_range,0.0234655157857028,False,0.0234655157857028,0.02567096643920575,0.02965174908094993,0.01438011773598153,-0.43019350806621753,0.43019350806621753
2026-03-20,cv_1,market,daily_range,0.0378690990254784,False,0.0378690990254784,0.02567096643920575,0.02965174908094993,0.01438011773598153,0.5714382938581405,0.5714382938581405
2026-03-23,cv_1,market,daily_range,0.0205534082378522,False,0.0205534082378522,0.02567096643920575,0.02965174908094993,0.01438011773598153,-0.6327028060648012,0.6327028060648012
2026-03-24,cv_1,market,daily_range,0.0127854197042355,False,0.0127854197042355,0.02567096643920575,0.02965174908094993,0.01438011773598153,-1.1728923007710828,1.1728923007710828
2026-03-25,cv_1,market,daily_range,0.0244571037402992,False,0.0244571037402992,0.02567096643920575,0.02965174908094993,0.01438011773598153,-0.3612380257258138,0.3612380257258138
2026-03-26,cv_1,market,daily_range,0.0313594659245784,False,0.0313594659245784,0.02567096643920575,0.02965174908094993,0.01438011773598153,0.11875541459271036,0.11875541459271036
2026-03-27,cv_1,market,daily_range,0.0236390079564854,False,0.0236390079564854,0.02567096643920575,0.02965174908094993,0.01438011773598153,-0.418128782730312,0.418128782730312
2026-03-30,cv_1,market,daily_range,0.0313615834183327,False,0.0313615834183327,0.02567096643920575,0.02965174908094993,0.01438011773598153,0.11890266608210526,0.11890266608210526
2026-03-31,cv_1,market,daily_range,0.0439219533910472,False,0.0439219533910472,0.02567096643920575,0.02965174908094993,0.01438011773598153,0.9923565698207577,0.9923565698207577
2026-04-01,cv_1,market,daily_range,0.0149075113353485,False,0.0149075113353485,0.02567096643920575,0.02965174908094993,0.01438011773598153,-1.0253210729081033,1.0253210729081033
2026-02-26,cv_1,market,sma_5,190.9340026855469,False,190.9340026855469,185.30899963378903,185.93922993342082,5.619094730116829,0.8888927829166922,0.8888927829166922
2026-02-27,cv_1,market,sma_5,188.4080017089844,False,188.4080017089844,185.30899963378903,185.93922993342082,5.619094730116829,0.4393540052513473,0.4393540052513473
2026-03-02,cv_1,market,sma_5,186.5940002441406,False,186.5940002441406,185.30899963378903,185.93922993342082,5.619094730116829,0.11652594273066647,0.11652594273066647
2026-03-03,cv_1,market,sma_5,184.03399963378905,False,184.03399963378905,185.30899963378903,185.93922993342082,5.619094730116829,-0.3390635664887884,0.3390635664887884
2026-03-04,cv_1,market,sma_5,181.52999877929688,False,181.52999877929688,185.30899963378903,185.93922993342082,5.619094730116829,-0.7846871010185426,0.7846871010185426
2026-03-05,cv_1,market,sma_5,181.21999816894527,False,181.21999816894527,185.30899963378903,185.93922993342082,5.619094730116829,-0.8398562386182502,0.8398562386182502
2026-03-06,cv_1,market,sma_5,181.34599914550785,False,181.34599914550785,185.30899963378903,185.93922993342082,5.619094730116829,-0.8174325240139656,0.8174325240139656
2026-03-09,cv_1,market,sma_5,181.37999877929687,False,181.37999877929687,185.30899963378903,185.93922993342082,5.619094730116829,-0.8113817924598606,0.8113817924598606
2026-03-10,cv_1,market,sma_5,182.3239990234375,False,182.3239990234375,185.30899963378903,185.93922993342082,5.619094730116829,-0.6433831575407805,0.6433831575407805
2026-03-11,cv_1,market,sma_5,182.9220001220703,False,182.9220001220703,185.30899963378903,185.93922993342082,5.619094730116829,-0.5369601254769708,0.5369601254769708
2026-03-12,cv_1,market,sma_5,182.8820007324219,False,182.8820007324219,185.30899963378903,185.93922993342082,5.619094730116829,-0.5440786012403405,0.5440786012403405
2026-03-13,cv_1,market,sma_5,183.3679992675781,False,183.3679992675781,185.30899963378903,185.93922993342082,5.619094730116829,-0.45758806166082305,0.45758806166082305
2026-03-16,cv_1,market,sma_5,183.48200073242188,False,183.48200073242188,185.30899963378903,185.93922993342082,5.619094730116829,-0.4372998354750729,0.4372998354750729
2026-03-17,cv_1,market,sma_5,182.91399841308595,False,182.91399841308595,185.30899963378903,185.93922993342082,5.619094730116829,-0.5383841464925742,0.5383841464925742
2026-03-18,cv_1,market,sma_5,181.78799743652343,False,181.78799743652343,185.30899963378903,185.93922993342082,5.619094730116829,-0.7387724707056297,0.7387724707056297
2026-03-19,cv_1,market,sma_5,180.8719970703125,False,180.8719970703125,185.30899963378903,185.93922993342082,5.619094730116829,-0.9017881182798596,0.9017881182798596
2026-03-20,cv_1,market,sma_5,179.36199645996095,False,179.36199645996095,185.30899963378903,185.93922993342082,5.619094730116829,-1.1705147874100923,1.1705147874100923
2026-03-23,cv_1,market,sma_5,177.84599609375,False,177.84599609375,185.30899963378903,185.93922993342082,5.619094730116829,-1.4403092007495948,1.4403092007495948
2026-03-24,cv_1,market,sma_5,176.4999969482422,False,176.4999969482422,185.30899963378903,185.93922993342082,5.619094730116829,-1.6798494132136415,1.6798494132136415
2026-03-25,cv_1,market,sma_5,176.15599670410157,False,176.15599670410157,185.30899963378903,185.93922993342082,5.619094730116829,-1.7410692823674543,1.7410692823674543
2026-03-26,cv_1,market,sma_5,174.69199829101564,False,174.69199829101564,185.30899963378903,185.93922993342082,5.619094730116829,-2.0016091884201668,2.0016091884201668
2026-03-27,cv_1,market,sma_5,173.65599975585937,False,173.65599975585937,185.30899963378903,185.93922993342082,5.619094730116829,-2.185980263284521,2.185980263284521
2026-03-30,cv_1,market,sma_5,171.56199951171874,False,171.56199951171874,185.30899963378903,185.93922993342082,5.619094730116829,-2.5586381992537004,2.5586381992537004
2026-03-31,cv_1,market,sma_5,171.4019989013672,False,171.4019989013672,185.30899963378903,185.93922993342082,5.619094730116829,-2.5871126454120796,2.5871126454120796
2026-04-01,cv_1,market,sma_5,170.81600036621094,False,170.81600036621094,185.30899963378903,185.93922993342082,5.619094730116829,-2.6913996459524796,2.6913996459524796
2026-02-26,cv_1,market,sma_20,186.7485000610352,False,186.7485000610352,185.5185005187988,185.97273004055023,3.332890459411112,0.2327619314023421,0.2327619314023421
2026-02-27,cv_1,market,sma_20,185.98250045776368,False,185.98250045776368,185.5185005187988,185.97273004055023,3.332890459411112,0.002931514651451209,0.002931514651451209
2026-03-02,cv_1,market,sma_20,185.55,False,185.55,185.5185005187988,185.97273004055023,3.332890459411112,-0.12683586385401718,0.12683586385401718
2026-03-03,cv_1,market,sma_20,185.27200012207032,False,185.27200012207032,185.5185005187988,185.97273004055023,3.332890459411112,-0.21024690940599347,0.21024690940599347
2026-03-04,cv_1,market,sma_20,185.40699996948243,False,185.40699996948243,185.5185005187988,185.97273004055023,3.332890459411112,-0.16974157355527464,0.16974157355527464
2026-03-05,cv_1,market,sma_20,185.86449966430663,False,185.86449966430663,185.5185005187988,185.97273004055023,3.332890459411112,-0.032473427363322406,0.032473427363322406
2026-03-06,cv_1,market,sma_20,186.16149978637696,False,186.16149978637696,185.5185005187988,185.97273004055023,3.332890459411112,0.05663844885561773,0.05663844885561773
2026-03-09,cv_1,market,sma_20,186.0234992980957,False,186.0234992980957,185.5185005187988,185.97273004055023,3.332890459411112,0.015232801126750668,0.015232801126750668
2026-03-10,cv_1,market,sma_20,185.7599998474121,False,185.7599998474121,185.5185005187988,185.97273004055023,3.332890459411112,-0.06382753820709593,0.06382753820709593
2026-03-11,cv_1,market,sma_20,185.6345001220703,False,185.6345001220703,185.5185005187988,185.97273004055023,3.332890459411112,-0.1014824587243371,0.1014824587243371
2026-03-12,cv_1,market,sma_20,185.28899993896485,False,185.28899993896485,185.5185005187988,185.97273004055023,3.332890459411112,-0.20514628665779513,0.20514628665779513
2026-03-13,cv_1,market,sma_20,184.95449981689453,False,184.95449981689453,185.5185005187988,185.97273004055023,3.332890459411112,-0.30550965777483646,0.30550965777483646
2026-03-16,cv_1,market,sma_20,184.975,False,184.975,185.5185005187988,185.97273004055023,3.332890459411112,-0.2993587856249336,0.2993587856249336
2026-03-17,cv_1,market,sma_20,184.8229995727539,False,184.8229995727539,185.5185005187988,185.97273004055023,3.332890459411112,-0.3449649731361039,0.3449649731361039
2026-03-18,cv_1,market,sma_20,184.4439994812012,False,184.4439994812012,185.5185005187988,185.97273004055023,3.332890459411112,-0.4586801090423938,0.4586801090423938
2026-03-19,cv_1,market,sma_20,183.97699966430665,False,183.97699966430665,185.5185005187988,185.97273004055023,3.332890459411112,-0.5987986705678322,0.5987986705678322
2026-03-20,cv_1,market,sma_20,183.12099914550785,False,183.12099914550785,185.5185005187988,185.97273004055023,3.332890459411112,-0.8556329497688476,0.8556329497688476
2026-03-23,cv_1,market,sma_20,182.32549896240235,False,182.32549896240235,185.5185005187988,185.97273004055023,3.332890459411112,-1.0943147164795541,1.0943147164795541
2026-03-24,cv_1,market,sma_20,181.44299850463867,False,181.44299850463867,185.5185005187988,185.97273004055023,3.332890459411112,-1.3591000337622627,1.3591000337622627
2026-03-25,cv_1,market,sma_20,180.59899826049804,False,180.59899826049804,185.5185005187988,185.97273004055023,3.332890459411112,-1.6123337521874872,1.6123337521874872
2026-03-26,cv_1,market,sma_20,179.91649856567383,False,179.91649856567383,185.5185005187988,185.97273004055023,3.332890459411112,-1.8171108677680552,1.8171108677680552
2026-03-27,cv_1,market,sma_20,179.43299865722656,False,179.43299865722656,185.5185005187988,185.97273004055023,3.332890459411112,-1.9621801145181272,1.9621801145181272
2026-03-30,cv_1,market,sma_20,178.56749877929687,False,178.56749877929687,185.5185005187988,185.97273004055023,3.332890459411112,-2.2218645801403842,2.2218645801403842
2026-03-31,cv_1,market,sma_20,178.2849983215332,False,178.2849983215332,185.5185005187988,185.97273004055023,3.332890459411112,-2.306625979053439,2.306625979053439
2026-04-01,cv_1,market,sma_20,177.92049865722657,False,177.92049865722657,185.5185005187988,185.97273004055023,3.332890459411112,-2.415990408741608,2.415990408741608
2026-02-26,cv_1,market,rolling_volatility_20,0.0276565899887898,False,0.0276565899887898,0.020491051623451398,0.0220291792560285,0.003998453894873429,1.4073966789954533,1.4073966789954533
2026-02-27,cv_1,market,rolling_volatility_20,0.0290188801208111,False,0.0290188801208111,0.020491051623451398,0.0220291792560285,0.003998453894873429,1.7481009031376766,1.7481009031376766
2026-03-02,cv_1,market,rolling_volatility_20,0.0299545755346953,False,0.0299545755346953,0.020491051623451398,0.0220291792560285,0.003998453894873429,1.9821152092883336,1.9821152092883336
2026-03-03,cv_1,market,rolling_volatility_20,0.0294137554017679,False,0.0294137554017679,0.020491051623451398,0.0220291792560285,0.003998453894873429,1.8468578955499395,1.8468578955499395
2026-03-04,cv_1,market,rolling_volatility_20,0.0289342945420005,False,0.0289342945420005,0.020491051623451398,0.0220291792560285,0.003998453894873429,1.7269463316371643,1.7269463316371643
2026-03-05,cv_1,market,rolling_volatility_20,0.0277215425836363,False,0.0277215425836363,0.020491051623451398,0.0220291792560285,0.003998453894873429,1.4236411066052803,1.4236411066052803
2026-03-06,cv_1,market,rolling_volatility_20,0.0284846923372723,False,0.0284846923372723,0.020491051623451398,0.0220291792560285,0.003998453894873429,1.6145023178885871,1.6145023178885871
2026-03-09,cv_1,market,rolling_volatility_20,0.0229866330390899,False,0.0229866330390899,0.020491051623451398,0.0220291792560285,0.003998453894873429,0.23945600180334434,0.23945600180334434
2026-03-10,cv_1,market,rolling_volatility_20,0.0223939511722012,False,0.0223939511722012,0.020491051623451398,0.0220291792560285,0.003998453894873429,0.09122824115600986,0.09122824115600986
2026-03-11,cv_1,market,rolling_volatility_20,0.0224028963635755,False,0.0224028963635755,0.020491051623451398,0.0220291792560285,0.003998453894873429,0.09346540372171322,0.09346540372171322
2026-03-12,cv_1,market,rolling_volatility_20,0.0225543079650108,False,0.0225543079650108,0.020491051623451398,0.0220291792560285,0.003998453894873429,0.13133294087887004,0.13133294087887004
2026-03-13,cv_1,market,rolling_volatility_20,0.0225345690097148,False,0.0225345690097148,0.020491051623451398,0.0220291792560285,0.003998453894873429,0.1263962939110737,0.1263962939110737
2026-03-16,cv_1,market,rolling_volatility_20,0.0223358553732382,False,0.0223358553732382,0.020491051623451398,0.0220291792560285,0.003998453894873429,0.07669867535621713,0.07669867535621713
2026-03-17,cv_1,market,rolling_volatility_20,0.0222242204311207,False,0.0222242204311207,0.020491051623451398,0.0220291792560285,0.003998453894873429,0.048779148195824115,0.048779148195824115
2026-03-18,cv_1,market,rolling_volatility_20,0.0219217812248288,False,0.0219217812248288,0.020491051623451398,0.0220291792560285,0.003998453894873429,-0.026859889853275493,0.026859889853275493
2026-03-19,cv_1,market,rolling_volatility_20,0.0219977709222145,False,0.0219977709222145,0.020491051623451398,0.0220291792560285,0.003998453894873429,-0.007855119663695688,0.007855119663695688
2026-03-20,cv_1,market,rolling_volatility_20,0.0227978033552245,False,0.0227978033552245,0.020491051623451398,0.0220291792560285,0.003998453894873429,0.19223032687246527,0.19223032687246527
2026-03-23,cv_1,market,rolling_volatility_20,0.0231122055082049,False,0.0231122055082049,0.020491051623451398,0.0220291792560285,0.003998453894873429,0.27086125803901057,0.27086125803901057
2026-03-24,cv_1,market,rolling_volatility_20,0.0229754808433268,False,0.0229754808433268,0.020491051623451398,0.0220291792560285,0.003998453894873429,0.23666687479167633,0.23666687479167633
2026-03-25,cv_1,market,rolling_volatility_20,0.0232578841466805,False,0.0232578841466805,0.020491051623451398,0.0220291792560285,0.003998453894873429,0.3072950002568169,0.3072950002568169
2026-03-26,cv_1,market,rolling_volatility_20,0.0219278969394713,False,0.0219278969394713,0.020491051623451398,0.0220291792560285,0.003998453894873429,-0.025330369993025608,0.025330369993025608
2026-03-27,cv_1,market,rolling_volatility_20,0.0205154839397399,False,0.0205154839397399,0.020491051623451398,0.0220291792560285,0.003998453894873429,-0.37857015638703884,0.37857015638703884
2026-03-30,cv_1,market,rolling_volatility_20,0.0191637146393753,False,0.0191637146393753,0.020491051623451398,0.0220291792560285,0.003998453894873429,-0.7166431555774898,0.7166431555774898
2026-03-31,cv_1,market,rolling_volatility_20,0.0233366566005746,False,0.0233366566005746,0.020491051623451398,0.0220291792560285,0.003998453894873429,0.3269957285796063,0.3269957285796063
2026-04-01,cv_1,market,rolling_volatility_20,0.0230604813682612,False,0.0230604813682612,0.020491051623451398,0.0220291792560285,0.003998453894873429,0.2579252229355382,0.2579252229355382
2026-02-26,cv_1,all,simple_return,-0.0545612512893816,False,-0.0545612512893816,-0.0011109090129327,0.00028598184748099075,0.022691677285319588,-2.4170638621035776,2.4170638621035776
2026-02-27,cv_1,all,simple_return,-0.0416463679683114,False,-0.0416463679683114,-0.0011109090129327,0.00028598184748099075,0.022691677285319588,-1.8479175994152086,1.8479175994152086
2026-03-02,cv_1,all,simple_return,0.0298549196526034,False,0.0298549196526034,-0.0011109090129327,0.00028598184748099075,0.022691677285319588,1.3030741374174255,1.3030741374174255
2026-03-03,cv_1,all,simple_return,-0.013316488013346,False,-0.013316488013346,-0.0011109090129327,0.00028598184748099075,0.022691677285319588,-0.5994475282630221,0.5994475282630221
2026-03-04,cv_1,all,simple_return,0.0166064436750688,False,0.0166064436750688,-0.0011109090129327,0.00028598184748099075,0.022691677285319588,0.7192267729872202,0.7192267729872202
2026-03-05,cv_1,all,simple_return,0.0016390027467323,False,0.0016390027467323,-0.0011109090129327,0.00028598184748099075,0.022691677285319588,0.05962630625487733,0.05962630625487733
2026-03-06,cv_1,all,simple_return,-0.0301079367510115,False,-0.0301079367510115,-0.0011109090129327,0.00028598184748099075,0.022691677285319588,-1.3394302332228158,1.3394302332228158
2026-03-09,cv_1,all,simple_return,0.0271622223221437,False,0.0271622223221437,-0.0011109090129327,0.00028598184748099075,0.022691677285319588,1.1844096025484345,1.1844096025484345
2026-03-10,cv_1,all,simple_return,0.0116069556354763,False,0.0116069556354763,-0.0011109090129327,0.00028598184748099075,0.022691677285319588,0.4989042302007102,0.4989042302007102
2026-03-11,cv_1,all,simple_return,0.0068192589581692,False,0.0068192589581692,-0.0011109090129327,0.00028598184748099075,0.022691677285319588,0.28791512538012876,0.28791512538012876
2026-03-12,cv_1,all,simple_return,-0.0155351255636844,False,-0.0155351255636844,-0.0011109090129327,0.00028598184748099075,0.022691677285319588,-0.6972207127853381,0.6972207127853381
2026-03-13,cv_1,all,simple_return,-0.0157802741033087,False,-0.0157802741033087,-0.0011109090129327,0.00028598184748099075,0.022691677285319588,-0.7080241688957817,0.7080241688957817
2026-03-16,cv_1,all,simple_return,0.0164771218901698,False,0.0164771218901698,-0.0011109090129327,0.00028598184748099075,0.022691677285319588,0.7135276885487742,0.7135276885487742
2026-03-17,cv_1,all,simple_return,-0.0070407626696168,False,-0.0070407626696168,-0.0011109090129327,0.00028598184748099075,0.022691677285319588,-0.32288245707768104,0.32288245707768104
2026-03-18,cv_1,all,simple_return,-0.0084098215846326,False,-0.0084098215846326,-0.0011109090129327,0.00028598184748099075,0.022691677285319588,-0.3832155429840946,0.3832155429840946
2026-03-19,cv_1,all,simple_return,-0.0101995365861623,False,-0.0101995365861623,-0.0011109090129327,0.00028598184748099075,0.022691677285319588,-0.46208653074873896,0.46208653074873896
2026-03-20,cv_1,all,simple_return,-0.0328181042253241,False,-0.0328181042253241,-0.0011109090129327,0.00028598184748099075,0.022691677285319588,-1.4588646602259687,1.4588646602259687
2026-03-23,cv_1,all,simple_return,0.0170237550281333,False,0.0170237550281333,-0.0011109090129327,0.00028598184748099075,0.022691677285319588,0.7376172757172443,0.7376172757172443
2026-03-24,cv_1,all,simple_return,-0.0025051380262768,False,-0.0025051380262768,-0.0011109090129327,0.00028598184748099075,0.022691677285319588,-0.12300191998427147,0.12300191998427147
2026-03-25,cv_1,all,simple_return,0.0198629896584252,False,0.0198629896584252,-0.0011109090129327,0.00028598184748099075,0.022691677285319588,0.8627395659116651,0.8627395659116651
2026-03-26,cv_1,all,simple_return,-0.0416386136533887,False,-0.0416386136533887,-0.0011109090129327,0.00028598184748099075,0.022691677285319588,-1.8475758743490007,1.8475758743490007
2026-03-27,cv_1,all,simple_return,-0.0217239027176486,False,-0.0217239027176486,-0.0011109090129327,0.00028598184748099075,0.022691677285319588,-0.9699540623807882,0.9699540623807882
2026-03-30,cv_1,all,simple_return,-0.0140282118169808,False,-0.0140282118169808,-0.0011109090129327,0.00028598184748099075,0.022691677285319588,-0.6308124994234066,0.6308124994234066
2026-03-31,cv_1,all,simple_return,0.0558817934846622,False,0.0558817934846622,-0.0011109090129327,0.00028598184748099075,0.022691677285319588,2.450052983661503,2.450052983661503
2026-04-01,cv_1,all,simple_return,0.0077408609562046,False,0.0077408609562046,-0.0011109090129327,0.00028598184748099075,0.022691677285319588,0.3285292230709871,0.3285292230709871
2026-02-26,cv_1,all,log_return,-0.0561061748851635,False,-0.0561061748851635,-0.0011115265297292,2.9508116299229933e-05,0.022629184996429432,-2.4806763040878472,2.4806763040878472
2026-02-27,cv_1,all,log_return,-0.0425384333926578,False,-0.0425384333926578,-0.0011115265297292,2.9508116299229933e-05,0.022629184996429432,-1.88110802557289,1.88110802557289
2026-03-02,cv_1,all,log_return,0.0294179376143784,False,0.0294179376143784,-0.0011115265297292,2.9508116299229933e-05,0.022629184996429432,1.2986958877536354,1.2986958877536354
2026-03-03,cv_1,all,log_return,-0.0134059475184354,False,-0.0134059475184354,-0.0011115265297292,2.9508116299229933e-05,0.022629184996429432,-0.5937224710856602,0.5937224710856602
2026-03-04,cv_1,all,log_return,0.0164700644672649,False,0.0164700644672649,-0.0011115265297292,2.9508116299229933e-05,0.022629184996429432,0.726520038329253,0.726520038329253
2026-03-05,cv_1,all,log_return,0.0016376610475628,False,0.0016376610475628,-0.0011115265297292,2.9508116299229933e-05,0.022629184996429432,0.07106543746570254,0.07106543746570254
2026-03-06,cv_1,all,log_return,-0.0305704886772736,False,-0.0305704886772736,-0.0011115265297292,2.9508116299229933e-05,0.022629184996429432,-1.352235920047544,1.352235920047544
2026-03-09,cv_1,all,log_return,0.0267998759428952,False,0.0267998759428952,-0.0011115265297292,2.9508116299229933e-05,0.022629184996429432,1.183001854941747,1.183001854941747
2026-03-10,cv_1,all,log_return,0.0115401116653568,False,0.0115401116653568,-0.0011115265297292,2.9508116299229933e-05,0.022629184996429432,0.5086618696552165,0.5086618696552165
2026-03-11,cv_1,all,log_return,0.0067961129778422,False,0.0067961129778422,-0.0011115265297292,2.9508116299229933e-05,0.022629184996429432,0.2990211473639305,0.2990211473639305
2026-03-12,cv_1,all,log_return,-0.0156570601211533,False,-0.0156570601211533,-0.0011115265297292,2.9508116299229933e-05,0.022629184996429432,-0.6932007599888219,0.6932007599888219
2026-03-13,cv_1,all,log_return,-0.0159061081818228,False,-0.0159061081818228,-0.0011115265297292,2.9508116299229933e-05,0.022629184996429432,-0.7042063733464746,0.7042063733464746
2026-03-16,cv_1,all,log_return,0.0163428470845033,False,0.0163428470845033,-0.0011115265297292,2.9508116299229933e-05,0.022629184996429432,0.7208982104648526,0.7208982104648526
2026-03-17,cv_1,all,log_return,-0.0070656657992947,False,-0.0070656657992947,-0.0011115265297292,2.9508116299229933e-05,0.022629184996429432,-0.3135408507515162,0.3135408507515162
2026-03-18,cv_1,all,log_return,-0.0084453836549795,False,-0.0084453836549795,-0.0011115265297292,2.9508116299229933e-05,0.022629184996429432,-0.3745115775321095,0.3745115775321095
2026-03-19,cv_1,all,log_return,-0.0102519082750917,False,-0.0102519082750917,-0.0011115265297292,2.9508116299229933e-05,0.022629184996429432,-0.45434320294845765,0.45434320294845765
2026-03-20,cv_1,all,log_return,-0.0333686980384248,False,-0.0333686980384248,-0.0011115265297292,2.9508116299229933e-05,0.022629184996429432,-1.4758908091472938,1.4758908091472938
2026-03-23,cv_1,all,log_return,0.016880474736731,False,0.016880474736731,-0.0011115265297292,2.9508116299229933e-05,0.022629184996429432,0.744656364031255,0.744656364031255
2026-03-24,cv_1,all,log_return,-0.0025082811349201,False,-0.0025082811349201,-0.0011115265297292,2.9508116299229933e-05,0.022629184996429432,-0.11214673668626411,0.11214673668626411
2026-03-25,cv_1,all,log_return,0.0196682944096325,False,0.0196682944096325,-0.0011115265297292,2.9508116299229933e-05,0.022629184996429432,0.8678521253165767,0.8678521253165767
2026-03-26,cv_1,all,log_return,-0.0425303421377259,False,-0.0425303421377259,-0.0011115265297292,2.9508116299229933e-05,0.022629184996429432,-1.8807504671838813,1.8807504671838813
2026-03-27,cv_1,all,log_return,-0.0219633407290778,False,-0.0219633407290778,-0.0011115265297292,2.9508116299229933e-05,0.022629184996429432,-0.9718798467044744,0.9718798467044744
2026-03-30,cv_1,all,log_return,-0.014127537179291,False,-0.014127537179291,-0.0011115265297292,2.9508116299229933e-05,0.022629184996429432,-0.6256100384447788,0.6256100384447788
2026-03-31,cv_1,all,log_return,0.0543762410305363,False,0.0543762410305363,-0.0011115265297292,2.9508116299229933e-05,0.022629184996429432,2.401621309950501,2.401621309950501
2026-04-01,cv_1,all,log_return,0.0077110542131182,False,0.0077110542131182,-0.0011115265297292,2.9508116299229933e-05,0.022629184996429432,0.3394530601977495,0.3394530601977495
2026-02-26,cv_1,all,intraday_return,-0.0482833411052853,False,-0.0482833411052853,-0.0034331215146040997,-0.0031551391481495633,0.01930817729048011,-2.3372585241065806,2.3372585241065806
2026-02-27,cv_1,all,intraday_return,-0.0223999865301723,False,-0.0223999865301723,-0.0034331215146040997,-0.0031551391481495633,0.01930817729048011,-0.996720047288534,0.996720047288534
2026-03-02,cv_1,all,intraday_return,0.0426832835561932,False,0.0426832835561932,-0.0034331215146040997,-0.0031551391481495633,0.01930817729048011,2.3740419416463188,2.3740419416463188
2026-03-03,cv_1,all,intraday_return,0.0087399714862661,False,0.0087399714862661,-0.0034331215146040997,-0.0031551391481495633,0.01930817729048011,0.6160659525475013,0.6160659525475013
2026-03-04,cv_1,all,intraday_return,0.0144091709684543,False,0.0144091709684543,-0.0034331215146040997,-0.0031551391481495633,0.01930817729048011,0.9096824548666197,0.9096824548666197
2026-03-05,cv_1,all,intraday_return,0.0119776905165156,False,0.0119776905165156,-0.0034331215146040997,-0.0031551391481495633,0.01930817729048011,0.7837523675591274,0.7837523675591274
2026-03-06,cv_1,all,intraday_return,-0.0112321455449578,False,-0.0112321455449578,-0.0034331215146040997,-0.0031551391481495633,0.01930817729048011,-0.418320500961559,0.418320500961559
2026-03-09,cv_1,all,intraday_return,0.0329129220447002,False,0.0329129220447002,-0.0034331215146040997,-0.0031551391481495633,0.01930817729048011,1.868019992266857,1.868019992266857
2026-03-10,cv_1,all,intraday_return,0.0129934783732588,False,0.0129934783732588,-0.0034331215146040997,-0.0031551391481495633,0.01930817729048011,0.8363615725328166,0.8363615725328166
2026-03-11,cv_1,all,intraday_return,0.0006454473391632,False,0.0006454473391632,-0.0034331215146040997,-0.0031551391481495633,0.01930817729048011,0.19683818053538596,0.19683818053538596
2026-03-12,cv_1,all,intraday_return,-0.0049443284271691,False,-0.0049443284271691,-0.0034331215146040997,-0.0031551391481495633,0.01930817729048011,-0.09266484619973402,0.09266484619973402
2026-03-13,cv_1,all,intraday_return,-0.0252541543109834,False,-0.0252541543109834,-0.0034331215146040997,-0.0031551391481495633,0.01930817729048011,-1.1445417571201684,1.1445417571201684
2026-03-16,cv_1,all,intraday_return,0.0013663442003175,False,0.0013663442003175,-0.0034331215146040997,-0.0031551391481495633,0.01930817729048011,0.23417453032691898,0.23417453032691898
2026-03-17,cv_1,all,intraday_return,-0.0169134600891878,False,-0.0169134600891878,-0.0034331215146040997,-0.0031551391481495633,0.01930817729048011,-0.7125644608526447,0.7125644608526447
2026-03-18,cv_1,all,intraday_return,-0.0113985197268432,False,-0.0113985197268432,-0.0034331215146040997,-0.0031551391481495633,0.01930817729048011,-0.42693727402006154,0.42693727402006154
2026-03-19,cv_1,all,intraday_return,0.0030897313000965,False,0.0030897313000965,-0.0034331215146040997,-0.0031551391481495633,0.01930817729048011,0.32343138113430797,0.32343138113430797
2026-03-20,cv_1,all,intraday_return,-0.0297752980435832,False,-0.0297752980435832,-0.0034331215146040997,-0.0031551391481495633,0.01930817729048011,-1.3786986982224727,1.3786986982224727
2026-03-23,cv_1,all,intraday_return,-0.0091390904174095,False,-0.0091390904174095,-0.0034331215146040997,-0.0031551391481495633,0.01930817729048011,-0.30991797823455464,0.30991797823455464
2026-03-24,cv_1,all,intraday_return,0.0021163136378905,False,0.0021163136378905,-0.0034331215146040997,-0.0031551391481495633,0.01930817729048011,0.2730165932668927,0.2730165932668927
2026-03-25,cv_1,all,intraday_return,0.008921437141804,False,0.008921437141804,-0.0034331215146040997,-0.0031551391481495633,0.01930817729048011,0.6254643360825112,0.6254643360825112
2026-03-26,cv_1,all,intraday_return,-0.0274322805141969,False,-0.0274322805141969,-0.0034331215146040997,-0.0031551391481495633,0.01930817729048011,-1.2573502408234656,1.2573502408234656
2026-03-27,cv_1,all,intraday_return,-0.0145882101619945,False,-0.0145882101619945,-0.0034331215146040997,-0.0031551391481495633,0.01930817729048011,-0.5921362147157209,0.5921362147157209
2026-03-30,cv_1,all,intraday_return,-0.0213887939119619,False,-0.0213887939119619,-0.0034331215146040997,-0.0031551391481495633,0.01930817729048011,-0.9443488367388482,0.9443488367388482
2026-03-31,cv_1,all,intraday_return,0.0444989676077212,False,0.0444989676077212,-0.0034331215146040997,-0.0031551391481495633,0.01930817729048011,2.468078992591735,2.468078992591735
2026-04-01,cv_1,all,intraday_return,-0.0014204545454545,False,-0.0014204545454545,-0.0034331215146040997,-0.0031551391481495633,0.01930817729048011,0.08984196574320606,0.08984196574320606
2026-02-26,cv_1,all,daily_range,0.0539238790352457,False,0.0539238790352457,0.02567096643920575,0.02965174908094993,0.01438011773598153,1.687895078463977,1.687895078463977
2026-02-27,cv_1,all,daily_range,0.0350470758480388,False,0.0350470758480388,0.02567096643920575,0.02965174908094993,0.01438011773598153,0.37519350440287685,0.37519350440287685
2026-03-02,cv_1,all,daily_range,0.0483341052757799,False,0.0483341052757799,0.02567096643920575,0.02965174908094993,0.01438011773598153,1.299179640795534,1.299179640795534
2026-03-03,cv_1,all,daily_range,0.0221049467374626,False,0.0221049467374626,0.02567096643920575,0.02965174908094993,0.01438011773598153,-0.5248081053330967,0.5248081053330967
2026-03-04,cv_1,all,daily_range,0.0253496479449443,False,0.0253496479449443,0.02567096643920575,0.02965174908094993,0.01438011773598153,-0.2991700913018975,0.2991700913018975
2026-03-05,cv_1,all,daily_range,0.0337078258930018,False,0.0337078258930018,0.02567096643920575,0.02965174908094993,0.01438011773598153,0.2820614466808481,0.2820614466808481
2026-03-06,cv_1,all,daily_range,0.0334044929589213,False,0.0334044929589213,0.02567096643920575,0.02965174908094993,0.01438011773598153,0.2609675349584487,0.2609675349584487
2026-03-09,cv_1,all,daily_range,0.0402409326533082,False,0.0402409326533082,0.02567096643920575,0.02965174908094993,0.01438011773598153,0.736376695015668,0.736376695015668
2026-03-10,cv_1,all,daily_range,0.0239757960282222,False,0.0239757960282222,0.02567096643920575,0.02965174908094993,0.01438011773598153,-0.39470838535108216,0.39470838535108216
2026-03-11,cv_1,all,daily_range,0.0170402525923044,False,0.0170402525923044,0.02567096643920575,0.02965174908094993,0.01438011773598153,-0.8770092651668209,0.8770092651668209
2026-03-12,cv_1,all,daily_range,0.017418381850156,False,0.017418381850156,0.02567096643920575,0.02965174908094993,0.01438011773598153,-0.8507139826945879,0.8507139826945879
2026-03-13,cv_1,all,daily_range,0.0341192449180826,False,0.0341192449180826,0.02567096643920575,0.02965174908094993,0.01438011773598153,0.31067171487436646,0.31067171487436646
2026-03-16,cv_1,all,daily_range,0.0407706646159495,False,0.0407706646159495,0.02567096643920575,0.02965174908094993,0.01438011773598153,0.7732144992928763,0.7732144992928763
2026-03-17,cv_1,all,daily_range,0.0204474323666499,False,0.0204474323666499,0.02567096643920575,0.02965174908094993,0.01438011773598153,-0.6400724168807912,0.6400724168807912
2026-03-18,cv_1,all,daily_range,0.016906891102823,False,0.016906891102823,0.02567096643920575,0.02965174908094993,0.01438011773598153,-0.8862832844711069,0.8862832844711069
2026-03-19,cv_1,all,daily_range,0.0234655157857028,False,0.0234655157857028,0.02567096643920575,0.02965174908094993,0.01438011773598153,-0.43019350806621753,0.43019350806621753
2026-03-20,cv_1,all,daily_range,0.0378690990254784,False,0.0378690990254784,0.02567096643920575,0.02965174908094993,0.01438011773598153,0.5714382938581405,0.5714382938581405
2026-03-23,cv_1,all,daily_range,0.0205534082378522,False,0.0205534082378522,0.02567096643920575,0.02965174908094993,0.01438011773598153,-0.6327028060648012,0.6327028060648012
2026-03-24,cv_1,all,daily_range,0.0127854197042355,False,0.0127854197042355,0.02567096643920575,0.02965174908094993,0.01438011773598153,-1.1728923007710828,1.1728923007710828
2026-03-25,cv_1,all,daily_range,0.0244571037402992,False,0.0244571037402992,0.02567096643920575,0.02965174908094993,0.01438011773598153,-0.3612380257258138,0.3612380257258138
2026-03-26,cv_1,all,daily_range,0.0313594659245784,False,0.0313594659245784,0.02567096643920575,0.02965174908094993,0.01438011773598153,0.11875541459271036,0.11875541459271036
2026-03-27,cv_1,all,daily_range,0.0236390079564854,False,0.0236390079564854,0.02567096643920575,0.02965174908094993,0.01438011773598153,-0.418128782730312,0.418128782730312
2026-03-30,cv_1,all,daily_range,0.0313615834183327,False,0.0313615834183327,0.02567096643920575,0.02965174908094993,0.01438011773598153,0.11890266608210526,0.11890266608210526
2026-03-31,cv_1,all,daily_range,0.0439219533910472,False,0.0439219533910472,0.02567096643920575,0.02965174908094993,0.01438011773598153,0.9923565698207577,0.9923565698207577
2026-04-01,cv_1,all,daily_range,0.0149075113353485,False,0.0149075113353485,0.02567096643920575,0.02965174908094993,0.01438011773598153,-1.0253210729081033,1.0253210729081033
2026-02-26,cv_1,all,sma_5,190.9340026855469,False,190.9340026855469,185.30899963378903,185.93922993342082,5.619094730116829,0.8888927829166922,0.8888927829166922
2026-02-27,cv_1,all,sma_5,188.4080017089844,False,188.4080017089844,185.30899963378903,185.93922993342082,5.619094730116829,0.4393540052513473,0.4393540052513473
2026-03-02,cv_1,all,sma_5,186.5940002441406,False,186.5940002441406,185.30899963378903,185.93922993342082,5.619094730116829,0.11652594273066647,0.11652594273066647
2026-03-03,cv_1,all,sma_5,184.03399963378905,False,184.03399963378905,185.30899963378903,185.93922993342082,5.619094730116829,-0.3390635664887884,0.3390635664887884
2026-03-04,cv_1,all,sma_5,181.52999877929688,False,181.52999877929688,185.30899963378903,185.93922993342082,5.619094730116829,-0.7846871010185426,0.7846871010185426
2026-03-05,cv_1,all,sma_5,181.21999816894527,False,181.21999816894527,185.30899963378903,185.93922993342082,5.619094730116829,-0.8398562386182502,0.8398562386182502
2026-03-06,cv_1,all,sma_5,181.34599914550785,False,181.34599914550785,185.30899963378903,185.93922993342082,5.619094730116829,-0.8174325240139656,0.8174325240139656
2026-03-09,cv_1,all,sma_5,181.37999877929687,False,181.37999877929687,185.30899963378903,185.93922993342082,5.619094730116829,-0.8113817924598606,0.8113817924598606
2026-03-10,cv_1,all,sma_5,182.3239990234375,False,182.3239990234375,185.30899963378903,185.93922993342082,5.619094730116829,-0.6433831575407805,0.6433831575407805
2026-03-11,cv_1,all,sma_5,182.9220001220703,False,182.9220001220703,185.30899963378903,185.93922993342082,5.619094730116829,-0.5369601254769708,0.5369601254769708
2026-03-12,cv_1,all,sma_5,182.8820007324219,False,182.8820007324219,185.30899963378903,185.93922993342082,5.619094730116829,-0.5440786012403405,0.5440786012403405
2026-03-13,cv_1,all,sma_5,183.3679992675781,False,183.3679992675781,185.30899963378903,185.93922993342082,5.619094730116829,-0.45758806166082305,0.45758806166082305
2026-03-16,cv_1,all,sma_5,183.48200073242188,False,183.48200073242188,185.30899963378903,185.93922993342082,5.619094730116829,-0.4372998354750729,0.4372998354750729
2026-03-17,cv_1,all,sma_5,182.91399841308595,False,182.91399841308595,185.30899963378903,185.93922993342082,5.619094730116829,-0.5383841464925742,0.5383841464925742
2026-03-18,cv_1,all,sma_5,181.78799743652343,False,181.78799743652343,185.30899963378903,185.93922993342082,5.619094730116829,-0.7387724707056297,0.7387724707056297
2026-03-19,cv_1,all,sma_5,180.8719970703125,False,180.8719970703125,185.30899963378903,185.93922993342082,5.619094730116829,-0.9017881182798596,0.9017881182798596
2026-03-20,cv_1,all,sma_5,179.36199645996095,False,179.36199645996095,185.30899963378903,185.93922993342082,5.619094730116829,-1.1705147874100923,1.1705147874100923
2026-03-23,cv_1,all,sma_5,177.84599609375,False,177.84599609375,185.30899963378903,185.93922993342082,5.619094730116829,-1.4403092007495948,1.4403092007495948
2026-03-24,cv_1,all,sma_5,176.4999969482422,False,176.4999969482422,185.30899963378903,185.93922993342082,5.619094730116829,-1.6798494132136415,1.6798494132136415
2026-03-25,cv_1,all,sma_5,176.15599670410157,False,176.15599670410157,185.30899963378903,185.93922993342082,5.619094730116829,-1.7410692823674543,1.7410692823674543
2026-03-26,cv_1,all,sma_5,174.69199829101564,False,174.69199829101564,185.30899963378903,185.93922993342082,5.619094730116829,-2.0016091884201668,2.0016091884201668
2026-03-27,cv_1,all,sma_5,173.65599975585937,False,173.65599975585937,185.30899963378903,185.93922993342082,5.619094730116829,-2.185980263284521,2.185980263284521
2026-03-30,cv_1,all,sma_5,171.56199951171874,False,171.56199951171874,185.30899963378903,185.93922993342082,5.619094730116829,-2.5586381992537004,2.5586381992537004
2026-03-31,cv_1,all,sma_5,171.4019989013672,False,171.4019989013672,185.30899963378903,185.93922993342082,5.619094730116829,-2.5871126454120796,2.5871126454120796
2026-04-01,cv_1,all,sma_5,170.81600036621094,False,170.81600036621094,185.30899963378903,185.93922993342082,5.619094730116829,-2.6913996459524796,2.6913996459524796
2026-02-26,cv_1,all,sma_20,186.7485000610352,False,186.7485000610352,185.5185005187988,185.97273004055023,3.332890459411112,0.2327619314023421,0.2327619314023421
2026-02-27,cv_1,all,sma_20,185.98250045776368,False,185.98250045776368,185.5185005187988,185.97273004055023,3.332890459411112,0.002931514651451209,0.002931514651451209
2026-03-02,cv_1,all,sma_20,185.55,False,185.55,185.5185005187988,185.97273004055023,3.332890459411112,-0.12683586385401718,0.12683586385401718
2026-03-03,cv_1,all,sma_20,185.27200012207032,False,185.27200012207032,185.5185005187988,185.97273004055023,3.332890459411112,-0.21024690940599347,0.21024690940599347
2026-03-04,cv_1,all,sma_20,185.40699996948243,False,185.40699996948243,185.5185005187988,185.97273004055023,3.332890459411112,-0.16974157355527464,0.16974157355527464
2026-03-05,cv_1,all,sma_20,185.86449966430663,False,185.86449966430663,185.5185005187988,185.97273004055023,3.332890459411112,-0.032473427363322406,0.032473427363322406
2026-03-06,cv_1,all,sma_20,186.16149978637696,False,186.16149978637696,185.5185005187988,185.97273004055023,3.332890459411112,0.05663844885561773,0.05663844885561773
2026-03-09,cv_1,all,sma_20,186.0234992980957,False,186.0234992980957,185.5185005187988,185.97273004055023,3.332890459411112,0.015232801126750668,0.015232801126750668
2026-03-10,cv_1,all,sma_20,185.7599998474121,False,185.7599998474121,185.5185005187988,185.97273004055023,3.332890459411112,-0.06382753820709593,0.06382753820709593
2026-03-11,cv_1,all,sma_20,185.6345001220703,False,185.6345001220703,185.5185005187988,185.97273004055023,3.332890459411112,-0.1014824587243371,0.1014824587243371
2026-03-12,cv_1,all,sma_20,185.28899993896485,False,185.28899993896485,185.5185005187988,185.97273004055023,3.332890459411112,-0.20514628665779513,0.20514628665779513
2026-03-13,cv_1,all,sma_20,184.95449981689453,False,184.95449981689453,185.5185005187988,185.97273004055023,3.332890459411112,-0.30550965777483646,0.30550965777483646
2026-03-16,cv_1,all,sma_20,184.975,False,184.975,185.5185005187988,185.97273004055023,3.332890459411112,-0.2993587856249336,0.2993587856249336
2026-03-17,cv_1,all,sma_20,184.8229995727539,False,184.8229995727539,185.5185005187988,185.97273004055023,3.332890459411112,-0.3449649731361039,0.3449649731361039
2026-03-18,cv_1,all,sma_20,184.4439994812012,False,184.4439994812012,185.5185005187988,185.97273004055023,3.332890459411112,-0.4586801090423938,0.4586801090423938
2026-03-19,cv_1,all,sma_20,183.97699966430665,False,183.97699966430665,185.5185005187988,185.97273004055023,3.332890459411112,-0.5987986705678322,0.5987986705678322
2026-03-20,cv_1,all,sma_20,183.12099914550785,False,183.12099914550785,185.5185005187988,185.97273004055023,3.332890459411112,-0.8556329497688476,0.8556329497688476
2026-03-23,cv_1,all,sma_20,182.32549896240235,False,182.32549896240235,185.5185005187988,185.97273004055023,3.332890459411112,-1.0943147164795541,1.0943147164795541
2026-03-24,cv_1,all,sma_20,181.44299850463867,False,181.44299850463867,185.5185005187988,185.97273004055023,3.332890459411112,-1.3591000337622627,1.3591000337622627
2026-03-25,cv_1,all,sma_20,180.59899826049804,False,180.59899826049804,185.5185005187988,185.97273004055023,3.332890459411112,-1.6123337521874872,1.6123337521874872
2026-03-26,cv_1,all,sma_20,179.91649856567383,False,179.91649856567383,185.5185005187988,185.97273004055023,3.332890459411112,-1.8171108677680552,1.8171108677680552
2026-03-27,cv_1,all,sma_20,179.43299865722656,False,179.43299865722656,185.5185005187988,185.97273004055023,3.332890459411112,-1.9621801145181272,1.9621801145181272
2026-03-30,cv_1,all,sma_20,178.56749877929687,False,178.56749877929687,185.5185005187988,185.97273004055023,3.332890459411112,-2.2218645801403842,2.2218645801403842
2026-03-31,cv_1,all,sma_20,178.2849983215332,False,178.2849983215332,185.5185005187988,185.97273004055023,3.332890459411112,-2.306625979053439,2.306625979053439
2026-04-01,cv_1,all,sma_20,177.92049865722657,False,177.92049865722657,185.5185005187988,185.97273004055023,3.332890459411112,-2.415990408741608,2.415990408741608
2026-02-26,cv_1,all,rolling_volatility_20,0.0276565899887898,False,0.0276565899887898,0.020491051623451398,0.0220291792560285,0.003998453894873429,1.4073966789954533,1.4073966789954533
2026-02-27,cv_1,all,rolling_volatility_20,0.0290188801208111,False,0.0290188801208111,0.020491051623451398,0.0220291792560285,0.003998453894873429,1.7481009031376766,1.7481009031376766
2026-03-02,cv_1,all,rolling_volatility_20,0.0299545755346953,False,0.0299545755346953,0.020491051623451398,0.0220291792560285,0.003998453894873429,1.9821152092883336,1.9821152092883336
2026-03-03,cv_1,all,rolling_volatility_20,0.0294137554017679,False,0.0294137554017679,0.020491051623451398,0.0220291792560285,0.003998453894873429,1.8468578955499395,1.8468578955499395
2026-03-04,cv_1,all,rolling_volatility_20,0.0289342945420005,False,0.0289342945420005,0.020491051623451398,0.0220291792560285,0.003998453894873429,1.7269463316371643,1.7269463316371643
2026-03-05,cv_1,all,rolling_volatility_20,0.0277215425836363,False,0.0277215425836363,0.020491051623451398,0.0220291792560285,0.003998453894873429,1.4236411066052803,1.4236411066052803
2026-03-06,cv_1,all,rolling_volatility_20,0.0284846923372723,False,0.0284846923372723,0.020491051623451398,0.0220291792560285,0.003998453894873429,1.6145023178885871,1.6145023178885871
2026-03-09,cv_1,all,rolling_volatility_20,0.0229866330390899,False,0.0229866330390899,0.020491051623451398,0.0220291792560285,0.003998453894873429,0.23945600180334434,0.23945600180334434
2026-03-10,cv_1,all,rolling_volatility_20,0.0223939511722012,False,0.0223939511722012,0.020491051623451398,0.0220291792560285,0.003998453894873429,0.09122824115600986,0.09122824115600986
2026-03-11,cv_1,all,rolling_volatility_20,0.0224028963635755,False,0.0224028963635755,0.020491051623451398,0.0220291792560285,0.003998453894873429,0.09346540372171322,0.09346540372171322
2026-03-12,cv_1,all,rolling_volatility_20,0.0225543079650108,False,0.0225543079650108,0.020491051623451398,0.0220291792560285,0.003998453894873429,0.13133294087887004,0.13133294087887004
2026-03-13,cv_1,all,rolling_volatility_20,0.0225345690097148,False,0.0225345690097148,0.020491051623451398,0.0220291792560285,0.003998453894873429,0.1263962939110737,0.1263962939110737
2026-03-16,cv_1,all,rolling_volatility_20,0.0223358553732382,False,0.0223358553732382,0.020491051623451398,0.0220291792560285,0.003998453894873429,0.07669867535621713,0.07669867535621713
2026-03-17,cv_1,all,rolling_volatility_20,0.0222242204311207,False,0.0222242204311207,0.020491051623451398,0.0220291792560285,0.003998453894873429,0.048779148195824115,0.048779148195824115
2026-03-18,cv_1,all,rolling_volatility_20,0.0219217812248288,False,0.0219217812248288,0.020491051623451398,0.0220291792560285,0.003998453894873429,-0.026859889853275493,0.026859889853275493
2026-03-19,cv_1,all,rolling_volatility_20,0.0219977709222145,False,0.0219977709222145,0.020491051623451398,0.0220291792560285,0.003998453894873429,-0.007855119663695688,0.007855119663695688
2026-03-20,cv_1,all,rolling_volatility_20,0.0227978033552245,False,0.0227978033552245,0.020491051623451398,0.0220291792560285,0.003998453894873429,0.19223032687246527,0.19223032687246527
2026-03-23,cv_1,all,rolling_volatility_20,0.0231122055082049,False,0.0231122055082049,0.020491051623451398,0.0220291792560285,0.003998453894873429,0.27086125803901057,0.27086125803901057
2026-03-24,cv_1,all,rolling_volatility_20,0.0229754808433268,False,0.0229754808433268,0.020491051623451398,0.0220291792560285,0.003998453894873429,0.23666687479167633,0.23666687479167633
2026-03-25,cv_1,all,rolling_volatility_20,0.0232578841466805,False,0.0232578841466805,0.020491051623451398,0.0220291792560285,0.003998453894873429,0.3072950002568169,0.3072950002568169
2026-03-26,cv_1,all,rolling_volatility_20,0.0219278969394713,False,0.0219278969394713,0.020491051623451398,0.0220291792560285,0.003998453894873429,-0.025330369993025608,0.025330369993025608
2026-03-27,cv_1,all,rolling_volatility_20,0.0205154839397399,False,0.0205154839397399,0.020491051623451398,0.0220291792560285,0.003998453894873429,-0.37857015638703884,0.37857015638703884
2026-03-30,cv_1,all,rolling_volatility_20,0.0191637146393753,False,0.0191637146393753,0.020491051623451398,0.0220291792560285,0.003998453894873429,-0.7166431555774898,0.7166431555774898
2026-03-31,cv_1,all,rolling_volatility_20,0.0233366566005746,False,0.0233366566005746,0.020491051623451398,0.0220291792560285,0.003998453894873429,0.3269957285796063,0.3269957285796063
2026-04-01,cv_1,all,rolling_volatility_20,0.0230604813682612,False,0.0230604813682612,0.020491051623451398,0.0220291792560285,0.003998453894873429,0.2579252229355382,0.2579252229355382
2026-02-26,cv_1,all,q_gross_margin,0.7341157071185489,False,0.7341157071185489,0.7341157071185489,0.730411110993121,0.004782613032735515,0.7745966692415066,0.7745966692415066
2026-02-27,cv_1,all,q_gross_margin,0.7341157071185489,False,0.7341157071185489,0.7341157071185489,0.730411110993121,0.004782613032735515,0.7745966692415066,0.7745966692415066
2026-03-02,cv_1,all,q_gross_margin,0.7341157071185489,False,0.7341157071185489,0.7341157071185489,0.730411110993121,0.004782613032735515,0.7745966692415066,0.7745966692415066
2026-03-03,cv_1,all,q_gross_margin,0.7341157071185489,False,0.7341157071185489,0.7341157071185489,0.730411110993121,0.004782613032735515,0.7745966692415066,0.7745966692415066
2026-03-04,cv_1,all,q_gross_margin,0.7341157071185489,False,0.7341157071185489,0.7341157071185489,0.730411110993121,0.004782613032735515,0.7745966692415066,0.7745966692415066
2026-03-05,cv_1,all,q_gross_margin,0.7341157071185489,False,0.7341157071185489,0.7341157071185489,0.730411110993121,0.004782613032735515,0.7745966692415066,0.7745966692415066
2026-03-06,cv_1,all,q_gross_margin,0.7341157071185489,False,0.7341157071185489,0.7341157071185489,0.730411110993121,0.004782613032735515,0.7745966692415066,0.7745966692415066
2026-03-09,cv_1,all,q_gross_margin,0.7341157071185489,False,0.7341157071185489,0.7341157071185489,0.730411110993121,0.004782613032735515,0.7745966692415066,0.7745966692415066
2026-03-10,cv_1,all,q_gross_margin,0.7341157071185489,False,0.7341157071185489,0.7341157071185489,0.730411110993121,0.004782613032735515,0.7745966692415066,0.7745966692415066
2026-03-11,cv_1,all,q_gross_margin,0.7341157071185489,False,0.7341157071185489,0.7341157071185489,0.730411110993121,0.004782613032735515,0.7745966692415066,0.7745966692415066
2026-03-12,cv_1,all,q_gross_margin,0.7341157071185489,False,0.7341157071185489,0.7341157071185489,0.730411110993121,0.004782613032735515,0.7745966692415066,0.7745966692415066
2026-03-13,cv_1,all,q_gross_margin,0.7341157071185489,False,0.7341157071185489,0.7341157071185489,0.730411110993121,0.004782613032735515,0.7745966692415066,0.7745966692415066
2026-03-16,cv_1,all,q_gross_margin,0.7341157071185489,False,0.7341157071185489,0.7341157071185489,0.730411110993121,0.004782613032735515,0.7745966692415066,0.7745966692415066
2026-03-17,cv_1,all,q_gross_margin,0.7341157071185489,False,0.7341157071185489,0.7341157071185489,0.730411110993121,0.004782613032735515,0.7745966692415066,0.7745966692415066
2026-03-18,cv_1,all,q_gross_margin,0.7341157071185489,False,0.7341157071185489,0.7341157071185489,0.730411110993121,0.004782613032735515,0.7745966692415066,0.7745966692415066
2026-03-19,cv_1,all,q_gross_margin,0.7341157071185489,False,0.7341157071185489,0.7341157071185489,0.730411110993121,0.004782613032735515,0.7745966692415066,0.7745966692415066
2026-03-20,cv_1,all,q_gross_margin,0.7341157071185489,False,0.7341157071185489,0.7341157071185489,0.730411110993121,0.004782613032735515,0.7745966692415066,0.7745966692415066
2026-03-23,cv_1,all,q_gross_margin,0.7341157071185489,False,0.7341157071185489,0.7341157071185489,0.730411110993121,0.004782613032735515,0.7745966692415066,0.7745966692415066
2026-03-24,cv_1,all,q_gross_margin,0.7341157071185489,False,0.7341157071185489,0.7341157071185489,0.730411110993121,0.004782613032735515,0.7745966692415066,0.7745966692415066
2026-03-25,cv_1,all,q_gross_margin,0.7341157071185489,False,0.7341157071185489,0.7341157071185489,0.730411110993121,0.004782613032735515,0.7745966692415066,0.7745966692415066
2026-03-26,cv_1,all,q_gross_margin,0.7341157071185489,False,0.7341157071185489,0.7341157071185489,0.730411110993121,0.004782613032735515,0.7745966692415066,0.7745966692415066
2026-03-27,cv_1,all,q_gross_margin,0.7341157071185489,False,0.7341157071185489,0.7341157071185489,0.730411110993121,0.004782613032735515,0.7745966692415066,0.7745966692415066
2026-03-30,cv_1,all,q_gross_margin,0.7341157071185489,False,0.7341157071185489,0.7341157071185489,0.730411110993121,0.004782613032735515,0.7745966692415066,0.7745966692415066
2026-03-31,cv_1,all,q_gross_margin,0.7341157071185489,False,0.7341157071185489,0.7341157071185489,0.730411110993121,0.004782613032735515,0.7745966692415066,0.7745966692415066
2026-04-01,cv_1,all,q_gross_margin,0.7341157071185489,False,0.7341157071185489,0.7341157071185489,0.730411110993121,0.004782613032735515,0.7745966692415066,0.7745966692415066
2026-02-26,cv_1,all,q_operating_margin,0.6316878925025436,False,0.6316878925025436,0.6316878925025436,0.6229674384299038,0.011258057798233457,0.7745966692414957,0.7745966692414957
2026-02-27,cv_1,all,q_operating_margin,0.6316878925025436,False,0.6316878925025436,0.6316878925025436,0.6229674384299038,0.011258057798233457,0.7745966692414957,0.7745966692414957
2026-03-02,cv_1,all,q_operating_margin,0.6316878925025436,False,0.6316878925025436,0.6316878925025436,0.6229674384299038,0.011258057798233457,0.7745966692414957,0.7745966692414957
2026-03-03,cv_1,all,q_operating_margin,0.6316878925025436,False,0.6316878925025436,0.6316878925025436,0.6229674384299038,0.011258057798233457,0.7745966692414957,0.7745966692414957
2026-03-04,cv_1,all,q_operating_margin,0.6316878925025436,False,0.6316878925025436,0.6316878925025436,0.6229674384299038,0.011258057798233457,0.7745966692414957,0.7745966692414957
2026-03-05,cv_1,all,q_operating_margin,0.6316878925025436,False,0.6316878925025436,0.6316878925025436,0.6229674384299038,0.011258057798233457,0.7745966692414957,0.7745966692414957
2026-03-06,cv_1,all,q_operating_margin,0.6316878925025436,False,0.6316878925025436,0.6316878925025436,0.6229674384299038,0.011258057798233457,0.7745966692414957,0.7745966692414957
2026-03-09,cv_1,all,q_operating_margin,0.6316878925025436,False,0.6316878925025436,0.6316878925025436,0.6229674384299038,0.011258057798233457,0.7745966692414957,0.7745966692414957
2026-03-10,cv_1,all,q_operating_margin,0.6316878925025436,False,0.6316878925025436,0.6316878925025436,0.6229674384299038,0.011258057798233457,0.7745966692414957,0.7745966692414957
2026-03-11,cv_1,all,q_operating_margin,0.6316878925025436,False,0.6316878925025436,0.6316878925025436,0.6229674384299038,0.011258057798233457,0.7745966692414957,0.7745966692414957
2026-03-12,cv_1,all,q_operating_margin,0.6316878925025436,False,0.6316878925025436,0.6316878925025436,0.6229674384299038,0.011258057798233457,0.7745966692414957,0.7745966692414957
2026-03-13,cv_1,all,q_operating_margin,0.6316878925025436,False,0.6316878925025436,0.6316878925025436,0.6229674384299038,0.011258057798233457,0.7745966692414957,0.7745966692414957
2026-03-16,cv_1,all,q_operating_margin,0.6316878925025436,False,0.6316878925025436,0.6316878925025436,0.6229674384299038,0.011258057798233457,0.7745966692414957,0.7745966692414957
2026-03-17,cv_1,all,q_operating_margin,0.6316878925025436,False,0.6316878925025436,0.6316878925025436,0.6229674384299038,0.011258057798233457,0.7745966692414957,0.7745966692414957
2026-03-18,cv_1,all,q_operating_margin,0.6316878925025436,False,0.6316878925025436,0.6316878925025436,0.6229674384299038,0.011258057798233457,0.7745966692414957,0.7745966692414957
2026-03-19,cv_1,all,q_operating_margin,0.6316878925025436,False,0.6316878925025436,0.6316878925025436,0.6229674384299038,0.011258057798233457,0.7745966692414957,0.7745966692414957
2026-03-20,cv_1,all,q_operating_margin,0.6316878925025436,False,0.6316878925025436,0.6316878925025436,0.6229674384299038,0.011258057798233457,0.7745966692414957,0.7745966692414957
2026-03-23,cv_1,all,q_operating_margin,0.6316878925025436,False,0.6316878925025436,0.6316878925025436,0.6229674384299038,0.011258057798233457,0.7745966692414957,0.7745966692414957
2026-03-24,cv_1,all,q_operating_margin,0.6316878925025436,False,0.6316878925025436,0.6316878925025436,0.6229674384299038,0.011258057798233457,0.7745966692414957,0.7745966692414957
2026-03-25,cv_1,all,q_operating_margin,0.6316878925025436,False,0.6316878925025436,0.6316878925025436,0.6229674384299038,0.011258057798233457,0.7745966692414957,0.7745966692414957
2026-03-26,cv_1,all,q_operating_margin,0.6316878925025436,False,0.6316878925025436,0.6316878925025436,0.6229674384299038,0.011258057798233457,0.7745966692414957,0.7745966692414957
2026-03-27,cv_1,all,q_operating_margin,0.6316878925025436,False,0.6316878925025436,0.6316878925025436,0.6229674384299038,0.011258057798233457,0.7745966692414957,0.7745966692414957
2026-03-30,cv_1,all,q_operating_margin,0.6316878925025436,False,0.6316878925025436,0.6316878925025436,0.6229674384299038,0.011258057798233457,0.7745966692414957,0.7745966692414957
2026-03-31,cv_1,all,q_operating_margin,0.6316878925025436,False,0.6316878925025436,0.6316878925025436,0.6229674384299038,0.011258057798233457,0.7745966692414957,0.7745966692414957
2026-04-01,cv_1,all,q_operating_margin,0.6316878925025436,False,0.6316878925025436,0.6316878925025436,0.6229674384299038,0.011258057798233457,0.7745966692414957,0.7745966692414957
2026-02-26,cv_1,all,q_net_margin,0.5597656387046978,False,0.5597656387046978,0.5597656387046978,0.5618264399211337,0.002660482930366865,-0.7745966692414573,0.7745966692414573
2026-02-27,cv_1,all,q_net_margin,0.5597656387046978,False,0.5597656387046978,0.5597656387046978,0.5618264399211337,0.002660482930366865,-0.7745966692414573,0.7745966692414573
2026-03-02,cv_1,all,q_net_margin,0.5597656387046978,False,0.5597656387046978,0.5597656387046978,0.5618264399211337,0.002660482930366865,-0.7745966692414573,0.7745966692414573
2026-03-03,cv_1,all,q_net_margin,0.5597656387046978,False,0.5597656387046978,0.5597656387046978,0.5618264399211337,0.002660482930366865,-0.7745966692414573,0.7745966692414573
2026-03-04,cv_1,all,q_net_margin,0.5597656387046978,False,0.5597656387046978,0.5597656387046978,0.5618264399211337,0.002660482930366865,-0.7745966692414573,0.7745966692414573
2026-03-05,cv_1,all,q_net_margin,0.5597656387046978,False,0.5597656387046978,0.5597656387046978,0.5618264399211337,0.002660482930366865,-0.7745966692414573,0.7745966692414573
2026-03-06,cv_1,all,q_net_margin,0.5597656387046978,False,0.5597656387046978,0.5597656387046978,0.5618264399211337,0.002660482930366865,-0.7745966692414573,0.7745966692414573
2026-03-09,cv_1,all,q_net_margin,0.5597656387046978,False,0.5597656387046978,0.5597656387046978,0.5618264399211337,0.002660482930366865,-0.7745966692414573,0.7745966692414573
2026-03-10,cv_1,all,q_net_margin,0.5597656387046978,False,0.5597656387046978,0.5597656387046978,0.5618264399211337,0.002660482930366865,-0.7745966692414573,0.7745966692414573
2026-03-11,cv_1,all,q_net_margin,0.5597656387046978,False,0.5597656387046978,0.5597656387046978,0.5618264399211337,0.002660482930366865,-0.7745966692414573,0.7745966692414573
2026-03-12,cv_1,all,q_net_margin,0.5597656387046978,False,0.5597656387046978,0.5597656387046978,0.5618264399211337,0.002660482930366865,-0.7745966692414573,0.7745966692414573
2026-03-13,cv_1,all,q_net_margin,0.5597656387046978,False,0.5597656387046978,0.5597656387046978,0.5618264399211337,0.002660482930366865,-0.7745966692414573,0.7745966692414573
2026-03-16,cv_1,all,q_net_margin,0.5597656387046978,False,0.5597656387046978,0.5597656387046978,0.5618264399211337,0.002660482930366865,-0.7745966692414573,0.7745966692414573
2026-03-17,cv_1,all,q_net_margin,0.5597656387046978,False,0.5597656387046978,0.5597656387046978,0.5618264399211337,0.002660482930366865,-0.7745966692414573,0.7745966692414573
2026-03-18,cv_1,all,q_net_margin,0.5597656387046978,False,0.5597656387046978,0.5597656387046978,0.5618264399211337,0.002660482930366865,-0.7745966692414573,0.7745966692414573
2026-03-19,cv_1,all,q_net_margin,0.5597656387046978,False,0.5597656387046978,0.5597656387046978,0.5618264399211337,0.002660482930366865,-0.7745966692414573,0.7745966692414573
2026-03-20,cv_1,all,q_net_margin,0.5597656387046978,False,0.5597656387046978,0.5597656387046978,0.5618264399211337,0.002660482930366865,-0.7745966692414573,0.7745966692414573
2026-03-23,cv_1,all,q_net_margin,0.5597656387046978,False,0.5597656387046978,0.5597656387046978,0.5618264399211337,0.002660482930366865,-0.7745966692414573,0.7745966692414573
2026-03-24,cv_1,all,q_net_margin,0.5597656387046978,False,0.5597656387046978,0.5597656387046978,0.5618264399211337,0.002660482930366865,-0.7745966692414573,0.7745966692414573
2026-03-25,cv_1,all,q_net_margin,0.5597656387046978,False,0.5597656387046978,0.5597656387046978,0.5618264399211337,0.002660482930366865,-0.7745966692414573,0.7745966692414573
2026-03-26,cv_1,all,q_net_margin,0.5597656387046978,False,0.5597656387046978,0.5597656387046978,0.5618264399211337,0.002660482930366865,-0.7745966692414573,0.7745966692414573
2026-03-27,cv_1,all,q_net_margin,0.5597656387046978,False,0.5597656387046978,0.5597656387046978,0.5618264399211337,0.002660482930366865,-0.7745966692414573,0.7745966692414573
2026-03-30,cv_1,all,q_net_margin,0.5597656387046978,False,0.5597656387046978,0.5597656387046978,0.5618264399211337,0.002660482930366865,-0.7745966692414573,0.7745966692414573
2026-03-31,cv_1,all,q_net_margin,0.5597656387046978,False,0.5597656387046978,0.5597656387046978,0.5618264399211337,0.002660482930366865,-0.7745966692414573,0.7745966692414573
2026-04-01,cv_1,all,q_net_margin,0.5597656387046978,False,0.5597656387046978,0.5597656387046978,0.5618264399211337,0.002660482930366865,-0.7745966692414573,0.7745966692414573
2026-02-26,cv_1,all,q_rd_to_revenue,0.0825351717363084,False,0.0825351717363084,0.0825351717363084,0.08600942296801478,0.0044852390536464695,-0.7745966692414855,0.7745966692414855
2026-02-27,cv_1,all,q_rd_to_revenue,0.0825351717363084,False,0.0825351717363084,0.0825351717363084,0.08600942296801478,0.0044852390536464695,-0.7745966692414855,0.7745966692414855
2026-03-02,cv_1,all,q_rd_to_revenue,0.0825351717363084,False,0.0825351717363084,0.0825351717363084,0.08600942296801478,0.0044852390536464695,-0.7745966692414855,0.7745966692414855
2026-03-03,cv_1,all,q_rd_to_revenue,0.0825351717363084,False,0.0825351717363084,0.0825351717363084,0.08600942296801478,0.0044852390536464695,-0.7745966692414855,0.7745966692414855
2026-03-04,cv_1,all,q_rd_to_revenue,0.0825351717363084,False,0.0825351717363084,0.0825351717363084,0.08600942296801478,0.0044852390536464695,-0.7745966692414855,0.7745966692414855
2026-03-05,cv_1,all,q_rd_to_revenue,0.0825351717363084,False,0.0825351717363084,0.0825351717363084,0.08600942296801478,0.0044852390536464695,-0.7745966692414855,0.7745966692414855
2026-03-06,cv_1,all,q_rd_to_revenue,0.0825351717363084,False,0.0825351717363084,0.0825351717363084,0.08600942296801478,0.0044852390536464695,-0.7745966692414855,0.7745966692414855
2026-03-09,cv_1,all,q_rd_to_revenue,0.0825351717363084,False,0.0825351717363084,0.0825351717363084,0.08600942296801478,0.0044852390536464695,-0.7745966692414855,0.7745966692414855
2026-03-10,cv_1,all,q_rd_to_revenue,0.0825351717363084,False,0.0825351717363084,0.0825351717363084,0.08600942296801478,0.0044852390536464695,-0.7745966692414855,0.7745966692414855
2026-03-11,cv_1,all,q_rd_to_revenue,0.0825351717363084,False,0.0825351717363084,0.0825351717363084,0.08600942296801478,0.0044852390536464695,-0.7745966692414855,0.7745966692414855
2026-03-12,cv_1,all,q_rd_to_revenue,0.0825351717363084,False,0.0825351717363084,0.0825351717363084,0.08600942296801478,0.0044852390536464695,-0.7745966692414855,0.7745966692414855
2026-03-13,cv_1,all,q_rd_to_revenue,0.0825351717363084,False,0.0825351717363084,0.0825351717363084,0.08600942296801478,0.0044852390536464695,-0.7745966692414855,0.7745966692414855
2026-03-16,cv_1,all,q_rd_to_revenue,0.0825351717363084,False,0.0825351717363084,0.0825351717363084,0.08600942296801478,0.0044852390536464695,-0.7745966692414855,0.7745966692414855
2026-03-17,cv_1,all,q_rd_to_revenue,0.0825351717363084,False,0.0825351717363084,0.0825351717363084,0.08600942296801478,0.0044852390536464695,-0.7745966692414855,0.7745966692414855
2026-03-18,cv_1,all,q_rd_to_revenue,0.0825351717363084,False,0.0825351717363084,0.0825351717363084,0.08600942296801478,0.0044852390536464695,-0.7745966692414855,0.7745966692414855
2026-03-19,cv_1,all,q_rd_to_revenue,0.0825351717363084,False,0.0825351717363084,0.0825351717363084,0.08600942296801478,0.0044852390536464695,-0.7745966692414855,0.7745966692414855
2026-03-20,cv_1,all,q_rd_to_revenue,0.0825351717363084,False,0.0825351717363084,0.0825351717363084,0.08600942296801478,0.0044852390536464695,-0.7745966692414855,0.7745966692414855
2026-03-23,cv_1,all,q_rd_to_revenue,0.0825351717363084,False,0.0825351717363084,0.0825351717363084,0.08600942296801478,0.0044852390536464695,-0.7745966692414855,0.7745966692414855
2026-03-24,cv_1,all,q_rd_to_revenue,0.0825351717363084,False,0.0825351717363084,0.0825351717363084,0.08600942296801478,0.0044852390536464695,-0.7745966692414855,0.7745966692414855
2026-03-25,cv_1,all,q_rd_to_revenue,0.0825351717363084,False,0.0825351717363084,0.0825351717363084,0.08600942296801478,0.0044852390536464695,-0.7745966692414855,0.7745966692414855
2026-03-26,cv_1,all,q_rd_to_revenue,0.0825351717363084,False,0.0825351717363084,0.0825351717363084,0.08600942296801478,0.0044852390536464695,-0.7745966692414855,0.7745966692414855
2026-03-27,cv_1,all,q_rd_to_revenue,0.0825351717363084,False,0.0825351717363084,0.0825351717363084,0.08600942296801478,0.0044852390536464695,-0.7745966692414855,0.7745966692414855
2026-03-30,cv_1,all,q_rd_to_revenue,0.0825351717363084,False,0.0825351717363084,0.0825351717363084,0.08600942296801478,0.0044852390536464695,-0.7745966692414855,0.7745966692414855
2026-03-31,cv_1,all,q_rd_to_revenue,0.0825351717363084,False,0.0825351717363084,0.0825351717363084,0.08600942296801478,0.0044852390536464695,-0.7745966692414855,0.7745966692414855
2026-04-01,cv_1,all,q_rd_to_revenue,0.0825351717363084,False,0.0825351717363084,0.0825351717363084,0.08600942296801478,0.0044852390536464695,-0.7745966692414855,0.7745966692414855
2026-02-26,cv_1,all,q_sga_to_revenue,0.0198926428796968,False,0.0198926428796968,0.0198926428796968,0.021434249595202303,0.0019902057118514386,-0.774596669241485,0.774596669241485
2026-02-27,cv_1,all,q_sga_to_revenue,0.0198926428796968,False,0.0198926428796968,0.0198926428796968,0.021434249595202303,0.0019902057118514386,-0.774596669241485,0.774596669241485
2026-03-02,cv_1,all,q_sga_to_revenue,0.0198926428796968,False,0.0198926428796968,0.0198926428796968,0.021434249595202303,0.0019902057118514386,-0.774596669241485,0.774596669241485
2026-03-03,cv_1,all,q_sga_to_revenue,0.0198926428796968,False,0.0198926428796968,0.0198926428796968,0.021434249595202303,0.0019902057118514386,-0.774596669241485,0.774596669241485
2026-03-04,cv_1,all,q_sga_to_revenue,0.0198926428796968,False,0.0198926428796968,0.0198926428796968,0.021434249595202303,0.0019902057118514386,-0.774596669241485,0.774596669241485
2026-03-05,cv_1,all,q_sga_to_revenue,0.0198926428796968,False,0.0198926428796968,0.0198926428796968,0.021434249595202303,0.0019902057118514386,-0.774596669241485,0.774596669241485
2026-03-06,cv_1,all,q_sga_to_revenue,0.0198926428796968,False,0.0198926428796968,0.0198926428796968,0.021434249595202303,0.0019902057118514386,-0.774596669241485,0.774596669241485
2026-03-09,cv_1,all,q_sga_to_revenue,0.0198926428796968,False,0.0198926428796968,0.0198926428796968,0.021434249595202303,0.0019902057118514386,-0.774596669241485,0.774596669241485
2026-03-10,cv_1,all,q_sga_to_revenue,0.0198926428796968,False,0.0198926428796968,0.0198926428796968,0.021434249595202303,0.0019902057118514386,-0.774596669241485,0.774596669241485
2026-03-11,cv_1,all,q_sga_to_revenue,0.0198926428796968,False,0.0198926428796968,0.0198926428796968,0.021434249595202303,0.0019902057118514386,-0.774596669241485,0.774596669241485
2026-03-12,cv_1,all,q_sga_to_revenue,0.0198926428796968,False,0.0198926428796968,0.0198926428796968,0.021434249595202303,0.0019902057118514386,-0.774596669241485,0.774596669241485
2026-03-13,cv_1,all,q_sga_to_revenue,0.0198926428796968,False,0.0198926428796968,0.0198926428796968,0.021434249595202303,0.0019902057118514386,-0.774596669241485,0.774596669241485
2026-03-16,cv_1,all,q_sga_to_revenue,0.0198926428796968,False,0.0198926428796968,0.0198926428796968,0.021434249595202303,0.0019902057118514386,-0.774596669241485,0.774596669241485
2026-03-17,cv_1,all,q_sga_to_revenue,0.0198926428796968,False,0.0198926428796968,0.0198926428796968,0.021434249595202303,0.0019902057118514386,-0.774596669241485,0.774596669241485
2026-03-18,cv_1,all,q_sga_to_revenue,0.0198926428796968,False,0.0198926428796968,0.0198926428796968,0.021434249595202303,0.0019902057118514386,-0.774596669241485,0.774596669241485
2026-03-19,cv_1,all,q_sga_to_revenue,0.0198926428796968,False,0.0198926428796968,0.0198926428796968,0.021434249595202303,0.0019902057118514386,-0.774596669241485,0.774596669241485
2026-03-20,cv_1,all,q_sga_to_revenue,0.0198926428796968,False,0.0198926428796968,0.0198926428796968,0.021434249595202303,0.0019902057118514386,-0.774596669241485,0.774596669241485
2026-03-23,cv_1,all,q_sga_to_revenue,0.0198926428796968,False,0.0198926428796968,0.0198926428796968,0.021434249595202303,0.0019902057118514386,-0.774596669241485,0.774596669241485
2026-03-24,cv_1,all,q_sga_to_revenue,0.0198926428796968,False,0.0198926428796968,0.0198926428796968,0.021434249595202303,0.0019902057118514386,-0.774596669241485,0.774596669241485
2026-03-25,cv_1,all,q_sga_to_revenue,0.0198926428796968,False,0.0198926428796968,0.0198926428796968,0.021434249595202303,0.0019902057118514386,-0.774596669241485,0.774596669241485
2026-03-26,cv_1,all,q_sga_to_revenue,0.0198926428796968,False,0.0198926428796968,0.0198926428796968,0.021434249595202303,0.0019902057118514386,-0.774596669241485,0.774596669241485
2026-03-27,cv_1,all,q_sga_to_revenue,0.0198926428796968,False,0.0198926428796968,0.0198926428796968,0.021434249595202303,0.0019902057118514386,-0.774596669241485,0.774596669241485
2026-03-30,cv_1,all,q_sga_to_revenue,0.0198926428796968,False,0.0198926428796968,0.0198926428796968,0.021434249595202303,0.0019902057118514386,-0.774596669241485,0.774596669241485
2026-03-31,cv_1,all,q_sga_to_revenue,0.0198926428796968,False,0.0198926428796968,0.0198926428796968,0.021434249595202303,0.0019902057118514386,-0.774596669241485,0.774596669241485
2026-04-01,cv_1,all,q_sga_to_revenue,0.0198926428796968,False,0.0198926428796968,0.0198926428796968,0.021434249595202303,0.0019902057118514386,-0.774596669241485,0.774596669241485
2026-02-26,cv_1,all,q_revenue_growth_yoy,0.6249358645459211,False,0.6249358645459211,0.6249358645459211,0.5990944026914002,0.03336118380140428,0.7745966692414885,0.7745966692414885
2026-02-27,cv_1,all,q_revenue_growth_yoy,0.6249358645459211,False,0.6249358645459211,0.6249358645459211,0.5990944026914002,0.03336118380140428,0.7745966692414885,0.7745966692414885
2026-03-02,cv_1,all,q_revenue_growth_yoy,0.6249358645459211,False,0.6249358645459211,0.6249358645459211,0.5990944026914002,0.03336118380140428,0.7745966692414885,0.7745966692414885
2026-03-03,cv_1,all,q_revenue_growth_yoy,0.6249358645459211,False,0.6249358645459211,0.6249358645459211,0.5990944026914002,0.03336118380140428,0.7745966692414885,0.7745966692414885
2026-03-04,cv_1,all,q_revenue_growth_yoy,0.6249358645459211,False,0.6249358645459211,0.6249358645459211,0.5990944026914002,0.03336118380140428,0.7745966692414885,0.7745966692414885
2026-03-05,cv_1,all,q_revenue_growth_yoy,0.6249358645459211,False,0.6249358645459211,0.6249358645459211,0.5990944026914002,0.03336118380140428,0.7745966692414885,0.7745966692414885
2026-03-06,cv_1,all,q_revenue_growth_yoy,0.6249358645459211,False,0.6249358645459211,0.6249358645459211,0.5990944026914002,0.03336118380140428,0.7745966692414885,0.7745966692414885
2026-03-09,cv_1,all,q_revenue_growth_yoy,0.6249358645459211,False,0.6249358645459211,0.6249358645459211,0.5990944026914002,0.03336118380140428,0.7745966692414885,0.7745966692414885
2026-03-10,cv_1,all,q_revenue_growth_yoy,0.6249358645459211,False,0.6249358645459211,0.6249358645459211,0.5990944026914002,0.03336118380140428,0.7745966692414885,0.7745966692414885
2026-03-11,cv_1,all,q_revenue_growth_yoy,0.6249358645459211,False,0.6249358645459211,0.6249358645459211,0.5990944026914002,0.03336118380140428,0.7745966692414885,0.7745966692414885
2026-03-12,cv_1,all,q_revenue_growth_yoy,0.6249358645459211,False,0.6249358645459211,0.6249358645459211,0.5990944026914002,0.03336118380140428,0.7745966692414885,0.7745966692414885
2026-03-13,cv_1,all,q_revenue_growth_yoy,0.6249358645459211,False,0.6249358645459211,0.6249358645459211,0.5990944026914002,0.03336118380140428,0.7745966692414885,0.7745966692414885
2026-03-16,cv_1,all,q_revenue_growth_yoy,0.6249358645459211,False,0.6249358645459211,0.6249358645459211,0.5990944026914002,0.03336118380140428,0.7745966692414885,0.7745966692414885
2026-03-17,cv_1,all,q_revenue_growth_yoy,0.6249358645459211,False,0.6249358645459211,0.6249358645459211,0.5990944026914002,0.03336118380140428,0.7745966692414885,0.7745966692414885
2026-03-18,cv_1,all,q_revenue_growth_yoy,0.6249358645459211,False,0.6249358645459211,0.6249358645459211,0.5990944026914002,0.03336118380140428,0.7745966692414885,0.7745966692414885
2026-03-19,cv_1,all,q_revenue_growth_yoy,0.6249358645459211,False,0.6249358645459211,0.6249358645459211,0.5990944026914002,0.03336118380140428,0.7745966692414885,0.7745966692414885
2026-03-20,cv_1,all,q_revenue_growth_yoy,0.6249358645459211,False,0.6249358645459211,0.6249358645459211,0.5990944026914002,0.03336118380140428,0.7745966692414885,0.7745966692414885
2026-03-23,cv_1,all,q_revenue_growth_yoy,0.6249358645459211,False,0.6249358645459211,0.6249358645459211,0.5990944026914002,0.03336118380140428,0.7745966692414885,0.7745966692414885
2026-03-24,cv_1,all,q_revenue_growth_yoy,0.6249358645459211,False,0.6249358645459211,0.6249358645459211,0.5990944026914002,0.03336118380140428,0.7745966692414885,0.7745966692414885
2026-03-25,cv_1,all,q_revenue_growth_yoy,0.6249358645459211,False,0.6249358645459211,0.6249358645459211,0.5990944026914002,0.03336118380140428,0.7745966692414885,0.7745966692414885
2026-03-26,cv_1,all,q_revenue_growth_yoy,0.6249358645459211,False,0.6249358645459211,0.6249358645459211,0.5990944026914002,0.03336118380140428,0.7745966692414885,0.7745966692414885
2026-03-27,cv_1,all,q_revenue_growth_yoy,0.6249358645459211,False,0.6249358645459211,0.6249358645459211,0.5990944026914002,0.03336118380140428,0.7745966692414885,0.7745966692414885
2026-03-30,cv_1,all,q_revenue_growth_yoy,0.6249358645459211,False,0.6249358645459211,0.6249358645459211,0.5990944026914002,0.03336118380140428,0.7745966692414885,0.7745966692414885
2026-03-31,cv_1,all,q_revenue_growth_yoy,0.6249358645459211,False,0.6249358645459211,0.6249358645459211,0.5990944026914002,0.03336118380140428,0.7745966692414885,0.7745966692414885
2026-04-01,cv_1,all,q_revenue_growth_yoy,0.6249358645459211,False,0.6249358645459211,0.6249358645459211,0.5990944026914002,0.03336118380140428,0.7745966692414885,0.7745966692414885
2026-02-26,cv_1,all,q_gross_profit_growth_yoy,0.5999770607126471,False,0.5999770607126471,0.5999770607126471,0.5623527666930789,0.04857275471686649,0.7745966692414814,0.7745966692414814
2026-02-27,cv_1,all,q_gross_profit_growth_yoy,0.5999770607126471,False,0.5999770607126471,0.5999770607126471,0.5623527666930789,0.04857275471686649,0.7745966692414814,0.7745966692414814
2026-03-02,cv_1,all,q_gross_profit_growth_yoy,0.5999770607126471,False,0.5999770607126471,0.5999770607126471,0.5623527666930789,0.04857275471686649,0.7745966692414814,0.7745966692414814
2026-03-03,cv_1,all,q_gross_profit_growth_yoy,0.5999770607126471,False,0.5999770607126471,0.5999770607126471,0.5623527666930789,0.04857275471686649,0.7745966692414814,0.7745966692414814
2026-03-04,cv_1,all,q_gross_profit_growth_yoy,0.5999770607126471,False,0.5999770607126471,0.5999770607126471,0.5623527666930789,0.04857275471686649,0.7745966692414814,0.7745966692414814
2026-03-05,cv_1,all,q_gross_profit_growth_yoy,0.5999770607126471,False,0.5999770607126471,0.5999770607126471,0.5623527666930789,0.04857275471686649,0.7745966692414814,0.7745966692414814
2026-03-06,cv_1,all,q_gross_profit_growth_yoy,0.5999770607126471,False,0.5999770607126471,0.5999770607126471,0.5623527666930789,0.04857275471686649,0.7745966692414814,0.7745966692414814
2026-03-09,cv_1,all,q_gross_profit_growth_yoy,0.5999770607126471,False,0.5999770607126471,0.5999770607126471,0.5623527666930789,0.04857275471686649,0.7745966692414814,0.7745966692414814
2026-03-10,cv_1,all,q_gross_profit_growth_yoy,0.5999770607126471,False,0.5999770607126471,0.5999770607126471,0.5623527666930789,0.04857275471686649,0.7745966692414814,0.7745966692414814
2026-03-11,cv_1,all,q_gross_profit_growth_yoy,0.5999770607126471,False,0.5999770607126471,0.5999770607126471,0.5623527666930789,0.04857275471686649,0.7745966692414814,0.7745966692414814
2026-03-12,cv_1,all,q_gross_profit_growth_yoy,0.5999770607126471,False,0.5999770607126471,0.5999770607126471,0.5623527666930789,0.04857275471686649,0.7745966692414814,0.7745966692414814
2026-03-13,cv_1,all,q_gross_profit_growth_yoy,0.5999770607126471,False,0.5999770607126471,0.5999770607126471,0.5623527666930789,0.04857275471686649,0.7745966692414814,0.7745966692414814
2026-03-16,cv_1,all,q_gross_profit_growth_yoy,0.5999770607126471,False,0.5999770607126471,0.5999770607126471,0.5623527666930789,0.04857275471686649,0.7745966692414814,0.7745966692414814
2026-03-17,cv_1,all,q_gross_profit_growth_yoy,0.5999770607126471,False,0.5999770607126471,0.5999770607126471,0.5623527666930789,0.04857275471686649,0.7745966692414814,0.7745966692414814
2026-03-18,cv_1,all,q_gross_profit_growth_yoy,0.5999770607126471,False,0.5999770607126471,0.5999770607126471,0.5623527666930789,0.04857275471686649,0.7745966692414814,0.7745966692414814
2026-03-19,cv_1,all,q_gross_profit_growth_yoy,0.5999770607126471,False,0.5999770607126471,0.5999770607126471,0.5623527666930789,0.04857275471686649,0.7745966692414814,0.7745966692414814
2026-03-20,cv_1,all,q_gross_profit_growth_yoy,0.5999770607126471,False,0.5999770607126471,0.5999770607126471,0.5623527666930789,0.04857275471686649,0.7745966692414814,0.7745966692414814
2026-03-23,cv_1,all,q_gross_profit_growth_yoy,0.5999770607126471,False,0.5999770607126471,0.5999770607126471,0.5623527666930789,0.04857275471686649,0.7745966692414814,0.7745966692414814
2026-03-24,cv_1,all,q_gross_profit_growth_yoy,0.5999770607126471,False,0.5999770607126471,0.5999770607126471,0.5623527666930789,0.04857275471686649,0.7745966692414814,0.7745966692414814
2026-03-25,cv_1,all,q_gross_profit_growth_yoy,0.5999770607126471,False,0.5999770607126471,0.5999770607126471,0.5623527666930789,0.04857275471686649,0.7745966692414814,0.7745966692414814
2026-03-26,cv_1,all,q_gross_profit_growth_yoy,0.5999770607126471,False,0.5999770607126471,0.5999770607126471,0.5623527666930789,0.04857275471686649,0.7745966692414814,0.7745966692414814
2026-03-27,cv_1,all,q_gross_profit_growth_yoy,0.5999770607126471,False,0.5999770607126471,0.5999770607126471,0.5623527666930789,0.04857275471686649,0.7745966692414814,0.7745966692414814
2026-03-30,cv_1,all,q_gross_profit_growth_yoy,0.5999770607126471,False,0.5999770607126471,0.5999770607126471,0.5623527666930789,0.04857275471686649,0.7745966692414814,0.7745966692414814
2026-03-31,cv_1,all,q_gross_profit_growth_yoy,0.5999770607126471,False,0.5999770607126471,0.5999770607126471,0.5623527666930789,0.04857275471686649,0.7745966692414814,0.7745966692414814
2026-04-01,cv_1,all,q_gross_profit_growth_yoy,0.5999770607126471,False,0.5999770607126471,0.5999770607126471,0.5623527666930789,0.04857275471686649,0.7745966692414814,0.7745966692414814
2026-02-26,cv_1,all,q_operating_income_growth_yoy,0.6466230737573735,False,0.6466230737573735,0.6466230737573735,0.6012346898463469,0.05859615166622492,0.7745966692414834,0.7745966692414834
2026-02-27,cv_1,all,q_operating_income_growth_yoy,0.6466230737573735,False,0.6466230737573735,0.6466230737573735,0.6012346898463469,0.05859615166622492,0.7745966692414834,0.7745966692414834
2026-03-02,cv_1,all,q_operating_income_growth_yoy,0.6466230737573735,False,0.6466230737573735,0.6466230737573735,0.6012346898463469,0.05859615166622492,0.7745966692414834,0.7745966692414834
2026-03-03,cv_1,all,q_operating_income_growth_yoy,0.6466230737573735,False,0.6466230737573735,0.6466230737573735,0.6012346898463469,0.05859615166622492,0.7745966692414834,0.7745966692414834
2026-03-04,cv_1,all,q_operating_income_growth_yoy,0.6466230737573735,False,0.6466230737573735,0.6466230737573735,0.6012346898463469,0.05859615166622492,0.7745966692414834,0.7745966692414834
2026-03-05,cv_1,all,q_operating_income_growth_yoy,0.6466230737573735,False,0.6466230737573735,0.6466230737573735,0.6012346898463469,0.05859615166622492,0.7745966692414834,0.7745966692414834
2026-03-06,cv_1,all,q_operating_income_growth_yoy,0.6466230737573735,False,0.6466230737573735,0.6466230737573735,0.6012346898463469,0.05859615166622492,0.7745966692414834,0.7745966692414834
2026-03-09,cv_1,all,q_operating_income_growth_yoy,0.6466230737573735,False,0.6466230737573735,0.6466230737573735,0.6012346898463469,0.05859615166622492,0.7745966692414834,0.7745966692414834
2026-03-10,cv_1,all,q_operating_income_growth_yoy,0.6466230737573735,False,0.6466230737573735,0.6466230737573735,0.6012346898463469,0.05859615166622492,0.7745966692414834,0.7745966692414834
2026-03-11,cv_1,all,q_operating_income_growth_yoy,0.6466230737573735,False,0.6466230737573735,0.6466230737573735,0.6012346898463469,0.05859615166622492,0.7745966692414834,0.7745966692414834
2026-03-12,cv_1,all,q_operating_income_growth_yoy,0.6466230737573735,False,0.6466230737573735,0.6466230737573735,0.6012346898463469,0.05859615166622492,0.7745966692414834,0.7745966692414834
2026-03-13,cv_1,all,q_operating_income_growth_yoy,0.6466230737573735,False,0.6466230737573735,0.6466230737573735,0.6012346898463469,0.05859615166622492,0.7745966692414834,0.7745966692414834
2026-03-16,cv_1,all,q_operating_income_growth_yoy,0.6466230737573735,False,0.6466230737573735,0.6466230737573735,0.6012346898463469,0.05859615166622492,0.7745966692414834,0.7745966692414834
2026-03-17,cv_1,all,q_operating_income_growth_yoy,0.6466230737573735,False,0.6466230737573735,0.6466230737573735,0.6012346898463469,0.05859615166622492,0.7745966692414834,0.7745966692414834
2026-03-18,cv_1,all,q_operating_income_growth_yoy,0.6466230737573735,False,0.6466230737573735,0.6466230737573735,0.6012346898463469,0.05859615166622492,0.7745966692414834,0.7745966692414834
2026-03-19,cv_1,all,q_operating_income_growth_yoy,0.6466230737573735,False,0.6466230737573735,0.6466230737573735,0.6012346898463469,0.05859615166622492,0.7745966692414834,0.7745966692414834
2026-03-20,cv_1,all,q_operating_income_growth_yoy,0.6466230737573735,False,0.6466230737573735,0.6466230737573735,0.6012346898463469,0.05859615166622492,0.7745966692414834,0.7745966692414834
2026-03-23,cv_1,all,q_operating_income_growth_yoy,0.6466230737573735,False,0.6466230737573735,0.6466230737573735,0.6012346898463469,0.05859615166622492,0.7745966692414834,0.7745966692414834
2026-03-24,cv_1,all,q_operating_income_growth_yoy,0.6466230737573735,False,0.6466230737573735,0.6466230737573735,0.6012346898463469,0.05859615166622492,0.7745966692414834,0.7745966692414834
2026-03-25,cv_1,all,q_operating_income_growth_yoy,0.6466230737573735,False,0.6466230737573735,0.6466230737573735,0.6012346898463469,0.05859615166622492,0.7745966692414834,0.7745966692414834
2026-03-26,cv_1,all,q_operating_income_growth_yoy,0.6466230737573735,False,0.6466230737573735,0.6466230737573735,0.6012346898463469,0.05859615166622492,0.7745966692414834,0.7745966692414834
2026-03-27,cv_1,all,q_operating_income_growth_yoy,0.6466230737573735,False,0.6466230737573735,0.6466230737573735,0.6012346898463469,0.05859615166622492,0.7745966692414834,0.7745966692414834
2026-03-30,cv_1,all,q_operating_income_growth_yoy,0.6466230737573735,False,0.6466230737573735,0.6466230737573735,0.6012346898463469,0.05859615166622492,0.7745966692414834,0.7745966692414834
2026-03-31,cv_1,all,q_operating_income_growth_yoy,0.6466230737573735,False,0.6466230737573735,0.6466230737573735,0.6012346898463469,0.05859615166622492,0.7745966692414834,0.7745966692414834
2026-04-01,cv_1,all,q_operating_income_growth_yoy,0.6466230737573735,False,0.6466230737573735,0.6466230737573735,0.6012346898463469,0.05859615166622492,0.7745966692414834,0.7745966692414834
2026-02-26,cv_1,all,q_net_income_growth_yoy,0.6525972344502564,False,0.6525972344502564,0.6525972344502564,0.6297917605970168,0.029441740145322193,0.7745966692414756,0.7745966692414756
2026-02-27,cv_1,all,q_net_income_growth_yoy,0.6525972344502564,False,0.6525972344502564,0.6525972344502564,0.6297917605970168,0.029441740145322193,0.7745966692414756,0.7745966692414756
2026-03-02,cv_1,all,q_net_income_growth_yoy,0.6525972344502564,False,0.6525972344502564,0.6525972344502564,0.6297917605970168,0.029441740145322193,0.7745966692414756,0.7745966692414756
2026-03-03,cv_1,all,q_net_income_growth_yoy,0.6525972344502564,False,0.6525972344502564,0.6525972344502564,0.6297917605970168,0.029441740145322193,0.7745966692414756,0.7745966692414756
2026-03-04,cv_1,all,q_net_income_growth_yoy,0.6525972344502564,False,0.6525972344502564,0.6525972344502564,0.6297917605970168,0.029441740145322193,0.7745966692414756,0.7745966692414756
2026-03-05,cv_1,all,q_net_income_growth_yoy,0.6525972344502564,False,0.6525972344502564,0.6525972344502564,0.6297917605970168,0.029441740145322193,0.7745966692414756,0.7745966692414756
2026-03-06,cv_1,all,q_net_income_growth_yoy,0.6525972344502564,False,0.6525972344502564,0.6525972344502564,0.6297917605970168,0.029441740145322193,0.7745966692414756,0.7745966692414756
2026-03-09,cv_1,all,q_net_income_growth_yoy,0.6525972344502564,False,0.6525972344502564,0.6525972344502564,0.6297917605970168,0.029441740145322193,0.7745966692414756,0.7745966692414756
2026-03-10,cv_1,all,q_net_income_growth_yoy,0.6525972344502564,False,0.6525972344502564,0.6525972344502564,0.6297917605970168,0.029441740145322193,0.7745966692414756,0.7745966692414756
2026-03-11,cv_1,all,q_net_income_growth_yoy,0.6525972344502564,False,0.6525972344502564,0.6525972344502564,0.6297917605970168,0.029441740145322193,0.7745966692414756,0.7745966692414756
2026-03-12,cv_1,all,q_net_income_growth_yoy,0.6525972344502564,False,0.6525972344502564,0.6525972344502564,0.6297917605970168,0.029441740145322193,0.7745966692414756,0.7745966692414756
2026-03-13,cv_1,all,q_net_income_growth_yoy,0.6525972344502564,False,0.6525972344502564,0.6525972344502564,0.6297917605970168,0.029441740145322193,0.7745966692414756,0.7745966692414756
2026-03-16,cv_1,all,q_net_income_growth_yoy,0.6525972344502564,False,0.6525972344502564,0.6525972344502564,0.6297917605970168,0.029441740145322193,0.7745966692414756,0.7745966692414756
2026-03-17,cv_1,all,q_net_income_growth_yoy,0.6525972344502564,False,0.6525972344502564,0.6525972344502564,0.6297917605970168,0.029441740145322193,0.7745966692414756,0.7745966692414756
2026-03-18,cv_1,all,q_net_income_growth_yoy,0.6525972344502564,False,0.6525972344502564,0.6525972344502564,0.6297917605970168,0.029441740145322193,0.7745966692414756,0.7745966692414756
2026-03-19,cv_1,all,q_net_income_growth_yoy,0.6525972344502564,False,0.6525972344502564,0.6525972344502564,0.6297917605970168,0.029441740145322193,0.7745966692414756,0.7745966692414756
2026-03-20,cv_1,all,q_net_income_growth_yoy,0.6525972344502564,False,0.6525972344502564,0.6525972344502564,0.6297917605970168,0.029441740145322193,0.7745966692414756,0.7745966692414756
2026-03-23,cv_1,all,q_net_income_growth_yoy,0.6525972344502564,False,0.6525972344502564,0.6525972344502564,0.6297917605970168,0.029441740145322193,0.7745966692414756,0.7745966692414756
2026-03-24,cv_1,all,q_net_income_growth_yoy,0.6525972344502564,False,0.6525972344502564,0.6525972344502564,0.6297917605970168,0.029441740145322193,0.7745966692414756,0.7745966692414756
2026-03-25,cv_1,all,q_net_income_growth_yoy,0.6525972344502564,False,0.6525972344502564,0.6525972344502564,0.6297917605970168,0.029441740145322193,0.7745966692414756,0.7745966692414756
2026-03-26,cv_1,all,q_net_income_growth_yoy,0.6525972344502564,False,0.6525972344502564,0.6525972344502564,0.6297917605970168,0.029441740145322193,0.7745966692414756,0.7745966692414756
2026-03-27,cv_1,all,q_net_income_growth_yoy,0.6525972344502564,False,0.6525972344502564,0.6525972344502564,0.6297917605970168,0.029441740145322193,0.7745966692414756,0.7745966692414756
2026-03-30,cv_1,all,q_net_income_growth_yoy,0.6525972344502564,False,0.6525972344502564,0.6525972344502564,0.6297917605970168,0.029441740145322193,0.7745966692414756,0.7745966692414756
2026-03-31,cv_1,all,q_net_income_growth_yoy,0.6525972344502564,False,0.6525972344502564,0.6525972344502564,0.6297917605970168,0.029441740145322193,0.7745966692414756,0.7745966692414756
2026-04-01,cv_1,all,q_net_income_growth_yoy,0.6525972344502564,False,0.6525972344502564,0.6525972344502564,0.6297917605970168,0.029441740145322193,0.7745966692414756,0.7745966692414756
2026-02-26,cv_1,all,q_rd_growth_yoy,0.387905604719764,False,0.387905604719764,0.387905604719764,0.38819343013431845,0.0003715810123949419,-0.7745966692413899,0.7745966692413899
2026-02-27,cv_1,all,q_rd_growth_yoy,0.387905604719764,False,0.387905604719764,0.387905604719764,0.38819343013431845,0.0003715810123949419,-0.7745966692413899,0.7745966692413899
2026-03-02,cv_1,all,q_rd_growth_yoy,0.387905604719764,False,0.387905604719764,0.387905604719764,0.38819343013431845,0.0003715810123949419,-0.7745966692413899,0.7745966692413899
2026-03-03,cv_1,all,q_rd_growth_yoy,0.387905604719764,False,0.387905604719764,0.387905604719764,0.38819343013431845,0.0003715810123949419,-0.7745966692413899,0.7745966692413899
2026-03-04,cv_1,all,q_rd_growth_yoy,0.387905604719764,False,0.387905604719764,0.387905604719764,0.38819343013431845,0.0003715810123949419,-0.7745966692413899,0.7745966692413899
2026-03-05,cv_1,all,q_rd_growth_yoy,0.387905604719764,False,0.387905604719764,0.387905604719764,0.38819343013431845,0.0003715810123949419,-0.7745966692413899,0.7745966692413899
2026-03-06,cv_1,all,q_rd_growth_yoy,0.387905604719764,False,0.387905604719764,0.387905604719764,0.38819343013431845,0.0003715810123949419,-0.7745966692413899,0.7745966692413899
2026-03-09,cv_1,all,q_rd_growth_yoy,0.387905604719764,False,0.387905604719764,0.387905604719764,0.38819343013431845,0.0003715810123949419,-0.7745966692413899,0.7745966692413899
2026-03-10,cv_1,all,q_rd_growth_yoy,0.387905604719764,False,0.387905604719764,0.387905604719764,0.38819343013431845,0.0003715810123949419,-0.7745966692413899,0.7745966692413899
2026-03-11,cv_1,all,q_rd_growth_yoy,0.387905604719764,False,0.387905604719764,0.387905604719764,0.38819343013431845,0.0003715810123949419,-0.7745966692413899,0.7745966692413899
2026-03-12,cv_1,all,q_rd_growth_yoy,0.387905604719764,False,0.387905604719764,0.387905604719764,0.38819343013431845,0.0003715810123949419,-0.7745966692413899,0.7745966692413899
2026-03-13,cv_1,all,q_rd_growth_yoy,0.387905604719764,False,0.387905604719764,0.387905604719764,0.38819343013431845,0.0003715810123949419,-0.7745966692413899,0.7745966692413899
2026-03-16,cv_1,all,q_rd_growth_yoy,0.387905604719764,False,0.387905604719764,0.387905604719764,0.38819343013431845,0.0003715810123949419,-0.7745966692413899,0.7745966692413899
2026-03-17,cv_1,all,q_rd_growth_yoy,0.387905604719764,False,0.387905604719764,0.387905604719764,0.38819343013431845,0.0003715810123949419,-0.7745966692413899,0.7745966692413899
2026-03-18,cv_1,all,q_rd_growth_yoy,0.387905604719764,False,0.387905604719764,0.387905604719764,0.38819343013431845,0.0003715810123949419,-0.7745966692413899,0.7745966692413899
2026-03-19,cv_1,all,q_rd_growth_yoy,0.387905604719764,False,0.387905604719764,0.387905604719764,0.38819343013431845,0.0003715810123949419,-0.7745966692413899,0.7745966692413899
2026-03-20,cv_1,all,q_rd_growth_yoy,0.387905604719764,False,0.387905604719764,0.387905604719764,0.38819343013431845,0.0003715810123949419,-0.7745966692413899,0.7745966692413899
2026-03-23,cv_1,all,q_rd_growth_yoy,0.387905604719764,False,0.387905604719764,0.387905604719764,0.38819343013431845,0.0003715810123949419,-0.7745966692413899,0.7745966692413899
2026-03-24,cv_1,all,q_rd_growth_yoy,0.387905604719764,False,0.387905604719764,0.387905604719764,0.38819343013431845,0.0003715810123949419,-0.7745966692413899,0.7745966692413899
2026-03-25,cv_1,all,q_rd_growth_yoy,0.387905604719764,False,0.387905604719764,0.387905604719764,0.38819343013431845,0.0003715810123949419,-0.7745966692413899,0.7745966692413899
2026-03-26,cv_1,all,q_rd_growth_yoy,0.387905604719764,False,0.387905604719764,0.387905604719764,0.38819343013431845,0.0003715810123949419,-0.7745966692413899,0.7745966692413899
2026-03-27,cv_1,all,q_rd_growth_yoy,0.387905604719764,False,0.387905604719764,0.387905604719764,0.38819343013431845,0.0003715810123949419,-0.7745966692413899,0.7745966692413899
2026-03-30,cv_1,all,q_rd_growth_yoy,0.387905604719764,False,0.387905604719764,0.387905604719764,0.38819343013431845,0.0003715810123949419,-0.7745966692413899,0.7745966692413899
2026-03-31,cv_1,all,q_rd_growth_yoy,0.387905604719764,False,0.387905604719764,0.387905604719764,0.38819343013431845,0.0003715810123949419,-0.7745966692413899,0.7745966692413899
2026-04-01,cv_1,all,q_rd_growth_yoy,0.387905604719764,False,0.387905604719764,0.387905604719764,0.38819343013431845,0.0003715810123949419,-0.7745966692413899,0.7745966692413899
2026-02-26,cv_1,all,current_ratio,3.905263812455306,False,3.905263812455306,4.467574304889741,4.372483971474996,0.12276109256687004,-3.8059302768520715,3.8059302768520715
2026-02-27,cv_1,all,current_ratio,3.905263812455306,False,3.905263812455306,4.467574304889741,4.372483971474996,0.12276109256687004,-3.8059302768520715,3.8059302768520715
2026-03-02,cv_1,all,current_ratio,3.905263812455306,False,3.905263812455306,4.467574304889741,4.372483971474996,0.12276109256687004,-3.8059302768520715,3.8059302768520715
2026-03-03,cv_1,all,current_ratio,3.905263812455306,False,3.905263812455306,4.467574304889741,4.372483971474996,0.12276109256687004,-3.8059302768520715,3.8059302768520715
2026-03-04,cv_1,all,current_ratio,3.905263812455306,False,3.905263812455306,4.467574304889741,4.372483971474996,0.12276109256687004,-3.8059302768520715,3.8059302768520715
2026-03-05,cv_1,all,current_ratio,3.905263812455306,False,3.905263812455306,4.467574304889741,4.372483971474996,0.12276109256687004,-3.8059302768520715,3.8059302768520715
2026-03-06,cv_1,all,current_ratio,3.905263812455306,False,3.905263812455306,4.467574304889741,4.372483971474996,0.12276109256687004,-3.8059302768520715,3.8059302768520715
2026-03-09,cv_1,all,current_ratio,3.905263812455306,False,3.905263812455306,4.467574304889741,4.372483971474996,0.12276109256687004,-3.8059302768520715,3.8059302768520715
2026-03-10,cv_1,all,current_ratio,3.905263812455306,False,3.905263812455306,4.467574304889741,4.372483971474996,0.12276109256687004,-3.8059302768520715,3.8059302768520715
2026-03-11,cv_1,all,current_ratio,3.905263812455306,False,3.905263812455306,4.467574304889741,4.372483971474996,0.12276109256687004,-3.8059302768520715,3.8059302768520715
2026-03-12,cv_1,all,current_ratio,3.905263812455306,False,3.905263812455306,4.467574304889741,4.372483971474996,0.12276109256687004,-3.8059302768520715,3.8059302768520715
2026-03-13,cv_1,all,current_ratio,3.905263812455306,False,3.905263812455306,4.467574304889741,4.372483971474996,0.12276109256687004,-3.8059302768520715,3.8059302768520715
2026-03-16,cv_1,all,current_ratio,3.905263812455306,False,3.905263812455306,4.467574304889741,4.372483971474996,0.12276109256687004,-3.8059302768520715,3.8059302768520715
2026-03-17,cv_1,all,current_ratio,3.905263812455306,False,3.905263812455306,4.467574304889741,4.372483971474996,0.12276109256687004,-3.8059302768520715,3.8059302768520715
2026-03-18,cv_1,all,current_ratio,3.905263812455306,False,3.905263812455306,4.467574304889741,4.372483971474996,0.12276109256687004,-3.8059302768520715,3.8059302768520715
2026-03-19,cv_1,all,current_ratio,3.905263812455306,False,3.905263812455306,4.467574304889741,4.372483971474996,0.12276109256687004,-3.8059302768520715,3.8059302768520715
2026-03-20,cv_1,all,current_ratio,3.905263812455306,False,3.905263812455306,4.467574304889741,4.372483971474996,0.12276109256687004,-3.8059302768520715,3.8059302768520715
2026-03-23,cv_1,all,current_ratio,3.905263812455306,False,3.905263812455306,4.467574304889741,4.372483971474996,0.12276109256687004,-3.8059302768520715,3.8059302768520715
2026-03-24,cv_1,all,current_ratio,3.905263812455306,False,3.905263812455306,4.467574304889741,4.372483971474996,0.12276109256687004,-3.8059302768520715,3.8059302768520715
2026-03-25,cv_1,all,current_ratio,3.905263812455306,False,3.905263812455306,4.467574304889741,4.372483971474996,0.12276109256687004,-3.8059302768520715,3.8059302768520715
2026-03-26,cv_1,all,current_ratio,3.905263812455306,False,3.905263812455306,4.467574304889741,4.372483971474996,0.12276109256687004,-3.8059302768520715,3.8059302768520715
2026-03-27,cv_1,all,current_ratio,3.905263812455306,False,3.905263812455306,4.467574304889741,4.372483971474996,0.12276109256687004,-3.8059302768520715,3.8059302768520715
2026-03-30,cv_1,all,current_ratio,3.905263812455306,False,3.905263812455306,4.467574304889741,4.372483971474996,0.12276109256687004,-3.8059302768520715,3.8059302768520715
2026-03-31,cv_1,all,current_ratio,3.905263812455306,False,3.905263812455306,4.467574304889741,4.372483971474996,0.12276109256687004,-3.8059302768520715,3.8059302768520715
2026-04-01,cv_1,all,current_ratio,3.905263812455306,False,3.905263812455306,4.467574304889741,4.372483971474996,0.12276109256687004,-3.8059302768520715,3.8059302768520715
2026-02-26,cv_1,all,cash_to_assets,0.0512806874174939,False,0.0512806874174939,0.0712760940253679,0.07555953119728878,0.005529893610458435,-4.390472130219181,4.390472130219181
2026-02-27,cv_1,all,cash_to_assets,0.0512806874174939,False,0.0512806874174939,0.0712760940253679,0.07555953119728878,0.005529893610458435,-4.390472130219181,4.390472130219181
2026-03-02,cv_1,all,cash_to_assets,0.0512806874174939,False,0.0512806874174939,0.0712760940253679,0.07555953119728878,0.005529893610458435,-4.390472130219181,4.390472130219181
2026-03-03,cv_1,all,cash_to_assets,0.0512806874174939,False,0.0512806874174939,0.0712760940253679,0.07555953119728878,0.005529893610458435,-4.390472130219181,4.390472130219181
2026-03-04,cv_1,all,cash_to_assets,0.0512806874174939,False,0.0512806874174939,0.0712760940253679,0.07555953119728878,0.005529893610458435,-4.390472130219181,4.390472130219181
2026-03-05,cv_1,all,cash_to_assets,0.0512806874174939,False,0.0512806874174939,0.0712760940253679,0.07555953119728878,0.005529893610458435,-4.390472130219181,4.390472130219181
2026-03-06,cv_1,all,cash_to_assets,0.0512806874174939,False,0.0512806874174939,0.0712760940253679,0.07555953119728878,0.005529893610458435,-4.390472130219181,4.390472130219181
2026-03-09,cv_1,all,cash_to_assets,0.0512806874174939,False,0.0512806874174939,0.0712760940253679,0.07555953119728878,0.005529893610458435,-4.390472130219181,4.390472130219181
2026-03-10,cv_1,all,cash_to_assets,0.0512806874174939,False,0.0512806874174939,0.0712760940253679,0.07555953119728878,0.005529893610458435,-4.390472130219181,4.390472130219181
2026-03-11,cv_1,all,cash_to_assets,0.0512806874174939,False,0.0512806874174939,0.0712760940253679,0.07555953119728878,0.005529893610458435,-4.390472130219181,4.390472130219181
2026-03-12,cv_1,all,cash_to_assets,0.0512806874174939,False,0.0512806874174939,0.0712760940253679,0.07555953119728878,0.005529893610458435,-4.390472130219181,4.390472130219181
2026-03-13,cv_1,all,cash_to_assets,0.0512806874174939,False,0.0512806874174939,0.0712760940253679,0.07555953119728878,0.005529893610458435,-4.390472130219181,4.390472130219181
2026-03-16,cv_1,all,cash_to_assets,0.0512806874174939,False,0.0512806874174939,0.0712760940253679,0.07555953119728878,0.005529893610458435,-4.390472130219181,4.390472130219181
2026-03-17,cv_1,all,cash_to_assets,0.0512806874174939,False,0.0512806874174939,0.0712760940253679,0.07555953119728878,0.005529893610458435,-4.390472130219181,4.390472130219181
2026-03-18,cv_1,all,cash_to_assets,0.0512806874174939,False,0.0512806874174939,0.0712760940253679,0.07555953119728878,0.005529893610458435,-4.390472130219181,4.390472130219181
2026-03-19,cv_1,all,cash_to_assets,0.0512806874174939,False,0.0512806874174939,0.0712760940253679,0.07555953119728878,0.005529893610458435,-4.390472130219181,4.390472130219181
2026-03-20,cv_1,all,cash_to_assets,0.0512806874174939,False,0.0512806874174939,0.0712760940253679,0.07555953119728878,0.005529893610458435,-4.390472130219181,4.390472130219181
2026-03-23,cv_1,all,cash_to_assets,0.0512806874174939,False,0.0512806874174939,0.0712760940253679,0.07555953119728878,0.005529893610458435,-4.390472130219181,4.390472130219181
2026-03-24,cv_1,all,cash_to_assets,0.0512806874174939,False,0.0512806874174939,0.0712760940253679,0.07555953119728878,0.005529893610458435,-4.390472130219181,4.390472130219181
2026-03-25,cv_1,all,cash_to_assets,0.0512806874174939,False,0.0512806874174939,0.0712760940253679,0.07555953119728878,0.005529893610458435,-4.390472130219181,4.390472130219181
2026-03-26,cv_1,all,cash_to_assets,0.0512806874174939,False,0.0512806874174939,0.0712760940253679,0.07555953119728878,0.005529893610458435,-4.390472130219181,4.390472130219181
2026-03-27,cv_1,all,cash_to_assets,0.0512806874174939,False,0.0512806874174939,0.0712760940253679,0.07555953119728878,0.005529893610458435,-4.390472130219181,4.390472130219181
2026-03-30,cv_1,all,cash_to_assets,0.0512806874174939,False,0.0512806874174939,0.0712760940253679,0.07555953119728878,0.005529893610458435,-4.390472130219181,4.390472130219181
2026-03-31,cv_1,all,cash_to_assets,0.0512806874174939,False,0.0512806874174939,0.0712760940253679,0.07555953119728878,0.005529893610458435,-4.390472130219181,4.390472130219181
2026-04-01,cv_1,all,cash_to_assets,0.0512806874174939,False,0.0512806874174939,0.0712760940253679,0.07555953119728878,0.005529893610458435,-4.390472130219181,4.390472130219181
2026-02-26,cv_1,all,liabilities_to_assets,0.2394065850108557,False,0.2394065850108557,0.2621875542979124,0.2720694027634654,0.01275741151227734,-2.5603013370836254,2.5603013370836254
2026-02-27,cv_1,all,liabilities_to_assets,0.2394065850108557,False,0.2394065850108557,0.2621875542979124,0.2720694027634654,0.01275741151227734,-2.5603013370836254,2.5603013370836254
2026-03-02,cv_1,all,liabilities_to_assets,0.2394065850108557,False,0.2394065850108557,0.2621875542979124,0.2720694027634654,0.01275741151227734,-2.5603013370836254,2.5603013370836254
2026-03-03,cv_1,all,liabilities_to_assets,0.2394065850108557,False,0.2394065850108557,0.2621875542979124,0.2720694027634654,0.01275741151227734,-2.5603013370836254,2.5603013370836254
2026-03-04,cv_1,all,liabilities_to_assets,0.2394065850108557,False,0.2394065850108557,0.2621875542979124,0.2720694027634654,0.01275741151227734,-2.5603013370836254,2.5603013370836254
2026-03-05,cv_1,all,liabilities_to_assets,0.2394065850108557,False,0.2394065850108557,0.2621875542979124,0.2720694027634654,0.01275741151227734,-2.5603013370836254,2.5603013370836254
2026-03-06,cv_1,all,liabilities_to_assets,0.2394065850108557,False,0.2394065850108557,0.2621875542979124,0.2720694027634654,0.01275741151227734,-2.5603013370836254,2.5603013370836254
2026-03-09,cv_1,all,liabilities_to_assets,0.2394065850108557,False,0.2394065850108557,0.2621875542979124,0.2720694027634654,0.01275741151227734,-2.5603013370836254,2.5603013370836254
2026-03-10,cv_1,all,liabilities_to_assets,0.2394065850108557,False,0.2394065850108557,0.2621875542979124,0.2720694027634654,0.01275741151227734,-2.5603013370836254,2.5603013370836254
2026-03-11,cv_1,all,liabilities_to_assets,0.2394065850108557,False,0.2394065850108557,0.2621875542979124,0.2720694027634654,0.01275741151227734,-2.5603013370836254,2.5603013370836254
2026-03-12,cv_1,all,liabilities_to_assets,0.2394065850108557,False,0.2394065850108557,0.2621875542979124,0.2720694027634654,0.01275741151227734,-2.5603013370836254,2.5603013370836254
2026-03-13,cv_1,all,liabilities_to_assets,0.2394065850108557,False,0.2394065850108557,0.2621875542979124,0.2720694027634654,0.01275741151227734,-2.5603013370836254,2.5603013370836254
2026-03-16,cv_1,all,liabilities_to_assets,0.2394065850108557,False,0.2394065850108557,0.2621875542979124,0.2720694027634654,0.01275741151227734,-2.5603013370836254,2.5603013370836254
2026-03-17,cv_1,all,liabilities_to_assets,0.2394065850108557,False,0.2394065850108557,0.2621875542979124,0.2720694027634654,0.01275741151227734,-2.5603013370836254,2.5603013370836254
2026-03-18,cv_1,all,liabilities_to_assets,0.2394065850108557,False,0.2394065850108557,0.2621875542979124,0.2720694027634654,0.01275741151227734,-2.5603013370836254,2.5603013370836254
2026-03-19,cv_1,all,liabilities_to_assets,0.2394065850108557,False,0.2394065850108557,0.2621875542979124,0.2720694027634654,0.01275741151227734,-2.5603013370836254,2.5603013370836254
2026-03-20,cv_1,all,liabilities_to_assets,0.2394065850108557,False,0.2394065850108557,0.2621875542979124,0.2720694027634654,0.01275741151227734,-2.5603013370836254,2.5603013370836254
2026-03-23,cv_1,all,liabilities_to_assets,0.2394065850108557,False,0.2394065850108557,0.2621875542979124,0.2720694027634654,0.01275741151227734,-2.5603013370836254,2.5603013370836254
2026-03-24,cv_1,all,liabilities_to_assets,0.2394065850108557,False,0.2394065850108557,0.2621875542979124,0.2720694027634654,0.01275741151227734,-2.5603013370836254,2.5603013370836254
2026-03-25,cv_1,all,liabilities_to_assets,0.2394065850108557,False,0.2394065850108557,0.2621875542979124,0.2720694027634654,0.01275741151227734,-2.5603013370836254,2.5603013370836254
2026-03-26,cv_1,all,liabilities_to_assets,0.2394065850108557,False,0.2394065850108557,0.2621875542979124,0.2720694027634654,0.01275741151227734,-2.5603013370836254,2.5603013370836254
2026-03-27,cv_1,all,liabilities_to_assets,0.2394065850108557,False,0.2394065850108557,0.2621875542979124,0.2720694027634654,0.01275741151227734,-2.5603013370836254,2.5603013370836254
2026-03-30,cv_1,all,liabilities_to_assets,0.2394065850108557,False,0.2394065850108557,0.2621875542979124,0.2720694027634654,0.01275741151227734,-2.5603013370836254,2.5603013370836254
2026-03-31,cv_1,all,liabilities_to_assets,0.2394065850108557,False,0.2394065850108557,0.2621875542979124,0.2720694027634654,0.01275741151227734,-2.5603013370836254,2.5603013370836254
2026-04-01,cv_1,all,liabilities_to_assets,0.2394065850108557,False,0.2394065850108557,0.2621875542979124,0.2720694027634654,0.01275741151227734,-2.5603013370836254,2.5603013370836254
2026-02-26,cv_1,all,debt_to_assets,0.0361164973428818,False,0.0361164973428818,0.0463424926154839,0.05152161081916654,0.006686212850300874,-2.3040118257066147,2.3040118257066147
2026-02-27,cv_1,all,debt_to_assets,0.0361164973428818,False,0.0361164973428818,0.0463424926154839,0.05152161081916654,0.006686212850300874,-2.3040118257066147,2.3040118257066147
2026-03-02,cv_1,all,debt_to_assets,0.0361164973428818,False,0.0361164973428818,0.0463424926154839,0.05152161081916654,0.006686212850300874,-2.3040118257066147,2.3040118257066147
2026-03-03,cv_1,all,debt_to_assets,0.0361164973428818,False,0.0361164973428818,0.0463424926154839,0.05152161081916654,0.006686212850300874,-2.3040118257066147,2.3040118257066147
2026-03-04,cv_1,all,debt_to_assets,0.0361164973428818,False,0.0361164973428818,0.0463424926154839,0.05152161081916654,0.006686212850300874,-2.3040118257066147,2.3040118257066147
2026-03-05,cv_1,all,debt_to_assets,0.0361164973428818,False,0.0361164973428818,0.0463424926154839,0.05152161081916654,0.006686212850300874,-2.3040118257066147,2.3040118257066147
2026-03-06,cv_1,all,debt_to_assets,0.0361164973428818,False,0.0361164973428818,0.0463424926154839,0.05152161081916654,0.006686212850300874,-2.3040118257066147,2.3040118257066147
2026-03-09,cv_1,all,debt_to_assets,0.0361164973428818,False,0.0361164973428818,0.0463424926154839,0.05152161081916654,0.006686212850300874,-2.3040118257066147,2.3040118257066147
2026-03-10,cv_1,all,debt_to_assets,0.0361164973428818,False,0.0361164973428818,0.0463424926154839,0.05152161081916654,0.006686212850300874,-2.3040118257066147,2.3040118257066147
2026-03-11,cv_1,all,debt_to_assets,0.0361164973428818,False,0.0361164973428818,0.0463424926154839,0.05152161081916654,0.006686212850300874,-2.3040118257066147,2.3040118257066147
2026-03-12,cv_1,all,debt_to_assets,0.0361164973428818,False,0.0361164973428818,0.0463424926154839,0.05152161081916654,0.006686212850300874,-2.3040118257066147,2.3040118257066147
2026-03-13,cv_1,all,debt_to_assets,0.0361164973428818,False,0.0361164973428818,0.0463424926154839,0.05152161081916654,0.006686212850300874,-2.3040118257066147,2.3040118257066147
2026-03-16,cv_1,all,debt_to_assets,0.0361164973428818,False,0.0361164973428818,0.0463424926154839,0.05152161081916654,0.006686212850300874,-2.3040118257066147,2.3040118257066147
2026-03-17,cv_1,all,debt_to_assets,0.0361164973428818,False,0.0361164973428818,0.0463424926154839,0.05152161081916654,0.006686212850300874,-2.3040118257066147,2.3040118257066147
2026-03-18,cv_1,all,debt_to_assets,0.0361164973428818,False,0.0361164973428818,0.0463424926154839,0.05152161081916654,0.006686212850300874,-2.3040118257066147,2.3040118257066147
2026-03-19,cv_1,all,debt_to_assets,0.0361164973428818,False,0.0361164973428818,0.0463424926154839,0.05152161081916654,0.006686212850300874,-2.3040118257066147,2.3040118257066147
2026-03-20,cv_1,all,debt_to_assets,0.0361164973428818,False,0.0361164973428818,0.0463424926154839,0.05152161081916654,0.006686212850300874,-2.3040118257066147,2.3040118257066147
2026-03-23,cv_1,all,debt_to_assets,0.0361164973428818,False,0.0361164973428818,0.0463424926154839,0.05152161081916654,0.006686212850300874,-2.3040118257066147,2.3040118257066147
2026-03-24,cv_1,all,debt_to_assets,0.0361164973428818,False,0.0361164973428818,0.0463424926154839,0.05152161081916654,0.006686212850300874,-2.3040118257066147,2.3040118257066147
2026-03-25,cv_1,all,debt_to_assets,0.0361164973428818,False,0.0361164973428818,0.0463424926154839,0.05152161081916654,0.006686212850300874,-2.3040118257066147,2.3040118257066147
2026-03-26,cv_1,all,debt_to_assets,0.0361164973428818,False,0.0361164973428818,0.0463424926154839,0.05152161081916654,0.006686212850300874,-2.3040118257066147,2.3040118257066147
2026-03-27,cv_1,all,debt_to_assets,0.0361164973428818,False,0.0361164973428818,0.0463424926154839,0.05152161081916654,0.006686212850300874,-2.3040118257066147,2.3040118257066147
2026-03-30,cv_1,all,debt_to_assets,0.0361164973428818,False,0.0361164973428818,0.0463424926154839,0.05152161081916654,0.006686212850300874,-2.3040118257066147,2.3040118257066147
2026-03-31,cv_1,all,debt_to_assets,0.0361164973428818,False,0.0361164973428818,0.0463424926154839,0.05152161081916654,0.006686212850300874,-2.3040118257066147,2.3040118257066147
2026-04-01,cv_1,all,debt_to_assets,0.0361164973428818,False,0.0361164973428818,0.0463424926154839,0.05152161081916654,0.006686212850300874,-2.3040118257066147,2.3040118257066147
2026-04-02,cv_2,market,simple_return,0.0093314332270182,False,0.0093314332270182,-0.0006991550194092001,-0.00014261555524804794,0.02236163835533308,0.4236741794908225,0.4236741794908225
2026-04-06,cv_2,market,simple_return,0.0014093240930164,False,0.0014093240930164,-0.0006991550194092001,-0.00014261555524804794,0.02236163835533308,0.06940187581981541,0.06940187581981541
2026-04-07,cv_2,market,simple_return,0.0025895446715138,False,0.0025895446715138,-0.0006991550194092001,-0.00014261555524804794,0.02236163835533308,0.12218068208362062,0.12218068208362062
2026-04-08,cv_2,market,simple_return,0.0223469713146771,False,0.0223469713146771,-0.0006991550194092001,-0.00014261555524804794,0.02236163835533308,1.005721786237615,1.005721786237615
2026-04-09,cv_2,market,simple_return,0.0100505371960213,False,0.0100505371960213,-0.0006991550194092001,-0.00014261555524804794,0.02236163835533308,0.4558321080636902,0.4558321080636902
2026-04-10,cv_2,market,simple_return,0.0256647334387258,False,0.0256647334387258,-0.0006991550194092001,-0.00014261555524804794,0.02236163835533308,1.1540902586781614,1.1540902586781614
2026-04-13,cv_2,market,simple_return,0.003604901967763,False,0.003604901967763,-0.0006991550194092001,-0.00014261555524804794,0.02236163835533308,0.16758689428126336,0.16758689428126336
2026-04-14,cv_2,market,simple_return,0.0380328405319099,False,0.0380328405319099,-0.0006991550194092001,-0.00014261555524804794,0.02236163835533308,1.7071851123132666,1.7071851123132666
2026-04-15,cv_2,market,simple_return,0.0120095703848255,False,0.0120095703848255,-0.0006991550194092001,-0.00014261555524804794,0.02236163835533308,0.5434389800501959,0.5434389800501959
2026-04-16,cv_2,market,simple_return,-0.0026147182905369,False,-0.0026147182905369,-0.0006991550194092001,-0.00014261555524804794,0.02236163835533308,-0.11055105605440911,0.11055105605440911
2026-04-17,cv_2,market,simple_return,0.0167884369538551,False,0.0167884369538551,-0.0006991550194092001,-0.00014261555524804794,0.02236163835533308,0.7571472286629312,0.7571472286629312
2026-04-20,cv_2,market,simple_return,0.0018841972263623,False,0.0018841972263623,-0.0006991550194092001,-0.00014261555524804794,0.02236163835533308,0.09063793758774248,0.09063793758774248
2026-04-21,cv_2,market,simple_return,-0.0107888384743203,False,-0.0107888384743203,-0.0006991550194092001,-0.00014261555524804794,0.02236163835533308,-0.476093153368309,0.476093153368309
2026-04-22,cv_2,market,simple_return,0.0131078399699038,False,0.0131078399699038,-0.0006991550194092001,-0.00014261555524804794,0.02236163835533308,0.5925529835783127,0.5925529835783127
2026-04-23,cv_2,market,simple_return,-0.0141234598042052,False,-0.0141234598042052,-0.0006991550194092001,-0.00014261555524804794,0.02236163835533308,-0.6252155600943626,0.6252155600943626
2026-04-24,cv_2,market,simple_return,0.0432278346483503,False,0.0432278346483503,-0.0006991550194092001,-0.00014261555524804794,0.02236163835533308,1.939502352843249,1.939502352843249
2026-04-27,cv_2,market,simple_return,0.0400441550237844,False,0.0400441550237844,-0.0006991550194092001,-0.00014261555524804794,0.02236163835533308,1.79712997502476,1.79712997502476
2026-04-28,cv_2,market,simple_return,-0.0158810878154896,False,-0.0158810878154896,-0.0006991550194092001,-0.00014261555524804794,0.02236163835533308,-0.7038157048313076,0.7038157048313076
2026-04-29,cv_2,market,simple_return,-0.0183890707070258,False,-0.0183890707070258,-0.0006991550194092001,-0.00014261555524804794,0.02236163835533308,-0.8159713014688887,0.8159713014688887
2026-04-30,cv_2,market,simple_return,-0.0462604190001493,False,-0.0462604190001493,-0.0006991550194092001,-0.00014261555524804794,0.02236163835533308,-2.062362458066607,2.062362458066607
2026-05-01,cv_2,market,simple_return,-0.0056121177274749,False,-0.0056121177274749,-0.0006991550194092001,-0.00014261555524804794,0.02236163835533308,-0.2445930877386906,0.2445930877386906
2026-05-04,cv_2,market,simple_return,0.0001511654308801,False,0.0001511654308801,-0.0006991550194092001,-0.00014261555524804794,0.02236163835533308,0.013137721908380806,0.013137721908380806
2026-05-05,cv_2,market,simple_return,-0.0099757948919801,False,-0.0099757948919801,-0.0006991550194092001,-0.00014261555524804794,0.02236163835533308,-0.4397342976610171,0.4397342976610171
2026-05-06,cv_2,market,simple_return,0.0576590423972249,False,0.0576590423972249,-0.0006991550194092001,-0.00014261555524804794,0.02236163835533308,2.584857917563437,2.584857917563437
2026-05-07,cv_2,market,simple_return,0.0176586543646795,False,0.0176586543646795,-0.0006991550194092001,-0.00014261555524804794,0.02236163835533308,0.7960628661039982,0.7960628661039982
2026-04-02,cv_2,market,log_return,0.0092881643693413,False,0.0092881643693413,-0.00069943701438725,-0.0003925142751289122,0.022353008082570094,0.4330816957033531,0.4330816957033531
2026-04-06,cv_2,market,log_return,0.0014083319278955,False,0.0014083319278955,-0.00069943701438725,-0.0003925142751289122,0.022353008082570094,0.08056393109921677,0.08056393109921677
2026-04-07,cv_2,market,log_return,0.0025861975777649,False,0.0025861975777649,-0.00069943701438725,-0.0003925142751289122,0.022353008082570094,0.1332577629771665,0.1332577629771665
2026-04-08,cv_2,market,log_return,0.0221009364285097,False,0.0221009364285097,-0.00069943701438725,-0.0003925142751289122,0.022353008082570094,1.0062829405576976,1.0062829405576976
2026-04-09,cv_2,market,log_return,0.0100003664291116,False,0.0100003664291116,-0.00069943701438725,-0.0003925142751289122,0.022353008082570094,0.4649432714313037,0.4649432714313037
2026-04-10,cv_2,market,log_return,0.0253409228198977,False,0.0253409228198977,-0.00069943701438725,-0.0003925142751289122,0.022353008082570094,1.1512292663237764,1.1512292663237764
2026-04-13,cv_2,market,log_return,0.0035984198821823,False,0.0035984198821823,-0.00069943701438725,-0.0003925142751289122,0.022353008082570094,0.17854125684422625,0.17854125684422625
2026-04-14,cv_2,market,log_return,0.037327422520587,False,0.037327422520587,-0.00069943701438725,-0.0003925142751289122,0.022353008082570094,1.6874658057824568,1.6874658057824568
2026-04-15,cv_2,market,log_return,0.011938027722559,False,0.011938027722559,-0.00069943701438725,-0.0003925142751289122,0.022353008082570094,0.5516278593082394,0.5516278593082394
2026-04-16,cv_2,market,log_return,-0.0026181426368427,False,-0.0026181426368427,-0.00069943701438725,-0.0003925142751289122,0.022353008082570094,-0.09956728658140808,0.09956728658140808
2026-04-17,cv_2,market,log_return,0.0166490688318436,False,0.0166490688318436,-0.00069943701438725,-0.0003925142751289122,0.022353008082570094,0.7623843307362645,0.7623843307362645
2026-04-20,cv_2,market,log_return,0.0018824243533806,False,0.0018824243533806,-0.00069943701438725,-0.0003925142751289122,0.022353008082570094,0.10177326559835186,0.10177326559835186
2026-04-21,cv_2,market,log_return,-0.0108474600122816,False,-0.0108474600122816,-0.00069943701438725,-0.0003925142751289122,0.022353008082570094,-0.46771985669816857,0.46771985669816857
2026-04-22,cv_2,market,log_return,0.0130226756418701,False,0.0130226756418701,-0.00069943701438725,-0.0003925142751289122,0.022353008082570094,0.6001514367750619,0.6001514367750619
2026-04-23,cv_2,market,log_return,-0.0142241450024462,False,-0.0142241450024462,-0.00069943701438725,-0.0003925142751289122,0.022353008082570094,-0.6187816277891741,0.6187816277891741
2026-04-24,cv_2,market,log_return,0.0423195938208257,False,0.0423195938208257,-0.00069943701438725,-0.0003925142751289122,0.022353008082570094,1.9107991165296299,1.9107991165296299
2026-04-27,cv_2,market,log_return,0.0392631690056577,False,0.0392631690056577,-0.00069943701438725,-0.0003925142751289122,0.022353008082570094,1.7740647314357834,1.7740647314357834
2026-04-28,cv_2,market,log_return,-0.0160085435151731,False,-0.0160085435151731,-0.00069943701438725,-0.0003925142751289122,0.022353008082570094,-0.6986097433669739,0.6986097433669739
2026-04-29,cv_2,market,log_return,-0.0185602514858731,False,-0.0185602514858731,-0.00069943701438725,-0.0003925142751289122,0.022353008082570094,-0.8127647582658282,0.8127647582658282
2026-04-30,cv_2,market,log_return,-0.0473646206896926,False,-0.0473646206896926,-0.00069943701438725,-0.0003925142751289122,0.022353008082570094,-2.101377418245131,2.101377418245131
2026-05-01,cv_2,market,log_return,-0.005627924828786,False,-0.005627924828786,-0.00069943701438725,-0.0003925142751289122,0.022353008082570094,-0.23421503425033136,0.23421503425033136
2026-05-04,cv_2,market,log_return,0.0001511540065376,False,0.0001511540065376,-0.00069943701438725,-0.0003925142751289122,0.022353008082570094,0.02432192927494359,0.02432192927494359
2026-05-05,cv_2,market,log_return,-0.0100258865483277,False,-0.0100258865483277,-0.00069943701438725,-0.0003925142751289122,0.022353008082570094,-0.43096536437574473,0.43096536437574473
2026-05-06,cv_2,market,log_return,0.0560580153320141,False,0.0560580153320141,-0.00069943701438725,-0.0003925142751289122,0.022353008082570094,2.5254108708152208,2.5254108708152208
2026-05-07,cv_2,market,log_return,0.0175045518450026,False,0.0175045518450026,-0.00069943701438725,-0.0003925142751289122,0.022353008082570094,0.8006558246666975,0.8006558246666975
2026-04-02,cv_2,market,intraday_return,0.0302590715268395,False,0.0302590715268395,-0.0022345693713182,-0.0025361428019097403,0.019280193989669618,1.7009794790613106,1.7009794790613106
2026-04-06,cv_2,market,intraday_return,0.0027093910454785,False,0.0027093910454785,-0.0022345693713182,-0.0025361428019097403,0.019280193989669618,0.27206852017146776,0.27206852017146776
2026-04-07,cv_2,market,intraday_return,0.0134866581323496,False,0.0134866581323496,-0.0022345693713182,-0.0025361428019097403,0.019280193989669618,0.8310497779661554,0.8310497779661554
2026-04-08,cv_2,market,intraday_return,-0.013116521240896,False,-0.013116521240896,-0.0022345693713182,-0.0025361428019097403,0.019280193989669618,-0.5487692937454497,0.5487692937454497
2026-04-09,cv_2,market,intraday_return,0.0113836744715516,False,0.0113836744715516,-0.0022345693713182,-0.0025361428019097403,0.019280193989669618,0.7219749594282929,0.7219749594282929
2026-04-10,cv_2,market,intraday_return,0.0234388116838069,False,0.0234388116838069,-0.0022345693713182,-0.0025361428019097403,0.019280193989669618,1.3472351211628937,1.3472351211628937
2026-04-13,cv_2,market,intraday_return,0.0176315583552102,False,0.0176315583552102,-0.0022345693713182,-0.0025361428019097403,0.019280193989669618,1.046032066271006,1.046032066271006
2026-04-14,cv_2,market,intraday_return,0.0297107434382168,False,0.0297107434382168,-0.0022345693713182,-0.0025361428019097403,0.019280193989669618,1.6725395116566,1.6725395116566
2026-04-15,cv_2,market,intraday_return,0.0118551028322391,False,0.0118551028322391,-0.0022345693713182,-0.0025361428019097403,0.019280193989669618,0.7464263918640917,0.7464263918640917
2026-04-16,cv_2,market,intraday_return,0.0046599476364526,False,0.0046599476364526,-0.0022345693713182,-0.0025361428019097403,0.019280193989669618,0.37323744990418795,0.37323744990418795
2026-04-17,cv_2,market,intraday_return,0.008904446391422,False,0.008904446391422,-0.0022345693713182,-0.0025361428019097403,0.019280193989669618,0.5933855852001095,0.5933855852001095
2026-04-20,cv_2,market,intraday_return,0.010401049482412,False,0.010401049482412,-0.0022345693713182,-0.0025361428019097403,0.019280193989669618,0.6710094458205931,0.6710094458205931
2026-04-21,cv_2,market,intraday_return,-0.0111314497879939,False,-0.0111314497879939,-0.0022345693713182,-0.0025361428019097403,0.019280193989669618,-0.44581019209088607,0.44581019209088607
2026-04-22,cv_2,market,intraday_return,0.007512784046803,False,0.007512784046803,-0.0022345693713182,-0.0025361428019097403,0.019280193989669618,0.5212046545847507,0.5212046545847507
2026-04-23,cv_2,market,intraday_return,-0.0139287129838151,False,-0.0139287129838151,-0.0022345693713182,-0.0025361428019097403,0.019280193989669618,-0.5908949976338169,0.5908949976338169
2026-04-24,cv_2,market,intraday_return,0.0415582980574955,False,0.0415582980574955,-0.0022345693713182,-0.0025361428019097403,0.019280193989669618,2.2870330497209292,2.2870330497209292
2026-04-27,cv_2,market,intraday_return,0.0331982204459482,False,0.0331982204459482,-0.0022345693713182,-0.0025361428019097403,0.019280193989669618,1.853423428571544,1.853423428571544
2026-04-28,cv_2,market,intraday_return,0.0175664355305069,False,0.0175664355305069,-0.0022345693713182,-0.0025361428019097403,0.019280193989669618,1.0426543603859826,1.0426543603859826
2026-04-29,cv_2,market,intraday_return,-0.0162200140937552,False,-0.0162200140937552,-0.0022345693713182,-0.0025361428019097403,0.019280193989669618,-0.7097372204438045,0.7097372204438045
2026-04-30,cv_2,market,intraday_return,-0.0493497152051188,False,-0.0493497152051188,-0.0022345693713182,-0.0025361428019097403,0.019280193989669618,-2.428065424460558,2.428065424460558
2026-05-01,cv_2,market,intraday_return,-0.0140600250805733,False,-0.0140600250805733,-0.0022345693713182,-0.0025361428019097403,0.019280193989669618,-0.597705722506635,0.597705722506635
2026-05-04,cv_2,market,intraday_return,-0.0051128033707316,False,-0.0051128033707316,-0.0022345693713182,-0.0025361428019097403,0.019280193989669618,-0.13364287569940642,0.13364287569940642
2026-05-05,cv_2,market,intraday_return,-0.0140491871996141,False,-0.0140491871996141,-0.0022345693713182,-0.0025361428019097403,0.019280193989669618,-0.5971435974074266,0.5971435974074266
2026-05-06,cv_2,market,intraday_return,0.0397218593508956,False,0.0397218593508956,-0.0022345693713182,-0.0025361428019097403,0.019280193989669618,2.1917830378391057,2.1917830378391057
2026-05-07,cv_2,market,intraday_return,0.0151675324837021,False,0.0151675324837021,-0.0022345693713182,-0.0025361428019097403,0.019280193989669618,0.918231180407081,0.918231180407081
2026-04-02,cv_2,market,daily_range,0.034500312289497,False,0.034500312289497,0.0253485107139185,0.02927140302976908,0.013689166636319576,0.3819742573557967,0.3819742573557967
2026-04-06,cv_2,market,daily_range,0.0114275995624393,False,0.0114275995624393,0.0253485107139185,0.02927140302976908,0.013689166636319576,-1.3034981559788512,1.3034981559788512
2026-04-07,cv_2,market,daily_range,0.025659696287565,False,0.025659696287565,0.0253485107139185,0.02927140302976908,0.013689166636319576,-0.26383686006287915,0.26383686006287915
2026-04-08,cv_2,market,daily_range,0.0272407260830343,False,0.0272407260830343,0.0253485107139185,0.02927140302976908,0.013689166636319576,-0.14834189696742128,0.14834189696742128
2026-04-09,cv_2,market,daily_range,0.0188135862376693,False,0.0188135862376693,0.0253485107139185,0.02927140302976908,0.013689166636319576,-0.7639483885274285,0.7639483885274285
2026-04-10,cv_2,market,daily_range,0.030217869907724,False,0.030217869907724,0.0253485107139185,0.02927140302976908,0.013689166636319576,0.06913984635440047,0.06913984635440047
2026-04-13,cv_2,market,daily_range,0.0207067678384601,False,0.0207067678384601,0.0253485107139185,0.02927140302976908,0.013689166636319576,-0.6256505906346129,0.6256505906346129
2026-04-14,cv_2,market,daily_range,0.0292096605507532,False,0.0292096605507532,0.0253485107139185,0.02927140302976908,0.013689166636319576,-0.004510316855378892,0.004510316855378892
2026-04-15,cv_2,market,daily_range,0.0234323352830291,False,0.0234323352830291,0.0253485107139185,0.02927140302976908,0.013689166636319576,-0.4265466190796443,0.4265466190796443
2026-04-16,cv_2,market,daily_range,0.020368078752735,False,0.020368078752735,0.0253485107139185,0.02927140302976908,0.013689166636319576,-0.6503919861280758,0.6503919861280758
2026-04-17,cv_2,market,daily_range,0.012048754284158,False,0.012048754284158,0.0253485107139185,0.02927140302976908,0.013689166636319576,-1.2581225141869925,1.2581225141869925
2026-04-20,cv_2,market,daily_range,0.0214292877530053,False,0.0214292877530053,0.0253485107139185,0.02927140302976908,0.013689166636319576,-0.5728701742849255,0.5728701742849255
2026-04-21,cv_2,market,daily_range,0.0187612562957389,False,0.0187612562957389,0.0253485107139185,0.02927140302976908,0.013689166636319576,-0.7677711151638011,0.7677711151638011
2026-04-22,cv_2,market,daily_range,0.0172839506172839,False,0.0172839506172839,0.0253485107139185,0.02927140302976908,0.013689166636319576,-0.8756889831905857,0.8756889831905857
2026-04-23,cv_2,market,daily_range,0.0331096004335807,False,0.0331096004335807,0.0253485107139185,0.02927140302976908,0.013689166636319576,0.28038210840594646,0.28038210840594646
2026-04-24,cv_2,market,daily_range,0.0534882564033321,False,0.0534882564033321,0.0253485107139185,0.02927140302976908,0.013689166636319576,1.7690524205696925,1.7690524205696925
2026-04-27,cv_2,market,daily_range,0.0436267804885024,False,0.0436267804885024,0.0253485107139185,0.02927140302976908,0.013689166636319576,1.0486670109374066,1.0486670109374066
2026-04-28,cv_2,market,daily_range,0.0306328227958306,False,0.0306328227958306,0.0253485107139185,0.02927140302976908,0.013689166636319576,0.09945234813998478,0.09945234813998478
2026-04-29,cv_2,market,daily_range,0.0245639158406138,False,0.0245639158406138,0.0253485107139185,0.02927140302976908,0.013689166636319576,-0.3438841321914773,0.3438841321914773
2026-04-30,cv_2,market,daily_range,0.0581249971328127,False,0.0581249971328127,0.0253485107139185,0.02927140302976908,0.013689166636319576,2.1077684909240832,2.1077684909240832
2026-05-01,cv_2,market,daily_range,0.0296296546900228,False,0.0296296546900228,0.0253485107139185,0.02927140302976908,0.013689166636319576,0.02617045067617341,0.02617045067617341
2026-05-04,cv_2,market,daily_range,0.0352176057277347,False,0.0352176057277347,0.0253485107139185,0.02927140302976908,0.013689166636319576,0.434372877176422,0.434372877176422
2026-05-05,cv_2,market,daily_range,0.0214249705540316,False,0.0214249705540316,0.0253485107139185,0.02927140302976908,0.013689166636319576,-0.5731855476811587,0.5731855476811587
2026-05-06,cv_2,market,daily_range,0.0464803136072815,False,0.0464803136072815,0.0253485107139185,0.02927140302976908,0.013689166636319576,1.2571189346073406,1.2571189346073406
2026-05-07,cv_2,market,daily_range,0.0364066049562278,False,0.0364066049562278,0.0253485107139185,0.02927140302976908,0.013689166636319576,0.521229824723433,0.521229824723433
2026-04-02,cv_2,market,sma_5,172.0459991455078,False,172.0459991455078,184.75799865722647,185.42677725799817,5.429258554027886,-2.464568224065027,2.464568224065027
2026-04-06,cv_2,market,sma_5,174.06999816894532,False,174.06999816894532,184.75799865722647,185.42677725799817,5.429258554027886,-2.0917734854656027,2.0917734854656027
2026-04-07,cv_2,market,sma_5,176.65599975585937,False,176.65599975585937,184.75799865722647,185.42677725799817,5.429258554027886,-1.6154650611789136,1.6154650611789136
2026-04-08,cv_2,market,sma_5,178.19200134277344,False,178.19200134277344,184.75799865722647,185.42677725799817,5.429258554027886,-1.3325532102090365,1.3325532102090365
2026-04-09,cv_2,market,sma_5,179.82400207519532,False,179.82400207519532,184.75799865722647,185.42677725799817,5.429258554027886,-1.031959544208155,1.031959544208155
2026-04-10,cv_2,market,sma_5,182.0720031738281,False,182.0720031738281,184.75799865722647,185.42677725799817,5.429258554027886,-0.6179064877433776,0.6179064877433776
2026-04-13,cv_2,market,sma_5,184.4060028076172,False,184.4060028076172,184.75799865722647,185.42677725799817,5.429258554027886,-0.18801360079336651,0.18801360079336651
2026-04-14,cv_2,market,sma_5,188.08800048828124,False,188.08800048828124,184.75799865722647,185.42677725799817,5.429258554027886,0.4901632891122396,0.4901632891122396
2026-04-15,cv_2,market,sma_5,191.4459991455078,False,191.4459991455078,184.75799865722647,185.42677725799817,5.429258554027886,1.1086637019789882,1.1086637019789882
2026-04-16,cv_2,market,sma_5,194.33399963378903,False,194.33399963378903,184.75799865722647,185.42677725799817,5.429258554027886,1.6405964621417286,1.6405964621417286
2026-04-17,cv_2,market,sma_5,196.9439971923828,False,196.9439971923828,184.75799865722647,185.42677725799817,5.429258554027886,2.121324637567716,2.121324637567716
2026-04-20,cv_2,market,sma_5,199.4939971923828,False,199.4939971923828,184.75799865722647,185.42677725799817,5.429258554027886,2.591002029908555,2.591002029908555
2026-04-21,cv_2,market,sma_5,200.16799926757807,False,200.16799926757807,184.75799865722647,185.42677725799817,5.429258554027886,2.715144593481113,2.715144593481113
2026-04-22,cv_2,market,sma_5,200.8940002441406,False,200.8940002441406,184.75799865722647,185.42677725799817,5.429258554027886,2.848864689759073,2.848864689759073
2026-04-23,cv_2,market,sma_5,201.1519989013672,False,201.1519989013672,184.75799865722647,185.42677725799817,5.429258554027886,2.896384743309511,2.896384743309511
2026-04-24,cv_2,market,sma_5,202.47000122070312,False,202.47000122070312,184.75799865722647,185.42677725799817,5.429258554027886,3.1391439168173054,3.1391439168173054
2026-04-27,cv_2,market,sma_5,205.3800018310547,False,205.3800018310547,184.75799865722647,185.42677725799817,5.429258554027886,3.6751288181428627,3.6751288181428627
2026-04-28,cv_2,market,sma_5,208.03800048828128,False,208.03800048828128,184.75799865722647,185.42677725799817,5.429258554027886,4.164698182131737,4.164698182131737
2026-04-29,cv_2,market,sma_5,209.38800048828125,False,209.38800048828125,184.75799865722647,185.42677725799817,5.429258554027886,4.413350919253349,4.413350919253349
2026-04-30,cv_2,market,sma_5,209.3740020751953,False,209.3740020751953,184.75799865722647,185.42677725799817,5.429258554027886,4.410772590565069,4.410772590565069
2026-05-01,cv_2,market,sma_5,207.4100006103516,False,207.4100006103516,184.75799865722647,185.42677725799817,5.429258554027886,4.049028635050805,4.049028635050805
2026-05-04,cv_2,market,sma_5,203.78399963378905,False,203.78399963378905,184.75799865722647,185.42677725799817,5.429258554027886,3.3811656219930684,3.3811656219930684
2026-05-05,cv_2,market,sma_5,200.45,False,200.45,184.75799865722647,185.42677725799817,5.429258554027886,2.7670855223603814,2.7670855223603814
2026-05-06,cv_2,market,sma_5,200.1660003662109,False,200.1660003662109,184.75799865722647,185.42677725799817,5.429258554027886,2.7147764214098684,2.7147764214098684
2026-05-07,cv_2,market,sma_5,202.5519989013672,False,202.5519989013672,184.75799865722647,185.42677725799817,5.429258554027886,3.1542468410652655,3.1542468410652655
2026-04-02,cv_2,market,sma_20,177.62299880981445,False,177.62299880981445,185.5342502593994,185.7887134110632,3.078635145667587,-2.6523814011348428,2.6523814011348428
2026-04-06,cv_2,market,sma_20,177.61399841308594,False,177.61399841308594,185.5342502593994,185.7887134110632,3.078635145667587,-2.6553049033696485,2.6553049033696485
2026-04-07,cv_2,market,sma_20,177.3864990234375,False,177.3864990234375,185.5342502593994,185.7887134110632,3.078635145667587,-2.7292010875175463,2.7292010875175463
2026-04-08,cv_2,market,sma_20,177.2519989013672,False,177.2519989013672,185.5342502593994,185.7887134110632,3.078635145667587,-2.7728893180828287,2.7728893180828287
2026-04-09,cv_2,market,sma_20,177.1459991455078,False,177.1459991455078,185.5342502593994,185.7887134110632,3.078635145667587,-2.807320080691563,2.807320080691563
2026-04-10,cv_2,market,sma_20,177.420499420166,False,177.420499420166,185.5342502593994,185.7887134110632,3.078635145667587,-2.7181571037001193,2.7181571037001193
2026-04-13,cv_2,market,sma_20,177.8734992980957,False,177.8734992980957,185.5342502593994,185.7887134110632,3.078635145667587,-2.5710140170738316,2.5710140170738316
2026-04-14,cv_2,market,sma_20,178.53799896240236,False,178.53799896240236,185.5342502593994,185.7887134110632,3.078635145667587,-2.3551717256474625,2.3551717256474625
2026-04-15,cv_2,market,sma_20,179.38499908447267,False,179.38499908447267,185.5342502593994,185.7887134110632,3.078635145667587,-2.080049769977511,2.080049769977511
2026-04-16,cv_2,market,sma_20,180.28249969482425,False,180.28249969482425,185.5342502593994,185.7887134110632,3.078635145667587,-1.788524282907504,1.788524282907504
2026-04-17,cv_2,market,sma_20,181.4384994506836,False,181.4384994506836,185.5342502593994,185.7887134110632,3.078635145667587,-1.4130332938287484,1.4130332938287484
2026-04-20,cv_2,market,sma_20,182.9064994812012,False,182.9064994812012,185.5342502593994,185.7887134110632,3.078635145667587,-0.9361986053846029,0.9361986053846029
2026-04-21,cv_2,market,sma_20,184.11849975585932,False,184.11849975585932,185.5342502593994,185.7887134110632,3.078635145667587,-0.5425175690449403,0.5425175690449403
2026-04-22,cv_2,market,sma_20,185.48349990844727,False,185.48349990844727,185.5342502593994,185.7887134110632,3.078635145667587,-0.09913922507038679,0.09913922507038679
2026-04-23,cv_2,market,sma_20,186.53150024414063,False,186.53150024414063,185.5342502593994,185.7887134110632,3.078635145667587,0.24127147191270945,0.24127147191270945
2026-04-24,cv_2,market,sma_20,188.38300018310548,False,188.38300018310548,185.5342502593994,185.7887134110632,3.078635145667587,0.8426743180961472,0.8426743180961472
2026-04-27,cv_2,market,sma_20,190.8375,False,190.8375,185.5342502593994,185.7887134110632,3.078635145667587,1.6399431404015845,1.6399431404015845
2026-04-28,cv_2,market,sma_20,193.2375,False,193.2375,185.5342502593994,185.7887134110632,3.078635145667587,2.4195093723330974,2.4195093723330974
2026-04-29,cv_2,market,sma_20,194.9800003051758,False,194.9800003051758,185.5342502593994,185.7887134110632,3.078635145667587,2.9855070377686777,2.9855070377686777
2026-04-30,cv_2,market,sma_20,196.1710006713867,False,196.1710006713867,185.5342502593994,185.7887134110632,3.078635145667587,3.3723668993170497,3.3723668993170497
2026-05-01,cv_2,market,sma_20,197.2240005493164,False,197.2240005493164,185.5342502593994,185.7887134110632,3.078635145667587,3.714401543926213,3.714401543926213
2026-05-04,cv_2,market,sma_20,198.26600036621093,False,198.26600036621093,185.5342502593994,185.7887134110632,3.078635145667587,4.052863156813627,4.052863156813627
2026-05-05,cv_2,market,sma_20,199.1860000610352,False,199.1860000610352,185.5342502593994,185.7887134110632,3.078635145667587,4.351696779927084,4.351696779927084
2026-05-06,cv_2,market,sma_20,200.4735000610352,False,200.4735000610352,185.5342502593994,185.7887134110632,3.078635145667587,4.769901581432007,4.769901581432007
2026-05-07,cv_2,market,sma_20,201.85299987792968,False,201.85299987792968,185.5342502593994,185.7887134110632,3.078635145667587,5.217989695684774,5.217989695684774
2026-04-02,cv_2,market,sma_60,183.00199966430665,False,183.00199966430665,185.04400037129722,185.13092341672623,0.6059838190727619,-3.5131693048786774,3.5131693048786774
2026-04-06,cv_2,market,sma_60,182.8108329772949,False,182.8108329772949,185.04400037129722,185.13092341672623,0.6059838190727619,-3.828634307400147,3.828634307400147
2026-04-07,cv_2,market,sma_60,182.6951665242513,False,182.6951665242513,185.04400037129722,185.13092341672623,0.6059838190727619,-4.019508138355853,4.019508138355853
2026-04-08,cv_2,market,sma_60,182.64883321126305,False,182.64883321126305,185.04400037129722,185.13092341672623,0.6059838190727619,-4.0959677921122015,4.0959677921122015
2026-04-09,cv_2,market,sma_60,182.6316665649414,False,182.6316665649414,185.04400037129722,185.13092341672623,0.6059838190727619,-4.124296347729262,4.124296347729262
2026-04-10,cv_2,market,sma_60,182.6786666870117,False,182.6786666870117,185.04400037129722,185.13092341672623,0.6059838190727619,-4.046736319571714,4.046736319571714
2026-04-13,cv_2,market,sma_60,182.78149998982747,False,182.78149998982747,185.04400037129722,185.13092341672623,0.6059838190727619,-3.877039869634978,3.877039869634978
2026-04-14,cv_2,market,sma_60,182.9391665140788,False,182.9391665140788,185.04400037129722,185.13092341672623,0.6059838190727619,-3.616857139850887,3.616857139850887
2026-04-15,cv_2,market,sma_60,183.1498331705729,False,183.1498331705729,185.04400037129722,185.13092341672623,0.6059838190727619,-3.269213110648205,3.269213110648205
2026-04-16,cv_2,market,sma_60,183.48783315022783,False,183.48783315022783,185.04400037129722,185.13092341672623,0.6059838190727619,-2.7114424754980377,2.7114424754980377
2026-04-17,cv_2,market,sma_60,183.79383290608723,False,183.79383290608723,185.04400037129722,185.13092341672623,0.6059838190727619,-2.206478900187356,2.206478900187356
2026-04-20,cv_2,market,sma_60,184.0808329264323,False,184.0808329264323,185.04400037129722,185.13092341672623,0.6059838190727619,-1.732868860922263,1.732868860922263
2026-04-21,cv_2,market,sma_60,184.2843330383301,False,184.2843330383301,185.04400037129722,185.13092341672623,0.6059838190727619,-1.3970511286778957,1.3970511286778957
2026-04-22,cv_2,market,sma_60,184.5514996846517,False,184.5514996846517,185.04400037129722,185.13092341672623,0.6059838190727619,-0.9561703032947787,0.9561703032947787
2026-04-23,cv_2,market,sma_60,184.73683293660483,False,184.73683293660483,185.04400037129722,185.13092341672623,0.6059838190727619,-0.650331688269199,0.650331688269199
2026-04-24,cv_2,market,sma_60,185.0159996032715,False,185.0159996032715,185.04400037129722,185.13092341672623,0.6059838190727619,-0.189648320363713,0.189648320363713
2026-04-27,cv_2,market,sma_60,185.41766637166344,False,185.41766637166344,185.04400037129722,185.13092341672623,0.6059838190727619,0.4731858275951434,0.4731858275951434
2026-04-28,cv_2,market,sma_60,185.7849995930989,False,185.7849995930989,185.04400037129722,185.13092341672623,0.6059838190727619,1.0793624446498935,1.0793624446498935
2026-04-29,cv_2,market,sma_60,186.1789995829264,False,186.1789995829264,185.04400037129722,185.13092341672623,0.6059838190727619,1.7295448050145317,1.7295448050145317
2026-04-30,cv_2,market,sma_60,186.4994997660319,False,186.4994997660319,185.04400037129722,185.13092341672623,0.6059838190727619,2.2584371170170496,2.2584371170170496
2026-05-01,cv_2,market,sma_60,186.9038330078125,False,186.9038330078125,185.04400037129722,185.13092341672623,0.6059838190727619,2.925671503570929,2.925671503570929
2026-05-04,cv_2,market,sma_60,187.347166188558,False,187.347166188558,185.04400037129722,185.13092341672623,0.6059838190727619,3.657263943487655,3.657263943487655
2026-05-05,cv_2,market,sma_60,187.53199946085613,False,187.53199946085613,185.04400037129722,185.13092341672623,0.6059838190727619,3.9622774875472233,3.9622774875472233
2026-05-06,cv_2,market,sma_60,187.8284996032715,False,187.8284996032715,185.04400037129722,185.13092341672623,0.6059838190727619,4.451564714504957,4.451564714504957
2026-05-07,cv_2,market,sma_60,188.211166381836,False,188.211166381836,185.04400037129722,185.13092341672623,0.6059838190727619,5.083044906748425,5.083044906748425
2026-04-02,cv_2,market,rolling_volatility_20,0.0231843022002209,False,0.0231843022002209,0.0229866330390899,0.023007241404426712,0.0038104656377400794,0.04646697087109776,0.04646697087109776
2026-04-06,cv_2,market,rolling_volatility_20,0.0221792106834409,False,0.0221792106834409,0.0229866330390899,0.023007241404426712,0.0038104656377400794,-0.21730434012702546,0.21730434012702546
2026-04-07,cv_2,market,rolling_volatility_20,0.0212678335283784,False,0.0212678335283784,0.0229866330390899,0.023007241404426712,0.0038104656377400794,-0.45648171153169737,0.45648171153169737
2026-04-08,cv_2,market,rolling_volatility_20,0.0217346173207621,False,0.0217346173207621,0.0229866330390899,0.023007241404426712,0.0038104656377400794,-0.33398125180821325,0.33398125180821325
2026-04-09,cv_2,market,rolling_volatility_20,0.0218038648330134,False,0.0218038648330134,0.0229866330390899,0.023007241404426712,0.0038104656377400794,-0.3158082727461658,0.3158082727461658
2026-04-10,cv_2,market,rolling_volatility_20,0.0222354923338123,False,0.0222354923338123,0.0229866330390899,0.023007241404426712,0.0038104656377400794,-0.20253405855986756,0.20253405855986756
2026-04-13,cv_2,market,rolling_volatility_20,0.0218520741086747,False,0.0218520741086747,0.0229866330390899,0.023007241404426712,0.0038104656377400794,-0.30315646579012884,0.30315646579012884
2026-04-14,cv_2,market,rolling_volatility_20,0.023066194427183,False,0.023066194427183,0.0229866330390899,0.023007241404426712,0.0038104656377400794,0.015471343494715498,0.015471343494715498
2026-04-15,cv_2,market,rolling_volatility_20,0.0229899713298604,False,0.0229899713298604,0.0229866330390899,0.023007241404426712,0.0038104656377400794,-0.004532274059963397,0.004532274059963397
2026-04-16,cv_2,market,rolling_volatility_20,0.0228520003115691,False,0.0228520003115691,0.0229866330390899,0.023007241404426712,0.0038104656377400794,-0.04074071455206238,0.04074071455206238
2026-04-17,cv_2,market,rolling_volatility_20,0.0227035024966864,False,0.0227035024966864,0.0229866330390899,0.023007241404426712,0.0038104656377400794,-0.07971175615178977,0.07971175615178977
2026-04-20,cv_2,market,rolling_volatility_20,0.02079864717218,False,0.02079864717218,0.0229866330390899,0.023007241404426712,0.0038104656377400794,-0.5796126883738523,0.5796126883738523
2026-04-21,cv_2,market,rolling_volatility_20,0.0210972255883431,False,0.0210972255883431,0.0229866330390899,0.023007241404426712,0.0038104656377400794,-0.5012552264390471,0.5012552264390471
2026-04-22,cv_2,market,rolling_volatility_20,0.0210276276365668,False,0.0210276276365668,0.0229866330390899,0.023007241404426712,0.0038104656377400794,-0.5195201731392562,0.5195201731392562
2026-04-23,cv_2,market,rolling_volatility_20,0.0213447618716321,False,0.0213447618716321,0.0229866330390899,0.023007241404426712,0.0038104656377400794,-0.43629301267773657,0.43629301267773657
2026-04-24,cv_2,market,rolling_volatility_20,0.0198025948331895,False,0.0198025948331895,0.0229866330390899,0.023007241404426712,0.0038104656377400794,-0.8410118016804456,0.8410118016804456
2026-04-27,cv_2,market,rolling_volatility_20,0.0194039791000413,False,0.0194039791000413,0.0229866330390899,0.023007241404426712,0.0038104656377400794,-0.9456225687216653,0.9456225687216653
2026-04-28,cv_2,market,rolling_volatility_20,0.0195442752549368,False,0.0195442752549368,0.0229866330390899,0.023007241404426712,0.0038104656377400794,-0.9088039307300344,0.9088039307300344
2026-04-29,cv_2,market,rolling_volatility_20,0.0179626686694096,False,0.0179626686694096,0.0229866330390899,0.023007241404426712,0.0038104656377400794,-1.3238730419332587,1.3238730419332587
2026-04-30,cv_2,market,rolling_volatility_20,0.0218480501618942,False,0.0218480501618942,0.0229866330390899,0.023007241404426712,0.0038104656377400794,-0.3042124907390604,0.3042124907390604
2026-05-01,cv_2,market,rolling_volatility_20,0.0220047484368616,False,0.0220047484368616,0.0229866330390899,0.023007241404426712,0.0038104656377400794,-0.26308936042779096,0.26308936042779096
2026-05-04,cv_2,market,rolling_volatility_20,0.0220199186835027,False,0.0220199186835027,0.0229866330390899,0.023007241404426712,0.0038104656377400794,-0.2591081549575599,0.2591081549575599
2026-05-05,cv_2,market,rolling_volatility_20,0.0222936432183421,False,0.0222936432183421,0.0229866330390899,0.023007241404426712,0.0038104656377400794,-0.18727322430542503,0.18727322430542503
2026-05-06,cv_2,market,rolling_volatility_20,0.0249644962629608,False,0.0249644962629608,0.0229866330390899,0.023007241404426712,0.0038104656377400794,0.51365241012773,0.51365241012773
2026-05-07,cv_2,market,rolling_volatility_20,0.0250722985184391,False,0.0250722985184391,0.0229866330390899,0.023007241404426712,0.0038104656377400794,0.5419435077853472,0.5419435077853472
2026-04-02,cv_2,market,rolling_volatility_60,0.0235265666719851,False,0.0235265666719851,0.0218968031999569,0.02192750104465032,0.0006275448623170982,2.5481295814143254,2.5481295814143254
2026-04-06,cv_2,market,rolling_volatility_60,0.02348699000999,False,0.02348699000999,0.0218968031999569,0.02192750104465032,0.0006275448623170982,2.48506371254725,2.48506371254725
2026-04-07,cv_2,market,rolling_volatility_60,0.0233317065283358,False,0.0233317065283358,0.0218968031999569,0.02192750104465032,0.0006275448623170982,2.237617687603559,2.237617687603559
2026-04-08,cv_2,market,rolling_volatility_60,0.0235150119881972,False,0.0235150119881972,0.0218968031999569,0.02192750104465032,0.0006275448623170982,2.529717059088456,2.529717059088456
2026-04-09,cv_2,market,rolling_volatility_60,0.0235506388308758,False,0.0235506388308758,0.0218968031999569,0.02192750104465032,0.0006275448623170982,2.5864888451677097,2.5864888451677097
2026-04-10,cv_2,market,rolling_volatility_60,0.0237733150918177,False,0.0237733150918177,0.0218968031999569,0.02192750104465032,0.0006275448623170982,2.941326043770062,2.941326043770062
2026-04-13,cv_2,market,rolling_volatility_60,0.0236955288857876,False,0.0236955288857876,0.0218968031999569,0.02192750104465032,0.0006275448623170982,2.8173728243254996,2.8173728243254996
2026-04-14,cv_2,market,rolling_volatility_60,0.0240358625243672,False,0.0240358625243672,0.0218968031999569,0.02192750104465032,0.0006275448623170982,3.35969841571506,3.35969841571506
2026-04-15,cv_2,market,rolling_volatility_60,0.0240655604850426,False,0.0240655604850426,0.0218968031999569,0.02192750104465032,0.0006275448623170982,3.4070224597136747,3.4070224597136747
2026-04-16,cv_2,market,rolling_volatility_60,0.0233306871126711,False,0.0233306871126711,0.0218968031999569,0.02192750104465032,0.0006275448623170982,2.2359932369452675,2.2359932369452675
2026-04-17,cv_2,market,rolling_volatility_60,0.0231345765492307,False,0.0231345765492307,0.0218968031999569,0.02192750104465032,0.0006275448623170982,1.923488784727624,1.923488784727624
2026-04-20,cv_2,market,rolling_volatility_60,0.0231191405125022,False,0.0231191405125022,0.0218968031999569,0.02192750104465032,0.0006275448623170982,1.8988912815762087,1.8988912815762087
2026-04-21,cv_2,market,rolling_volatility_60,0.0231051460910096,False,0.0231051460910096,0.0218968031999569,0.02192750104465032,0.0006275448623170982,1.8765910089854505,1.8765910089854505
2026-04-22,cv_2,market,rolling_volatility_60,0.0231320560348749,False,0.0231320560348749,0.0218968031999569,0.02192750104465032,0.0006275448623170982,1.9194723159344713,1.9194723159344713
2026-04-23,cv_2,market,rolling_volatility_60,0.023187068746804,False,0.023187068746804,0.0218968031999569,0.02192750104465032,0.0006275448623170982,2.0071357089960835,2.0071357089960835
2026-04-24,cv_2,market,rolling_volatility_60,0.0237419645790367,False,0.0237419645790367,0.0218968031999569,0.02192750104465032,0.0006275448623170982,2.8913686388679785,2.8913686388679785
2026-04-27,cv_2,market,rolling_volatility_60,0.0242504462725725,False,0.0242504462725725,0.0218968031999569,0.02192750104465032,0.0006275448623170982,3.7016401016257503,3.7016401016257503
2026-04-28,cv_2,market,rolling_volatility_60,0.0243337730544939,False,0.0243337730544939,0.0218968031999569,0.02192750104465032,0.0006275448623170982,3.8344222928681866,3.8344222928681866
2026-04-29,cv_2,market,rolling_volatility_60,0.0241442566663432,False,0.0241442566663432,0.0218968031999569,0.02192750104465032,0.0006275448623170982,3.5324257352819384,3.5324257352819384
2026-04-30,cv_2,market,rolling_volatility_60,0.0246342594903129,False,0.0246342594903129,0.0218968031999569,0.02192750104465032,0.0006275448623170982,4.313250905550169,4.313250905550169
2026-05-01,cv_2,market,rolling_volatility_60,0.0241975439827899,False,0.0241975439827899,0.0218968031999569,0.02192750104465032,0.0006275448623170982,3.6173396906762147,3.6173396906762147
2026-05-04,cv_2,market,rolling_volatility_60,0.0241116294961528,False,0.0241116294961528,0.0218968031999569,0.02192750104465032,0.0006275448623170982,3.480433962024597,3.480433962024597
2026-05-05,cv_2,market,rolling_volatility_60,0.0219973590510888,False,0.0219973590510888,0.0218968031999569,0.02192750104465032,0.0006275448623170982,0.11131954165084296,0.11131954165084296
2026-05-06,cv_2,market,rolling_volatility_60,0.0229787687953196,False,0.0229787687953196,0.0218968031999569,0.02192750104465032,0.0006275448623170982,1.6752073258757285,1.6752073258757285
2026-05-07,cv_2,market,rolling_volatility_60,0.0230336978195936,False,0.0230336978195936,0.0218968031999569,0.02192750104465032,0.0006275448623170982,1.7627373616905162,1.7627373616905162
2026-04-02,cv_2,all,simple_return,0.0093314332270182,False,0.0093314332270182,-0.0006991550194092001,-0.00014261555524804794,0.02236163835533308,0.4236741794908225,0.4236741794908225
2026-04-06,cv_2,all,simple_return,0.0014093240930164,False,0.0014093240930164,-0.0006991550194092001,-0.00014261555524804794,0.02236163835533308,0.06940187581981541,0.06940187581981541
2026-04-07,cv_2,all,simple_return,0.0025895446715138,False,0.0025895446715138,-0.0006991550194092001,-0.00014261555524804794,0.02236163835533308,0.12218068208362062,0.12218068208362062
2026-04-08,cv_2,all,simple_return,0.0223469713146771,False,0.0223469713146771,-0.0006991550194092001,-0.00014261555524804794,0.02236163835533308,1.005721786237615,1.005721786237615
2026-04-09,cv_2,all,simple_return,0.0100505371960213,False,0.0100505371960213,-0.0006991550194092001,-0.00014261555524804794,0.02236163835533308,0.4558321080636902,0.4558321080636902
2026-04-10,cv_2,all,simple_return,0.0256647334387258,False,0.0256647334387258,-0.0006991550194092001,-0.00014261555524804794,0.02236163835533308,1.1540902586781614,1.1540902586781614
2026-04-13,cv_2,all,simple_return,0.003604901967763,False,0.003604901967763,-0.0006991550194092001,-0.00014261555524804794,0.02236163835533308,0.16758689428126336,0.16758689428126336
2026-04-14,cv_2,all,simple_return,0.0380328405319099,False,0.0380328405319099,-0.0006991550194092001,-0.00014261555524804794,0.02236163835533308,1.7071851123132666,1.7071851123132666
2026-04-15,cv_2,all,simple_return,0.0120095703848255,False,0.0120095703848255,-0.0006991550194092001,-0.00014261555524804794,0.02236163835533308,0.5434389800501959,0.5434389800501959
2026-04-16,cv_2,all,simple_return,-0.0026147182905369,False,-0.0026147182905369,-0.0006991550194092001,-0.00014261555524804794,0.02236163835533308,-0.11055105605440911,0.11055105605440911
2026-04-17,cv_2,all,simple_return,0.0167884369538551,False,0.0167884369538551,-0.0006991550194092001,-0.00014261555524804794,0.02236163835533308,0.7571472286629312,0.7571472286629312
2026-04-20,cv_2,all,simple_return,0.0018841972263623,False,0.0018841972263623,-0.0006991550194092001,-0.00014261555524804794,0.02236163835533308,0.09063793758774248,0.09063793758774248
2026-04-21,cv_2,all,simple_return,-0.0107888384743203,False,-0.0107888384743203,-0.0006991550194092001,-0.00014261555524804794,0.02236163835533308,-0.476093153368309,0.476093153368309
2026-04-22,cv_2,all,simple_return,0.0131078399699038,False,0.0131078399699038,-0.0006991550194092001,-0.00014261555524804794,0.02236163835533308,0.5925529835783127,0.5925529835783127
2026-04-23,cv_2,all,simple_return,-0.0141234598042052,False,-0.0141234598042052,-0.0006991550194092001,-0.00014261555524804794,0.02236163835533308,-0.6252155600943626,0.6252155600943626
2026-04-24,cv_2,all,simple_return,0.0432278346483503,False,0.0432278346483503,-0.0006991550194092001,-0.00014261555524804794,0.02236163835533308,1.939502352843249,1.939502352843249
2026-04-27,cv_2,all,simple_return,0.0400441550237844,False,0.0400441550237844,-0.0006991550194092001,-0.00014261555524804794,0.02236163835533308,1.79712997502476,1.79712997502476
2026-04-28,cv_2,all,simple_return,-0.0158810878154896,False,-0.0158810878154896,-0.0006991550194092001,-0.00014261555524804794,0.02236163835533308,-0.7038157048313076,0.7038157048313076
2026-04-29,cv_2,all,simple_return,-0.0183890707070258,False,-0.0183890707070258,-0.0006991550194092001,-0.00014261555524804794,0.02236163835533308,-0.8159713014688887,0.8159713014688887
2026-04-30,cv_2,all,simple_return,-0.0462604190001493,False,-0.0462604190001493,-0.0006991550194092001,-0.00014261555524804794,0.02236163835533308,-2.062362458066607,2.062362458066607
2026-05-01,cv_2,all,simple_return,-0.0056121177274749,False,-0.0056121177274749,-0.0006991550194092001,-0.00014261555524804794,0.02236163835533308,-0.2445930877386906,0.2445930877386906
2026-05-04,cv_2,all,simple_return,0.0001511654308801,False,0.0001511654308801,-0.0006991550194092001,-0.00014261555524804794,0.02236163835533308,0.013137721908380806,0.013137721908380806
2026-05-05,cv_2,all,simple_return,-0.0099757948919801,False,-0.0099757948919801,-0.0006991550194092001,-0.00014261555524804794,0.02236163835533308,-0.4397342976610171,0.4397342976610171
2026-05-06,cv_2,all,simple_return,0.0576590423972249,False,0.0576590423972249,-0.0006991550194092001,-0.00014261555524804794,0.02236163835533308,2.584857917563437,2.584857917563437
2026-05-07,cv_2,all,simple_return,0.0176586543646795,False,0.0176586543646795,-0.0006991550194092001,-0.00014261555524804794,0.02236163835533308,0.7960628661039982,0.7960628661039982
2026-04-02,cv_2,all,log_return,0.0092881643693413,False,0.0092881643693413,-0.00069943701438725,-0.0003925142751289122,0.022353008082570094,0.4330816957033531,0.4330816957033531
2026-04-06,cv_2,all,log_return,0.0014083319278955,False,0.0014083319278955,-0.00069943701438725,-0.0003925142751289122,0.022353008082570094,0.08056393109921677,0.08056393109921677
2026-04-07,cv_2,all,log_return,0.0025861975777649,False,0.0025861975777649,-0.00069943701438725,-0.0003925142751289122,0.022353008082570094,0.1332577629771665,0.1332577629771665
2026-04-08,cv_2,all,log_return,0.0221009364285097,False,0.0221009364285097,-0.00069943701438725,-0.0003925142751289122,0.022353008082570094,1.0062829405576976,1.0062829405576976
2026-04-09,cv_2,all,log_return,0.0100003664291116,False,0.0100003664291116,-0.00069943701438725,-0.0003925142751289122,0.022353008082570094,0.4649432714313037,0.4649432714313037
2026-04-10,cv_2,all,log_return,0.0253409228198977,False,0.0253409228198977,-0.00069943701438725,-0.0003925142751289122,0.022353008082570094,1.1512292663237764,1.1512292663237764
2026-04-13,cv_2,all,log_return,0.0035984198821823,False,0.0035984198821823,-0.00069943701438725,-0.0003925142751289122,0.022353008082570094,0.17854125684422625,0.17854125684422625
2026-04-14,cv_2,all,log_return,0.037327422520587,False,0.037327422520587,-0.00069943701438725,-0.0003925142751289122,0.022353008082570094,1.6874658057824568,1.6874658057824568
2026-04-15,cv_2,all,log_return,0.011938027722559,False,0.011938027722559,-0.00069943701438725,-0.0003925142751289122,0.022353008082570094,0.5516278593082394,0.5516278593082394
2026-04-16,cv_2,all,log_return,-0.0026181426368427,False,-0.0026181426368427,-0.00069943701438725,-0.0003925142751289122,0.022353008082570094,-0.09956728658140808,0.09956728658140808
2026-04-17,cv_2,all,log_return,0.0166490688318436,False,0.0166490688318436,-0.00069943701438725,-0.0003925142751289122,0.022353008082570094,0.7623843307362645,0.7623843307362645
2026-04-20,cv_2,all,log_return,0.0018824243533806,False,0.0018824243533806,-0.00069943701438725,-0.0003925142751289122,0.022353008082570094,0.10177326559835186,0.10177326559835186
2026-04-21,cv_2,all,log_return,-0.0108474600122816,False,-0.0108474600122816,-0.00069943701438725,-0.0003925142751289122,0.022353008082570094,-0.46771985669816857,0.46771985669816857
2026-04-22,cv_2,all,log_return,0.0130226756418701,False,0.0130226756418701,-0.00069943701438725,-0.0003925142751289122,0.022353008082570094,0.6001514367750619,0.6001514367750619
2026-04-23,cv_2,all,log_return,-0.0142241450024462,False,-0.0142241450024462,-0.00069943701438725,-0.0003925142751289122,0.022353008082570094,-0.6187816277891741,0.6187816277891741
2026-04-24,cv_2,all,log_return,0.0423195938208257,False,0.0423195938208257,-0.00069943701438725,-0.0003925142751289122,0.022353008082570094,1.9107991165296299,1.9107991165296299
2026-04-27,cv_2,all,log_return,0.0392631690056577,False,0.0392631690056577,-0.00069943701438725,-0.0003925142751289122,0.022353008082570094,1.7740647314357834,1.7740647314357834
2026-04-28,cv_2,all,log_return,-0.0160085435151731,False,-0.0160085435151731,-0.00069943701438725,-0.0003925142751289122,0.022353008082570094,-0.6986097433669739,0.6986097433669739
2026-04-29,cv_2,all,log_return,-0.0185602514858731,False,-0.0185602514858731,-0.00069943701438725,-0.0003925142751289122,0.022353008082570094,-0.8127647582658282,0.8127647582658282
2026-04-30,cv_2,all,log_return,-0.0473646206896926,False,-0.0473646206896926,-0.00069943701438725,-0.0003925142751289122,0.022353008082570094,-2.101377418245131,2.101377418245131
2026-05-01,cv_2,all,log_return,-0.005627924828786,False,-0.005627924828786,-0.00069943701438725,-0.0003925142751289122,0.022353008082570094,-0.23421503425033136,0.23421503425033136
2026-05-04,cv_2,all,log_return,0.0001511540065376,False,0.0001511540065376,-0.00069943701438725,-0.0003925142751289122,0.022353008082570094,0.02432192927494359,0.02432192927494359
2026-05-05,cv_2,all,log_return,-0.0100258865483277,False,-0.0100258865483277,-0.00069943701438725,-0.0003925142751289122,0.022353008082570094,-0.43096536437574473,0.43096536437574473
2026-05-06,cv_2,all,log_return,0.0560580153320141,False,0.0560580153320141,-0.00069943701438725,-0.0003925142751289122,0.022353008082570094,2.5254108708152208,2.5254108708152208
2026-05-07,cv_2,all,log_return,0.0175045518450026,False,0.0175045518450026,-0.00069943701438725,-0.0003925142751289122,0.022353008082570094,0.8006558246666975,0.8006558246666975
2026-04-02,cv_2,all,intraday_return,0.0302590715268395,False,0.0302590715268395,-0.0022345693713182,-0.0025361428019097403,0.019280193989669618,1.7009794790613106,1.7009794790613106
2026-04-06,cv_2,all,intraday_return,0.0027093910454785,False,0.0027093910454785,-0.0022345693713182,-0.0025361428019097403,0.019280193989669618,0.27206852017146776,0.27206852017146776
2026-04-07,cv_2,all,intraday_return,0.0134866581323496,False,0.0134866581323496,-0.0022345693713182,-0.0025361428019097403,0.019280193989669618,0.8310497779661554,0.8310497779661554
2026-04-08,cv_2,all,intraday_return,-0.013116521240896,False,-0.013116521240896,-0.0022345693713182,-0.0025361428019097403,0.019280193989669618,-0.5487692937454497,0.5487692937454497
2026-04-09,cv_2,all,intraday_return,0.0113836744715516,False,0.0113836744715516,-0.0022345693713182,-0.0025361428019097403,0.019280193989669618,0.7219749594282929,0.7219749594282929
2026-04-10,cv_2,all,intraday_return,0.0234388116838069,False,0.0234388116838069,-0.0022345693713182,-0.0025361428019097403,0.019280193989669618,1.3472351211628937,1.3472351211628937
2026-04-13,cv_2,all,intraday_return,0.0176315583552102,False,0.0176315583552102,-0.0022345693713182,-0.0025361428019097403,0.019280193989669618,1.046032066271006,1.046032066271006
2026-04-14,cv_2,all,intraday_return,0.0297107434382168,False,0.0297107434382168,-0.0022345693713182,-0.0025361428019097403,0.019280193989669618,1.6725395116566,1.6725395116566
2026-04-15,cv_2,all,intraday_return,0.0118551028322391,False,0.0118551028322391,-0.0022345693713182,-0.0025361428019097403,0.019280193989669618,0.7464263918640917,0.7464263918640917
2026-04-16,cv_2,all,intraday_return,0.0046599476364526,False,0.0046599476364526,-0.0022345693713182,-0.0025361428019097403,0.019280193989669618,0.37323744990418795,0.37323744990418795
2026-04-17,cv_2,all,intraday_return,0.008904446391422,False,0.008904446391422,-0.0022345693713182,-0.0025361428019097403,0.019280193989669618,0.5933855852001095,0.5933855852001095
2026-04-20,cv_2,all,intraday_return,0.010401049482412,False,0.010401049482412,-0.0022345693713182,-0.0025361428019097403,0.019280193989669618,0.6710094458205931,0.6710094458205931
2026-04-21,cv_2,all,intraday_return,-0.0111314497879939,False,-0.0111314497879939,-0.0022345693713182,-0.0025361428019097403,0.019280193989669618,-0.44581019209088607,0.44581019209088607
2026-04-22,cv_2,all,intraday_return,0.007512784046803,False,0.007512784046803,-0.0022345693713182,-0.0025361428019097403,0.019280193989669618,0.5212046545847507,0.5212046545847507
2026-04-23,cv_2,all,intraday_return,-0.0139287129838151,False,-0.0139287129838151,-0.0022345693713182,-0.0025361428019097403,0.019280193989669618,-0.5908949976338169,0.5908949976338169
2026-04-24,cv_2,all,intraday_return,0.0415582980574955,False,0.0415582980574955,-0.0022345693713182,-0.0025361428019097403,0.019280193989669618,2.2870330497209292,2.2870330497209292
2026-04-27,cv_2,all,intraday_return,0.0331982204459482,False,0.0331982204459482,-0.0022345693713182,-0.0025361428019097403,0.019280193989669618,1.853423428571544,1.853423428571544
2026-04-28,cv_2,all,intraday_return,0.0175664355305069,False,0.0175664355305069,-0.0022345693713182,-0.0025361428019097403,0.019280193989669618,1.0426543603859826,1.0426543603859826
2026-04-29,cv_2,all,intraday_return,-0.0162200140937552,False,-0.0162200140937552,-0.0022345693713182,-0.0025361428019097403,0.019280193989669618,-0.7097372204438045,0.7097372204438045
2026-04-30,cv_2,all,intraday_return,-0.0493497152051188,False,-0.0493497152051188,-0.0022345693713182,-0.0025361428019097403,0.019280193989669618,-2.428065424460558,2.428065424460558
2026-05-01,cv_2,all,intraday_return,-0.0140600250805733,False,-0.0140600250805733,-0.0022345693713182,-0.0025361428019097403,0.019280193989669618,-0.597705722506635,0.597705722506635
2026-05-04,cv_2,all,intraday_return,-0.0051128033707316,False,-0.0051128033707316,-0.0022345693713182,-0.0025361428019097403,0.019280193989669618,-0.13364287569940642,0.13364287569940642
2026-05-05,cv_2,all,intraday_return,-0.0140491871996141,False,-0.0140491871996141,-0.0022345693713182,-0.0025361428019097403,0.019280193989669618,-0.5971435974074266,0.5971435974074266
2026-05-06,cv_2,all,intraday_return,0.0397218593508956,False,0.0397218593508956,-0.0022345693713182,-0.0025361428019097403,0.019280193989669618,2.1917830378391057,2.1917830378391057
2026-05-07,cv_2,all,intraday_return,0.0151675324837021,False,0.0151675324837021,-0.0022345693713182,-0.0025361428019097403,0.019280193989669618,0.918231180407081,0.918231180407081
2026-04-02,cv_2,all,daily_range,0.034500312289497,False,0.034500312289497,0.0253485107139185,0.02927140302976908,0.013689166636319576,0.3819742573557967,0.3819742573557967
2026-04-06,cv_2,all,daily_range,0.0114275995624393,False,0.0114275995624393,0.0253485107139185,0.02927140302976908,0.013689166636319576,-1.3034981559788512,1.3034981559788512
2026-04-07,cv_2,all,daily_range,0.025659696287565,False,0.025659696287565,0.0253485107139185,0.02927140302976908,0.013689166636319576,-0.26383686006287915,0.26383686006287915
2026-04-08,cv_2,all,daily_range,0.0272407260830343,False,0.0272407260830343,0.0253485107139185,0.02927140302976908,0.013689166636319576,-0.14834189696742128,0.14834189696742128
2026-04-09,cv_2,all,daily_range,0.0188135862376693,False,0.0188135862376693,0.0253485107139185,0.02927140302976908,0.013689166636319576,-0.7639483885274285,0.7639483885274285
2026-04-10,cv_2,all,daily_range,0.030217869907724,False,0.030217869907724,0.0253485107139185,0.02927140302976908,0.013689166636319576,0.06913984635440047,0.06913984635440047
2026-04-13,cv_2,all,daily_range,0.0207067678384601,False,0.0207067678384601,0.0253485107139185,0.02927140302976908,0.013689166636319576,-0.6256505906346129,0.6256505906346129
2026-04-14,cv_2,all,daily_range,0.0292096605507532,False,0.0292096605507532,0.0253485107139185,0.02927140302976908,0.013689166636319576,-0.004510316855378892,0.004510316855378892
2026-04-15,cv_2,all,daily_range,0.0234323352830291,False,0.0234323352830291,0.0253485107139185,0.02927140302976908,0.013689166636319576,-0.4265466190796443,0.4265466190796443
2026-04-16,cv_2,all,daily_range,0.020368078752735,False,0.020368078752735,0.0253485107139185,0.02927140302976908,0.013689166636319576,-0.6503919861280758,0.6503919861280758
2026-04-17,cv_2,all,daily_range,0.012048754284158,False,0.012048754284158,0.0253485107139185,0.02927140302976908,0.013689166636319576,-1.2581225141869925,1.2581225141869925
2026-04-20,cv_2,all,daily_range,0.0214292877530053,False,0.0214292877530053,0.0253485107139185,0.02927140302976908,0.013689166636319576,-0.5728701742849255,0.5728701742849255
2026-04-21,cv_2,all,daily_range,0.0187612562957389,False,0.0187612562957389,0.0253485107139185,0.02927140302976908,0.013689166636319576,-0.7677711151638011,0.7677711151638011
2026-04-22,cv_2,all,daily_range,0.0172839506172839,False,0.0172839506172839,0.0253485107139185,0.02927140302976908,0.013689166636319576,-0.8756889831905857,0.8756889831905857
2026-04-23,cv_2,all,daily_range,0.0331096004335807,False,0.0331096004335807,0.0253485107139185,0.02927140302976908,0.013689166636319576,0.28038210840594646,0.28038210840594646
2026-04-24,cv_2,all,daily_range,0.0534882564033321,False,0.0534882564033321,0.0253485107139185,0.02927140302976908,0.013689166636319576,1.7690524205696925,1.7690524205696925
2026-04-27,cv_2,all,daily_range,0.0436267804885024,False,0.0436267804885024,0.0253485107139185,0.02927140302976908,0.013689166636319576,1.0486670109374066,1.0486670109374066
2026-04-28,cv_2,all,daily_range,0.0306328227958306,False,0.0306328227958306,0.0253485107139185,0.02927140302976908,0.013689166636319576,0.09945234813998478,0.09945234813998478
2026-04-29,cv_2,all,daily_range,0.0245639158406138,False,0.0245639158406138,0.0253485107139185,0.02927140302976908,0.013689166636319576,-0.3438841321914773,0.3438841321914773
2026-04-30,cv_2,all,daily_range,0.0581249971328127,False,0.0581249971328127,0.0253485107139185,0.02927140302976908,0.013689166636319576,2.1077684909240832,2.1077684909240832
2026-05-01,cv_2,all,daily_range,0.0296296546900228,False,0.0296296546900228,0.0253485107139185,0.02927140302976908,0.013689166636319576,0.02617045067617341,0.02617045067617341
2026-05-04,cv_2,all,daily_range,0.0352176057277347,False,0.0352176057277347,0.0253485107139185,0.02927140302976908,0.013689166636319576,0.434372877176422,0.434372877176422
2026-05-05,cv_2,all,daily_range,0.0214249705540316,False,0.0214249705540316,0.0253485107139185,0.02927140302976908,0.013689166636319576,-0.5731855476811587,0.5731855476811587
2026-05-06,cv_2,all,daily_range,0.0464803136072815,False,0.0464803136072815,0.0253485107139185,0.02927140302976908,0.013689166636319576,1.2571189346073406,1.2571189346073406
2026-05-07,cv_2,all,daily_range,0.0364066049562278,False,0.0364066049562278,0.0253485107139185,0.02927140302976908,0.013689166636319576,0.521229824723433,0.521229824723433
2026-04-02,cv_2,all,sma_5,172.0459991455078,False,172.0459991455078,184.75799865722647,185.42677725799817,5.429258554027886,-2.464568224065027,2.464568224065027
2026-04-06,cv_2,all,sma_5,174.06999816894532,False,174.06999816894532,184.75799865722647,185.42677725799817,5.429258554027886,-2.0917734854656027,2.0917734854656027
2026-04-07,cv_2,all,sma_5,176.65599975585937,False,176.65599975585937,184.75799865722647,185.42677725799817,5.429258554027886,-1.6154650611789136,1.6154650611789136
2026-04-08,cv_2,all,sma_5,178.19200134277344,False,178.19200134277344,184.75799865722647,185.42677725799817,5.429258554027886,-1.3325532102090365,1.3325532102090365
2026-04-09,cv_2,all,sma_5,179.82400207519532,False,179.82400207519532,184.75799865722647,185.42677725799817,5.429258554027886,-1.031959544208155,1.031959544208155
2026-04-10,cv_2,all,sma_5,182.0720031738281,False,182.0720031738281,184.75799865722647,185.42677725799817,5.429258554027886,-0.6179064877433776,0.6179064877433776
2026-04-13,cv_2,all,sma_5,184.4060028076172,False,184.4060028076172,184.75799865722647,185.42677725799817,5.429258554027886,-0.18801360079336651,0.18801360079336651
2026-04-14,cv_2,all,sma_5,188.08800048828124,False,188.08800048828124,184.75799865722647,185.42677725799817,5.429258554027886,0.4901632891122396,0.4901632891122396
2026-04-15,cv_2,all,sma_5,191.4459991455078,False,191.4459991455078,184.75799865722647,185.42677725799817,5.429258554027886,1.1086637019789882,1.1086637019789882
2026-04-16,cv_2,all,sma_5,194.33399963378903,False,194.33399963378903,184.75799865722647,185.42677725799817,5.429258554027886,1.6405964621417286,1.6405964621417286
2026-04-17,cv_2,all,sma_5,196.9439971923828,False,196.9439971923828,184.75799865722647,185.42677725799817,5.429258554027886,2.121324637567716,2.121324637567716
2026-04-20,cv_2,all,sma_5,199.4939971923828,False,199.4939971923828,184.75799865722647,185.42677725799817,5.429258554027886,2.591002029908555,2.591002029908555
2026-04-21,cv_2,all,sma_5,200.16799926757807,False,200.16799926757807,184.75799865722647,185.42677725799817,5.429258554027886,2.715144593481113,2.715144593481113
2026-04-22,cv_2,all,sma_5,200.8940002441406,False,200.8940002441406,184.75799865722647,185.42677725799817,5.429258554027886,2.848864689759073,2.848864689759073
2026-04-23,cv_2,all,sma_5,201.1519989013672,False,201.1519989013672,184.75799865722647,185.42677725799817,5.429258554027886,2.896384743309511,2.896384743309511
2026-04-24,cv_2,all,sma_5,202.47000122070312,False,202.47000122070312,184.75799865722647,185.42677725799817,5.429258554027886,3.1391439168173054,3.1391439168173054
2026-04-27,cv_2,all,sma_5,205.3800018310547,False,205.3800018310547,184.75799865722647,185.42677725799817,5.429258554027886,3.6751288181428627,3.6751288181428627
2026-04-28,cv_2,all,sma_5,208.03800048828128,False,208.03800048828128,184.75799865722647,185.42677725799817,5.429258554027886,4.164698182131737,4.164698182131737
2026-04-29,cv_2,all,sma_5,209.38800048828125,False,209.38800048828125,184.75799865722647,185.42677725799817,5.429258554027886,4.413350919253349,4.413350919253349
2026-04-30,cv_2,all,sma_5,209.3740020751953,False,209.3740020751953,184.75799865722647,185.42677725799817,5.429258554027886,4.410772590565069,4.410772590565069
2026-05-01,cv_2,all,sma_5,207.4100006103516,False,207.4100006103516,184.75799865722647,185.42677725799817,5.429258554027886,4.049028635050805,4.049028635050805
2026-05-04,cv_2,all,sma_5,203.78399963378905,False,203.78399963378905,184.75799865722647,185.42677725799817,5.429258554027886,3.3811656219930684,3.3811656219930684
2026-05-05,cv_2,all,sma_5,200.45,False,200.45,184.75799865722647,185.42677725799817,5.429258554027886,2.7670855223603814,2.7670855223603814
2026-05-06,cv_2,all,sma_5,200.1660003662109,False,200.1660003662109,184.75799865722647,185.42677725799817,5.429258554027886,2.7147764214098684,2.7147764214098684
2026-05-07,cv_2,all,sma_5,202.5519989013672,False,202.5519989013672,184.75799865722647,185.42677725799817,5.429258554027886,3.1542468410652655,3.1542468410652655
2026-04-02,cv_2,all,sma_20,177.62299880981445,False,177.62299880981445,185.5342502593994,185.7887134110632,3.078635145667587,-2.6523814011348428,2.6523814011348428
2026-04-06,cv_2,all,sma_20,177.61399841308594,False,177.61399841308594,185.5342502593994,185.7887134110632,3.078635145667587,-2.6553049033696485,2.6553049033696485
2026-04-07,cv_2,all,sma_20,177.3864990234375,False,177.3864990234375,185.5342502593994,185.7887134110632,3.078635145667587,-2.7292010875175463,2.7292010875175463
2026-04-08,cv_2,all,sma_20,177.2519989013672,False,177.2519989013672,185.5342502593994,185.7887134110632,3.078635145667587,-2.7728893180828287,2.7728893180828287
2026-04-09,cv_2,all,sma_20,177.1459991455078,False,177.1459991455078,185.5342502593994,185.7887134110632,3.078635145667587,-2.807320080691563,2.807320080691563
2026-04-10,cv_2,all,sma_20,177.420499420166,False,177.420499420166,185.5342502593994,185.7887134110632,3.078635145667587,-2.7181571037001193,2.7181571037001193
2026-04-13,cv_2,all,sma_20,177.8734992980957,False,177.8734992980957,185.5342502593994,185.7887134110632,3.078635145667587,-2.5710140170738316,2.5710140170738316
2026-04-14,cv_2,all,sma_20,178.53799896240236,False,178.53799896240236,185.5342502593994,185.7887134110632,3.078635145667587,-2.3551717256474625,2.3551717256474625
2026-04-15,cv_2,all,sma_20,179.38499908447267,False,179.38499908447267,185.5342502593994,185.7887134110632,3.078635145667587,-2.080049769977511,2.080049769977511
2026-04-16,cv_2,all,sma_20,180.28249969482425,False,180.28249969482425,185.5342502593994,185.7887134110632,3.078635145667587,-1.788524282907504,1.788524282907504
2026-04-17,cv_2,all,sma_20,181.4384994506836,False,181.4384994506836,185.5342502593994,185.7887134110632,3.078635145667587,-1.4130332938287484,1.4130332938287484
2026-04-20,cv_2,all,sma_20,182.9064994812012,False,182.9064994812012,185.5342502593994,185.7887134110632,3.078635145667587,-0.9361986053846029,0.9361986053846029
2026-04-21,cv_2,all,sma_20,184.11849975585932,False,184.11849975585932,185.5342502593994,185.7887134110632,3.078635145667587,-0.5425175690449403,0.5425175690449403
2026-04-22,cv_2,all,sma_20,185.48349990844727,False,185.48349990844727,185.5342502593994,185.7887134110632,3.078635145667587,-0.09913922507038679,0.09913922507038679
2026-04-23,cv_2,all,sma_20,186.53150024414063,False,186.53150024414063,185.5342502593994,185.7887134110632,3.078635145667587,0.24127147191270945,0.24127147191270945
2026-04-24,cv_2,all,sma_20,188.38300018310548,False,188.38300018310548,185.5342502593994,185.7887134110632,3.078635145667587,0.8426743180961472,0.8426743180961472
2026-04-27,cv_2,all,sma_20,190.8375,False,190.8375,185.5342502593994,185.7887134110632,3.078635145667587,1.6399431404015845,1.6399431404015845
2026-04-28,cv_2,all,sma_20,193.2375,False,193.2375,185.5342502593994,185.7887134110632,3.078635145667587,2.4195093723330974,2.4195093723330974
2026-04-29,cv_2,all,sma_20,194.9800003051758,False,194.9800003051758,185.5342502593994,185.7887134110632,3.078635145667587,2.9855070377686777,2.9855070377686777
2026-04-30,cv_2,all,sma_20,196.1710006713867,False,196.1710006713867,185.5342502593994,185.7887134110632,3.078635145667587,3.3723668993170497,3.3723668993170497
2026-05-01,cv_2,all,sma_20,197.2240005493164,False,197.2240005493164,185.5342502593994,185.7887134110632,3.078635145667587,3.714401543926213,3.714401543926213
2026-05-04,cv_2,all,sma_20,198.26600036621093,False,198.26600036621093,185.5342502593994,185.7887134110632,3.078635145667587,4.052863156813627,4.052863156813627
2026-05-05,cv_2,all,sma_20,199.1860000610352,False,199.1860000610352,185.5342502593994,185.7887134110632,3.078635145667587,4.351696779927084,4.351696779927084
2026-05-06,cv_2,all,sma_20,200.4735000610352,False,200.4735000610352,185.5342502593994,185.7887134110632,3.078635145667587,4.769901581432007,4.769901581432007
2026-05-07,cv_2,all,sma_20,201.85299987792968,False,201.85299987792968,185.5342502593994,185.7887134110632,3.078635145667587,5.217989695684774,5.217989695684774
2026-04-02,cv_2,all,sma_60,183.00199966430665,False,183.00199966430665,185.04400037129722,185.13092341672623,0.6059838190727619,-3.5131693048786774,3.5131693048786774
2026-04-06,cv_2,all,sma_60,182.8108329772949,False,182.8108329772949,185.04400037129722,185.13092341672623,0.6059838190727619,-3.828634307400147,3.828634307400147
2026-04-07,cv_2,all,sma_60,182.6951665242513,False,182.6951665242513,185.04400037129722,185.13092341672623,0.6059838190727619,-4.019508138355853,4.019508138355853
2026-04-08,cv_2,all,sma_60,182.64883321126305,False,182.64883321126305,185.04400037129722,185.13092341672623,0.6059838190727619,-4.0959677921122015,4.0959677921122015
2026-04-09,cv_2,all,sma_60,182.6316665649414,False,182.6316665649414,185.04400037129722,185.13092341672623,0.6059838190727619,-4.124296347729262,4.124296347729262
2026-04-10,cv_2,all,sma_60,182.6786666870117,False,182.6786666870117,185.04400037129722,185.13092341672623,0.6059838190727619,-4.046736319571714,4.046736319571714
2026-04-13,cv_2,all,sma_60,182.78149998982747,False,182.78149998982747,185.04400037129722,185.13092341672623,0.6059838190727619,-3.877039869634978,3.877039869634978
2026-04-14,cv_2,all,sma_60,182.9391665140788,False,182.9391665140788,185.04400037129722,185.13092341672623,0.6059838190727619,-3.616857139850887,3.616857139850887
2026-04-15,cv_2,all,sma_60,183.1498331705729,False,183.1498331705729,185.04400037129722,185.13092341672623,0.6059838190727619,-3.269213110648205,3.269213110648205
2026-04-16,cv_2,all,sma_60,183.48783315022783,False,183.48783315022783,185.04400037129722,185.13092341672623,0.6059838190727619,-2.7114424754980377,2.7114424754980377
2026-04-17,cv_2,all,sma_60,183.79383290608723,False,183.79383290608723,185.04400037129722,185.13092341672623,0.6059838190727619,-2.206478900187356,2.206478900187356
2026-04-20,cv_2,all,sma_60,184.0808329264323,False,184.0808329264323,185.04400037129722,185.13092341672623,0.6059838190727619,-1.732868860922263,1.732868860922263
2026-04-21,cv_2,all,sma_60,184.2843330383301,False,184.2843330383301,185.04400037129722,185.13092341672623,0.6059838190727619,-1.3970511286778957,1.3970511286778957
2026-04-22,cv_2,all,sma_60,184.5514996846517,False,184.5514996846517,185.04400037129722,185.13092341672623,0.6059838190727619,-0.9561703032947787,0.9561703032947787
2026-04-23,cv_2,all,sma_60,184.73683293660483,False,184.73683293660483,185.04400037129722,185.13092341672623,0.6059838190727619,-0.650331688269199,0.650331688269199
2026-04-24,cv_2,all,sma_60,185.0159996032715,False,185.0159996032715,185.04400037129722,185.13092341672623,0.6059838190727619,-0.189648320363713,0.189648320363713
2026-04-27,cv_2,all,sma_60,185.41766637166344,False,185.41766637166344,185.04400037129722,185.13092341672623,0.6059838190727619,0.4731858275951434,0.4731858275951434
2026-04-28,cv_2,all,sma_60,185.7849995930989,False,185.7849995930989,185.04400037129722,185.13092341672623,0.6059838190727619,1.0793624446498935,1.0793624446498935
2026-04-29,cv_2,all,sma_60,186.1789995829264,False,186.1789995829264,185.04400037129722,185.13092341672623,0.6059838190727619,1.7295448050145317,1.7295448050145317
2026-04-30,cv_2,all,sma_60,186.4994997660319,False,186.4994997660319,185.04400037129722,185.13092341672623,0.6059838190727619,2.2584371170170496,2.2584371170170496
2026-05-01,cv_2,all,sma_60,186.9038330078125,False,186.9038330078125,185.04400037129722,185.13092341672623,0.6059838190727619,2.925671503570929,2.925671503570929
2026-05-04,cv_2,all,sma_60,187.347166188558,False,187.347166188558,185.04400037129722,185.13092341672623,0.6059838190727619,3.657263943487655,3.657263943487655
2026-05-05,cv_2,all,sma_60,187.53199946085613,False,187.53199946085613,185.04400037129722,185.13092341672623,0.6059838190727619,3.9622774875472233,3.9622774875472233
2026-05-06,cv_2,all,sma_60,187.8284996032715,False,187.8284996032715,185.04400037129722,185.13092341672623,0.6059838190727619,4.451564714504957,4.451564714504957
2026-05-07,cv_2,all,sma_60,188.211166381836,False,188.211166381836,185.04400037129722,185.13092341672623,0.6059838190727619,5.083044906748425,5.083044906748425
2026-04-02,cv_2,all,rolling_volatility_20,0.0231843022002209,False,0.0231843022002209,0.0229866330390899,0.023007241404426712,0.0038104656377400794,0.04646697087109776,0.04646697087109776
2026-04-06,cv_2,all,rolling_volatility_20,0.0221792106834409,False,0.0221792106834409,0.0229866330390899,0.023007241404426712,0.0038104656377400794,-0.21730434012702546,0.21730434012702546
2026-04-07,cv_2,all,rolling_volatility_20,0.0212678335283784,False,0.0212678335283784,0.0229866330390899,0.023007241404426712,0.0038104656377400794,-0.45648171153169737,0.45648171153169737
2026-04-08,cv_2,all,rolling_volatility_20,0.0217346173207621,False,0.0217346173207621,0.0229866330390899,0.023007241404426712,0.0038104656377400794,-0.33398125180821325,0.33398125180821325
2026-04-09,cv_2,all,rolling_volatility_20,0.0218038648330134,False,0.0218038648330134,0.0229866330390899,0.023007241404426712,0.0038104656377400794,-0.3158082727461658,0.3158082727461658
2026-04-10,cv_2,all,rolling_volatility_20,0.0222354923338123,False,0.0222354923338123,0.0229866330390899,0.023007241404426712,0.0038104656377400794,-0.20253405855986756,0.20253405855986756
2026-04-13,cv_2,all,rolling_volatility_20,0.0218520741086747,False,0.0218520741086747,0.0229866330390899,0.023007241404426712,0.0038104656377400794,-0.30315646579012884,0.30315646579012884
2026-04-14,cv_2,all,rolling_volatility_20,0.023066194427183,False,0.023066194427183,0.0229866330390899,0.023007241404426712,0.0038104656377400794,0.015471343494715498,0.015471343494715498
2026-04-15,cv_2,all,rolling_volatility_20,0.0229899713298604,False,0.0229899713298604,0.0229866330390899,0.023007241404426712,0.0038104656377400794,-0.004532274059963397,0.004532274059963397
2026-04-16,cv_2,all,rolling_volatility_20,0.0228520003115691,False,0.0228520003115691,0.0229866330390899,0.023007241404426712,0.0038104656377400794,-0.04074071455206238,0.04074071455206238
2026-04-17,cv_2,all,rolling_volatility_20,0.0227035024966864,False,0.0227035024966864,0.0229866330390899,0.023007241404426712,0.0038104656377400794,-0.07971175615178977,0.07971175615178977
2026-04-20,cv_2,all,rolling_volatility_20,0.02079864717218,False,0.02079864717218,0.0229866330390899,0.023007241404426712,0.0038104656377400794,-0.5796126883738523,0.5796126883738523
2026-04-21,cv_2,all,rolling_volatility_20,0.0210972255883431,False,0.0210972255883431,0.0229866330390899,0.023007241404426712,0.0038104656377400794,-0.5012552264390471,0.5012552264390471
2026-04-22,cv_2,all,rolling_volatility_20,0.0210276276365668,False,0.0210276276365668,0.0229866330390899,0.023007241404426712,0.0038104656377400794,-0.5195201731392562,0.5195201731392562
2026-04-23,cv_2,all,rolling_volatility_20,0.0213447618716321,False,0.0213447618716321,0.0229866330390899,0.023007241404426712,0.0038104656377400794,-0.43629301267773657,0.43629301267773657
2026-04-24,cv_2,all,rolling_volatility_20,0.0198025948331895,False,0.0198025948331895,0.0229866330390899,0.023007241404426712,0.0038104656377400794,-0.8410118016804456,0.8410118016804456
2026-04-27,cv_2,all,rolling_volatility_20,0.0194039791000413,False,0.0194039791000413,0.0229866330390899,0.023007241404426712,0.0038104656377400794,-0.9456225687216653,0.9456225687216653
2026-04-28,cv_2,all,rolling_volatility_20,0.0195442752549368,False,0.0195442752549368,0.0229866330390899,0.023007241404426712,0.0038104656377400794,-0.9088039307300344,0.9088039307300344
2026-04-29,cv_2,all,rolling_volatility_20,0.0179626686694096,False,0.0179626686694096,0.0229866330390899,0.023007241404426712,0.0038104656377400794,-1.3238730419332587,1.3238730419332587
2026-04-30,cv_2,all,rolling_volatility_20,0.0218480501618942,False,0.0218480501618942,0.0229866330390899,0.023007241404426712,0.0038104656377400794,-0.3042124907390604,0.3042124907390604
2026-05-01,cv_2,all,rolling_volatility_20,0.0220047484368616,False,0.0220047484368616,0.0229866330390899,0.023007241404426712,0.0038104656377400794,-0.26308936042779096,0.26308936042779096
2026-05-04,cv_2,all,rolling_volatility_20,0.0220199186835027,False,0.0220199186835027,0.0229866330390899,0.023007241404426712,0.0038104656377400794,-0.2591081549575599,0.2591081549575599
2026-05-05,cv_2,all,rolling_volatility_20,0.0222936432183421,False,0.0222936432183421,0.0229866330390899,0.023007241404426712,0.0038104656377400794,-0.18727322430542503,0.18727322430542503
2026-05-06,cv_2,all,rolling_volatility_20,0.0249644962629608,False,0.0249644962629608,0.0229866330390899,0.023007241404426712,0.0038104656377400794,0.51365241012773,0.51365241012773
2026-05-07,cv_2,all,rolling_volatility_20,0.0250722985184391,False,0.0250722985184391,0.0229866330390899,0.023007241404426712,0.0038104656377400794,0.5419435077853472,0.5419435077853472
2026-04-02,cv_2,all,rolling_volatility_60,0.0235265666719851,False,0.0235265666719851,0.0218968031999569,0.02192750104465032,0.0006275448623170982,2.5481295814143254,2.5481295814143254
2026-04-06,cv_2,all,rolling_volatility_60,0.02348699000999,False,0.02348699000999,0.0218968031999569,0.02192750104465032,0.0006275448623170982,2.48506371254725,2.48506371254725
2026-04-07,cv_2,all,rolling_volatility_60,0.0233317065283358,False,0.0233317065283358,0.0218968031999569,0.02192750104465032,0.0006275448623170982,2.237617687603559,2.237617687603559
2026-04-08,cv_2,all,rolling_volatility_60,0.0235150119881972,False,0.0235150119881972,0.0218968031999569,0.02192750104465032,0.0006275448623170982,2.529717059088456,2.529717059088456
2026-04-09,cv_2,all,rolling_volatility_60,0.0235506388308758,False,0.0235506388308758,0.0218968031999569,0.02192750104465032,0.0006275448623170982,2.5864888451677097,2.5864888451677097
2026-04-10,cv_2,all,rolling_volatility_60,0.0237733150918177,False,0.0237733150918177,0.0218968031999569,0.02192750104465032,0.0006275448623170982,2.941326043770062,2.941326043770062
2026-04-13,cv_2,all,rolling_volatility_60,0.0236955288857876,False,0.0236955288857876,0.0218968031999569,0.02192750104465032,0.0006275448623170982,2.8173728243254996,2.8173728243254996
2026-04-14,cv_2,all,rolling_volatility_60,0.0240358625243672,False,0.0240358625243672,0.0218968031999569,0.02192750104465032,0.0006275448623170982,3.35969841571506,3.35969841571506
2026-04-15,cv_2,all,rolling_volatility_60,0.0240655604850426,False,0.0240655604850426,0.0218968031999569,0.02192750104465032,0.0006275448623170982,3.4070224597136747,3.4070224597136747
2026-04-16,cv_2,all,rolling_volatility_60,0.0233306871126711,False,0.0233306871126711,0.0218968031999569,0.02192750104465032,0.0006275448623170982,2.2359932369452675,2.2359932369452675
2026-04-17,cv_2,all,rolling_volatility_60,0.0231345765492307,False,0.0231345765492307,0.0218968031999569,0.02192750104465032,0.0006275448623170982,1.923488784727624,1.923488784727624
2026-04-20,cv_2,all,rolling_volatility_60,0.0231191405125022,False,0.0231191405125022,0.0218968031999569,0.02192750104465032,0.0006275448623170982,1.8988912815762087,1.8988912815762087
2026-04-21,cv_2,all,rolling_volatility_60,0.0231051460910096,False,0.0231051460910096,0.0218968031999569,0.02192750104465032,0.0006275448623170982,1.8765910089854505,1.8765910089854505
2026-04-22,cv_2,all,rolling_volatility_60,0.0231320560348749,False,0.0231320560348749,0.0218968031999569,0.02192750104465032,0.0006275448623170982,1.9194723159344713,1.9194723159344713
2026-04-23,cv_2,all,rolling_volatility_60,0.023187068746804,False,0.023187068746804,0.0218968031999569,0.02192750104465032,0.0006275448623170982,2.0071357089960835,2.0071357089960835
2026-04-24,cv_2,all,rolling_volatility_60,0.0237419645790367,False,0.0237419645790367,0.0218968031999569,0.02192750104465032,0.0006275448623170982,2.8913686388679785,2.8913686388679785
2026-04-27,cv_2,all,rolling_volatility_60,0.0242504462725725,False,0.0242504462725725,0.0218968031999569,0.02192750104465032,0.0006275448623170982,3.7016401016257503,3.7016401016257503
2026-04-28,cv_2,all,rolling_volatility_60,0.0243337730544939,False,0.0243337730544939,0.0218968031999569,0.02192750104465032,0.0006275448623170982,3.8344222928681866,3.8344222928681866
2026-04-29,cv_2,all,rolling_volatility_60,0.0241442566663432,False,0.0241442566663432,0.0218968031999569,0.02192750104465032,0.0006275448623170982,3.5324257352819384,3.5324257352819384
2026-04-30,cv_2,all,rolling_volatility_60,0.0246342594903129,False,0.0246342594903129,0.0218968031999569,0.02192750104465032,0.0006275448623170982,4.313250905550169,4.313250905550169
2026-05-01,cv_2,all,rolling_volatility_60,0.0241975439827899,False,0.0241975439827899,0.0218968031999569,0.02192750104465032,0.0006275448623170982,3.6173396906762147,3.6173396906762147
2026-05-04,cv_2,all,rolling_volatility_60,0.0241116294961528,False,0.0241116294961528,0.0218968031999569,0.02192750104465032,0.0006275448623170982,3.480433962024597,3.480433962024597
2026-05-05,cv_2,all,rolling_volatility_60,0.0219973590510888,False,0.0219973590510888,0.0218968031999569,0.02192750104465032,0.0006275448623170982,0.11131954165084296,0.11131954165084296
2026-05-06,cv_2,all,rolling_volatility_60,0.0229787687953196,False,0.0229787687953196,0.0218968031999569,0.02192750104465032,0.0006275448623170982,1.6752073258757285,1.6752073258757285
2026-05-07,cv_2,all,rolling_volatility_60,0.0230336978195936,False,0.0230336978195936,0.0218968031999569,0.02192750104465032,0.0006275448623170982,1.7627373616905162,1.7627373616905162
2026-04-02,cv_2,all,q_gross_margin,0.7341157071185489,False,0.7341157071185489,0.7341157071185489,0.7311765234157303,0.0045163224693814145,0.650791373455939,0.650791373455939
2026-04-06,cv_2,all,q_gross_margin,0.7341157071185489,False,0.7341157071185489,0.7341157071185489,0.7311765234157303,0.0045163224693814145,0.650791373455939,0.650791373455939
2026-04-07,cv_2,all,q_gross_margin,0.7341157071185489,False,0.7341157071185489,0.7341157071185489,0.7311765234157303,0.0045163224693814145,0.650791373455939,0.650791373455939
2026-04-08,cv_2,all,q_gross_margin,0.7341157071185489,False,0.7341157071185489,0.7341157071185489,0.7311765234157303,0.0045163224693814145,0.650791373455939,0.650791373455939
2026-04-09,cv_2,all,q_gross_margin,0.7341157071185489,False,0.7341157071185489,0.7341157071185489,0.7311765234157303,0.0045163224693814145,0.650791373455939,0.650791373455939
2026-04-10,cv_2,all,q_gross_margin,0.7341157071185489,False,0.7341157071185489,0.7341157071185489,0.7311765234157303,0.0045163224693814145,0.650791373455939,0.650791373455939
2026-04-13,cv_2,all,q_gross_margin,0.7341157071185489,False,0.7341157071185489,0.7341157071185489,0.7311765234157303,0.0045163224693814145,0.650791373455939,0.650791373455939
2026-04-14,cv_2,all,q_gross_margin,0.7341157071185489,False,0.7341157071185489,0.7341157071185489,0.7311765234157303,0.0045163224693814145,0.650791373455939,0.650791373455939
2026-04-15,cv_2,all,q_gross_margin,0.7341157071185489,False,0.7341157071185489,0.7341157071185489,0.7311765234157303,0.0045163224693814145,0.650791373455939,0.650791373455939
2026-04-16,cv_2,all,q_gross_margin,0.7341157071185489,False,0.7341157071185489,0.7341157071185489,0.7311765234157303,0.0045163224693814145,0.650791373455939,0.650791373455939
2026-04-17,cv_2,all,q_gross_margin,0.7341157071185489,False,0.7341157071185489,0.7341157071185489,0.7311765234157303,0.0045163224693814145,0.650791373455939,0.650791373455939
2026-04-20,cv_2,all,q_gross_margin,0.7341157071185489,False,0.7341157071185489,0.7341157071185489,0.7311765234157303,0.0045163224693814145,0.650791373455939,0.650791373455939
2026-04-21,cv_2,all,q_gross_margin,0.7341157071185489,False,0.7341157071185489,0.7341157071185489,0.7311765234157303,0.0045163224693814145,0.650791373455939,0.650791373455939
2026-04-22,cv_2,all,q_gross_margin,0.7341157071185489,False,0.7341157071185489,0.7341157071185489,0.7311765234157303,0.0045163224693814145,0.650791373455939,0.650791373455939
2026-04-23,cv_2,all,q_gross_margin,0.7341157071185489,False,0.7341157071185489,0.7341157071185489,0.7311765234157303,0.0045163224693814145,0.650791373455939,0.650791373455939
2026-04-24,cv_2,all,q_gross_margin,0.7341157071185489,False,0.7341157071185489,0.7341157071185489,0.7311765234157303,0.0045163224693814145,0.650791373455939,0.650791373455939
2026-04-27,cv_2,all,q_gross_margin,0.7341157071185489,False,0.7341157071185489,0.7341157071185489,0.7311765234157303,0.0045163224693814145,0.650791373455939,0.650791373455939
2026-04-28,cv_2,all,q_gross_margin,0.7341157071185489,False,0.7341157071185489,0.7341157071185489,0.7311765234157303,0.0045163224693814145,0.650791373455939,0.650791373455939
2026-04-29,cv_2,all,q_gross_margin,0.7341157071185489,False,0.7341157071185489,0.7341157071185489,0.7311765234157303,0.0045163224693814145,0.650791373455939,0.650791373455939
2026-04-30,cv_2,all,q_gross_margin,0.7341157071185489,False,0.7341157071185489,0.7341157071185489,0.7311765234157303,0.0045163224693814145,0.650791373455939,0.650791373455939
2026-05-01,cv_2,all,q_gross_margin,0.7341157071185489,False,0.7341157071185489,0.7341157071185489,0.7311765234157303,0.0045163224693814145,0.650791373455939,0.650791373455939
2026-05-04,cv_2,all,q_gross_margin,0.7341157071185489,False,0.7341157071185489,0.7341157071185489,0.7311765234157303,0.0045163224693814145,0.650791373455939,0.650791373455939
2026-05-05,cv_2,all,q_gross_margin,0.7341157071185489,False,0.7341157071185489,0.7341157071185489,0.7311765234157303,0.0045163224693814145,0.650791373455939,0.650791373455939
2026-05-06,cv_2,all,q_gross_margin,0.7341157071185489,False,0.7341157071185489,0.7341157071185489,0.7311765234157303,0.0045163224693814145,0.650791373455939,0.650791373455939
2026-05-07,cv_2,all,q_gross_margin,0.7341157071185489,False,0.7341157071185489,0.7341157071185489,0.7311765234157303,0.0045163224693814145,0.650791373455939,0.650791373455939
2026-04-02,cv_2,all,q_operating_margin,0.6316878925025436,False,0.6316878925025436,0.6316878925025436,0.6247691851391269,0.010631221687336588,0.6507913734559734,0.6507913734559734
2026-04-06,cv_2,all,q_operating_margin,0.6316878925025436,False,0.6316878925025436,0.6316878925025436,0.6247691851391269,0.010631221687336588,0.6507913734559734,0.6507913734559734
2026-04-07,cv_2,all,q_operating_margin,0.6316878925025436,False,0.6316878925025436,0.6316878925025436,0.6247691851391269,0.010631221687336588,0.6507913734559734,0.6507913734559734
2026-04-08,cv_2,all,q_operating_margin,0.6316878925025436,False,0.6316878925025436,0.6316878925025436,0.6247691851391269,0.010631221687336588,0.6507913734559734,0.6507913734559734
2026-04-09,cv_2,all,q_operating_margin,0.6316878925025436,False,0.6316878925025436,0.6316878925025436,0.6247691851391269,0.010631221687336588,0.6507913734559734,0.6507913734559734
2026-04-10,cv_2,all,q_operating_margin,0.6316878925025436,False,0.6316878925025436,0.6316878925025436,0.6247691851391269,0.010631221687336588,0.6507913734559734,0.6507913734559734
2026-04-13,cv_2,all,q_operating_margin,0.6316878925025436,False,0.6316878925025436,0.6316878925025436,0.6247691851391269,0.010631221687336588,0.6507913734559734,0.6507913734559734
2026-04-14,cv_2,all,q_operating_margin,0.6316878925025436,False,0.6316878925025436,0.6316878925025436,0.6247691851391269,0.010631221687336588,0.6507913734559734,0.6507913734559734
2026-04-15,cv_2,all,q_operating_margin,0.6316878925025436,False,0.6316878925025436,0.6316878925025436,0.6247691851391269,0.010631221687336588,0.6507913734559734,0.6507913734559734
2026-04-16,cv_2,all,q_operating_margin,0.6316878925025436,False,0.6316878925025436,0.6316878925025436,0.6247691851391269,0.010631221687336588,0.6507913734559734,0.6507913734559734
2026-04-17,cv_2,all,q_operating_margin,0.6316878925025436,False,0.6316878925025436,0.6316878925025436,0.6247691851391269,0.010631221687336588,0.6507913734559734,0.6507913734559734
2026-04-20,cv_2,all,q_operating_margin,0.6316878925025436,False,0.6316878925025436,0.6316878925025436,0.6247691851391269,0.010631221687336588,0.6507913734559734,0.6507913734559734
2026-04-21,cv_2,all,q_operating_margin,0.6316878925025436,False,0.6316878925025436,0.6316878925025436,0.6247691851391269,0.010631221687336588,0.6507913734559734,0.6507913734559734
2026-04-22,cv_2,all,q_operating_margin,0.6316878925025436,False,0.6316878925025436,0.6316878925025436,0.6247691851391269,0.010631221687336588,0.6507913734559734,0.6507913734559734
2026-04-23,cv_2,all,q_operating_margin,0.6316878925025436,False,0.6316878925025436,0.6316878925025436,0.6247691851391269,0.010631221687336588,0.6507913734559734,0.6507913734559734
2026-04-24,cv_2,all,q_operating_margin,0.6316878925025436,False,0.6316878925025436,0.6316878925025436,0.6247691851391269,0.010631221687336588,0.6507913734559734,0.6507913734559734
2026-04-27,cv_2,all,q_operating_margin,0.6316878925025436,False,0.6316878925025436,0.6316878925025436,0.6247691851391269,0.010631221687336588,0.6507913734559734,0.6507913734559734
2026-04-28,cv_2,all,q_operating_margin,0.6316878925025436,False,0.6316878925025436,0.6316878925025436,0.6247691851391269,0.010631221687336588,0.6507913734559734,0.6507913734559734
2026-04-29,cv_2,all,q_operating_margin,0.6316878925025436,False,0.6316878925025436,0.6316878925025436,0.6247691851391269,0.010631221687336588,0.6507913734559734,0.6507913734559734
2026-04-30,cv_2,all,q_operating_margin,0.6316878925025436,False,0.6316878925025436,0.6316878925025436,0.6247691851391269,0.010631221687336588,0.6507913734559734,0.6507913734559734
2026-05-01,cv_2,all,q_operating_margin,0.6316878925025436,False,0.6316878925025436,0.6316878925025436,0.6247691851391269,0.010631221687336588,0.6507913734559734,0.6507913734559734
2026-05-04,cv_2,all,q_operating_margin,0.6316878925025436,False,0.6316878925025436,0.6316878925025436,0.6247691851391269,0.010631221687336588,0.6507913734559734,0.6507913734559734
2026-05-05,cv_2,all,q_operating_margin,0.6316878925025436,False,0.6316878925025436,0.6316878925025436,0.6247691851391269,0.010631221687336588,0.6507913734559734,0.6507913734559734
2026-05-06,cv_2,all,q_operating_margin,0.6316878925025436,False,0.6316878925025436,0.6316878925025436,0.6247691851391269,0.010631221687336588,0.6507913734559734,0.6507913734559734
2026-05-07,cv_2,all,q_operating_margin,0.6316878925025436,False,0.6316878925025436,0.6316878925025436,0.6247691851391269,0.010631221687336588,0.6507913734559734,0.6507913734559734
2026-04-02,cv_2,all,q_net_margin,0.5597656387046978,False,0.5597656387046978,0.5597656387046978,0.5614006545458371,0.0025123502059603195,-0.6507913734559847,0.6507913734559847
2026-04-06,cv_2,all,q_net_margin,0.5597656387046978,False,0.5597656387046978,0.5597656387046978,0.5614006545458371,0.0025123502059603195,-0.6507913734559847,0.6507913734559847
2026-04-07,cv_2,all,q_net_margin,0.5597656387046978,False,0.5597656387046978,0.5597656387046978,0.5614006545458371,0.0025123502059603195,-0.6507913734559847,0.6507913734559847
2026-04-08,cv_2,all,q_net_margin,0.5597656387046978,False,0.5597656387046978,0.5597656387046978,0.5614006545458371,0.0025123502059603195,-0.6507913734559847,0.6507913734559847
2026-04-09,cv_2,all,q_net_margin,0.5597656387046978,False,0.5597656387046978,0.5597656387046978,0.5614006545458371,0.0025123502059603195,-0.6507913734559847,0.6507913734559847
2026-04-10,cv_2,all,q_net_margin,0.5597656387046978,False,0.5597656387046978,0.5597656387046978,0.5614006545458371,0.0025123502059603195,-0.6507913734559847,0.6507913734559847
2026-04-13,cv_2,all,q_net_margin,0.5597656387046978,False,0.5597656387046978,0.5597656387046978,0.5614006545458371,0.0025123502059603195,-0.6507913734559847,0.6507913734559847
2026-04-14,cv_2,all,q_net_margin,0.5597656387046978,False,0.5597656387046978,0.5597656387046978,0.5614006545458371,0.0025123502059603195,-0.6507913734559847,0.6507913734559847
2026-04-15,cv_2,all,q_net_margin,0.5597656387046978,False,0.5597656387046978,0.5597656387046978,0.5614006545458371,0.0025123502059603195,-0.6507913734559847,0.6507913734559847
2026-04-16,cv_2,all,q_net_margin,0.5597656387046978,False,0.5597656387046978,0.5597656387046978,0.5614006545458371,0.0025123502059603195,-0.6507913734559847,0.6507913734559847
2026-04-17,cv_2,all,q_net_margin,0.5597656387046978,False,0.5597656387046978,0.5597656387046978,0.5614006545458371,0.0025123502059603195,-0.6507913734559847,0.6507913734559847
2026-04-20,cv_2,all,q_net_margin,0.5597656387046978,False,0.5597656387046978,0.5597656387046978,0.5614006545458371,0.0025123502059603195,-0.6507913734559847,0.6507913734559847
2026-04-21,cv_2,all,q_net_margin,0.5597656387046978,False,0.5597656387046978,0.5597656387046978,0.5614006545458371,0.0025123502059603195,-0.6507913734559847,0.6507913734559847
2026-04-22,cv_2,all,q_net_margin,0.5597656387046978,False,0.5597656387046978,0.5597656387046978,0.5614006545458371,0.0025123502059603195,-0.6507913734559847,0.6507913734559847
2026-04-23,cv_2,all,q_net_margin,0.5597656387046978,False,0.5597656387046978,0.5597656387046978,0.5614006545458371,0.0025123502059603195,-0.6507913734559847,0.6507913734559847
2026-04-24,cv_2,all,q_net_margin,0.5597656387046978,False,0.5597656387046978,0.5597656387046978,0.5614006545458371,0.0025123502059603195,-0.6507913734559847,0.6507913734559847
2026-04-27,cv_2,all,q_net_margin,0.5597656387046978,False,0.5597656387046978,0.5597656387046978,0.5614006545458371,0.0025123502059603195,-0.6507913734559847,0.6507913734559847
2026-04-28,cv_2,all,q_net_margin,0.5597656387046978,False,0.5597656387046978,0.5597656387046978,0.5614006545458371,0.0025123502059603195,-0.6507913734559847,0.6507913734559847
2026-04-29,cv_2,all,q_net_margin,0.5597656387046978,False,0.5597656387046978,0.5597656387046978,0.5614006545458371,0.0025123502059603195,-0.6507913734559847,0.6507913734559847
2026-04-30,cv_2,all,q_net_margin,0.5597656387046978,False,0.5597656387046978,0.5597656387046978,0.5614006545458371,0.0025123502059603195,-0.6507913734559847,0.6507913734559847
2026-05-01,cv_2,all,q_net_margin,0.5597656387046978,False,0.5597656387046978,0.5597656387046978,0.5614006545458371,0.0025123502059603195,-0.6507913734559847,0.6507913734559847
2026-05-04,cv_2,all,q_net_margin,0.5597656387046978,False,0.5597656387046978,0.5597656387046978,0.5614006545458371,0.0025123502059603195,-0.6507913734559847,0.6507913734559847
2026-05-05,cv_2,all,q_net_margin,0.5597656387046978,False,0.5597656387046978,0.5597656387046978,0.5614006545458371,0.0025123502059603195,-0.6507913734559847,0.6507913734559847
2026-05-06,cv_2,all,q_net_margin,0.5597656387046978,False,0.5597656387046978,0.5597656387046978,0.5614006545458371,0.0025123502059603195,-0.6507913734559847,0.6507913734559847
2026-05-07,cv_2,all,q_net_margin,0.5597656387046978,False,0.5597656387046978,0.5597656387046978,0.5614006545458371,0.0025123502059603195,-0.6507913734559847,0.6507913734559847
2026-04-02,cv_2,all,q_rd_to_revenue,0.0825351717363084,False,0.0825351717363084,0.0825351717363084,0.0852916024655961,0.004235505942019376,-0.650791373455968,0.650791373455968
2026-04-06,cv_2,all,q_rd_to_revenue,0.0825351717363084,False,0.0825351717363084,0.0825351717363084,0.0852916024655961,0.004235505942019376,-0.650791373455968,0.650791373455968
2026-04-07,cv_2,all,q_rd_to_revenue,0.0825351717363084,False,0.0825351717363084,0.0825351717363084,0.0852916024655961,0.004235505942019376,-0.650791373455968,0.650791373455968
2026-04-08,cv_2,all,q_rd_to_revenue,0.0825351717363084,False,0.0825351717363084,0.0825351717363084,0.0852916024655961,0.004235505942019376,-0.650791373455968,0.650791373455968
2026-04-09,cv_2,all,q_rd_to_revenue,0.0825351717363084,False,0.0825351717363084,0.0825351717363084,0.0852916024655961,0.004235505942019376,-0.650791373455968,0.650791373455968
2026-04-10,cv_2,all,q_rd_to_revenue,0.0825351717363084,False,0.0825351717363084,0.0825351717363084,0.0852916024655961,0.004235505942019376,-0.650791373455968,0.650791373455968
2026-04-13,cv_2,all,q_rd_to_revenue,0.0825351717363084,False,0.0825351717363084,0.0825351717363084,0.0852916024655961,0.004235505942019376,-0.650791373455968,0.650791373455968
2026-04-14,cv_2,all,q_rd_to_revenue,0.0825351717363084,False,0.0825351717363084,0.0825351717363084,0.0852916024655961,0.004235505942019376,-0.650791373455968,0.650791373455968
2026-04-15,cv_2,all,q_rd_to_revenue,0.0825351717363084,False,0.0825351717363084,0.0825351717363084,0.0852916024655961,0.004235505942019376,-0.650791373455968,0.650791373455968
2026-04-16,cv_2,all,q_rd_to_revenue,0.0825351717363084,False,0.0825351717363084,0.0825351717363084,0.0852916024655961,0.004235505942019376,-0.650791373455968,0.650791373455968
2026-04-17,cv_2,all,q_rd_to_revenue,0.0825351717363084,False,0.0825351717363084,0.0825351717363084,0.0852916024655961,0.004235505942019376,-0.650791373455968,0.650791373455968
2026-04-20,cv_2,all,q_rd_to_revenue,0.0825351717363084,False,0.0825351717363084,0.0825351717363084,0.0852916024655961,0.004235505942019376,-0.650791373455968,0.650791373455968
2026-04-21,cv_2,all,q_rd_to_revenue,0.0825351717363084,False,0.0825351717363084,0.0825351717363084,0.0852916024655961,0.004235505942019376,-0.650791373455968,0.650791373455968
2026-04-22,cv_2,all,q_rd_to_revenue,0.0825351717363084,False,0.0825351717363084,0.0825351717363084,0.0852916024655961,0.004235505942019376,-0.650791373455968,0.650791373455968
2026-04-23,cv_2,all,q_rd_to_revenue,0.0825351717363084,False,0.0825351717363084,0.0825351717363084,0.0852916024655961,0.004235505942019376,-0.650791373455968,0.650791373455968
2026-04-24,cv_2,all,q_rd_to_revenue,0.0825351717363084,False,0.0825351717363084,0.0825351717363084,0.0852916024655961,0.004235505942019376,-0.650791373455968,0.650791373455968
2026-04-27,cv_2,all,q_rd_to_revenue,0.0825351717363084,False,0.0825351717363084,0.0825351717363084,0.0852916024655961,0.004235505942019376,-0.650791373455968,0.650791373455968
2026-04-28,cv_2,all,q_rd_to_revenue,0.0825351717363084,False,0.0825351717363084,0.0825351717363084,0.0852916024655961,0.004235505942019376,-0.650791373455968,0.650791373455968
2026-04-29,cv_2,all,q_rd_to_revenue,0.0825351717363084,False,0.0825351717363084,0.0825351717363084,0.0852916024655961,0.004235505942019376,-0.650791373455968,0.650791373455968
2026-04-30,cv_2,all,q_rd_to_revenue,0.0825351717363084,False,0.0825351717363084,0.0825351717363084,0.0852916024655961,0.004235505942019376,-0.650791373455968,0.650791373455968
2026-05-01,cv_2,all,q_rd_to_revenue,0.0825351717363084,False,0.0825351717363084,0.0825351717363084,0.0852916024655961,0.004235505942019376,-0.650791373455968,0.650791373455968
2026-05-04,cv_2,all,q_rd_to_revenue,0.0825351717363084,False,0.0825351717363084,0.0825351717363084,0.0852916024655961,0.004235505942019376,-0.650791373455968,0.650791373455968
2026-05-05,cv_2,all,q_rd_to_revenue,0.0825351717363084,False,0.0825351717363084,0.0825351717363084,0.0852916024655961,0.004235505942019376,-0.650791373455968,0.650791373455968
2026-05-06,cv_2,all,q_rd_to_revenue,0.0825351717363084,False,0.0825351717363084,0.0825351717363084,0.0852916024655961,0.004235505942019376,-0.650791373455968,0.650791373455968
2026-05-07,cv_2,all,q_rd_to_revenue,0.0825351717363084,False,0.0825351717363084,0.0825351717363084,0.0852916024655961,0.004235505942019376,-0.650791373455968,0.650791373455968
2026-04-02,cv_2,all,q_sga_to_revenue,0.0198926428796968,False,0.0198926428796968,0.0198926428796968,0.02111573581100694,0.001879393275935765,-0.6507913734559633,0.6507913734559633
2026-04-06,cv_2,all,q_sga_to_revenue,0.0198926428796968,False,0.0198926428796968,0.0198926428796968,0.02111573581100694,0.001879393275935765,-0.6507913734559633,0.6507913734559633
2026-04-07,cv_2,all,q_sga_to_revenue,0.0198926428796968,False,0.0198926428796968,0.0198926428796968,0.02111573581100694,0.001879393275935765,-0.6507913734559633,0.6507913734559633
2026-04-08,cv_2,all,q_sga_to_revenue,0.0198926428796968,False,0.0198926428796968,0.0198926428796968,0.02111573581100694,0.001879393275935765,-0.6507913734559633,0.6507913734559633
2026-04-09,cv_2,all,q_sga_to_revenue,0.0198926428796968,False,0.0198926428796968,0.0198926428796968,0.02111573581100694,0.001879393275935765,-0.6507913734559633,0.6507913734559633
2026-04-10,cv_2,all,q_sga_to_revenue,0.0198926428796968,False,0.0198926428796968,0.0198926428796968,0.02111573581100694,0.001879393275935765,-0.6507913734559633,0.6507913734559633
2026-04-13,cv_2,all,q_sga_to_revenue,0.0198926428796968,False,0.0198926428796968,0.0198926428796968,0.02111573581100694,0.001879393275935765,-0.6507913734559633,0.6507913734559633
2026-04-14,cv_2,all,q_sga_to_revenue,0.0198926428796968,False,0.0198926428796968,0.0198926428796968,0.02111573581100694,0.001879393275935765,-0.6507913734559633,0.6507913734559633
2026-04-15,cv_2,all,q_sga_to_revenue,0.0198926428796968,False,0.0198926428796968,0.0198926428796968,0.02111573581100694,0.001879393275935765,-0.6507913734559633,0.6507913734559633
2026-04-16,cv_2,all,q_sga_to_revenue,0.0198926428796968,False,0.0198926428796968,0.0198926428796968,0.02111573581100694,0.001879393275935765,-0.6507913734559633,0.6507913734559633
2026-04-17,cv_2,all,q_sga_to_revenue,0.0198926428796968,False,0.0198926428796968,0.0198926428796968,0.02111573581100694,0.001879393275935765,-0.6507913734559633,0.6507913734559633
2026-04-20,cv_2,all,q_sga_to_revenue,0.0198926428796968,False,0.0198926428796968,0.0198926428796968,0.02111573581100694,0.001879393275935765,-0.6507913734559633,0.6507913734559633
2026-04-21,cv_2,all,q_sga_to_revenue,0.0198926428796968,False,0.0198926428796968,0.0198926428796968,0.02111573581100694,0.001879393275935765,-0.6507913734559633,0.6507913734559633
2026-04-22,cv_2,all,q_sga_to_revenue,0.0198926428796968,False,0.0198926428796968,0.0198926428796968,0.02111573581100694,0.001879393275935765,-0.6507913734559633,0.6507913734559633
2026-04-23,cv_2,all,q_sga_to_revenue,0.0198926428796968,False,0.0198926428796968,0.0198926428796968,0.02111573581100694,0.001879393275935765,-0.6507913734559633,0.6507913734559633
2026-04-24,cv_2,all,q_sga_to_revenue,0.0198926428796968,False,0.0198926428796968,0.0198926428796968,0.02111573581100694,0.001879393275935765,-0.6507913734559633,0.6507913734559633
2026-04-27,cv_2,all,q_sga_to_revenue,0.0198926428796968,False,0.0198926428796968,0.0198926428796968,0.02111573581100694,0.001879393275935765,-0.6507913734559633,0.6507913734559633
2026-04-28,cv_2,all,q_sga_to_revenue,0.0198926428796968,False,0.0198926428796968,0.0198926428796968,0.02111573581100694,0.001879393275935765,-0.6507913734559633,0.6507913734559633
2026-04-29,cv_2,all,q_sga_to_revenue,0.0198926428796968,False,0.0198926428796968,0.0198926428796968,0.02111573581100694,0.001879393275935765,-0.6507913734559633,0.6507913734559633
2026-04-30,cv_2,all,q_sga_to_revenue,0.0198926428796968,False,0.0198926428796968,0.0198926428796968,0.02111573581100694,0.001879393275935765,-0.6507913734559633,0.6507913734559633
2026-05-01,cv_2,all,q_sga_to_revenue,0.0198926428796968,False,0.0198926428796968,0.0198926428796968,0.02111573581100694,0.001879393275935765,-0.6507913734559633,0.6507913734559633
2026-05-04,cv_2,all,q_sga_to_revenue,0.0198926428796968,False,0.0198926428796968,0.0198926428796968,0.02111573581100694,0.001879393275935765,-0.6507913734559633,0.6507913734559633
2026-05-05,cv_2,all,q_sga_to_revenue,0.0198926428796968,False,0.0198926428796968,0.0198926428796968,0.02111573581100694,0.001879393275935765,-0.6507913734559633,0.6507913734559633
2026-05-06,cv_2,all,q_sga_to_revenue,0.0198926428796968,False,0.0198926428796968,0.0198926428796968,0.02111573581100694,0.001879393275935765,-0.6507913734559633,0.6507913734559633
2026-05-07,cv_2,all,q_sga_to_revenue,0.0198926428796968,False,0.0198926428796968,0.0198926428796968,0.02111573581100694,0.001879393275935765,-0.6507913734559633,0.6507913734559633
2026-04-02,cv_2,all,q_revenue_growth_yoy,0.6249358645459211,False,0.6249358645459211,0.6249358645459211,0.604433547702665,0.03150367026898404,0.6507913734559688,0.6507913734559688
2026-04-06,cv_2,all,q_revenue_growth_yoy,0.6249358645459211,False,0.6249358645459211,0.6249358645459211,0.604433547702665,0.03150367026898404,0.6507913734559688,0.6507913734559688
2026-04-07,cv_2,all,q_revenue_growth_yoy,0.6249358645459211,False,0.6249358645459211,0.6249358645459211,0.604433547702665,0.03150367026898404,0.6507913734559688,0.6507913734559688
2026-04-08,cv_2,all,q_revenue_growth_yoy,0.6249358645459211,False,0.6249358645459211,0.6249358645459211,0.604433547702665,0.03150367026898404,0.6507913734559688,0.6507913734559688
2026-04-09,cv_2,all,q_revenue_growth_yoy,0.6249358645459211,False,0.6249358645459211,0.6249358645459211,0.604433547702665,0.03150367026898404,0.6507913734559688,0.6507913734559688
2026-04-10,cv_2,all,q_revenue_growth_yoy,0.6249358645459211,False,0.6249358645459211,0.6249358645459211,0.604433547702665,0.03150367026898404,0.6507913734559688,0.6507913734559688
2026-04-13,cv_2,all,q_revenue_growth_yoy,0.6249358645459211,False,0.6249358645459211,0.6249358645459211,0.604433547702665,0.03150367026898404,0.6507913734559688,0.6507913734559688
2026-04-14,cv_2,all,q_revenue_growth_yoy,0.6249358645459211,False,0.6249358645459211,0.6249358645459211,0.604433547702665,0.03150367026898404,0.6507913734559688,0.6507913734559688
2026-04-15,cv_2,all,q_revenue_growth_yoy,0.6249358645459211,False,0.6249358645459211,0.6249358645459211,0.604433547702665,0.03150367026898404,0.6507913734559688,0.6507913734559688
2026-04-16,cv_2,all,q_revenue_growth_yoy,0.6249358645459211,False,0.6249358645459211,0.6249358645459211,0.604433547702665,0.03150367026898404,0.6507913734559688,0.6507913734559688
2026-04-17,cv_2,all,q_revenue_growth_yoy,0.6249358645459211,False,0.6249358645459211,0.6249358645459211,0.604433547702665,0.03150367026898404,0.6507913734559688,0.6507913734559688
2026-04-20,cv_2,all,q_revenue_growth_yoy,0.6249358645459211,False,0.6249358645459211,0.6249358645459211,0.604433547702665,0.03150367026898404,0.6507913734559688,0.6507913734559688
2026-04-21,cv_2,all,q_revenue_growth_yoy,0.6249358645459211,False,0.6249358645459211,0.6249358645459211,0.604433547702665,0.03150367026898404,0.6507913734559688,0.6507913734559688
2026-04-22,cv_2,all,q_revenue_growth_yoy,0.6249358645459211,False,0.6249358645459211,0.6249358645459211,0.604433547702665,0.03150367026898404,0.6507913734559688,0.6507913734559688
2026-04-23,cv_2,all,q_revenue_growth_yoy,0.6249358645459211,False,0.6249358645459211,0.6249358645459211,0.604433547702665,0.03150367026898404,0.6507913734559688,0.6507913734559688
2026-04-24,cv_2,all,q_revenue_growth_yoy,0.6249358645459211,False,0.6249358645459211,0.6249358645459211,0.604433547702665,0.03150367026898404,0.6507913734559688,0.6507913734559688
2026-04-27,cv_2,all,q_revenue_growth_yoy,0.6249358645459211,False,0.6249358645459211,0.6249358645459211,0.604433547702665,0.03150367026898404,0.6507913734559688,0.6507913734559688
2026-04-28,cv_2,all,q_revenue_growth_yoy,0.6249358645459211,False,0.6249358645459211,0.6249358645459211,0.604433547702665,0.03150367026898404,0.6507913734559688,0.6507913734559688
2026-04-29,cv_2,all,q_revenue_growth_yoy,0.6249358645459211,False,0.6249358645459211,0.6249358645459211,0.604433547702665,0.03150367026898404,0.6507913734559688,0.6507913734559688
2026-04-30,cv_2,all,q_revenue_growth_yoy,0.6249358645459211,False,0.6249358645459211,0.6249358645459211,0.604433547702665,0.03150367026898404,0.6507913734559688,0.6507913734559688
2026-05-01,cv_2,all,q_revenue_growth_yoy,0.6249358645459211,False,0.6249358645459211,0.6249358645459211,0.604433547702665,0.03150367026898404,0.6507913734559688,0.6507913734559688
2026-05-04,cv_2,all,q_revenue_growth_yoy,0.6249358645459211,False,0.6249358645459211,0.6249358645459211,0.604433547702665,0.03150367026898404,0.6507913734559688,0.6507913734559688
2026-05-05,cv_2,all,q_revenue_growth_yoy,0.6249358645459211,False,0.6249358645459211,0.6249358645459211,0.604433547702665,0.03150367026898404,0.6507913734559688,0.6507913734559688
2026-05-06,cv_2,all,q_revenue_growth_yoy,0.6249358645459211,False,0.6249358645459211,0.6249358645459211,0.604433547702665,0.03150367026898404,0.6507913734559688,0.6507913734559688
2026-05-07,cv_2,all,q_revenue_growth_yoy,0.6249358645459211,False,0.6249358645459211,0.6249358645459211,0.604433547702665,0.03150367026898404,0.6507913734559688,0.6507913734559688
2026-04-02,cv_2,all,q_gross_profit_growth_yoy,0.5999770607126471,False,0.5999770607126471,0.5999770607126471,0.5701263811599319,0.04586827786944388,0.6507913734559656,0.6507913734559656
2026-04-06,cv_2,all,q_gross_profit_growth_yoy,0.5999770607126471,False,0.5999770607126471,0.5999770607126471,0.5701263811599319,0.04586827786944388,0.6507913734559656,0.6507913734559656
2026-04-07,cv_2,all,q_gross_profit_growth_yoy,0.5999770607126471,False,0.5999770607126471,0.5999770607126471,0.5701263811599319,0.04586827786944388,0.6507913734559656,0.6507913734559656
2026-04-08,cv_2,all,q_gross_profit_growth_yoy,0.5999770607126471,False,0.5999770607126471,0.5999770607126471,0.5701263811599319,0.04586827786944388,0.6507913734559656,0.6507913734559656
2026-04-09,cv_2,all,q_gross_profit_growth_yoy,0.5999770607126471,False,0.5999770607126471,0.5999770607126471,0.5701263811599319,0.04586827786944388,0.6507913734559656,0.6507913734559656
2026-04-10,cv_2,all,q_gross_profit_growth_yoy,0.5999770607126471,False,0.5999770607126471,0.5999770607126471,0.5701263811599319,0.04586827786944388,0.6507913734559656,0.6507913734559656
2026-04-13,cv_2,all,q_gross_profit_growth_yoy,0.5999770607126471,False,0.5999770607126471,0.5999770607126471,0.5701263811599319,0.04586827786944388,0.6507913734559656,0.6507913734559656
2026-04-14,cv_2,all,q_gross_profit_growth_yoy,0.5999770607126471,False,0.5999770607126471,0.5999770607126471,0.5701263811599319,0.04586827786944388,0.6507913734559656,0.6507913734559656
2026-04-15,cv_2,all,q_gross_profit_growth_yoy,0.5999770607126471,False,0.5999770607126471,0.5999770607126471,0.5701263811599319,0.04586827786944388,0.6507913734559656,0.6507913734559656
2026-04-16,cv_2,all,q_gross_profit_growth_yoy,0.5999770607126471,False,0.5999770607126471,0.5999770607126471,0.5701263811599319,0.04586827786944388,0.6507913734559656,0.6507913734559656
2026-04-17,cv_2,all,q_gross_profit_growth_yoy,0.5999770607126471,False,0.5999770607126471,0.5999770607126471,0.5701263811599319,0.04586827786944388,0.6507913734559656,0.6507913734559656
2026-04-20,cv_2,all,q_gross_profit_growth_yoy,0.5999770607126471,False,0.5999770607126471,0.5999770607126471,0.5701263811599319,0.04586827786944388,0.6507913734559656,0.6507913734559656
2026-04-21,cv_2,all,q_gross_profit_growth_yoy,0.5999770607126471,False,0.5999770607126471,0.5999770607126471,0.5701263811599319,0.04586827786944388,0.6507913734559656,0.6507913734559656
2026-04-22,cv_2,all,q_gross_profit_growth_yoy,0.5999770607126471,False,0.5999770607126471,0.5999770607126471,0.5701263811599319,0.04586827786944388,0.6507913734559656,0.6507913734559656
2026-04-23,cv_2,all,q_gross_profit_growth_yoy,0.5999770607126471,False,0.5999770607126471,0.5999770607126471,0.5701263811599319,0.04586827786944388,0.6507913734559656,0.6507913734559656
2026-04-24,cv_2,all,q_gross_profit_growth_yoy,0.5999770607126471,False,0.5999770607126471,0.5999770607126471,0.5701263811599319,0.04586827786944388,0.6507913734559656,0.6507913734559656
2026-04-27,cv_2,all,q_gross_profit_growth_yoy,0.5999770607126471,False,0.5999770607126471,0.5999770607126471,0.5701263811599319,0.04586827786944388,0.6507913734559656,0.6507913734559656
2026-04-28,cv_2,all,q_gross_profit_growth_yoy,0.5999770607126471,False,0.5999770607126471,0.5999770607126471,0.5701263811599319,0.04586827786944388,0.6507913734559656,0.6507913734559656
2026-04-29,cv_2,all,q_gross_profit_growth_yoy,0.5999770607126471,False,0.5999770607126471,0.5999770607126471,0.5701263811599319,0.04586827786944388,0.6507913734559656,0.6507913734559656
2026-04-30,cv_2,all,q_gross_profit_growth_yoy,0.5999770607126471,False,0.5999770607126471,0.5999770607126471,0.5701263811599319,0.04586827786944388,0.6507913734559656,0.6507913734559656
2026-05-01,cv_2,all,q_gross_profit_growth_yoy,0.5999770607126471,False,0.5999770607126471,0.5999770607126471,0.5701263811599319,0.04586827786944388,0.6507913734559656,0.6507913734559656
2026-05-04,cv_2,all,q_gross_profit_growth_yoy,0.5999770607126471,False,0.5999770607126471,0.5999770607126471,0.5701263811599319,0.04586827786944388,0.6507913734559656,0.6507913734559656
2026-05-05,cv_2,all,q_gross_profit_growth_yoy,0.5999770607126471,False,0.5999770607126471,0.5999770607126471,0.5701263811599319,0.04586827786944388,0.6507913734559656,0.6507913734559656
2026-05-06,cv_2,all,q_gross_profit_growth_yoy,0.5999770607126471,False,0.5999770607126471,0.5999770607126471,0.5701263811599319,0.04586827786944388,0.6507913734559656,0.6507913734559656
2026-05-07,cv_2,all,q_gross_profit_growth_yoy,0.5999770607126471,False,0.5999770607126471,0.5999770607126471,0.5701263811599319,0.04586827786944388,0.6507913734559656,0.6507913734559656
2026-04-02,cv_2,all,q_operating_income_growth_yoy,0.6466230737573735,False,0.6466230737573735,0.6466230737573735,0.6106124551172201,0.055333583247918955,0.6507913734559699,0.6507913734559699
2026-04-06,cv_2,all,q_operating_income_growth_yoy,0.6466230737573735,False,0.6466230737573735,0.6466230737573735,0.6106124551172201,0.055333583247918955,0.6507913734559699,0.6507913734559699
2026-04-07,cv_2,all,q_operating_income_growth_yoy,0.6466230737573735,False,0.6466230737573735,0.6466230737573735,0.6106124551172201,0.055333583247918955,0.6507913734559699,0.6507913734559699
2026-04-08,cv_2,all,q_operating_income_growth_yoy,0.6466230737573735,False,0.6466230737573735,0.6466230737573735,0.6106124551172201,0.055333583247918955,0.6507913734559699,0.6507913734559699
2026-04-09,cv_2,all,q_operating_income_growth_yoy,0.6466230737573735,False,0.6466230737573735,0.6466230737573735,0.6106124551172201,0.055333583247918955,0.6507913734559699,0.6507913734559699
2026-04-10,cv_2,all,q_operating_income_growth_yoy,0.6466230737573735,False,0.6466230737573735,0.6466230737573735,0.6106124551172201,0.055333583247918955,0.6507913734559699,0.6507913734559699
2026-04-13,cv_2,all,q_operating_income_growth_yoy,0.6466230737573735,False,0.6466230737573735,0.6466230737573735,0.6106124551172201,0.055333583247918955,0.6507913734559699,0.6507913734559699
2026-04-14,cv_2,all,q_operating_income_growth_yoy,0.6466230737573735,False,0.6466230737573735,0.6466230737573735,0.6106124551172201,0.055333583247918955,0.6507913734559699,0.6507913734559699
2026-04-15,cv_2,all,q_operating_income_growth_yoy,0.6466230737573735,False,0.6466230737573735,0.6466230737573735,0.6106124551172201,0.055333583247918955,0.6507913734559699,0.6507913734559699
2026-04-16,cv_2,all,q_operating_income_growth_yoy,0.6466230737573735,False,0.6466230737573735,0.6466230737573735,0.6106124551172201,0.055333583247918955,0.6507913734559699,0.6507913734559699
2026-04-17,cv_2,all,q_operating_income_growth_yoy,0.6466230737573735,False,0.6466230737573735,0.6466230737573735,0.6106124551172201,0.055333583247918955,0.6507913734559699,0.6507913734559699
2026-04-20,cv_2,all,q_operating_income_growth_yoy,0.6466230737573735,False,0.6466230737573735,0.6466230737573735,0.6106124551172201,0.055333583247918955,0.6507913734559699,0.6507913734559699
2026-04-21,cv_2,all,q_operating_income_growth_yoy,0.6466230737573735,False,0.6466230737573735,0.6466230737573735,0.6106124551172201,0.055333583247918955,0.6507913734559699,0.6507913734559699
2026-04-22,cv_2,all,q_operating_income_growth_yoy,0.6466230737573735,False,0.6466230737573735,0.6466230737573735,0.6106124551172201,0.055333583247918955,0.6507913734559699,0.6507913734559699
2026-04-23,cv_2,all,q_operating_income_growth_yoy,0.6466230737573735,False,0.6466230737573735,0.6466230737573735,0.6106124551172201,0.055333583247918955,0.6507913734559699,0.6507913734559699
2026-04-24,cv_2,all,q_operating_income_growth_yoy,0.6466230737573735,False,0.6466230737573735,0.6466230737573735,0.6106124551172201,0.055333583247918955,0.6507913734559699,0.6507913734559699
2026-04-27,cv_2,all,q_operating_income_growth_yoy,0.6466230737573735,False,0.6466230737573735,0.6466230737573735,0.6106124551172201,0.055333583247918955,0.6507913734559699,0.6507913734559699
2026-04-28,cv_2,all,q_operating_income_growth_yoy,0.6466230737573735,False,0.6466230737573735,0.6466230737573735,0.6106124551172201,0.055333583247918955,0.6507913734559699,0.6507913734559699
2026-04-29,cv_2,all,q_operating_income_growth_yoy,0.6466230737573735,False,0.6466230737573735,0.6466230737573735,0.6106124551172201,0.055333583247918955,0.6507913734559699,0.6507913734559699
2026-04-30,cv_2,all,q_operating_income_growth_yoy,0.6466230737573735,False,0.6466230737573735,0.6466230737573735,0.6106124551172201,0.055333583247918955,0.6507913734559699,0.6507913734559699
2026-05-01,cv_2,all,q_operating_income_growth_yoy,0.6466230737573735,False,0.6466230737573735,0.6466230737573735,0.6106124551172201,0.055333583247918955,0.6507913734559699,0.6507913734559699
2026-05-04,cv_2,all,q_operating_income_growth_yoy,0.6466230737573735,False,0.6466230737573735,0.6466230737573735,0.6106124551172201,0.055333583247918955,0.6507913734559699,0.6507913734559699
2026-05-05,cv_2,all,q_operating_income_growth_yoy,0.6466230737573735,False,0.6466230737573735,0.6466230737573735,0.6106124551172201,0.055333583247918955,0.6507913734559699,0.6507913734559699
2026-05-06,cv_2,all,q_operating_income_growth_yoy,0.6466230737573735,False,0.6466230737573735,0.6466230737573735,0.6106124551172201,0.055333583247918955,0.6507913734559699,0.6507913734559699
2026-05-07,cv_2,all,q_operating_income_growth_yoy,0.6466230737573735,False,0.6466230737573735,0.6466230737573735,0.6106124551172201,0.055333583247918955,0.6507913734559699,0.6507913734559699
2026-04-02,cv_2,all,q_net_income_growth_yoy,0.6525972344502564,False,0.6525972344502564,0.6525972344502564,0.6345036353600827,0.027802456867381836,0.6507913734559674,0.6507913734559674
2026-04-06,cv_2,all,q_net_income_growth_yoy,0.6525972344502564,False,0.6525972344502564,0.6525972344502564,0.6345036353600827,0.027802456867381836,0.6507913734559674,0.6507913734559674
2026-04-07,cv_2,all,q_net_income_growth_yoy,0.6525972344502564,False,0.6525972344502564,0.6525972344502564,0.6345036353600827,0.027802456867381836,0.6507913734559674,0.6507913734559674
2026-04-08,cv_2,all,q_net_income_growth_yoy,0.6525972344502564,False,0.6525972344502564,0.6525972344502564,0.6345036353600827,0.027802456867381836,0.6507913734559674,0.6507913734559674
2026-04-09,cv_2,all,q_net_income_growth_yoy,0.6525972344502564,False,0.6525972344502564,0.6525972344502564,0.6345036353600827,0.027802456867381836,0.6507913734559674,0.6507913734559674
2026-04-10,cv_2,all,q_net_income_growth_yoy,0.6525972344502564,False,0.6525972344502564,0.6525972344502564,0.6345036353600827,0.027802456867381836,0.6507913734559674,0.6507913734559674
2026-04-13,cv_2,all,q_net_income_growth_yoy,0.6525972344502564,False,0.6525972344502564,0.6525972344502564,0.6345036353600827,0.027802456867381836,0.6507913734559674,0.6507913734559674
2026-04-14,cv_2,all,q_net_income_growth_yoy,0.6525972344502564,False,0.6525972344502564,0.6525972344502564,0.6345036353600827,0.027802456867381836,0.6507913734559674,0.6507913734559674
2026-04-15,cv_2,all,q_net_income_growth_yoy,0.6525972344502564,False,0.6525972344502564,0.6525972344502564,0.6345036353600827,0.027802456867381836,0.6507913734559674,0.6507913734559674
2026-04-16,cv_2,all,q_net_income_growth_yoy,0.6525972344502564,False,0.6525972344502564,0.6525972344502564,0.6345036353600827,0.027802456867381836,0.6507913734559674,0.6507913734559674
2026-04-17,cv_2,all,q_net_income_growth_yoy,0.6525972344502564,False,0.6525972344502564,0.6525972344502564,0.6345036353600827,0.027802456867381836,0.6507913734559674,0.6507913734559674
2026-04-20,cv_2,all,q_net_income_growth_yoy,0.6525972344502564,False,0.6525972344502564,0.6525972344502564,0.6345036353600827,0.027802456867381836,0.6507913734559674,0.6507913734559674
2026-04-21,cv_2,all,q_net_income_growth_yoy,0.6525972344502564,False,0.6525972344502564,0.6525972344502564,0.6345036353600827,0.027802456867381836,0.6507913734559674,0.6507913734559674
2026-04-22,cv_2,all,q_net_income_growth_yoy,0.6525972344502564,False,0.6525972344502564,0.6525972344502564,0.6345036353600827,0.027802456867381836,0.6507913734559674,0.6507913734559674
2026-04-23,cv_2,all,q_net_income_growth_yoy,0.6525972344502564,False,0.6525972344502564,0.6525972344502564,0.6345036353600827,0.027802456867381836,0.6507913734559674,0.6507913734559674
2026-04-24,cv_2,all,q_net_income_growth_yoy,0.6525972344502564,False,0.6525972344502564,0.6525972344502564,0.6345036353600827,0.027802456867381836,0.6507913734559674,0.6507913734559674
2026-04-27,cv_2,all,q_net_income_growth_yoy,0.6525972344502564,False,0.6525972344502564,0.6525972344502564,0.6345036353600827,0.027802456867381836,0.6507913734559674,0.6507913734559674
2026-04-28,cv_2,all,q_net_income_growth_yoy,0.6525972344502564,False,0.6525972344502564,0.6525972344502564,0.6345036353600827,0.027802456867381836,0.6507913734559674,0.6507913734559674
2026-04-29,cv_2,all,q_net_income_growth_yoy,0.6525972344502564,False,0.6525972344502564,0.6525972344502564,0.6345036353600827,0.027802456867381836,0.6507913734559674,0.6507913734559674
2026-04-30,cv_2,all,q_net_income_growth_yoy,0.6525972344502564,False,0.6525972344502564,0.6525972344502564,0.6345036353600827,0.027802456867381836,0.6507913734559674,0.6507913734559674
2026-05-01,cv_2,all,q_net_income_growth_yoy,0.6525972344502564,False,0.6525972344502564,0.6525972344502564,0.6345036353600827,0.027802456867381836,0.6507913734559674,0.6507913734559674
2026-05-04,cv_2,all,q_net_income_growth_yoy,0.6525972344502564,False,0.6525972344502564,0.6525972344502564,0.6345036353600827,0.027802456867381836,0.6507913734559674,0.6507913734559674
2026-05-05,cv_2,all,q_net_income_growth_yoy,0.6525972344502564,False,0.6525972344502564,0.6525972344502564,0.6345036353600827,0.027802456867381836,0.6507913734559674,0.6507913734559674
2026-05-06,cv_2,all,q_net_income_growth_yoy,0.6525972344502564,False,0.6525972344502564,0.6525972344502564,0.6345036353600827,0.027802456867381836,0.6507913734559674,0.6507913734559674
2026-05-07,cv_2,all,q_net_income_growth_yoy,0.6525972344502564,False,0.6525972344502564,0.6525972344502564,0.6345036353600827,0.027802456867381836,0.6507913734559674,0.6507913734559674
2026-04-02,cv_2,all,q_rd_growth_yoy,0.387905604719764,False,0.387905604719764,0.387905604719764,0.38813396207346007,0.00035089179575854173,-0.6507913734558324,0.6507913734558324
2026-04-06,cv_2,all,q_rd_growth_yoy,0.387905604719764,False,0.387905604719764,0.387905604719764,0.38813396207346007,0.00035089179575854173,-0.6507913734558324,0.6507913734558324
2026-04-07,cv_2,all,q_rd_growth_yoy,0.387905604719764,False,0.387905604719764,0.387905604719764,0.38813396207346007,0.00035089179575854173,-0.6507913734558324,0.6507913734558324
2026-04-08,cv_2,all,q_rd_growth_yoy,0.387905604719764,False,0.387905604719764,0.387905604719764,0.38813396207346007,0.00035089179575854173,-0.6507913734558324,0.6507913734558324
2026-04-09,cv_2,all,q_rd_growth_yoy,0.387905604719764,False,0.387905604719764,0.387905604719764,0.38813396207346007,0.00035089179575854173,-0.6507913734558324,0.6507913734558324
2026-04-10,cv_2,all,q_rd_growth_yoy,0.387905604719764,False,0.387905604719764,0.387905604719764,0.38813396207346007,0.00035089179575854173,-0.6507913734558324,0.6507913734558324
2026-04-13,cv_2,all,q_rd_growth_yoy,0.387905604719764,False,0.387905604719764,0.387905604719764,0.38813396207346007,0.00035089179575854173,-0.6507913734558324,0.6507913734558324
2026-04-14,cv_2,all,q_rd_growth_yoy,0.387905604719764,False,0.387905604719764,0.387905604719764,0.38813396207346007,0.00035089179575854173,-0.6507913734558324,0.6507913734558324
2026-04-15,cv_2,all,q_rd_growth_yoy,0.387905604719764,False,0.387905604719764,0.387905604719764,0.38813396207346007,0.00035089179575854173,-0.6507913734558324,0.6507913734558324
2026-04-16,cv_2,all,q_rd_growth_yoy,0.387905604719764,False,0.387905604719764,0.387905604719764,0.38813396207346007,0.00035089179575854173,-0.6507913734558324,0.6507913734558324
2026-04-17,cv_2,all,q_rd_growth_yoy,0.387905604719764,False,0.387905604719764,0.387905604719764,0.38813396207346007,0.00035089179575854173,-0.6507913734558324,0.6507913734558324
2026-04-20,cv_2,all,q_rd_growth_yoy,0.387905604719764,False,0.387905604719764,0.387905604719764,0.38813396207346007,0.00035089179575854173,-0.6507913734558324,0.6507913734558324
2026-04-21,cv_2,all,q_rd_growth_yoy,0.387905604719764,False,0.387905604719764,0.387905604719764,0.38813396207346007,0.00035089179575854173,-0.6507913734558324,0.6507913734558324
2026-04-22,cv_2,all,q_rd_growth_yoy,0.387905604719764,False,0.387905604719764,0.387905604719764,0.38813396207346007,0.00035089179575854173,-0.6507913734558324,0.6507913734558324
2026-04-23,cv_2,all,q_rd_growth_yoy,0.387905604719764,False,0.387905604719764,0.387905604719764,0.38813396207346007,0.00035089179575854173,-0.6507913734558324,0.6507913734558324
2026-04-24,cv_2,all,q_rd_growth_yoy,0.387905604719764,False,0.387905604719764,0.387905604719764,0.38813396207346007,0.00035089179575854173,-0.6507913734558324,0.6507913734558324
2026-04-27,cv_2,all,q_rd_growth_yoy,0.387905604719764,False,0.387905604719764,0.387905604719764,0.38813396207346007,0.00035089179575854173,-0.6507913734558324,0.6507913734558324
2026-04-28,cv_2,all,q_rd_growth_yoy,0.387905604719764,False,0.387905604719764,0.387905604719764,0.38813396207346007,0.00035089179575854173,-0.6507913734558324,0.6507913734558324
2026-04-29,cv_2,all,q_rd_growth_yoy,0.387905604719764,False,0.387905604719764,0.387905604719764,0.38813396207346007,0.00035089179575854173,-0.6507913734558324,0.6507913734558324
2026-04-30,cv_2,all,q_rd_growth_yoy,0.387905604719764,False,0.387905604719764,0.387905604719764,0.38813396207346007,0.00035089179575854173,-0.6507913734558324,0.6507913734558324
2026-05-01,cv_2,all,q_rd_growth_yoy,0.387905604719764,False,0.387905604719764,0.387905604719764,0.38813396207346007,0.00035089179575854173,-0.6507913734558324,0.6507913734558324
2026-05-04,cv_2,all,q_rd_growth_yoy,0.387905604719764,False,0.387905604719764,0.387905604719764,0.38813396207346007,0.00035089179575854173,-0.6507913734558324,0.6507913734558324
2026-05-05,cv_2,all,q_rd_growth_yoy,0.387905604719764,False,0.387905604719764,0.387905604719764,0.38813396207346007,0.00035089179575854173,-0.6507913734558324,0.6507913734558324
2026-05-06,cv_2,all,q_rd_growth_yoy,0.387905604719764,False,0.387905604719764,0.387905604719764,0.38813396207346007,0.00035089179575854173,-0.6507913734558324,0.6507913734558324
2026-05-07,cv_2,all,q_rd_growth_yoy,0.387905604719764,False,0.387905604719764,0.387905604719764,0.38813396207346007,0.00035089179575854173,-0.6507913734558324,0.6507913734558324
2026-04-02,cv_2,all,fy_gross_margin,0.7106808435754708,False,0.7106808435754708,0.7498869705816992,0.7434066190104217,0.014562778933333997,-2.24722050542442,2.24722050542442
2026-04-06,cv_2,all,fy_gross_margin,0.7106808435754708,False,0.7106808435754708,0.7498869705816992,0.7434066190104217,0.014562778933333997,-2.24722050542442,2.24722050542442
2026-04-07,cv_2,all,fy_gross_margin,0.7106808435754708,False,0.7106808435754708,0.7498869705816992,0.7434066190104217,0.014562778933333997,-2.24722050542442,2.24722050542442
2026-04-08,cv_2,all,fy_gross_margin,0.7106808435754708,False,0.7106808435754708,0.7498869705816992,0.7434066190104217,0.014562778933333997,-2.24722050542442,2.24722050542442
2026-04-09,cv_2,all,fy_gross_margin,0.7106808435754708,False,0.7106808435754708,0.7498869705816992,0.7434066190104217,0.014562778933333997,-2.24722050542442,2.24722050542442
2026-04-10,cv_2,all,fy_gross_margin,0.7106808435754708,False,0.7106808435754708,0.7498869705816992,0.7434066190104217,0.014562778933333997,-2.24722050542442,2.24722050542442
2026-04-13,cv_2,all,fy_gross_margin,0.7106808435754708,False,0.7106808435754708,0.7498869705816992,0.7434066190104217,0.014562778933333997,-2.24722050542442,2.24722050542442
2026-04-14,cv_2,all,fy_gross_margin,0.7106808435754708,False,0.7106808435754708,0.7498869705816992,0.7434066190104217,0.014562778933333997,-2.24722050542442,2.24722050542442
2026-04-15,cv_2,all,fy_gross_margin,0.7106808435754708,False,0.7106808435754708,0.7498869705816992,0.7434066190104217,0.014562778933333997,-2.24722050542442,2.24722050542442
2026-04-16,cv_2,all,fy_gross_margin,0.7106808435754708,False,0.7106808435754708,0.7498869705816992,0.7434066190104217,0.014562778933333997,-2.24722050542442,2.24722050542442
2026-04-17,cv_2,all,fy_gross_margin,0.7106808435754708,False,0.7106808435754708,0.7498869705816992,0.7434066190104217,0.014562778933333997,-2.24722050542442,2.24722050542442
2026-04-20,cv_2,all,fy_gross_margin,0.7106808435754708,False,0.7106808435754708,0.7498869705816992,0.7434066190104217,0.014562778933333997,-2.24722050542442,2.24722050542442
2026-04-21,cv_2,all,fy_gross_margin,0.7106808435754708,False,0.7106808435754708,0.7498869705816992,0.7434066190104217,0.014562778933333997,-2.24722050542442,2.24722050542442
2026-04-22,cv_2,all,fy_gross_margin,0.7106808435754708,False,0.7106808435754708,0.7498869705816992,0.7434066190104217,0.014562778933333997,-2.24722050542442,2.24722050542442
2026-04-23,cv_2,all,fy_gross_margin,0.7106808435754708,False,0.7106808435754708,0.7498869705816992,0.7434066190104217,0.014562778933333997,-2.24722050542442,2.24722050542442
2026-04-24,cv_2,all,fy_gross_margin,0.7106808435754708,False,0.7106808435754708,0.7498869705816992,0.7434066190104217,0.014562778933333997,-2.24722050542442,2.24722050542442
2026-04-27,cv_2,all,fy_gross_margin,0.7106808435754708,False,0.7106808435754708,0.7498869705816992,0.7434066190104217,0.014562778933333997,-2.24722050542442,2.24722050542442
2026-04-28,cv_2,all,fy_gross_margin,0.7106808435754708,False,0.7106808435754708,0.7498869705816992,0.7434066190104217,0.014562778933333997,-2.24722050542442,2.24722050542442
2026-04-29,cv_2,all,fy_gross_margin,0.7106808435754708,False,0.7106808435754708,0.7498869705816992,0.7434066190104217,0.014562778933333997,-2.24722050542442,2.24722050542442
2026-04-30,cv_2,all,fy_gross_margin,0.7106808435754708,False,0.7106808435754708,0.7498869705816992,0.7434066190104217,0.014562778933333997,-2.24722050542442,2.24722050542442
2026-05-01,cv_2,all,fy_gross_margin,0.7106808435754708,False,0.7106808435754708,0.7498869705816992,0.7434066190104217,0.014562778933333997,-2.24722050542442,2.24722050542442
2026-05-04,cv_2,all,fy_gross_margin,0.7106808435754708,False,0.7106808435754708,0.7498869705816992,0.7434066190104217,0.014562778933333997,-2.24722050542442,2.24722050542442
2026-05-05,cv_2,all,fy_gross_margin,0.7106808435754708,False,0.7106808435754708,0.7498869705816992,0.7434066190104217,0.014562778933333997,-2.24722050542442,2.24722050542442
2026-05-06,cv_2,all,fy_gross_margin,0.7106808435754708,False,0.7106808435754708,0.7498869705816992,0.7434066190104217,0.014562778933333997,-2.24722050542442,2.24722050542442
2026-05-07,cv_2,all,fy_gross_margin,0.7106808435754708,False,0.7106808435754708,0.7498869705816992,0.7434066190104217,0.014562778933333997,-2.24722050542442,2.24722050542442
2026-04-02,cv_2,all,fy_operating_margin,0.6038168363141272,False,0.6038168363141272,0.6241752683969747,0.6208102383006363,0.0075619646338620375,-2.2472205054244303,2.2472205054244303
2026-04-06,cv_2,all,fy_operating_margin,0.6038168363141272,False,0.6038168363141272,0.6241752683969747,0.6208102383006363,0.0075619646338620375,-2.2472205054244303,2.2472205054244303
2026-04-07,cv_2,all,fy_operating_margin,0.6038168363141272,False,0.6038168363141272,0.6241752683969747,0.6208102383006363,0.0075619646338620375,-2.2472205054244303,2.2472205054244303
2026-04-08,cv_2,all,fy_operating_margin,0.6038168363141272,False,0.6038168363141272,0.6241752683969747,0.6208102383006363,0.0075619646338620375,-2.2472205054244303,2.2472205054244303
2026-04-09,cv_2,all,fy_operating_margin,0.6038168363141272,False,0.6038168363141272,0.6241752683969747,0.6208102383006363,0.0075619646338620375,-2.2472205054244303,2.2472205054244303
2026-04-10,cv_2,all,fy_operating_margin,0.6038168363141272,False,0.6038168363141272,0.6241752683969747,0.6208102383006363,0.0075619646338620375,-2.2472205054244303,2.2472205054244303
2026-04-13,cv_2,all,fy_operating_margin,0.6038168363141272,False,0.6038168363141272,0.6241752683969747,0.6208102383006363,0.0075619646338620375,-2.2472205054244303,2.2472205054244303
2026-04-14,cv_2,all,fy_operating_margin,0.6038168363141272,False,0.6038168363141272,0.6241752683969747,0.6208102383006363,0.0075619646338620375,-2.2472205054244303,2.2472205054244303
2026-04-15,cv_2,all,fy_operating_margin,0.6038168363141272,False,0.6038168363141272,0.6241752683969747,0.6208102383006363,0.0075619646338620375,-2.2472205054244303,2.2472205054244303
2026-04-16,cv_2,all,fy_operating_margin,0.6038168363141272,False,0.6038168363141272,0.6241752683969747,0.6208102383006363,0.0075619646338620375,-2.2472205054244303,2.2472205054244303
2026-04-17,cv_2,all,fy_operating_margin,0.6038168363141272,False,0.6038168363141272,0.6241752683969747,0.6208102383006363,0.0075619646338620375,-2.2472205054244303,2.2472205054244303
2026-04-20,cv_2,all,fy_operating_margin,0.6038168363141272,False,0.6038168363141272,0.6241752683969747,0.6208102383006363,0.0075619646338620375,-2.2472205054244303,2.2472205054244303
2026-04-21,cv_2,all,fy_operating_margin,0.6038168363141272,False,0.6038168363141272,0.6241752683969747,0.6208102383006363,0.0075619646338620375,-2.2472205054244303,2.2472205054244303
2026-04-22,cv_2,all,fy_operating_margin,0.6038168363141272,False,0.6038168363141272,0.6241752683969747,0.6208102383006363,0.0075619646338620375,-2.2472205054244303,2.2472205054244303
2026-04-23,cv_2,all,fy_operating_margin,0.6038168363141272,False,0.6038168363141272,0.6241752683969747,0.6208102383006363,0.0075619646338620375,-2.2472205054244303,2.2472205054244303
2026-04-24,cv_2,all,fy_operating_margin,0.6038168363141272,False,0.6038168363141272,0.6241752683969747,0.6208102383006363,0.0075619646338620375,-2.2472205054244303,2.2472205054244303
2026-04-27,cv_2,all,fy_operating_margin,0.6038168363141272,False,0.6038168363141272,0.6241752683969747,0.6208102383006363,0.0075619646338620375,-2.2472205054244303,2.2472205054244303
2026-04-28,cv_2,all,fy_operating_margin,0.6038168363141272,False,0.6038168363141272,0.6241752683969747,0.6208102383006363,0.0075619646338620375,-2.2472205054244303,2.2472205054244303
2026-04-29,cv_2,all,fy_operating_margin,0.6038168363141272,False,0.6038168363141272,0.6241752683969747,0.6208102383006363,0.0075619646338620375,-2.2472205054244303,2.2472205054244303
2026-04-30,cv_2,all,fy_operating_margin,0.6038168363141272,False,0.6038168363141272,0.6241752683969747,0.6208102383006363,0.0075619646338620375,-2.2472205054244303,2.2472205054244303
2026-05-01,cv_2,all,fy_operating_margin,0.6038168363141272,False,0.6038168363141272,0.6241752683969747,0.6208102383006363,0.0075619646338620375,-2.2472205054244303,2.2472205054244303
2026-05-04,cv_2,all,fy_operating_margin,0.6038168363141272,False,0.6038168363141272,0.6241752683969747,0.6208102383006363,0.0075619646338620375,-2.2472205054244303,2.2472205054244303
2026-05-05,cv_2,all,fy_operating_margin,0.6038168363141272,False,0.6038168363141272,0.6241752683969747,0.6208102383006363,0.0075619646338620375,-2.2472205054244303,2.2472205054244303
2026-05-06,cv_2,all,fy_operating_margin,0.6038168363141272,False,0.6038168363141272,0.6241752683969747,0.6208102383006363,0.0075619646338620375,-2.2472205054244303,2.2472205054244303
2026-05-07,cv_2,all,fy_operating_margin,0.6038168363141272,False,0.6038168363141272,0.6241752683969747,0.6208102383006363,0.0075619646338620375,-2.2472205054244303,2.2472205054244303
2026-04-02,cv_2,all,fy_net_margin,0.5560253406070261,False,0.5560253406070261,0.5584802715771244,0.5580744978630586,0.0009118630108109709,-2.2472205054244565,2.2472205054244565
2026-04-06,cv_2,all,fy_net_margin,0.5560253406070261,False,0.5560253406070261,0.5584802715771244,0.5580744978630586,0.0009118630108109709,-2.2472205054244565,2.2472205054244565
2026-04-07,cv_2,all,fy_net_margin,0.5560253406070261,False,0.5560253406070261,0.5584802715771244,0.5580744978630586,0.0009118630108109709,-2.2472205054244565,2.2472205054244565
2026-04-08,cv_2,all,fy_net_margin,0.5560253406070261,False,0.5560253406070261,0.5584802715771244,0.5580744978630586,0.0009118630108109709,-2.2472205054244565,2.2472205054244565
2026-04-09,cv_2,all,fy_net_margin,0.5560253406070261,False,0.5560253406070261,0.5584802715771244,0.5580744978630586,0.0009118630108109709,-2.2472205054244565,2.2472205054244565
2026-04-10,cv_2,all,fy_net_margin,0.5560253406070261,False,0.5560253406070261,0.5584802715771244,0.5580744978630586,0.0009118630108109709,-2.2472205054244565,2.2472205054244565
2026-04-13,cv_2,all,fy_net_margin,0.5560253406070261,False,0.5560253406070261,0.5584802715771244,0.5580744978630586,0.0009118630108109709,-2.2472205054244565,2.2472205054244565
2026-04-14,cv_2,all,fy_net_margin,0.5560253406070261,False,0.5560253406070261,0.5584802715771244,0.5580744978630586,0.0009118630108109709,-2.2472205054244565,2.2472205054244565
2026-04-15,cv_2,all,fy_net_margin,0.5560253406070261,False,0.5560253406070261,0.5584802715771244,0.5580744978630586,0.0009118630108109709,-2.2472205054244565,2.2472205054244565
2026-04-16,cv_2,all,fy_net_margin,0.5560253406070261,False,0.5560253406070261,0.5584802715771244,0.5580744978630586,0.0009118630108109709,-2.2472205054244565,2.2472205054244565
2026-04-17,cv_2,all,fy_net_margin,0.5560253406070261,False,0.5560253406070261,0.5584802715771244,0.5580744978630586,0.0009118630108109709,-2.2472205054244565,2.2472205054244565
2026-04-20,cv_2,all,fy_net_margin,0.5560253406070261,False,0.5560253406070261,0.5584802715771244,0.5580744978630586,0.0009118630108109709,-2.2472205054244565,2.2472205054244565
2026-04-21,cv_2,all,fy_net_margin,0.5560253406070261,False,0.5560253406070261,0.5584802715771244,0.5580744978630586,0.0009118630108109709,-2.2472205054244565,2.2472205054244565
2026-04-22,cv_2,all,fy_net_margin,0.5560253406070261,False,0.5560253406070261,0.5584802715771244,0.5580744978630586,0.0009118630108109709,-2.2472205054244565,2.2472205054244565
2026-04-23,cv_2,all,fy_net_margin,0.5560253406070261,False,0.5560253406070261,0.5584802715771244,0.5580744978630586,0.0009118630108109709,-2.2472205054244565,2.2472205054244565
2026-04-24,cv_2,all,fy_net_margin,0.5560253406070261,False,0.5560253406070261,0.5584802715771244,0.5580744978630586,0.0009118630108109709,-2.2472205054244565,2.2472205054244565
2026-04-27,cv_2,all,fy_net_margin,0.5560253406070261,False,0.5560253406070261,0.5584802715771244,0.5580744978630586,0.0009118630108109709,-2.2472205054244565,2.2472205054244565
2026-04-28,cv_2,all,fy_net_margin,0.5560253406070261,False,0.5560253406070261,0.5584802715771244,0.5580744978630586,0.0009118630108109709,-2.2472205054244565,2.2472205054244565
2026-04-29,cv_2,all,fy_net_margin,0.5560253406070261,False,0.5560253406070261,0.5584802715771244,0.5580744978630586,0.0009118630108109709,-2.2472205054244565,2.2472205054244565
2026-04-30,cv_2,all,fy_net_margin,0.5560253406070261,False,0.5560253406070261,0.5584802715771244,0.5580744978630586,0.0009118630108109709,-2.2472205054244565,2.2472205054244565
2026-05-01,cv_2,all,fy_net_margin,0.5560253406070261,False,0.5560253406070261,0.5584802715771244,0.5580744978630586,0.0009118630108109709,-2.2472205054244565,2.2472205054244565
2026-05-04,cv_2,all,fy_net_margin,0.5560253406070261,False,0.5560253406070261,0.5584802715771244,0.5580744978630586,0.0009118630108109709,-2.2472205054244565,2.2472205054244565
2026-05-05,cv_2,all,fy_net_margin,0.5560253406070261,False,0.5560253406070261,0.5584802715771244,0.5580744978630586,0.0009118630108109709,-2.2472205054244565,2.2472205054244565
2026-05-06,cv_2,all,fy_net_margin,0.5560253406070261,False,0.5560253406070261,0.5584802715771244,0.5580744978630586,0.0009118630108109709,-2.2472205054244565,2.2472205054244565
2026-05-07,cv_2,all,fy_net_margin,0.5560253406070261,False,0.5560253406070261,0.5584802715771244,0.5580744978630586,0.0009118630108109709,-2.2472205054244565,2.2472205054244565
2026-04-02,cv_2,all,fy_rd_to_revenue,0.0856588465207605,False,0.0856588465207605,0.0989601293516326,0.09676157020603392,0.004940647194377787,-2.247220505424425,2.247220505424425
2026-04-06,cv_2,all,fy_rd_to_revenue,0.0856588465207605,False,0.0856588465207605,0.0989601293516326,0.09676157020603392,0.004940647194377787,-2.247220505424425,2.247220505424425
2026-04-07,cv_2,all,fy_rd_to_revenue,0.0856588465207605,False,0.0856588465207605,0.0989601293516326,0.09676157020603392,0.004940647194377787,-2.247220505424425,2.247220505424425
2026-04-08,cv_2,all,fy_rd_to_revenue,0.0856588465207605,False,0.0856588465207605,0.0989601293516326,0.09676157020603392,0.004940647194377787,-2.247220505424425,2.247220505424425
2026-04-09,cv_2,all,fy_rd_to_revenue,0.0856588465207605,False,0.0856588465207605,0.0989601293516326,0.09676157020603392,0.004940647194377787,-2.247220505424425,2.247220505424425
2026-04-10,cv_2,all,fy_rd_to_revenue,0.0856588465207605,False,0.0856588465207605,0.0989601293516326,0.09676157020603392,0.004940647194377787,-2.247220505424425,2.247220505424425
2026-04-13,cv_2,all,fy_rd_to_revenue,0.0856588465207605,False,0.0856588465207605,0.0989601293516326,0.09676157020603392,0.004940647194377787,-2.247220505424425,2.247220505424425
2026-04-14,cv_2,all,fy_rd_to_revenue,0.0856588465207605,False,0.0856588465207605,0.0989601293516326,0.09676157020603392,0.004940647194377787,-2.247220505424425,2.247220505424425
2026-04-15,cv_2,all,fy_rd_to_revenue,0.0856588465207605,False,0.0856588465207605,0.0989601293516326,0.09676157020603392,0.004940647194377787,-2.247220505424425,2.247220505424425
2026-04-16,cv_2,all,fy_rd_to_revenue,0.0856588465207605,False,0.0856588465207605,0.0989601293516326,0.09676157020603392,0.004940647194377787,-2.247220505424425,2.247220505424425
2026-04-17,cv_2,all,fy_rd_to_revenue,0.0856588465207605,False,0.0856588465207605,0.0989601293516326,0.09676157020603392,0.004940647194377787,-2.247220505424425,2.247220505424425
2026-04-20,cv_2,all,fy_rd_to_revenue,0.0856588465207605,False,0.0856588465207605,0.0989601293516326,0.09676157020603392,0.004940647194377787,-2.247220505424425,2.247220505424425
2026-04-21,cv_2,all,fy_rd_to_revenue,0.0856588465207605,False,0.0856588465207605,0.0989601293516326,0.09676157020603392,0.004940647194377787,-2.247220505424425,2.247220505424425
2026-04-22,cv_2,all,fy_rd_to_revenue,0.0856588465207605,False,0.0856588465207605,0.0989601293516326,0.09676157020603392,0.004940647194377787,-2.247220505424425,2.247220505424425
2026-04-23,cv_2,all,fy_rd_to_revenue,0.0856588465207605,False,0.0856588465207605,0.0989601293516326,0.09676157020603392,0.004940647194377787,-2.247220505424425,2.247220505424425
2026-04-24,cv_2,all,fy_rd_to_revenue,0.0856588465207605,False,0.0856588465207605,0.0989601293516326,0.09676157020603392,0.004940647194377787,-2.247220505424425,2.247220505424425
2026-04-27,cv_2,all,fy_rd_to_revenue,0.0856588465207605,False,0.0856588465207605,0.0989601293516326,0.09676157020603392,0.004940647194377787,-2.247220505424425,2.247220505424425
2026-04-28,cv_2,all,fy_rd_to_revenue,0.0856588465207605,False,0.0856588465207605,0.0989601293516326,0.09676157020603392,0.004940647194377787,-2.247220505424425,2.247220505424425
2026-04-29,cv_2,all,fy_rd_to_revenue,0.0856588465207605,False,0.0856588465207605,0.0989601293516326,0.09676157020603392,0.004940647194377787,-2.247220505424425,2.247220505424425
2026-04-30,cv_2,all,fy_rd_to_revenue,0.0856588465207605,False,0.0856588465207605,0.0989601293516326,0.09676157020603392,0.004940647194377787,-2.247220505424425,2.247220505424425
2026-05-01,cv_2,all,fy_rd_to_revenue,0.0856588465207605,False,0.0856588465207605,0.0989601293516326,0.09676157020603392,0.004940647194377787,-2.247220505424425,2.247220505424425
2026-05-04,cv_2,all,fy_rd_to_revenue,0.0856588465207605,False,0.0856588465207605,0.0989601293516326,0.09676157020603392,0.004940647194377787,-2.247220505424425,2.247220505424425
2026-05-05,cv_2,all,fy_rd_to_revenue,0.0856588465207605,False,0.0856588465207605,0.0989601293516326,0.09676157020603392,0.004940647194377787,-2.247220505424425,2.247220505424425
2026-05-06,cv_2,all,fy_rd_to_revenue,0.0856588465207605,False,0.0856588465207605,0.0989601293516326,0.09676157020603392,0.004940647194377787,-2.247220505424425,2.247220505424425
2026-05-07,cv_2,all,fy_rd_to_revenue,0.0856588465207605,False,0.0856588465207605,0.0989601293516326,0.09676157020603392,0.004940647194377787,-2.247220505424425,2.247220505424425
2026-04-02,cv_2,all,fy_sga_to_revenue,0.0212051607405829,False,0.0212051607405829,0.0267515728330919,0.02583481050375156,0.0020601671050942483,-2.2472205054244196,2.2472205054244196
2026-04-06,cv_2,all,fy_sga_to_revenue,0.0212051607405829,False,0.0212051607405829,0.0267515728330919,0.02583481050375156,0.0020601671050942483,-2.2472205054244196,2.2472205054244196
2026-04-07,cv_2,all,fy_sga_to_revenue,0.0212051607405829,False,0.0212051607405829,0.0267515728330919,0.02583481050375156,0.0020601671050942483,-2.2472205054244196,2.2472205054244196
2026-04-08,cv_2,all,fy_sga_to_revenue,0.0212051607405829,False,0.0212051607405829,0.0267515728330919,0.02583481050375156,0.0020601671050942483,-2.2472205054244196,2.2472205054244196
2026-04-09,cv_2,all,fy_sga_to_revenue,0.0212051607405829,False,0.0212051607405829,0.0267515728330919,0.02583481050375156,0.0020601671050942483,-2.2472205054244196,2.2472205054244196
2026-04-10,cv_2,all,fy_sga_to_revenue,0.0212051607405829,False,0.0212051607405829,0.0267515728330919,0.02583481050375156,0.0020601671050942483,-2.2472205054244196,2.2472205054244196
2026-04-13,cv_2,all,fy_sga_to_revenue,0.0212051607405829,False,0.0212051607405829,0.0267515728330919,0.02583481050375156,0.0020601671050942483,-2.2472205054244196,2.2472205054244196
2026-04-14,cv_2,all,fy_sga_to_revenue,0.0212051607405829,False,0.0212051607405829,0.0267515728330919,0.02583481050375156,0.0020601671050942483,-2.2472205054244196,2.2472205054244196
2026-04-15,cv_2,all,fy_sga_to_revenue,0.0212051607405829,False,0.0212051607405829,0.0267515728330919,0.02583481050375156,0.0020601671050942483,-2.2472205054244196,2.2472205054244196
2026-04-16,cv_2,all,fy_sga_to_revenue,0.0212051607405829,False,0.0212051607405829,0.0267515728330919,0.02583481050375156,0.0020601671050942483,-2.2472205054244196,2.2472205054244196
2026-04-17,cv_2,all,fy_sga_to_revenue,0.0212051607405829,False,0.0212051607405829,0.0267515728330919,0.02583481050375156,0.0020601671050942483,-2.2472205054244196,2.2472205054244196
2026-04-20,cv_2,all,fy_sga_to_revenue,0.0212051607405829,False,0.0212051607405829,0.0267515728330919,0.02583481050375156,0.0020601671050942483,-2.2472205054244196,2.2472205054244196
2026-04-21,cv_2,all,fy_sga_to_revenue,0.0212051607405829,False,0.0212051607405829,0.0267515728330919,0.02583481050375156,0.0020601671050942483,-2.2472205054244196,2.2472205054244196
2026-04-22,cv_2,all,fy_sga_to_revenue,0.0212051607405829,False,0.0212051607405829,0.0267515728330919,0.02583481050375156,0.0020601671050942483,-2.2472205054244196,2.2472205054244196
2026-04-23,cv_2,all,fy_sga_to_revenue,0.0212051607405829,False,0.0212051607405829,0.0267515728330919,0.02583481050375156,0.0020601671050942483,-2.2472205054244196,2.2472205054244196
2026-04-24,cv_2,all,fy_sga_to_revenue,0.0212051607405829,False,0.0212051607405829,0.0267515728330919,0.02583481050375156,0.0020601671050942483,-2.2472205054244196,2.2472205054244196
2026-04-27,cv_2,all,fy_sga_to_revenue,0.0212051607405829,False,0.0212051607405829,0.0267515728330919,0.02583481050375156,0.0020601671050942483,-2.2472205054244196,2.2472205054244196
2026-04-28,cv_2,all,fy_sga_to_revenue,0.0212051607405829,False,0.0212051607405829,0.0267515728330919,0.02583481050375156,0.0020601671050942483,-2.2472205054244196,2.2472205054244196
2026-04-29,cv_2,all,fy_sga_to_revenue,0.0212051607405829,False,0.0212051607405829,0.0267515728330919,0.02583481050375156,0.0020601671050942483,-2.2472205054244196,2.2472205054244196
2026-04-30,cv_2,all,fy_sga_to_revenue,0.0212051607405829,False,0.0212051607405829,0.0267515728330919,0.02583481050375156,0.0020601671050942483,-2.2472205054244196,2.2472205054244196
2026-05-01,cv_2,all,fy_sga_to_revenue,0.0212051607405829,False,0.0212051607405829,0.0267515728330919,0.02583481050375156,0.0020601671050942483,-2.2472205054244196,2.2472205054244196
2026-05-04,cv_2,all,fy_sga_to_revenue,0.0212051607405829,False,0.0212051607405829,0.0267515728330919,0.02583481050375156,0.0020601671050942483,-2.2472205054244196,2.2472205054244196
2026-05-05,cv_2,all,fy_sga_to_revenue,0.0212051607405829,False,0.0212051607405829,0.0267515728330919,0.02583481050375156,0.0020601671050942483,-2.2472205054244196,2.2472205054244196
2026-05-06,cv_2,all,fy_sga_to_revenue,0.0212051607405829,False,0.0212051607405829,0.0267515728330919,0.02583481050375156,0.0020601671050942483,-2.2472205054244196,2.2472205054244196
2026-05-07,cv_2,all,fy_sga_to_revenue,0.0212051607405829,False,0.0212051607405829,0.0267515728330919,0.02583481050375156,0.0020601671050942483,-2.2472205054244196,2.2472205054244196
2026-04-02,cv_2,all,fy_ocf_margin,0.4756828348877918,False,0.4756828348877918,0.4911147382698453,0.48856401043810077,0.005732047887252759,-2.247220505424396,2.247220505424396
2026-04-06,cv_2,all,fy_ocf_margin,0.4756828348877918,False,0.4756828348877918,0.4911147382698453,0.48856401043810077,0.005732047887252759,-2.247220505424396,2.247220505424396
2026-04-07,cv_2,all,fy_ocf_margin,0.4756828348877918,False,0.4756828348877918,0.4911147382698453,0.48856401043810077,0.005732047887252759,-2.247220505424396,2.247220505424396
2026-04-08,cv_2,all,fy_ocf_margin,0.4756828348877918,False,0.4756828348877918,0.4911147382698453,0.48856401043810077,0.005732047887252759,-2.247220505424396,2.247220505424396
2026-04-09,cv_2,all,fy_ocf_margin,0.4756828348877918,False,0.4756828348877918,0.4911147382698453,0.48856401043810077,0.005732047887252759,-2.247220505424396,2.247220505424396
2026-04-10,cv_2,all,fy_ocf_margin,0.4756828348877918,False,0.4756828348877918,0.4911147382698453,0.48856401043810077,0.005732047887252759,-2.247220505424396,2.247220505424396
2026-04-13,cv_2,all,fy_ocf_margin,0.4756828348877918,False,0.4756828348877918,0.4911147382698453,0.48856401043810077,0.005732047887252759,-2.247220505424396,2.247220505424396
2026-04-14,cv_2,all,fy_ocf_margin,0.4756828348877918,False,0.4756828348877918,0.4911147382698453,0.48856401043810077,0.005732047887252759,-2.247220505424396,2.247220505424396
2026-04-15,cv_2,all,fy_ocf_margin,0.4756828348877918,False,0.4756828348877918,0.4911147382698453,0.48856401043810077,0.005732047887252759,-2.247220505424396,2.247220505424396
2026-04-16,cv_2,all,fy_ocf_margin,0.4756828348877918,False,0.4756828348877918,0.4911147382698453,0.48856401043810077,0.005732047887252759,-2.247220505424396,2.247220505424396
2026-04-17,cv_2,all,fy_ocf_margin,0.4756828348877918,False,0.4756828348877918,0.4911147382698453,0.48856401043810077,0.005732047887252759,-2.247220505424396,2.247220505424396
2026-04-20,cv_2,all,fy_ocf_margin,0.4756828348877918,False,0.4756828348877918,0.4911147382698453,0.48856401043810077,0.005732047887252759,-2.247220505424396,2.247220505424396
2026-04-21,cv_2,all,fy_ocf_margin,0.4756828348877918,False,0.4756828348877918,0.4911147382698453,0.48856401043810077,0.005732047887252759,-2.247220505424396,2.247220505424396
2026-04-22,cv_2,all,fy_ocf_margin,0.4756828348877918,False,0.4756828348877918,0.4911147382698453,0.48856401043810077,0.005732047887252759,-2.247220505424396,2.247220505424396
2026-04-23,cv_2,all,fy_ocf_margin,0.4756828348877918,False,0.4756828348877918,0.4911147382698453,0.48856401043810077,0.005732047887252759,-2.247220505424396,2.247220505424396
2026-04-24,cv_2,all,fy_ocf_margin,0.4756828348877918,False,0.4756828348877918,0.4911147382698453,0.48856401043810077,0.005732047887252759,-2.247220505424396,2.247220505424396
2026-04-27,cv_2,all,fy_ocf_margin,0.4756828348877918,False,0.4756828348877918,0.4911147382698453,0.48856401043810077,0.005732047887252759,-2.247220505424396,2.247220505424396
2026-04-28,cv_2,all,fy_ocf_margin,0.4756828348877918,False,0.4756828348877918,0.4911147382698453,0.48856401043810077,0.005732047887252759,-2.247220505424396,2.247220505424396
2026-04-29,cv_2,all,fy_ocf_margin,0.4756828348877918,False,0.4756828348877918,0.4911147382698453,0.48856401043810077,0.005732047887252759,-2.247220505424396,2.247220505424396
2026-04-30,cv_2,all,fy_ocf_margin,0.4756828348877918,False,0.4756828348877918,0.4911147382698453,0.48856401043810077,0.005732047887252759,-2.247220505424396,2.247220505424396
2026-05-01,cv_2,all,fy_ocf_margin,0.4756828348877918,False,0.4756828348877918,0.4911147382698453,0.48856401043810077,0.005732047887252759,-2.247220505424396,2.247220505424396
2026-05-04,cv_2,all,fy_ocf_margin,0.4756828348877918,False,0.4756828348877918,0.4911147382698453,0.48856401043810077,0.005732047887252759,-2.247220505424396,2.247220505424396
2026-05-05,cv_2,all,fy_ocf_margin,0.4756828348877918,False,0.4756828348877918,0.4911147382698453,0.48856401043810077,0.005732047887252759,-2.247220505424396,2.247220505424396
2026-05-06,cv_2,all,fy_ocf_margin,0.4756828348877918,False,0.4756828348877918,0.4911147382698453,0.48856401043810077,0.005732047887252759,-2.247220505424396,2.247220505424396
2026-05-07,cv_2,all,fy_ocf_margin,0.4756828348877918,False,0.4756828348877918,0.4911147382698453,0.48856401043810077,0.005732047887252759,-2.247220505424396,2.247220505424396
2026-04-02,cv_2,all,fy_revenue_growth_yoy,0.6547353579009478,False,0.6547353579009478,1.1420340763599357,1.0614888336394421,0.18100292105588106,-2.247220505424425,2.247220505424425
2026-04-06,cv_2,all,fy_revenue_growth_yoy,0.6547353579009478,False,0.6547353579009478,1.1420340763599357,1.0614888336394421,0.18100292105588106,-2.247220505424425,2.247220505424425
2026-04-07,cv_2,all,fy_revenue_growth_yoy,0.6547353579009478,False,0.6547353579009478,1.1420340763599357,1.0614888336394421,0.18100292105588106,-2.247220505424425,2.247220505424425
2026-04-08,cv_2,all,fy_revenue_growth_yoy,0.6547353579009478,False,0.6547353579009478,1.1420340763599357,1.0614888336394421,0.18100292105588106,-2.247220505424425,2.247220505424425
2026-04-09,cv_2,all,fy_revenue_growth_yoy,0.6547353579009478,False,0.6547353579009478,1.1420340763599357,1.0614888336394421,0.18100292105588106,-2.247220505424425,2.247220505424425
2026-04-10,cv_2,all,fy_revenue_growth_yoy,0.6547353579009478,False,0.6547353579009478,1.1420340763599357,1.0614888336394421,0.18100292105588106,-2.247220505424425,2.247220505424425
2026-04-13,cv_2,all,fy_revenue_growth_yoy,0.6547353579009478,False,0.6547353579009478,1.1420340763599357,1.0614888336394421,0.18100292105588106,-2.247220505424425,2.247220505424425
2026-04-14,cv_2,all,fy_revenue_growth_yoy,0.6547353579009478,False,0.6547353579009478,1.1420340763599357,1.0614888336394421,0.18100292105588106,-2.247220505424425,2.247220505424425
2026-04-15,cv_2,all,fy_revenue_growth_yoy,0.6547353579009478,False,0.6547353579009478,1.1420340763599357,1.0614888336394421,0.18100292105588106,-2.247220505424425,2.247220505424425
2026-04-16,cv_2,all,fy_revenue_growth_yoy,0.6547353579009478,False,0.6547353579009478,1.1420340763599357,1.0614888336394421,0.18100292105588106,-2.247220505424425,2.247220505424425
2026-04-17,cv_2,all,fy_revenue_growth_yoy,0.6547353579009478,False,0.6547353579009478,1.1420340763599357,1.0614888336394421,0.18100292105588106,-2.247220505424425,2.247220505424425
2026-04-20,cv_2,all,fy_revenue_growth_yoy,0.6547353579009478,False,0.6547353579009478,1.1420340763599357,1.0614888336394421,0.18100292105588106,-2.247220505424425,2.247220505424425
2026-04-21,cv_2,all,fy_revenue_growth_yoy,0.6547353579009478,False,0.6547353579009478,1.1420340763599357,1.0614888336394421,0.18100292105588106,-2.247220505424425,2.247220505424425
2026-04-22,cv_2,all,fy_revenue_growth_yoy,0.6547353579009478,False,0.6547353579009478,1.1420340763599357,1.0614888336394421,0.18100292105588106,-2.247220505424425,2.247220505424425
2026-04-23,cv_2,all,fy_revenue_growth_yoy,0.6547353579009478,False,0.6547353579009478,1.1420340763599357,1.0614888336394421,0.18100292105588106,-2.247220505424425,2.247220505424425
2026-04-24,cv_2,all,fy_revenue_growth_yoy,0.6547353579009478,False,0.6547353579009478,1.1420340763599357,1.0614888336394421,0.18100292105588106,-2.247220505424425,2.247220505424425
2026-04-27,cv_2,all,fy_revenue_growth_yoy,0.6547353579009478,False,0.6547353579009478,1.1420340763599357,1.0614888336394421,0.18100292105588106,-2.247220505424425,2.247220505424425
2026-04-28,cv_2,all,fy_revenue_growth_yoy,0.6547353579009478,False,0.6547353579009478,1.1420340763599357,1.0614888336394421,0.18100292105588106,-2.247220505424425,2.247220505424425
2026-04-29,cv_2,all,fy_revenue_growth_yoy,0.6547353579009478,False,0.6547353579009478,1.1420340763599357,1.0614888336394421,0.18100292105588106,-2.247220505424425,2.247220505424425
2026-04-30,cv_2,all,fy_revenue_growth_yoy,0.6547353579009478,False,0.6547353579009478,1.1420340763599357,1.0614888336394421,0.18100292105588106,-2.247220505424425,2.247220505424425
2026-05-01,cv_2,all,fy_revenue_growth_yoy,0.6547353579009478,False,0.6547353579009478,1.1420340763599357,1.0614888336394421,0.18100292105588106,-2.247220505424425,2.247220505424425
2026-05-04,cv_2,all,fy_revenue_growth_yoy,0.6547353579009478,False,0.6547353579009478,1.1420340763599357,1.0614888336394421,0.18100292105588106,-2.247220505424425,2.247220505424425
2026-05-05,cv_2,all,fy_revenue_growth_yoy,0.6547353579009478,False,0.6547353579009478,1.1420340763599357,1.0614888336394421,0.18100292105588106,-2.247220505424425,2.247220505424425
2026-05-06,cv_2,all,fy_revenue_growth_yoy,0.6547353579009478,False,0.6547353579009478,1.1420340763599357,1.0614888336394421,0.18100292105588106,-2.247220505424425,2.247220505424425
2026-05-07,cv_2,all,fy_revenue_growth_yoy,0.6547353579009478,False,0.6547353579009478,1.1420340763599357,1.0614888336394421,0.18100292105588106,-2.247220505424425,2.247220505424425
2026-04-02,cv_2,all,fy_gross_profit_growth_yoy,0.5682213002513847,False,0.5682213002513847,1.208934335568046,1.1030313545239696,0.2379873505878221,-2.2472205054244228,2.2472205054244228
2026-04-06,cv_2,all,fy_gross_profit_growth_yoy,0.5682213002513847,False,0.5682213002513847,1.208934335568046,1.1030313545239696,0.2379873505878221,-2.2472205054244228,2.2472205054244228
2026-04-07,cv_2,all,fy_gross_profit_growth_yoy,0.5682213002513847,False,0.5682213002513847,1.208934335568046,1.1030313545239696,0.2379873505878221,-2.2472205054244228,2.2472205054244228
2026-04-08,cv_2,all,fy_gross_profit_growth_yoy,0.5682213002513847,False,0.5682213002513847,1.208934335568046,1.1030313545239696,0.2379873505878221,-2.2472205054244228,2.2472205054244228
2026-04-09,cv_2,all,fy_gross_profit_growth_yoy,0.5682213002513847,False,0.5682213002513847,1.208934335568046,1.1030313545239696,0.2379873505878221,-2.2472205054244228,2.2472205054244228
2026-04-10,cv_2,all,fy_gross_profit_growth_yoy,0.5682213002513847,False,0.5682213002513847,1.208934335568046,1.1030313545239696,0.2379873505878221,-2.2472205054244228,2.2472205054244228
2026-04-13,cv_2,all,fy_gross_profit_growth_yoy,0.5682213002513847,False,0.5682213002513847,1.208934335568046,1.1030313545239696,0.2379873505878221,-2.2472205054244228,2.2472205054244228
2026-04-14,cv_2,all,fy_gross_profit_growth_yoy,0.5682213002513847,False,0.5682213002513847,1.208934335568046,1.1030313545239696,0.2379873505878221,-2.2472205054244228,2.2472205054244228
2026-04-15,cv_2,all,fy_gross_profit_growth_yoy,0.5682213002513847,False,0.5682213002513847,1.208934335568046,1.1030313545239696,0.2379873505878221,-2.2472205054244228,2.2472205054244228
2026-04-16,cv_2,all,fy_gross_profit_growth_yoy,0.5682213002513847,False,0.5682213002513847,1.208934335568046,1.1030313545239696,0.2379873505878221,-2.2472205054244228,2.2472205054244228
2026-04-17,cv_2,all,fy_gross_profit_growth_yoy,0.5682213002513847,False,0.5682213002513847,1.208934335568046,1.1030313545239696,0.2379873505878221,-2.2472205054244228,2.2472205054244228
2026-04-20,cv_2,all,fy_gross_profit_growth_yoy,0.5682213002513847,False,0.5682213002513847,1.208934335568046,1.1030313545239696,0.2379873505878221,-2.2472205054244228,2.2472205054244228
2026-04-21,cv_2,all,fy_gross_profit_growth_yoy,0.5682213002513847,False,0.5682213002513847,1.208934335568046,1.1030313545239696,0.2379873505878221,-2.2472205054244228,2.2472205054244228
2026-04-22,cv_2,all,fy_gross_profit_growth_yoy,0.5682213002513847,False,0.5682213002513847,1.208934335568046,1.1030313545239696,0.2379873505878221,-2.2472205054244228,2.2472205054244228
2026-04-23,cv_2,all,fy_gross_profit_growth_yoy,0.5682213002513847,False,0.5682213002513847,1.208934335568046,1.1030313545239696,0.2379873505878221,-2.2472205054244228,2.2472205054244228
2026-04-24,cv_2,all,fy_gross_profit_growth_yoy,0.5682213002513847,False,0.5682213002513847,1.208934335568046,1.1030313545239696,0.2379873505878221,-2.2472205054244228,2.2472205054244228
2026-04-27,cv_2,all,fy_gross_profit_growth_yoy,0.5682213002513847,False,0.5682213002513847,1.208934335568046,1.1030313545239696,0.2379873505878221,-2.2472205054244228,2.2472205054244228
2026-04-28,cv_2,all,fy_gross_profit_growth_yoy,0.5682213002513847,False,0.5682213002513847,1.208934335568046,1.1030313545239696,0.2379873505878221,-2.2472205054244228,2.2472205054244228
2026-04-29,cv_2,all,fy_gross_profit_growth_yoy,0.5682213002513847,False,0.5682213002513847,1.208934335568046,1.1030313545239696,0.2379873505878221,-2.2472205054244228,2.2472205054244228
2026-04-30,cv_2,all,fy_gross_profit_growth_yoy,0.5682213002513847,False,0.5682213002513847,1.208934335568046,1.1030313545239696,0.2379873505878221,-2.2472205054244228,2.2472205054244228
2026-05-01,cv_2,all,fy_gross_profit_growth_yoy,0.5682213002513847,False,0.5682213002513847,1.208934335568046,1.1030313545239696,0.2379873505878221,-2.2472205054244228,2.2472205054244228
2026-05-04,cv_2,all,fy_gross_profit_growth_yoy,0.5682213002513847,False,0.5682213002513847,1.208934335568046,1.1030313545239696,0.2379873505878221,-2.2472205054244228,2.2472205054244228
2026-05-05,cv_2,all,fy_gross_profit_growth_yoy,0.5682213002513847,False,0.5682213002513847,1.208934335568046,1.1030313545239696,0.2379873505878221,-2.2472205054244228,2.2472205054244228
2026-05-06,cv_2,all,fy_gross_profit_growth_yoy,0.5682213002513847,False,0.5682213002513847,1.208934335568046,1.1030313545239696,0.2379873505878221,-2.2472205054244228,2.2472205054244228
2026-05-07,cv_2,all,fy_gross_profit_growth_yoy,0.5682213002513847,False,0.5682213002513847,1.208934335568046,1.1030313545239696,0.2379873505878221,-2.2472205054244228,2.2472205054244228
2026-04-02,cv_2,all,fy_operating_income_growth_yoy,0.6007636305599549,False,0.6007636305599549,1.470368797767803,1.3266324064937782,0.323007365846696,-2.2472205054244223,2.2472205054244223
2026-04-06,cv_2,all,fy_operating_income_growth_yoy,0.6007636305599549,False,0.6007636305599549,1.470368797767803,1.3266324064937782,0.323007365846696,-2.2472205054244223,2.2472205054244223
2026-04-07,cv_2,all,fy_operating_income_growth_yoy,0.6007636305599549,False,0.6007636305599549,1.470368797767803,1.3266324064937782,0.323007365846696,-2.2472205054244223,2.2472205054244223
2026-04-08,cv_2,all,fy_operating_income_growth_yoy,0.6007636305599549,False,0.6007636305599549,1.470368797767803,1.3266324064937782,0.323007365846696,-2.2472205054244223,2.2472205054244223
2026-04-09,cv_2,all,fy_operating_income_growth_yoy,0.6007636305599549,False,0.6007636305599549,1.470368797767803,1.3266324064937782,0.323007365846696,-2.2472205054244223,2.2472205054244223
2026-04-10,cv_2,all,fy_operating_income_growth_yoy,0.6007636305599549,False,0.6007636305599549,1.470368797767803,1.3266324064937782,0.323007365846696,-2.2472205054244223,2.2472205054244223
2026-04-13,cv_2,all,fy_operating_income_growth_yoy,0.6007636305599549,False,0.6007636305599549,1.470368797767803,1.3266324064937782,0.323007365846696,-2.2472205054244223,2.2472205054244223
2026-04-14,cv_2,all,fy_operating_income_growth_yoy,0.6007636305599549,False,0.6007636305599549,1.470368797767803,1.3266324064937782,0.323007365846696,-2.2472205054244223,2.2472205054244223
2026-04-15,cv_2,all,fy_operating_income_growth_yoy,0.6007636305599549,False,0.6007636305599549,1.470368797767803,1.3266324064937782,0.323007365846696,-2.2472205054244223,2.2472205054244223
2026-04-16,cv_2,all,fy_operating_income_growth_yoy,0.6007636305599549,False,0.6007636305599549,1.470368797767803,1.3266324064937782,0.323007365846696,-2.2472205054244223,2.2472205054244223
2026-04-17,cv_2,all,fy_operating_income_growth_yoy,0.6007636305599549,False,0.6007636305599549,1.470368797767803,1.3266324064937782,0.323007365846696,-2.2472205054244223,2.2472205054244223
2026-04-20,cv_2,all,fy_operating_income_growth_yoy,0.6007636305599549,False,0.6007636305599549,1.470368797767803,1.3266324064937782,0.323007365846696,-2.2472205054244223,2.2472205054244223
2026-04-21,cv_2,all,fy_operating_income_growth_yoy,0.6007636305599549,False,0.6007636305599549,1.470368797767803,1.3266324064937782,0.323007365846696,-2.2472205054244223,2.2472205054244223
2026-04-22,cv_2,all,fy_operating_income_growth_yoy,0.6007636305599549,False,0.6007636305599549,1.470368797767803,1.3266324064937782,0.323007365846696,-2.2472205054244223,2.2472205054244223
2026-04-23,cv_2,all,fy_operating_income_growth_yoy,0.6007636305599549,False,0.6007636305599549,1.470368797767803,1.3266324064937782,0.323007365846696,-2.2472205054244223,2.2472205054244223
2026-04-24,cv_2,all,fy_operating_income_growth_yoy,0.6007636305599549,False,0.6007636305599549,1.470368797767803,1.3266324064937782,0.323007365846696,-2.2472205054244223,2.2472205054244223
2026-04-27,cv_2,all,fy_operating_income_growth_yoy,0.6007636305599549,False,0.6007636305599549,1.470368797767803,1.3266324064937782,0.323007365846696,-2.2472205054244223,2.2472205054244223
2026-04-28,cv_2,all,fy_operating_income_growth_yoy,0.6007636305599549,False,0.6007636305599549,1.470368797767803,1.3266324064937782,0.323007365846696,-2.2472205054244223,2.2472205054244223
2026-04-29,cv_2,all,fy_operating_income_growth_yoy,0.6007636305599549,False,0.6007636305599549,1.470368797767803,1.3266324064937782,0.323007365846696,-2.2472205054244223,2.2472205054244223
2026-04-30,cv_2,all,fy_operating_income_growth_yoy,0.6007636305599549,False,0.6007636305599549,1.470368797767803,1.3266324064937782,0.323007365846696,-2.2472205054244223,2.2472205054244223
2026-05-01,cv_2,all,fy_operating_income_growth_yoy,0.6007636305599549,False,0.6007636305599549,1.470368797767803,1.3266324064937782,0.323007365846696,-2.2472205054244223,2.2472205054244223
2026-05-04,cv_2,all,fy_operating_income_growth_yoy,0.6007636305599549,False,0.6007636305599549,1.470368797767803,1.3266324064937782,0.323007365846696,-2.2472205054244223,2.2472205054244223
2026-05-05,cv_2,all,fy_operating_income_growth_yoy,0.6007636305599549,False,0.6007636305599549,1.470368797767803,1.3266324064937782,0.323007365846696,-2.2472205054244223,2.2472205054244223
2026-05-06,cv_2,all,fy_operating_income_growth_yoy,0.6007636305599549,False,0.6007636305599549,1.470368797767803,1.3266324064937782,0.323007365846696,-2.2472205054244223,2.2472205054244223
2026-05-07,cv_2,all,fy_operating_income_growth_yoy,0.6007636305599549,False,0.6007636305599549,1.470368797767803,1.3266324064937782,0.323007365846696,-2.2472205054244223,2.2472205054244223
2026-04-02,cv_2,all,fy_net_income_growth_yoy,0.6474615806805708,False,0.6474615806805708,1.4489247311827955,1.3164514831658989,0.2976965993637455,-2.2472205054244228,2.2472205054244228
2026-04-06,cv_2,all,fy_net_income_growth_yoy,0.6474615806805708,False,0.6474615806805708,1.4489247311827955,1.3164514831658989,0.2976965993637455,-2.2472205054244228,2.2472205054244228
2026-04-07,cv_2,all,fy_net_income_growth_yoy,0.6474615806805708,False,0.6474615806805708,1.4489247311827955,1.3164514831658989,0.2976965993637455,-2.2472205054244228,2.2472205054244228
2026-04-08,cv_2,all,fy_net_income_growth_yoy,0.6474615806805708,False,0.6474615806805708,1.4489247311827955,1.3164514831658989,0.2976965993637455,-2.2472205054244228,2.2472205054244228
2026-04-09,cv_2,all,fy_net_income_growth_yoy,0.6474615806805708,False,0.6474615806805708,1.4489247311827955,1.3164514831658989,0.2976965993637455,-2.2472205054244228,2.2472205054244228
2026-04-10,cv_2,all,fy_net_income_growth_yoy,0.6474615806805708,False,0.6474615806805708,1.4489247311827955,1.3164514831658989,0.2976965993637455,-2.2472205054244228,2.2472205054244228
2026-04-13,cv_2,all,fy_net_income_growth_yoy,0.6474615806805708,False,0.6474615806805708,1.4489247311827955,1.3164514831658989,0.2976965993637455,-2.2472205054244228,2.2472205054244228
2026-04-14,cv_2,all,fy_net_income_growth_yoy,0.6474615806805708,False,0.6474615806805708,1.4489247311827955,1.3164514831658989,0.2976965993637455,-2.2472205054244228,2.2472205054244228
2026-04-15,cv_2,all,fy_net_income_growth_yoy,0.6474615806805708,False,0.6474615806805708,1.4489247311827955,1.3164514831658989,0.2976965993637455,-2.2472205054244228,2.2472205054244228
2026-04-16,cv_2,all,fy_net_income_growth_yoy,0.6474615806805708,False,0.6474615806805708,1.4489247311827955,1.3164514831658989,0.2976965993637455,-2.2472205054244228,2.2472205054244228
2026-04-17,cv_2,all,fy_net_income_growth_yoy,0.6474615806805708,False,0.6474615806805708,1.4489247311827955,1.3164514831658989,0.2976965993637455,-2.2472205054244228,2.2472205054244228
2026-04-20,cv_2,all,fy_net_income_growth_yoy,0.6474615806805708,False,0.6474615806805708,1.4489247311827955,1.3164514831658989,0.2976965993637455,-2.2472205054244228,2.2472205054244228
2026-04-21,cv_2,all,fy_net_income_growth_yoy,0.6474615806805708,False,0.6474615806805708,1.4489247311827955,1.3164514831658989,0.2976965993637455,-2.2472205054244228,2.2472205054244228
2026-04-22,cv_2,all,fy_net_income_growth_yoy,0.6474615806805708,False,0.6474615806805708,1.4489247311827955,1.3164514831658989,0.2976965993637455,-2.2472205054244228,2.2472205054244228
2026-04-23,cv_2,all,fy_net_income_growth_yoy,0.6474615806805708,False,0.6474615806805708,1.4489247311827955,1.3164514831658989,0.2976965993637455,-2.2472205054244228,2.2472205054244228
2026-04-24,cv_2,all,fy_net_income_growth_yoy,0.6474615806805708,False,0.6474615806805708,1.4489247311827955,1.3164514831658989,0.2976965993637455,-2.2472205054244228,2.2472205054244228
2026-04-27,cv_2,all,fy_net_income_growth_yoy,0.6474615806805708,False,0.6474615806805708,1.4489247311827955,1.3164514831658989,0.2976965993637455,-2.2472205054244228,2.2472205054244228
2026-04-28,cv_2,all,fy_net_income_growth_yoy,0.6474615806805708,False,0.6474615806805708,1.4489247311827955,1.3164514831658989,0.2976965993637455,-2.2472205054244228,2.2472205054244228
2026-04-29,cv_2,all,fy_net_income_growth_yoy,0.6474615806805708,False,0.6474615806805708,1.4489247311827955,1.3164514831658989,0.2976965993637455,-2.2472205054244228,2.2472205054244228
2026-04-30,cv_2,all,fy_net_income_growth_yoy,0.6474615806805708,False,0.6474615806805708,1.4489247311827955,1.3164514831658989,0.2976965993637455,-2.2472205054244228,2.2472205054244228
2026-05-01,cv_2,all,fy_net_income_growth_yoy,0.6474615806805708,False,0.6474615806805708,1.4489247311827955,1.3164514831658989,0.2976965993637455,-2.2472205054244228,2.2472205054244228
2026-05-04,cv_2,all,fy_net_income_growth_yoy,0.6474615806805708,False,0.6474615806805708,1.4489247311827955,1.3164514831658989,0.2976965993637455,-2.2472205054244228,2.2472205054244228
2026-05-05,cv_2,all,fy_net_income_growth_yoy,0.6474615806805708,False,0.6474615806805708,1.4489247311827955,1.3164514831658989,0.2976965993637455,-2.2472205054244228,2.2472205054244228
2026-05-06,cv_2,all,fy_net_income_growth_yoy,0.6474615806805708,False,0.6474615806805708,1.4489247311827955,1.3164514831658989,0.2976965993637455,-2.2472205054244228,2.2472205054244228
2026-05-07,cv_2,all,fy_net_income_growth_yoy,0.6474615806805708,False,0.6474615806805708,1.4489247311827955,1.3164514831658989,0.2976965993637455,-2.2472205054244228,2.2472205054244228
2026-04-02,cv_2,all,fy_rd_growth_yoy,0.4323215115378658,False,0.4323215115378658,0.4886455331412103,0.4793357775042939,0.020921073767769246,-2.247220505424426,2.247220505424426
2026-04-06,cv_2,all,fy_rd_growth_yoy,0.4323215115378658,False,0.4323215115378658,0.4886455331412103,0.4793357775042939,0.020921073767769246,-2.247220505424426,2.247220505424426
2026-04-07,cv_2,all,fy_rd_growth_yoy,0.4323215115378658,False,0.4323215115378658,0.4886455331412103,0.4793357775042939,0.020921073767769246,-2.247220505424426,2.247220505424426
2026-04-08,cv_2,all,fy_rd_growth_yoy,0.4323215115378658,False,0.4323215115378658,0.4886455331412103,0.4793357775042939,0.020921073767769246,-2.247220505424426,2.247220505424426
2026-04-09,cv_2,all,fy_rd_growth_yoy,0.4323215115378658,False,0.4323215115378658,0.4886455331412103,0.4793357775042939,0.020921073767769246,-2.247220505424426,2.247220505424426
2026-04-10,cv_2,all,fy_rd_growth_yoy,0.4323215115378658,False,0.4323215115378658,0.4886455331412103,0.4793357775042939,0.020921073767769246,-2.247220505424426,2.247220505424426
2026-04-13,cv_2,all,fy_rd_growth_yoy,0.4323215115378658,False,0.4323215115378658,0.4886455331412103,0.4793357775042939,0.020921073767769246,-2.247220505424426,2.247220505424426
2026-04-14,cv_2,all,fy_rd_growth_yoy,0.4323215115378658,False,0.4323215115378658,0.4886455331412103,0.4793357775042939,0.020921073767769246,-2.247220505424426,2.247220505424426
2026-04-15,cv_2,all,fy_rd_growth_yoy,0.4323215115378658,False,0.4323215115378658,0.4886455331412103,0.4793357775042939,0.020921073767769246,-2.247220505424426,2.247220505424426
2026-04-16,cv_2,all,fy_rd_growth_yoy,0.4323215115378658,False,0.4323215115378658,0.4886455331412103,0.4793357775042939,0.020921073767769246,-2.247220505424426,2.247220505424426
2026-04-17,cv_2,all,fy_rd_growth_yoy,0.4323215115378658,False,0.4323215115378658,0.4886455331412103,0.4793357775042939,0.020921073767769246,-2.247220505424426,2.247220505424426
2026-04-20,cv_2,all,fy_rd_growth_yoy,0.4323215115378658,False,0.4323215115378658,0.4886455331412103,0.4793357775042939,0.020921073767769246,-2.247220505424426,2.247220505424426
2026-04-21,cv_2,all,fy_rd_growth_yoy,0.4323215115378658,False,0.4323215115378658,0.4886455331412103,0.4793357775042939,0.020921073767769246,-2.247220505424426,2.247220505424426
2026-04-22,cv_2,all,fy_rd_growth_yoy,0.4323215115378658,False,0.4323215115378658,0.4886455331412103,0.4793357775042939,0.020921073767769246,-2.247220505424426,2.247220505424426
2026-04-23,cv_2,all,fy_rd_growth_yoy,0.4323215115378658,False,0.4323215115378658,0.4886455331412103,0.4793357775042939,0.020921073767769246,-2.247220505424426,2.247220505424426
2026-04-24,cv_2,all,fy_rd_growth_yoy,0.4323215115378658,False,0.4323215115378658,0.4886455331412103,0.4793357775042939,0.020921073767769246,-2.247220505424426,2.247220505424426
2026-04-27,cv_2,all,fy_rd_growth_yoy,0.4323215115378658,False,0.4323215115378658,0.4886455331412103,0.4793357775042939,0.020921073767769246,-2.247220505424426,2.247220505424426
2026-04-28,cv_2,all,fy_rd_growth_yoy,0.4323215115378658,False,0.4323215115378658,0.4886455331412103,0.4793357775042939,0.020921073767769246,-2.247220505424426,2.247220505424426
2026-04-29,cv_2,all,fy_rd_growth_yoy,0.4323215115378658,False,0.4323215115378658,0.4886455331412103,0.4793357775042939,0.020921073767769246,-2.247220505424426,2.247220505424426
2026-04-30,cv_2,all,fy_rd_growth_yoy,0.4323215115378658,False,0.4323215115378658,0.4886455331412103,0.4793357775042939,0.020921073767769246,-2.247220505424426,2.247220505424426
2026-05-01,cv_2,all,fy_rd_growth_yoy,0.4323215115378658,False,0.4323215115378658,0.4886455331412103,0.4793357775042939,0.020921073767769246,-2.247220505424426,2.247220505424426
2026-05-04,cv_2,all,fy_rd_growth_yoy,0.4323215115378658,False,0.4323215115378658,0.4886455331412103,0.4793357775042939,0.020921073767769246,-2.247220505424426,2.247220505424426
2026-05-05,cv_2,all,fy_rd_growth_yoy,0.4323215115378658,False,0.4323215115378658,0.4886455331412103,0.4793357775042939,0.020921073767769246,-2.247220505424426,2.247220505424426
2026-05-06,cv_2,all,fy_rd_growth_yoy,0.4323215115378658,False,0.4323215115378658,0.4886455331412103,0.4793357775042939,0.020921073767769246,-2.247220505424426,2.247220505424426
2026-05-07,cv_2,all,fy_rd_growth_yoy,0.4323215115378658,False,0.4323215115378658,0.4886455331412103,0.4793357775042939,0.020921073767769246,-2.247220505424426,2.247220505424426
2026-04-02,cv_2,all,fy_operating_cash_flow_growth_yoy,0.6027399397712556,False,0.6027399397712556,1.281559273762905,1.1693577309543677,0.25214160773960076,-2.2472205054244223,2.2472205054244223
2026-04-06,cv_2,all,fy_operating_cash_flow_growth_yoy,0.6027399397712556,False,0.6027399397712556,1.281559273762905,1.1693577309543677,0.25214160773960076,-2.2472205054244223,2.2472205054244223
2026-04-07,cv_2,all,fy_operating_cash_flow_growth_yoy,0.6027399397712556,False,0.6027399397712556,1.281559273762905,1.1693577309543677,0.25214160773960076,-2.2472205054244223,2.2472205054244223
2026-04-08,cv_2,all,fy_operating_cash_flow_growth_yoy,0.6027399397712556,False,0.6027399397712556,1.281559273762905,1.1693577309543677,0.25214160773960076,-2.2472205054244223,2.2472205054244223
2026-04-09,cv_2,all,fy_operating_cash_flow_growth_yoy,0.6027399397712556,False,0.6027399397712556,1.281559273762905,1.1693577309543677,0.25214160773960076,-2.2472205054244223,2.2472205054244223
2026-04-10,cv_2,all,fy_operating_cash_flow_growth_yoy,0.6027399397712556,False,0.6027399397712556,1.281559273762905,1.1693577309543677,0.25214160773960076,-2.2472205054244223,2.2472205054244223
2026-04-13,cv_2,all,fy_operating_cash_flow_growth_yoy,0.6027399397712556,False,0.6027399397712556,1.281559273762905,1.1693577309543677,0.25214160773960076,-2.2472205054244223,2.2472205054244223
2026-04-14,cv_2,all,fy_operating_cash_flow_growth_yoy,0.6027399397712556,False,0.6027399397712556,1.281559273762905,1.1693577309543677,0.25214160773960076,-2.2472205054244223,2.2472205054244223
2026-04-15,cv_2,all,fy_operating_cash_flow_growth_yoy,0.6027399397712556,False,0.6027399397712556,1.281559273762905,1.1693577309543677,0.25214160773960076,-2.2472205054244223,2.2472205054244223
2026-04-16,cv_2,all,fy_operating_cash_flow_growth_yoy,0.6027399397712556,False,0.6027399397712556,1.281559273762905,1.1693577309543677,0.25214160773960076,-2.2472205054244223,2.2472205054244223
2026-04-17,cv_2,all,fy_operating_cash_flow_growth_yoy,0.6027399397712556,False,0.6027399397712556,1.281559273762905,1.1693577309543677,0.25214160773960076,-2.2472205054244223,2.2472205054244223
2026-04-20,cv_2,all,fy_operating_cash_flow_growth_yoy,0.6027399397712556,False,0.6027399397712556,1.281559273762905,1.1693577309543677,0.25214160773960076,-2.2472205054244223,2.2472205054244223
2026-04-21,cv_2,all,fy_operating_cash_flow_growth_yoy,0.6027399397712556,False,0.6027399397712556,1.281559273762905,1.1693577309543677,0.25214160773960076,-2.2472205054244223,2.2472205054244223
2026-04-22,cv_2,all,fy_operating_cash_flow_growth_yoy,0.6027399397712556,False,0.6027399397712556,1.281559273762905,1.1693577309543677,0.25214160773960076,-2.2472205054244223,2.2472205054244223
2026-04-23,cv_2,all,fy_operating_cash_flow_growth_yoy,0.6027399397712556,False,0.6027399397712556,1.281559273762905,1.1693577309543677,0.25214160773960076,-2.2472205054244223,2.2472205054244223
2026-04-24,cv_2,all,fy_operating_cash_flow_growth_yoy,0.6027399397712556,False,0.6027399397712556,1.281559273762905,1.1693577309543677,0.25214160773960076,-2.2472205054244223,2.2472205054244223
2026-04-27,cv_2,all,fy_operating_cash_flow_growth_yoy,0.6027399397712556,False,0.6027399397712556,1.281559273762905,1.1693577309543677,0.25214160773960076,-2.2472205054244223,2.2472205054244223
2026-04-28,cv_2,all,fy_operating_cash_flow_growth_yoy,0.6027399397712556,False,0.6027399397712556,1.281559273762905,1.1693577309543677,0.25214160773960076,-2.2472205054244223,2.2472205054244223
2026-04-29,cv_2,all,fy_operating_cash_flow_growth_yoy,0.6027399397712556,False,0.6027399397712556,1.281559273762905,1.1693577309543677,0.25214160773960076,-2.2472205054244223,2.2472205054244223
2026-04-30,cv_2,all,fy_operating_cash_flow_growth_yoy,0.6027399397712556,False,0.6027399397712556,1.281559273762905,1.1693577309543677,0.25214160773960076,-2.2472205054244223,2.2472205054244223
2026-05-01,cv_2,all,fy_operating_cash_flow_growth_yoy,0.6027399397712556,False,0.6027399397712556,1.281559273762905,1.1693577309543677,0.25214160773960076,-2.2472205054244223,2.2472205054244223
2026-05-04,cv_2,all,fy_operating_cash_flow_growth_yoy,0.6027399397712556,False,0.6027399397712556,1.281559273762905,1.1693577309543677,0.25214160773960076,-2.2472205054244223,2.2472205054244223
2026-05-05,cv_2,all,fy_operating_cash_flow_growth_yoy,0.6027399397712556,False,0.6027399397712556,1.281559273762905,1.1693577309543677,0.25214160773960076,-2.2472205054244223,2.2472205054244223
2026-05-06,cv_2,all,fy_operating_cash_flow_growth_yoy,0.6027399397712556,False,0.6027399397712556,1.281559273762905,1.1693577309543677,0.25214160773960076,-2.2472205054244223,2.2472205054244223
2026-05-07,cv_2,all,fy_operating_cash_flow_growth_yoy,0.6027399397712556,False,0.6027399397712556,1.281559273762905,1.1693577309543677,0.25214160773960076,-2.2472205054244223,2.2472205054244223
2026-04-02,cv_2,all,current_ratio,3.905263812455306,False,3.905263812455306,4.467574304889741,4.299186851530202,0.20745970904266806,-1.8987929795750267,1.8987929795750267
2026-04-06,cv_2,all,current_ratio,3.905263812455306,False,3.905263812455306,4.467574304889741,4.299186851530202,0.20745970904266806,-1.8987929795750267,1.8987929795750267
2026-04-07,cv_2,all,current_ratio,3.905263812455306,False,3.905263812455306,4.467574304889741,4.299186851530202,0.20745970904266806,-1.8987929795750267,1.8987929795750267
2026-04-08,cv_2,all,current_ratio,3.905263812455306,False,3.905263812455306,4.467574304889741,4.299186851530202,0.20745970904266806,-1.8987929795750267,1.8987929795750267
2026-04-09,cv_2,all,current_ratio,3.905263812455306,False,3.905263812455306,4.467574304889741,4.299186851530202,0.20745970904266806,-1.8987929795750267,1.8987929795750267
2026-04-10,cv_2,all,current_ratio,3.905263812455306,False,3.905263812455306,4.467574304889741,4.299186851530202,0.20745970904266806,-1.8987929795750267,1.8987929795750267
2026-04-13,cv_2,all,current_ratio,3.905263812455306,False,3.905263812455306,4.467574304889741,4.299186851530202,0.20745970904266806,-1.8987929795750267,1.8987929795750267
2026-04-14,cv_2,all,current_ratio,3.905263812455306,False,3.905263812455306,4.467574304889741,4.299186851530202,0.20745970904266806,-1.8987929795750267,1.8987929795750267
2026-04-15,cv_2,all,current_ratio,3.905263812455306,False,3.905263812455306,4.467574304889741,4.299186851530202,0.20745970904266806,-1.8987929795750267,1.8987929795750267
2026-04-16,cv_2,all,current_ratio,3.905263812455306,False,3.905263812455306,4.467574304889741,4.299186851530202,0.20745970904266806,-1.8987929795750267,1.8987929795750267
2026-04-17,cv_2,all,current_ratio,3.905263812455306,False,3.905263812455306,4.467574304889741,4.299186851530202,0.20745970904266806,-1.8987929795750267,1.8987929795750267
2026-04-20,cv_2,all,current_ratio,3.905263812455306,False,3.905263812455306,4.467574304889741,4.299186851530202,0.20745970904266806,-1.8987929795750267,1.8987929795750267
2026-04-21,cv_2,all,current_ratio,3.905263812455306,False,3.905263812455306,4.467574304889741,4.299186851530202,0.20745970904266806,-1.8987929795750267,1.8987929795750267
2026-04-22,cv_2,all,current_ratio,3.905263812455306,False,3.905263812455306,4.467574304889741,4.299186851530202,0.20745970904266806,-1.8987929795750267,1.8987929795750267
2026-04-23,cv_2,all,current_ratio,3.905263812455306,False,3.905263812455306,4.467574304889741,4.299186851530202,0.20745970904266806,-1.8987929795750267,1.8987929795750267
2026-04-24,cv_2,all,current_ratio,3.905263812455306,False,3.905263812455306,4.467574304889741,4.299186851530202,0.20745970904266806,-1.8987929795750267,1.8987929795750267
2026-04-27,cv_2,all,current_ratio,3.905263812455306,False,3.905263812455306,4.467574304889741,4.299186851530202,0.20745970904266806,-1.8987929795750267,1.8987929795750267
2026-04-28,cv_2,all,current_ratio,3.905263812455306,False,3.905263812455306,4.467574304889741,4.299186851530202,0.20745970904266806,-1.8987929795750267,1.8987929795750267
2026-04-29,cv_2,all,current_ratio,3.905263812455306,False,3.905263812455306,4.467574304889741,4.299186851530202,0.20745970904266806,-1.8987929795750267,1.8987929795750267
2026-04-30,cv_2,all,current_ratio,3.905263812455306,False,3.905263812455306,4.467574304889741,4.299186851530202,0.20745970904266806,-1.8987929795750267,1.8987929795750267
2026-05-01,cv_2,all,current_ratio,3.905263812455306,False,3.905263812455306,4.467574304889741,4.299186851530202,0.20745970904266806,-1.8987929795750267,1.8987929795750267
2026-05-04,cv_2,all,current_ratio,3.905263812455306,False,3.905263812455306,4.467574304889741,4.299186851530202,0.20745970904266806,-1.8987929795750267,1.8987929795750267
2026-05-05,cv_2,all,current_ratio,3.905263812455306,False,3.905263812455306,4.467574304889741,4.299186851530202,0.20745970904266806,-1.8987929795750267,1.8987929795750267
2026-05-06,cv_2,all,current_ratio,3.905263812455306,False,3.905263812455306,4.467574304889741,4.299186851530202,0.20745970904266806,-1.8987929795750267,1.8987929795750267
2026-05-07,cv_2,all,current_ratio,3.905263812455306,False,3.905263812455306,4.467574304889741,4.299186851530202,0.20745970904266806,-1.8987929795750267,1.8987929795750267
2026-04-02,cv_2,all,cash_to_assets,0.0512806874174939,False,0.0512806874174939,0.0712760940253679,0.07136949763154082,0.010241834313003191,-1.961446514375053,1.961446514375053
2026-04-06,cv_2,all,cash_to_assets,0.0512806874174939,False,0.0512806874174939,0.0712760940253679,0.07136949763154082,0.010241834313003191,-1.961446514375053,1.961446514375053
2026-04-07,cv_2,all,cash_to_assets,0.0512806874174939,False,0.0512806874174939,0.0712760940253679,0.07136949763154082,0.010241834313003191,-1.961446514375053,1.961446514375053
2026-04-08,cv_2,all,cash_to_assets,0.0512806874174939,False,0.0512806874174939,0.0712760940253679,0.07136949763154082,0.010241834313003191,-1.961446514375053,1.961446514375053
2026-04-09,cv_2,all,cash_to_assets,0.0512806874174939,False,0.0512806874174939,0.0712760940253679,0.07136949763154082,0.010241834313003191,-1.961446514375053,1.961446514375053
2026-04-10,cv_2,all,cash_to_assets,0.0512806874174939,False,0.0512806874174939,0.0712760940253679,0.07136949763154082,0.010241834313003191,-1.961446514375053,1.961446514375053
2026-04-13,cv_2,all,cash_to_assets,0.0512806874174939,False,0.0512806874174939,0.0712760940253679,0.07136949763154082,0.010241834313003191,-1.961446514375053,1.961446514375053
2026-04-14,cv_2,all,cash_to_assets,0.0512806874174939,False,0.0512806874174939,0.0712760940253679,0.07136949763154082,0.010241834313003191,-1.961446514375053,1.961446514375053
2026-04-15,cv_2,all,cash_to_assets,0.0512806874174939,False,0.0512806874174939,0.0712760940253679,0.07136949763154082,0.010241834313003191,-1.961446514375053,1.961446514375053
2026-04-16,cv_2,all,cash_to_assets,0.0512806874174939,False,0.0512806874174939,0.0712760940253679,0.07136949763154082,0.010241834313003191,-1.961446514375053,1.961446514375053
2026-04-17,cv_2,all,cash_to_assets,0.0512806874174939,False,0.0512806874174939,0.0712760940253679,0.07136949763154082,0.010241834313003191,-1.961446514375053,1.961446514375053
2026-04-20,cv_2,all,cash_to_assets,0.0512806874174939,False,0.0512806874174939,0.0712760940253679,0.07136949763154082,0.010241834313003191,-1.961446514375053,1.961446514375053
2026-04-21,cv_2,all,cash_to_assets,0.0512806874174939,False,0.0512806874174939,0.0712760940253679,0.07136949763154082,0.010241834313003191,-1.961446514375053,1.961446514375053
2026-04-22,cv_2,all,cash_to_assets,0.0512806874174939,False,0.0512806874174939,0.0712760940253679,0.07136949763154082,0.010241834313003191,-1.961446514375053,1.961446514375053
2026-04-23,cv_2,all,cash_to_assets,0.0512806874174939,False,0.0512806874174939,0.0712760940253679,0.07136949763154082,0.010241834313003191,-1.961446514375053,1.961446514375053
2026-04-24,cv_2,all,cash_to_assets,0.0512806874174939,False,0.0512806874174939,0.0712760940253679,0.07136949763154082,0.010241834313003191,-1.961446514375053,1.961446514375053
2026-04-27,cv_2,all,cash_to_assets,0.0512806874174939,False,0.0512806874174939,0.0712760940253679,0.07136949763154082,0.010241834313003191,-1.961446514375053,1.961446514375053
2026-04-28,cv_2,all,cash_to_assets,0.0512806874174939,False,0.0512806874174939,0.0712760940253679,0.07136949763154082,0.010241834313003191,-1.961446514375053,1.961446514375053
2026-04-29,cv_2,all,cash_to_assets,0.0512806874174939,False,0.0512806874174939,0.0712760940253679,0.07136949763154082,0.010241834313003191,-1.961446514375053,1.961446514375053
2026-04-30,cv_2,all,cash_to_assets,0.0512806874174939,False,0.0512806874174939,0.0712760940253679,0.07136949763154082,0.010241834313003191,-1.961446514375053,1.961446514375053
2026-05-01,cv_2,all,cash_to_assets,0.0512806874174939,False,0.0512806874174939,0.0712760940253679,0.07136949763154082,0.010241834313003191,-1.961446514375053,1.961446514375053
2026-05-04,cv_2,all,cash_to_assets,0.0512806874174939,False,0.0512806874174939,0.0712760940253679,0.07136949763154082,0.010241834313003191,-1.961446514375053,1.961446514375053
2026-05-05,cv_2,all,cash_to_assets,0.0512806874174939,False,0.0512806874174939,0.0712760940253679,0.07136949763154082,0.010241834313003191,-1.961446514375053,1.961446514375053
2026-05-06,cv_2,all,cash_to_assets,0.0512806874174939,False,0.0512806874174939,0.0712760940253679,0.07136949763154082,0.010241834313003191,-1.961446514375053,1.961446514375053
2026-05-07,cv_2,all,cash_to_assets,0.0512806874174939,False,0.0512806874174939,0.0712760940253679,0.07136949763154082,0.010241834313003191,-1.961446514375053,1.961446514375053
2026-04-02,cv_2,all,liabilities_to_assets,0.2394065850108557,False,0.2394065850108557,0.2621875542979124,0.26626224906611035,0.016606557862731887,-1.6171722205914565,1.6171722205914565
2026-04-06,cv_2,all,liabilities_to_assets,0.2394065850108557,False,0.2394065850108557,0.2621875542979124,0.26626224906611035,0.016606557862731887,-1.6171722205914565,1.6171722205914565
2026-04-07,cv_2,all,liabilities_to_assets,0.2394065850108557,False,0.2394065850108557,0.2621875542979124,0.26626224906611035,0.016606557862731887,-1.6171722205914565,1.6171722205914565
2026-04-08,cv_2,all,liabilities_to_assets,0.2394065850108557,False,0.2394065850108557,0.2621875542979124,0.26626224906611035,0.016606557862731887,-1.6171722205914565,1.6171722205914565
2026-04-09,cv_2,all,liabilities_to_assets,0.2394065850108557,False,0.2394065850108557,0.2621875542979124,0.26626224906611035,0.016606557862731887,-1.6171722205914565,1.6171722205914565
2026-04-10,cv_2,all,liabilities_to_assets,0.2394065850108557,False,0.2394065850108557,0.2621875542979124,0.26626224906611035,0.016606557862731887,-1.6171722205914565,1.6171722205914565
2026-04-13,cv_2,all,liabilities_to_assets,0.2394065850108557,False,0.2394065850108557,0.2621875542979124,0.26626224906611035,0.016606557862731887,-1.6171722205914565,1.6171722205914565
2026-04-14,cv_2,all,liabilities_to_assets,0.2394065850108557,False,0.2394065850108557,0.2621875542979124,0.26626224906611035,0.016606557862731887,-1.6171722205914565,1.6171722205914565
2026-04-15,cv_2,all,liabilities_to_assets,0.2394065850108557,False,0.2394065850108557,0.2621875542979124,0.26626224906611035,0.016606557862731887,-1.6171722205914565,1.6171722205914565
2026-04-16,cv_2,all,liabilities_to_assets,0.2394065850108557,False,0.2394065850108557,0.2621875542979124,0.26626224906611035,0.016606557862731887,-1.6171722205914565,1.6171722205914565
2026-04-17,cv_2,all,liabilities_to_assets,0.2394065850108557,False,0.2394065850108557,0.2621875542979124,0.26626224906611035,0.016606557862731887,-1.6171722205914565,1.6171722205914565
2026-04-20,cv_2,all,liabilities_to_assets,0.2394065850108557,False,0.2394065850108557,0.2621875542979124,0.26626224906611035,0.016606557862731887,-1.6171722205914565,1.6171722205914565
2026-04-21,cv_2,all,liabilities_to_assets,0.2394065850108557,False,0.2394065850108557,0.2621875542979124,0.26626224906611035,0.016606557862731887,-1.6171722205914565,1.6171722205914565
2026-04-22,cv_2,all,liabilities_to_assets,0.2394065850108557,False,0.2394065850108557,0.2621875542979124,0.26626224906611035,0.016606557862731887,-1.6171722205914565,1.6171722205914565
2026-04-23,cv_2,all,liabilities_to_assets,0.2394065850108557,False,0.2394065850108557,0.2621875542979124,0.26626224906611035,0.016606557862731887,-1.6171722205914565,1.6171722205914565
2026-04-24,cv_2,all,liabilities_to_assets,0.2394065850108557,False,0.2394065850108557,0.2621875542979124,0.26626224906611035,0.016606557862731887,-1.6171722205914565,1.6171722205914565
2026-04-27,cv_2,all,liabilities_to_assets,0.2394065850108557,False,0.2394065850108557,0.2621875542979124,0.26626224906611035,0.016606557862731887,-1.6171722205914565,1.6171722205914565
2026-04-28,cv_2,all,liabilities_to_assets,0.2394065850108557,False,0.2394065850108557,0.2621875542979124,0.26626224906611035,0.016606557862731887,-1.6171722205914565,1.6171722205914565
2026-04-29,cv_2,all,liabilities_to_assets,0.2394065850108557,False,0.2394065850108557,0.2621875542979124,0.26626224906611035,0.016606557862731887,-1.6171722205914565,1.6171722205914565
2026-04-30,cv_2,all,liabilities_to_assets,0.2394065850108557,False,0.2394065850108557,0.2621875542979124,0.26626224906611035,0.016606557862731887,-1.6171722205914565,1.6171722205914565
2026-05-01,cv_2,all,liabilities_to_assets,0.2394065850108557,False,0.2394065850108557,0.2621875542979124,0.26626224906611035,0.016606557862731887,-1.6171722205914565,1.6171722205914565
2026-05-04,cv_2,all,liabilities_to_assets,0.2394065850108557,False,0.2394065850108557,0.2621875542979124,0.26626224906611035,0.016606557862731887,-1.6171722205914565,1.6171722205914565
2026-05-05,cv_2,all,liabilities_to_assets,0.2394065850108557,False,0.2394065850108557,0.2621875542979124,0.26626224906611035,0.016606557862731887,-1.6171722205914565,1.6171722205914565
2026-05-06,cv_2,all,liabilities_to_assets,0.2394065850108557,False,0.2394065850108557,0.2621875542979124,0.26626224906611035,0.016606557862731887,-1.6171722205914565,1.6171722205914565
2026-05-07,cv_2,all,liabilities_to_assets,0.2394065850108557,False,0.2394065850108557,0.2621875542979124,0.26626224906611035,0.016606557862731887,-1.6171722205914565,1.6171722205914565
2026-04-02,cv_2,all,debt_to_assets,0.0361164973428818,False,0.0361164973428818,0.0463424926154839,0.048761297922107795,0.008257353651264203,-1.5313381397065484,1.5313381397065484
2026-04-06,cv_2,all,debt_to_assets,0.0361164973428818,False,0.0361164973428818,0.0463424926154839,0.048761297922107795,0.008257353651264203,-1.5313381397065484,1.5313381397065484
2026-04-07,cv_2,all,debt_to_assets,0.0361164973428818,False,0.0361164973428818,0.0463424926154839,0.048761297922107795,0.008257353651264203,-1.5313381397065484,1.5313381397065484
2026-04-08,cv_2,all,debt_to_assets,0.0361164973428818,False,0.0361164973428818,0.0463424926154839,0.048761297922107795,0.008257353651264203,-1.5313381397065484,1.5313381397065484
2026-04-09,cv_2,all,debt_to_assets,0.0361164973428818,False,0.0361164973428818,0.0463424926154839,0.048761297922107795,0.008257353651264203,-1.5313381397065484,1.5313381397065484
2026-04-10,cv_2,all,debt_to_assets,0.0361164973428818,False,0.0361164973428818,0.0463424926154839,0.048761297922107795,0.008257353651264203,-1.5313381397065484,1.5313381397065484
2026-04-13,cv_2,all,debt_to_assets,0.0361164973428818,False,0.0361164973428818,0.0463424926154839,0.048761297922107795,0.008257353651264203,-1.5313381397065484,1.5313381397065484
2026-04-14,cv_2,all,debt_to_assets,0.0361164973428818,False,0.0361164973428818,0.0463424926154839,0.048761297922107795,0.008257353651264203,-1.5313381397065484,1.5313381397065484
2026-04-15,cv_2,all,debt_to_assets,0.0361164973428818,False,0.0361164973428818,0.0463424926154839,0.048761297922107795,0.008257353651264203,-1.5313381397065484,1.5313381397065484
2026-04-16,cv_2,all,debt_to_assets,0.0361164973428818,False,0.0361164973428818,0.0463424926154839,0.048761297922107795,0.008257353651264203,-1.5313381397065484,1.5313381397065484
2026-04-17,cv_2,all,debt_to_assets,0.0361164973428818,False,0.0361164973428818,0.0463424926154839,0.048761297922107795,0.008257353651264203,-1.5313381397065484,1.5313381397065484
2026-04-20,cv_2,all,debt_to_assets,0.0361164973428818,False,0.0361164973428818,0.0463424926154839,0.048761297922107795,0.008257353651264203,-1.5313381397065484,1.5313381397065484
2026-04-21,cv_2,all,debt_to_assets,0.0361164973428818,False,0.0361164973428818,0.0463424926154839,0.048761297922107795,0.008257353651264203,-1.5313381397065484,1.5313381397065484
2026-04-22,cv_2,all,debt_to_assets,0.0361164973428818,False,0.0361164973428818,0.0463424926154839,0.048761297922107795,0.008257353651264203,-1.5313381397065484,1.5313381397065484
2026-04-23,cv_2,all,debt_to_assets,0.0361164973428818,False,0.0361164973428818,0.0463424926154839,0.048761297922107795,0.008257353651264203,-1.5313381397065484,1.5313381397065484
2026-04-24,cv_2,all,debt_to_assets,0.0361164973428818,False,0.0361164973428818,0.0463424926154839,0.048761297922107795,0.008257353651264203,-1.5313381397065484,1.5313381397065484
2026-04-27,cv_2,all,debt_to_assets,0.0361164973428818,False,0.0361164973428818,0.0463424926154839,0.048761297922107795,0.008257353651264203,-1.5313381397065484,1.5313381397065484
2026-04-28,cv_2,all,debt_to_assets,0.0361164973428818,False,0.0361164973428818,0.0463424926154839,0.048761297922107795,0.008257353651264203,-1.5313381397065484,1.5313381397065484
2026-04-29,cv_2,all,debt_to_assets,0.0361164973428818,False,0.0361164973428818,0.0463424926154839,0.048761297922107795,0.008257353651264203,-1.5313381397065484,1.5313381397065484
2026-04-30,cv_2,all,debt_to_assets,0.0361164973428818,False,0.0361164973428818,0.0463424926154839,0.048761297922107795,0.008257353651264203,-1.5313381397065484,1.5313381397065484
2026-05-01,cv_2,all,debt_to_assets,0.0361164973428818,False,0.0361164973428818,0.0463424926154839,0.048761297922107795,0.008257353651264203,-1.5313381397065484,1.5313381397065484
2026-05-04,cv_2,all,debt_to_assets,0.0361164973428818,False,0.0361164973428818,0.0463424926154839,0.048761297922107795,0.008257353651264203,-1.5313381397065484,1.5313381397065484
2026-05-05,cv_2,all,debt_to_assets,0.0361164973428818,False,0.0361164973428818,0.0463424926154839,0.048761297922107795,0.008257353651264203,-1.5313381397065484,1.5313381397065484
2026-05-06,cv_2,all,debt_to_assets,0.0361164973428818,False,0.0361164973428818,0.0463424926154839,0.048761297922107795,0.008257353651264203,-1.5313381397065484,1.5313381397065484
2026-05-07,cv_2,all,debt_to_assets,0.0361164973428818,False,0.0361164973428818,0.0463424926154839,0.048761297922107795,0.008257353651264203,-1.5313381397065484,1.5313381397065484
2026-05-08,cv_3,market,simple_return,0.0174940754054004,False,0.0174940754054004,0.0014093240930164,0.000706292121481235,0.022809900737053933,0.7359866874233241,0.7359866874233241
2026-05-11,cv_3,market,simple_return,0.0197026280357421,False,0.0197026280357421,0.0014093240930164,0.000706292121481235,0.022809900737053933,0.8328109855998602,0.8328109855998602
2026-05-12,cv_3,market,simple_return,0.006106436032548,False,0.006106436032548,0.0014093240930164,0.000706292121481235,0.022809900737053933,0.2367456120619766,0.2367456120619766
2026-05-13,cv_3,market,simple_return,0.0228734626310331,False,0.0228734626310331,0.0014093240930164,0.000706292121481235,0.022809900737053933,0.9718223137000341,0.9718223137000341
2026-05-14,cv_3,market,simple_return,0.0438825823927644,False,0.0438825823927644,0.0014093240930164,0.000706292121481235,0.022809900737053933,1.8928749742932773,1.8928749742932773
2026-05-15,cv_3,market,simple_return,-0.0442012298555218,False,-0.0442012298555218,0.0014093240930164,0.000706292121481235,0.022809900737053933,-1.9687732311808022,1.9687732311808022
2026-05-18,cv_3,market,simple_return,-0.0133143968688196,False,-0.0133143968688196,0.0014093240930164,0.000706292121481235,0.022809900737053933,-0.6146755810964442,0.6146755810964442
2026-05-19,cv_3,market,simple_return,-0.007691645634814,False,-0.007691645634814,0.0014093240930164,0.000706292121481235,0.022809900737053933,-0.36817072783894506,0.36817072783894506
2026-05-20,cv_3,market,simple_return,0.0129640569441045,False,0.0129640569441045,0.0014093240930164,0.000706292121481235,0.022809900737053933,0.5373879072919826,0.5373879072919826
2026-05-21,cv_3,market,simple_return,-0.0177205293428006,False,-0.0177205293428006,0.0014093240930164,0.000706292121481235,0.022809900737053933,-0.8078431237689724,0.8078431237689724
2026-05-22,cv_3,market,simple_return,-0.0190423797566589,False,-0.0190423797566589,0.0014093240930164,0.000706292121481235,0.022809900737053933,-0.865793854423008,0.865793854423008
2026-05-26,cv_3,market,simple_return,-0.0021827019769955,False,-0.0021827019769955,0.0014093240930164,0.000706292121481235,0.022809900737053933,-0.12665526833195112,0.12665526833195112
2026-05-27,cv_3,market,simple_return,-0.0105184515517827,False,-0.0105184515517827,0.0014093240930164,0.000706292121481235,0.022809900737053933,-0.49209962825615056,0.49209962825615056
2026-05-28,cv_3,market,simple_return,0.007761024690098,False,0.007761024690098,0.0014093240930164,0.000706292121481235,0.022809900737053933,0.3092837908389748,0.3092837908389748
2026-05-29,cv_3,market,simple_return,-0.0145157554742196,False,-0.0145157554742196,0.0014093240930164,0.000706292121481235,0.022809900737053933,-0.667343877168791,0.667343877168791
2026-06-01,cv_3,market,simple_return,0.062612490569853,False,0.062612490569853,0.0014093240930164,0.000706292121481235,0.022809900737053933,2.714005604934843,2.714005604934843
2026-06-02,cv_3,market,simple_return,-0.0068639386786567,False,-0.0068639386786567,0.0014093240930164,0.000706292121481235,0.022809900737053933,-0.3318835486136222,0.3318835486136222
2026-06-03,cv_3,market,simple_return,-0.0362176064040619,False,-0.0362176064040619,0.0014093240930164,0.000706292121481235,0.022809900737053933,-1.6187662958813966,1.6187662958813966
2026-06-04,cv_3,market,simple_return,0.0182072347478898,False,0.0182072347478898,0.0014093240930164,0.000706292121481235,0.022809900737053933,0.7672520292023394,0.7672520292023394
2026-06-05,cv_3,market,simple_return,-0.0620140735913813,False,-0.0620140735913813,0.0014093240930164,0.000706292121481235,0.022809900737053933,-2.749699195795945,2.749699195795945
2026-06-08,cv_3,market,simple_return,0.0172598399843351,False,0.0172598399843351,0.0014093240930164,0.000706292121481235,0.022809900737053933,0.7257176632936052,0.7257176632936052
2026-06-09,cv_3,market,simple_return,-0.002156810532777,False,-0.002156810532777,0.0014093240930164,0.000706292121481235,0.022809900737053933,-0.12552017158089684,0.12552017158089684
2026-06-10,cv_3,market,simple_return,-0.0373216973982588,False,-0.0373216973982588,0.0014093240930164,0.000706292121481235,0.022809900737053933,-1.667170320384815,1.667170320384815
2026-06-11,cv_3,market,simple_return,0.0222033578929137,False,0.0222033578929137,0.0014093240930164,0.000706292121481235,0.022809900737053933,0.9424445121109708,0.9424445121109708
2026-06-12,cv_3,market,simple_return,0.0015620019126554,False,0.0015620019126554,0.0014093240930164,0.000706292121481235,0.022809900737053933,0.037514840640410704,0.037514840640410704
2026-05-08,cv_3,market,log_return,0.0173428156202659,False,0.0173428156202659,0.0014083319278955,0.0004464532523175449,0.0227831974668494,0.7416150605082249,0.7416150605082249
2026-05-11,cv_3,market,log_return,0.0195110436483701,False,0.0195110436483701,0.0014083319278955,0.0004464532523175449,0.0227831974668494,0.8367829152950287,0.8367829152950287
2026-05-12,cv_3,market,log_return,0.0060878673061894,False,0.0060878673061894,0.0014083319278955,0.0004464532523175449,0.0227831974668494,0.24761292009518732,0.24761292009518732
2026-05-13,cv_3,market,log_return,0.0226157868761655,False,0.0226157868761655,0.0014083319278955,0.0004464532523175449,0.0227831974668494,0.9730562909839743,0.9730562909839743
2026-05-14,cv_3,market,log_return,0.0429470141628899,False,0.0429470141628899,0.0014083319278955,0.0004464532523175449,0.0227831974668494,1.8654344269461134,1.8654344269461134
2026-05-15,cv_3,market,log_return,-0.0452078795678481,False,-0.0452078795678481,0.0014083319278955,0.0004464532523175449,0.0227831974668494,-2.003859769314417,2.003859769314417
2026-05-18,cv_3,market,log_return,-0.0134038281536289,False,-0.0134038281536289,0.0014083319278955,0.0004464532523175449,0.0227831974668494,-0.607916488723729,0.607916488723729
2026-05-19,cv_3,market,log_return,-0.0077213789044106,False,-0.0077213789044106,0.0014083319278955,0.0004464532523175449,0.0227831974668494,-0.35850245202029773,0.35850245202029773
2026-05-20,cv_3,market,log_return,0.0128807428444608,False,0.0128807428444608,0.0014083319278955,0.0004464532523175449,0.0227831974668494,0.5457657824471617,0.5457657824471617
2026-05-21,cv_3,market,log_return,-0.017879417779403,False,-0.017879417779403,0.0014083319278955,0.0004464532523175449,0.0227831974668494,-0.804359048302396,0.804359048302396
2026-05-22,cv_3,market,log_return,-0.0192260209173856,False,-0.0192260209173856,0.0014083319278955,0.0004464532523175449,0.0227831974668494,-0.8634641471341984,0.8634641471341984
2026-05-26,cv_3,market,log_return,-0.0021850875429075,False,-0.0021850875429075,0.0014083319278955,0.0004464532523175449,0.0227831974668494,-0.11550357666232132,0.11550357666232132
2026-05-27,cv_3,market,log_return,-0.0105741614623273,False,-0.0105741614623273,0.0014083319278955,0.0004464532523175449,0.0227831974668494,-0.4837167711283873,0.4837167711283873
2026-05-28,cv_3,market,log_return,0.0077310628611257,False,0.0077310628611257,0.0014083319278955,0.0004464532523175449,0.0227831974668494,0.31973605194826565,0.31973605194826565
2026-05-29,cv_3,market,log_return,-0.0146221398070838,False,-0.0146221398070838,0.0014083319278955,0.0004464532523175449,0.0227831974668494,-0.6613906182978416,0.6613906182978416
2026-06-01,cv_3,market,log_return,0.0607304896897425,False,0.0607304896897425,0.0014083319278955,0.0004464532523175449,0.0227831974668494,2.6459866542060655,2.6459866542060655
2026-06-02,cv_3,market,log_return,-0.0068876038588154,False,-0.0068876038588154,0.0014083319278955,0.0004464532523175449,0.0227831974668494,-0.3219064014962928,0.3219064014962928
2026-06-03,cv_3,market,log_return,-0.0368897426373677,False,-0.0368897426373677,0.0014083319278955,0.0004464532523175449,0.0227831974668494,-1.6387601408455126,1.6387601408455126
2026-06-04,cv_3,market,log_return,0.0180434678899357,False,0.0180434678899357,0.0014083319278955,0.0004464532523175449,0.0227831974668494,0.7723680867543995,0.7723680867543995
2026-06-05,cv_3,market,log_return,-0.0640203339172356,False,-0.0640203339172356,0.0014083319278955,0.0004464532523175449,0.0227831974668494,-2.8295759303914774,2.8295759303914774
2026-06-08,cv_3,market,log_return,0.0171125809758419,False,0.0171125809758419,0.0014083319278955,0.0004464532523175449,0.0227831974668494,0.7315096025382011,0.7315096025382011
2026-06-09,cv_3,market,log_return,-0.0021591397984066,False,-0.0021591397984066,0.0014083319278955,0.0004464532523175449,0.0227831974668494,-0.11436467837823916,0.11436467837823916
2026-06-10,cv_3,market,log_return,-0.038035980520405,False,-0.038035980520405,0.0014083319278955,0.0004464532523175449,0.0227831974668494,-1.6890708088149724,1.6890708088149724
2026-06-11,cv_3,market,log_return,0.0219604523133006,False,0.0219604523133006,0.0014083319278955,0.0004464532523175449,0.0227831974668494,0.944292349319577,0.944292349319577
2026-06-12,cv_3,market,log_return,0.0015607832565316,False,0.0015607832565316,0.0014083319278955,0.0004464532523175449,0.0227831974668494,0.04891016749670262,0.04891016749670262
2026-05-08,cv_3,market,intraday_return,0.010186350191897,False,0.010186350191897,-0.0008035397361736,-0.001141604594464464,0.02004816973347161,0.5650368555813238,0.5650368555813238
2026-05-11,cv_3,market,intraday_return,0.0252289727371397,False,0.0252289727371397,-0.0008035397361736,-0.001141604594464464,0.02004816973347161,1.3153608375320625,1.3153608375320625
2026-05-12,cv_3,market,intraday_return,0.0102035950418675,False,0.0102035950418675,-0.0008035397361736,-0.001141604594464464,0.02004816973347161,0.5658970263699673,0.5658970263699673
2026-05-13,cv_3,market,intraday_return,0.0040012856647833,False,0.0040012856647833,-0.0008035397361736,-0.001141604594464464,0.02004816973347161,0.256526671891719,0.256526671891719
2026-05-14,cv_3,market,intraday_return,0.0256254045388011,False,0.0256254045388011,-0.0008035397361736,-0.001141604594464464,0.02004816973347161,1.3351348022845422,1.3351348022845422
2026-05-15,cv_3,market,intraday_return,-0.0193244572108706,False,-0.0193244572108706,-0.0008035397361736,-0.001141604594464464,0.02004816973347161,-0.906958234000223,0.906958234000223
2026-05-18,cv_3,market,intraday_return,-0.0328445989182701,False,-0.0328445989182701,-0.0008035397361736,-0.001141604594464464,0.02004816973347161,-1.5813410772792693,1.5813410772792693
2026-05-19,cv_3,market,intraday_return,0.0045078112884751,False,0.0045078112884751,-0.0008035397361736,-0.001141604594464464,0.02004816973347161,0.28179210162549295,0.28179210162549295
2026-05-20,cv_3,market,intraday_return,0.0012994379175519,False,0.0012994379175519,-0.0008035397361736,-0.001141604594464464,0.02004816973347161,0.12175887098266625,0.12175887098266625
2026-05-21,cv_3,market,intraday_return,-0.0125061804996251,False,-0.0125061804996251,-0.0008035397361736,-0.001141604594464464,0.02004816973347161,-0.5668635120435359,0.5668635120435359
2026-05-22,cv_3,market,intraday_return,-0.025214994202489,False,-0.025214994202489,-0.0008035397361736,-0.001141604594464464,0.02004816973347161,-1.20077742397764,1.20077742397764
2026-05-26,cv_3,market,intraday_return,-0.0077583482399082,False,-0.0077583482399082,-0.0008035397361736,-0.001141604594464464,0.02004816973347161,-0.3300422798394753,0.3300422798394753
2026-05-27,cv_3,market,intraday_return,-0.0070987719425269,False,-0.0070987719425269,-0.0008035397361736,-0.001141604594464464,0.02004816973347161,-0.29714270316240343,0.29714270316240343
2026-05-28,cv_3,market,intraday_return,0.014057181171255,False,0.014057181171255,-0.0008035397361736,-0.001141604594464464,0.02004816973347161,0.7581133823076223,0.7581133823076223
2026-05-29,cv_3,market,intraday_return,-0.0160313282321372,False,-0.0160313282321372,-0.0008035397361736,-0.001141604594464464,0.02004816973347161,-0.7426974050809962,0.7426974050809962
2026-06-01,cv_3,market,intraday_return,0.0400037317652943,False,0.0400037317652943,-0.0008035397361736,-0.001141604594464464,0.02004816973347161,2.0523238234093846,2.0523238234093846
2026-06-02,cv_3,market,intraday_return,-0.0191917664060533,False,-0.0191917664060533,-0.0008035397361736,-0.001141604594464464,0.02004816973347161,-0.9003396345678887,0.9003396345678887
2026-06-03,cv_3,market,intraday_return,-0.031436050795278,False,-0.031436050795278,-0.0008035397361736,-0.001141604594464464,0.02004816973347161,-1.5110828870445545,1.5110828870445545
2026-06-04,cv_3,market,intraday_return,0.0222056001060289,False,0.0222056001060289,-0.0008035397361736,-0.001141604594464464,0.02004816973347161,1.1645554188177996,1.1645554188177996
2026-06-05,cv_3,market,intraday_return,-0.0439565223019584,False,-0.0439565223019584,-0.0008035397361736,-0.001141604594464464,0.02004816973347161,-2.1356023156573682,2.1356023156573682
2026-06-08,cv_3,market,intraday_return,-0.0073270213140999,False,-0.0073270213140999,-0.0008035397361736,-0.001141604594464464,0.02004816973347161,-0.30852775100504637,0.30852775100504637
2026-06-09,cv_3,market,intraday_return,-0.0115373313650929,False,-0.0115373313650929,-0.0008035397361736,-0.001141604594464464,0.02004816973347161,-0.5185374479981657,0.5185374479981657
2026-06-10,cv_3,market,intraday_return,-0.0196154901457911,False,-0.0196154901457911,-0.0008035397361736,-0.001141604594464464,0.02004816973347161,-0.9214749175074763,0.9214749175074763
2026-06-11,cv_3,market,intraday_return,0.0167749741023164,False,0.0167749741023164,-0.0008035397361736,-0.001141604594464464,0.02004816973347161,0.8936765268336726,0.8936765268336726
2026-06-12,cv_3,market,intraday_return,0.0016108651277528,False,0.0016108651277528,-0.0008035397361736,-0.001141604594464464,0.02004816973347161,0.13729281818787936,0.13729281818787936
2026-05-08,cv_3,market,daily_range,0.0228160024709028,False,0.0228160024709028,0.0253490793294314,0.029052572215517915,0.013361412142156122,-0.46675977645643696,0.46675977645643696
2026-05-11,cv_3,market,daily_range,0.0383248430939795,False,0.0383248430939795,0.0253490793294314,0.029052572215517915,0.013361412142156122,0.6939589004373999,0.6939589004373999
2026-05-12,cv_3,market,daily_range,0.0399945732397689,False,0.0399945732397689,0.0253490793294314,0.029052572215517915,0.013361412142156122,0.8189254928921966,0.8189254928921966
2026-05-13,cv_3,market,daily_range,0.0277641985689861,False,0.0277641985689861,0.0253490793294314,0.029052572215517915,0.013361412142156122,-0.09642496113617442,0.09642496113617442
2026-05-14,cv_3,market,daily_range,0.0307117589958015,False,0.0307117589958015,0.0253490793294314,0.029052572215517915,0.013361412142156122,0.12417750179629161,0.12417750179629161
2026-05-15,cv_3,market,daily_range,0.0322208160431546,False,0.0322208160431546,0.0253490793294314,0.029052572215517915,0.013361412142156122,0.2371189357778036,0.2371189357778036
2026-05-18,cv_3,market,daily_range,0.0523120029672001,False,0.0523120029672001,0.0253490793294314,0.029052572215517915,0.013361412142156122,1.740791355301224,1.740791355301224
2026-05-19,cv_3,market,daily_range,0.0297810255530247,False,0.0297810255530247,0.0253490793294314,0.029052572215517915,0.013361412142156122,0.05451918777420759,0.05451918777420759
2026-05-20,cv_3,market,daily_range,0.0251935599948925,False,0.0251935599948925,0.0253490793294314,0.029052572215517915,0.013361412142156122,-0.28881769228942367,0.28881769228942367
2026-05-21,cv_3,market,daily_range,0.0431415491671758,False,0.0431415491671758,0.0253490793294314,0.029052572215517915,0.013361412142156122,1.0544526882159597,1.0544526882159597
2026-05-22,cv_3,market,daily_range,0.0288394157909794,False,0.0288394157909794,0.0253490793294314,0.029052572215517915,0.013361412142156122,-0.015953135961280035,0.015953135961280035
2026-05-26,cv_3,market,daily_range,0.0287628812167261,False,0.0287628812167261,0.0253490793294314,0.029052572215517915,0.013361412142156122,-0.02168116631009543,0.02168116631009543
2026-05-27,cv_3,market,daily_range,0.0252586780951119,False,0.0252586780951119,0.0253490793294314,0.029052572215517915,0.013361412142156122,-0.28394409812687627,0.28394409812687627
2026-05-28,cv_3,market,daily_range,0.0200700259125217,False,0.0200700259125217,0.0253490793294314,0.029052572215517915,0.013361412142156122,-0.6722752211688539,0.6722752211688539
2026-05-29,cv_3,market,daily_range,0.0318745654399629,False,0.0318745654399629,0.0253490793294314,0.029052572215517915,0.013361412142156122,0.21120471357525256,0.21120471357525256
2026-06-01,cv_3,market,daily_range,0.0408718048850024,False,0.0408718048850024,0.0253490793294314,0.029052572215517915,0.013361412142156122,0.8845796045908981,0.8845796045908981
2026-06-02,cv_3,market,daily_range,0.049053012819793,False,0.049053012819793,0.0253490793294314,0.029052572215517915,0.013361412142156122,1.496880748193703,1.496880748193703
2026-06-03,cv_3,market,daily_range,0.0386962180087673,False,0.0386962180087673,0.0253490793294314,0.029052572215517915,0.013361412142156122,0.7217534861321323,0.7217534861321323
2026-06-04,cv_3,market,daily_range,0.048614308537371,False,0.048614308537371,0.0253490793294314,0.029052572215517915,0.013361412142156122,1.4640470718012308,1.4640470718012308
2026-06-05,cv_3,market,daily_range,0.0513895318014432,False,0.0513895318014432,0.0253490793294314,0.029052572215517915,0.013361412142156122,1.671751409826715,1.671751409826715
2026-06-08,cv_3,market,daily_range,0.0214244691036214,False,0.0214244691036214,0.0253490793294314,0.029052572215517915,0.013361412142156122,-0.5709054575024561,0.5709054575024561
2026-06-09,cv_3,market,daily_range,0.0579278419576749,False,0.0579278419576749,0.0253490793294314,0.029052572215517915,0.013361412142156122,2.161094159430472,2.161094159430472
2026-06-10,cv_3,market,daily_range,0.0364235261872631,False,0.0364235261872631,0.0253490793294314,0.029052572215517915,0.013361412142156122,0.5516598016230145,0.5516598016230145
2026-06-11,cv_3,market,daily_range,0.0298726534965544,False,0.0298726534965544,0.0253490793294314,0.029052572215517915,0.013361412142156122,0.061376841931929965,0.061376841931929965
2026-06-12,cv_3,market,daily_range,0.0176909441962167,False,0.0176909441962167,0.0253490793294314,0.029052572215517915,0.013361412142156122,-0.8503313795294543,0.8503313795294543
2026-05-08,cv_3,market,sma_5,205.9019989013672,False,205.9019989013672,184.77000122070308,185.9811784927159,7.56859585997151,2.63203648037382,2.63203648037382
2026-05-11,cv_3,market,sma_5,210.09400024414063,False,210.09400024414063,184.77000122070308,185.9811784927159,7.56859585997151,3.1859042545727214,3.1859042545727214
2026-05-12,cv_3,market,sma_5,214.95,False,214.95,184.77000122070308,185.9811784927159,7.56859585997151,3.8275027552327416,3.8275027552327416
2026-05-13,cv_3,market,sma_5,218.55,False,218.55,184.77000122070308,185.9811784927159,7.56859585997151,4.303152408960398,4.303152408960398
2026-05-14,cv_3,market,sma_5,223.3980010986328,False,223.3980010986328,184.77000122070308,185.9811784927159,7.56859585997151,4.943694087803721,4.943694087803721
2026-05-15,cv_3,market,sma_5,225.42200317382813,False,225.42200317382813,184.77000122070308,185.9811784927159,7.56859585997151,5.211115167306698,5.211115167306698
2026-05-18,cv_3,market,sma_5,225.9980041503906,False,225.9980041503906,184.77000122070308,185.9811784927159,7.56859585997151,5.287219240931346,5.287219240931346
2026-05-19,cv_3,market,sma_5,225.9640045166016,False,225.9640045166016,184.77000122070308,185.9811784927159,7.56859585997151,5.282727042587287,5.282727042587287
2026-05-20,cv_3,market,sma_5,225.49200439453125,False,225.49200439453125,184.77000122070308,185.9811784927159,7.56859585997151,5.220364071858907,5.220364071858907
2026-05-21,cv_3,market,sma_5,222.2460021972656,False,222.2460021972656,184.77000122070308,185.9811784927159,7.56859585997151,4.791486343767626,4.791486343767626
2026-05-22,cv_3,market,sma_5,220.2480010986328,False,220.2480010986328,184.77000122070308,185.9811784927159,7.56859585997151,4.527500640792027,4.527500640792027
2026-05-26,cv_3,market,sma_5,218.75599975585936,False,218.75599975585936,184.77000122070308,185.9811784927159,7.56859585997151,4.330370106888865,4.330370106888865
2026-05-27,cv_3,market,sma_5,217.15400085449212,False,217.15400085449212,184.77000122070308,185.9811784927159,7.56859585997151,4.118706156136807,4.118706156136807
2026-05-28,cv_3,market,sma_5,215.31000061035155,False,215.31000061035155,184.77000122070308,185.9811784927159,7.56859585997151,3.8750678012481483,3.8750678012481483
2026-05-29,cv_3,market,sma_5,213.6360015869141,False,213.6360015869141,184.77000122070308,185.9811784927159,7.56859585997151,3.653890841293021,3.653890841293021
2026-06-01,cv_3,market,sma_5,215.44200134277344,False,215.44200134277344,184.77000122070308,185.9811784927159,7.56859585997151,3.892508385322667,3.892508385322667
2026-06-02,cv_3,market,sma_5,217.03400268554688,False,217.03400268554688,184.77000122070308,185.9811784927159,7.56859585997151,4.102851409607152,4.102851409607152
2026-06-03,cv_3,market,sma_5,217.46400146484376,False,217.46400146484376,184.77000122070308,185.9811784927159,7.56859585997151,4.159664956961562,4.159664956961562
2026-06-04,cv_3,market,sma_5,218.3460021972656,False,218.3460021972656,184.77000122070308,185.9811784927159,7.56859585997151,4.276199218896001,4.276199218896001
2026-06-05,cv_3,market,sma_5,217.13800354003905,False,217.13800354003905,184.77000122070308,185.9811784927159,7.56859585997151,4.116592512503425,4.116592512503425
2026-06-08,cv_3,market,sma_5,213.99400329589844,False,213.99400329589844,184.77000122070308,185.9811784927159,7.56859585997151,3.7011917826575527,3.7011917826575527
2026-06-09,cv_3,market,sma_5,211.068002319336,False,211.068002319336,184.77000122070308,185.9811784927159,7.56859585997151,3.314594185071801,3.314594185071801
2026-06-10,cv_3,market,sma_5,208.202001953125,False,208.202001953125,184.77000122070308,185.9811784927159,7.56859585997151,2.9359241623574728,2.9359241623574728
2026-06-11,cv_3,market,sma_5,205.44400024414065,False,205.44400024414065,184.77000122070308,185.9811784927159,7.56859585997151,2.571523451841172,2.571523451841172
2026-06-12,cv_3,market,sma_5,205.4619995117188,False,205.4619995117188,184.77000122070308,185.9811784927159,7.56859585997151,2.5739016033386433,2.5739016033386433
2026-05-08,cv_3,market,sma_20,203.1814994812012,False,203.1814994812012,185.304500579834,185.16986344219887,3.9328952363792946,4.579739595500696,4.579739595500696
2026-05-11,cv_3,market,sma_20,204.6879997253418,False,204.6879997253418,185.304500579834,185.16986344219887,3.9328952363792946,4.962790796612148,4.962790796612148
2026-05-12,cv_3,market,sma_20,205.90149993896483,False,205.90149993896483,185.304500579834,185.16986344219887,3.9328952363792946,5.271342166706667,5.271342166706667
2026-05-13,cv_3,market,sma_20,207.2495002746582,False,207.2495002746582,185.304500579834,185.16986344219887,3.9328952363792946,5.614092292167514,5.614092292167514
2026-05-14,cv_3,market,sma_20,209.11900024414064,False,209.11900024414064,185.304500579834,185.16986344219887,3.9328952363792946,6.089441839287292,6.089441839287292
2026-05-15,cv_3,market,sma_20,210.3010009765625,False,210.3010009765625,185.304500579834,185.16986344219887,3.9328952363792946,6.389983974630324,6.389983974630324
2026-05-18,cv_3,market,sma_20,211.31400146484376,False,211.31400146484376,185.304500579834,185.16986344219887,3.9328952363792946,6.647555160079403,6.647555160079403
2026-05-19,cv_3,market,sma_20,212.3505012512207,False,212.3505012512207,185.304500579834,185.16986344219887,3.9328952363792946,6.911101408855447,6.911101408855447
2026-05-20,cv_3,market,sma_20,213.39900131225585,False,213.39900131225585,185.304500579834,185.16986344219887,3.9328952363792946,7.177698914768273,7.177698914768273
2026-05-21,cv_3,market,sma_20,214.3925010681152,False,214.3925010681152,185.304500579834,185.16986344219887,3.9328952363792946,7.430311734624106,7.430311734624106
2026-05-22,cv_3,market,sma_20,214.74550094604493,False,214.74550094604493,185.304500579834,185.16986344219887,3.9328952363792946,7.520067463346418,7.520067463346418
2026-05-26,cv_3,market,sma_20,214.6580009460449,False,214.6580009460449,185.304500579834,185.16986344219887,3.9328952363792946,7.497819222612554,7.497819222612554
2026-05-27,cv_3,market,sma_20,214.62950134277344,False,214.62950134277344,185.304500579834,185.16986344219887,3.9328952363792946,7.490572753647951,7.490572753647951
2026-05-28,cv_3,market,sma_20,214.87950134277344,False,214.87950134277344,185.304500579834,185.16986344219887,3.9328952363792946,7.554139155744681,7.554139155744681
2026-05-29,cv_3,market,sma_20,215.45800094604493,False,215.45800094604493,185.304500579834,185.16986344219887,3.9328952363792946,7.7012317093221,7.7012317093221
2026-06-01,cv_3,market,sma_20,216.7535011291504,False,216.7535011291504,185.304500579834,185.16986344219887,3.9328952363792946,8.030632851544778,8.030632851544778
2026-06-02,cv_3,market,sma_20,217.9705017089844,False,217.9705017089844,185.304500579834,185.16986344219887,3.9328952363792946,8.3400742443835,8.3400742443835
2026-06-03,cv_3,market,sma_20,218.8830017089844,False,218.8830017089844,185.304500579834,185.16986344219887,3.9328952363792946,8.57209161203657,8.57209161203657
2026-06-04,cv_3,market,sma_20,219.42450180053712,False,219.42450180053712,185.304500579834,185.16986344219887,3.9328952363792946,8.70977646225679,8.70977646225679
2026-06-05,cv_3,market,sma_20,219.1045021057129,False,219.1045021057129,185.304500579834,185.16986344219887,3.9328952363792946,8.628411545168683,8.628411545168683
2026-06-08,cv_3,market,sma_20,218.7765022277832,False,218.7765022277832,185.304500579834,185.16986344219887,3.9328952363792946,8.545012456656053,8.545012456656053
2026-06-09,cv_3,market,sma_20,218.2140022277832,False,218.2140022277832,185.304500579834,185.16986344219887,3.9328952363792946,8.40198805193841,8.40198805193841
2026-06-10,cv_3,market,sma_20,217.1960021972656,False,217.1960021972656,185.304500579834,185.16986344219887,3.9328952363792946,8.143145654840954,8.143145654840954
2026-06-11,cv_3,market,sma_20,216.14800186157223,False,216.14800186157223,185.304500579834,185.16986344219887,3.9328952363792946,7.8766752118961785,7.8766752118961785
2026-06-12,cv_3,market,sma_20,214.6205017089844,False,214.6205017089844,185.304500579834,185.16986344219887,3.9328952363792946,7.48828445628732,7.48828445628732
2026-05-08,cv_3,market,sma_60,188.6303329467773,False,188.6303329467773,184.9241671244304,184.87235775603554,0.8554904160058222,4.3927729877878265,4.3927729877878265
2026-05-11,cv_3,market,sma_60,189.171999613444,False,189.171999613444,184.9241671244304,184.87235775603554,0.8554904160058222,5.025938078281403,5.025938078281403
2026-05-12,cv_3,market,sma_60,189.8048329671224,False,189.8048329671224,184.9241671244304,184.87235775603554,0.8554904160058222,5.765669747787431,5.765669747787431
2026-05-13,cv_3,market,sma_60,190.48583297729493,False,190.48583297729493,184.9241671244304,184.87235775603554,0.8554904160058222,6.561704393449556,6.561704393449556
2026-05-14,cv_3,market,sma_60,191.2818331400553,False,191.2818331400553,184.9241671244304,184.87235775603554,0.8554904160058222,7.4921650366871555,7.4921650366871555
2026-05-15,cv_3,market,sma_60,191.9055000305176,False,191.9055000305176,184.9241671244304,184.87235775603554,0.8554904160058222,8.22118184247922,8.22118184247922
2026-05-18,cv_3,market,sma_60,192.44716669718423,False,192.44716669718423,184.9241671244304,184.87235775603554,0.8554904160058222,8.854346932972698,8.854346932972698
2026-05-19,cv_3,market,sma_60,192.93149998982747,False,192.93149998982747,184.9241671244304,184.87235775603554,0.8554904160058222,9.42049388632436,9.42049388632436
2026-05-20,cv_3,market,sma_60,193.44183324178056,False,193.44183324178056,184.9241671244304,184.87235775603554,0.8554904160058222,10.017032716456166,10.017032716456166
2026-05-21,cv_3,market,sma_60,193.84099985758465,False,193.84099985758465,184.9241671244304,184.87235775603554,0.8554904160058222,10.48362662368864,10.48362662368864
2026-05-22,cv_3,market,sma_60,194.34833323160808,False,194.34833323160808,184.9241671244304,184.87235775603554,0.8554904160058222,11.076658836009742,11.076658836009742
2026-05-26,cv_3,market,sma_60,194.97616653442384,False,194.97616653442384,184.9241671244304,184.87235775603554,0.8554904160058222,11.810545845226086,11.810545845226086
2026-05-27,cv_3,market,sma_60,195.4781667073568,False,195.4781667073568,184.9241671244304,184.87235775603554,0.8554904160058222,12.397343971237511,12.397343971237511
2026-05-28,cv_3,market,sma_60,196.0481666564941,False,196.0481666564941,184.9241671244304,184.87235775603554,0.8554904160058222,13.063628407010102,13.063628407010102
2026-05-29,cv_3,market,sma_60,196.5165000915528,False,196.5165000915528,184.9241671244304,184.87235775603554,0.8554904160058222,13.611072804161054,13.611072804161054
2026-06-01,cv_3,market,sma_60,197.20016682942708,False,197.20016682942708,184.9241671244304,184.87235775603554,0.8554904160058222,14.410224641613794,14.410224641613794
2026-06-02,cv_3,market,sma_60,197.95016682942708,False,197.95016682942708,184.9241671244304,184.87235775603554,0.8554904160058222,15.286914766912515,15.286914766912515
2026-06-03,cv_3,market,sma_60,198.48516693115235,False,198.48516693115235,184.9241671244304,184.87235775603554,0.8554904160058222,15.912287175200994,15.912287175200994
2026-06-04,cv_3,market,sma_60,199.05000025431315,False,199.05000025431315,184.9241671244304,184.87235775603554,0.8554904160058222,16.572532237673972,16.572532237673972
2026-06-05,cv_3,market,sma_60,199.3678337097168,False,199.3678337097168,184.9241671244304,184.87235775603554,0.8554904160058222,16.944054173463233,16.944054173463233
2026-06-08,cv_3,market,sma_60,199.7928337097168,False,199.7928337097168,184.9241671244304,184.87235775603554,0.8554904160058222,17.440845244465855,17.440845244465855
2026-06-09,cv_3,market,sma_60,200.2585004170736,False,200.2585004170736,184.9241671244304,184.87235775603554,0.8554904160058222,17.985172449825964,17.985172449825964
2026-06-10,cv_3,market,sma_60,200.5451670328776,False,200.5451670328776,184.9241671244304,184.87235775603554,0.8554904160058222,18.320262838263513,18.320262838263513
2026-06-11,cv_3,market,sma_60,200.92750040690103,False,200.92750040690103,184.9241671244304,184.87235775603554,0.8554904160058222,18.767180029701496,18.767180029701496
2026-06-12,cv_3,market,sma_60,201.34066721598307,False,201.34066721598307,184.9241671244304,184.87235775603554,0.8554904160058222,19.250139045199376,19.250139045199376
2026-05-08,cv_3,market,rolling_volatility_20,0.0248227974185838,False,0.0248227974185838,0.02239842376788835,0.022663117478498758,0.0035648170993197973,0.6058319066347417,0.6058319066347417
2026-05-11,cv_3,market,rolling_volatility_20,0.0249708453538536,False,0.0249708453538536,0.02239842376788835,0.022663117478498758,0.0035648170993197973,0.6473622099139899,0.6473622099139899
2026-05-12,cv_3,market,rolling_volatility_20,0.0239288194928034,False,0.0239288194928034,0.02239842376788835,0.022663117478498758,0.0035648170993197973,0.35505384400959866,0.35505384400959866
2026-05-13,cv_3,market,rolling_volatility_20,0.0241916684731468,False,0.0241916684731468,0.02239842376788835,0.022663117478498758,0.0035648170993197973,0.4287880561781708,0.4287880561781708
2026-05-14,cv_3,market,rolling_volatility_20,0.0254554162776162,False,0.0254554162776162,0.02239842376788835,0.022663117478498758,0.0035648170993197973,0.7832937066112703,0.7832937066112703
2026-05-15,cv_3,market,rolling_volatility_20,0.0279967705323583,False,0.0279967705323583,0.02239842376788835,0.022663117478498758,0.0035648170993197973,1.4961926251075426,1.4961926251075426
2026-05-18,cv_3,market,rolling_volatility_20,0.0283167532351919,False,0.0283167532351919,0.02239842376788835,0.022663117478498758,0.0035648170993197973,1.5859539491582648,1.5859539491582648
2026-05-19,cv_3,market,rolling_volatility_20,0.028233240460304,False,0.028233240460304,0.02239842376788835,0.022663117478498758,0.0035648170993197973,1.562527003943085,1.562527003943085
2026-05-20,cv_3,market,rolling_volatility_20,0.0282311720543956,False,0.0282311720543956,0.02239842376788835,0.022663117478498758,0.0035648170993197973,1.5619467761639956,1.5619467761639956
2026-05-21,cv_3,market,rolling_volatility_20,0.0283726357531294,False,0.0283726357531294,0.02239842376788835,0.022663117478498758,0.0035648170993197973,1.6016300740141969,1.6016300740141969
2026-05-22,cv_3,market,rolling_volatility_20,0.0273715528878476,False,0.0273715528878476,0.02239842376788835,0.022663117478498758,0.0035648170993197973,1.320807008653336,1.320807008653336
2026-05-26,cv_3,market,rolling_volatility_20,0.0258718584704306,False,0.0258718584704306,0.02239842376788835,0.022663117478498758,0.0035648170993197973,0.9001137793420314,0.9001137793420314
2026-05-27,cv_3,market,rolling_volatility_20,0.025726960352678,False,0.025726960352678,0.02239842376788835,0.022663117478498758,0.0035648170993197973,0.859467060670197,0.859467060670197
2026-05-28,cv_3,market,rolling_volatility_20,0.0253959870037243,False,0.0253959870037243,0.02239842376788835,0.022663117478498758,0.0035648170993197973,0.766622648255082,0.766622648255082
2026-05-29,cv_3,market,rolling_volatility_20,0.0231472104673821,False,0.0231472104673821,0.02239842376788835,0.022663117478498758,0.0035648170993197973,0.13579742673914785,0.13579742673914785
2026-06-01,cv_3,market,rolling_volatility_20,0.0265733739372333,False,0.0265733739372333,0.02239842376788835,0.022663117478498758,0.0035648170993197973,1.0969024075542773,1.0969024075542773
2026-06-02,cv_3,market,rolling_volatility_20,0.02670733969941,False,0.02670733969941,0.02239842376788835,0.022663117478498758,0.0035648170993197973,1.1344823894844196,1.1344823894844196
2026-06-03,cv_3,market,rolling_volatility_20,0.0281463088573324,False,0.0281463088573324,0.02239842376788835,0.022663117478498758,0.0035648170993197973,1.5381410114644847,1.5381410114644847
2026-06-04,cv_3,market,rolling_volatility_20,0.0255071625646882,False,0.0255071625646882,0.02239842376788835,0.022663117478498758,0.0035648170993197973,0.7978095388770754,0.7978095388770754
2026-06-05,cv_3,market,rolling_volatility_20,0.0290483339479584,False,0.0290483339479584,0.02239842376788835,0.022663117478498758,0.0035648170993197973,1.791176459145128,1.791176459145128
2026-06-08,cv_3,market,rolling_volatility_20,0.0290404743334059,False,0.0290404743334059,0.02239842376788835,0.022663117478498758,0.0035648170993197973,1.7889716855667028,1.7889716855667028
2026-06-09,cv_3,market,rolling_volatility_20,0.0286228781691375,False,0.0286228781691375,0.02239842376788835,0.022663117478498758,0.0035648170993197973,1.671827901570581,1.671827901570581
2026-06-10,cv_3,market,rolling_volatility_20,0.0295875117646585,False,0.0295875117646585,0.02239842376788835,0.022663117478498758,0.0035648170993197973,1.9424262432653236,1.9424262432653236
2026-06-11,cv_3,market,rolling_volatility_20,0.0295553514559805,False,0.0295553514559805,0.02239842376788835,0.022663117478498758,0.0035648170993197973,1.9334046559630926,1.9334046559630926
2026-06-12,cv_3,market,rolling_volatility_20,0.0273456999079777,False,0.0273456999079777,0.02239842376788835,0.022663117478498758,0.0035648170993197973,1.3135547488179482,1.3135547488179482
2026-05-08,cv_3,market,rolling_volatility_60,0.0231068300040838,False,0.0231068300040838,0.02232033455454245,0.022365952446146534,0.0008176326760699261,0.90612518264119,0.90612518264119
2026-05-11,cv_3,market,rolling_volatility_60,0.0230812295129846,False,0.0230812295129846,0.02232033455454245,0.022365952446146534,0.0008176326760699261,0.8748146787334296,0.8748146787334296
2026-05-12,cv_3,market,rolling_volatility_60,0.0228488608000381,False,0.0228488608000381,0.02232033455454245,0.022365952446146534,0.0008176326760699261,0.5906177285046108,0.5906177285046108
2026-05-13,cv_3,market,rolling_volatility_60,0.0229621495471931,False,0.0229621495471931,0.02232033455454245,0.022365952446146534,0.0008176326760699261,0.7291747486319619,0.7291747486319619
2026-05-14,cv_3,market,rolling_volatility_60,0.0234911528930414,False,0.0234911528930414,0.02232033455454245,0.022365952446146534,0.0008176326760699261,1.3761686388358514,1.3761686388358514
2026-05-15,cv_3,market,rolling_volatility_60,0.0242984816592766,False,0.0242984816592766,0.02232033455454245,0.022365952446146534,0.0008176326760699261,2.3635665130447765,2.3635665130447765
2026-05-18,cv_3,market,rolling_volatility_60,0.0243750806646603,False,0.0243750806646603,0.02232033455454245,0.022365952446146534,0.0008176326760699261,2.4572503977836853,2.4572503977836853
2026-05-19,cv_3,market,rolling_volatility_60,0.0243993565461087,False,0.0243993565461087,0.02232033455454245,0.022365952446146534,0.0008176326760699261,2.486940847002382,2.486940847002382
2026-05-20,cv_3,market,rolling_volatility_60,0.0244301232901015,False,0.0244301232901015,0.02232033455454245,0.022365952446146534,0.0008176326760699261,2.5245699008468105,2.5245699008468105
2026-05-21,cv_3,market,rolling_volatility_60,0.0245252052051098,False,0.0245252052051098,0.02232033455454245,0.022365952446146534,0.0008176326760699261,2.6408591806066704,2.6408591806066704
2026-05-22,cv_3,market,rolling_volatility_60,0.0235402289784066,False,0.0235402289784066,0.02232033455454245,0.022365952446146534,0.0008176326760699261,1.436190806248596,1.436190806248596
2026-05-26,cv_3,market,rolling_volatility_60,0.0228171122455572,False,0.0228171122455572,0.02232033455454245,0.022365952446146534,0.0008176326760699261,0.5517878781205674,0.5517878781205674
2026-05-27,cv_3,market,rolling_volatility_60,0.0226203650251716,False,0.0226203650251716,0.02232033455454245,0.022365952446146534,0.0008176326760699261,0.311157548457993,0.311157548457993
2026-05-28,cv_3,market,rolling_volatility_60,0.0225293222609804,False,0.0225293222609804,0.02232033455454245,0.022365952446146534,0.0008176326760699261,0.19980832422100417,0.19980832422100417
2026-05-29,cv_3,market,rolling_volatility_60,0.0225725103064236,False,0.0225725103064236,0.02232033455454245,0.022365952446146534,0.0008176326760699261,0.25262916505479666,0.25262916505479666
2026-06-01,cv_3,market,rolling_volatility_60,0.0238626884512124,False,0.0238626884512124,0.02232033455454245,0.022365952446146534,0.0008176326760699261,1.830572638388368,1.830572638388368
2026-06-02,cv_3,market,rolling_volatility_60,0.0234911644053764,False,0.0234911644053764,0.02232033455454245,0.022365952446146534,0.0008176326760699261,1.376182718917701,1.376182718917701
2026-06-03,cv_3,market,rolling_volatility_60,0.0238557911512685,False,0.0238557911512685,0.02232033455454245,0.022365952446146534,0.0008176326760699261,1.822136943306984,1.822136943306984
2026-06-04,cv_3,market,rolling_volatility_60,0.0239114010179503,False,0.0239114010179503,0.02232033455454245,0.022365952446146534,0.0008176326760699261,1.890150206853517,1.890150206853517
2026-06-05,cv_3,market,rolling_volatility_60,0.0253381084609177,False,0.0253381084609177,0.02232033455454245,0.022365952446146534,0.0008176326760699261,3.6350748958044097,3.6350748958044097
2026-06-08,cv_3,market,rolling_volatility_60,0.0253084027045559,False,0.0253084027045559,0.02232033455454245,0.022365952446146534,0.0008176326760699261,3.5987434755576233,3.5987434755576233
2026-06-09,cv_3,market,rolling_volatility_60,0.0252026108216626,False,0.0252026108216626,0.02232033455454245,0.022365952446146534,0.0008176326760699261,3.4693554435114904,3.4693554435114904
2026-06-10,cv_3,market,rolling_volatility_60,0.0256576345611,False,0.0256576345611,0.02232033455454245,0.022365952446146534,0.0008176326760699261,4.025869086807327,4.025869086807327
2026-06-11,cv_3,market,rolling_volatility_60,0.0257640165801675,False,0.0257640165801675,0.02232033455454245,0.022365952446146534,0.0008176326760699261,4.155978880827356,4.155978880827356
2026-06-12,cv_3,market,rolling_volatility_60,0.0257258493038802,False,0.0257258493038802,0.02232033455454245,0.022365952446146534,0.0008176326760699261,4.1092986570491705,4.1092986570491705
2026-05-08,cv_3,all,simple_return,0.0174940754054004,False,0.0174940754054004,0.0014093240930164,0.000706292121481235,0.022809900737053933,0.7359866874233241,0.7359866874233241
2026-05-11,cv_3,all,simple_return,0.0197026280357421,False,0.0197026280357421,0.0014093240930164,0.000706292121481235,0.022809900737053933,0.8328109855998602,0.8328109855998602
2026-05-12,cv_3,all,simple_return,0.006106436032548,False,0.006106436032548,0.0014093240930164,0.000706292121481235,0.022809900737053933,0.2367456120619766,0.2367456120619766
2026-05-13,cv_3,all,simple_return,0.0228734626310331,False,0.0228734626310331,0.0014093240930164,0.000706292121481235,0.022809900737053933,0.9718223137000341,0.9718223137000341
2026-05-14,cv_3,all,simple_return,0.0438825823927644,False,0.0438825823927644,0.0014093240930164,0.000706292121481235,0.022809900737053933,1.8928749742932773,1.8928749742932773
2026-05-15,cv_3,all,simple_return,-0.0442012298555218,False,-0.0442012298555218,0.0014093240930164,0.000706292121481235,0.022809900737053933,-1.9687732311808022,1.9687732311808022
2026-05-18,cv_3,all,simple_return,-0.0133143968688196,False,-0.0133143968688196,0.0014093240930164,0.000706292121481235,0.022809900737053933,-0.6146755810964442,0.6146755810964442
2026-05-19,cv_3,all,simple_return,-0.007691645634814,False,-0.007691645634814,0.0014093240930164,0.000706292121481235,0.022809900737053933,-0.36817072783894506,0.36817072783894506
2026-05-20,cv_3,all,simple_return,0.0129640569441045,False,0.0129640569441045,0.0014093240930164,0.000706292121481235,0.022809900737053933,0.5373879072919826,0.5373879072919826
2026-05-21,cv_3,all,simple_return,-0.0177205293428006,False,-0.0177205293428006,0.0014093240930164,0.000706292121481235,0.022809900737053933,-0.8078431237689724,0.8078431237689724
2026-05-22,cv_3,all,simple_return,-0.0190423797566589,False,-0.0190423797566589,0.0014093240930164,0.000706292121481235,0.022809900737053933,-0.865793854423008,0.865793854423008
2026-05-26,cv_3,all,simple_return,-0.0021827019769955,False,-0.0021827019769955,0.0014093240930164,0.000706292121481235,0.022809900737053933,-0.12665526833195112,0.12665526833195112
2026-05-27,cv_3,all,simple_return,-0.0105184515517827,False,-0.0105184515517827,0.0014093240930164,0.000706292121481235,0.022809900737053933,-0.49209962825615056,0.49209962825615056
2026-05-28,cv_3,all,simple_return,0.007761024690098,False,0.007761024690098,0.0014093240930164,0.000706292121481235,0.022809900737053933,0.3092837908389748,0.3092837908389748
2026-05-29,cv_3,all,simple_return,-0.0145157554742196,False,-0.0145157554742196,0.0014093240930164,0.000706292121481235,0.022809900737053933,-0.667343877168791,0.667343877168791
2026-06-01,cv_3,all,simple_return,0.062612490569853,False,0.062612490569853,0.0014093240930164,0.000706292121481235,0.022809900737053933,2.714005604934843,2.714005604934843
2026-06-02,cv_3,all,simple_return,-0.0068639386786567,False,-0.0068639386786567,0.0014093240930164,0.000706292121481235,0.022809900737053933,-0.3318835486136222,0.3318835486136222
2026-06-03,cv_3,all,simple_return,-0.0362176064040619,False,-0.0362176064040619,0.0014093240930164,0.000706292121481235,0.022809900737053933,-1.6187662958813966,1.6187662958813966
2026-06-04,cv_3,all,simple_return,0.0182072347478898,False,0.0182072347478898,0.0014093240930164,0.000706292121481235,0.022809900737053933,0.7672520292023394,0.7672520292023394
2026-06-05,cv_3,all,simple_return,-0.0620140735913813,False,-0.0620140735913813,0.0014093240930164,0.000706292121481235,0.022809900737053933,-2.749699195795945,2.749699195795945
2026-06-08,cv_3,all,simple_return,0.0172598399843351,False,0.0172598399843351,0.0014093240930164,0.000706292121481235,0.022809900737053933,0.7257176632936052,0.7257176632936052
2026-06-09,cv_3,all,simple_return,-0.002156810532777,False,-0.002156810532777,0.0014093240930164,0.000706292121481235,0.022809900737053933,-0.12552017158089684,0.12552017158089684
2026-06-10,cv_3,all,simple_return,-0.0373216973982588,False,-0.0373216973982588,0.0014093240930164,0.000706292121481235,0.022809900737053933,-1.667170320384815,1.667170320384815
2026-06-11,cv_3,all,simple_return,0.0222033578929137,False,0.0222033578929137,0.0014093240930164,0.000706292121481235,0.022809900737053933,0.9424445121109708,0.9424445121109708
2026-06-12,cv_3,all,simple_return,0.0015620019126554,False,0.0015620019126554,0.0014093240930164,0.000706292121481235,0.022809900737053933,0.037514840640410704,0.037514840640410704
2026-05-08,cv_3,all,log_return,0.0173428156202659,False,0.0173428156202659,0.0014083319278955,0.0004464532523175449,0.0227831974668494,0.7416150605082249,0.7416150605082249
2026-05-11,cv_3,all,log_return,0.0195110436483701,False,0.0195110436483701,0.0014083319278955,0.0004464532523175449,0.0227831974668494,0.8367829152950287,0.8367829152950287
2026-05-12,cv_3,all,log_return,0.0060878673061894,False,0.0060878673061894,0.0014083319278955,0.0004464532523175449,0.0227831974668494,0.24761292009518732,0.24761292009518732
2026-05-13,cv_3,all,log_return,0.0226157868761655,False,0.0226157868761655,0.0014083319278955,0.0004464532523175449,0.0227831974668494,0.9730562909839743,0.9730562909839743
2026-05-14,cv_3,all,log_return,0.0429470141628899,False,0.0429470141628899,0.0014083319278955,0.0004464532523175449,0.0227831974668494,1.8654344269461134,1.8654344269461134
2026-05-15,cv_3,all,log_return,-0.0452078795678481,False,-0.0452078795678481,0.0014083319278955,0.0004464532523175449,0.0227831974668494,-2.003859769314417,2.003859769314417
2026-05-18,cv_3,all,log_return,-0.0134038281536289,False,-0.0134038281536289,0.0014083319278955,0.0004464532523175449,0.0227831974668494,-0.607916488723729,0.607916488723729
2026-05-19,cv_3,all,log_return,-0.0077213789044106,False,-0.0077213789044106,0.0014083319278955,0.0004464532523175449,0.0227831974668494,-0.35850245202029773,0.35850245202029773
2026-05-20,cv_3,all,log_return,0.0128807428444608,False,0.0128807428444608,0.0014083319278955,0.0004464532523175449,0.0227831974668494,0.5457657824471617,0.5457657824471617
2026-05-21,cv_3,all,log_return,-0.017879417779403,False,-0.017879417779403,0.0014083319278955,0.0004464532523175449,0.0227831974668494,-0.804359048302396,0.804359048302396
2026-05-22,cv_3,all,log_return,-0.0192260209173856,False,-0.0192260209173856,0.0014083319278955,0.0004464532523175449,0.0227831974668494,-0.8634641471341984,0.8634641471341984
2026-05-26,cv_3,all,log_return,-0.0021850875429075,False,-0.0021850875429075,0.0014083319278955,0.0004464532523175449,0.0227831974668494,-0.11550357666232132,0.11550357666232132
2026-05-27,cv_3,all,log_return,-0.0105741614623273,False,-0.0105741614623273,0.0014083319278955,0.0004464532523175449,0.0227831974668494,-0.4837167711283873,0.4837167711283873
2026-05-28,cv_3,all,log_return,0.0077310628611257,False,0.0077310628611257,0.0014083319278955,0.0004464532523175449,0.0227831974668494,0.31973605194826565,0.31973605194826565
2026-05-29,cv_3,all,log_return,-0.0146221398070838,False,-0.0146221398070838,0.0014083319278955,0.0004464532523175449,0.0227831974668494,-0.6613906182978416,0.6613906182978416
2026-06-01,cv_3,all,log_return,0.0607304896897425,False,0.0607304896897425,0.0014083319278955,0.0004464532523175449,0.0227831974668494,2.6459866542060655,2.6459866542060655
2026-06-02,cv_3,all,log_return,-0.0068876038588154,False,-0.0068876038588154,0.0014083319278955,0.0004464532523175449,0.0227831974668494,-0.3219064014962928,0.3219064014962928
2026-06-03,cv_3,all,log_return,-0.0368897426373677,False,-0.0368897426373677,0.0014083319278955,0.0004464532523175449,0.0227831974668494,-1.6387601408455126,1.6387601408455126
2026-06-04,cv_3,all,log_return,0.0180434678899357,False,0.0180434678899357,0.0014083319278955,0.0004464532523175449,0.0227831974668494,0.7723680867543995,0.7723680867543995
2026-06-05,cv_3,all,log_return,-0.0640203339172356,False,-0.0640203339172356,0.0014083319278955,0.0004464532523175449,0.0227831974668494,-2.8295759303914774,2.8295759303914774
2026-06-08,cv_3,all,log_return,0.0171125809758419,False,0.0171125809758419,0.0014083319278955,0.0004464532523175449,0.0227831974668494,0.7315096025382011,0.7315096025382011
2026-06-09,cv_3,all,log_return,-0.0021591397984066,False,-0.0021591397984066,0.0014083319278955,0.0004464532523175449,0.0227831974668494,-0.11436467837823916,0.11436467837823916
2026-06-10,cv_3,all,log_return,-0.038035980520405,False,-0.038035980520405,0.0014083319278955,0.0004464532523175449,0.0227831974668494,-1.6890708088149724,1.6890708088149724
2026-06-11,cv_3,all,log_return,0.0219604523133006,False,0.0219604523133006,0.0014083319278955,0.0004464532523175449,0.0227831974668494,0.944292349319577,0.944292349319577
2026-06-12,cv_3,all,log_return,0.0015607832565316,False,0.0015607832565316,0.0014083319278955,0.0004464532523175449,0.0227831974668494,0.04891016749670262,0.04891016749670262
2026-05-08,cv_3,all,intraday_return,0.010186350191897,False,0.010186350191897,-0.0008035397361736,-0.001141604594464464,0.02004816973347161,0.5650368555813238,0.5650368555813238
2026-05-11,cv_3,all,intraday_return,0.0252289727371397,False,0.0252289727371397,-0.0008035397361736,-0.001141604594464464,0.02004816973347161,1.3153608375320625,1.3153608375320625
2026-05-12,cv_3,all,intraday_return,0.0102035950418675,False,0.0102035950418675,-0.0008035397361736,-0.001141604594464464,0.02004816973347161,0.5658970263699673,0.5658970263699673
2026-05-13,cv_3,all,intraday_return,0.0040012856647833,False,0.0040012856647833,-0.0008035397361736,-0.001141604594464464,0.02004816973347161,0.256526671891719,0.256526671891719
2026-05-14,cv_3,all,intraday_return,0.0256254045388011,False,0.0256254045388011,-0.0008035397361736,-0.001141604594464464,0.02004816973347161,1.3351348022845422,1.3351348022845422
2026-05-15,cv_3,all,intraday_return,-0.0193244572108706,False,-0.0193244572108706,-0.0008035397361736,-0.001141604594464464,0.02004816973347161,-0.906958234000223,0.906958234000223
2026-05-18,cv_3,all,intraday_return,-0.0328445989182701,False,-0.0328445989182701,-0.0008035397361736,-0.001141604594464464,0.02004816973347161,-1.5813410772792693,1.5813410772792693
2026-05-19,cv_3,all,intraday_return,0.0045078112884751,False,0.0045078112884751,-0.0008035397361736,-0.001141604594464464,0.02004816973347161,0.28179210162549295,0.28179210162549295
2026-05-20,cv_3,all,intraday_return,0.0012994379175519,False,0.0012994379175519,-0.0008035397361736,-0.001141604594464464,0.02004816973347161,0.12175887098266625,0.12175887098266625
2026-05-21,cv_3,all,intraday_return,-0.0125061804996251,False,-0.0125061804996251,-0.0008035397361736,-0.001141604594464464,0.02004816973347161,-0.5668635120435359,0.5668635120435359
2026-05-22,cv_3,all,intraday_return,-0.025214994202489,False,-0.025214994202489,-0.0008035397361736,-0.001141604594464464,0.02004816973347161,-1.20077742397764,1.20077742397764
2026-05-26,cv_3,all,intraday_return,-0.0077583482399082,False,-0.0077583482399082,-0.0008035397361736,-0.001141604594464464,0.02004816973347161,-0.3300422798394753,0.3300422798394753
2026-05-27,cv_3,all,intraday_return,-0.0070987719425269,False,-0.0070987719425269,-0.0008035397361736,-0.001141604594464464,0.02004816973347161,-0.29714270316240343,0.29714270316240343
2026-05-28,cv_3,all,intraday_return,0.014057181171255,False,0.014057181171255,-0.0008035397361736,-0.001141604594464464,0.02004816973347161,0.7581133823076223,0.7581133823076223
2026-05-29,cv_3,all,intraday_return,-0.0160313282321372,False,-0.0160313282321372,-0.0008035397361736,-0.001141604594464464,0.02004816973347161,-0.7426974050809962,0.7426974050809962
2026-06-01,cv_3,all,intraday_return,0.0400037317652943,False,0.0400037317652943,-0.0008035397361736,-0.001141604594464464,0.02004816973347161,2.0523238234093846,2.0523238234093846
2026-06-02,cv_3,all,intraday_return,-0.0191917664060533,False,-0.0191917664060533,-0.0008035397361736,-0.001141604594464464,0.02004816973347161,-0.9003396345678887,0.9003396345678887
2026-06-03,cv_3,all,intraday_return,-0.031436050795278,False,-0.031436050795278,-0.0008035397361736,-0.001141604594464464,0.02004816973347161,-1.5110828870445545,1.5110828870445545
2026-06-04,cv_3,all,intraday_return,0.0222056001060289,False,0.0222056001060289,-0.0008035397361736,-0.001141604594464464,0.02004816973347161,1.1645554188177996,1.1645554188177996
2026-06-05,cv_3,all,intraday_return,-0.0439565223019584,False,-0.0439565223019584,-0.0008035397361736,-0.001141604594464464,0.02004816973347161,-2.1356023156573682,2.1356023156573682
2026-06-08,cv_3,all,intraday_return,-0.0073270213140999,False,-0.0073270213140999,-0.0008035397361736,-0.001141604594464464,0.02004816973347161,-0.30852775100504637,0.30852775100504637
2026-06-09,cv_3,all,intraday_return,-0.0115373313650929,False,-0.0115373313650929,-0.0008035397361736,-0.001141604594464464,0.02004816973347161,-0.5185374479981657,0.5185374479981657
2026-06-10,cv_3,all,intraday_return,-0.0196154901457911,False,-0.0196154901457911,-0.0008035397361736,-0.001141604594464464,0.02004816973347161,-0.9214749175074763,0.9214749175074763
2026-06-11,cv_3,all,intraday_return,0.0167749741023164,False,0.0167749741023164,-0.0008035397361736,-0.001141604594464464,0.02004816973347161,0.8936765268336726,0.8936765268336726
2026-06-12,cv_3,all,intraday_return,0.0016108651277528,False,0.0016108651277528,-0.0008035397361736,-0.001141604594464464,0.02004816973347161,0.13729281818787936,0.13729281818787936
2026-05-08,cv_3,all,daily_range,0.0228160024709028,False,0.0228160024709028,0.0253490793294314,0.029052572215517915,0.013361412142156122,-0.46675977645643696,0.46675977645643696
2026-05-11,cv_3,all,daily_range,0.0383248430939795,False,0.0383248430939795,0.0253490793294314,0.029052572215517915,0.013361412142156122,0.6939589004373999,0.6939589004373999
2026-05-12,cv_3,all,daily_range,0.0399945732397689,False,0.0399945732397689,0.0253490793294314,0.029052572215517915,0.013361412142156122,0.8189254928921966,0.8189254928921966
2026-05-13,cv_3,all,daily_range,0.0277641985689861,False,0.0277641985689861,0.0253490793294314,0.029052572215517915,0.013361412142156122,-0.09642496113617442,0.09642496113617442
2026-05-14,cv_3,all,daily_range,0.0307117589958015,False,0.0307117589958015,0.0253490793294314,0.029052572215517915,0.013361412142156122,0.12417750179629161,0.12417750179629161
2026-05-15,cv_3,all,daily_range,0.0322208160431546,False,0.0322208160431546,0.0253490793294314,0.029052572215517915,0.013361412142156122,0.2371189357778036,0.2371189357778036
2026-05-18,cv_3,all,daily_range,0.0523120029672001,False,0.0523120029672001,0.0253490793294314,0.029052572215517915,0.013361412142156122,1.740791355301224,1.740791355301224
2026-05-19,cv_3,all,daily_range,0.0297810255530247,False,0.0297810255530247,0.0253490793294314,0.029052572215517915,0.013361412142156122,0.05451918777420759,0.05451918777420759
2026-05-20,cv_3,all,daily_range,0.0251935599948925,False,0.0251935599948925,0.0253490793294314,0.029052572215517915,0.013361412142156122,-0.28881769228942367,0.28881769228942367
2026-05-21,cv_3,all,daily_range,0.0431415491671758,False,0.0431415491671758,0.0253490793294314,0.029052572215517915,0.013361412142156122,1.0544526882159597,1.0544526882159597
2026-05-22,cv_3,all,daily_range,0.0288394157909794,False,0.0288394157909794,0.0253490793294314,0.029052572215517915,0.013361412142156122,-0.015953135961280035,0.015953135961280035
2026-05-26,cv_3,all,daily_range,0.0287628812167261,False,0.0287628812167261,0.0253490793294314,0.029052572215517915,0.013361412142156122,-0.02168116631009543,0.02168116631009543
2026-05-27,cv_3,all,daily_range,0.0252586780951119,False,0.0252586780951119,0.0253490793294314,0.029052572215517915,0.013361412142156122,-0.28394409812687627,0.28394409812687627
2026-05-28,cv_3,all,daily_range,0.0200700259125217,False,0.0200700259125217,0.0253490793294314,0.029052572215517915,0.013361412142156122,-0.6722752211688539,0.6722752211688539
2026-05-29,cv_3,all,daily_range,0.0318745654399629,False,0.0318745654399629,0.0253490793294314,0.029052572215517915,0.013361412142156122,0.21120471357525256,0.21120471357525256
2026-06-01,cv_3,all,daily_range,0.0408718048850024,False,0.0408718048850024,0.0253490793294314,0.029052572215517915,0.013361412142156122,0.8845796045908981,0.8845796045908981
2026-06-02,cv_3,all,daily_range,0.049053012819793,False,0.049053012819793,0.0253490793294314,0.029052572215517915,0.013361412142156122,1.496880748193703,1.496880748193703
2026-06-03,cv_3,all,daily_range,0.0386962180087673,False,0.0386962180087673,0.0253490793294314,0.029052572215517915,0.013361412142156122,0.7217534861321323,0.7217534861321323
2026-06-04,cv_3,all,daily_range,0.048614308537371,False,0.048614308537371,0.0253490793294314,0.029052572215517915,0.013361412142156122,1.4640470718012308,1.4640470718012308
2026-06-05,cv_3,all,daily_range,0.0513895318014432,False,0.0513895318014432,0.0253490793294314,0.029052572215517915,0.013361412142156122,1.671751409826715,1.671751409826715
2026-06-08,cv_3,all,daily_range,0.0214244691036214,False,0.0214244691036214,0.0253490793294314,0.029052572215517915,0.013361412142156122,-0.5709054575024561,0.5709054575024561
2026-06-09,cv_3,all,daily_range,0.0579278419576749,False,0.0579278419576749,0.0253490793294314,0.029052572215517915,0.013361412142156122,2.161094159430472,2.161094159430472
2026-06-10,cv_3,all,daily_range,0.0364235261872631,False,0.0364235261872631,0.0253490793294314,0.029052572215517915,0.013361412142156122,0.5516598016230145,0.5516598016230145
2026-06-11,cv_3,all,daily_range,0.0298726534965544,False,0.0298726534965544,0.0253490793294314,0.029052572215517915,0.013361412142156122,0.061376841931929965,0.061376841931929965
2026-06-12,cv_3,all,daily_range,0.0176909441962167,False,0.0176909441962167,0.0253490793294314,0.029052572215517915,0.013361412142156122,-0.8503313795294543,0.8503313795294543
2026-05-08,cv_3,all,sma_5,205.9019989013672,False,205.9019989013672,184.77000122070308,185.9811784927159,7.56859585997151,2.63203648037382,2.63203648037382
2026-05-11,cv_3,all,sma_5,210.09400024414063,False,210.09400024414063,184.77000122070308,185.9811784927159,7.56859585997151,3.1859042545727214,3.1859042545727214
2026-05-12,cv_3,all,sma_5,214.95,False,214.95,184.77000122070308,185.9811784927159,7.56859585997151,3.8275027552327416,3.8275027552327416
2026-05-13,cv_3,all,sma_5,218.55,False,218.55,184.77000122070308,185.9811784927159,7.56859585997151,4.303152408960398,4.303152408960398
2026-05-14,cv_3,all,sma_5,223.3980010986328,False,223.3980010986328,184.77000122070308,185.9811784927159,7.56859585997151,4.943694087803721,4.943694087803721
2026-05-15,cv_3,all,sma_5,225.42200317382813,False,225.42200317382813,184.77000122070308,185.9811784927159,7.56859585997151,5.211115167306698,5.211115167306698
2026-05-18,cv_3,all,sma_5,225.9980041503906,False,225.9980041503906,184.77000122070308,185.9811784927159,7.56859585997151,5.287219240931346,5.287219240931346
2026-05-19,cv_3,all,sma_5,225.9640045166016,False,225.9640045166016,184.77000122070308,185.9811784927159,7.56859585997151,5.282727042587287,5.282727042587287
2026-05-20,cv_3,all,sma_5,225.49200439453125,False,225.49200439453125,184.77000122070308,185.9811784927159,7.56859585997151,5.220364071858907,5.220364071858907
2026-05-21,cv_3,all,sma_5,222.2460021972656,False,222.2460021972656,184.77000122070308,185.9811784927159,7.56859585997151,4.791486343767626,4.791486343767626
2026-05-22,cv_3,all,sma_5,220.2480010986328,False,220.2480010986328,184.77000122070308,185.9811784927159,7.56859585997151,4.527500640792027,4.527500640792027
2026-05-26,cv_3,all,sma_5,218.75599975585936,False,218.75599975585936,184.77000122070308,185.9811784927159,7.56859585997151,4.330370106888865,4.330370106888865
2026-05-27,cv_3,all,sma_5,217.15400085449212,False,217.15400085449212,184.77000122070308,185.9811784927159,7.56859585997151,4.118706156136807,4.118706156136807
2026-05-28,cv_3,all,sma_5,215.31000061035155,False,215.31000061035155,184.77000122070308,185.9811784927159,7.56859585997151,3.8750678012481483,3.8750678012481483
2026-05-29,cv_3,all,sma_5,213.6360015869141,False,213.6360015869141,184.77000122070308,185.9811784927159,7.56859585997151,3.653890841293021,3.653890841293021
2026-06-01,cv_3,all,sma_5,215.44200134277344,False,215.44200134277344,184.77000122070308,185.9811784927159,7.56859585997151,3.892508385322667,3.892508385322667
2026-06-02,cv_3,all,sma_5,217.03400268554688,False,217.03400268554688,184.77000122070308,185.9811784927159,7.56859585997151,4.102851409607152,4.102851409607152
2026-06-03,cv_3,all,sma_5,217.46400146484376,False,217.46400146484376,184.77000122070308,185.9811784927159,7.56859585997151,4.159664956961562,4.159664956961562
2026-06-04,cv_3,all,sma_5,218.3460021972656,False,218.3460021972656,184.77000122070308,185.9811784927159,7.56859585997151,4.276199218896001,4.276199218896001
2026-06-05,cv_3,all,sma_5,217.13800354003905,False,217.13800354003905,184.77000122070308,185.9811784927159,7.56859585997151,4.116592512503425,4.116592512503425
2026-06-08,cv_3,all,sma_5,213.99400329589844,False,213.99400329589844,184.77000122070308,185.9811784927159,7.56859585997151,3.7011917826575527,3.7011917826575527
2026-06-09,cv_3,all,sma_5,211.068002319336,False,211.068002319336,184.77000122070308,185.9811784927159,7.56859585997151,3.314594185071801,3.314594185071801
2026-06-10,cv_3,all,sma_5,208.202001953125,False,208.202001953125,184.77000122070308,185.9811784927159,7.56859585997151,2.9359241623574728,2.9359241623574728
2026-06-11,cv_3,all,sma_5,205.44400024414065,False,205.44400024414065,184.77000122070308,185.9811784927159,7.56859585997151,2.571523451841172,2.571523451841172
2026-06-12,cv_3,all,sma_5,205.4619995117188,False,205.4619995117188,184.77000122070308,185.9811784927159,7.56859585997151,2.5739016033386433,2.5739016033386433
2026-05-08,cv_3,all,sma_20,203.1814994812012,False,203.1814994812012,185.304500579834,185.16986344219887,3.9328952363792946,4.579739595500696,4.579739595500696
2026-05-11,cv_3,all,sma_20,204.6879997253418,False,204.6879997253418,185.304500579834,185.16986344219887,3.9328952363792946,4.962790796612148,4.962790796612148
2026-05-12,cv_3,all,sma_20,205.90149993896483,False,205.90149993896483,185.304500579834,185.16986344219887,3.9328952363792946,5.271342166706667,5.271342166706667
2026-05-13,cv_3,all,sma_20,207.2495002746582,False,207.2495002746582,185.304500579834,185.16986344219887,3.9328952363792946,5.614092292167514,5.614092292167514
2026-05-14,cv_3,all,sma_20,209.11900024414064,False,209.11900024414064,185.304500579834,185.16986344219887,3.9328952363792946,6.089441839287292,6.089441839287292
2026-05-15,cv_3,all,sma_20,210.3010009765625,False,210.3010009765625,185.304500579834,185.16986344219887,3.9328952363792946,6.389983974630324,6.389983974630324
2026-05-18,cv_3,all,sma_20,211.31400146484376,False,211.31400146484376,185.304500579834,185.16986344219887,3.9328952363792946,6.647555160079403,6.647555160079403
2026-05-19,cv_3,all,sma_20,212.3505012512207,False,212.3505012512207,185.304500579834,185.16986344219887,3.9328952363792946,6.911101408855447,6.911101408855447
2026-05-20,cv_3,all,sma_20,213.39900131225585,False,213.39900131225585,185.304500579834,185.16986344219887,3.9328952363792946,7.177698914768273,7.177698914768273
2026-05-21,cv_3,all,sma_20,214.3925010681152,False,214.3925010681152,185.304500579834,185.16986344219887,3.9328952363792946,7.430311734624106,7.430311734624106
2026-05-22,cv_3,all,sma_20,214.74550094604493,False,214.74550094604493,185.304500579834,185.16986344219887,3.9328952363792946,7.520067463346418,7.520067463346418
2026-05-26,cv_3,all,sma_20,214.6580009460449,False,214.6580009460449,185.304500579834,185.16986344219887,3.9328952363792946,7.497819222612554,7.497819222612554
2026-05-27,cv_3,all,sma_20,214.62950134277344,False,214.62950134277344,185.304500579834,185.16986344219887,3.9328952363792946,7.490572753647951,7.490572753647951
2026-05-28,cv_3,all,sma_20,214.87950134277344,False,214.87950134277344,185.304500579834,185.16986344219887,3.9328952363792946,7.554139155744681,7.554139155744681
2026-05-29,cv_3,all,sma_20,215.45800094604493,False,215.45800094604493,185.304500579834,185.16986344219887,3.9328952363792946,7.7012317093221,7.7012317093221
2026-06-01,cv_3,all,sma_20,216.7535011291504,False,216.7535011291504,185.304500579834,185.16986344219887,3.9328952363792946,8.030632851544778,8.030632851544778
2026-06-02,cv_3,all,sma_20,217.9705017089844,False,217.9705017089844,185.304500579834,185.16986344219887,3.9328952363792946,8.3400742443835,8.3400742443835
2026-06-03,cv_3,all,sma_20,218.8830017089844,False,218.8830017089844,185.304500579834,185.16986344219887,3.9328952363792946,8.57209161203657,8.57209161203657
2026-06-04,cv_3,all,sma_20,219.42450180053712,False,219.42450180053712,185.304500579834,185.16986344219887,3.9328952363792946,8.70977646225679,8.70977646225679
2026-06-05,cv_3,all,sma_20,219.1045021057129,False,219.1045021057129,185.304500579834,185.16986344219887,3.9328952363792946,8.628411545168683,8.628411545168683
2026-06-08,cv_3,all,sma_20,218.7765022277832,False,218.7765022277832,185.304500579834,185.16986344219887,3.9328952363792946,8.545012456656053,8.545012456656053
2026-06-09,cv_3,all,sma_20,218.2140022277832,False,218.2140022277832,185.304500579834,185.16986344219887,3.9328952363792946,8.40198805193841,8.40198805193841
2026-06-10,cv_3,all,sma_20,217.1960021972656,False,217.1960021972656,185.304500579834,185.16986344219887,3.9328952363792946,8.143145654840954,8.143145654840954
2026-06-11,cv_3,all,sma_20,216.14800186157223,False,216.14800186157223,185.304500579834,185.16986344219887,3.9328952363792946,7.8766752118961785,7.8766752118961785
2026-06-12,cv_3,all,sma_20,214.6205017089844,False,214.6205017089844,185.304500579834,185.16986344219887,3.9328952363792946,7.48828445628732,7.48828445628732
2026-05-08,cv_3,all,sma_60,188.6303329467773,False,188.6303329467773,184.9241671244304,184.87235775603554,0.8554904160058222,4.3927729877878265,4.3927729877878265
2026-05-11,cv_3,all,sma_60,189.171999613444,False,189.171999613444,184.9241671244304,184.87235775603554,0.8554904160058222,5.025938078281403,5.025938078281403
2026-05-12,cv_3,all,sma_60,189.8048329671224,False,189.8048329671224,184.9241671244304,184.87235775603554,0.8554904160058222,5.765669747787431,5.765669747787431
2026-05-13,cv_3,all,sma_60,190.48583297729493,False,190.48583297729493,184.9241671244304,184.87235775603554,0.8554904160058222,6.561704393449556,6.561704393449556
2026-05-14,cv_3,all,sma_60,191.2818331400553,False,191.2818331400553,184.9241671244304,184.87235775603554,0.8554904160058222,7.4921650366871555,7.4921650366871555
2026-05-15,cv_3,all,sma_60,191.9055000305176,False,191.9055000305176,184.9241671244304,184.87235775603554,0.8554904160058222,8.22118184247922,8.22118184247922
2026-05-18,cv_3,all,sma_60,192.44716669718423,False,192.44716669718423,184.9241671244304,184.87235775603554,0.8554904160058222,8.854346932972698,8.854346932972698
2026-05-19,cv_3,all,sma_60,192.93149998982747,False,192.93149998982747,184.9241671244304,184.87235775603554,0.8554904160058222,9.42049388632436,9.42049388632436
2026-05-20,cv_3,all,sma_60,193.44183324178056,False,193.44183324178056,184.9241671244304,184.87235775603554,0.8554904160058222,10.017032716456166,10.017032716456166
2026-05-21,cv_3,all,sma_60,193.84099985758465,False,193.84099985758465,184.9241671244304,184.87235775603554,0.8554904160058222,10.48362662368864,10.48362662368864
2026-05-22,cv_3,all,sma_60,194.34833323160808,False,194.34833323160808,184.9241671244304,184.87235775603554,0.8554904160058222,11.076658836009742,11.076658836009742
2026-05-26,cv_3,all,sma_60,194.97616653442384,False,194.97616653442384,184.9241671244304,184.87235775603554,0.8554904160058222,11.810545845226086,11.810545845226086
2026-05-27,cv_3,all,sma_60,195.4781667073568,False,195.4781667073568,184.9241671244304,184.87235775603554,0.8554904160058222,12.397343971237511,12.397343971237511
2026-05-28,cv_3,all,sma_60,196.0481666564941,False,196.0481666564941,184.9241671244304,184.87235775603554,0.8554904160058222,13.063628407010102,13.063628407010102
2026-05-29,cv_3,all,sma_60,196.5165000915528,False,196.5165000915528,184.9241671244304,184.87235775603554,0.8554904160058222,13.611072804161054,13.611072804161054
2026-06-01,cv_3,all,sma_60,197.20016682942708,False,197.20016682942708,184.9241671244304,184.87235775603554,0.8554904160058222,14.410224641613794,14.410224641613794
2026-06-02,cv_3,all,sma_60,197.95016682942708,False,197.95016682942708,184.9241671244304,184.87235775603554,0.8554904160058222,15.286914766912515,15.286914766912515
2026-06-03,cv_3,all,sma_60,198.48516693115235,False,198.48516693115235,184.9241671244304,184.87235775603554,0.8554904160058222,15.912287175200994,15.912287175200994
2026-06-04,cv_3,all,sma_60,199.05000025431315,False,199.05000025431315,184.9241671244304,184.87235775603554,0.8554904160058222,16.572532237673972,16.572532237673972
2026-06-05,cv_3,all,sma_60,199.3678337097168,False,199.3678337097168,184.9241671244304,184.87235775603554,0.8554904160058222,16.944054173463233,16.944054173463233
2026-06-08,cv_3,all,sma_60,199.7928337097168,False,199.7928337097168,184.9241671244304,184.87235775603554,0.8554904160058222,17.440845244465855,17.440845244465855
2026-06-09,cv_3,all,sma_60,200.2585004170736,False,200.2585004170736,184.9241671244304,184.87235775603554,0.8554904160058222,17.985172449825964,17.985172449825964
2026-06-10,cv_3,all,sma_60,200.5451670328776,False,200.5451670328776,184.9241671244304,184.87235775603554,0.8554904160058222,18.320262838263513,18.320262838263513
2026-06-11,cv_3,all,sma_60,200.92750040690103,False,200.92750040690103,184.9241671244304,184.87235775603554,0.8554904160058222,18.767180029701496,18.767180029701496
2026-06-12,cv_3,all,sma_60,201.34066721598307,False,201.34066721598307,184.9241671244304,184.87235775603554,0.8554904160058222,19.250139045199376,19.250139045199376
2026-05-08,cv_3,all,rolling_volatility_20,0.0248227974185838,False,0.0248227974185838,0.02239842376788835,0.022663117478498758,0.0035648170993197973,0.6058319066347417,0.6058319066347417
2026-05-11,cv_3,all,rolling_volatility_20,0.0249708453538536,False,0.0249708453538536,0.02239842376788835,0.022663117478498758,0.0035648170993197973,0.6473622099139899,0.6473622099139899
2026-05-12,cv_3,all,rolling_volatility_20,0.0239288194928034,False,0.0239288194928034,0.02239842376788835,0.022663117478498758,0.0035648170993197973,0.35505384400959866,0.35505384400959866
2026-05-13,cv_3,all,rolling_volatility_20,0.0241916684731468,False,0.0241916684731468,0.02239842376788835,0.022663117478498758,0.0035648170993197973,0.4287880561781708,0.4287880561781708
2026-05-14,cv_3,all,rolling_volatility_20,0.0254554162776162,False,0.0254554162776162,0.02239842376788835,0.022663117478498758,0.0035648170993197973,0.7832937066112703,0.7832937066112703
2026-05-15,cv_3,all,rolling_volatility_20,0.0279967705323583,False,0.0279967705323583,0.02239842376788835,0.022663117478498758,0.0035648170993197973,1.4961926251075426,1.4961926251075426
2026-05-18,cv_3,all,rolling_volatility_20,0.0283167532351919,False,0.0283167532351919,0.02239842376788835,0.022663117478498758,0.0035648170993197973,1.5859539491582648,1.5859539491582648
2026-05-19,cv_3,all,rolling_volatility_20,0.028233240460304,False,0.028233240460304,0.02239842376788835,0.022663117478498758,0.0035648170993197973,1.562527003943085,1.562527003943085
2026-05-20,cv_3,all,rolling_volatility_20,0.0282311720543956,False,0.0282311720543956,0.02239842376788835,0.022663117478498758,0.0035648170993197973,1.5619467761639956,1.5619467761639956
2026-05-21,cv_3,all,rolling_volatility_20,0.0283726357531294,False,0.0283726357531294,0.02239842376788835,0.022663117478498758,0.0035648170993197973,1.6016300740141969,1.6016300740141969
2026-05-22,cv_3,all,rolling_volatility_20,0.0273715528878476,False,0.0273715528878476,0.02239842376788835,0.022663117478498758,0.0035648170993197973,1.320807008653336,1.320807008653336
2026-05-26,cv_3,all,rolling_volatility_20,0.0258718584704306,False,0.0258718584704306,0.02239842376788835,0.022663117478498758,0.0035648170993197973,0.9001137793420314,0.9001137793420314
2026-05-27,cv_3,all,rolling_volatility_20,0.025726960352678,False,0.025726960352678,0.02239842376788835,0.022663117478498758,0.0035648170993197973,0.859467060670197,0.859467060670197
2026-05-28,cv_3,all,rolling_volatility_20,0.0253959870037243,False,0.0253959870037243,0.02239842376788835,0.022663117478498758,0.0035648170993197973,0.766622648255082,0.766622648255082
2026-05-29,cv_3,all,rolling_volatility_20,0.0231472104673821,False,0.0231472104673821,0.02239842376788835,0.022663117478498758,0.0035648170993197973,0.13579742673914785,0.13579742673914785
2026-06-01,cv_3,all,rolling_volatility_20,0.0265733739372333,False,0.0265733739372333,0.02239842376788835,0.022663117478498758,0.0035648170993197973,1.0969024075542773,1.0969024075542773
2026-06-02,cv_3,all,rolling_volatility_20,0.02670733969941,False,0.02670733969941,0.02239842376788835,0.022663117478498758,0.0035648170993197973,1.1344823894844196,1.1344823894844196
2026-06-03,cv_3,all,rolling_volatility_20,0.0281463088573324,False,0.0281463088573324,0.02239842376788835,0.022663117478498758,0.0035648170993197973,1.5381410114644847,1.5381410114644847
2026-06-04,cv_3,all,rolling_volatility_20,0.0255071625646882,False,0.0255071625646882,0.02239842376788835,0.022663117478498758,0.0035648170993197973,0.7978095388770754,0.7978095388770754
2026-06-05,cv_3,all,rolling_volatility_20,0.0290483339479584,False,0.0290483339479584,0.02239842376788835,0.022663117478498758,0.0035648170993197973,1.791176459145128,1.791176459145128
2026-06-08,cv_3,all,rolling_volatility_20,0.0290404743334059,False,0.0290404743334059,0.02239842376788835,0.022663117478498758,0.0035648170993197973,1.7889716855667028,1.7889716855667028
2026-06-09,cv_3,all,rolling_volatility_20,0.0286228781691375,False,0.0286228781691375,0.02239842376788835,0.022663117478498758,0.0035648170993197973,1.671827901570581,1.671827901570581
2026-06-10,cv_3,all,rolling_volatility_20,0.0295875117646585,False,0.0295875117646585,0.02239842376788835,0.022663117478498758,0.0035648170993197973,1.9424262432653236,1.9424262432653236
2026-06-11,cv_3,all,rolling_volatility_20,0.0295553514559805,False,0.0295553514559805,0.02239842376788835,0.022663117478498758,0.0035648170993197973,1.9334046559630926,1.9334046559630926
2026-06-12,cv_3,all,rolling_volatility_20,0.0273456999079777,False,0.0273456999079777,0.02239842376788835,0.022663117478498758,0.0035648170993197973,1.3135547488179482,1.3135547488179482
2026-05-08,cv_3,all,rolling_volatility_60,0.0231068300040838,False,0.0231068300040838,0.02232033455454245,0.022365952446146534,0.0008176326760699261,0.90612518264119,0.90612518264119
2026-05-11,cv_3,all,rolling_volatility_60,0.0230812295129846,False,0.0230812295129846,0.02232033455454245,0.022365952446146534,0.0008176326760699261,0.8748146787334296,0.8748146787334296
2026-05-12,cv_3,all,rolling_volatility_60,0.0228488608000381,False,0.0228488608000381,0.02232033455454245,0.022365952446146534,0.0008176326760699261,0.5906177285046108,0.5906177285046108
2026-05-13,cv_3,all,rolling_volatility_60,0.0229621495471931,False,0.0229621495471931,0.02232033455454245,0.022365952446146534,0.0008176326760699261,0.7291747486319619,0.7291747486319619
2026-05-14,cv_3,all,rolling_volatility_60,0.0234911528930414,False,0.0234911528930414,0.02232033455454245,0.022365952446146534,0.0008176326760699261,1.3761686388358514,1.3761686388358514
2026-05-15,cv_3,all,rolling_volatility_60,0.0242984816592766,False,0.0242984816592766,0.02232033455454245,0.022365952446146534,0.0008176326760699261,2.3635665130447765,2.3635665130447765
2026-05-18,cv_3,all,rolling_volatility_60,0.0243750806646603,False,0.0243750806646603,0.02232033455454245,0.022365952446146534,0.0008176326760699261,2.4572503977836853,2.4572503977836853
2026-05-19,cv_3,all,rolling_volatility_60,0.0243993565461087,False,0.0243993565461087,0.02232033455454245,0.022365952446146534,0.0008176326760699261,2.486940847002382,2.486940847002382
2026-05-20,cv_3,all,rolling_volatility_60,0.0244301232901015,False,0.0244301232901015,0.02232033455454245,0.022365952446146534,0.0008176326760699261,2.5245699008468105,2.5245699008468105
2026-05-21,cv_3,all,rolling_volatility_60,0.0245252052051098,False,0.0245252052051098,0.02232033455454245,0.022365952446146534,0.0008176326760699261,2.6408591806066704,2.6408591806066704
2026-05-22,cv_3,all,rolling_volatility_60,0.0235402289784066,False,0.0235402289784066,0.02232033455454245,0.022365952446146534,0.0008176326760699261,1.436190806248596,1.436190806248596
2026-05-26,cv_3,all,rolling_volatility_60,0.0228171122455572,False,0.0228171122455572,0.02232033455454245,0.022365952446146534,0.0008176326760699261,0.5517878781205674,0.5517878781205674
2026-05-27,cv_3,all,rolling_volatility_60,0.0226203650251716,False,0.0226203650251716,0.02232033455454245,0.022365952446146534,0.0008176326760699261,0.311157548457993,0.311157548457993
2026-05-28,cv_3,all,rolling_volatility_60,0.0225293222609804,False,0.0225293222609804,0.02232033455454245,0.022365952446146534,0.0008176326760699261,0.19980832422100417,0.19980832422100417
2026-05-29,cv_3,all,rolling_volatility_60,0.0225725103064236,False,0.0225725103064236,0.02232033455454245,0.022365952446146534,0.0008176326760699261,0.25262916505479666,0.25262916505479666
2026-06-01,cv_3,all,rolling_volatility_60,0.0238626884512124,False,0.0238626884512124,0.02232033455454245,0.022365952446146534,0.0008176326760699261,1.830572638388368,1.830572638388368
2026-06-02,cv_3,all,rolling_volatility_60,0.0234911644053764,False,0.0234911644053764,0.02232033455454245,0.022365952446146534,0.0008176326760699261,1.376182718917701,1.376182718917701
2026-06-03,cv_3,all,rolling_volatility_60,0.0238557911512685,False,0.0238557911512685,0.02232033455454245,0.022365952446146534,0.0008176326760699261,1.822136943306984,1.822136943306984
2026-06-04,cv_3,all,rolling_volatility_60,0.0239114010179503,False,0.0239114010179503,0.02232033455454245,0.022365952446146534,0.0008176326760699261,1.890150206853517,1.890150206853517
2026-06-05,cv_3,all,rolling_volatility_60,0.0253381084609177,False,0.0253381084609177,0.02232033455454245,0.022365952446146534,0.0008176326760699261,3.6350748958044097,3.6350748958044097
2026-06-08,cv_3,all,rolling_volatility_60,0.0253084027045559,False,0.0253084027045559,0.02232033455454245,0.022365952446146534,0.0008176326760699261,3.5987434755576233,3.5987434755576233
2026-06-09,cv_3,all,rolling_volatility_60,0.0252026108216626,False,0.0252026108216626,0.02232033455454245,0.022365952446146534,0.0008176326760699261,3.4693554435114904,3.4693554435114904
2026-06-10,cv_3,all,rolling_volatility_60,0.0256576345611,False,0.0256576345611,0.02232033455454245,0.022365952446146534,0.0008176326760699261,4.025869086807327,4.025869086807327
2026-06-11,cv_3,all,rolling_volatility_60,0.0257640165801675,False,0.0257640165801675,0.02232033455454245,0.022365952446146534,0.0008176326760699261,4.155978880827356,4.155978880827356
2026-06-12,cv_3,all,rolling_volatility_60,0.0257258493038802,False,0.0257258493038802,0.02232033455454245,0.022365952446146534,0.0008176326760699261,4.1092986570491705,4.1092986570491705
2026-05-08,cv_3,all,q_gross_margin,0.7341157071185489,False,0.7341157071185489,0.7341157071185489,0.7316798082963497,0.0042579870632828256,0.57207755354737,0.57207755354737
2026-05-11,cv_3,all,q_gross_margin,0.7341157071185489,False,0.7341157071185489,0.7341157071185489,0.7316798082963497,0.0042579870632828256,0.57207755354737,0.57207755354737
2026-05-12,cv_3,all,q_gross_margin,0.7341157071185489,False,0.7341157071185489,0.7341157071185489,0.7316798082963497,0.0042579870632828256,0.57207755354737,0.57207755354737
2026-05-13,cv_3,all,q_gross_margin,0.7341157071185489,False,0.7341157071185489,0.7341157071185489,0.7316798082963497,0.0042579870632828256,0.57207755354737,0.57207755354737
2026-05-14,cv_3,all,q_gross_margin,0.7341157071185489,False,0.7341157071185489,0.7341157071185489,0.7316798082963497,0.0042579870632828256,0.57207755354737,0.57207755354737
2026-05-15,cv_3,all,q_gross_margin,0.7341157071185489,False,0.7341157071185489,0.7341157071185489,0.7316798082963497,0.0042579870632828256,0.57207755354737,0.57207755354737
2026-05-18,cv_3,all,q_gross_margin,0.7341157071185489,False,0.7341157071185489,0.7341157071185489,0.7316798082963497,0.0042579870632828256,0.57207755354737,0.57207755354737
2026-05-19,cv_3,all,q_gross_margin,0.7341157071185489,False,0.7341157071185489,0.7341157071185489,0.7316798082963497,0.0042579870632828256,0.57207755354737,0.57207755354737
2026-05-20,cv_3,all,q_gross_margin,0.7341157071185489,False,0.7341157071185489,0.7341157071185489,0.7316798082963497,0.0042579870632828256,0.57207755354737,0.57207755354737
2026-05-21,cv_3,all,q_gross_margin,0.749335293757275,False,0.749335293757275,0.7341157071185489,0.7316798082963497,0.0042579870632828256,4.146439432184016,4.146439432184016
2026-05-22,cv_3,all,q_gross_margin,0.749335293757275,False,0.749335293757275,0.7341157071185489,0.7316798082963497,0.0042579870632828256,4.146439432184016,4.146439432184016
2026-05-26,cv_3,all,q_gross_margin,0.749335293757275,False,0.749335293757275,0.7341157071185489,0.7316798082963497,0.0042579870632828256,4.146439432184016,4.146439432184016
2026-05-27,cv_3,all,q_gross_margin,0.749335293757275,False,0.749335293757275,0.7341157071185489,0.7316798082963497,0.0042579870632828256,4.146439432184016,4.146439432184016
2026-05-28,cv_3,all,q_gross_margin,0.749335293757275,False,0.749335293757275,0.7341157071185489,0.7316798082963497,0.0042579870632828256,4.146439432184016,4.146439432184016
2026-05-29,cv_3,all,q_gross_margin,0.749335293757275,False,0.749335293757275,0.7341157071185489,0.7316798082963497,0.0042579870632828256,4.146439432184016,4.146439432184016
2026-06-01,cv_3,all,q_gross_margin,0.749335293757275,False,0.749335293757275,0.7341157071185489,0.7316798082963497,0.0042579870632828256,4.146439432184016,4.146439432184016
2026-06-02,cv_3,all,q_gross_margin,0.749335293757275,False,0.749335293757275,0.7341157071185489,0.7316798082963497,0.0042579870632828256,4.146439432184016,4.146439432184016
2026-06-03,cv_3,all,q_gross_margin,0.749335293757275,False,0.749335293757275,0.7341157071185489,0.7316798082963497,0.0042579870632828256,4.146439432184016,4.146439432184016
2026-06-04,cv_3,all,q_gross_margin,0.749335293757275,False,0.749335293757275,0.7341157071185489,0.7316798082963497,0.0042579870632828256,4.146439432184016,4.146439432184016
2026-06-05,cv_3,all,q_gross_margin,0.749335293757275,False,0.749335293757275,0.7341157071185489,0.7316798082963497,0.0042579870632828256,4.146439432184016,4.146439432184016
2026-06-08,cv_3,all,q_gross_margin,0.749335293757275,False,0.749335293757275,0.7341157071185489,0.7316798082963497,0.0042579870632828256,4.146439432184016,4.146439432184016
2026-06-09,cv_3,all,q_gross_margin,0.749335293757275,False,0.749335293757275,0.7341157071185489,0.7316798082963497,0.0042579870632828256,4.146439432184016,4.146439432184016
2026-06-10,cv_3,all,q_gross_margin,0.749335293757275,False,0.749335293757275,0.7341157071185489,0.7316798082963497,0.0042579870632828256,4.146439432184016,4.146439432184016
2026-06-11,cv_3,all,q_gross_margin,0.749335293757275,False,0.749335293757275,0.7341157071185489,0.7316798082963497,0.0042579870632828256,4.146439432184016,4.146439432184016
2026-06-12,cv_3,all,q_gross_margin,0.749335293757275,False,0.749335293757275,0.7341157071185489,0.7316798082963497,0.0042579870632828256,4.146439432184016,4.146439432184016
2026-05-08,cv_3,all,q_operating_margin,0.6316878925025436,False,0.6316878925025436,0.6316878925025436,0.6259538953040955,0.010023111661858626,0.572077553547364,0.572077553547364
2026-05-11,cv_3,all,q_operating_margin,0.6316878925025436,False,0.6316878925025436,0.6316878925025436,0.6259538953040955,0.010023111661858626,0.572077553547364,0.572077553547364
2026-05-12,cv_3,all,q_operating_margin,0.6316878925025436,False,0.6316878925025436,0.6316878925025436,0.6259538953040955,0.010023111661858626,0.572077553547364,0.572077553547364
2026-05-13,cv_3,all,q_operating_margin,0.6316878925025436,False,0.6316878925025436,0.6316878925025436,0.6259538953040955,0.010023111661858626,0.572077553547364,0.572077553547364
2026-05-14,cv_3,all,q_operating_margin,0.6316878925025436,False,0.6316878925025436,0.6316878925025436,0.6259538953040955,0.010023111661858626,0.572077553547364,0.572077553547364
2026-05-15,cv_3,all,q_operating_margin,0.6316878925025436,False,0.6316878925025436,0.6316878925025436,0.6259538953040955,0.010023111661858626,0.572077553547364,0.572077553547364
2026-05-18,cv_3,all,q_operating_margin,0.6316878925025436,False,0.6316878925025436,0.6316878925025436,0.6259538953040955,0.010023111661858626,0.572077553547364,0.572077553547364
2026-05-19,cv_3,all,q_operating_margin,0.6316878925025436,False,0.6316878925025436,0.6316878925025436,0.6259538953040955,0.010023111661858626,0.572077553547364,0.572077553547364
2026-05-20,cv_3,all,q_operating_margin,0.6316878925025436,False,0.6316878925025436,0.6316878925025436,0.6259538953040955,0.010023111661858626,0.572077553547364,0.572077553547364
2026-05-21,cv_3,all,q_operating_margin,0.6559578508852539,False,0.6559578508852539,0.6316878925025436,0.6259538953040955,0.010023111661858626,2.993477134983316,2.993477134983316
2026-05-22,cv_3,all,q_operating_margin,0.6559578508852539,False,0.6559578508852539,0.6316878925025436,0.6259538953040955,0.010023111661858626,2.993477134983316,2.993477134983316
2026-05-26,cv_3,all,q_operating_margin,0.6559578508852539,False,0.6559578508852539,0.6316878925025436,0.6259538953040955,0.010023111661858626,2.993477134983316,2.993477134983316
2026-05-27,cv_3,all,q_operating_margin,0.6559578508852539,False,0.6559578508852539,0.6316878925025436,0.6259538953040955,0.010023111661858626,2.993477134983316,2.993477134983316
2026-05-28,cv_3,all,q_operating_margin,0.6559578508852539,False,0.6559578508852539,0.6316878925025436,0.6259538953040955,0.010023111661858626,2.993477134983316,2.993477134983316
2026-05-29,cv_3,all,q_operating_margin,0.6559578508852539,False,0.6559578508852539,0.6316878925025436,0.6259538953040955,0.010023111661858626,2.993477134983316,2.993477134983316
2026-06-01,cv_3,all,q_operating_margin,0.6559578508852539,False,0.6559578508852539,0.6316878925025436,0.6259538953040955,0.010023111661858626,2.993477134983316,2.993477134983316
2026-06-02,cv_3,all,q_operating_margin,0.6559578508852539,False,0.6559578508852539,0.6316878925025436,0.6259538953040955,0.010023111661858626,2.993477134983316,2.993477134983316
2026-06-03,cv_3,all,q_operating_margin,0.6559578508852539,False,0.6559578508852539,0.6316878925025436,0.6259538953040955,0.010023111661858626,2.993477134983316,2.993477134983316
2026-06-04,cv_3,all,q_operating_margin,0.6559578508852539,False,0.6559578508852539,0.6316878925025436,0.6259538953040955,0.010023111661858626,2.993477134983316,2.993477134983316
2026-06-05,cv_3,all,q_operating_margin,0.6559578508852539,False,0.6559578508852539,0.6316878925025436,0.6259538953040955,0.010023111661858626,2.993477134983316,2.993477134983316
2026-06-08,cv_3,all,q_operating_margin,0.6559578508852539,False,0.6559578508852539,0.6316878925025436,0.6259538953040955,0.010023111661858626,2.993477134983316,2.993477134983316
2026-06-09,cv_3,all,q_operating_margin,0.6559578508852539,False,0.6559578508852539,0.6316878925025436,0.6259538953040955,0.010023111661858626,2.993477134983316,2.993477134983316
2026-06-10,cv_3,all,q_operating_margin,0.6559578508852539,False,0.6559578508852539,0.6316878925025436,0.6259538953040955,0.010023111661858626,2.993477134983316,2.993477134983316
2026-06-11,cv_3,all,q_operating_margin,0.6559578508852539,False,0.6559578508852539,0.6316878925025436,0.6259538953040955,0.010023111661858626,2.993477134983316,2.993477134983316
2026-06-12,cv_3,all,q_operating_margin,0.6559578508852539,False,0.6559578508852539,0.6316878925025436,0.6259538953040955,0.010023111661858626,2.993477134983316,2.993477134983316
2026-05-08,cv_3,all,q_net_margin,0.5597656387046978,False,0.5597656387046978,0.5597656387046978,0.5611206860798885,0.002368642794649735,-0.5720775535473445,0.5720775535473445
2026-05-11,cv_3,all,q_net_margin,0.5597656387046978,False,0.5597656387046978,0.5597656387046978,0.5611206860798885,0.002368642794649735,-0.5720775535473445,0.5720775535473445
2026-05-12,cv_3,all,q_net_margin,0.5597656387046978,False,0.5597656387046978,0.5597656387046978,0.5611206860798885,0.002368642794649735,-0.5720775535473445,0.5720775535473445
2026-05-13,cv_3,all,q_net_margin,0.5597656387046978,False,0.5597656387046978,0.5597656387046978,0.5611206860798885,0.002368642794649735,-0.5720775535473445,0.5720775535473445
2026-05-14,cv_3,all,q_net_margin,0.5597656387046978,False,0.5597656387046978,0.5597656387046978,0.5611206860798885,0.002368642794649735,-0.5720775535473445,0.5720775535473445
2026-05-15,cv_3,all,q_net_margin,0.5597656387046978,False,0.5597656387046978,0.5597656387046978,0.5611206860798885,0.002368642794649735,-0.5720775535473445,0.5720775535473445
2026-05-18,cv_3,all,q_net_margin,0.5597656387046978,False,0.5597656387046978,0.5597656387046978,0.5611206860798885,0.002368642794649735,-0.5720775535473445,0.5720775535473445
2026-05-19,cv_3,all,q_net_margin,0.5597656387046978,False,0.5597656387046978,0.5597656387046978,0.5611206860798885,0.002368642794649735,-0.5720775535473445,0.5720775535473445
2026-05-20,cv_3,all,q_net_margin,0.5597656387046978,False,0.5597656387046978,0.5597656387046978,0.5611206860798885,0.002368642794649735,-0.5720775535473445,0.5720775535473445
2026-05-21,cv_3,all,q_net_margin,0.7145867793910433,False,0.7145867793910433,0.5597656387046978,0.5611206860798885,0.002368642794649735,64.79072895997757,64.79072895997757
2026-05-22,cv_3,all,q_net_margin,0.7145867793910433,False,0.7145867793910433,0.5597656387046978,0.5611206860798885,0.002368642794649735,64.79072895997757,64.79072895997757
2026-05-26,cv_3,all,q_net_margin,0.7145867793910433,False,0.7145867793910433,0.5597656387046978,0.5611206860798885,0.002368642794649735,64.79072895997757,64.79072895997757
2026-05-27,cv_3,all,q_net_margin,0.7145867793910433,False,0.7145867793910433,0.5597656387046978,0.5611206860798885,0.002368642794649735,64.79072895997757,64.79072895997757
2026-05-28,cv_3,all,q_net_margin,0.7145867793910433,False,0.7145867793910433,0.5597656387046978,0.5611206860798885,0.002368642794649735,64.79072895997757,64.79072895997757
2026-05-29,cv_3,all,q_net_margin,0.7145867793910433,False,0.7145867793910433,0.5597656387046978,0.5611206860798885,0.002368642794649735,64.79072895997757,64.79072895997757
2026-06-01,cv_3,all,q_net_margin,0.7145867793910433,False,0.7145867793910433,0.5597656387046978,0.5611206860798885,0.002368642794649735,64.79072895997757,64.79072895997757
2026-06-02,cv_3,all,q_net_margin,0.7145867793910433,False,0.7145867793910433,0.5597656387046978,0.5611206860798885,0.002368642794649735,64.79072895997757,64.79072895997757
2026-06-03,cv_3,all,q_net_margin,0.7145867793910433,False,0.7145867793910433,0.5597656387046978,0.5611206860798885,0.002368642794649735,64.79072895997757,64.79072895997757
2026-06-04,cv_3,all,q_net_margin,0.7145867793910433,False,0.7145867793910433,0.5597656387046978,0.5611206860798885,0.002368642794649735,64.79072895997757,64.79072895997757
2026-06-05,cv_3,all,q_net_margin,0.7145867793910433,False,0.7145867793910433,0.5597656387046978,0.5611206860798885,0.002368642794649735,64.79072895997757,64.79072895997757
2026-06-08,cv_3,all,q_net_margin,0.7145867793910433,False,0.7145867793910433,0.5597656387046978,0.5611206860798885,0.002368642794649735,64.79072895997757,64.79072895997757
2026-06-09,cv_3,all,q_net_margin,0.7145867793910433,False,0.7145867793910433,0.5597656387046978,0.5611206860798885,0.002368642794649735,64.79072895997757,64.79072895997757
2026-06-10,cv_3,all,q_net_margin,0.7145867793910433,False,0.7145867793910433,0.5597656387046978,0.5611206860798885,0.002368642794649735,64.79072895997757,64.79072895997757
2026-06-11,cv_3,all,q_net_margin,0.7145867793910433,False,0.7145867793910433,0.5597656387046978,0.5611206860798885,0.002368642794649735,64.79072895997757,64.79072895997757
2026-06-12,cv_3,all,q_net_margin,0.7145867793910433,False,0.7145867793910433,0.5597656387046978,0.5611206860798885,0.002368642794649735,64.79072895997757,64.79072895997757
2026-05-08,cv_3,all,q_rd_to_revenue,0.0825351717363084,False,0.0825351717363084,0.0825351717363084,0.08481961090236192,0.003993233350772271,-0.5720775535473609,0.5720775535473609
2026-05-11,cv_3,all,q_rd_to_revenue,0.0825351717363084,False,0.0825351717363084,0.0825351717363084,0.08481961090236192,0.003993233350772271,-0.5720775535473609,0.5720775535473609
2026-05-12,cv_3,all,q_rd_to_revenue,0.0825351717363084,False,0.0825351717363084,0.0825351717363084,0.08481961090236192,0.003993233350772271,-0.5720775535473609,0.5720775535473609
2026-05-13,cv_3,all,q_rd_to_revenue,0.0825351717363084,False,0.0825351717363084,0.0825351717363084,0.08481961090236192,0.003993233350772271,-0.5720775535473609,0.5720775535473609
2026-05-14,cv_3,all,q_rd_to_revenue,0.0825351717363084,False,0.0825351717363084,0.0825351717363084,0.08481961090236192,0.003993233350772271,-0.5720775535473609,0.5720775535473609
2026-05-15,cv_3,all,q_rd_to_revenue,0.0825351717363084,False,0.0825351717363084,0.0825351717363084,0.08481961090236192,0.003993233350772271,-0.5720775535473609,0.5720775535473609
2026-05-18,cv_3,all,q_rd_to_revenue,0.0825351717363084,False,0.0825351717363084,0.0825351717363084,0.08481961090236192,0.003993233350772271,-0.5720775535473609,0.5720775535473609
2026-05-19,cv_3,all,q_rd_to_revenue,0.0825351717363084,False,0.0825351717363084,0.0825351717363084,0.08481961090236192,0.003993233350772271,-0.5720775535473609,0.5720775535473609
2026-05-20,cv_3,all,q_rd_to_revenue,0.0825351717363084,False,0.0825351717363084,0.0825351717363084,0.08481961090236192,0.003993233350772271,-0.5720775535473609,0.5720775535473609
2026-05-21,cv_3,all,q_rd_to_revenue,0.0774489983458923,False,0.0774489983458923,0.0825351717363084,0.08481961090236192,0.003993233350772271,-1.8457755680729702,1.8457755680729702
2026-05-22,cv_3,all,q_rd_to_revenue,0.0774489983458923,False,0.0774489983458923,0.0825351717363084,0.08481961090236192,0.003993233350772271,-1.8457755680729702,1.8457755680729702
2026-05-26,cv_3,all,q_rd_to_revenue,0.0774489983458923,False,0.0774489983458923,0.0825351717363084,0.08481961090236192,0.003993233350772271,-1.8457755680729702,1.8457755680729702
2026-05-27,cv_3,all,q_rd_to_revenue,0.0774489983458923,False,0.0774489983458923,0.0825351717363084,0.08481961090236192,0.003993233350772271,-1.8457755680729702,1.8457755680729702
2026-05-28,cv_3,all,q_rd_to_revenue,0.0774489983458923,False,0.0774489983458923,0.0825351717363084,0.08481961090236192,0.003993233350772271,-1.8457755680729702,1.8457755680729702
2026-05-29,cv_3,all,q_rd_to_revenue,0.0774489983458923,False,0.0774489983458923,0.0825351717363084,0.08481961090236192,0.003993233350772271,-1.8457755680729702,1.8457755680729702
2026-06-01,cv_3,all,q_rd_to_revenue,0.0774489983458923,False,0.0774489983458923,0.0825351717363084,0.08481961090236192,0.003993233350772271,-1.8457755680729702,1.8457755680729702
2026-06-02,cv_3,all,q_rd_to_revenue,0.0774489983458923,False,0.0774489983458923,0.0825351717363084,0.08481961090236192,0.003993233350772271,-1.8457755680729702,1.8457755680729702
2026-06-03,cv_3,all,q_rd_to_revenue,0.0774489983458923,False,0.0774489983458923,0.0825351717363084,0.08481961090236192,0.003993233350772271,-1.8457755680729702,1.8457755680729702
2026-06-04,cv_3,all,q_rd_to_revenue,0.0774489983458923,False,0.0774489983458923,0.0825351717363084,0.08481961090236192,0.003993233350772271,-1.8457755680729702,1.8457755680729702
2026-06-05,cv_3,all,q_rd_to_revenue,0.0774489983458923,False,0.0774489983458923,0.0825351717363084,0.08481961090236192,0.003993233350772271,-1.8457755680729702,1.8457755680729702
2026-06-08,cv_3,all,q_rd_to_revenue,0.0774489983458923,False,0.0774489983458923,0.0825351717363084,0.08481961090236192,0.003993233350772271,-1.8457755680729702,1.8457755680729702
2026-06-09,cv_3,all,q_rd_to_revenue,0.0774489983458923,False,0.0774489983458923,0.0825351717363084,0.08481961090236192,0.003993233350772271,-1.8457755680729702,1.8457755680729702
2026-06-10,cv_3,all,q_rd_to_revenue,0.0774489983458923,False,0.0774489983458923,0.0825351717363084,0.08481961090236192,0.003993233350772271,-1.8457755680729702,1.8457755680729702
2026-06-11,cv_3,all,q_rd_to_revenue,0.0774489983458923,False,0.0774489983458923,0.0825351717363084,0.08481961090236192,0.003993233350772271,-1.8457755680729702,1.8457755680729702
2026-06-12,cv_3,all,q_rd_to_revenue,0.0774489983458923,False,0.0774489983458923,0.0825351717363084,0.08481961090236192,0.003993233350772271,-1.8457755680729702,1.8457755680729702
2026-05-08,cv_3,all,q_sga_to_revenue,0.0198926428796968,False,0.0198926428796968,0.0198926428796968,0.020906302089892196,0.0017718912478034998,-0.5720775535473548,0.5720775535473548
2026-05-11,cv_3,all,q_sga_to_revenue,0.0198926428796968,False,0.0198926428796968,0.0198926428796968,0.020906302089892196,0.0017718912478034998,-0.5720775535473548,0.5720775535473548
2026-05-12,cv_3,all,q_sga_to_revenue,0.0198926428796968,False,0.0198926428796968,0.0198926428796968,0.020906302089892196,0.0017718912478034998,-0.5720775535473548,0.5720775535473548
2026-05-13,cv_3,all,q_sga_to_revenue,0.0198926428796968,False,0.0198926428796968,0.0198926428796968,0.020906302089892196,0.0017718912478034998,-0.5720775535473548,0.5720775535473548
2026-05-14,cv_3,all,q_sga_to_revenue,0.0198926428796968,False,0.0198926428796968,0.0198926428796968,0.020906302089892196,0.0017718912478034998,-0.5720775535473548,0.5720775535473548
2026-05-15,cv_3,all,q_sga_to_revenue,0.0198926428796968,False,0.0198926428796968,0.0198926428796968,0.020906302089892196,0.0017718912478034998,-0.5720775535473548,0.5720775535473548
2026-05-18,cv_3,all,q_sga_to_revenue,0.0198926428796968,False,0.0198926428796968,0.0198926428796968,0.020906302089892196,0.0017718912478034998,-0.5720775535473548,0.5720775535473548
2026-05-19,cv_3,all,q_sga_to_revenue,0.0198926428796968,False,0.0198926428796968,0.0198926428796968,0.020906302089892196,0.0017718912478034998,-0.5720775535473548,0.5720775535473548
2026-05-20,cv_3,all,q_sga_to_revenue,0.0198926428796968,False,0.0198926428796968,0.0198926428796968,0.020906302089892196,0.0017718912478034998,-0.5720775535473548,0.5720775535473548
2026-05-21,cv_3,all,q_sga_to_revenue,0.0159284445261287,False,0.0159284445261287,0.0198926428796968,0.020906302089892196,0.0017718912478034998,-2.8093471142397863,2.8093471142397863
2026-05-22,cv_3,all,q_sga_to_revenue,0.0159284445261287,False,0.0159284445261287,0.0198926428796968,0.020906302089892196,0.0017718912478034998,-2.8093471142397863,2.8093471142397863
2026-05-26,cv_3,all,q_sga_to_revenue,0.0159284445261287,False,0.0159284445261287,0.0198926428796968,0.020906302089892196,0.0017718912478034998,-2.8093471142397863,2.8093471142397863
2026-05-27,cv_3,all,q_sga_to_revenue,0.0159284445261287,False,0.0159284445261287,0.0198926428796968,0.020906302089892196,0.0017718912478034998,-2.8093471142397863,2.8093471142397863
2026-05-28,cv_3,all,q_sga_to_revenue,0.0159284445261287,False,0.0159284445261287,0.0198926428796968,0.020906302089892196,0.0017718912478034998,-2.8093471142397863,2.8093471142397863
2026-05-29,cv_3,all,q_sga_to_revenue,0.0159284445261287,False,0.0159284445261287,0.0198926428796968,0.020906302089892196,0.0017718912478034998,-2.8093471142397863,2.8093471142397863
2026-06-01,cv_3,all,q_sga_to_revenue,0.0159284445261287,False,0.0159284445261287,0.0198926428796968,0.020906302089892196,0.0017718912478034998,-2.8093471142397863,2.8093471142397863
2026-06-02,cv_3,all,q_sga_to_revenue,0.0159284445261287,False,0.0159284445261287,0.0198926428796968,0.020906302089892196,0.0017718912478034998,-2.8093471142397863,2.8093471142397863
2026-06-03,cv_3,all,q_sga_to_revenue,0.0159284445261287,False,0.0159284445261287,0.0198926428796968,0.020906302089892196,0.0017718912478034998,-2.8093471142397863,2.8093471142397863
2026-06-04,cv_3,all,q_sga_to_revenue,0.0159284445261287,False,0.0159284445261287,0.0198926428796968,0.020906302089892196,0.0017718912478034998,-2.8093471142397863,2.8093471142397863
2026-06-05,cv_3,all,q_sga_to_revenue,0.0159284445261287,False,0.0159284445261287,0.0198926428796968,0.020906302089892196,0.0017718912478034998,-2.8093471142397863,2.8093471142397863
2026-06-08,cv_3,all,q_sga_to_revenue,0.0159284445261287,False,0.0159284445261287,0.0198926428796968,0.020906302089892196,0.0017718912478034998,-2.8093471142397863,2.8093471142397863
2026-06-09,cv_3,all,q_sga_to_revenue,0.0159284445261287,False,0.0159284445261287,0.0198926428796968,0.020906302089892196,0.0017718912478034998,-2.8093471142397863,2.8093471142397863
2026-06-10,cv_3,all,q_sga_to_revenue,0.0159284445261287,False,0.0159284445261287,0.0198926428796968,0.020906302089892196,0.0017718912478034998,-2.8093471142397863,2.8093471142397863
2026-06-11,cv_3,all,q_sga_to_revenue,0.0159284445261287,False,0.0159284445261287,0.0198926428796968,0.020906302089892196,0.0017718912478034998,-2.8093471142397863,2.8093471142397863
2026-06-12,cv_3,all,q_sga_to_revenue,0.0159284445261287,False,0.0159284445261287,0.0198926428796968,0.020906302089892196,0.0017718912478034998,-2.8093471142397863,2.8093471142397863
2026-05-08,cv_3,all,q_revenue_growth_yoy,0.6249358645459211,False,0.6249358645459211,0.6249358645459211,0.6079442183950032,0.02970164804676466,0.5720775535473603,0.5720775535473603
2026-05-11,cv_3,all,q_revenue_growth_yoy,0.6249358645459211,False,0.6249358645459211,0.6249358645459211,0.6079442183950032,0.02970164804676466,0.5720775535473603,0.5720775535473603
2026-05-12,cv_3,all,q_revenue_growth_yoy,0.6249358645459211,False,0.6249358645459211,0.6249358645459211,0.6079442183950032,0.02970164804676466,0.5720775535473603,0.5720775535473603
2026-05-13,cv_3,all,q_revenue_growth_yoy,0.6249358645459211,False,0.6249358645459211,0.6249358645459211,0.6079442183950032,0.02970164804676466,0.5720775535473603,0.5720775535473603
2026-05-14,cv_3,all,q_revenue_growth_yoy,0.6249358645459211,False,0.6249358645459211,0.6249358645459211,0.6079442183950032,0.02970164804676466,0.5720775535473603,0.5720775535473603
2026-05-15,cv_3,all,q_revenue_growth_yoy,0.6249358645459211,False,0.6249358645459211,0.6249358645459211,0.6079442183950032,0.02970164804676466,0.5720775535473603,0.5720775535473603
2026-05-18,cv_3,all,q_revenue_growth_yoy,0.6249358645459211,False,0.6249358645459211,0.6249358645459211,0.6079442183950032,0.02970164804676466,0.5720775535473603,0.5720775535473603
2026-05-19,cv_3,all,q_revenue_growth_yoy,0.6249358645459211,False,0.6249358645459211,0.6249358645459211,0.6079442183950032,0.02970164804676466,0.5720775535473603,0.5720775535473603
2026-05-20,cv_3,all,q_revenue_growth_yoy,0.6249358645459211,False,0.6249358645459211,0.6249358645459211,0.6079442183950032,0.02970164804676466,0.5720775535473603,0.5720775535473603
2026-05-21,cv_3,all,q_revenue_growth_yoy,0.8522763378875222,False,0.8522763378875222,0.6249358645459211,0.6079442183950032,0.02970164804676466,8.226214219083833,8.226214219083833
2026-05-22,cv_3,all,q_revenue_growth_yoy,0.8522763378875222,False,0.8522763378875222,0.6249358645459211,0.6079442183950032,0.02970164804676466,8.226214219083833,8.226214219083833
2026-05-26,cv_3,all,q_revenue_growth_yoy,0.8522763378875222,False,0.8522763378875222,0.6249358645459211,0.6079442183950032,0.02970164804676466,8.226214219083833,8.226214219083833
2026-05-27,cv_3,all,q_revenue_growth_yoy,0.8522763378875222,False,0.8522763378875222,0.6249358645459211,0.6079442183950032,0.02970164804676466,8.226214219083833,8.226214219083833
2026-05-28,cv_3,all,q_revenue_growth_yoy,0.8522763378875222,False,0.8522763378875222,0.6249358645459211,0.6079442183950032,0.02970164804676466,8.226214219083833,8.226214219083833
2026-05-29,cv_3,all,q_revenue_growth_yoy,0.8522763378875222,False,0.8522763378875222,0.6249358645459211,0.6079442183950032,0.02970164804676466,8.226214219083833,8.226214219083833
2026-06-01,cv_3,all,q_revenue_growth_yoy,0.8522763378875222,False,0.8522763378875222,0.6249358645459211,0.6079442183950032,0.02970164804676466,8.226214219083833,8.226214219083833
2026-06-02,cv_3,all,q_revenue_growth_yoy,0.8522763378875222,False,0.8522763378875222,0.6249358645459211,0.6079442183950032,0.02970164804676466,8.226214219083833,8.226214219083833
2026-06-03,cv_3,all,q_revenue_growth_yoy,0.8522763378875222,False,0.8522763378875222,0.6249358645459211,0.6079442183950032,0.02970164804676466,8.226214219083833,8.226214219083833
2026-06-04,cv_3,all,q_revenue_growth_yoy,0.8522763378875222,False,0.8522763378875222,0.6249358645459211,0.6079442183950032,0.02970164804676466,8.226214219083833,8.226214219083833
2026-06-05,cv_3,all,q_revenue_growth_yoy,0.8522763378875222,False,0.8522763378875222,0.6249358645459211,0.6079442183950032,0.02970164804676466,8.226214219083833,8.226214219083833
2026-06-08,cv_3,all,q_revenue_growth_yoy,0.8522763378875222,False,0.8522763378875222,0.6249358645459211,0.6079442183950032,0.02970164804676466,8.226214219083833,8.226214219083833
2026-06-09,cv_3,all,q_revenue_growth_yoy,0.8522763378875222,False,0.8522763378875222,0.6249358645459211,0.6079442183950032,0.02970164804676466,8.226214219083833,8.226214219083833
2026-06-10,cv_3,all,q_revenue_growth_yoy,0.8522763378875222,False,0.8522763378875222,0.6249358645459211,0.6079442183950032,0.02970164804676466,8.226214219083833,8.226214219083833
2026-06-11,cv_3,all,q_revenue_growth_yoy,0.8522763378875222,False,0.8522763378875222,0.6249358645459211,0.6079442183950032,0.02970164804676466,8.226214219083833,8.226214219083833
2026-06-12,cv_3,all,q_revenue_growth_yoy,0.8522763378875222,False,0.8522763378875222,0.6249358645459211,0.6079442183950032,0.02970164804676466,8.226214219083833,8.226214219083833
2026-05-08,cv_3,all,q_gross_profit_growth_yoy,0.5999770607126471,False,0.5999770607126471,0.5999770607126471,0.5752377988915612,0.043244594491921744,0.5720775535473519,0.5720775535473519
2026-05-11,cv_3,all,q_gross_profit_growth_yoy,0.5999770607126471,False,0.5999770607126471,0.5999770607126471,0.5752377988915612,0.043244594491921744,0.5720775535473519,0.5720775535473519
2026-05-12,cv_3,all,q_gross_profit_growth_yoy,0.5999770607126471,False,0.5999770607126471,0.5999770607126471,0.5752377988915612,0.043244594491921744,0.5720775535473519,0.5720775535473519
2026-05-13,cv_3,all,q_gross_profit_growth_yoy,0.5999770607126471,False,0.5999770607126471,0.5999770607126471,0.5752377988915612,0.043244594491921744,0.5720775535473519,0.5720775535473519
2026-05-14,cv_3,all,q_gross_profit_growth_yoy,0.5999770607126471,False,0.5999770607126471,0.5999770607126471,0.5752377988915612,0.043244594491921744,0.5720775535473519,0.5720775535473519
2026-05-15,cv_3,all,q_gross_profit_growth_yoy,0.5999770607126471,False,0.5999770607126471,0.5999770607126471,0.5752377988915612,0.043244594491921744,0.5720775535473519,0.5720775535473519
2026-05-18,cv_3,all,q_gross_profit_growth_yoy,0.5999770607126471,False,0.5999770607126471,0.5999770607126471,0.5752377988915612,0.043244594491921744,0.5720775535473519,0.5720775535473519
2026-05-19,cv_3,all,q_gross_profit_growth_yoy,0.5999770607126471,False,0.5999770607126471,0.5999770607126471,0.5752377988915612,0.043244594491921744,0.5720775535473519,0.5720775535473519
2026-05-20,cv_3,all,q_gross_profit_growth_yoy,0.5999770607126471,False,0.5999770607126471,0.5999770607126471,0.5752377988915612,0.043244594491921744,0.5720775535473519,0.5720775535473519
2026-05-21,cv_3,all,q_gross_profit_growth_yoy,1.2932728363581822,False,1.2932728363581822,0.5999770607126471,0.5752377988915612,0.043244594491921744,16.604041404544855,16.604041404544855
2026-05-22,cv_3,all,q_gross_profit_growth_yoy,1.2932728363581822,False,1.2932728363581822,0.5999770607126471,0.5752377988915612,0.043244594491921744,16.604041404544855,16.604041404544855
2026-05-26,cv_3,all,q_gross_profit_growth_yoy,1.2932728363581822,False,1.2932728363581822,0.5999770607126471,0.5752377988915612,0.043244594491921744,16.604041404544855,16.604041404544855
2026-05-27,cv_3,all,q_gross_profit_growth_yoy,1.2932728363581822,False,1.2932728363581822,0.5999770607126471,0.5752377988915612,0.043244594491921744,16.604041404544855,16.604041404544855
2026-05-28,cv_3,all,q_gross_profit_growth_yoy,1.2932728363581822,False,1.2932728363581822,0.5999770607126471,0.5752377988915612,0.043244594491921744,16.604041404544855,16.604041404544855
2026-05-29,cv_3,all,q_gross_profit_growth_yoy,1.2932728363581822,False,1.2932728363581822,0.5999770607126471,0.5752377988915612,0.043244594491921744,16.604041404544855,16.604041404544855
2026-06-01,cv_3,all,q_gross_profit_growth_yoy,1.2932728363581822,False,1.2932728363581822,0.5999770607126471,0.5752377988915612,0.043244594491921744,16.604041404544855,16.604041404544855
2026-06-02,cv_3,all,q_gross_profit_growth_yoy,1.2932728363581822,False,1.2932728363581822,0.5999770607126471,0.5752377988915612,0.043244594491921744,16.604041404544855,16.604041404544855
2026-06-03,cv_3,all,q_gross_profit_growth_yoy,1.2932728363581822,False,1.2932728363581822,0.5999770607126471,0.5752377988915612,0.043244594491921744,16.604041404544855,16.604041404544855
2026-06-04,cv_3,all,q_gross_profit_growth_yoy,1.2932728363581822,False,1.2932728363581822,0.5999770607126471,0.5752377988915612,0.043244594491921744,16.604041404544855,16.604041404544855
2026-06-05,cv_3,all,q_gross_profit_growth_yoy,1.2932728363581822,False,1.2932728363581822,0.5999770607126471,0.5752377988915612,0.043244594491921744,16.604041404544855,16.604041404544855
2026-06-08,cv_3,all,q_gross_profit_growth_yoy,1.2932728363581822,False,1.2932728363581822,0.5999770607126471,0.5752377988915612,0.043244594491921744,16.604041404544855,16.604041404544855
2026-06-09,cv_3,all,q_gross_profit_growth_yoy,1.2932728363581822,False,1.2932728363581822,0.5999770607126471,0.5752377988915612,0.043244594491921744,16.604041404544855,16.604041404544855
2026-06-10,cv_3,all,q_gross_profit_growth_yoy,1.2932728363581822,False,1.2932728363581822,0.5999770607126471,0.5752377988915612,0.043244594491921744,16.604041404544855,16.604041404544855
2026-06-11,cv_3,all,q_gross_profit_growth_yoy,1.2932728363581822,False,1.2932728363581822,0.5999770607126471,0.5752377988915612,0.043244594491921744,16.604041404544855,16.604041404544855
2026-06-12,cv_3,all,q_gross_profit_growth_yoy,1.2932728363581822,False,1.2932728363581822,0.5999770607126471,0.5752377988915612,0.043244594491921744,16.604041404544855,16.604041404544855
2026-05-08,cv_3,all,q_operating_income_growth_yoy,0.6466230737573735,False,0.6466230737573735,0.6466230737573735,0.6167786569391642,0.05216848071235996,0.572077553547355,0.572077553547355
2026-05-11,cv_3,all,q_operating_income_growth_yoy,0.6466230737573735,False,0.6466230737573735,0.6466230737573735,0.6167786569391642,0.05216848071235996,0.572077553547355,0.572077553547355
2026-05-12,cv_3,all,q_operating_income_growth_yoy,0.6466230737573735,False,0.6466230737573735,0.6466230737573735,0.6167786569391642,0.05216848071235996,0.572077553547355,0.572077553547355
2026-05-13,cv_3,all,q_operating_income_growth_yoy,0.6466230737573735,False,0.6466230737573735,0.6466230737573735,0.6167786569391642,0.05216848071235996,0.572077553547355,0.572077553547355
2026-05-14,cv_3,all,q_operating_income_growth_yoy,0.6466230737573735,False,0.6466230737573735,0.6466230737573735,0.6167786569391642,0.05216848071235996,0.572077553547355,0.572077553547355
2026-05-15,cv_3,all,q_operating_income_growth_yoy,0.6466230737573735,False,0.6466230737573735,0.6466230737573735,0.6167786569391642,0.05216848071235996,0.572077553547355,0.572077553547355
2026-05-18,cv_3,all,q_operating_income_growth_yoy,0.6466230737573735,False,0.6466230737573735,0.6466230737573735,0.6167786569391642,0.05216848071235996,0.572077553547355,0.572077553547355
2026-05-19,cv_3,all,q_operating_income_growth_yoy,0.6466230737573735,False,0.6466230737573735,0.6466230737573735,0.6167786569391642,0.05216848071235996,0.572077553547355,0.572077553547355
2026-05-20,cv_3,all,q_operating_income_growth_yoy,0.6466230737573735,False,0.6466230737573735,0.6466230737573735,0.6167786569391642,0.05216848071235996,0.572077553547355,0.572077553547355
2026-05-21,cv_3,all,q_operating_income_growth_yoy,1.4741658193918106,False,1.4741658193918106,0.6466230737573735,0.6167786569391642,0.05216848071235996,16.434965150317495,16.434965150317495
2026-05-22,cv_3,all,q_operating_income_growth_yoy,1.4741658193918106,False,1.4741658193918106,0.6466230737573735,0.6167786569391642,0.05216848071235996,16.434965150317495,16.434965150317495
2026-05-26,cv_3,all,q_operating_income_growth_yoy,1.4741658193918106,False,1.4741658193918106,0.6466230737573735,0.6167786569391642,0.05216848071235996,16.434965150317495,16.434965150317495
2026-05-27,cv_3,all,q_operating_income_growth_yoy,1.4741658193918106,False,1.4741658193918106,0.6466230737573735,0.6167786569391642,0.05216848071235996,16.434965150317495,16.434965150317495
2026-05-28,cv_3,all,q_operating_income_growth_yoy,1.4741658193918106,False,1.4741658193918106,0.6466230737573735,0.6167786569391642,0.05216848071235996,16.434965150317495,16.434965150317495
2026-05-29,cv_3,all,q_operating_income_growth_yoy,1.4741658193918106,False,1.4741658193918106,0.6466230737573735,0.6167786569391642,0.05216848071235996,16.434965150317495,16.434965150317495
2026-06-01,cv_3,all,q_operating_income_growth_yoy,1.4741658193918106,False,1.4741658193918106,0.6466230737573735,0.6167786569391642,0.05216848071235996,16.434965150317495,16.434965150317495
2026-06-02,cv_3,all,q_operating_income_growth_yoy,1.4741658193918106,False,1.4741658193918106,0.6466230737573735,0.6167786569391642,0.05216848071235996,16.434965150317495,16.434965150317495
2026-06-03,cv_3,all,q_operating_income_growth_yoy,1.4741658193918106,False,1.4741658193918106,0.6466230737573735,0.6167786569391642,0.05216848071235996,16.434965150317495,16.434965150317495
2026-06-04,cv_3,all,q_operating_income_growth_yoy,1.4741658193918106,False,1.4741658193918106,0.6466230737573735,0.6167786569391642,0.05216848071235996,16.434965150317495,16.434965150317495
2026-06-05,cv_3,all,q_operating_income_growth_yoy,1.4741658193918106,False,1.4741658193918106,0.6466230737573735,0.6167786569391642,0.05216848071235996,16.434965150317495,16.434965150317495
2026-06-08,cv_3,all,q_operating_income_growth_yoy,1.4741658193918106,False,1.4741658193918106,0.6466230737573735,0.6167786569391642,0.05216848071235996,16.434965150317495,16.434965150317495
2026-06-09,cv_3,all,q_operating_income_growth_yoy,1.4741658193918106,False,1.4741658193918106,0.6466230737573735,0.6167786569391642,0.05216848071235996,16.434965150317495,16.434965150317495
2026-06-10,cv_3,all,q_operating_income_growth_yoy,1.4741658193918106,False,1.4741658193918106,0.6466230737573735,0.6167786569391642,0.05216848071235996,16.434965150317495,16.434965150317495
2026-06-11,cv_3,all,q_operating_income_growth_yoy,1.4741658193918106,False,1.4741658193918106,0.6466230737573735,0.6167786569391642,0.05216848071235996,16.434965150317495,16.434965150317495
2026-06-12,cv_3,all,q_operating_income_growth_yoy,1.4741658193918106,False,1.4741658193918106,0.6466230737573735,0.6167786569391642,0.05216848071235996,16.434965150317495,16.434965150317495
2026-05-08,cv_3,all,q_net_income_growth_yoy,0.6525972344502564,False,0.6525972344502564,0.6525972344502564,0.6376018543823728,0.026212145494784633,0.5720775535473502,0.5720775535473502
2026-05-11,cv_3,all,q_net_income_growth_yoy,0.6525972344502564,False,0.6525972344502564,0.6525972344502564,0.6376018543823728,0.026212145494784633,0.5720775535473502,0.5720775535473502
2026-05-12,cv_3,all,q_net_income_growth_yoy,0.6525972344502564,False,0.6525972344502564,0.6525972344502564,0.6376018543823728,0.026212145494784633,0.5720775535473502,0.5720775535473502
2026-05-13,cv_3,all,q_net_income_growth_yoy,0.6525972344502564,False,0.6525972344502564,0.6525972344502564,0.6376018543823728,0.026212145494784633,0.5720775535473502,0.5720775535473502
2026-05-14,cv_3,all,q_net_income_growth_yoy,0.6525972344502564,False,0.6525972344502564,0.6525972344502564,0.6376018543823728,0.026212145494784633,0.5720775535473502,0.5720775535473502
2026-05-15,cv_3,all,q_net_income_growth_yoy,0.6525972344502564,False,0.6525972344502564,0.6525972344502564,0.6376018543823728,0.026212145494784633,0.5720775535473502,0.5720775535473502
2026-05-18,cv_3,all,q_net_income_growth_yoy,0.6525972344502564,False,0.6525972344502564,0.6525972344502564,0.6376018543823728,0.026212145494784633,0.5720775535473502,0.5720775535473502
2026-05-19,cv_3,all,q_net_income_growth_yoy,0.6525972344502564,False,0.6525972344502564,0.6525972344502564,0.6376018543823728,0.026212145494784633,0.5720775535473502,0.5720775535473502
2026-05-20,cv_3,all,q_net_income_growth_yoy,0.6525972344502564,False,0.6525972344502564,0.6525972344502564,0.6376018543823728,0.026212145494784633,0.5720775535473502,0.5720775535473502
2026-05-21,cv_3,all,q_net_income_growth_yoy,2.106311584553928,False,2.106311584553928,0.6525972344502564,0.6376018543823728,0.026212145494784633,56.03164878143153,56.03164878143153
2026-05-22,cv_3,all,q_net_income_growth_yoy,2.106311584553928,False,2.106311584553928,0.6525972344502564,0.6376018543823728,0.026212145494784633,56.03164878143153,56.03164878143153
2026-05-26,cv_3,all,q_net_income_growth_yoy,2.106311584553928,False,2.106311584553928,0.6525972344502564,0.6376018543823728,0.026212145494784633,56.03164878143153,56.03164878143153
2026-05-27,cv_3,all,q_net_income_growth_yoy,2.106311584553928,False,2.106311584553928,0.6525972344502564,0.6376018543823728,0.026212145494784633,56.03164878143153,56.03164878143153
2026-05-28,cv_3,all,q_net_income_growth_yoy,2.106311584553928,False,2.106311584553928,0.6525972344502564,0.6376018543823728,0.026212145494784633,56.03164878143153,56.03164878143153
2026-05-29,cv_3,all,q_net_income_growth_yoy,2.106311584553928,False,2.106311584553928,0.6525972344502564,0.6376018543823728,0.026212145494784633,56.03164878143153,56.03164878143153
2026-06-01,cv_3,all,q_net_income_growth_yoy,2.106311584553928,False,2.106311584553928,0.6525972344502564,0.6376018543823728,0.026212145494784633,56.03164878143153,56.03164878143153
2026-06-02,cv_3,all,q_net_income_growth_yoy,2.106311584553928,False,2.106311584553928,0.6525972344502564,0.6376018543823728,0.026212145494784633,56.03164878143153,56.03164878143153
2026-06-03,cv_3,all,q_net_income_growth_yoy,2.106311584553928,False,2.106311584553928,0.6525972344502564,0.6376018543823728,0.026212145494784633,56.03164878143153,56.03164878143153
2026-06-04,cv_3,all,q_net_income_growth_yoy,2.106311584553928,False,2.106311584553928,0.6525972344502564,0.6376018543823728,0.026212145494784633,56.03164878143153,56.03164878143153
2026-06-05,cv_3,all,q_net_income_growth_yoy,2.106311584553928,False,2.106311584553928,0.6525972344502564,0.6376018543823728,0.026212145494784633,56.03164878143153,56.03164878143153
2026-06-08,cv_3,all,q_net_income_growth_yoy,2.106311584553928,False,2.106311584553928,0.6525972344502564,0.6376018543823728,0.026212145494784633,56.03164878143153,56.03164878143153
2026-06-09,cv_3,all,q_net_income_growth_yoy,2.106311584553928,False,2.106311584553928,0.6525972344502564,0.6376018543823728,0.026212145494784633,56.03164878143153,56.03164878143153
2026-06-10,cv_3,all,q_net_income_growth_yoy,2.106311584553928,False,2.106311584553928,0.6525972344502564,0.6376018543823728,0.026212145494784633,56.03164878143153,56.03164878143153
2026-06-11,cv_3,all,q_net_income_growth_yoy,2.106311584553928,False,2.106311584553928,0.6525972344502564,0.6376018543823728,0.026212145494784633,56.03164878143153,56.03164878143153
2026-06-12,cv_3,all,q_net_income_growth_yoy,2.106311584553928,False,2.106311584553928,0.6525972344502564,0.6376018543823728,0.026212145494784633,56.03164878143153,56.03164878143153
2026-05-08,cv_3,all,q_rd_growth_yoy,0.387905604719764,False,0.387905604719764,0.387905604719764,0.3880948597868683,0.00033082064823342674,-0.5720775535473324,0.5720775535473324
2026-05-11,cv_3,all,q_rd_growth_yoy,0.387905604719764,False,0.387905604719764,0.387905604719764,0.3880948597868683,0.00033082064823342674,-0.5720775535473324,0.5720775535473324
2026-05-12,cv_3,all,q_rd_growth_yoy,0.387905604719764,False,0.387905604719764,0.387905604719764,0.3880948597868683,0.00033082064823342674,-0.5720775535473324,0.5720775535473324
2026-05-13,cv_3,all,q_rd_growth_yoy,0.387905604719764,False,0.387905604719764,0.387905604719764,0.3880948597868683,0.00033082064823342674,-0.5720775535473324,0.5720775535473324
2026-05-14,cv_3,all,q_rd_growth_yoy,0.387905604719764,False,0.387905604719764,0.387905604719764,0.3880948597868683,0.00033082064823342674,-0.5720775535473324,0.5720775535473324
2026-05-15,cv_3,all,q_rd_growth_yoy,0.387905604719764,False,0.387905604719764,0.387905604719764,0.3880948597868683,0.00033082064823342674,-0.5720775535473324,0.5720775535473324
2026-05-18,cv_3,all,q_rd_growth_yoy,0.387905604719764,False,0.387905604719764,0.387905604719764,0.3880948597868683,0.00033082064823342674,-0.5720775535473324,0.5720775535473324
2026-05-19,cv_3,all,q_rd_growth_yoy,0.387905604719764,False,0.387905604719764,0.387905604719764,0.3880948597868683,0.00033082064823342674,-0.5720775535473324,0.5720775535473324
2026-05-20,cv_3,all,q_rd_growth_yoy,0.387905604719764,False,0.387905604719764,0.387905604719764,0.3880948597868683,0.00033082064823342674,-0.5720775535473324,0.5720775535473324
2026-05-21,cv_3,all,q_rd_growth_yoy,0.5846076710955126,False,0.5846076710955126,0.387905604719764,0.3880948597868683,0.00033082064823342674,594.0161605934132,594.0161605934132
2026-05-22,cv_3,all,q_rd_growth_yoy,0.5846076710955126,False,0.5846076710955126,0.387905604719764,0.3880948597868683,0.00033082064823342674,594.0161605934132,594.0161605934132
2026-05-26,cv_3,all,q_rd_growth_yoy,0.5846076710955126,False,0.5846076710955126,0.387905604719764,0.3880948597868683,0.00033082064823342674,594.0161605934132,594.0161605934132
2026-05-27,cv_3,all,q_rd_growth_yoy,0.5846076710955126,False,0.5846076710955126,0.387905604719764,0.3880948597868683,0.00033082064823342674,594.0161605934132,594.0161605934132
2026-05-28,cv_3,all,q_rd_growth_yoy,0.5846076710955126,False,0.5846076710955126,0.387905604719764,0.3880948597868683,0.00033082064823342674,594.0161605934132,594.0161605934132
2026-05-29,cv_3,all,q_rd_growth_yoy,0.5846076710955126,False,0.5846076710955126,0.387905604719764,0.3880948597868683,0.00033082064823342674,594.0161605934132,594.0161605934132
2026-06-01,cv_3,all,q_rd_growth_yoy,0.5846076710955126,False,0.5846076710955126,0.387905604719764,0.3880948597868683,0.00033082064823342674,594.0161605934132,594.0161605934132
2026-06-02,cv_3,all,q_rd_growth_yoy,0.5846076710955126,False,0.5846076710955126,0.387905604719764,0.3880948597868683,0.00033082064823342674,594.0161605934132,594.0161605934132
2026-06-03,cv_3,all,q_rd_growth_yoy,0.5846076710955126,False,0.5846076710955126,0.387905604719764,0.3880948597868683,0.00033082064823342674,594.0161605934132,594.0161605934132
2026-06-04,cv_3,all,q_rd_growth_yoy,0.5846076710955126,False,0.5846076710955126,0.387905604719764,0.3880948597868683,0.00033082064823342674,594.0161605934132,594.0161605934132
2026-06-05,cv_3,all,q_rd_growth_yoy,0.5846076710955126,False,0.5846076710955126,0.387905604719764,0.3880948597868683,0.00033082064823342674,594.0161605934132,594.0161605934132
2026-06-08,cv_3,all,q_rd_growth_yoy,0.5846076710955126,False,0.5846076710955126,0.387905604719764,0.3880948597868683,0.00033082064823342674,594.0161605934132,594.0161605934132
2026-06-09,cv_3,all,q_rd_growth_yoy,0.5846076710955126,False,0.5846076710955126,0.387905604719764,0.3880948597868683,0.00033082064823342674,594.0161605934132,594.0161605934132
2026-06-10,cv_3,all,q_rd_growth_yoy,0.5846076710955126,False,0.5846076710955126,0.387905604719764,0.3880948597868683,0.00033082064823342674,594.0161605934132,594.0161605934132
2026-06-11,cv_3,all,q_rd_growth_yoy,0.5846076710955126,False,0.5846076710955126,0.387905604719764,0.3880948597868683,0.00033082064823342674,594.0161605934132,594.0161605934132
2026-06-12,cv_3,all,q_rd_growth_yoy,0.5846076710955126,False,0.5846076710955126,0.387905604719764,0.3880948597868683,0.00033082064823342674,594.0161605934132,594.0161605934132
2026-05-08,cv_3,all,fy_gross_margin,0.7106808435754708,False,0.7106808435754708,0.7498869705816992,0.7378028903400535,0.018103728605480277,-1.4981470036162872,1.4981470036162872
2026-05-11,cv_3,all,fy_gross_margin,0.7106808435754708,False,0.7106808435754708,0.7498869705816992,0.7378028903400535,0.018103728605480277,-1.4981470036162872,1.4981470036162872
2026-05-12,cv_3,all,fy_gross_margin,0.7106808435754708,False,0.7106808435754708,0.7498869705816992,0.7378028903400535,0.018103728605480277,-1.4981470036162872,1.4981470036162872
2026-05-13,cv_3,all,fy_gross_margin,0.7106808435754708,False,0.7106808435754708,0.7498869705816992,0.7378028903400535,0.018103728605480277,-1.4981470036162872,1.4981470036162872
2026-05-14,cv_3,all,fy_gross_margin,0.7106808435754708,False,0.7106808435754708,0.7498869705816992,0.7378028903400535,0.018103728605480277,-1.4981470036162872,1.4981470036162872
2026-05-15,cv_3,all,fy_gross_margin,0.7106808435754708,False,0.7106808435754708,0.7498869705816992,0.7378028903400535,0.018103728605480277,-1.4981470036162872,1.4981470036162872
2026-05-18,cv_3,all,fy_gross_margin,0.7106808435754708,False,0.7106808435754708,0.7498869705816992,0.7378028903400535,0.018103728605480277,-1.4981470036162872,1.4981470036162872
2026-05-19,cv_3,all,fy_gross_margin,0.7106808435754708,False,0.7106808435754708,0.7498869705816992,0.7378028903400535,0.018103728605480277,-1.4981470036162872,1.4981470036162872
2026-05-20,cv_3,all,fy_gross_margin,0.7106808435754708,False,0.7106808435754708,0.7498869705816992,0.7378028903400535,0.018103728605480277,-1.4981470036162872,1.4981470036162872
2026-05-21,cv_3,all,fy_gross_margin,0.7106808435754708,False,0.7106808435754708,0.7498869705816992,0.7378028903400535,0.018103728605480277,-1.4981470036162872,1.4981470036162872
2026-05-22,cv_3,all,fy_gross_margin,0.7106808435754708,False,0.7106808435754708,0.7498869705816992,0.7378028903400535,0.018103728605480277,-1.4981470036162872,1.4981470036162872
2026-05-26,cv_3,all,fy_gross_margin,0.7106808435754708,False,0.7106808435754708,0.7498869705816992,0.7378028903400535,0.018103728605480277,-1.4981470036162872,1.4981470036162872
2026-05-27,cv_3,all,fy_gross_margin,0.7106808435754708,False,0.7106808435754708,0.7498869705816992,0.7378028903400535,0.018103728605480277,-1.4981470036162872,1.4981470036162872
2026-05-28,cv_3,all,fy_gross_margin,0.7106808435754708,False,0.7106808435754708,0.7498869705816992,0.7378028903400535,0.018103728605480277,-1.4981470036162872,1.4981470036162872
2026-05-29,cv_3,all,fy_gross_margin,0.7106808435754708,False,0.7106808435754708,0.7498869705816992,0.7378028903400535,0.018103728605480277,-1.4981470036162872,1.4981470036162872
2026-06-01,cv_3,all,fy_gross_margin,0.7106808435754708,False,0.7106808435754708,0.7498869705816992,0.7378028903400535,0.018103728605480277,-1.4981470036162872,1.4981470036162872
2026-06-02,cv_3,all,fy_gross_margin,0.7106808435754708,False,0.7106808435754708,0.7498869705816992,0.7378028903400535,0.018103728605480277,-1.4981470036162872,1.4981470036162872
2026-06-03,cv_3,all,fy_gross_margin,0.7106808435754708,False,0.7106808435754708,0.7498869705816992,0.7378028903400535,0.018103728605480277,-1.4981470036162872,1.4981470036162872
2026-06-04,cv_3,all,fy_gross_margin,0.7106808435754708,False,0.7106808435754708,0.7498869705816992,0.7378028903400535,0.018103728605480277,-1.4981470036162872,1.4981470036162872
2026-06-05,cv_3,all,fy_gross_margin,0.7106808435754708,False,0.7106808435754708,0.7498869705816992,0.7378028903400535,0.018103728605480277,-1.4981470036162872,1.4981470036162872
2026-06-08,cv_3,all,fy_gross_margin,0.7106808435754708,False,0.7106808435754708,0.7498869705816992,0.7378028903400535,0.018103728605480277,-1.4981470036162872,1.4981470036162872
2026-06-09,cv_3,all,fy_gross_margin,0.7106808435754708,False,0.7106808435754708,0.7498869705816992,0.7378028903400535,0.018103728605480277,-1.4981470036162872,1.4981470036162872
2026-06-10,cv_3,all,fy_gross_margin,0.7106808435754708,False,0.7106808435754708,0.7498869705816992,0.7378028903400535,0.018103728605480277,-1.4981470036162872,1.4981470036162872
2026-06-11,cv_3,all,fy_gross_margin,0.7106808435754708,False,0.7106808435754708,0.7498869705816992,0.7378028903400535,0.018103728605480277,-1.4981470036162872,1.4981470036162872
2026-06-12,cv_3,all,fy_gross_margin,0.7106808435754708,False,0.7106808435754708,0.7498869705816992,0.7378028903400535,0.018103728605480277,-1.4981470036162872,1.4981470036162872
2026-05-08,cv_3,all,fy_operating_margin,0.6038168363141272,False,0.6038168363141272,0.6241752683969747,0.6179004091933573,0.009400661514013423,-1.4981470036162832,1.4981470036162832
2026-05-11,cv_3,all,fy_operating_margin,0.6038168363141272,False,0.6038168363141272,0.6241752683969747,0.6179004091933573,0.009400661514013423,-1.4981470036162832,1.4981470036162832
2026-05-12,cv_3,all,fy_operating_margin,0.6038168363141272,False,0.6038168363141272,0.6241752683969747,0.6179004091933573,0.009400661514013423,-1.4981470036162832,1.4981470036162832
2026-05-13,cv_3,all,fy_operating_margin,0.6038168363141272,False,0.6038168363141272,0.6241752683969747,0.6179004091933573,0.009400661514013423,-1.4981470036162832,1.4981470036162832
2026-05-14,cv_3,all,fy_operating_margin,0.6038168363141272,False,0.6038168363141272,0.6241752683969747,0.6179004091933573,0.009400661514013423,-1.4981470036162832,1.4981470036162832
2026-05-15,cv_3,all,fy_operating_margin,0.6038168363141272,False,0.6038168363141272,0.6241752683969747,0.6179004091933573,0.009400661514013423,-1.4981470036162832,1.4981470036162832
2026-05-18,cv_3,all,fy_operating_margin,0.6038168363141272,False,0.6038168363141272,0.6241752683969747,0.6179004091933573,0.009400661514013423,-1.4981470036162832,1.4981470036162832
2026-05-19,cv_3,all,fy_operating_margin,0.6038168363141272,False,0.6038168363141272,0.6241752683969747,0.6179004091933573,0.009400661514013423,-1.4981470036162832,1.4981470036162832
2026-05-20,cv_3,all,fy_operating_margin,0.6038168363141272,False,0.6038168363141272,0.6241752683969747,0.6179004091933573,0.009400661514013423,-1.4981470036162832,1.4981470036162832
2026-05-21,cv_3,all,fy_operating_margin,0.6038168363141272,False,0.6038168363141272,0.6241752683969747,0.6179004091933573,0.009400661514013423,-1.4981470036162832,1.4981470036162832
2026-05-22,cv_3,all,fy_operating_margin,0.6038168363141272,False,0.6038168363141272,0.6241752683969747,0.6179004091933573,0.009400661514013423,-1.4981470036162832,1.4981470036162832
2026-05-26,cv_3,all,fy_operating_margin,0.6038168363141272,False,0.6038168363141272,0.6241752683969747,0.6179004091933573,0.009400661514013423,-1.4981470036162832,1.4981470036162832
2026-05-27,cv_3,all,fy_operating_margin,0.6038168363141272,False,0.6038168363141272,0.6241752683969747,0.6179004091933573,0.009400661514013423,-1.4981470036162832,1.4981470036162832
2026-05-28,cv_3,all,fy_operating_margin,0.6038168363141272,False,0.6038168363141272,0.6241752683969747,0.6179004091933573,0.009400661514013423,-1.4981470036162832,1.4981470036162832
2026-05-29,cv_3,all,fy_operating_margin,0.6038168363141272,False,0.6038168363141272,0.6241752683969747,0.6179004091933573,0.009400661514013423,-1.4981470036162832,1.4981470036162832
2026-06-01,cv_3,all,fy_operating_margin,0.6038168363141272,False,0.6038168363141272,0.6241752683969747,0.6179004091933573,0.009400661514013423,-1.4981470036162832,1.4981470036162832
2026-06-02,cv_3,all,fy_operating_margin,0.6038168363141272,False,0.6038168363141272,0.6241752683969747,0.6179004091933573,0.009400661514013423,-1.4981470036162832,1.4981470036162832
2026-06-03,cv_3,all,fy_operating_margin,0.6038168363141272,False,0.6038168363141272,0.6241752683969747,0.6179004091933573,0.009400661514013423,-1.4981470036162832,1.4981470036162832
2026-06-04,cv_3,all,fy_operating_margin,0.6038168363141272,False,0.6038168363141272,0.6241752683969747,0.6179004091933573,0.009400661514013423,-1.4981470036162832,1.4981470036162832
2026-06-05,cv_3,all,fy_operating_margin,0.6038168363141272,False,0.6038168363141272,0.6241752683969747,0.6179004091933573,0.009400661514013423,-1.4981470036162832,1.4981470036162832
2026-06-08,cv_3,all,fy_operating_margin,0.6038168363141272,False,0.6038168363141272,0.6241752683969747,0.6179004091933573,0.009400661514013423,-1.4981470036162832,1.4981470036162832
2026-06-09,cv_3,all,fy_operating_margin,0.6038168363141272,False,0.6038168363141272,0.6241752683969747,0.6179004091933573,0.009400661514013423,-1.4981470036162832,1.4981470036162832
2026-06-10,cv_3,all,fy_operating_margin,0.6038168363141272,False,0.6038168363141272,0.6241752683969747,0.6179004091933573,0.009400661514013423,-1.4981470036162832,1.4981470036162832
2026-06-11,cv_3,all,fy_operating_margin,0.6038168363141272,False,0.6038168363141272,0.6241752683969747,0.6179004091933573,0.009400661514013423,-1.4981470036162832,1.4981470036162832
2026-06-12,cv_3,all,fy_operating_margin,0.6038168363141272,False,0.6038168363141272,0.6241752683969747,0.6179004091933573,0.009400661514013423,-1.4981470036162832,1.4981470036162832
2026-05-08,cv_3,all,fy_net_margin,0.5560253406070261,False,0.5560253406070261,0.5584802715771244,0.5577236147712723,0.0011335831264533643,-1.4981470036163589,1.4981470036163589
2026-05-11,cv_3,all,fy_net_margin,0.5560253406070261,False,0.5560253406070261,0.5584802715771244,0.5577236147712723,0.0011335831264533643,-1.4981470036163589,1.4981470036163589
2026-05-12,cv_3,all,fy_net_margin,0.5560253406070261,False,0.5560253406070261,0.5584802715771244,0.5577236147712723,0.0011335831264533643,-1.4981470036163589,1.4981470036163589
2026-05-13,cv_3,all,fy_net_margin,0.5560253406070261,False,0.5560253406070261,0.5584802715771244,0.5577236147712723,0.0011335831264533643,-1.4981470036163589,1.4981470036163589
2026-05-14,cv_3,all,fy_net_margin,0.5560253406070261,False,0.5560253406070261,0.5584802715771244,0.5577236147712723,0.0011335831264533643,-1.4981470036163589,1.4981470036163589
2026-05-15,cv_3,all,fy_net_margin,0.5560253406070261,False,0.5560253406070261,0.5584802715771244,0.5577236147712723,0.0011335831264533643,-1.4981470036163589,1.4981470036163589
2026-05-18,cv_3,all,fy_net_margin,0.5560253406070261,False,0.5560253406070261,0.5584802715771244,0.5577236147712723,0.0011335831264533643,-1.4981470036163589,1.4981470036163589
2026-05-19,cv_3,all,fy_net_margin,0.5560253406070261,False,0.5560253406070261,0.5584802715771244,0.5577236147712723,0.0011335831264533643,-1.4981470036163589,1.4981470036163589
2026-05-20,cv_3,all,fy_net_margin,0.5560253406070261,False,0.5560253406070261,0.5584802715771244,0.5577236147712723,0.0011335831264533643,-1.4981470036163589,1.4981470036163589
2026-05-21,cv_3,all,fy_net_margin,0.5560253406070261,False,0.5560253406070261,0.5584802715771244,0.5577236147712723,0.0011335831264533643,-1.4981470036163589,1.4981470036163589
2026-05-22,cv_3,all,fy_net_margin,0.5560253406070261,False,0.5560253406070261,0.5584802715771244,0.5577236147712723,0.0011335831264533643,-1.4981470036163589,1.4981470036163589
2026-05-26,cv_3,all,fy_net_margin,0.5560253406070261,False,0.5560253406070261,0.5584802715771244,0.5577236147712723,0.0011335831264533643,-1.4981470036163589,1.4981470036163589
2026-05-27,cv_3,all,fy_net_margin,0.5560253406070261,False,0.5560253406070261,0.5584802715771244,0.5577236147712723,0.0011335831264533643,-1.4981470036163589,1.4981470036163589
2026-05-28,cv_3,all,fy_net_margin,0.5560253406070261,False,0.5560253406070261,0.5584802715771244,0.5577236147712723,0.0011335831264533643,-1.4981470036163589,1.4981470036163589
2026-05-29,cv_3,all,fy_net_margin,0.5560253406070261,False,0.5560253406070261,0.5584802715771244,0.5577236147712723,0.0011335831264533643,-1.4981470036163589,1.4981470036163589
2026-06-01,cv_3,all,fy_net_margin,0.5560253406070261,False,0.5560253406070261,0.5584802715771244,0.5577236147712723,0.0011335831264533643,-1.4981470036163589,1.4981470036163589
2026-06-02,cv_3,all,fy_net_margin,0.5560253406070261,False,0.5560253406070261,0.5584802715771244,0.5577236147712723,0.0011335831264533643,-1.4981470036163589,1.4981470036163589
2026-06-03,cv_3,all,fy_net_margin,0.5560253406070261,False,0.5560253406070261,0.5584802715771244,0.5577236147712723,0.0011335831264533643,-1.4981470036163589,1.4981470036163589
2026-06-04,cv_3,all,fy_net_margin,0.5560253406070261,False,0.5560253406070261,0.5584802715771244,0.5577236147712723,0.0011335831264533643,-1.4981470036163589,1.4981470036163589
2026-06-05,cv_3,all,fy_net_margin,0.5560253406070261,False,0.5560253406070261,0.5584802715771244,0.5577236147712723,0.0011335831264533643,-1.4981470036163589,1.4981470036163589
2026-06-08,cv_3,all,fy_net_margin,0.5560253406070261,False,0.5560253406070261,0.5584802715771244,0.5577236147712723,0.0011335831264533643,-1.4981470036163589,1.4981470036163589
2026-06-09,cv_3,all,fy_net_margin,0.5560253406070261,False,0.5560253406070261,0.5584802715771244,0.5577236147712723,0.0011335831264533643,-1.4981470036163589,1.4981470036163589
2026-06-10,cv_3,all,fy_net_margin,0.5560253406070261,False,0.5560253406070261,0.5584802715771244,0.5577236147712723,0.0011335831264533643,-1.4981470036163589,1.4981470036163589
2026-06-11,cv_3,all,fy_net_margin,0.5560253406070261,False,0.5560253406070261,0.5584802715771244,0.5577236147712723,0.0011335831264533643,-1.4981470036163589,1.4981470036163589
2026-06-12,cv_3,all,fy_net_margin,0.5560253406070261,False,0.5560253406070261,0.5584802715771244,0.5577236147712723,0.0011335831264533643,-1.4981470036163589,1.4981470036163589
2026-05-08,cv_3,all,fy_rd_to_revenue,0.0856588465207605,False,0.0856588465207605,0.0989601293516326,0.09486041889006244,0.006141968943695674,-1.4981470036162832,1.4981470036162832
2026-05-11,cv_3,all,fy_rd_to_revenue,0.0856588465207605,False,0.0856588465207605,0.0989601293516326,0.09486041889006244,0.006141968943695674,-1.4981470036162832,1.4981470036162832
2026-05-12,cv_3,all,fy_rd_to_revenue,0.0856588465207605,False,0.0856588465207605,0.0989601293516326,0.09486041889006244,0.006141968943695674,-1.4981470036162832,1.4981470036162832
2026-05-13,cv_3,all,fy_rd_to_revenue,0.0856588465207605,False,0.0856588465207605,0.0989601293516326,0.09486041889006244,0.006141968943695674,-1.4981470036162832,1.4981470036162832
2026-05-14,cv_3,all,fy_rd_to_revenue,0.0856588465207605,False,0.0856588465207605,0.0989601293516326,0.09486041889006244,0.006141968943695674,-1.4981470036162832,1.4981470036162832
2026-05-15,cv_3,all,fy_rd_to_revenue,0.0856588465207605,False,0.0856588465207605,0.0989601293516326,0.09486041889006244,0.006141968943695674,-1.4981470036162832,1.4981470036162832
2026-05-18,cv_3,all,fy_rd_to_revenue,0.0856588465207605,False,0.0856588465207605,0.0989601293516326,0.09486041889006244,0.006141968943695674,-1.4981470036162832,1.4981470036162832
2026-05-19,cv_3,all,fy_rd_to_revenue,0.0856588465207605,False,0.0856588465207605,0.0989601293516326,0.09486041889006244,0.006141968943695674,-1.4981470036162832,1.4981470036162832
2026-05-20,cv_3,all,fy_rd_to_revenue,0.0856588465207605,False,0.0856588465207605,0.0989601293516326,0.09486041889006244,0.006141968943695674,-1.4981470036162832,1.4981470036162832
2026-05-21,cv_3,all,fy_rd_to_revenue,0.0856588465207605,False,0.0856588465207605,0.0989601293516326,0.09486041889006244,0.006141968943695674,-1.4981470036162832,1.4981470036162832
2026-05-22,cv_3,all,fy_rd_to_revenue,0.0856588465207605,False,0.0856588465207605,0.0989601293516326,0.09486041889006244,0.006141968943695674,-1.4981470036162832,1.4981470036162832
2026-05-26,cv_3,all,fy_rd_to_revenue,0.0856588465207605,False,0.0856588465207605,0.0989601293516326,0.09486041889006244,0.006141968943695674,-1.4981470036162832,1.4981470036162832
2026-05-27,cv_3,all,fy_rd_to_revenue,0.0856588465207605,False,0.0856588465207605,0.0989601293516326,0.09486041889006244,0.006141968943695674,-1.4981470036162832,1.4981470036162832
2026-05-28,cv_3,all,fy_rd_to_revenue,0.0856588465207605,False,0.0856588465207605,0.0989601293516326,0.09486041889006244,0.006141968943695674,-1.4981470036162832,1.4981470036162832
2026-05-29,cv_3,all,fy_rd_to_revenue,0.0856588465207605,False,0.0856588465207605,0.0989601293516326,0.09486041889006244,0.006141968943695674,-1.4981470036162832,1.4981470036162832
2026-06-01,cv_3,all,fy_rd_to_revenue,0.0856588465207605,False,0.0856588465207605,0.0989601293516326,0.09486041889006244,0.006141968943695674,-1.4981470036162832,1.4981470036162832
2026-06-02,cv_3,all,fy_rd_to_revenue,0.0856588465207605,False,0.0856588465207605,0.0989601293516326,0.09486041889006244,0.006141968943695674,-1.4981470036162832,1.4981470036162832
2026-06-03,cv_3,all,fy_rd_to_revenue,0.0856588465207605,False,0.0856588465207605,0.0989601293516326,0.09486041889006244,0.006141968943695674,-1.4981470036162832,1.4981470036162832
2026-06-04,cv_3,all,fy_rd_to_revenue,0.0856588465207605,False,0.0856588465207605,0.0989601293516326,0.09486041889006244,0.006141968943695674,-1.4981470036162832,1.4981470036162832
2026-06-05,cv_3,all,fy_rd_to_revenue,0.0856588465207605,False,0.0856588465207605,0.0989601293516326,0.09486041889006244,0.006141968943695674,-1.4981470036162832,1.4981470036162832
2026-06-08,cv_3,all,fy_rd_to_revenue,0.0856588465207605,False,0.0856588465207605,0.0989601293516326,0.09486041889006244,0.006141968943695674,-1.4981470036162832,1.4981470036162832
2026-06-09,cv_3,all,fy_rd_to_revenue,0.0856588465207605,False,0.0856588465207605,0.0989601293516326,0.09486041889006244,0.006141968943695674,-1.4981470036162832,1.4981470036162832
2026-06-10,cv_3,all,fy_rd_to_revenue,0.0856588465207605,False,0.0856588465207605,0.0989601293516326,0.09486041889006244,0.006141968943695674,-1.4981470036162832,1.4981470036162832
2026-06-11,cv_3,all,fy_rd_to_revenue,0.0856588465207605,False,0.0856588465207605,0.0989601293516326,0.09486041889006244,0.006141968943695674,-1.4981470036162832,1.4981470036162832
2026-06-12,cv_3,all,fy_rd_to_revenue,0.0856588465207605,False,0.0856588465207605,0.0989601293516326,0.09486041889006244,0.006141968943695674,-1.4981470036162832,1.4981470036162832
2026-05-08,cv_3,all,fy_sga_to_revenue,0.0212051607405829,False,0.0212051607405829,0.0267515728330919,0.02504206225663365,0.0025610981477712743,-1.4981470036162832,1.4981470036162832
2026-05-11,cv_3,all,fy_sga_to_revenue,0.0212051607405829,False,0.0212051607405829,0.0267515728330919,0.02504206225663365,0.0025610981477712743,-1.4981470036162832,1.4981470036162832
2026-05-12,cv_3,all,fy_sga_to_revenue,0.0212051607405829,False,0.0212051607405829,0.0267515728330919,0.02504206225663365,0.0025610981477712743,-1.4981470036162832,1.4981470036162832
2026-05-13,cv_3,all,fy_sga_to_revenue,0.0212051607405829,False,0.0212051607405829,0.0267515728330919,0.02504206225663365,0.0025610981477712743,-1.4981470036162832,1.4981470036162832
2026-05-14,cv_3,all,fy_sga_to_revenue,0.0212051607405829,False,0.0212051607405829,0.0267515728330919,0.02504206225663365,0.0025610981477712743,-1.4981470036162832,1.4981470036162832
2026-05-15,cv_3,all,fy_sga_to_revenue,0.0212051607405829,False,0.0212051607405829,0.0267515728330919,0.02504206225663365,0.0025610981477712743,-1.4981470036162832,1.4981470036162832
2026-05-18,cv_3,all,fy_sga_to_revenue,0.0212051607405829,False,0.0212051607405829,0.0267515728330919,0.02504206225663365,0.0025610981477712743,-1.4981470036162832,1.4981470036162832
2026-05-19,cv_3,all,fy_sga_to_revenue,0.0212051607405829,False,0.0212051607405829,0.0267515728330919,0.02504206225663365,0.0025610981477712743,-1.4981470036162832,1.4981470036162832
2026-05-20,cv_3,all,fy_sga_to_revenue,0.0212051607405829,False,0.0212051607405829,0.0267515728330919,0.02504206225663365,0.0025610981477712743,-1.4981470036162832,1.4981470036162832
2026-05-21,cv_3,all,fy_sga_to_revenue,0.0212051607405829,False,0.0212051607405829,0.0267515728330919,0.02504206225663365,0.0025610981477712743,-1.4981470036162832,1.4981470036162832
2026-05-22,cv_3,all,fy_sga_to_revenue,0.0212051607405829,False,0.0212051607405829,0.0267515728330919,0.02504206225663365,0.0025610981477712743,-1.4981470036162832,1.4981470036162832
2026-05-26,cv_3,all,fy_sga_to_revenue,0.0212051607405829,False,0.0212051607405829,0.0267515728330919,0.02504206225663365,0.0025610981477712743,-1.4981470036162832,1.4981470036162832
2026-05-27,cv_3,all,fy_sga_to_revenue,0.0212051607405829,False,0.0212051607405829,0.0267515728330919,0.02504206225663365,0.0025610981477712743,-1.4981470036162832,1.4981470036162832
2026-05-28,cv_3,all,fy_sga_to_revenue,0.0212051607405829,False,0.0212051607405829,0.0267515728330919,0.02504206225663365,0.0025610981477712743,-1.4981470036162832,1.4981470036162832
2026-05-29,cv_3,all,fy_sga_to_revenue,0.0212051607405829,False,0.0212051607405829,0.0267515728330919,0.02504206225663365,0.0025610981477712743,-1.4981470036162832,1.4981470036162832
2026-06-01,cv_3,all,fy_sga_to_revenue,0.0212051607405829,False,0.0212051607405829,0.0267515728330919,0.02504206225663365,0.0025610981477712743,-1.4981470036162832,1.4981470036162832
2026-06-02,cv_3,all,fy_sga_to_revenue,0.0212051607405829,False,0.0212051607405829,0.0267515728330919,0.02504206225663365,0.0025610981477712743,-1.4981470036162832,1.4981470036162832
2026-06-03,cv_3,all,fy_sga_to_revenue,0.0212051607405829,False,0.0212051607405829,0.0267515728330919,0.02504206225663365,0.0025610981477712743,-1.4981470036162832,1.4981470036162832
2026-06-04,cv_3,all,fy_sga_to_revenue,0.0212051607405829,False,0.0212051607405829,0.0267515728330919,0.02504206225663365,0.0025610981477712743,-1.4981470036162832,1.4981470036162832
2026-06-05,cv_3,all,fy_sga_to_revenue,0.0212051607405829,False,0.0212051607405829,0.0267515728330919,0.02504206225663365,0.0025610981477712743,-1.4981470036162832,1.4981470036162832
2026-06-08,cv_3,all,fy_sga_to_revenue,0.0212051607405829,False,0.0212051607405829,0.0267515728330919,0.02504206225663365,0.0025610981477712743,-1.4981470036162832,1.4981470036162832
2026-06-09,cv_3,all,fy_sga_to_revenue,0.0212051607405829,False,0.0212051607405829,0.0267515728330919,0.02504206225663365,0.0025610981477712743,-1.4981470036162832,1.4981470036162832
2026-06-10,cv_3,all,fy_sga_to_revenue,0.0212051607405829,False,0.0212051607405829,0.0267515728330919,0.02504206225663365,0.0025610981477712743,-1.4981470036162832,1.4981470036162832
2026-06-11,cv_3,all,fy_sga_to_revenue,0.0212051607405829,False,0.0212051607405829,0.0267515728330919,0.02504206225663365,0.0025610981477712743,-1.4981470036162832,1.4981470036162832
2026-06-12,cv_3,all,fy_sga_to_revenue,0.0212051607405829,False,0.0212051607405829,0.0267515728330919,0.02504206225663365,0.0025610981477712743,-1.4981470036162832,1.4981470036162832
2026-05-08,cv_3,all,fy_ocf_margin,0.4756828348877918,False,0.4756828348877918,0.4911147382698453,0.486358329693185,0.007125799257098463,-1.498147003616284,1.498147003616284
2026-05-11,cv_3,all,fy_ocf_margin,0.4756828348877918,False,0.4756828348877918,0.4911147382698453,0.486358329693185,0.007125799257098463,-1.498147003616284,1.498147003616284
2026-05-12,cv_3,all,fy_ocf_margin,0.4756828348877918,False,0.4756828348877918,0.4911147382698453,0.486358329693185,0.007125799257098463,-1.498147003616284,1.498147003616284
2026-05-13,cv_3,all,fy_ocf_margin,0.4756828348877918,False,0.4756828348877918,0.4911147382698453,0.486358329693185,0.007125799257098463,-1.498147003616284,1.498147003616284
2026-05-14,cv_3,all,fy_ocf_margin,0.4756828348877918,False,0.4756828348877918,0.4911147382698453,0.486358329693185,0.007125799257098463,-1.498147003616284,1.498147003616284
2026-05-15,cv_3,all,fy_ocf_margin,0.4756828348877918,False,0.4756828348877918,0.4911147382698453,0.486358329693185,0.007125799257098463,-1.498147003616284,1.498147003616284
2026-05-18,cv_3,all,fy_ocf_margin,0.4756828348877918,False,0.4756828348877918,0.4911147382698453,0.486358329693185,0.007125799257098463,-1.498147003616284,1.498147003616284
2026-05-19,cv_3,all,fy_ocf_margin,0.4756828348877918,False,0.4756828348877918,0.4911147382698453,0.486358329693185,0.007125799257098463,-1.498147003616284,1.498147003616284
2026-05-20,cv_3,all,fy_ocf_margin,0.4756828348877918,False,0.4756828348877918,0.4911147382698453,0.486358329693185,0.007125799257098463,-1.498147003616284,1.498147003616284
2026-05-21,cv_3,all,fy_ocf_margin,0.4756828348877918,False,0.4756828348877918,0.4911147382698453,0.486358329693185,0.007125799257098463,-1.498147003616284,1.498147003616284
2026-05-22,cv_3,all,fy_ocf_margin,0.4756828348877918,False,0.4756828348877918,0.4911147382698453,0.486358329693185,0.007125799257098463,-1.498147003616284,1.498147003616284
2026-05-26,cv_3,all,fy_ocf_margin,0.4756828348877918,False,0.4756828348877918,0.4911147382698453,0.486358329693185,0.007125799257098463,-1.498147003616284,1.498147003616284
2026-05-27,cv_3,all,fy_ocf_margin,0.4756828348877918,False,0.4756828348877918,0.4911147382698453,0.486358329693185,0.007125799257098463,-1.498147003616284,1.498147003616284
2026-05-28,cv_3,all,fy_ocf_margin,0.4756828348877918,False,0.4756828348877918,0.4911147382698453,0.486358329693185,0.007125799257098463,-1.498147003616284,1.498147003616284
2026-05-29,cv_3,all,fy_ocf_margin,0.4756828348877918,False,0.4756828348877918,0.4911147382698453,0.486358329693185,0.007125799257098463,-1.498147003616284,1.498147003616284
2026-06-01,cv_3,all,fy_ocf_margin,0.4756828348877918,False,0.4756828348877918,0.4911147382698453,0.486358329693185,0.007125799257098463,-1.498147003616284,1.498147003616284
2026-06-02,cv_3,all,fy_ocf_margin,0.4756828348877918,False,0.4756828348877918,0.4911147382698453,0.486358329693185,0.007125799257098463,-1.498147003616284,1.498147003616284
2026-06-03,cv_3,all,fy_ocf_margin,0.4756828348877918,False,0.4756828348877918,0.4911147382698453,0.486358329693185,0.007125799257098463,-1.498147003616284,1.498147003616284
2026-06-04,cv_3,all,fy_ocf_margin,0.4756828348877918,False,0.4756828348877918,0.4911147382698453,0.486358329693185,0.007125799257098463,-1.498147003616284,1.498147003616284
2026-06-05,cv_3,all,fy_ocf_margin,0.4756828348877918,False,0.4756828348877918,0.4911147382698453,0.486358329693185,0.007125799257098463,-1.498147003616284,1.498147003616284
2026-06-08,cv_3,all,fy_ocf_margin,0.4756828348877918,False,0.4756828348877918,0.4911147382698453,0.486358329693185,0.007125799257098463,-1.498147003616284,1.498147003616284
2026-06-09,cv_3,all,fy_ocf_margin,0.4756828348877918,False,0.4756828348877918,0.4911147382698453,0.486358329693185,0.007125799257098463,-1.498147003616284,1.498147003616284
2026-06-10,cv_3,all,fy_ocf_margin,0.4756828348877918,False,0.4756828348877918,0.4911147382698453,0.486358329693185,0.007125799257098463,-1.498147003616284,1.498147003616284
2026-06-11,cv_3,all,fy_ocf_margin,0.4756828348877918,False,0.4756828348877918,0.4911147382698453,0.486358329693185,0.007125799257098463,-1.498147003616284,1.498147003616284
2026-06-12,cv_3,all,fy_ocf_margin,0.4756828348877918,False,0.4756828348877918,0.4911147382698453,0.486358329693185,0.007125799257098463,-1.498147003616284,1.498147003616284
2026-05-08,cv_3,all,fy_revenue_growth_yoy,0.6547353579009478,False,0.6547353579009478,1.1420340763599357,0.991839265876001,0.22501390528522197,-1.498147003616282,1.498147003616282
2026-05-11,cv_3,all,fy_revenue_growth_yoy,0.6547353579009478,False,0.6547353579009478,1.1420340763599357,0.991839265876001,0.22501390528522197,-1.498147003616282,1.498147003616282
2026-05-12,cv_3,all,fy_revenue_growth_yoy,0.6547353579009478,False,0.6547353579009478,1.1420340763599357,0.991839265876001,0.22501390528522197,-1.498147003616282,1.498147003616282
2026-05-13,cv_3,all,fy_revenue_growth_yoy,0.6547353579009478,False,0.6547353579009478,1.1420340763599357,0.991839265876001,0.22501390528522197,-1.498147003616282,1.498147003616282
2026-05-14,cv_3,all,fy_revenue_growth_yoy,0.6547353579009478,False,0.6547353579009478,1.1420340763599357,0.991839265876001,0.22501390528522197,-1.498147003616282,1.498147003616282
2026-05-15,cv_3,all,fy_revenue_growth_yoy,0.6547353579009478,False,0.6547353579009478,1.1420340763599357,0.991839265876001,0.22501390528522197,-1.498147003616282,1.498147003616282
2026-05-18,cv_3,all,fy_revenue_growth_yoy,0.6547353579009478,False,0.6547353579009478,1.1420340763599357,0.991839265876001,0.22501390528522197,-1.498147003616282,1.498147003616282
2026-05-19,cv_3,all,fy_revenue_growth_yoy,0.6547353579009478,False,0.6547353579009478,1.1420340763599357,0.991839265876001,0.22501390528522197,-1.498147003616282,1.498147003616282
2026-05-20,cv_3,all,fy_revenue_growth_yoy,0.6547353579009478,False,0.6547353579009478,1.1420340763599357,0.991839265876001,0.22501390528522197,-1.498147003616282,1.498147003616282
2026-05-21,cv_3,all,fy_revenue_growth_yoy,0.6547353579009478,False,0.6547353579009478,1.1420340763599357,0.991839265876001,0.22501390528522197,-1.498147003616282,1.498147003616282
2026-05-22,cv_3,all,fy_revenue_growth_yoy,0.6547353579009478,False,0.6547353579009478,1.1420340763599357,0.991839265876001,0.22501390528522197,-1.498147003616282,1.498147003616282
2026-05-26,cv_3,all,fy_revenue_growth_yoy,0.6547353579009478,False,0.6547353579009478,1.1420340763599357,0.991839265876001,0.22501390528522197,-1.498147003616282,1.498147003616282
2026-05-27,cv_3,all,fy_revenue_growth_yoy,0.6547353579009478,False,0.6547353579009478,1.1420340763599357,0.991839265876001,0.22501390528522197,-1.498147003616282,1.498147003616282
2026-05-28,cv_3,all,fy_revenue_growth_yoy,0.6547353579009478,False,0.6547353579009478,1.1420340763599357,0.991839265876001,0.22501390528522197,-1.498147003616282,1.498147003616282
2026-05-29,cv_3,all,fy_revenue_growth_yoy,0.6547353579009478,False,0.6547353579009478,1.1420340763599357,0.991839265876001,0.22501390528522197,-1.498147003616282,1.498147003616282
2026-06-01,cv_3,all,fy_revenue_growth_yoy,0.6547353579009478,False,0.6547353579009478,1.1420340763599357,0.991839265876001,0.22501390528522197,-1.498147003616282,1.498147003616282
2026-06-02,cv_3,all,fy_revenue_growth_yoy,0.6547353579009478,False,0.6547353579009478,1.1420340763599357,0.991839265876001,0.22501390528522197,-1.498147003616282,1.498147003616282
2026-06-03,cv_3,all,fy_revenue_growth_yoy,0.6547353579009478,False,0.6547353579009478,1.1420340763599357,0.991839265876001,0.22501390528522197,-1.498147003616282,1.498147003616282
2026-06-04,cv_3,all,fy_revenue_growth_yoy,0.6547353579009478,False,0.6547353579009478,1.1420340763599357,0.991839265876001,0.22501390528522197,-1.498147003616282,1.498147003616282
2026-06-05,cv_3,all,fy_revenue_growth_yoy,0.6547353579009478,False,0.6547353579009478,1.1420340763599357,0.991839265876001,0.22501390528522197,-1.498147003616282,1.498147003616282
2026-06-08,cv_3,all,fy_revenue_growth_yoy,0.6547353579009478,False,0.6547353579009478,1.1420340763599357,0.991839265876001,0.22501390528522197,-1.498147003616282,1.498147003616282
2026-06-09,cv_3,all,fy_revenue_growth_yoy,0.6547353579009478,False,0.6547353579009478,1.1420340763599357,0.991839265876001,0.22501390528522197,-1.498147003616282,1.498147003616282
2026-06-10,cv_3,all,fy_revenue_growth_yoy,0.6547353579009478,False,0.6547353579009478,1.1420340763599357,0.991839265876001,0.22501390528522197,-1.498147003616282,1.498147003616282
2026-06-11,cv_3,all,fy_revenue_growth_yoy,0.6547353579009478,False,0.6547353579009478,1.1420340763599357,0.991839265876001,0.22501390528522197,-1.498147003616282,1.498147003616282
2026-06-12,cv_3,all,fy_revenue_growth_yoy,0.6547353579009478,False,0.6547353579009478,1.1420340763599357,0.991839265876001,0.22501390528522197,-1.498147003616282,1.498147003616282
2026-05-08,cv_3,all,fy_gross_profit_growth_yoy,0.5682213002513847,False,0.5682213002513847,1.208934335568046,1.0114542904361983,0.2958541378882857,-1.498147003616282,1.498147003616282
2026-05-11,cv_3,all,fy_gross_profit_growth_yoy,0.5682213002513847,False,0.5682213002513847,1.208934335568046,1.0114542904361983,0.2958541378882857,-1.498147003616282,1.498147003616282
2026-05-12,cv_3,all,fy_gross_profit_growth_yoy,0.5682213002513847,False,0.5682213002513847,1.208934335568046,1.0114542904361983,0.2958541378882857,-1.498147003616282,1.498147003616282
2026-05-13,cv_3,all,fy_gross_profit_growth_yoy,0.5682213002513847,False,0.5682213002513847,1.208934335568046,1.0114542904361983,0.2958541378882857,-1.498147003616282,1.498147003616282
2026-05-14,cv_3,all,fy_gross_profit_growth_yoy,0.5682213002513847,False,0.5682213002513847,1.208934335568046,1.0114542904361983,0.2958541378882857,-1.498147003616282,1.498147003616282
2026-05-15,cv_3,all,fy_gross_profit_growth_yoy,0.5682213002513847,False,0.5682213002513847,1.208934335568046,1.0114542904361983,0.2958541378882857,-1.498147003616282,1.498147003616282
2026-05-18,cv_3,all,fy_gross_profit_growth_yoy,0.5682213002513847,False,0.5682213002513847,1.208934335568046,1.0114542904361983,0.2958541378882857,-1.498147003616282,1.498147003616282
2026-05-19,cv_3,all,fy_gross_profit_growth_yoy,0.5682213002513847,False,0.5682213002513847,1.208934335568046,1.0114542904361983,0.2958541378882857,-1.498147003616282,1.498147003616282
2026-05-20,cv_3,all,fy_gross_profit_growth_yoy,0.5682213002513847,False,0.5682213002513847,1.208934335568046,1.0114542904361983,0.2958541378882857,-1.498147003616282,1.498147003616282
2026-05-21,cv_3,all,fy_gross_profit_growth_yoy,0.5682213002513847,False,0.5682213002513847,1.208934335568046,1.0114542904361983,0.2958541378882857,-1.498147003616282,1.498147003616282
2026-05-22,cv_3,all,fy_gross_profit_growth_yoy,0.5682213002513847,False,0.5682213002513847,1.208934335568046,1.0114542904361983,0.2958541378882857,-1.498147003616282,1.498147003616282
2026-05-26,cv_3,all,fy_gross_profit_growth_yoy,0.5682213002513847,False,0.5682213002513847,1.208934335568046,1.0114542904361983,0.2958541378882857,-1.498147003616282,1.498147003616282
2026-05-27,cv_3,all,fy_gross_profit_growth_yoy,0.5682213002513847,False,0.5682213002513847,1.208934335568046,1.0114542904361983,0.2958541378882857,-1.498147003616282,1.498147003616282
2026-05-28,cv_3,all,fy_gross_profit_growth_yoy,0.5682213002513847,False,0.5682213002513847,1.208934335568046,1.0114542904361983,0.2958541378882857,-1.498147003616282,1.498147003616282
2026-05-29,cv_3,all,fy_gross_profit_growth_yoy,0.5682213002513847,False,0.5682213002513847,1.208934335568046,1.0114542904361983,0.2958541378882857,-1.498147003616282,1.498147003616282
2026-06-01,cv_3,all,fy_gross_profit_growth_yoy,0.5682213002513847,False,0.5682213002513847,1.208934335568046,1.0114542904361983,0.2958541378882857,-1.498147003616282,1.498147003616282
2026-06-02,cv_3,all,fy_gross_profit_growth_yoy,0.5682213002513847,False,0.5682213002513847,1.208934335568046,1.0114542904361983,0.2958541378882857,-1.498147003616282,1.498147003616282
2026-06-03,cv_3,all,fy_gross_profit_growth_yoy,0.5682213002513847,False,0.5682213002513847,1.208934335568046,1.0114542904361983,0.2958541378882857,-1.498147003616282,1.498147003616282
2026-06-04,cv_3,all,fy_gross_profit_growth_yoy,0.5682213002513847,False,0.5682213002513847,1.208934335568046,1.0114542904361983,0.2958541378882857,-1.498147003616282,1.498147003616282
2026-06-05,cv_3,all,fy_gross_profit_growth_yoy,0.5682213002513847,False,0.5682213002513847,1.208934335568046,1.0114542904361983,0.2958541378882857,-1.498147003616282,1.498147003616282
2026-06-08,cv_3,all,fy_gross_profit_growth_yoy,0.5682213002513847,False,0.5682213002513847,1.208934335568046,1.0114542904361983,0.2958541378882857,-1.498147003616282,1.498147003616282
2026-06-09,cv_3,all,fy_gross_profit_growth_yoy,0.5682213002513847,False,0.5682213002513847,1.208934335568046,1.0114542904361983,0.2958541378882857,-1.498147003616282,1.498147003616282
2026-06-10,cv_3,all,fy_gross_profit_growth_yoy,0.5682213002513847,False,0.5682213002513847,1.208934335568046,1.0114542904361983,0.2958541378882857,-1.498147003616282,1.498147003616282
2026-06-11,cv_3,all,fy_gross_profit_growth_yoy,0.5682213002513847,False,0.5682213002513847,1.208934335568046,1.0114542904361983,0.2958541378882857,-1.498147003616282,1.498147003616282
2026-06-12,cv_3,all,fy_gross_profit_growth_yoy,0.5682213002513847,False,0.5682213002513847,1.208934335568046,1.0114542904361983,0.2958541378882857,-1.498147003616282,1.498147003616282
2026-05-08,cv_3,all,fy_operating_income_growth_yoy,0.6007636305599549,False,0.6007636305599549,1.470368797767803,1.2023398078749732,0.4015468280902419,-1.4981470036162823,1.4981470036162823
2026-05-11,cv_3,all,fy_operating_income_growth_yoy,0.6007636305599549,False,0.6007636305599549,1.470368797767803,1.2023398078749732,0.4015468280902419,-1.4981470036162823,1.4981470036162823
2026-05-12,cv_3,all,fy_operating_income_growth_yoy,0.6007636305599549,False,0.6007636305599549,1.470368797767803,1.2023398078749732,0.4015468280902419,-1.4981470036162823,1.4981470036162823
2026-05-13,cv_3,all,fy_operating_income_growth_yoy,0.6007636305599549,False,0.6007636305599549,1.470368797767803,1.2023398078749732,0.4015468280902419,-1.4981470036162823,1.4981470036162823
2026-05-14,cv_3,all,fy_operating_income_growth_yoy,0.6007636305599549,False,0.6007636305599549,1.470368797767803,1.2023398078749732,0.4015468280902419,-1.4981470036162823,1.4981470036162823
2026-05-15,cv_3,all,fy_operating_income_growth_yoy,0.6007636305599549,False,0.6007636305599549,1.470368797767803,1.2023398078749732,0.4015468280902419,-1.4981470036162823,1.4981470036162823
2026-05-18,cv_3,all,fy_operating_income_growth_yoy,0.6007636305599549,False,0.6007636305599549,1.470368797767803,1.2023398078749732,0.4015468280902419,-1.4981470036162823,1.4981470036162823
2026-05-19,cv_3,all,fy_operating_income_growth_yoy,0.6007636305599549,False,0.6007636305599549,1.470368797767803,1.2023398078749732,0.4015468280902419,-1.4981470036162823,1.4981470036162823
2026-05-20,cv_3,all,fy_operating_income_growth_yoy,0.6007636305599549,False,0.6007636305599549,1.470368797767803,1.2023398078749732,0.4015468280902419,-1.4981470036162823,1.4981470036162823
2026-05-21,cv_3,all,fy_operating_income_growth_yoy,0.6007636305599549,False,0.6007636305599549,1.470368797767803,1.2023398078749732,0.4015468280902419,-1.4981470036162823,1.4981470036162823
2026-05-22,cv_3,all,fy_operating_income_growth_yoy,0.6007636305599549,False,0.6007636305599549,1.470368797767803,1.2023398078749732,0.4015468280902419,-1.4981470036162823,1.4981470036162823
2026-05-26,cv_3,all,fy_operating_income_growth_yoy,0.6007636305599549,False,0.6007636305599549,1.470368797767803,1.2023398078749732,0.4015468280902419,-1.4981470036162823,1.4981470036162823
2026-05-27,cv_3,all,fy_operating_income_growth_yoy,0.6007636305599549,False,0.6007636305599549,1.470368797767803,1.2023398078749732,0.4015468280902419,-1.4981470036162823,1.4981470036162823
2026-05-28,cv_3,all,fy_operating_income_growth_yoy,0.6007636305599549,False,0.6007636305599549,1.470368797767803,1.2023398078749732,0.4015468280902419,-1.4981470036162823,1.4981470036162823
2026-05-29,cv_3,all,fy_operating_income_growth_yoy,0.6007636305599549,False,0.6007636305599549,1.470368797767803,1.2023398078749732,0.4015468280902419,-1.4981470036162823,1.4981470036162823
2026-06-01,cv_3,all,fy_operating_income_growth_yoy,0.6007636305599549,False,0.6007636305599549,1.470368797767803,1.2023398078749732,0.4015468280902419,-1.4981470036162823,1.4981470036162823
2026-06-02,cv_3,all,fy_operating_income_growth_yoy,0.6007636305599549,False,0.6007636305599549,1.470368797767803,1.2023398078749732,0.4015468280902419,-1.4981470036162823,1.4981470036162823
2026-06-03,cv_3,all,fy_operating_income_growth_yoy,0.6007636305599549,False,0.6007636305599549,1.470368797767803,1.2023398078749732,0.4015468280902419,-1.4981470036162823,1.4981470036162823
2026-06-04,cv_3,all,fy_operating_income_growth_yoy,0.6007636305599549,False,0.6007636305599549,1.470368797767803,1.2023398078749732,0.4015468280902419,-1.4981470036162823,1.4981470036162823
2026-06-05,cv_3,all,fy_operating_income_growth_yoy,0.6007636305599549,False,0.6007636305599549,1.470368797767803,1.2023398078749732,0.4015468280902419,-1.4981470036162823,1.4981470036162823
2026-06-08,cv_3,all,fy_operating_income_growth_yoy,0.6007636305599549,False,0.6007636305599549,1.470368797767803,1.2023398078749732,0.4015468280902419,-1.4981470036162823,1.4981470036162823
2026-06-09,cv_3,all,fy_operating_income_growth_yoy,0.6007636305599549,False,0.6007636305599549,1.470368797767803,1.2023398078749732,0.4015468280902419,-1.4981470036162823,1.4981470036162823
2026-06-10,cv_3,all,fy_operating_income_growth_yoy,0.6007636305599549,False,0.6007636305599549,1.470368797767803,1.2023398078749732,0.4015468280902419,-1.4981470036162823,1.4981470036162823
2026-06-11,cv_3,all,fy_operating_income_growth_yoy,0.6007636305599549,False,0.6007636305599549,1.470368797767803,1.2023398078749732,0.4015468280902419,-1.4981470036162823,1.4981470036162823
2026-06-12,cv_3,all,fy_operating_income_growth_yoy,0.6007636305599549,False,0.6007636305599549,1.470368797767803,1.2023398078749732,0.4015468280902419,-1.4981470036162823,1.4981470036162823
2026-05-08,cv_3,all,fy_net_income_growth_yoy,0.6474615806805708,False,0.6474615806805708,1.4489247311827955,1.201898417671836,0.3700817314008205,-1.4981470036162825,1.4981470036162825
2026-05-11,cv_3,all,fy_net_income_growth_yoy,0.6474615806805708,False,0.6474615806805708,1.4489247311827955,1.201898417671836,0.3700817314008205,-1.4981470036162825,1.4981470036162825
2026-05-12,cv_3,all,fy_net_income_growth_yoy,0.6474615806805708,False,0.6474615806805708,1.4489247311827955,1.201898417671836,0.3700817314008205,-1.4981470036162825,1.4981470036162825
2026-05-13,cv_3,all,fy_net_income_growth_yoy,0.6474615806805708,False,0.6474615806805708,1.4489247311827955,1.201898417671836,0.3700817314008205,-1.4981470036162825,1.4981470036162825
2026-05-14,cv_3,all,fy_net_income_growth_yoy,0.6474615806805708,False,0.6474615806805708,1.4489247311827955,1.201898417671836,0.3700817314008205,-1.4981470036162825,1.4981470036162825
2026-05-15,cv_3,all,fy_net_income_growth_yoy,0.6474615806805708,False,0.6474615806805708,1.4489247311827955,1.201898417671836,0.3700817314008205,-1.4981470036162825,1.4981470036162825
2026-05-18,cv_3,all,fy_net_income_growth_yoy,0.6474615806805708,False,0.6474615806805708,1.4489247311827955,1.201898417671836,0.3700817314008205,-1.4981470036162825,1.4981470036162825
2026-05-19,cv_3,all,fy_net_income_growth_yoy,0.6474615806805708,False,0.6474615806805708,1.4489247311827955,1.201898417671836,0.3700817314008205,-1.4981470036162825,1.4981470036162825
2026-05-20,cv_3,all,fy_net_income_growth_yoy,0.6474615806805708,False,0.6474615806805708,1.4489247311827955,1.201898417671836,0.3700817314008205,-1.4981470036162825,1.4981470036162825
2026-05-21,cv_3,all,fy_net_income_growth_yoy,0.6474615806805708,False,0.6474615806805708,1.4489247311827955,1.201898417671836,0.3700817314008205,-1.4981470036162825,1.4981470036162825
2026-05-22,cv_3,all,fy_net_income_growth_yoy,0.6474615806805708,False,0.6474615806805708,1.4489247311827955,1.201898417671836,0.3700817314008205,-1.4981470036162825,1.4981470036162825
2026-05-26,cv_3,all,fy_net_income_growth_yoy,0.6474615806805708,False,0.6474615806805708,1.4489247311827955,1.201898417671836,0.3700817314008205,-1.4981470036162825,1.4981470036162825
2026-05-27,cv_3,all,fy_net_income_growth_yoy,0.6474615806805708,False,0.6474615806805708,1.4489247311827955,1.201898417671836,0.3700817314008205,-1.4981470036162825,1.4981470036162825
2026-05-28,cv_3,all,fy_net_income_growth_yoy,0.6474615806805708,False,0.6474615806805708,1.4489247311827955,1.201898417671836,0.3700817314008205,-1.4981470036162825,1.4981470036162825
2026-05-29,cv_3,all,fy_net_income_growth_yoy,0.6474615806805708,False,0.6474615806805708,1.4489247311827955,1.201898417671836,0.3700817314008205,-1.4981470036162825,1.4981470036162825
2026-06-01,cv_3,all,fy_net_income_growth_yoy,0.6474615806805708,False,0.6474615806805708,1.4489247311827955,1.201898417671836,0.3700817314008205,-1.4981470036162825,1.4981470036162825
2026-06-02,cv_3,all,fy_net_income_growth_yoy,0.6474615806805708,False,0.6474615806805708,1.4489247311827955,1.201898417671836,0.3700817314008205,-1.4981470036162825,1.4981470036162825
2026-06-03,cv_3,all,fy_net_income_growth_yoy,0.6474615806805708,False,0.6474615806805708,1.4489247311827955,1.201898417671836,0.3700817314008205,-1.4981470036162825,1.4981470036162825
2026-06-04,cv_3,all,fy_net_income_growth_yoy,0.6474615806805708,False,0.6474615806805708,1.4489247311827955,1.201898417671836,0.3700817314008205,-1.4981470036162825,1.4981470036162825
2026-06-05,cv_3,all,fy_net_income_growth_yoy,0.6474615806805708,False,0.6474615806805708,1.4489247311827955,1.201898417671836,0.3700817314008205,-1.4981470036162825,1.4981470036162825
2026-06-08,cv_3,all,fy_net_income_growth_yoy,0.6474615806805708,False,0.6474615806805708,1.4489247311827955,1.201898417671836,0.3700817314008205,-1.4981470036162825,1.4981470036162825
2026-06-09,cv_3,all,fy_net_income_growth_yoy,0.6474615806805708,False,0.6474615806805708,1.4489247311827955,1.201898417671836,0.3700817314008205,-1.4981470036162825,1.4981470036162825
2026-06-10,cv_3,all,fy_net_income_growth_yoy,0.6474615806805708,False,0.6474615806805708,1.4489247311827955,1.201898417671836,0.3700817314008205,-1.4981470036162825,1.4981470036162825
2026-06-11,cv_3,all,fy_net_income_growth_yoy,0.6474615806805708,False,0.6474615806805708,1.4489247311827955,1.201898417671836,0.3700817314008205,-1.4981470036162825,1.4981470036162825
2026-06-12,cv_3,all,fy_net_income_growth_yoy,0.6474615806805708,False,0.6474615806805708,1.4489247311827955,1.201898417671836,0.3700817314008205,-1.4981470036162825,1.4981470036162825
2026-05-08,cv_3,all,fy_rd_growth_yoy,0.4323215115378658,False,0.4323215115378658,0.4886455331412103,0.47128538949634385,0.02600804718390492,-1.4981470036162827,1.4981470036162827
2026-05-11,cv_3,all,fy_rd_growth_yoy,0.4323215115378658,False,0.4323215115378658,0.4886455331412103,0.47128538949634385,0.02600804718390492,-1.4981470036162827,1.4981470036162827
2026-05-12,cv_3,all,fy_rd_growth_yoy,0.4323215115378658,False,0.4323215115378658,0.4886455331412103,0.47128538949634385,0.02600804718390492,-1.4981470036162827,1.4981470036162827
2026-05-13,cv_3,all,fy_rd_growth_yoy,0.4323215115378658,False,0.4323215115378658,0.4886455331412103,0.47128538949634385,0.02600804718390492,-1.4981470036162827,1.4981470036162827
2026-05-14,cv_3,all,fy_rd_growth_yoy,0.4323215115378658,False,0.4323215115378658,0.4886455331412103,0.47128538949634385,0.02600804718390492,-1.4981470036162827,1.4981470036162827
2026-05-15,cv_3,all,fy_rd_growth_yoy,0.4323215115378658,False,0.4323215115378658,0.4886455331412103,0.47128538949634385,0.02600804718390492,-1.4981470036162827,1.4981470036162827
2026-05-18,cv_3,all,fy_rd_growth_yoy,0.4323215115378658,False,0.4323215115378658,0.4886455331412103,0.47128538949634385,0.02600804718390492,-1.4981470036162827,1.4981470036162827
2026-05-19,cv_3,all,fy_rd_growth_yoy,0.4323215115378658,False,0.4323215115378658,0.4886455331412103,0.47128538949634385,0.02600804718390492,-1.4981470036162827,1.4981470036162827
2026-05-20,cv_3,all,fy_rd_growth_yoy,0.4323215115378658,False,0.4323215115378658,0.4886455331412103,0.47128538949634385,0.02600804718390492,-1.4981470036162827,1.4981470036162827
2026-05-21,cv_3,all,fy_rd_growth_yoy,0.4323215115378658,False,0.4323215115378658,0.4886455331412103,0.47128538949634385,0.02600804718390492,-1.4981470036162827,1.4981470036162827
2026-05-22,cv_3,all,fy_rd_growth_yoy,0.4323215115378658,False,0.4323215115378658,0.4886455331412103,0.47128538949634385,0.02600804718390492,-1.4981470036162827,1.4981470036162827
2026-05-26,cv_3,all,fy_rd_growth_yoy,0.4323215115378658,False,0.4323215115378658,0.4886455331412103,0.47128538949634385,0.02600804718390492,-1.4981470036162827,1.4981470036162827
2026-05-27,cv_3,all,fy_rd_growth_yoy,0.4323215115378658,False,0.4323215115378658,0.4886455331412103,0.47128538949634385,0.02600804718390492,-1.4981470036162827,1.4981470036162827
2026-05-28,cv_3,all,fy_rd_growth_yoy,0.4323215115378658,False,0.4323215115378658,0.4886455331412103,0.47128538949634385,0.02600804718390492,-1.4981470036162827,1.4981470036162827
2026-05-29,cv_3,all,fy_rd_growth_yoy,0.4323215115378658,False,0.4323215115378658,0.4886455331412103,0.47128538949634385,0.02600804718390492,-1.4981470036162827,1.4981470036162827
2026-06-01,cv_3,all,fy_rd_growth_yoy,0.4323215115378658,False,0.4323215115378658,0.4886455331412103,0.47128538949634385,0.02600804718390492,-1.4981470036162827,1.4981470036162827
2026-06-02,cv_3,all,fy_rd_growth_yoy,0.4323215115378658,False,0.4323215115378658,0.4886455331412103,0.47128538949634385,0.02600804718390492,-1.4981470036162827,1.4981470036162827
2026-06-03,cv_3,all,fy_rd_growth_yoy,0.4323215115378658,False,0.4323215115378658,0.4886455331412103,0.47128538949634385,0.02600804718390492,-1.4981470036162827,1.4981470036162827
2026-06-04,cv_3,all,fy_rd_growth_yoy,0.4323215115378658,False,0.4323215115378658,0.4886455331412103,0.47128538949634385,0.02600804718390492,-1.4981470036162827,1.4981470036162827
2026-06-05,cv_3,all,fy_rd_growth_yoy,0.4323215115378658,False,0.4323215115378658,0.4886455331412103,0.47128538949634385,0.02600804718390492,-1.4981470036162827,1.4981470036162827
2026-06-08,cv_3,all,fy_rd_growth_yoy,0.4323215115378658,False,0.4323215115378658,0.4886455331412103,0.47128538949634385,0.02600804718390492,-1.4981470036162827,1.4981470036162827
2026-06-09,cv_3,all,fy_rd_growth_yoy,0.4323215115378658,False,0.4323215115378658,0.4886455331412103,0.47128538949634385,0.02600804718390492,-1.4981470036162827,1.4981470036162827
2026-06-10,cv_3,all,fy_rd_growth_yoy,0.4323215115378658,False,0.4323215115378658,0.4886455331412103,0.47128538949634385,0.02600804718390492,-1.4981470036162827,1.4981470036162827
2026-06-11,cv_3,all,fy_rd_growth_yoy,0.4323215115378658,False,0.4323215115378658,0.4886455331412103,0.47128538949634385,0.02600804718390492,-1.4981470036162827,1.4981470036162827
2026-06-12,cv_3,all,fy_rd_growth_yoy,0.4323215115378658,False,0.4323215115378658,0.4886455331412103,0.47128538949634385,0.02600804718390492,-1.4981470036162827,1.4981470036162827
2026-05-08,cv_3,all,fy_operating_cash_flow_growth_yoy,0.6027399397712556,False,0.6027399397712556,1.281559273762905,1.072334136573698,0.313450012361216,-1.4981470036162823,1.4981470036162823
2026-05-11,cv_3,all,fy_operating_cash_flow_growth_yoy,0.6027399397712556,False,0.6027399397712556,1.281559273762905,1.072334136573698,0.313450012361216,-1.4981470036162823,1.4981470036162823
2026-05-12,cv_3,all,fy_operating_cash_flow_growth_yoy,0.6027399397712556,False,0.6027399397712556,1.281559273762905,1.072334136573698,0.313450012361216,-1.4981470036162823,1.4981470036162823
2026-05-13,cv_3,all,fy_operating_cash_flow_growth_yoy,0.6027399397712556,False,0.6027399397712556,1.281559273762905,1.072334136573698,0.313450012361216,-1.4981470036162823,1.4981470036162823
2026-05-14,cv_3,all,fy_operating_cash_flow_growth_yoy,0.6027399397712556,False,0.6027399397712556,1.281559273762905,1.072334136573698,0.313450012361216,-1.4981470036162823,1.4981470036162823
2026-05-15,cv_3,all,fy_operating_cash_flow_growth_yoy,0.6027399397712556,False,0.6027399397712556,1.281559273762905,1.072334136573698,0.313450012361216,-1.4981470036162823,1.4981470036162823
2026-05-18,cv_3,all,fy_operating_cash_flow_growth_yoy,0.6027399397712556,False,0.6027399397712556,1.281559273762905,1.072334136573698,0.313450012361216,-1.4981470036162823,1.4981470036162823
2026-05-19,cv_3,all,fy_operating_cash_flow_growth_yoy,0.6027399397712556,False,0.6027399397712556,1.281559273762905,1.072334136573698,0.313450012361216,-1.4981470036162823,1.4981470036162823
2026-05-20,cv_3,all,fy_operating_cash_flow_growth_yoy,0.6027399397712556,False,0.6027399397712556,1.281559273762905,1.072334136573698,0.313450012361216,-1.4981470036162823,1.4981470036162823
2026-05-21,cv_3,all,fy_operating_cash_flow_growth_yoy,0.6027399397712556,False,0.6027399397712556,1.281559273762905,1.072334136573698,0.313450012361216,-1.4981470036162823,1.4981470036162823
2026-05-22,cv_3,all,fy_operating_cash_flow_growth_yoy,0.6027399397712556,False,0.6027399397712556,1.281559273762905,1.072334136573698,0.313450012361216,-1.4981470036162823,1.4981470036162823
2026-05-26,cv_3,all,fy_operating_cash_flow_growth_yoy,0.6027399397712556,False,0.6027399397712556,1.281559273762905,1.072334136573698,0.313450012361216,-1.4981470036162823,1.4981470036162823
2026-05-27,cv_3,all,fy_operating_cash_flow_growth_yoy,0.6027399397712556,False,0.6027399397712556,1.281559273762905,1.072334136573698,0.313450012361216,-1.4981470036162823,1.4981470036162823
2026-05-28,cv_3,all,fy_operating_cash_flow_growth_yoy,0.6027399397712556,False,0.6027399397712556,1.281559273762905,1.072334136573698,0.313450012361216,-1.4981470036162823,1.4981470036162823
2026-05-29,cv_3,all,fy_operating_cash_flow_growth_yoy,0.6027399397712556,False,0.6027399397712556,1.281559273762905,1.072334136573698,0.313450012361216,-1.4981470036162823,1.4981470036162823
2026-06-01,cv_3,all,fy_operating_cash_flow_growth_yoy,0.6027399397712556,False,0.6027399397712556,1.281559273762905,1.072334136573698,0.313450012361216,-1.4981470036162823,1.4981470036162823
2026-06-02,cv_3,all,fy_operating_cash_flow_growth_yoy,0.6027399397712556,False,0.6027399397712556,1.281559273762905,1.072334136573698,0.313450012361216,-1.4981470036162823,1.4981470036162823
2026-06-03,cv_3,all,fy_operating_cash_flow_growth_yoy,0.6027399397712556,False,0.6027399397712556,1.281559273762905,1.072334136573698,0.313450012361216,-1.4981470036162823,1.4981470036162823
2026-06-04,cv_3,all,fy_operating_cash_flow_growth_yoy,0.6027399397712556,False,0.6027399397712556,1.281559273762905,1.072334136573698,0.313450012361216,-1.4981470036162823,1.4981470036162823
2026-06-05,cv_3,all,fy_operating_cash_flow_growth_yoy,0.6027399397712556,False,0.6027399397712556,1.281559273762905,1.072334136573698,0.313450012361216,-1.4981470036162823,1.4981470036162823
2026-06-08,cv_3,all,fy_operating_cash_flow_growth_yoy,0.6027399397712556,False,0.6027399397712556,1.281559273762905,1.072334136573698,0.313450012361216,-1.4981470036162823,1.4981470036162823
2026-06-09,cv_3,all,fy_operating_cash_flow_growth_yoy,0.6027399397712556,False,0.6027399397712556,1.281559273762905,1.072334136573698,0.313450012361216,-1.4981470036162823,1.4981470036162823
2026-06-10,cv_3,all,fy_operating_cash_flow_growth_yoy,0.6027399397712556,False,0.6027399397712556,1.281559273762905,1.072334136573698,0.313450012361216,-1.4981470036162823,1.4981470036162823
2026-06-11,cv_3,all,fy_operating_cash_flow_growth_yoy,0.6027399397712556,False,0.6027399397712556,1.281559273762905,1.072334136573698,0.313450012361216,-1.4981470036162823,1.4981470036162823
2026-06-12,cv_3,all,fy_operating_cash_flow_growth_yoy,0.6027399397712556,False,0.6027399397712556,1.281559273762905,1.072334136573698,0.313450012361216,-1.4981470036162823,1.4981470036162823
2026-05-08,cv_3,all,current_ratio,3.905263812455306,False,3.905263812455306,4.2140000824504265,4.231734276346145,0.24018955369203984,-1.3592200779448769,1.3592200779448769
2026-05-11,cv_3,all,current_ratio,3.905263812455306,False,3.905263812455306,4.2140000824504265,4.231734276346145,0.24018955369203984,-1.3592200779448769,1.3592200779448769
2026-05-12,cv_3,all,current_ratio,3.905263812455306,False,3.905263812455306,4.2140000824504265,4.231734276346145,0.24018955369203984,-1.3592200779448769,1.3592200779448769
2026-05-13,cv_3,all,current_ratio,3.905263812455306,False,3.905263812455306,4.2140000824504265,4.231734276346145,0.24018955369203984,-1.3592200779448769,1.3592200779448769
2026-05-14,cv_3,all,current_ratio,3.905263812455306,False,3.905263812455306,4.2140000824504265,4.231734276346145,0.24018955369203984,-1.3592200779448769,1.3592200779448769
2026-05-15,cv_3,all,current_ratio,3.905263812455306,False,3.905263812455306,4.2140000824504265,4.231734276346145,0.24018955369203984,-1.3592200779448769,1.3592200779448769
2026-05-18,cv_3,all,current_ratio,3.905263812455306,False,3.905263812455306,4.2140000824504265,4.231734276346145,0.24018955369203984,-1.3592200779448769,1.3592200779448769
2026-05-19,cv_3,all,current_ratio,3.905263812455306,False,3.905263812455306,4.2140000824504265,4.231734276346145,0.24018955369203984,-1.3592200779448769,1.3592200779448769
2026-05-20,cv_3,all,current_ratio,3.905263812455306,False,3.905263812455306,4.2140000824504265,4.231734276346145,0.24018955369203984,-1.3592200779448769,1.3592200779448769
2026-05-21,cv_3,all,current_ratio,3.440775681341719,False,3.440775681341719,4.2140000824504265,4.231734276346145,0.24018955369203984,-3.293059930568661,3.293059930568661
2026-05-22,cv_3,all,current_ratio,3.440775681341719,False,3.440775681341719,4.2140000824504265,4.231734276346145,0.24018955369203984,-3.293059930568661,3.293059930568661
2026-05-26,cv_3,all,current_ratio,3.440775681341719,False,3.440775681341719,4.2140000824504265,4.231734276346145,0.24018955369203984,-3.293059930568661,3.293059930568661
2026-05-27,cv_3,all,current_ratio,3.440775681341719,False,3.440775681341719,4.2140000824504265,4.231734276346145,0.24018955369203984,-3.293059930568661,3.293059930568661
2026-05-28,cv_3,all,current_ratio,3.440775681341719,False,3.440775681341719,4.2140000824504265,4.231734276346145,0.24018955369203984,-3.293059930568661,3.293059930568661
2026-05-29,cv_3,all,current_ratio,3.440775681341719,False,3.440775681341719,4.2140000824504265,4.231734276346145,0.24018955369203984,-3.293059930568661,3.293059930568661
2026-06-01,cv_3,all,current_ratio,3.440775681341719,False,3.440775681341719,4.2140000824504265,4.231734276346145,0.24018955369203984,-3.293059930568661,3.293059930568661
2026-06-02,cv_3,all,current_ratio,3.440775681341719,False,3.440775681341719,4.2140000824504265,4.231734276346145,0.24018955369203984,-3.293059930568661,3.293059930568661
2026-06-03,cv_3,all,current_ratio,3.440775681341719,False,3.440775681341719,4.2140000824504265,4.231734276346145,0.24018955369203984,-3.293059930568661,3.293059930568661
2026-06-04,cv_3,all,current_ratio,3.440775681341719,False,3.440775681341719,4.2140000824504265,4.231734276346145,0.24018955369203984,-3.293059930568661,3.293059930568661
2026-06-05,cv_3,all,current_ratio,3.440775681341719,False,3.440775681341719,4.2140000824504265,4.231734276346145,0.24018955369203984,-3.293059930568661,3.293059930568661
2026-06-08,cv_3,all,current_ratio,3.440775681341719,False,3.440775681341719,4.2140000824504265,4.231734276346145,0.24018955369203984,-3.293059930568661,3.293059930568661
2026-06-09,cv_3,all,current_ratio,3.440775681341719,False,3.440775681341719,4.2140000824504265,4.231734276346145,0.24018955369203984,-3.293059930568661,3.293059930568661
2026-06-10,cv_3,all,current_ratio,3.440775681341719,False,3.440775681341719,4.2140000824504265,4.231734276346145,0.24018955369203984,-3.293059930568661,3.293059930568661
2026-06-11,cv_3,all,current_ratio,3.440775681341719,False,3.440775681341719,4.2140000824504265,4.231734276346145,0.24018955369203984,-3.293059930568661,3.293059930568661
2026-06-12,cv_3,all,current_ratio,3.440775681341719,False,3.440775681341719,4.2140000824504265,4.231734276346145,0.24018955369203984,-3.293059930568661,3.293059930568661
2026-05-08,cv_3,all,cash_to_assets,0.0512806874174939,False,0.0512806874174939,0.0712760940253679,0.06792963286886156,0.012008488212940916,-1.3864314271821463,1.3864314271821463
2026-05-11,cv_3,all,cash_to_assets,0.0512806874174939,False,0.0512806874174939,0.0712760940253679,0.06792963286886156,0.012008488212940916,-1.3864314271821463,1.3864314271821463
2026-05-12,cv_3,all,cash_to_assets,0.0512806874174939,False,0.0512806874174939,0.0712760940253679,0.06792963286886156,0.012008488212940916,-1.3864314271821463,1.3864314271821463
2026-05-13,cv_3,all,cash_to_assets,0.0512806874174939,False,0.0512806874174939,0.0712760940253679,0.06792963286886156,0.012008488212940916,-1.3864314271821463,1.3864314271821463
2026-05-14,cv_3,all,cash_to_assets,0.0512806874174939,False,0.0512806874174939,0.0712760940253679,0.06792963286886156,0.012008488212940916,-1.3864314271821463,1.3864314271821463
2026-05-15,cv_3,all,cash_to_assets,0.0512806874174939,False,0.0512806874174939,0.0712760940253679,0.06792963286886156,0.012008488212940916,-1.3864314271821463,1.3864314271821463
2026-05-18,cv_3,all,cash_to_assets,0.0512806874174939,False,0.0512806874174939,0.0712760940253679,0.06792963286886156,0.012008488212940916,-1.3864314271821463,1.3864314271821463
2026-05-19,cv_3,all,cash_to_assets,0.0512806874174939,False,0.0512806874174939,0.0712760940253679,0.06792963286886156,0.012008488212940916,-1.3864314271821463,1.3864314271821463
2026-05-20,cv_3,all,cash_to_assets,0.0512806874174939,False,0.0512806874174939,0.0712760940253679,0.06792963286886156,0.012008488212940916,-1.3864314271821463,1.3864314271821463
2026-05-21,cv_3,all,cash_to_assets,0.0510147452153202,False,0.0510147452153202,0.0712760940253679,0.06792963286886156,0.012008488212940916,-1.408577612235408,1.408577612235408
2026-05-22,cv_3,all,cash_to_assets,0.0510147452153202,False,0.0510147452153202,0.0712760940253679,0.06792963286886156,0.012008488212940916,-1.408577612235408,1.408577612235408
2026-05-26,cv_3,all,cash_to_assets,0.0510147452153202,False,0.0510147452153202,0.0712760940253679,0.06792963286886156,0.012008488212940916,-1.408577612235408,1.408577612235408
2026-05-27,cv_3,all,cash_to_assets,0.0510147452153202,False,0.0510147452153202,0.0712760940253679,0.06792963286886156,0.012008488212940916,-1.408577612235408,1.408577612235408
2026-05-28,cv_3,all,cash_to_assets,0.0510147452153202,False,0.0510147452153202,0.0712760940253679,0.06792963286886156,0.012008488212940916,-1.408577612235408,1.408577612235408
2026-05-29,cv_3,all,cash_to_assets,0.0510147452153202,False,0.0510147452153202,0.0712760940253679,0.06792963286886156,0.012008488212940916,-1.408577612235408,1.408577612235408
2026-06-01,cv_3,all,cash_to_assets,0.0510147452153202,False,0.0510147452153202,0.0712760940253679,0.06792963286886156,0.012008488212940916,-1.408577612235408,1.408577612235408
2026-06-02,cv_3,all,cash_to_assets,0.0510147452153202,False,0.0510147452153202,0.0712760940253679,0.06792963286886156,0.012008488212940916,-1.408577612235408,1.408577612235408
2026-06-03,cv_3,all,cash_to_assets,0.0510147452153202,False,0.0510147452153202,0.0712760940253679,0.06792963286886156,0.012008488212940916,-1.408577612235408,1.408577612235408
2026-06-04,cv_3,all,cash_to_assets,0.0510147452153202,False,0.0510147452153202,0.0712760940253679,0.06792963286886156,0.012008488212940916,-1.408577612235408,1.408577612235408
2026-06-05,cv_3,all,cash_to_assets,0.0510147452153202,False,0.0510147452153202,0.0712760940253679,0.06792963286886156,0.012008488212940916,-1.408577612235408,1.408577612235408
2026-06-08,cv_3,all,cash_to_assets,0.0510147452153202,False,0.0510147452153202,0.0712760940253679,0.06792963286886156,0.012008488212940916,-1.408577612235408,1.408577612235408
2026-06-09,cv_3,all,cash_to_assets,0.0510147452153202,False,0.0510147452153202,0.0712760940253679,0.06792963286886156,0.012008488212940916,-1.408577612235408,1.408577612235408
2026-06-10,cv_3,all,cash_to_assets,0.0510147452153202,False,0.0510147452153202,0.0712760940253679,0.06792963286886156,0.012008488212940916,-1.408577612235408,1.408577612235408
2026-06-11,cv_3,all,cash_to_assets,0.0510147452153202,False,0.0510147452153202,0.0712760940253679,0.06792963286886156,0.012008488212940916,-1.408577612235408,1.408577612235408
2026-06-12,cv_3,all,cash_to_assets,0.0510147452153202,False,0.0510147452153202,0.0712760940253679,0.06792963286886156,0.012008488212940916,-1.408577612235408,1.408577612235408
2026-05-08,cv_3,all,liabilities_to_assets,0.2394065850108557,False,0.2394065850108557,0.2621875542979124,0.2616636764539092,0.01819083272734557,-1.223533401502575,1.223533401502575
2026-05-11,cv_3,all,liabilities_to_assets,0.2394065850108557,False,0.2394065850108557,0.2621875542979124,0.2616636764539092,0.01819083272734557,-1.223533401502575,1.223533401502575
2026-05-12,cv_3,all,liabilities_to_assets,0.2394065850108557,False,0.2394065850108557,0.2621875542979124,0.2616636764539092,0.01819083272734557,-1.223533401502575,1.223533401502575
2026-05-13,cv_3,all,liabilities_to_assets,0.2394065850108557,False,0.2394065850108557,0.2621875542979124,0.2616636764539092,0.01819083272734557,-1.223533401502575,1.223533401502575
2026-05-14,cv_3,all,liabilities_to_assets,0.2394065850108557,False,0.2394065850108557,0.2621875542979124,0.2616636764539092,0.01819083272734557,-1.223533401502575,1.223533401502575
2026-05-15,cv_3,all,liabilities_to_assets,0.2394065850108557,False,0.2394065850108557,0.2621875542979124,0.2616636764539092,0.01819083272734557,-1.223533401502575,1.223533401502575
2026-05-18,cv_3,all,liabilities_to_assets,0.2394065850108557,False,0.2394065850108557,0.2621875542979124,0.2616636764539092,0.01819083272734557,-1.223533401502575,1.223533401502575
2026-05-19,cv_3,all,liabilities_to_assets,0.2394065850108557,False,0.2394065850108557,0.2621875542979124,0.2616636764539092,0.01819083272734557,-1.223533401502575,1.223533401502575
2026-05-20,cv_3,all,liabilities_to_assets,0.2394065850108557,False,0.2394065850108557,0.2621875542979124,0.2616636764539092,0.01819083272734557,-1.223533401502575,1.223533401502575
2026-05-21,cv_3,all,liabilities_to_assets,0.2466528438302103,False,0.2466528438302103,0.2621875542979124,0.2616636764539092,0.01819083272734557,-0.8251866667507585,0.8251866667507585
2026-05-22,cv_3,all,liabilities_to_assets,0.2466528438302103,False,0.2466528438302103,0.2621875542979124,0.2616636764539092,0.01819083272734557,-0.8251866667507585,0.8251866667507585
2026-05-26,cv_3,all,liabilities_to_assets,0.2466528438302103,False,0.2466528438302103,0.2621875542979124,0.2616636764539092,0.01819083272734557,-0.8251866667507585,0.8251866667507585
2026-05-27,cv_3,all,liabilities_to_assets,0.2466528438302103,False,0.2466528438302103,0.2621875542979124,0.2616636764539092,0.01819083272734557,-0.8251866667507585,0.8251866667507585
2026-05-28,cv_3,all,liabilities_to_assets,0.2466528438302103,False,0.2466528438302103,0.2621875542979124,0.2616636764539092,0.01819083272734557,-0.8251866667507585,0.8251866667507585
2026-05-29,cv_3,all,liabilities_to_assets,0.2466528438302103,False,0.2466528438302103,0.2621875542979124,0.2616636764539092,0.01819083272734557,-0.8251866667507585,0.8251866667507585
2026-06-01,cv_3,all,liabilities_to_assets,0.2466528438302103,False,0.2466528438302103,0.2621875542979124,0.2616636764539092,0.01819083272734557,-0.8251866667507585,0.8251866667507585
2026-06-02,cv_3,all,liabilities_to_assets,0.2466528438302103,False,0.2466528438302103,0.2621875542979124,0.2616636764539092,0.01819083272734557,-0.8251866667507585,0.8251866667507585
2026-06-03,cv_3,all,liabilities_to_assets,0.2466528438302103,False,0.2466528438302103,0.2621875542979124,0.2616636764539092,0.01819083272734557,-0.8251866667507585,0.8251866667507585
2026-06-04,cv_3,all,liabilities_to_assets,0.2466528438302103,False,0.2466528438302103,0.2621875542979124,0.2616636764539092,0.01819083272734557,-0.8251866667507585,0.8251866667507585
2026-06-05,cv_3,all,liabilities_to_assets,0.2466528438302103,False,0.2466528438302103,0.2621875542979124,0.2616636764539092,0.01819083272734557,-0.8251866667507585,0.8251866667507585
2026-06-08,cv_3,all,liabilities_to_assets,0.2466528438302103,False,0.2466528438302103,0.2621875542979124,0.2616636764539092,0.01819083272734557,-0.8251866667507585,0.8251866667507585
2026-06-09,cv_3,all,liabilities_to_assets,0.2466528438302103,False,0.2466528438302103,0.2621875542979124,0.2616636764539092,0.01819083272734557,-0.8251866667507585,0.8251866667507585
2026-06-10,cv_3,all,liabilities_to_assets,0.2466528438302103,False,0.2466528438302103,0.2621875542979124,0.2616636764539092,0.01819083272734557,-0.8251866667507585,0.8251866667507585
2026-06-11,cv_3,all,liabilities_to_assets,0.2466528438302103,False,0.2466528438302103,0.2621875542979124,0.2616636764539092,0.01819083272734557,-0.8251866667507585,0.8251866667507585
2026-06-12,cv_3,all,liabilities_to_assets,0.2466528438302103,False,0.2466528438302103,0.2621875542979124,0.2616636764539092,0.01819083272734557,-0.8251866667507585,0.8251866667507585
2026-05-08,cv_3,all,debt_to_assets,0.0361164973428818,False,0.0361164973428818,0.0463424926154839,0.04659609234347322,0.008899384437426501,-1.1775640297680954,1.1775640297680954
2026-05-11,cv_3,all,debt_to_assets,0.0361164973428818,False,0.0361164973428818,0.0463424926154839,0.04659609234347322,0.008899384437426501,-1.1775640297680954,1.1775640297680954
2026-05-12,cv_3,all,debt_to_assets,0.0361164973428818,False,0.0361164973428818,0.0463424926154839,0.04659609234347322,0.008899384437426501,-1.1775640297680954,1.1775640297680954
2026-05-13,cv_3,all,debt_to_assets,0.0361164973428818,False,0.0361164973428818,0.0463424926154839,0.04659609234347322,0.008899384437426501,-1.1775640297680954,1.1775640297680954
2026-05-14,cv_3,all,debt_to_assets,0.0361164973428818,False,0.0361164973428818,0.0463424926154839,0.04659609234347322,0.008899384437426501,-1.1775640297680954,1.1775640297680954
2026-05-15,cv_3,all,debt_to_assets,0.0361164973428818,False,0.0361164973428818,0.0463424926154839,0.04659609234347322,0.008899384437426501,-1.1775640297680954,1.1775640297680954
2026-05-18,cv_3,all,debt_to_assets,0.0361164973428818,False,0.0361164973428818,0.0463424926154839,0.04659609234347322,0.008899384437426501,-1.1775640297680954,1.1775640297680954
2026-05-19,cv_3,all,debt_to_assets,0.0361164973428818,False,0.0361164973428818,0.0463424926154839,0.04659609234347322,0.008899384437426501,-1.1775640297680954,1.1775640297680954
2026-05-20,cv_3,all,debt_to_assets,0.0361164973428818,False,0.0361164973428818,0.0463424926154839,0.04659609234347322,0.008899384437426501,-1.1775640297680954,1.1775640297680954
2026-05-21,cv_3,all,debt_to_assets,0.0287890116158073,False,0.0287890116158073,0.0463424926154839,0.04659609234347322,0.008899384437426501,-2.0009339806445445,2.0009339806445445
2026-05-22,cv_3,all,debt_to_assets,0.0287890116158073,False,0.0287890116158073,0.0463424926154839,0.04659609234347322,0.008899384437426501,-2.0009339806445445,2.0009339806445445
2026-05-26,cv_3,all,debt_to_assets,0.0287890116158073,False,0.0287890116158073,0.0463424926154839,0.04659609234347322,0.008899384437426501,-2.0009339806445445,2.0009339806445445
2026-05-27,cv_3,all,debt_to_assets,0.0287890116158073,False,0.0287890116158073,0.0463424926154839,0.04659609234347322,0.008899384437426501,-2.0009339806445445,2.0009339806445445
2026-05-28,cv_3,all,debt_to_assets,0.0287890116158073,False,0.0287890116158073,0.0463424926154839,0.04659609234347322,0.008899384437426501,-2.0009339806445445,2.0009339806445445
2026-05-29,cv_3,all,debt_to_assets,0.0287890116158073,False,0.0287890116158073,0.0463424926154839,0.04659609234347322,0.008899384437426501,-2.0009339806445445,2.0009339806445445
2026-06-01,cv_3,all,debt_to_assets,0.0287890116158073,False,0.0287890116158073,0.0463424926154839,0.04659609234347322,0.008899384437426501,-2.0009339806445445,2.0009339806445445
2026-06-02,cv_3,all,debt_to_assets,0.0287890116158073,False,0.0287890116158073,0.0463424926154839,0.04659609234347322,0.008899384437426501,-2.0009339806445445,2.0009339806445445
2026-06-03,cv_3,all,debt_to_assets,0.0287890116158073,False,0.0287890116158073,0.0463424926154839,0.04659609234347322,0.008899384437426501,-2.0009339806445445,2.0009339806445445
2026-06-04,cv_3,all,debt_to_assets,0.0287890116158073,False,0.0287890116158073,0.0463424926154839,0.04659609234347322,0.008899384437426501,-2.0009339806445445,2.0009339806445445
2026-06-05,cv_3,all,debt_to_assets,0.0287890116158073,False,0.0287890116158073,0.0463424926154839,0.04659609234347322,0.008899384437426501,-2.0009339806445445,2.0009339806445445
2026-06-08,cv_3,all,debt_to_assets,0.0287890116158073,False,0.0287890116158073,0.0463424926154839,0.04659609234347322,0.008899384437426501,-2.0009339806445445,2.0009339806445445
2026-06-09,cv_3,all,debt_to_assets,0.0287890116158073,False,0.0287890116158073,0.0463424926154839,0.04659609234347322,0.008899384437426501,-2.0009339806445445,2.0009339806445445
2026-06-10,cv_3,all,debt_to_assets,0.0287890116158073,False,0.0287890116158073,0.0463424926154839,0.04659609234347322,0.008899384437426501,-2.0009339806445445,2.0009339806445445
2026-06-11,cv_3,all,debt_to_assets,0.0287890116158073,False,0.0287890116158073,0.0463424926154839,0.04659609234347322,0.008899384437426501,-2.0009339806445445,2.0009339806445445
2026-06-12,cv_3,all,debt_to_assets,0.0287890116158073,False,0.0287890116158073,0.0463424926154839,0.04659609234347322,0.008899384437426501,-2.0009339806445445,2.0009339806445445
