Price,Adj Close,Close,Dividends,High,Low,Open,Stock Splits,Volume
Ticker,NVDA,NVDA,NVDA,NVDA,NVDA,NVDA,NVDA,NVDA
Date,,,,,,,,
2009-08-20,0.31328269839286804,0.3425000011920929,0.0,0.3440000116825104,0.32725000381469727,0.328000009059906,0.0,819840000
2009-08-21,0.3185422718524933,0.34825000166893005,0.0,0.3487499952316284,0.3382500112056732,0.3452500104904175,0.0,607324000
2009-08-24,0.3096238374710083,0.3384999930858612,0.0,0.3499999940395355,0.33649998903274536,0.3462499976158142,0.0,461456000
2009-08-25,0.3123679459095001,0.34150001406669617,0.0,0.3449999988079071,0.3345000147819519,0.3402499854564667,0.0,444088000
2009-08-26,0.31602680683135986,0.34549999237060547,0.0,0.3462499976158142,0.3395000100135803,0.3407500088214874,0.0,434308000
2009-08-27,0.3203716278076172,0.3502500057220459,0.0,0.351749986410141,0.34325000643730164,0.34700000286102295,0.0,551072000
2009-08-28,0.3368361294269562,0.3682500123977661,0.0,0.37575000524520874,0.359250009059906,0.35975000262260437,0.0,883992000
2009-08-31,0.33203402161598206,0.3630000054836273,0.0,0.3657500147819519,0.3582499921321869,0.36399999260902405,0.0,431796000
2009-09-01,0.32082900404930115,0.35074999928474426,0.0,0.37299999594688416,0.3487499952316284,0.36274999380111694,0.0,736856000
2009-09-02,0.3254024088382721,0.3557499945163727,0.0,0.359250009059906,0.3492499887943268,0.3512499928474426,0.0,404656000
2009-09-03,0.3331773579120636,0.3642500042915344,0.0,0.3647499978542328,0.35475000739097595,0.3557499945163727,0.0,534020000
2009-09-04,0.3455256223678589,0.3777500092983246,0.0,0.3802500069141388,0.36274999380111694,0.36274999380111694,0.0,513048000
2009-09-08,0.3551298677921295,0.3882499933242798,0.0,0.3882499933242798,0.3774999976158142,0.3804999887943268,0.0,549712000
2009-09-09,0.36496296525001526,0.39899998903274536,0.0,0.3997499942779541,0.38199999928474426,0.38749998807907104,0.0,571684000
2009-09-10,0.3766252100467682,0.4117499887943268,0.0,0.41225001215934753,0.3957499861717224,0.40024998784065247,0.0,607952000
2009-09-11,0.3731951415538788,0.40799999237060547,0.0,0.41225001215934753,0.4050000011920929,0.41075000166893005,0.0,712732000
2009-09-14,0.36702096462249756,0.4012500047683716,0.0,0.40525001287460327,0.39774999022483826,0.4020000100135803,0.0,490516000
2009-09-15,0.37456727027893066,0.40950000286102295,0.0,0.41449999809265137,0.4012500047683716,0.4050000011920929,0.0,546136000
2009-09-16,0.3645055294036865,0.398499995470047,0.0,0.4092499911785126,0.39250001311302185,0.40849998593330383,0.0,707064000
2009-09-17,0.3484984040260315,0.38100001215934753,0.0,0.39750000834465027,0.37424999475479126,0.39750000834465027,0.0,923096000
2009-09-18,0.34804102778434753,0.3804999887943268,0.0,0.38749998807907104,0.3774999976158142,0.38475000858306885,0.0,604740000
2009-09-21,0.34644049406051636,0.3787499964237213,0.0,0.3852500021457672,0.37275001406669617,0.37599998712539673,0.0,588776000
2009-09-22,0.34712639451026917,0.37950000166893005,0.0,0.38374999165534973,0.3765000104904175,0.3815000057220459,0.0,361388000
2009-09-23,0.3416381776332855,0.3734999895095825,0.0,0.38499999046325684,0.37299999594688416,0.3817499876022339,0.0,478936000
2009-09-24,0.3370646834373474,0.3684999942779541,0.0,0.37975001335144043,0.367249995470047,0.37975001335144043,0.0,552876000
2009-09-25,0.3315766751766205,0.36250001192092896,0.0,0.3682500123977661,0.35975000262260437,0.36649999022483826,0.0,377556000
2009-09-28,0.33912283182144165,0.3707500100135803,0.0,0.3799999952316284,0.36375001072883606,0.36375001072883606,0.0,467708000
2009-09-29,0.33294862508773804,0.36399999260902405,0.0,0.3774999976158142,0.3632499873638153,0.37299999594688416,0.0,470928000
2009-09-30,0.34369635581970215,0.37575000524520874,0.0,0.3802500069141388,0.3632499873638153,0.3714999854564667,0.0,875956000
2009-10-01,0.31922826170921326,0.3490000069141388,0.0,0.37450000643730164,0.3487499952316284,0.37450000643730164,0.0,999960000
2009-10-02,0.31671279668807983,0.3462499976158142,0.0,0.35374999046325684,0.3434999883174896,0.34549999237060547,0.0,612476000
2009-10-05,0.3151121139526367,0.34450000524520874,0.0,0.3512499928474426,0.3384999930858612,0.3499999940395355,0.0,754276000
2009-10-06,0.3203716278076172,0.3502500057220459,0.0,0.35624998807907104,0.3462499976158142,0.3487499952316284,0.0,761272000
2009-10-07,0.31785622239112854,0.3474999964237213,0.0,0.351500004529953,0.34375,0.3477500081062317,0.0,459608000
2009-10-08,0.31991422176361084,0.34975001215934753,0.0,0.3504999876022339,0.3372499942779541,0.34950000047683716,0.0,1241524000
2009-10-09,0.3240303099155426,0.3542500138282776,0.0,0.35475000739097595,0.3472500145435333,0.3477500081062317,0.0,618540000
2009-10-12,0.3203716278076172,0.3502500057220459,0.0,0.3569999933242798,0.3479999899864197,0.34825000166893005,0.0,499008000
2009-10-13,0.31922826170921326,0.3490000069141388,0.0,0.35624998807907104,0.34575000405311584,0.35225000977516174,0.0,602124000
2009-10-14,0.3187709450721741,0.34850001335144043,0.0,0.36250001192092896,0.3467499911785126,0.36250001192092896,0.0,1101948000
2009-10-15,0.30939528346061707,0.3382500112056732,0.0,0.3512499928474426,0.335999995470047,0.3479999899864197,0.0,1092196000
2009-10-16,0.3023064136505127,0.3305000066757202,0.0,0.33500000834465027,0.3244999945163727,0.33399999141693115,0.0,1018832000
2009-10-19,0.31328269839286804,0.3425000011920929,0.0,0.3452500104904175,0.3305000066757202,0.3332499861717224,0.0,695588000
2009-10-20,0.31351134181022644,0.34275001287460327,0.0,0.35074999928474426,0.3400000035762787,0.34825000166893005,0.0,660180000
2009-10-21,0.3059650659561157,0.3345000147819519,0.0,0.3467499911785126,0.33274999260902405,0.34150001406669617,0.0,503956000
2009-10-22,0.3080233633518219,0.33675000071525574,0.0,0.3384999930858612,0.3269999921321869,0.33274999260902405,0.0,379328000
2009-10-23,0.3007057309150696,0.32875001430511475,0.0,0.3412500023841858,0.3267500102519989,0.3412500023841858,0.0,429528000
2009-10-26,0.29681825637817383,0.3244999945163727,0.0,0.3362500071525574,0.3227500021457672,0.33125001192092896,0.0,481652000
2009-10-27,0.28675657510757446,0.31349998712539673,0.0,0.32774999737739563,0.31025001406669617,0.3230000138282776,0.0,591836000
2009-10-28,0.27486559748649597,0.3005000054836273,0.0,0.31349998712539673,0.29899999499320984,0.30649998784065247,0.0,773632000
2009-10-29,0.28698524832725525,0.3137499988079071,0.0,0.3152500092983246,0.30250000953674316,0.30524998903274536,0.0,637100000
2009-10-30,0.2734934389591217,0.29899999499320984,0.0,0.31349998712539673,0.29750001430511475,0.3122499883174896,0.0,604144000
2009-11-02,0.2760089337825775,0.3017500042915344,0.0,0.3082500100135803,0.2932499945163727,0.2985000014305115,0.0,593136000
2009-11-03,0.2746368944644928,0.30024999380111694,0.0,0.3017500042915344,0.289000004529953,0.2919999957084656,0.0,876472000
2009-11-04,0.27395087480545044,0.2994999885559082,0.0,0.3057500123977661,0.2982499897480011,0.30250000953674316,0.0,916840000
2009-11-05,0.2805824279785156,0.30674999952316284,0.0,0.3097499907016754,0.3019999861717224,0.30300000309944153,0.0,955156000
2009-11-06,0.30093440413475037,0.32899999618530273,0.0,0.335750013589859,0.32199999690055847,0.32600000500679016,0.0,1641112000
2009-11-09,0.3077944219112396,0.33649998903274536,0.0,0.3412500023841858,0.3332499861717224,0.3334999978542328,0.0,818124000
2009-11-10,0.3002483546733856,0.328249990940094,0.0,0.33774998784065247,0.3240000009536743,0.33774998784065247,0.0,781472000
2009-11-11,0.3087092339992523,0.3375000059604645,0.0,0.34549999237060547,0.3332499861717224,0.33375000953674316,0.0,871512000
2009-11-12,0.3077944219112396,0.33649998903274536,0.0,0.3462499976158142,0.33550000190734863,0.34049999713897705,0.0,505864000
2009-11-13,0.31008127331733704,0.33899998664855957,0.0,0.3407500088214874,0.3347499966621399,0.3362500071525574,0.0,388524000
2009-11-16,0.31442612409591675,0.34375,0.0,0.3477500081062317,0.3402499854564667,0.34200000762939453,0.0,402820000
2009-11-17,0.3139687180519104,0.34325000643730164,0.0,0.3440000116825104,0.33675000071525574,0.3440000116825104,0.0,350124000
2009-11-18,0.3091665506362915,0.33799999952316284,0.0,0.3412500023841858,0.3322499990463257,0.3400000035762787,0.0,455516000
2009-11-19,0.29681825637817383,0.3244999945163727,0.0,0.3307499885559082,0.31850001215934753,0.3307499885559082,0.0,833840000
2009-11-20,0.29498884081840515,0.32249999046325684,0.0,0.3240000009536743,0.3162499964237213,0.31700000166893005,0.0,426748000
2009-11-23,0.29727545380592346,0.32499998807907104,0.0,0.3332499861717224,0.32350000739097595,0.32725000381469727,0.0,390924000
2009-11-24,0.29544615745544434,0.3230000138282776,0.0,0.3257499933242798,0.3177500069141388,0.32350000739097595,0.0,418504000
2009-11-25,0.2988762855529785,0.3267500102519989,0.0,0.33125001192092896,0.3244999945163727,0.3267500102519989,0.0,441760000
2009-11-27,0.29247331619262695,0.31975001096725464,0.0,0.32350000739097595,0.31325000524520874,0.3149999976158142,0.0,279932000
2009-11-30,0.29864752292633057,0.3264999985694885,0.0,0.3267500102519989,0.3174999952316284,0.32100000977516174,0.0,509836000
2009-12-01,0.30459317564964294,0.3330000042915344,0.0,0.33675000071525574,0.3264999985694885,0.328249990940094,0.0,461936000
2009-12-02,0.3137401044368744,0.34299999475479126,0.0,0.34375,0.3317500054836273,0.33375000953674316,0.0,602292000
2009-12-03,0.31625548005104065,0.34575000405311584,0.0,0.35324999690055847,0.3452500104904175,0.34700000286102295,0.0,660036000
2009-12-04,0.32608842849731445,0.3564999997615814,0.0,0.3580000102519989,0.3467499911785126,0.35225000977516174,0.0,824564000
2009-12-07,0.3679355978965759,0.4022499918937683,0.0,0.4112499952316284,0.3774999976158142,0.39625000953674316,0.0,2732184000
2009-12-08,0.3500991463661194,0.382750004529953,0.0,0.39750000834465027,0.3804999887943268,0.3957499861717224,0.0,1075512000
2009-12-09,0.35878872871398926,0.3922500014305115,0.0,0.39524999260902405,0.382999986410141,0.3867500126361847,0.0,671588000
2009-12-10,0.35238590836524963,0.3852500021457672,0.0,0.39750000834465027,0.3840000033378601,0.39500001072883606,0.0,417012000
2009-12-11,0.3478124141693115,0.3802500069141388,0.0,0.3889999985694885,0.3792499899864197,0.38850000500679016,0.0,416744000
2009-12-14,0.3583313524723053,0.3917500078678131,0.0,0.3930000066757202,0.3815000057220459,0.3857499957084656,0.0,405488000
2009-12-15,0.3578740060329437,0.39125001430511475,0.0,0.39774999022483826,0.3880000114440918,0.3889999985694885,0.0,446152000
2009-12-16,0.38668695092201233,0.42274999618530273,0.0,0.4272499978542328,0.40299999713897705,0.40525001287460327,0.0,1683400000
2009-12-17,0.38485753536224365,0.4207499921321869,0.0,0.43700000643730164,0.41449999809265137,0.42399999499320984,0.0,1016132000
2009-12-18,0.38462886214256287,0.4205000102519989,0.0,0.4257499873638153,0.4154999852180481,0.4242500066757202,0.0,812828000
2009-12-21,0.39834925532341003,0.43549999594688416,0.0,0.4372499883174896,0.42250001430511475,0.4230000078678131,0.0,427792000
2009-12-22,0.4088682234287262,0.44699999690055847,0.0,0.4514999985694885,0.4350000023841858,0.43549999594688416,0.0,793044000
2009-12-23,0.41458505392074585,0.453249990940094,0.0,0.4544999897480011,0.445499986410141,0.45124998688697815,0.0,442196000
2009-12-24,0.41367045044898987,0.45225000381469727,0.0,0.45524999499320984,0.4505000114440918,0.4544999897480011,0.0,136812000
2009-12-28,0.40703892707824707,0.4449999928474426,0.0,0.4555000066757202,0.4404999911785126,0.4514999985694885,0.0,465760000
2009-12-29,0.4120696187019348,0.4505000114440918,0.0,0.4517500102519989,0.4424999952316284,0.44350001215934753,0.0,475848000
2009-12-30,0.4269334375858307,0.46674999594688416,0.0,0.46950000524520874,0.4514999985694885,0.4547500014305115,0.0,704008000
2009-12-31,0.42716220021247864,0.46700000762939453,0.0,0.4737499952316284,0.46650001406669617,0.46775001287460327,0.0,700340000
2010-01-04,0.4228173494338989,0.4622499942779541,0.0,0.46549999713897705,0.45274999737739563,0.46274998784065247,0.0,800204000
2010-01-05,0.4289915859699249,0.4690000116825104,0.0,0.4740000069141388,0.46050000190734863,0.46050000190734863,0.0,728648000
2010-01-06,0.4317355751991272,0.47200000286102295,0.0,0.4729999899864197,0.46424999833106995,0.46875,0.0,649168000
2010-01-07,0.4232746362686157,0.46274998784065247,0.0,0.4715000092983246,0.45925000309944153,0.46950000524520874,0.0,547792000
2010-01-08,0.42418938875198364,0.4637500047683716,0.0,0.46700000762939453,0.45625001192092896,0.45899999141693115,0.0,478168000
2010-01-11,0.4182438552379608,0.4572499990463257,0.0,0.46825000643730164,0.4507499933242798,0.4662500023841858,0.0,556612000
2010-01-12,0.4040660262107849,0.4417499899864197,0.0,0.45225000381469727,0.4322499930858612,0.4505000114440918,0.0,627432000
2010-01-13,0.4095543324947357,0.4477500021457672,0.0,0.4492500126361847,0.42750000953674316,0.44475001096725464,0.0,508868000
2010-01-14,0.40315139293670654,0.44075000286102295,0.0,0.445499986410141,0.4332500100135803,0.44225001335144043,0.0,608524000
2010-01-15,0.39126044511795044,0.42774999141693115,0.0,0.4412499964237213,0.421999990940094,0.4375,0.0,818192000
2010-01-19,0.3985779583454132,0.43575000762939453,0.0,0.43849998712539673,0.4232499897480011,0.4244999885559082,0.0,545328000
2010-01-20,0.3969772756099701,0.4339999854564667,0.0,0.43575000762939453,0.4244999885559082,0.43024998903274536,0.0,719728000
2010-01-21,0.38988837599754333,0.42625001072883606,0.0,0.4415000081062317,0.42225000262260437,0.4337500035762787,0.0,608632000
2010-01-22,0.3763965666294098,0.4115000069141388,0.0,0.42899999022483826,0.4090000092983246,0.42124998569488525,0.0,1067916000
2010-01-25,0.3827994763851166,0.41850000619888306,0.0,0.42649999260902405,0.4152500033378601,0.4182499945163727,0.0,643676000
2010-01-26,0.37067970633506775,0.40525001287460327,0.0,0.4192500114440918,0.4050000011920929,0.4165000021457672,0.0,714636000
2010-01-27,0.3807413876056671,0.41624999046325684,0.0,0.4177500009536743,0.40049999952316284,0.4050000011920929,0.0,812504000
2010-01-28,0.3679355978965759,0.4022499918937683,0.0,0.42100000381469727,0.39649999141693115,0.4194999933242798,0.0,687764000
2010-01-29,0.3519284427165985,0.38475000858306885,0.0,0.4112499952316284,0.3787499964237213,0.40674999356269836,0.0,774700000
2010-02-01,0.3789120316505432,0.414249986410141,0.0,0.41499999165534973,0.382999986410141,0.38624998927116394,0.0,949832000
2010-02-02,0.3827994763851166,0.41850000619888306,0.0,0.42375001311302185,0.4115000069141388,0.4127500057220459,0.0,849812000
2010-02-03,0.3860008120536804,0.421999990940094,0.0,0.42375001311302185,0.4127500057220459,0.41475000977516174,0.0,562296000
2010-02-04,0.36359092593193054,0.39750000834465027,0.0,0.4182499945163727,0.3930000066757202,0.4182499945163727,0.0,783480000
2010-02-05,0.3709084391593933,0.40549999475479126,0.0,0.4065000116825104,0.38999998569488525,0.3970000147819519,0.0,604856000
2010-02-08,0.3702225387096405,0.4047499895095825,0.0,0.41449999809265137,0.39675000309944153,0.40424999594688416,0.0,445160000
2010-02-09,0.3672497570514679,0.40149998664855957,0.0,0.41324999928474426,0.39750000834465027,0.4112499952316284,0.0,930144000
2010-02-10,0.3743385672569275,0.4092499911785126,0.0,0.4129999876022339,0.4012500047683716,0.40400001406669617,0.0,535828000
2010-02-11,0.39148902893066406,0.42800000309944153,0.0,0.4325000047683716,0.4127500057220459,0.41574999690055847,0.0,695980000
2010-02-12,0.39674851298332214,0.4337500035762787,0.0,0.4424999952316284,0.4202499985694885,0.42500001192092896,0.0,780212000
2010-02-16,0.4040660262107849,0.4417499899864197,0.0,0.44350001215934753,0.43424999713897705,0.43950000405311584,0.0,457024000
2010-02-17,0.4079535901546478,0.44600000977516174,0.0,0.44749999046325684,0.4332500100135803,0.44725000858306885,0.0,876560000
2010-02-18,0.3811987638473511,0.4167500138282776,0.0,0.42375001311302185,0.40525001287460327,0.42149999737739563,0.0,1515508000
2010-02-19,0.3791406452655792,0.41449999809265137,0.0,0.4194999933242798,0.4124999940395355,0.41499999165534973,0.0,510548000
2010-02-22,0.37982669472694397,0.4152500033378601,0.0,0.42250001430511475,0.4124999940395355,0.41624999046325684,0.0,458084000
2010-02-23,0.37067970633506775,0.40525001287460327,0.0,0.4182499945163727,0.4009999930858612,0.4165000021457672,0.0,489764000
2010-02-24,0.3784547448158264,0.4137499928474426,0.0,0.4177500009536743,0.4074999988079071,0.4087499976158142,0.0,445868000
2010-02-25,0.37502455711364746,0.4099999964237213,0.0,0.41100001335144043,0.39399999380111694,0.40424999594688416,0.0,576972000
2010-02-26,0.37045109272003174,0.4050000011920929,0.0,0.41100001335144043,0.4025000035762787,0.40799999237060547,0.0,393396000
2010-03-01,0.38531482219696045,0.42124998569488525,0.0,0.4232499897480011,0.4020000100135803,0.40525001287460327,0.0,555868000
2010-03-02,0.38508617877960205,0.42100000381469727,0.0,0.43024998903274536,0.4180000126361847,0.42500001192092896,0.0,538648000
2010-03-03,0.38028401136398315,0.41574999690055847,0.0,0.4257499873638153,0.41225001215934753,0.4235000014305115,0.0,399300000
2010-03-04,0.3809700310230255,0.4165000021457672,0.0,0.4207499921321869,0.4112499952316284,0.41749998927116394,0.0,557396000
2010-03-05,0.39263248443603516,0.42925000190734863,0.0,0.4322499930858612,0.41350001096725464,0.41350001096725464,0.0,632832000
2010-03-08,0.38691553473472595,0.4230000078678131,0.0,0.4307500123977661,0.42124998569488525,0.429500013589859,0.0,439312000
2010-03-09,0.40132197737693787,0.4387499988079071,0.0,0.4429999887943268,0.4269999861717224,0.4272499978542328,0.0,830832000
2010-03-10,0.4022367596626282,0.43974998593330383,0.0,0.44449999928474426,0.4372499883174896,0.4375,0.0,418520000
2010-03-11,0.39308974146842957,0.429749995470047,0.0,0.4377500116825104,0.42800000309944153,0.4362500011920929,0.0,540660000
2010-03-12,0.3944617807865143,0.4312500059604645,0.0,0.43575000762939453,0.42899999022483826,0.4345000088214874,0.0,520352000
2010-03-15,0.3924036920070648,0.42899999022483826,0.0,0.4350000023841858,0.42500001192092896,0.4307500123977661,0.0,358904000
2010-03-16,0.40612420439720154,0.4440000057220459,0.0,0.4465000033378601,0.4284999966621399,0.42875000834465027,0.0,664988000
2010-03-17,0.4138990342617035,0.45249998569488525,0.0,0.4584999978542328,0.4465000033378601,0.4465000033378601,0.0,651168000
2010-03-18,0.39926403760910034,0.43650001287460327,0.0,0.453249990940094,0.4325000047683716,0.453249990940094,0.0,740964000
2010-03-19,0.3944617807865143,0.4312500059604645,0.0,0.4442499876022339,0.4257499873638153,0.4429999887943268,0.0,584612000
2010-03-22,0.40086469054222107,0.43825000524520874,0.0,0.4399999976158142,0.4257499873638153,0.4257499873638153,0.0,435336000
2010-03-23,0.4090968072414398,0.44725000858306885,0.0,0.4494999945163727,0.43849998712539673,0.4415000081062317,0.0,493612000
2010-03-24,0.3953765034675598,0.4322499930858612,0.0,0.44475001096725464,0.43149998784065247,0.44350001215934753,0.0,436252000
2010-03-25,0.3965200185775757,0.4334999918937683,0.0,0.4412499964237213,0.4325000047683716,0.43849998712539673,0.0,495184000
2010-03-26,0.3965200185775757,0.4334999918937683,0.0,0.4417499899864197,0.4300000071525574,0.4372499883174896,0.0,344676000
2010-03-29,0.40155065059661865,0.4390000104904175,0.0,0.4399999976158142,0.43024998903274536,0.4362500011920929,0.0,394456000
2010-03-30,0.40315139293670654,0.44075000286102295,0.0,0.44624999165534973,0.4332500100135803,0.4440000057220459,0.0,324104000
2010-03-31,0.39789190888404846,0.4350000023841858,0.0,0.4410000145435333,0.43274998664855957,0.4390000104904175,0.0,389840000
2010-04-01,0.3937757909297943,0.43050000071525574,0.0,0.44200000166893005,0.4259999990463257,0.43700000643730164,0.0,339664000
2010-04-05,0.39972123503685,0.43700000643730164,0.0,0.4377500116825104,0.43274998664855957,0.4332500100135803,0.0,413636000
2010-04-06,0.38988837599754333,0.42625001072883606,0.0,0.4325000047683716,0.41874998807907104,0.43149998784065247,0.0,809260000
2010-04-07,0.3924036920070648,0.42899999022483826,0.0,0.4362500011920929,0.41999998688697815,0.4235000014305115,0.0,817468000
2010-04-08,0.3860008120536804,0.421999990940094,0.0,0.429500013589859,0.41975000500679016,0.42625001072883606,0.0,1037600000
2010-04-09,0.38851621747016907,0.4247500002384186,0.0,0.42625001072883606,0.41874998807907104,0.42100000381469727,0.0,817572000
2010-04-12,0.3956051468849182,0.4325000047683716,0.0,0.43424999713897705,0.4244999885559082,0.42524999380111694,0.0,546460000
2010-04-13,0.4038374423980713,0.4415000081062317,0.0,0.4429999887943268,0.4325000047683716,0.43424999713897705,0.0,648696000
2010-04-14,0.4088682234287262,0.44699999690055847,0.0,0.453249990940094,0.4399999976158142,0.45100000500679016,0.0,900720000
2010-04-15,0.4118410050868988,0.4502499997615814,0.0,0.453000009059906,0.4440000057220459,0.44850000739097595,0.0,957596000
2010-04-16,0.3901169002056122,0.42649999260902405,0.0,0.4337500035762787,0.4169999957084656,0.4320000112056732,0.0,1917736000
2010-04-19,0.3882875442504883,0.4244999885559082,0.0,0.4257499873638153,0.4102500081062317,0.4232499897480011,0.0,1094492000
2010-04-20,0.38965967297554016,0.4259999990463257,0.0,0.4320000112056732,0.4205000102519989,0.42750000953674316,0.0,678188000
2010-04-21,0.3795979917049408,0.41499999165534973,0.0,0.42875000834465027,0.4099999964237213,0.4282500147819519,0.0,895908000
2010-04-22,0.3811987638473511,0.4167500138282776,0.0,0.4180000126361847,0.4025000035762787,0.40825000405311584,0.0,656932000
2010-04-23,0.37593939900398254,0.41100001335144043,0.0,0.4165000021457672,0.4037500023841858,0.4154999852180481,0.0,752916000
2010-04-26,0.3795979917049408,0.41499999165534973,0.0,0.41999998688697815,0.41075000166893005,0.4115000069141388,0.0,491092000
2010-04-27,0.36885038018226624,0.4032500088214874,0.0,0.41624999046325684,0.4020000100135803,0.41200000047683716,0.0,606704000
2010-04-28,0.369536429643631,0.40400001406669617,0.0,0.4097500145435333,0.3957499861717224,0.40299999713897705,0.0,672164000
2010-04-29,0.3807413876056671,0.41624999046325684,0.0,0.4167500138282776,0.39925000071525574,0.40525001287460327,0.0,987128000
2010-04-30,0.3592461049556732,0.39274999499320984,0.0,0.41200000047683716,0.39250001311302185,0.4112499952316284,0.0,1068048000
2010-05-03,0.35535863041877747,0.38850000500679016,0.0,0.3970000147819519,0.3824999928474426,0.3947499990463257,0.0,1078972000
2010-05-04,0.3372933268547058,0.3687500059604645,0.0,0.38324999809265137,0.3632499873638153,0.3824999928474426,0.0,1311376000
2010-05-05,0.3315766751766205,0.36250001192092896,0.0,0.37174999713897705,0.3580000102519989,0.36125001311302185,0.0,1330840000
2010-05-06,0.3247164189815521,0.35499998927116394,0.0,0.3675000071525574,0.32600000500679016,0.36000001430511475,0.0,1002888000
2010-05-07,0.31922826170921326,0.3490000069141388,0.0,0.3582499921321869,0.33649998903274536,0.3582499921321869,0.0,1153712000
2010-05-10,0.33294862508773804,0.36399999260902405,0.0,0.37450000643730164,0.36000001430511475,0.3700000047683716,0.0,979156000
2010-05-11,0.329289972782135,0.36000001430511475,0.0,0.367249995470047,0.35725000500679016,0.3605000078678131,0.0,829124000
2010-05-12,0.33569273352622986,0.367000013589859,0.0,0.36899998784065247,0.36024999618530273,0.36250001192092896,0.0,901236000
2010-05-13,0.3350066840648651,0.36625000834465027,0.0,0.38225001096725464,0.36274999380111694,0.36550000309944153,0.0,1252000000
2010-05-14,0.29636090993881226,0.3240000009536743,0.0,0.3425000011920929,0.3149999976158142,0.34150001406669617,0.0,2493068000
2010-05-17,0.2970468997955322,0.32475000619888306,0.0,0.32875001430511475,0.31450000405311584,0.3244999945163727,0.0,856060000
2010-05-18,0.28721392154693604,0.3140000104904175,0.0,0.3294999897480011,0.3122499883174896,0.32749998569488525,0.0,674112000
2010-05-19,0.29178738594055176,0.3190000057220459,0.0,0.31949999928474426,0.31025001406669617,0.3125,0.0,826520000
2010-05-20,0.2849271893501282,0.31150001287460327,0.0,0.3190000057220459,0.30024999380111694,0.3097499907016754,0.0,1129136000
2010-05-21,0.29110124707221985,0.31825000047683716,0.0,0.3269999921321869,0.30250000953674316,0.30250000953674316,0.0,1069600000
2010-05-24,0.2826404571533203,0.3089999854564667,0.0,0.32100000977516174,0.30799999833106995,0.31725001335144043,0.0,664564000
2010-05-25,0.2901867628097534,0.31725001335144043,0.0,0.3187499940395355,0.29624998569488525,0.2992500066757202,0.0,966652000
2010-05-26,0.29155880212783813,0.3187499940395355,0.0,0.3362500071525574,0.3177500069141388,0.33000001311302185,0.0,995028000
2010-05-27,0.3087092339992523,0.3375000059604645,0.0,0.3375000059604645,0.32600000500679016,0.3267500102519989,0.0,713560000
2010-05-28,0.30047687888145447,0.32850000262260437,0.0,0.3370000123977661,0.32350000739097595,0.3370000123977661,0.0,545116000
2010-06-01,0.28767117857933044,0.31450000405311584,0.0,0.32774999737739563,0.31424999237060547,0.3240000009536743,0.0,527492000
2010-06-02,0.2908725440502167,0.3179999887943268,0.0,0.31850001215934753,0.31299999356269836,0.3149999976158142,0.0,649088000
2010-06-03,0.29041531682014465,0.3174999952316284,0.0,0.31825000047683716,0.31049999594688416,0.31150001287460327,0.0,586360000
2010-06-04,0.2766949534416199,0.30250000953674316,0.0,0.3137499988079071,0.3007499873638153,0.3082500100135803,0.0,671456000
2010-06-07,0.26297450065612793,0.2874999940395355,0.0,0.3057500123977661,0.2862499952316284,0.30375000834465027,0.0,577248000
2010-06-08,0.2556569278240204,0.27950000762939453,0.0,0.2862499952316284,0.2722499966621399,0.2862499952316284,0.0,967636000
2010-06-09,0.24948275089263916,0.27274999022483826,0.0,0.28850001096725464,0.27175000309944153,0.2809999883174896,0.0,697152000
2010-06-10,0.259544312953949,0.2837499976158142,0.0,0.2849999964237213,0.2775000035762787,0.2782500088214874,0.0,611768000
2010-06-11,0.2654899060726166,0.2902500033378601,0.0,0.2915000021457672,0.2800000011920929,0.28075000643730164,0.0,442104000
2010-06-14,0.25977304577827454,0.2840000092983246,0.0,0.29499998688697815,0.28325000405311584,0.2944999933242798,0.0,375080000
2010-06-15,0.27257880568504333,0.2980000078678131,0.0,0.2994999885559082,0.2867499887943268,0.28725001215934753,0.0,528632000
2010-06-16,0.26914870738983154,0.2942500114440918,0.0,0.29875001311302185,0.2902500033378601,0.29600000381469727,0.0,366480000
2010-06-17,0.2794390022754669,0.30550000071525574,0.0,0.3062500059604645,0.2939999997615814,0.304500013589859,0.0,859068000
2010-06-18,0.281268447637558,0.3075000047683716,0.0,0.3112500011920929,0.3050000071525574,0.3072499930858612,0.0,932832000
2010-06-21,0.2746368944644928,0.30024999380111694,0.0,0.31474998593330383,0.29750001430511475,0.3140000104904175,0.0,579836000
2010-06-22,0.2643466293811798,0.289000004529953,0.0,0.30774998664855957,0.2874999940395355,0.30399999022483826,0.0,818164000
2010-06-23,0.26731938123703003,0.29225000739097595,0.0,0.2952499985694885,0.28349998593330383,0.2917500138282776,0.0,614060000
2010-06-24,0.2540562152862549,0.2777499854564667,0.0,0.2919999957084656,0.27674999833106995,0.2904999852180481,0.0,725028000
2010-06-25,0.2533702552318573,0.2770000100135803,0.0,0.2800000011920929,0.27250000834465027,0.2797499895095825,0.0,507220000
2010-06-28,0.2538275420665741,0.2775000035762787,0.0,0.2815000116825104,0.27250000834465027,0.27900001406669617,0.0,372008000
2010-06-29,0.23964983224868774,0.2619999945163727,0.0,0.27175000309944153,0.2602500021457672,0.27149999141693115,0.0,660808000
2010-06-30,0.23347559571266174,0.2552500069141388,0.0,0.26524999737739563,0.2552500069141388,0.26249998807907104,0.0,623072000
2010-07-01,0.2373630553483963,0.25949999690055847,0.0,0.26124998927116394,0.24824999272823334,0.25600001215934753,0.0,737008000
2010-07-02,0.23439034819602966,0.2562499940395355,0.0,0.26100000739097595,0.2475000023841858,0.2605000138282776,0.0,737096000
2010-07-06,0.2318749874830246,0.2535000145435333,0.0,0.26350000500679016,0.2512499988079071,0.2552500069141388,0.0,712020000
2010-07-07,0.24307988584041595,0.265749990940094,0.0,0.2672500014305115,0.2540000081062317,0.25450000166893005,0.0,608412000
2010-07-08,0.235762357711792,0.257750004529953,0.0,0.26774999499320984,0.25450000166893005,0.26750001311302185,0.0,783272000
2010-07-09,0.2366771250963211,0.25874999165534973,0.0,0.2605000138282776,0.2554999887943268,0.2590000033378601,0.0,571516000
2010-07-12,0.24102185666561127,0.26350000500679016,0.0,0.2667500078678131,0.25850000977516174,0.25874999165534973,0.0,565396000
2010-07-13,0.2497115433216095,0.27300000190734863,0.0,0.2747499942779541,0.26625001430511475,0.26774999499320984,0.0,723316000
2010-07-14,0.25222688913345337,0.2757500112056732,0.0,0.28700000047683716,0.27175000309944153,0.2849999964237213,0.0,1355664000
2010-07-15,0.24513797461986542,0.2680000066757202,0.0,0.2762500047683716,0.26475000381469727,0.2759999930858612,0.0,953088000
2010-07-16,0.22981691360473633,0.2512499988079071,0.0,0.26875001192092896,0.2502500116825104,0.2680000066757202,0.0,1288604000
2010-07-19,0.239192396402359,0.2615000009536743,0.0,0.26249998807907104,0.2529999911785126,0.25475001335144043,0.0,798440000
2010-07-20,0.24513797461986542,0.2680000066757202,0.0,0.2694999873638153,0.2524999976158142,0.25475001335144043,0.0,1160988000
2010-07-21,0.2371344119310379,0.2592499852180481,0.0,0.2707499861717224,0.2567499876022339,0.2705000042915344,0.0,624940000
2010-07-22,0.24102185666561127,0.26350000500679016,0.0,0.26625001430511475,0.2605000138282776,0.2619999945163727,0.0,462612000
2010-07-23,0.23690570890903473,0.2590000033378601,0.0,0.26350000500679016,0.2565000057220459,0.2632499933242798,0.0,817604000
2010-07-26,0.24125045537948608,0.26374998688697815,0.0,0.26475000381469727,0.2542499899864197,0.25824999809265137,0.0,683548000
2010-07-27,0.239192396402359,0.2615000009536743,0.0,0.26499998569488525,0.25824999809265137,0.2644999921321869,0.0,683472000
2010-07-28,0.2316463440656662,0.25325000286102295,0.0,0.2617500126361847,0.2524999976158142,0.25725001096725464,0.0,1320808000
2010-07-29,0.20877891778945923,0.22824999690055847,0.0,0.23999999463558197,0.22675000131130219,0.23499999940395355,0.0,2664476000
2010-07-30,0.21015095710754395,0.22975000739097595,0.0,0.23375000059604645,0.22300000488758087,0.226500004529953,0.0,984288000
2010-08-02,0.20992226898670197,0.22949999570846558,0.0,0.23475000262260437,0.22849999368190765,0.23375000059604645,0.0,917020000
2010-08-03,0.2044341117143631,0.22349999845027924,0.0,0.2280000001192093,0.22175000607967377,0.2277500033378601,0.0,955444000
2010-08-04,0.21312370896339417,0.2329999953508377,0.0,0.23375000059604645,0.22450000047683716,0.22550000250339508,0.0,855496000
2010-08-05,0.2158677875995636,0.23600000143051147,0.0,0.23649999499320984,0.22949999570846558,0.23375000059604645,0.0,800504000
2010-08-06,0.21838322281837463,0.23874999582767487,0.0,0.24124999344348907,0.2329999953508377,0.23499999940395355,0.0,739904000
2010-08-09,0.22044122219085693,0.2409999966621399,0.0,0.24150000512599945,0.23524999618530273,0.24124999344348907,0.0,466456000
2010-08-10,0.2112942934036255,0.23100000619888306,0.0,0.23749999701976776,0.23000000417232513,0.2370000034570694,0.0,772560000
2010-08-11,0.20306210219860077,0.22200000286102295,0.0,0.22624999284744263,0.2212499976158142,0.22624999284744263,0.0,796148000
2010-08-12,0.20489145815372467,0.2240000069141388,0.0,0.2290000021457672,0.2162500023841858,0.21799999475479126,0.0,1343584000
2010-08-13,0.21472448110580444,0.23475000262260437,0.0,0.23800000548362732,0.23074999451637268,0.23125000298023224,0.0,1797392000
2010-08-16,0.2092362493276596,0.22875000536441803,0.0,0.23624999821186066,0.22574999928474426,0.23149999976158142,0.0,814008000
2010-08-17,0.21198032796382904,0.2317499965429306,0.0,0.23600000143051147,0.22875000536441803,0.23100000619888306,0.0,481224000
2010-08-18,0.21312370896339417,0.2329999953508377,0.0,0.23499999940395355,0.22949999570846558,0.23100000619888306,0.0,352920000
2010-08-19,0.225929394364357,0.24699999392032623,0.0,0.24774999916553497,0.2342499941587448,0.23549999296665192,0.0,1615100000
2010-08-20,0.22798745334148407,0.24924999475479126,0.0,0.2552500069141388,0.24500000476837158,0.24525000154972076,0.0,1305308000
2010-08-23,0.22455735504627228,0.24549999833106995,0.0,0.2562499940395355,0.2447499930858612,0.25,0.0,748620000
2010-08-24,0.22227059304714203,0.24300000071525574,0.0,0.24549999833106995,0.2370000034570694,0.23749999701976776,0.0,641332000
2010-08-25,0.2268441617488861,0.24799999594688416,0.0,0.25,0.23899999260902405,0.24025000631809235,0.0,757532000
2010-08-26,0.22409997880458832,0.24500000476837158,0.0,0.2540000081062317,0.24500000476837158,0.2512499988079071,0.0,657596000
2010-08-27,0.23141756653785706,0.2529999911785126,0.0,0.2549999952316284,0.24025000631809235,0.24650000035762787,0.0,1060416000
2010-08-30,0.22044122219085693,0.2409999966621399,0.0,0.25200000405311584,0.2409999966621399,0.25,0.0,602804000
2010-08-31,0.21335232257843018,0.23325000703334808,0.0,0.24500000476837158,0.23250000178813934,0.23749999701976776,0.0,931488000
2010-09-01,0.21495309472084045,0.23499999940395355,0.0,0.2397499978542328,0.23375000059604645,0.23675000667572021,0.0,851440000
2010-09-02,0.218840554356575,0.23925000429153442,0.0,0.23999999463558197,0.23350000381469727,0.2357500046491623,0.0,596292000
2010-09-03,0.22638675570487976,0.2475000023841858,0.0,0.24824999272823334,0.24199999868869781,0.24500000476837158,0.0,566484000
2010-09-07,0.22844484448432922,0.24975000321865082,0.0,0.2554999887943268,0.2462500035762787,0.24674999713897705,0.0,899820000
2010-09-08,0.23599110543727875,0.257999986410141,0.0,0.25975000858306885,0.2475000023841858,0.2502500116825104,0.0,1224156000
2010-09-09,0.23278960585594177,0.25450000166893005,0.0,0.2615000009536743,0.2512499988079071,0.26124998927116394,0.0,697748000
2010-09-10,0.23027420043945312,0.25174999237060547,0.0,0.25699999928474426,0.24950000643730164,0.2562499940395355,0.0,609292000
2010-09-13,0.24330857396125793,0.26600000262260437,0.0,0.2692500054836273,0.2562499940395355,0.2562499940395355,0.0,1015792000
2010-09-14,0.24102185666561127,0.26350000500679016,0.0,0.2669999897480011,0.26124998927116394,0.26374998688697815,0.0,698536000
2010-09-15,0.24147924780845642,0.2639999985694885,0.0,0.2642500102519989,0.2574999928474426,0.26100000739097595,0.0,555572000
2010-09-16,0.2417079210281372,0.2642500102519989,0.0,0.26649999618530273,0.2605000138282776,0.2605000138282776,0.0,365280000
2010-09-17,0.24125045537948608,0.26374998688697815,0.0,0.2669999897480011,0.2630000114440918,0.2667500078678131,0.0,416884000
2010-09-20,0.24490933120250702,0.26774999499320984,0.0,0.26875001192092896,0.26124998927116394,0.26374998688697815,0.0,443168000
2010-09-21,0.2581723928451538,0.28224998712539673,0.0,0.2867499887943268,0.26625001430511475,0.26625001430511475,0.0,1779624000
2010-09-22,0.2604590952396393,0.2847500145435333,0.0,0.28725001215934753,0.27950000762939453,0.28125,0.0,999996000
2010-09-23,0.26571860909461975,0.2904999852180481,0.0,0.2994999885559082,0.2854999899864197,0.2879999876022339,0.0,1240872000
2010-09-24,0.2803536653518677,0.30649998784065247,0.0,0.3075000047683716,0.29475000500679016,0.296999990940094,0.0,1086976000
2010-09-27,0.2744082808494568,0.30000001192092896,0.0,0.3089999854564667,0.29600000381469727,0.3087500035762787,0.0,999504000
2010-09-28,0.2737221121788025,0.2992500066757202,0.0,0.3034999966621399,0.2939999997615814,0.30024999380111694,0.0,723192000
2010-09-29,0.2716640532016754,0.296999990940094,0.0,0.3057500123977661,0.29374998807907104,0.29649999737739563,0.0,974904000
2010-09-30,0.26709064841270447,0.2919999957084656,0.0,0.30425000190734863,0.28949999809265137,0.3007499873638153,0.0,787632000
2010-10-01,0.259544312953949,0.2837499976158142,0.0,0.296750009059906,0.2815000116825104,0.29624998569488525,0.0,999120000
2010-10-04,0.25702908635139465,0.2809999883174896,0.0,0.28575000166893005,0.27524998784065247,0.2809999883174896,0.0,749500000
2010-10-05,0.2588583528995514,0.28299999237060547,0.0,0.2874999940395355,0.28224998712539673,0.28700000047683716,0.0,753588000
2010-10-06,0.24650998413562775,0.2694999873638153,0.0,0.2842499911785126,0.2667500078678131,0.28299999237060547,0.0,1057604000
2010-10-07,0.24468059837818146,0.26750001311302185,0.0,0.2709999978542328,0.25949999690055847,0.2707499861717224,0.0,761488000
2010-10-08,0.24833938479423523,0.27149999141693115,0.0,0.2737500071525574,0.2627499997615814,0.26649999618530273,0.0,706932000
2010-10-11,0.24719610810279846,0.27024999260902405,0.0,0.2750000059604645,0.26899999380111694,0.27274999022483826,0.0,442680000
2010-10-12,0.2519981563091278,0.27549999952316284,0.0,0.27674999833106995,0.265749990940094,0.2680000066757202,0.0,605208000
2010-10-13,0.2593158185482025,0.28349998593330383,0.0,0.2874999940395355,0.2770000100135803,0.2800000011920929,0.0,968732000
2010-10-14,0.2551996409893036,0.27900001406669617,0.0,0.2842499911785126,0.2777499854564667,0.2837499976158142,0.0,599172000
2010-10-15,0.2581723928451538,0.28224998712539673,0.0,0.2867499887943268,0.27900001406669617,0.28349998593330383,0.0,639940000
2010-10-18,0.25977304577827454,0.2840000092983246,0.0,0.2852500081062317,0.2775000035762787,0.2824999988079071,0.0,448156000
2010-10-19,0.2581723928451538,0.28224998712539673,0.0,0.2842499911785126,0.27549999952316284,0.2777499854564667,0.0,866136000
2010-10-20,0.2581723928451538,0.28224998712539673,0.0,0.28999999165534973,0.2775000035762787,0.2824999988079071,0.0,763532000
2010-10-21,0.25359898805618286,0.2772499918937683,0.0,0.28299999237060547,0.27300000190734863,0.2824999988079071,0.0,1014428000
2010-10-22,0.2698347568511963,0.29499998688697815,0.0,0.29725000262260437,0.2759999930858612,0.27900001406669617,0.0,1322676000
2010-10-25,0.27235013246536255,0.29774999618530273,0.0,0.30000001192092896,0.2944999933242798,0.29725000262260437,0.0,673136000
2010-10-26,0.27143535017967224,0.296750009059906,0.0,0.30125001072883606,0.2917500138282776,0.2942500114440918,0.0,675248000
2010-10-27,0.27532294392585754,0.3009999990463257,0.0,0.3019999861717224,0.2932499945163727,0.2939999997615814,0.0,496796000
2010-10-28,0.2755516469478607,0.30125001072883606,0.0,0.3059999942779541,0.2985000014305115,0.3050000071525574,0.0,704448000
2010-10-29,0.27486559748649597,0.3005000054836273,0.0,0.30375000834465027,0.29750001430511475,0.3007499873638153,0.0,554664000
2010-11-01,0.27532294392585754,0.3009999990463257,0.0,0.3072499930858612,0.2985000014305115,0.30250000953674316,0.0,473920000
2010-11-02,0.28103965520858765,0.3072499930858612,0.0,0.3122499883174896,0.3005000054836273,0.3022499978542328,0.0,581036000
2010-11-03,0.28309792280197144,0.3095000088214874,0.0,0.31150001287460327,0.30125001072883606,0.30924999713897705,0.0,671748000
2010-11-04,0.2835550904273987,0.3100000023841858,0.0,0.31575000286102295,0.3095000088214874,0.3125,0.0,700016000
2010-11-05,0.28835734724998474,0.3152500092983246,0.0,0.3179999887943268,0.31075000762939453,0.3122499883174896,0.0,735116000
2010-11-08,0.2895006835460663,0.3165000081062317,0.0,0.3192499876022339,0.3125,0.3149999976158142,0.0,605156000
2010-11-09,0.2878999710083008,0.31474998593330383,0.0,0.3190000057220459,0.31299999356269836,0.3165000081062317,0.0,633964000
2010-11-10,0.2913300395011902,0.31850001215934753,0.0,0.31850001215934753,0.3125,0.31700000166893005,0.0,521016000
2010-11-11,0.28835734724998474,0.3152500092983246,0.0,0.320499986410141,0.30674999952316284,0.3109999895095825,0.0,1089980000
2010-11-12,0.30322107672691345,0.33149999380111694,0.0,0.34200000762939453,0.3257499933242798,0.32725000381469727,0.0,2142560000
2010-11-15,0.2995622754096985,0.32749998569488525,0.0,0.33774998784065247,0.3267500102519989,0.3330000042915344,0.0,733548000
2010-11-16,0.2906441390514374,0.3177500069141388,0.0,0.3264999985694885,0.31725001335144043,0.32199999690055847,0.0,739356000
2010-11-17,0.29544615745544434,0.3230000138282776,0.0,0.3267500102519989,0.31450000405311584,0.3174999952316284,0.0,551764000
2010-11-18,0.30459317564964294,0.3330000042915344,0.0,0.3362500071525574,0.32725000381469727,0.32725000381469727,0.0,993120000
2010-11-19,0.31442612409591675,0.34375,0.0,0.3449999988079071,0.3317500054836273,0.3322499990463257,0.0,716484000
2010-11-22,0.31465473771095276,0.3440000116825104,0.0,0.34599998593330383,0.3384999930858612,0.34150001406669617,0.0,462668000
2010-11-23,0.30733722448349,0.335999995470047,0.0,0.3434999883174896,0.3334999978542328,0.3400000035762787,0.0,457832000
2010-11-24,0.31488335132598877,0.34424999356269836,0.0,0.34549999237060547,0.33924999833106995,0.3395000100135803,0.0,397784000
2010-11-26,0.3109959065914154,0.3400000035762787,0.0,0.34599998593330383,0.3400000035762787,0.3440000116825104,0.0,143104000
2010-11-29,0.31442612409591675,0.34375,0.0,0.3449999988079071,0.3370000123977661,0.3384999930858612,0.0,468192000
2010-11-30,0.3112247884273529,0.3402499854564667,0.0,0.34200000762939453,0.33399999141693115,0.3384999930858612,0.0,720936000
2010-12-01,0.3249450623989105,0.3552500009536743,0.0,0.35749998688697815,0.3465000092983246,0.34700000286102295,0.0,626536000
2010-12-02,0.3288324475288391,0.359499990940094,0.0,0.3617500066757202,0.35499998927116394,0.3552500009536743,0.0,529316000
2010-12-03,0.3382081687450409,0.3697499930858612,0.0,0.3697499930858612,0.3569999933242798,0.3577499985694885,0.0,606044000
2010-12-06,0.3318052589893341,0.36274999380111694,0.0,0.37174999713897705,0.36125001311302185,0.3709999918937683,0.0,438424000
2010-12-07,0.34255290031433105,0.37450000643730164,0.0,0.38324999809265137,0.37049999833106995,0.3712500035762787,0.0,1026812000
2010-12-08,0.3455256223678589,0.3777500092983246,0.0,0.3817499876022339,0.3712500035762787,0.37400001287460327,0.0,613252000
2010-12-09,0.3398088812828064,0.3714999854564667,0.0,0.37400001287460327,0.3634999990463257,0.3687500059604645,0.0,942408000
2010-12-10,0.3418669104576111,0.3737500011920929,0.0,0.37724998593330383,0.37049999833106995,0.3714999854564667,0.0,451900000
2010-12-13,0.3331773579120636,0.3642500042915344,0.0,0.37599998712539673,0.3632499873638153,0.3752500116825104,0.0,609108000
2010-12-14,0.333634614944458,0.3647499978542328,0.0,0.3779999911785126,0.3642500042915344,0.3712500035762787,0.0,755160000
2010-12-15,0.3263170123100281,0.3567500114440918,0.0,0.3700000047683716,0.35624998807907104,0.36550000309944153,0.0,624176000
2010-12-16,0.3267744183540344,0.35725000500679016,0.0,0.36250001192092896,0.35624998807907104,0.3605000078678131,0.0,631872000
2010-12-17,0.3286038935184479,0.359250009059906,0.0,0.36125001311302185,0.35324999690055847,0.35749998688697815,0.0,593156000
2010-12-20,0.327231764793396,0.3577499985694885,0.0,0.3622500002384186,0.35749998688697815,0.3605000078678131,0.0,344088000
2010-12-21,0.3400374948978424,0.37174999713897705,0.0,0.37174999713897705,0.3610000014305115,0.36125001311302185,0.0,466952000
2010-12-22,0.34369635581970215,0.37575000524520874,0.0,0.3762499988079071,0.3675000071525574,0.3709999918937683,0.0,477988000
2010-12-23,0.3411808907985687,0.37299999594688416,0.0,0.37575000524520874,0.3714999854564667,0.37575000524520874,0.0,273784000
2010-12-27,0.34301018714904785,0.375,0.0,0.3777500092983246,0.36524999141693115,0.3720000088214874,0.0,255500000
2010-12-28,0.3416381776332855,0.3734999895095825,0.0,0.3774999976158142,0.3712500035762787,0.375,0.0,194260000
2010-12-29,0.3416381776332855,0.3734999895095825,0.0,0.3762499988079071,0.3700000047683716,0.37325000762939453,0.0,177660000
2010-12-30,0.34278160333633423,0.3747499883174896,0.0,0.37700000405311584,0.37174999713897705,0.37299999594688416,0.0,174488000
2010-12-31,0.35215723514556885,0.38499999046325684,0.0,0.3855000138282776,0.37450000643730164,0.375,0.0,391252000
2011-01-03,0.36176156997680664,0.3955000042915344,0.0,0.39925000071525574,0.38749998807907104,0.3880000114440918,0.0,817448000
2011-01-04,0.3606182038784027,0.3942500054836273,0.0,0.39800000190734863,0.3855000138282776,0.39625000953674316,0.0,651384000
2011-01-05,0.3882875442504883,0.4244999885559082,0.0,0.42500001192092896,0.39750000834465027,0.40149998664855957,0.0,1428216000
2011-01-06,0.4420258104801178,0.4832499921321869,0.0,0.48350000381469727,0.43424999713897705,0.43549999594688416,0.0,3493312000
2011-01-07,0.4543743133544922,0.49674999713897705,0.0,0.49825000762939453,0.46700000762939453,0.4777500033378601,0.0,2579984000
2011-01-10,0.47175332903862,0.515749990940094,0.0,0.5167499780654907,0.48399999737739563,0.48774999380111694,0.0,1750348000
2011-01-11,0.464435875415802,0.5077499747276306,0.0,0.5277500152587891,0.49674999713897705,0.5227500200271606,0.0,2711088000
2011-01-12,0.5339528322219849,0.5837500095367432,0.0,0.5842499732971191,0.5062500238418579,0.5080000162124634,0.0,3431896000
2011-01-13,0.5348673462867737,0.5847499966621399,0.0,0.5960000157356262,0.559499979019165,0.5774999856948853,0.0,2695192000
2011-01-14,0.5394408702850342,0.5897499918937683,0.0,0.5995000004768372,0.5712500214576721,0.5747500061988831,0.0,1595352000
2011-01-18,0.5268636345863342,0.5759999752044678,0.0,0.5857499837875366,0.5617499947547913,0.5817499756813049,0.0,1813348000
2011-01-19,0.5124572515487671,0.5602499842643738,0.0,0.5899999737739563,0.5590000152587891,0.5762500166893005,0.0,1197896000
2011-01-20,0.5129149556159973,0.5607500076293945,0.0,0.5640000104904175,0.5447499752044678,0.5547500252723694,0.0,1111408000
2011-01-21,0.5081124305725098,0.5554999709129333,0.0,0.5747500061988831,0.5544999837875366,0.5667499899864197,0.0,739244000
2011-01-24,0.565509557723999,0.6182500123977661,0.0,0.6262500286102295,0.5745000243186951,0.5809999704360962,0.0,2056900000
2011-01-25,0.548130452632904,0.5992500185966492,0.0,0.621999979019165,0.5952500104904175,0.6154999732971191,0.0,1086856000
2011-01-26,0.5611648559570312,0.6134999990463257,0.0,0.625,0.6012499928474426,0.6054999828338623,0.0,1074660000
2011-01-27,0.5595642328262329,0.6117500066757202,0.0,0.6237499713897705,0.6000000238418579,0.6222500205039978,0.0,657396000
2011-01-28,0.5433281064033508,0.593999981880188,0.0,0.6234999895095825,0.5799999833106995,0.6132500171661377,0.0,1094796000
2011-01-31,0.5469868779182434,0.5979999899864197,0.0,0.606249988079071,0.5852500200271606,0.5950000286102295,0.0,750160000
2011-02-01,0.5595642328262329,0.6117500066757202,0.0,0.6162499785423279,0.5992500185966492,0.6032500267028809,0.0,654104000
2011-02-02,0.5849466323852539,0.6395000219345093,0.0,0.6542500257492065,0.6082500219345093,0.6082500219345093,0.0,1606616000
2011-02-03,0.5739704966545105,0.6274999976158142,0.0,0.640500009059906,0.6137499809265137,0.640500009059906,0.0,1030776000
2011-02-04,0.5870046615600586,0.6417499780654907,0.0,0.6467499732971191,0.6337500214576721,0.6362500190734863,0.0,872900000
2011-02-07,0.562536895275116,0.6150000095367432,0.0,0.6357499957084656,0.6127499938011169,0.6330000162124634,0.0,934236000
2011-02-08,0.5458438396453857,0.596750020980835,0.0,0.6197500228881836,0.593999981880188,0.6157500147819519,0.0,1076584000
2011-02-09,0.5325804352760315,0.5822499990463257,0.0,0.6050000190734863,0.5715000033378601,0.5989999771118164,0.0,1277520000
2011-02-10,0.5218329429626465,0.5705000162124634,0.0,0.5802500247955322,0.5649999976158142,0.5692499876022339,0.0,1042352000
2011-02-11,0.5366966128349304,0.5867499709129333,0.0,0.6052500009536743,0.559249997138977,0.5684999823570251,0.0,1359276000
2011-02-14,0.5284644961357117,0.577750027179718,0.0,0.612500011920929,0.5755000114440918,0.59375,0.0,1287828000
2011-02-15,0.5156587958335876,0.5637500286102295,0.0,0.5807499885559082,0.5612499713897705,0.5787500143051147,0.0,886980000
2011-02-16,0.5346387624740601,0.5845000147819519,0.0,0.5927500128746033,0.5692499876022339,0.5712500214576721,0.0,1318364000
2011-02-17,0.5872334837913513,0.6420000195503235,0.0,0.6502500176429749,0.5652499794960022,0.5680000185966492,0.0,3470096000
2011-02-18,0.5860902070999146,0.640749990940094,0.0,0.6487500071525574,0.6307500004768372,0.6384999752044678,0.0,1394412000
2011-02-22,0.53075110912323,0.5802500247955322,0.0,0.6215000152587891,0.578249990940094,0.6197500228881836,0.0,1396648000
2011-02-23,0.5055972933769226,0.5527499914169312,0.0,0.5857499837875366,0.5444999933242798,0.5802500247955322,0.0,1491604000
2011-02-24,0.5179455876350403,0.5662500262260437,0.0,0.5759999752044678,0.5515000224113464,0.5554999709129333,0.0,1246120000
2011-02-25,0.5286932587623596,0.578000009059906,0.0,0.5874999761581421,0.5734999775886536,0.5814999938011169,0.0,775652000
2011-02-28,0.5181740522384644,0.5665000081062317,0.0,0.5877500176429749,0.5534999966621399,0.5874999761581421,0.0,903696000
2011-03-01,0.4950781464576721,0.5412499904632568,0.0,0.5747500061988831,0.5412499904632568,0.5674999952316284,0.0,988448000
2011-03-02,0.4744974970817566,0.518750011920929,0.0,0.5507500171661377,0.5062500238418579,0.5404999852180481,0.0,1718140000
2011-03-03,0.47724148631095886,0.5217499732971191,0.0,0.5337499976158142,0.5059999823570251,0.5307499766349792,0.0,1593704000
2011-03-04,0.4747261106967926,0.5189999938011169,0.0,0.5274999737739563,0.5132499933242798,0.5222499966621399,0.0,959760000
2011-03-07,0.4680945873260498,0.5117499828338623,0.0,0.5245000123977661,0.4987500011920929,0.5227500200271606,0.0,1019140000
2011-03-08,0.4470568001270294,0.48875001072883606,0.0,0.5199999809265137,0.4779999852180481,0.5172500014305115,0.0,1947184000
2011-03-09,0.43768110871315,0.47850000858306885,0.0,0.492000013589859,0.4742499887943268,0.4872500002384186,0.0,1318976000
2011-03-10,0.40978291630744934,0.4480000138282776,0.0,0.47099998593330383,0.44749999046325684,0.4675000011920929,0.0,1722736000
2011-03-11,0.41275566816329956,0.45124998688697815,0.0,0.4637500047683716,0.4415000081062317,0.4517500102519989,0.0,1486832000
2011-03-14,0.41618582606315613,0.45500001311302185,0.0,0.4662500023841858,0.44749999046325684,0.4547500014305115,0.0,1003360000
2011-03-15,0.4038374423980713,0.4415000081062317,0.0,0.4490000009536743,0.42524999380111694,0.43274998664855957,0.0,1256280000
2011-03-16,0.40086469054222107,0.43825000524520874,0.0,0.45875000953674316,0.4325000047683716,0.4375,0.0,1476520000
2011-03-17,0.4084109663963318,0.4465000033378601,0.0,0.4507499933242798,0.4300000071525574,0.44999998807907104,0.0,1238516000
2011-03-18,0.40292268991470337,0.4404999911785126,0.0,0.45500001311302185,0.4399999976158142,0.45350000262260437,0.0,886960000
2011-03-21,0.40612420439720154,0.4440000057220459,0.0,0.4544999897480011,0.43950000405311584,0.44999998807907104,0.0,751832000
2011-03-22,0.3990353047847748,0.4362500011920929,0.0,0.44699999690055847,0.43424999713897705,0.4427500069141388,0.0,718332000
2011-03-23,0.40726760029792786,0.445250004529953,0.0,0.4465000033378601,0.4259999990463257,0.43549999594688416,0.0,782396000
2011-03-24,0.43973907828330994,0.4807499945163727,0.0,0.48625001311302185,0.45375001430511475,0.4547500014305115,0.0,1780592000
2011-03-25,0.42601874470710754,0.4657500088214874,0.0,0.48625001311302185,0.4650000035762787,0.48500001430511475,0.0,1196392000
2011-03-28,0.44179731607437134,0.4830000102519989,0.0,0.4909999966621399,0.4724999964237213,0.476749986410141,0.0,1204284000
2011-03-29,0.43836709856987,0.4792500138282776,0.0,0.48475000262260437,0.4727500081062317,0.4830000102519989,0.0,715764000
2011-03-30,0.4219025671482086,0.4612500071525574,0.0,0.48500001430511475,0.45524999499320984,0.4830000102519989,0.0,1176320000
2011-03-31,0.42213138937950134,0.46149998903274536,0.0,0.46700000762939453,0.453000009059906,0.4620000123977661,0.0,655112000
2011-04-01,0.41618582606315613,0.45500001311302185,0.0,0.46799999475479126,0.44874998927116394,0.4675000011920929,0.0,850072000
2011-04-04,0.40132197737693787,0.4387499988079071,0.0,0.45625001192092896,0.43549999594688416,0.45500001311302185,0.0,924328000
2011-04-05,0.4020080864429474,0.43950000405311584,0.0,0.44874998927116394,0.43849998712539673,0.445250004529953,0.0,821076000
2011-04-06,0.39926403760910034,0.43650001287460327,0.0,0.44325000047683716,0.43274998664855957,0.4427500069141388,0.0,856984000
2011-04-07,0.4138990342617035,0.45249998569488525,0.0,0.45524999499320984,0.43575000762939453,0.4375,0.0,1021208000
2011-04-08,0.40132197737693787,0.4387499988079071,0.0,0.4560000002384186,0.4375,0.4560000002384186,0.0,746552000
2011-04-11,0.39606255292892456,0.43299999833106995,0.0,0.4427500069141388,0.4282500147819519,0.4404999911785126,0.0,546208000
2011-04-12,0.3972059190273285,0.43424999713897705,0.0,0.4372499883174896,0.4207499921321869,0.42875000834465027,0.0,840756000
2011-04-13,0.40612420439720154,0.4440000057220459,0.0,0.4467499852180481,0.4332500100135803,0.4387499988079071,0.0,749588000
2011-04-14,0.4232746362686157,0.46274998784065247,0.0,0.46299999952316284,0.4375,0.4399999976158142,0.0,1254704000
2011-04-15,0.42784810066223145,0.46775001287460327,0.0,0.47350001335144043,0.4569999873638153,0.45925000309944153,0.0,969720000
2011-04-18,0.41367045044898987,0.45225000381469727,0.0,0.4597499966621399,0.4449999928474426,0.4567500054836273,0.0,743584000
2011-04-19,0.4120696187019348,0.4505000114440918,0.0,0.4542500078678131,0.43825000524520874,0.45249998569488525,0.0,659860000
2011-04-20,0.4246467649936676,0.46424999833106995,0.0,0.4737499952316284,0.4567500054836273,0.46700000762939453,0.0,650516000
2011-04-21,0.42350324988365173,0.46299999952316284,0.0,0.4722500145435333,0.4620000123977661,0.46924999356269836,0.0,421300000
2011-04-25,0.4301348626613617,0.4702500104904175,0.0,0.4779999852180481,0.4647499918937683,0.4650000035762787,0.0,619612000
2011-04-26,0.4413398206233978,0.48249998688697815,0.0,0.4872500002384186,0.46950000524520874,0.4742499887943268,0.0,676000000
2011-04-27,0.4413398206233978,0.48249998688697815,0.0,0.48500001430511475,0.4724999964237213,0.48500001430511475,0.0,450004000
2011-04-28,0.4461420774459839,0.48774999380111694,0.0,0.4975000023841858,0.47699999809265137,0.48249998688697815,0.0,684000000
2011-04-29,0.45734697580337524,0.5,0.0,0.5109999775886536,0.49024999141693115,0.4909999966621399,0.0,836000000
2011-05-02,0.45117291808128357,0.4932500123977661,0.0,0.5107499957084656,0.4907500147819519,0.5105000138282776,0.0,613824000
2011-05-03,0.4296775162220001,0.46974998712539673,0.0,0.48899999260902405,0.4637500047683716,0.48750001192092896,0.0,808000000
2011-05-04,0.4264761209487915,0.4662500023841858,0.0,0.476500004529953,0.45750001072883606,0.4712499976158142,0.0,639356000
2011-05-05,0.42670464515686035,0.46650001406669617,0.0,0.47200000286102295,0.45625001192092896,0.4625000059604645,0.0,544000000
2011-05-06,0.44179731607437134,0.4830000102519989,0.0,0.48750001192092896,0.4724999964237213,0.4762499928474426,0.0,841080000
2011-05-09,0.45163020491600037,0.4937500059604645,0.0,0.4962500035762787,0.4832499921321869,0.484499990940094,0.0,706328000
2011-05-10,0.45231619477272034,0.4945000112056732,0.0,0.49825000762939453,0.4894999861717224,0.49775001406669617,0.0,690976000
2011-05-11,0.4543743133544922,0.49674999713897705,0.0,0.5019999742507935,0.49000000953674316,0.4970000088214874,0.0,616000000
2011-05-12,0.4687806963920593,0.512499988079071,0.0,0.5130000114440918,0.4937500059604645,0.4950000047683716,0.0,1224000000
2011-05-13,0.41755783557891846,0.45649999380111694,0.0,0.48124998807907104,0.453000009059906,0.47999998927116394,0.0,2025192000
2011-05-16,0.4047520160675049,0.4424999952316284,0.0,0.45625001192092896,0.44225001335144043,0.45524999499320984,0.0,728188000
2011-05-17,0.40315139293670654,0.44075000286102295,0.0,0.4412499964237213,0.42800000309944153,0.4410000145435333,0.0,1420364000
2011-05-18,0.41252705454826355,0.45100000500679016,0.0,0.4547500014305115,0.4410000145435333,0.4424999952316284,0.0,658844000
2011-05-19,0.40658149123191833,0.44449999928474426,0.0,0.4547500014305115,0.4377500116825104,0.4544999897480011,0.0,650884000
2011-05-20,0.41367045044898987,0.45225000381469727,0.0,0.453249990940094,0.4415000081062317,0.44350001215934753,0.0,575820000
2011-05-23,0.41321298480033875,0.4517500102519989,0.0,0.45500001311302185,0.4399999976158142,0.44574999809265137,0.0,588000000
2011-05-24,0.4148137867450714,0.45350000262260437,0.0,0.4717499911785126,0.45274999737739563,0.45399999618530273,0.0,720372000
2011-05-25,0.41984453797340393,0.45899999141693115,0.0,0.4620000123977661,0.4467499852180481,0.45124998688697815,0.0,545312000
2011-05-26,0.43036356568336487,0.47049999237060547,0.0,0.47450000047683716,0.45774999260902405,0.45899999141693115,0.0,706436000
2011-05-27,0.44591331481933594,0.48750001192092896,0.0,0.4882499873638153,0.47200000286102295,0.4724999964237213,0.0,658824000
2011-05-31,0.45826172828674316,0.5009999871253967,0.0,0.5012500286102295,0.48500001430511475,0.4970000088214874,0.0,1200716000
2011-06-01,0.43768110871315,0.47850000858306885,0.0,0.49950000643730164,0.47749999165534973,0.4987500011920929,0.0,762208000
2011-06-02,0.43562307953834534,0.4762499928474426,0.0,0.4827499985694885,0.47049999237060547,0.4792500138282776,0.0,607592000
2011-06-03,0.42213138937950134,0.46149998903274536,0.0,0.4749999940395355,0.45925000309944153,0.47075000405311584,0.0,549300000
2011-06-06,0.41321298480033875,0.4517500102519989,0.0,0.4650000035762787,0.45124998688697815,0.460750013589859,0.0,435988000
2011-06-07,0.41298431158065796,0.4514999985694885,0.0,0.45774999260902405,0.4494999945163727,0.45524999499320984,0.0,433956000
2011-06-08,0.40177932381629944,0.43924999237060547,0.0,0.4519999921321869,0.43575000762939453,0.4492500126361847,0.0,569288000
2011-06-09,0.3972059190273285,0.43424999713897705,0.0,0.4399999976158142,0.41850000619888306,0.4390000104904175,0.0,741632000
2011-06-10,0.39148902893066406,0.42800000309944153,0.0,0.4377500116825104,0.4244999885559082,0.4350000023841858,0.0,493548000
2011-06-13,0.3887450098991394,0.42500001192092896,0.0,0.4334999918937683,0.421999990940094,0.42800000309944153,0.0,574760000
2011-06-14,0.39194634556770325,0.4284999966621399,0.0,0.43799999356269836,0.4267500042915344,0.42875000834465027,0.0,534576000
2011-06-15,0.38348543643951416,0.4192500114440918,0.0,0.42524999380111694,0.4104999899864197,0.42274999618530273,0.0,935916000
2011-06-16,0.3702225387096405,0.4047499895095825,0.0,0.4259999990463257,0.3987500071525574,0.4194999933242798,0.0,1024908000
2011-06-17,0.3615328073501587,0.39524999260902405,0.0,0.4097500145435333,0.382750004529953,0.40950000286102295,0.0,1467884000
2011-06-20,0.357187956571579,0.390500009059906,0.0,0.4000000059604645,0.38749998807907104,0.3917500078678131,0.0,745960000
2011-06-21,0.36496296525001526,0.39899998903274536,0.0,0.4020000100135803,0.3882499933242798,0.3919999897480011,0.0,704276000
2011-06-22,0.35993215441703796,0.3935000002384186,0.0,0.40149998664855957,0.39274999499320984,0.39625000953674316,0.0,651720000
2011-06-23,0.37067970633506775,0.40525001287460327,0.0,0.40799999237060547,0.38499999046325684,0.38850000500679016,0.0,744024000
2011-06-24,0.35993215441703796,0.3935000002384186,0.0,0.40674999356269836,0.39100000262260437,0.4032500088214874,0.0,529052000
2011-06-27,0.35238590836524963,0.3852500021457672,0.0,0.3959999978542328,0.3714999854564667,0.3935000002384186,0.0,1142152000
2011-06-28,0.3544440269470215,0.38749998807907104,0.0,0.3919999897480011,0.3824999928474426,0.3852500021457672,0.0,692200000
2011-06-29,0.35993215441703796,0.3935000002384186,0.0,0.39750000834465027,0.3765000104904175,0.38999998569488525,0.0,960544000
2011-06-30,0.3645055294036865,0.398499995470047,0.0,0.4027499854564667,0.38850000500679016,0.3944999873638153,0.0,652300000
2011-07-01,0.3693076968193054,0.4037500023841858,0.0,0.40525001287460327,0.390500009059906,0.398499995470047,0.0,540804000
2011-07-05,0.36313363909721375,0.3970000147819519,0.0,0.40700000524520874,0.3935000002384186,0.4032500088214874,0.0,535296000
2011-07-06,0.3583313524723053,0.3917500078678131,0.0,0.39750000834465027,0.3869999945163727,0.39675000309944153,0.0,529580000
2011-07-07,0.3597034215927124,0.3932499885559082,0.0,0.3957499861717224,0.38624998927116394,0.39375001192092896,0.0,986136000
2011-07-08,0.3528432250022888,0.3857499957084656,0.0,0.390500009059906,0.3824999928474426,0.3877499997615814,0.0,619516000
2011-07-11,0.340494841337204,0.3722499907016754,0.0,0.3799999952316284,0.3712500035762787,0.3785000145435333,0.0,714388000
2011-07-12,0.33592143654823303,0.367249995470047,0.0,0.37400001287460327,0.3610000014305115,0.37049999833106995,0.0,867604000
2011-07-13,0.3352353572845459,0.36649999022483826,0.0,0.3747499883174896,0.3630000054836273,0.3722499907016754,0.0,634368000
2011-07-14,0.3219722807407379,0.35199999809265137,0.0,0.37024998664855957,0.3502500057220459,0.36800000071525574,0.0,1088996000
2011-07-15,0.3224295377731323,0.35249999165534973,0.0,0.35624998807907104,0.3452500104904175,0.3540000021457672,0.0,827736000
2011-07-18,0.31556937098503113,0.3449999988079071,0.0,0.351749986410141,0.34049999713897705,0.34975001215934753,0.0,818200000
2011-07-19,0.32517382502555847,0.3555000126361847,0.0,0.35624998807907104,0.34599998593330383,0.34599998593330383,0.0,602224000
2011-07-20,0.3210575580596924,0.35100001096725464,0.0,0.35874998569488525,0.3499999940395355,0.3567500114440918,0.0,662956000
2011-07-21,0.33615007996559143,0.3675000071525574,0.0,0.3700000047683716,0.3462499976158142,0.351500004529953,0.0,1143420000
2011-07-22,0.34301018714904785,0.375,0.0,0.3762499988079071,0.3659999966621399,0.3707500100135803,0.0,737192000
2011-07-25,0.33752208948135376,0.36899998784065247,0.0,0.3707500100135803,0.36375001072883606,0.36924999952316284,0.0,566920000
2011-07-26,0.329289972782135,0.36000001430511475,0.0,0.3675000071525574,0.35475000739097595,0.35850000381469727,0.0,698276000
2011-07-27,0.31694141030311584,0.3465000092983246,0.0,0.3567500114440918,0.34549999237060547,0.35499998927116394,0.0,652212000
2011-07-28,0.31625548005104065,0.34575000405311584,0.0,0.3529999852180481,0.3397499918937683,0.3452500104904175,0.0,648176000
2011-07-29,0.31625548005104065,0.34575000405311584,0.0,0.3490000069141388,0.34049999713897705,0.3422499895095825,0.0,677656000
2011-08-01,0.3331773579120636,0.3642500042915344,0.0,0.36524999141693115,0.35074999928474426,0.35374999046325684,0.0,1019620000
2011-08-02,0.32974720001220703,0.3605000078678131,0.0,0.38449999690055847,0.3605000078678131,0.3617500066757202,0.0,1356432000
2011-08-03,0.3386654257774353,0.37024998664855957,0.0,0.3714999854564667,0.3577499985694885,0.36125001311302185,0.0,765236000
2011-08-04,0.3064224421977997,0.33500000834465027,0.0,0.3634999990463257,0.33500000834465027,0.3634999990463257,0.0,979732000
2011-08-05,0.2961321771144867,0.32374998927116394,0.0,0.34700000286102295,0.3149999976158142,0.34275001287460327,0.0,1270588000
2011-08-08,0.27280735969543457,0.2982499897480011,0.0,0.3190000057220459,0.29624998569488525,0.30799999833106995,0.0,1084180000
2011-08-09,0.2956748306751251,0.3232499957084656,0.0,0.32374998927116394,0.30000001192092896,0.30399999022483826,0.0,1329832000
2011-08-10,0.28218311071395874,0.3084999918937683,0.0,0.3227500021457672,0.30674999952316284,0.3137499988079071,0.0,1140052000
2011-08-11,0.3066510856151581,0.33524999022483826,0.0,0.3397499918937683,0.3084999918937683,0.3084999918937683,0.0,1078792000
2011-08-12,0.29453137516975403,0.32199999690055847,0.0,0.3714999854564667,0.3167499899864197,0.3709999918937683,0.0,3195784000
2011-08-15,0.3057365119457245,0.33425000309944153,0.0,0.33500000834465027,0.32350000739097595,0.3252499997615814,0.0,864152000
2011-08-16,0.2970468997955322,0.32475000619888306,0.0,0.33500000834465027,0.3187499940395355,0.3305000066757202,0.0,716868000
2011-08-17,0.2929307222366333,0.320250004529953,0.0,0.33125001192092896,0.3160000145435333,0.3257499933242798,0.0,553328000
2011-08-18,0.2730361521244049,0.2985000014305115,0.0,0.3087500035762787,0.29499998688697815,0.3057500123977661,0.0,802564000
2011-08-19,0.268233984708786,0.2932499945163727,0.0,0.3097499907016754,0.29124999046325684,0.29350000619888306,0.0,761332000
2011-08-22,0.2730361521244049,0.2985000014305115,0.0,0.3050000071525574,0.2952499985694885,0.30149999260902405,0.0,611876000
2011-08-23,0.3025350272655487,0.3307499885559082,0.0,0.3310000002384186,0.30524998903274536,0.3057500123977661,0.0,938312000
2011-08-24,0.29819032549858093,0.32600000500679016,0.0,0.3310000002384186,0.3174999952316284,0.33000001311302185,0.0,687500000
2011-08-25,0.28538456559181213,0.31200000643730164,0.0,0.3252499997615814,0.31150001287460327,0.31949999928474426,0.0,690968000
2011-08-26,0.2975043058395386,0.3252499997615814,0.0,0.32850000262260437,0.30524998903274536,0.31075000762939453,0.0,732660000
2011-08-29,0.3055076599121094,0.33399999141693115,0.0,0.33524999022483826,0.3267500102519989,0.3345000147819519,0.0,601528000
2011-08-30,0.31282538175582886,0.34200000762939453,0.0,0.34474998712539673,0.3294999897480011,0.3317500054836273,0.0,684760000
2011-08-31,0.30436456203460693,0.33274999260902405,0.0,0.3479999899864197,0.33000001311302185,0.34450000524520874,0.0,705808000
2011-09-01,0.303678423166275,0.3319999873638153,0.0,0.34450000524520874,0.3317500054836273,0.3372499942779541,0.0,762312000
2011-09-02,0.29544615745544434,0.3230000138282776,0.0,0.32899999618530273,0.320499986410141,0.3244999945163727,0.0,471356000
2011-09-06,0.30139169096946716,0.3294999897480011,0.0,0.33024999499320984,0.3095000088214874,0.3125,0.0,696248000
2011-09-07,0.3258599042892456,0.35624998807907104,0.0,0.3659999966621399,0.3465000092983246,0.35624998807907104,0.0,1606620000
2011-09-08,0.3242590129375458,0.3544999957084656,0.0,0.36125001311302185,0.3487499952316284,0.3527500033378601,0.0,880164000
2011-09-09,0.31739893555641174,0.34700000286102295,0.0,0.3610000014305115,0.3440000116825104,0.351500004529953,0.0,869828000
2011-09-12,0.3249450623989105,0.3552500009536743,0.0,0.3582499921321869,0.3422499895095825,0.3422499895095825,0.0,916480000
2011-09-13,0.33226263523101807,0.3632499873638153,0.0,0.36500000953674316,0.3527500033378601,0.3582499921321869,0.0,853836000
2011-09-14,0.3494131565093994,0.38199999928474426,0.0,0.3867500126361847,0.3725000023841858,0.37275001406669617,0.0,1547192000
2011-09-15,0.3544440269470215,0.38749998807907104,0.0,0.39250001311302185,0.3840000033378601,0.390500009059906,0.0,752908000
2011-09-16,0.3535292148590088,0.3865000009536743,0.0,0.4025000035762787,0.38449999690055847,0.3882499933242798,0.0,1391588000
2011-09-19,0.3462117314338684,0.3785000145435333,0.0,0.382750004529953,0.3687500059604645,0.3799999952316284,0.0,968204000
2011-09-20,0.3372933268547058,0.3687500059604645,0.0,0.38475000858306885,0.367000013589859,0.38324999809265137,0.0,792436000
2011-09-21,0.3308905363082886,0.3617500066757202,0.0,0.37724998593330383,0.36149999499320984,0.3707500100135803,0.0,715252000
2011-09-22,0.3089379668235779,0.33774998784065247,0.0,0.3479999899864197,0.33125001192092896,0.3474999964237213,0.0,1314632000
2011-09-23,0.31534087657928467,0.34474998712539673,0.0,0.3544999957084656,0.33375000953674316,0.335750013589859,0.0,1011440000
2011-09-26,0.31602680683135986,0.34549999237060547,0.0,0.3499999940395355,0.33000001311302185,0.3490000069141388,0.0,972124000
2011-09-27,0.3164842128753662,0.34599998593330383,0.0,0.35725000500679016,0.34325000643730164,0.3542500138282776,0.0,781388000
2011-09-28,0.3068799078464508,0.33550000190734863,0.0,0.3555000126361847,0.33000001311302185,0.3467499911785126,0.0,1236532000
2011-09-29,0.2993335723876953,0.32725000381469727,0.0,0.3472500145435333,0.3187499940395355,0.34150001406669617,0.0,866416000
2011-09-30,0.2860706150531769,0.3127500116825104,0.0,0.32374998927116394,0.3122499883174896,0.32199999690055847,0.0,677784000
2011-10-03,0.2700633704662323,0.2952499985694885,0.0,0.31850001215934753,0.2952499985694885,0.3087500035762787,0.0,949896000
2011-10-04,0.29498884081840515,0.32249999046325684,0.0,0.32249999046325684,0.2867499887943268,0.2879999876022339,0.0,1361548000
2011-10-05,0.3055076599121094,0.33399999141693115,0.0,0.3370000123977661,0.3152500092983246,0.3217499852180481,0.0,856708000
2011-10-06,0.31762754917144775,0.3472500145435333,0.0,0.34825000166893005,0.33524999022483826,0.335750013589859,0.0,773192000
2011-10-07,0.3235730230808258,0.35374999046325684,0.0,0.35899999737739563,0.34150001406669617,0.3487499952316284,0.0,806976000
2011-10-10,0.3379795253276825,0.3695000112056732,0.0,0.3695000112056732,0.35899999737739563,0.35975000262260437,0.0,534376000
2011-10-11,0.3343208432197571,0.36550000309944153,0.0,0.3725000023841858,0.3642500042915344,0.36649999022483826,0.0,816080000
2011-10-12,0.33409184217453003,0.36524999141693115,0.0,0.37275001406669617,0.36500000953674316,0.3725000023841858,0.0,612064000
2011-10-13,0.3535292148590088,0.3865000009536743,0.0,0.38725000619888306,0.36250001192092896,0.3634999990463257,0.0,854832000
2011-10-14,0.3594748079776764,0.3930000066757202,0.0,0.3972499966621399,0.38350000977516174,0.3932499885559082,0.0,702452000
2011-10-17,0.3416381776332855,0.3734999895095825,0.0,0.38850000500679016,0.3714999854564667,0.38850000500679016,0.0,611780000
2011-10-18,0.3539864420890808,0.3869999945163727,0.0,0.3880000114440918,0.36924999952316284,0.3714999854564667,0.0,590916000
2011-10-19,0.34689775109291077,0.3792499899864197,0.0,0.3942500054836273,0.37825000286102295,0.38749998807907104,0.0,557568000
2011-10-20,0.32951852679252625,0.36024999618530273,0.0,0.37049999833106995,0.34599998593330383,0.36899998784065247,0.0,990308000
2011-10-21,0.331119179725647,0.3619999885559082,0.0,0.3707500100135803,0.35600000619888306,0.3647499978542328,0.0,628428000
2011-10-24,0.3434676229953766,0.37549999356269836,0.0,0.3812499940395355,0.36274999380111694,0.3634999990463257,0.0,535256000
2011-10-25,0.33043327927589417,0.36125001311302185,0.0,0.37325000762939453,0.3605000078678131,0.37024998664855957,0.0,577996000
2011-10-26,0.3343208432197571,0.36550000309944153,0.0,0.37024998664855957,0.35499998927116394,0.3682500123977661,0.0,503116000
2011-10-27,0.34872713685035706,0.3812499940395355,0.0,0.38499999046325684,0.37049999833106995,0.3790000081062317,0.0,577732000
2011-10-28,0.35673069953918457,0.38999998569488525,0.0,0.3935000002384186,0.37700000405311584,0.3779999911785126,0.0,490156000
2011-10-31,0.3384368121623993,0.3700000047683716,0.0,0.37975001335144043,0.3700000047683716,0.3774999976158142,0.0,519984000
2011-11-01,0.3215150237083435,0.351500004529953,0.0,0.35749998688697815,0.3479999899864197,0.3564999997615814,0.0,790824000
2011-11-02,0.31602680683135986,0.34549999237060547,0.0,0.3567500114440918,0.3382500112056732,0.35499998927116394,0.0,961608000
2011-11-03,0.3350066840648651,0.36625000834465027,0.0,0.367000013589859,0.3400000035762787,0.3492499887943268,0.0,749372000
2011-11-04,0.3388941287994385,0.37049999833106995,0.0,0.37174999713897705,0.35725000500679016,0.3630000054836273,0.0,654840000
2011-11-07,0.3370646834373474,0.3684999942779541,0.0,0.37400001287460327,0.36000001430511475,0.36774998903274536,0.0,613536000
2011-11-08,0.3448396325111389,0.37700000405311584,0.0,0.3792499899864197,0.367249995470047,0.37325000762939453,0.0,549728000
2011-11-09,0.32746052742004395,0.3580000102519989,0.0,0.37299999594688416,0.3564999997615814,0.3682500123977661,0.0,532244000
2011-11-10,0.3308905363082886,0.3617500066757202,0.0,0.37049999833106995,0.3527500033378601,0.36675000190734863,0.0,990484000
2011-11-11,0.34255290031433105,0.37450000643730164,0.0,0.3774999976158142,0.351749986410141,0.3720000088214874,0.0,1751560000
2011-11-14,0.33592143654823303,0.367249995470047,0.0,0.37825000286102295,0.36625000834465027,0.37450000643730164,0.0,500292000
2011-11-15,0.34026625752449036,0.3720000088214874,0.0,0.3747499883174896,0.36274999380111694,0.36375001072883606,0.0,505660000
2011-11-16,0.3334059417247772,0.3644999861717224,0.0,0.3747499883174896,0.3632499873638153,0.36500000953674316,0.0,512420000
2011-11-17,0.3215150237083435,0.351500004529953,0.0,0.3647499978542328,0.3449999988079071,0.36375001072883606,0.0,657504000
2011-11-18,0.3185422718524933,0.34825000166893005,0.0,0.35350000858306885,0.34450000524520874,0.35350000858306885,0.0,501352000
2011-11-21,0.33454930782318115,0.3657500147819519,0.0,0.36924999952316284,0.3375000059604645,0.34275001287460327,0.0,1330788000
2011-11-22,0.3448396325111389,0.37700000405311584,0.0,0.3790000081062317,0.36774998903274536,0.3697499930858612,0.0,1287480000
2011-11-23,0.33020472526550293,0.3610000014305115,0.0,0.37575000524520874,0.3607499897480011,0.37299999594688416,0.0,825340000
2011-11-25,0.3210575580596924,0.35100001096725464,0.0,0.3644999861717224,0.3499999940395355,0.35624998807907104,0.0,406620000
2011-11-28,0.33912283182144165,0.3707500100135803,0.0,0.3762499988079071,0.36250001192092896,0.36250001192092896,0.0,690616000
2011-11-29,0.34095218777656555,0.37275001406669617,0.0,0.3774999976158142,0.36675000190734863,0.37024998664855957,0.0,623440000
2011-11-30,0.35741665959358215,0.390749990940094,0.0,0.3917500078678131,0.38075000047683716,0.3840000033378601,0.0,730324000
2011-12-01,0.36176156997680664,0.3955000042915344,0.0,0.39649999141693115,0.3857499957084656,0.38749998807907104,0.0,529760000
2011-12-02,0.3594748079776764,0.3930000066757202,0.0,0.4012500047683716,0.3892500102519989,0.3997499942779541,0.0,546464000
2011-12-05,0.3539864420890808,0.3869999945163727,0.0,0.4000000059604645,0.38374999165534973,0.3995000123977661,0.0,644696000
2011-12-06,0.34895583987236023,0.3815000057220459,0.0,0.38999998569488525,0.3774999976158142,0.3892500102519989,0.0,573832000
2011-12-07,0.34689775109291077,0.3792499899864197,0.0,0.38199999928474426,0.3712500035762787,0.3790000081062317,0.0,510016000
2011-12-08,0.33592143654823303,0.367249995470047,0.0,0.3817499876022339,0.3659999966621399,0.37549999356269836,0.0,491488000
2011-12-09,0.34072357416152954,0.3725000023841858,0.0,0.37549999356269836,0.359499990940094,0.3644999861717224,0.0,555840000
2011-12-12,0.33226263523101807,0.3632499873638153,0.0,0.3659999966621399,0.3564999997615814,0.3644999861717224,0.0,573208000
2011-12-13,0.32311582565307617,0.35324999690055847,0.0,0.3725000023841858,0.35100001096725464,0.36800000071525574,0.0,516596000
2011-12-14,0.31053870916366577,0.3395000100135803,0.0,0.35225000977516174,0.335750013589859,0.3502500057220459,0.0,636020000
2011-12-15,0.3077944219112396,0.33649998903274536,0.0,0.3474999964237213,0.335750013589859,0.3452500104904175,0.0,435148000
2011-12-16,0.3089379668235779,0.33774998784065247,0.0,0.34575000405311584,0.3362500071525574,0.33924999833106995,0.0,619116000
2011-12-19,0.30093440413475037,0.32899999618530273,0.0,0.34325000643730164,0.32774999737739563,0.33924999833106995,0.0,463276000
2011-12-20,0.31785622239112854,0.3474999964237213,0.0,0.3487499952316284,0.33649998903274536,0.33649998903274536,0.0,445208000
2011-12-21,0.3137401044368744,0.34299999475479126,0.0,0.3492499887943268,0.3362500071525574,0.34549999237060547,0.0,548424000
2011-12-22,0.327231764793396,0.3577499985694885,0.0,0.35874998569488525,0.3440000116825104,0.3440000116825104,0.0,576560000
2011-12-23,0.3240303099155426,0.3542500138282776,0.0,0.36000001430511475,0.3512499928474426,0.359499990940094,0.0,248948000
2011-12-27,0.3215150237083435,0.351500004529953,0.0,0.3569999933242798,0.3504999876022339,0.3527500033378601,0.0,195712000
2011-12-28,0.31351134181022644,0.34275001287460327,0.0,0.35225000977516174,0.3425000011920929,0.351500004529953,0.0,233960000
2011-12-29,0.3194567859172821,0.3492499887943268,0.0,0.3499999940395355,0.3412500023841858,0.3462499976158142,0.0,211112000
2011-12-30,0.31694141030311584,0.3465000092983246,0.0,0.351749986410141,0.34599998593330383,0.3479999899864197,0.0,186956000
2012-01-03,0.3210575580596924,0.35100001096725464,0.0,0.36000001430511475,0.3502500057220459,0.35749998688697815,0.0,468044000
2012-01-04,0.3247164189815521,0.35499998927116394,0.0,0.3564999997615814,0.3479999899864197,0.3512499928474426,0.0,347372000
2012-01-05,0.3363787531852722,0.36774998903274536,0.0,0.3695000112056732,0.351749986410141,0.35324999690055847,0.0,563548000
2012-01-06,0.3324912488460541,0.3634999990463257,0.0,0.36774998903274536,0.359250009059906,0.3675000071525574,0.0,533252000
2012-01-09,0.3324912488460541,0.3634999990463257,0.0,0.37049999833106995,0.3610000014305115,0.36375001072883606,0.0,508244000
2012-01-10,0.331119179725647,0.3619999885559082,0.0,0.36924999952316284,0.359499990940094,0.36899998784065247,0.0,546328000
2012-01-11,0.3244876265525818,0.35475000739097595,0.0,0.3619999885559082,0.35324999690055847,0.35874998569488525,0.0,484272000
2012-01-12,0.3224295377731323,0.35249999165534973,0.0,0.3557499945163727,0.34474998712539673,0.3555000126361847,0.0,652364000
2012-01-13,0.3139687180519104,0.34325000643730164,0.0,0.35074999928474426,0.34150001406669617,0.3499999940395355,0.0,504300000
2012-01-17,0.3091665506362915,0.33799999952316284,0.0,0.34850001335144043,0.3375000059604645,0.34850001335144043,0.0,627176000
2012-01-18,0.31968551874160767,0.34950000047683716,0.0,0.35225000977516174,0.34275001287460327,0.34450000524520874,0.0,632676000
2012-01-19,0.32814645767211914,0.35874998569488525,0.0,0.359250009059906,0.3487499952316284,0.35249999165534973,0.0,608312000
2012-01-20,0.32517382502555847,0.3555000126361847,0.0,0.36250001192092896,0.3542500138282776,0.3582499921321869,0.0,546272000
2012-01-23,0.33409184217453003,0.36524999141693115,0.0,0.36550000309944153,0.3512499928474426,0.3557499945163727,0.0,562792000
2012-01-24,0.3416381776332855,0.3734999895095825,0.0,0.375,0.36250001192092896,0.36274999380111694,0.0,730920000
2012-01-25,0.33958014845848083,0.3712500035762787,0.0,0.3722499907016754,0.3529999852180481,0.3634999990463257,0.0,1274152000
2012-01-26,0.3363787531852722,0.36774998903274536,0.0,0.38100001215934753,0.3657500147819519,0.37674999237060547,0.0,799672000
2012-01-27,0.34095218777656555,0.37275001406669617,0.0,0.3747499883174896,0.36250001192092896,0.36550000309944153,0.0,449996000
2012-01-30,0.3384368121623993,0.3700000047683716,0.0,0.37174999713897705,0.3607499897480011,0.36625000834465027,0.0,399076000
2012-01-31,0.33775079250335693,0.36924999952316284,0.0,0.3712500035762787,0.36274999380111694,0.3709999918937683,0.0,357900000
2012-02-01,0.3414095640182495,0.37325000762939453,0.0,0.3774999976158142,0.3682500123977661,0.3734999895095825,0.0,428020000
2012-02-02,0.3542153537273407,0.38725000619888306,0.0,0.38874998688697815,0.3714999854564667,0.3752500116825104,0.0,696236000
2012-02-03,0.36176156997680664,0.3955000042915344,0.0,0.3987500071525574,0.3922500014305115,0.3930000066757202,0.0,495232000
2012-02-06,0.3590174913406372,0.39250001311302185,0.0,0.39399999380111694,0.3889999985694885,0.3935000002384186,0.0,278868000
2012-02-07,0.35993215441703796,0.3935000002384186,0.0,0.3957499861717224,0.3865000009536743,0.3930000066757202,0.0,410296000
2012-02-08,0.3729664981365204,0.4077500104904175,0.0,0.4154999852180481,0.39149999618530273,0.3935000002384186,0.0,847612000
2012-02-09,0.3727378845214844,0.4074999988079071,0.0,0.41499999165534973,0.40674999356269836,0.4127500057220459,0.0,561944000
2012-02-10,0.36359092593193054,0.39750000834465027,0.0,0.4050000011920929,0.39524999260902405,0.4034999907016754,0.0,440268000
2012-02-13,0.3693076968193054,0.4037500023841858,0.0,0.4090000092983246,0.3955000042915344,0.4074999988079071,0.0,610668000
2012-02-14,0.3713657855987549,0.4059999883174896,0.0,0.40950000286102295,0.40024998784065247,0.4037500023841858,0.0,453756000
2012-02-15,0.369765043258667,0.40424999594688416,0.0,0.42250001430511475,0.4032500088214874,0.4097500145435333,0.0,1110856000
2012-02-16,0.37616804242134094,0.4112499952316284,0.0,0.41449999809265137,0.375,0.3765000104904175,0.0,1888588000
2012-02-17,0.36244747042655945,0.39625000953674316,0.0,0.414249986410141,0.39250001311302185,0.4115000069141388,0.0,1020360000
2012-02-21,0.3642770051956177,0.398250013589859,0.0,0.40799999237060547,0.39524999260902405,0.3959999978542328,0.0,518176000
2012-02-22,0.36176156997680664,0.3955000042915344,0.0,0.4059999883174896,0.39500001072883606,0.39625000953674316,0.0,492432000
2012-02-23,0.36381959915161133,0.39774999022483826,0.0,0.4000000059604645,0.38999998569488525,0.39625000953674316,0.0,323968000
2012-02-24,0.3610755503177643,0.3947499990463257,0.0,0.3995000123977661,0.3930000066757202,0.39899998903274536,0.0,366668000
2012-02-27,0.3537578880786896,0.3867500126361847,0.0,0.39149999618530273,0.3812499940395355,0.38975000381469727,0.0,745268000
2012-02-28,0.35055649280548096,0.38324999809265137,0.0,0.39125001430511475,0.3792499899864197,0.3867500126361847,0.0,699884000
2012-02-29,0.34644049406051636,0.3787499964237213,0.0,0.39100000262260437,0.3785000145435333,0.38449999690055847,0.0,689196000
2012-03-01,0.34872713685035706,0.3812499940395355,0.0,0.3857499957084656,0.3787499964237213,0.3802500069141388,0.0,449944000
2012-03-02,0.3516998887062073,0.38449999690055847,0.0,0.38999998569488525,0.3799999952316284,0.3799999952316284,0.0,684076000
2012-03-05,0.3398088812828064,0.3714999854564667,0.0,0.3824999928474426,0.3687500059604645,0.3817499876022339,0.0,514848000
2012-03-06,0.3366074860095978,0.36800000071525574,0.0,0.37024998664855957,0.36149999499320984,0.367249995470047,0.0,471400000
2012-03-07,0.3386654257774353,0.37024998664855957,0.0,0.37174999713897705,0.36500000953674316,0.3700000047683716,0.0,441984000
2012-03-08,0.3398088812828064,0.3714999854564667,0.0,0.3752500116825104,0.36924999952316284,0.3712500035762787,0.0,430852000
2012-03-09,0.3388941287994385,0.37049999833106995,0.0,0.3752500116825104,0.3684999942779541,0.3725000023841858,0.0,367836000
2012-03-12,0.333634614944458,0.3647499978542328,0.0,0.37450000643730164,0.36375001072883606,0.3720000088214874,0.0,299948000
2012-03-13,0.3382081687450409,0.3697499930858612,0.0,0.37174999713897705,0.3644999861717224,0.36625000834465027,0.0,553288000
2012-03-14,0.3286038935184479,0.359250009059906,0.0,0.37049999833106995,0.3580000102519989,0.3697499930858612,0.0,735708000
2012-03-15,0.3334059417247772,0.3644999861717224,0.0,0.36649999022483826,0.35899999737739563,0.36024999618530273,0.0,382380000
2012-03-16,0.33386340737342834,0.36500000953674316,0.0,0.36649999022483826,0.36274999380111694,0.3647499978542328,0.0,428340000
2012-03-19,0.3347780704498291,0.3659999966621399,0.0,0.3687500059604645,0.3642500042915344,0.367000013589859,0.0,405400000
2012-03-20,0.329289972782135,0.36000001430511475,0.0,0.36399999260902405,0.3567500114440918,0.36399999260902405,0.0,449616000
2012-03-21,0.33066192269325256,0.36149999499320984,0.0,0.3647499978542328,0.35600000619888306,0.36000001430511475,0.0,467840000
2012-03-22,0.33020472526550293,0.3610000014305115,0.0,0.36399999260902405,0.3577499985694885,0.35874998569488525,0.0,425372000
2012-03-23,0.33271998167037964,0.36375001072883606,0.0,0.3647499978542328,0.35749998688697815,0.36000001430511475,0.0,315456000
2012-03-26,0.3366074860095978,0.36800000071525574,0.0,0.3697499930858612,0.36375001072883606,0.367249995470047,0.0,288600000
2012-03-27,0.3388941287994385,0.37049999833106995,0.0,0.375,0.3687500059604645,0.3695000112056732,0.0,419968000
2012-03-28,0.3466690480709076,0.3790000081062317,0.0,0.3840000033378601,0.3725000023841858,0.3752500116825104,0.0,892448000
2012-03-29,0.3482697308063507,0.38075000047683716,0.0,0.38374999165534973,0.3737500011920929,0.3785000145435333,0.0,372700000
2012-03-30,0.35215723514556885,0.38499999046325684,0.0,0.38725000619888306,0.3785000145435333,0.3840000033378601,0.0,527240000
2012-04-02,0.35055649280548096,0.38324999809265137,0.0,0.38725000619888306,0.3777500092983246,0.3840000033378601,0.0,407776000
2012-04-03,0.3448396325111389,0.37700000405311584,0.0,0.3865000009536743,0.375,0.38600000739097595,0.0,430476000
2012-04-04,0.3350066840648651,0.36625000834465027,0.0,0.37599998712539673,0.36399999260902405,0.3712500035762787,0.0,495896000
2012-04-05,0.33454930782318115,0.3657500147819519,0.0,0.3712500035762787,0.3644999861717224,0.36675000190734863,0.0,369424000
2012-04-09,0.33020472526550293,0.3610000014305115,0.0,0.3622500002384186,0.3540000021457672,0.36000001430511475,0.0,365504000
2012-04-10,0.3238016963005066,0.3540000021457672,0.0,0.3644999861717224,0.35225000977516174,0.359499990940094,0.0,470360000
2012-04-11,0.3279178738594055,0.35850000381469727,0.0,0.36625000834465027,0.35749998688697815,0.35874998569488525,0.0,372960000
2012-04-12,0.33569273352622986,0.367000013589859,0.0,0.36899998784065247,0.35749998688697815,0.35899999737739563,0.0,384868000
2012-04-13,0.3238016963005066,0.3540000021457672,0.0,0.3657500147819519,0.35374999046325684,0.36375001072883606,0.0,311324000
2012-04-16,0.31991422176361084,0.34975001215934753,0.0,0.35749998688697815,0.3440000116825104,0.3564999997615814,0.0,463468000
2012-04-17,0.3206002414226532,0.3504999876022339,0.0,0.35499998927116394,0.3492499887943268,0.35074999928474426,0.0,460696000
2012-04-18,0.3171701729297638,0.3467499911785126,0.0,0.3499999940395355,0.3425000011920929,0.34825000166893005,0.0,400764000
2012-04-19,0.3123679459095001,0.34150001406669617,0.0,0.3552500009536743,0.3397499918937683,0.3422499895095825,0.0,667188000
2012-04-20,0.30619388818740845,0.3347499966621399,0.0,0.34450000524520874,0.33399999141693115,0.3434999883174896,0.0,509592000
2012-04-23,0.3025350272655487,0.3307499885559082,0.0,0.3322499990463257,0.3227500021457672,0.32899999618530273,0.0,706244000
2012-04-24,0.2931593954563141,0.320499986410141,0.0,0.3345000147819519,0.3187499940395355,0.3317500054836273,0.0,730440000
2012-04-25,0.2991049587726593,0.3269999921321869,0.0,0.3294999897480011,0.3192499876022339,0.3252499997615814,0.0,727112000
2012-04-26,0.2993335723876953,0.32725000381469727,0.0,0.33000001311302185,0.3244999945163727,0.3267500102519989,0.0,539208000
2012-04-27,0.29681825637817383,0.3244999945163727,0.0,0.32875001430511475,0.32100000977516174,0.3267500102519989,0.0,475356000
2012-04-30,0.29727545380592346,0.32499998807907104,0.0,0.3267500102519989,0.320499986410141,0.3227500021457672,0.0,262268000
2012-05-01,0.3025350272655487,0.3307499885559082,0.0,0.33425000309944153,0.3232499957084656,0.3232499957084656,0.0,408680000
2012-05-02,0.2938454747200012,0.32124999165534973,0.0,0.3307499885559082,0.31949999928474426,0.3294999897480011,0.0,684008000
2012-05-03,0.28881460428237915,0.31575000286102295,0.0,0.3240000009536743,0.3137499988079071,0.32199999690055847,0.0,419536000
2012-05-04,0.2803536653518677,0.30649998784065247,0.0,0.3154999911785126,0.30649998784065247,0.3137499988079071,0.0,545092000
2012-05-07,0.2851557731628418,0.31174999475479126,0.0,0.31725001335144043,0.30924999713897705,0.31200000643730164,0.0,604440000
2012-05-08,0.2849271893501282,0.31150001287460327,0.0,0.31349998712539673,0.3034999966621399,0.3089999854564667,0.0,462312000
2012-05-09,0.2860706150531769,0.3127500116825104,0.0,0.3152500092983246,0.30300000309944153,0.3059999942779541,0.0,520608000
2012-05-10,0.2840125560760498,0.31049999594688416,0.0,0.3162499964237213,0.30550000071525574,0.31575000286102295,0.0,597092000
2012-05-11,0.30207765102386475,0.33024999499320984,0.0,0.34200000762939453,0.32899999618530273,0.3362500071525574,0.0,1435140000
2012-05-14,0.3002483546733856,0.328249990940094,0.0,0.3332499861717224,0.32074999809265137,0.32749998569488525,0.0,437472000
2012-05-15,0.29727545380592346,0.32499998807907104,0.0,0.33550000190734863,0.32350000739097595,0.328249990940094,0.0,599940000
2012-05-16,0.2913300395011902,0.31850001215934753,0.0,0.3292500078678131,0.3174999952316284,0.3255000114440918,0.0,470484000
2012-05-17,0.2892720103263855,0.3162499964237213,0.0,0.3227500021457672,0.3162499964237213,0.31975001096725464,0.0,335364000
2012-05-18,0.27623769640922546,0.3019999861717224,0.0,0.31850001215934753,0.3005000054836273,0.31700000166893005,0.0,567288000
2012-05-21,0.28103965520858765,0.3072499930858612,0.0,0.3087500035762787,0.3005000054836273,0.30250000953674316,0.0,416260000
2012-05-22,0.2776097059249878,0.3034999966621399,0.0,0.3075000047683716,0.29899999499320984,0.3070000112056732,0.0,410140000
2012-05-23,0.28446975350379944,0.3109999895095825,0.0,0.31150001287460327,0.2957499921321869,0.30024999380111694,0.0,496000000
2012-05-24,0.27692359685897827,0.30274999141693115,0.0,0.31325000524520874,0.3005000054836273,0.3127500116825104,0.0,520420000
2012-05-25,0.2835550904273987,0.3100000023841858,0.0,0.3125,0.30250000953674316,0.30250000953674316,0.0,391752000
2012-05-29,0.2908725440502167,0.3179999887943268,0.0,0.3199999928474426,0.3137499988079071,0.3149999976158142,0.0,310000000
2012-05-30,0.28744247555732727,0.31424999237060547,0.0,0.3167499899864197,0.3087500035762787,0.31450000405311584,0.0,379792000
2012-05-31,0.2842411398887634,0.31075000762939453,0.0,0.3154999911785126,0.30674999952316284,0.31424999237060547,0.0,358192000
2012-06-01,0.27395087480545044,0.2994999885559082,0.0,0.3072499930858612,0.29899999499320984,0.30425000190734863,0.0,440984000
2012-06-04,0.268233984708786,0.2932499945163727,0.0,0.30274999141693115,0.29074999690055847,0.3009999990463257,0.0,432856000
2012-06-05,0.2760089337825775,0.3017500042915344,0.0,0.30250000953674316,0.2917500138282776,0.2917500138282776,0.0,365224000
2012-06-06,0.2833263874053955,0.3097499907016754,0.0,0.31049999594688416,0.3017500042915344,0.30399999022483826,0.0,368968000
2012-06-07,0.2718929350376129,0.29725000262260437,0.0,0.3160000145435333,0.296999990940094,0.31424999237060547,0.0,526780000
2012-06-08,0.27715224027633667,0.30300000309944153,0.0,0.30399999022483826,0.29774999618530273,0.2982499897480011,0.0,370308000
2012-06-11,0.2803536653518677,0.30649998784065247,0.0,0.31825000047683716,0.3057500123977661,0.3127500116825104,0.0,839080000
2012-06-12,0.2860706150531769,0.3127500116825104,0.0,0.31575000286102295,0.3095000088214874,0.3100000023841858,0.0,496128000
2012-06-13,0.2785243093967438,0.304500013589859,0.0,0.31325000524520874,0.30300000309944153,0.3125,0.0,494276000
2012-06-14,0.2750941812992096,0.3007499873638153,0.0,0.30649998784065247,0.29774999618530273,0.30399999022483826,0.0,589884000
2012-06-15,0.28103965520858765,0.3072499930858612,0.0,0.3075000047683716,0.30024999380111694,0.30300000309944153,0.0,385288000
2012-06-18,0.2835550904273987,0.3100000023841858,0.0,0.3125,0.30250000953674316,0.3050000071525574,0.0,304424000
2012-06-19,0.3027636408805847,0.3310000002384186,0.0,0.335750013589859,0.32124999165534973,0.3227500021457672,0.0,960476000
2012-06-20,0.307565838098526,0.3362500071525574,0.0,0.3425000011920929,0.3322499990463257,0.33425000309944153,0.0,972720000
2012-06-21,0.29361674189567566,0.32100000977516174,0.0,0.335999995470047,0.320250004529953,0.335999995470047,0.0,516376000
2012-06-22,0.29727545380592346,0.32499998807907104,0.0,0.32875001430511475,0.320499986410141,0.32499998807907104,0.0,865360000
2012-06-25,0.2878999710083008,0.31474998593330383,0.0,0.32624998688697815,0.31349998712539673,0.3252499997615814,0.0,494616000
2012-06-26,0.29110124707221985,0.31825000047683716,0.0,0.320499986410141,0.31200000643730164,0.3165000081062317,0.0,437152000
2012-06-27,0.30047687888145447,0.32850000262260437,0.0,0.3307499885559082,0.31850001215934753,0.31850001215934753,0.0,506064000
2012-06-28,0.3027636408805847,0.3310000002384186,0.0,0.3330000042915344,0.3227500021457672,0.3255000114440918,0.0,545896000
2012-06-29,0.31602680683135986,0.34549999237060547,0.0,0.3462499976158142,0.3384999930858612,0.3387500047683716,0.0,616508000
2012-07-02,0.307565838098526,0.3362500071525574,0.0,0.3474999964237213,0.3334999978542328,0.3472500145435333,0.0,581684000
2012-07-03,0.31556937098503113,0.3449999988079071,0.0,0.34575000405311584,0.335999995470047,0.3362500071525574,0.0,219284000
2012-07-05,0.3123679459095001,0.34150001406669617,0.0,0.34424999356269836,0.3362500071525574,0.34275001287460327,0.0,280076000
2012-07-06,0.3064224421977997,0.33500000834465027,0.0,0.3400000035762787,0.33125001192092896,0.33899998664855957,0.0,382760000
2012-07-09,0.3023064136505127,0.3305000066757202,0.0,0.3345000147819519,0.32774999737739563,0.3330000042915344,0.0,306336000
2012-07-10,0.2931593954563141,0.320499986410141,0.0,0.33675000071525574,0.3179999887943268,0.3269999921321869,0.0,512028000
2012-07-11,0.28835734724998474,0.3152500092983246,0.0,0.3255000114440918,0.3137499988079071,0.3215000033378601,0.0,485216000
2012-07-12,0.2835550904273987,0.3100000023841858,0.0,0.3122499883174896,0.3072499930858612,0.31174999475479126,0.0,472160000
2012-07-13,0.28721392154693604,0.3140000104904175,0.0,0.3154999911785126,0.3082500100135803,0.31025001406669617,0.0,324260000
2012-07-16,0.2881285846233368,0.3149999976158142,0.0,0.3174999952316284,0.3089999854564667,0.31200000643730164,0.0,334460000
2012-07-17,0.2828691005706787,0.30924999713897705,0.0,0.3177500069141388,0.30399999022483826,0.3160000145435333,0.0,447476000
2012-07-18,0.29864752292633057,0.3264999985694885,0.0,0.3310000002384186,0.3070000112056732,0.3084999918937683,0.0,616008000
2012-07-19,0.3016202449798584,0.3297500014305115,0.0,0.33399999141693115,0.3264999985694885,0.32875001430511475,0.0,403036000
2012-07-20,0.2929307222366333,0.320250004529953,0.0,0.33000001311302185,0.3167499899864197,0.32774999737739563,0.0,451000000
2012-07-23,0.29681825637817383,0.3244999945163727,0.0,0.3267500102519989,0.3082500100135803,0.31174999475479126,0.0,451584000
2012-07-24,0.29361674189567566,0.32100000977516174,0.0,0.3269999921321869,0.31725001335144043,0.32499998807907104,0.0,351164000
2012-07-25,0.2993335723876953,0.32725000381469727,0.0,0.3305000066757202,0.31850001215934753,0.3199999928474426,0.0,415044000
2012-07-26,0.3007057309150696,0.32875001430511475,0.0,0.3370000123977661,0.32624998688697815,0.3332499861717224,0.0,338440000
2012-07-27,0.30825188755989075,0.3370000123977661,0.0,0.33799999952316284,0.32749998569488525,0.33000001311302185,0.0,376516000
2012-07-30,0.3048217296600342,0.3332499861717224,0.0,0.3412500023841858,0.3305000066757202,0.3370000123977661,0.0,363552000
2012-07-31,0.3096238374710083,0.3384999930858612,0.0,0.34325000643730164,0.33274999260902405,0.3332499861717224,0.0,387788000
2012-08-01,0.30619388818740845,0.3347499966621399,0.0,0.34375,0.3332499861717224,0.34049999713897705,0.0,335912000
2012-08-02,0.30733722448349,0.335999995470047,0.0,0.3409999907016754,0.32749998569488525,0.3330000042915344,0.0,367912000
2012-08-03,0.3137401044368744,0.34299999475479126,0.0,0.3465000092983246,0.3332499861717224,0.3412500023841858,0.0,326548000
2012-08-06,0.3203716278076172,0.3502500057220459,0.0,0.35199999809265137,0.34575000405311584,0.3462499976158142,0.0,360324000
2012-08-07,0.3235730230808258,0.35374999046325684,0.0,0.35749998688697815,0.351749986410141,0.3544999957084656,0.0,407340000
2012-08-08,0.3254024088382721,0.3557499945163727,0.0,0.359499990940094,0.35249999165534973,0.35350000858306885,0.0,517064000
2012-08-09,0.3363787531852722,0.36774998903274536,0.0,0.3684999942779541,0.3557499945163727,0.35624998807907104,0.0,822300000
2012-08-10,0.3343208432197571,0.36550000309944153,0.0,0.3804999887943268,0.3607499897480011,0.3774999976158142,0.0,1278744000
2012-08-13,0.3386654257774353,0.37024998664855957,0.0,0.37049999833106995,0.3644999861717224,0.3659999966621399,0.0,447244000
2012-08-14,0.333634614944458,0.3647499978542328,0.0,0.3720000088214874,0.3632499873638153,0.3714999854564667,0.0,388828000
2012-08-15,0.331119179725647,0.3619999885559082,0.0,0.36899998784065247,0.36024999618530273,0.3659999966621399,0.0,594404000
2012-08-16,0.3379795253276825,0.3695000112056732,0.0,0.3707500100135803,0.36399999260902405,0.36524999141693115,0.0,371008000
2012-08-17,0.3350066840648651,0.36625000834465027,0.0,0.3695000112056732,0.3630000054836273,0.3695000112056732,0.0,309864000
2012-08-20,0.3350066840648651,0.36625000834465027,0.0,0.36675000190734863,0.3607499897480011,0.36500000953674316,0.0,314392000
2012-08-21,0.33409184217453003,0.36524999141693115,0.0,0.3697499930858612,0.36149999499320984,0.3675000071525574,0.0,340248000
2012-08-22,0.3347780704498291,0.3659999966621399,0.0,0.3675000071525574,0.3617500066757202,0.3630000054836273,0.0,313556000
2012-08-23,0.327231764793396,0.3577499985694885,0.0,0.36550000309944153,0.35624998807907104,0.36524999141693115,0.0,379040000
2012-08-24,0.33386340737342834,0.36500000953674316,0.0,0.36675000190734863,0.3569999933242798,0.3577499985694885,0.0,347724000
2012-08-27,0.32814645767211914,0.35874998569488525,0.0,0.3657500147819519,0.35850000381469727,0.3647499978542328,0.0,340944000
2012-08-28,0.3267744183540344,0.35725000500679016,0.0,0.3607499897480011,0.3552500009536743,0.35600000619888306,0.0,310764000
2012-08-29,0.32746052742004395,0.3580000102519989,0.0,0.36024999618530273,0.35624998807907104,0.3569999933242798,0.0,250412000
2012-08-30,0.32128623127937317,0.3512499928474426,0.0,0.35850000381469727,0.34950000047683716,0.35725000500679016,0.0,307488000
2012-08-31,0.32082900404930115,0.35074999928474426,0.0,0.35624998807907104,0.3472500145435333,0.35374999046325684,0.0,485064000
2012-09-04,0.303678423166275,0.3319999873638153,0.0,0.3462499976158142,0.32875001430511475,0.3449999988079071,0.0,694452000
2012-09-05,0.30459317564964294,0.3330000042915344,0.0,0.33799999952316284,0.3294999897480011,0.3332499861717224,0.0,480256000
2012-09-06,0.3139687180519104,0.34325000643730164,0.0,0.35225000977516174,0.33524999022483826,0.33550000190734863,0.0,657296000
2012-09-07,0.3064224421977997,0.33500000834465027,0.0,0.3372499942779541,0.32374998927116394,0.3345000147819519,0.0,781064000
2012-09-10,0.303678423166275,0.3319999873638153,0.0,0.33899998664855957,0.33125001192092896,0.33425000309944153,0.0,371108000
2012-09-11,0.30733722448349,0.335999995470047,0.0,0.3412500023841858,0.3305000066757202,0.3317500054836273,0.0,382808000
2012-09-12,0.3107672929763794,0.3397499918937683,0.0,0.34150001406669617,0.33550000190734863,0.3387500047683716,0.0,322608000
2012-09-13,0.31282538175582886,0.34200000762939453,0.0,0.3440000116825104,0.33550000190734863,0.34275001287460327,0.0,433836000
2012-09-14,0.3164842128753662,0.34599998593330383,0.0,0.35199999809265137,0.34174999594688416,0.34174999594688416,0.0,339468000
2012-09-17,0.3077944219112396,0.33649998903274536,0.0,0.3467499911785126,0.33274999260902405,0.3467499911785126,0.0,493348000
2012-09-18,0.3098525106906891,0.3387500047683716,0.0,0.34275001287460327,0.33250001072883606,0.33274999260902405,0.0,359952000
2012-09-19,0.31351134181022644,0.34275001287460327,0.0,0.3474999964237213,0.33550000190734863,0.3395000100135803,0.0,451936000
2012-09-20,0.3112247884273529,0.3402499854564667,0.0,0.34375,0.3375000059604645,0.34200000762939453,0.0,320596000
2012-09-21,0.31259673833847046,0.34174999594688416,0.0,0.34375,0.3395000100135803,0.3407500088214874,0.0,340136000
2012-09-24,0.3123679459095001,0.34150001406669617,0.0,0.34200000762939453,0.335750013589859,0.3362500071525574,0.0,357832000
2012-09-25,0.3066510856151581,0.33524999022483826,0.0,0.3474999964237213,0.3347499966621399,0.34599998593330383,0.0,481544000
2012-09-26,0.30139169096946716,0.3294999897480011,0.0,0.33425000309944153,0.3255000114440918,0.33399999141693115,0.0,436812000
2012-09-27,0.303678423166275,0.3319999873638153,0.0,0.33250001072883606,0.32749998569488525,0.33024999499320984,0.0,558888000
2012-09-28,0.30505040287971497,0.3334999978542328,0.0,0.3382500112056732,0.32624998688697815,0.3305000066757202,0.0,485508000
2012-10-01,0.30001962184906006,0.328000009059906,0.0,0.3370000123977661,0.3267500102519989,0.33500000834465027,0.0,504236000
2012-10-02,0.301162987947464,0.3292500078678131,0.0,0.33024999499320984,0.3255000114440918,0.33024999499320984,0.0,295492000
2012-10-03,0.29819032549858093,0.32600000500679016,0.0,0.3310000002384186,0.3242500126361847,0.33000001311302185,0.0,430872000
2012-10-04,0.31145337224006653,0.34049999713897705,0.0,0.3425000011920929,0.32499998807907104,0.3267500102519989,0.0,502608000
2012-10-05,0.3041357696056366,0.33250001072883606,0.0,0.3449999988079071,0.33125001192092896,0.34150001406669617,0.0,483068000
2012-10-08,0.301162987947464,0.3292500078678131,0.0,0.33274999260902405,0.3267500102519989,0.33125001192092896,0.0,240596000
2012-10-09,0.29476016759872437,0.32225000858306885,0.0,0.3297500014305115,0.32124999165534973,0.32875001430511475,0.0,366360000
2012-10-10,0.2897292673587799,0.3167499899864197,0.0,0.32225000858306885,0.3154999911785126,0.32074999809265137,0.0,326568000
2012-10-11,0.2913300395011902,0.31850001215934753,0.0,0.32074999809265137,0.3160000145435333,0.31975001096725464,0.0,320516000
2012-10-12,0.28881460428237915,0.31575000286102295,0.0,0.3187499940395355,0.3137499988079071,0.3162499964237213,0.0,260696000
2012-10-15,0.29247331619262695,0.31975001096725464,0.0,0.3199999928474426,0.3125,0.3162499964237213,0.0,249580000
2012-10-16,0.30093440413475037,0.32899999618530273,0.0,0.33000001311302185,0.31949999928474426,0.32249999046325684,0.0,367696000
2012-10-17,0.29864752292633057,0.3264999985694885,0.0,0.328000009059906,0.3217499852180481,0.32499998807907104,0.0,391752000
2012-10-18,0.29407408833503723,0.3215000033378601,0.0,0.3257499933242798,0.320250004529953,0.3257499933242798,0.0,254772000
2012-10-19,0.27692359685897827,0.30274999141693115,0.0,0.3190000057220459,0.3009999990463257,0.3167499899864197,0.0,709412000
2012-10-22,0.2737221121788025,0.2992500066757202,0.0,0.3057500123977661,0.296750009059906,0.30399999022483826,0.0,480840000
2012-10-23,0.28195440769195557,0.3082500100135803,0.0,0.31025001406669617,0.2957499921321869,0.29649999737739563,0.0,573948000
2012-10-24,0.2782955765724182,0.30425000190734863,0.0,0.31150001287460327,0.30125001072883606,0.31025001406669617,0.0,332916000
2012-10-25,0.2785243093967438,0.304500013589859,0.0,0.3100000023841858,0.3032500147819519,0.30674999952316284,0.0,307356000
2012-10-26,0.2755516469478607,0.30125001072883606,0.0,0.30674999952316284,0.30125001072883606,0.3050000071525574,0.0,389376000
2012-10-31,0.27395087480545044,0.2994999885559082,0.0,0.3050000071525574,0.29875001311302185,0.30250000953674316,0.0,347112000
2012-11-01,0.28698524832725525,0.3137499988079071,0.0,0.3140000104904175,0.3007499873638153,0.3009999990463257,0.0,473220000
2012-11-02,0.28561311960220337,0.3122499883174896,0.0,0.3174999952316284,0.31025001406669617,0.31700000166893005,0.0,256700000
2012-11-05,0.2977329194545746,0.3255000114440918,0.0,0.3267500102519989,0.31150001287460327,0.31150001287460327,0.0,444840000
2012-11-06,0.2975043058395386,0.3252499997615814,0.0,0.32624998688697815,0.31975001096725464,0.32624998688697815,0.0,350804000
2012-11-07,0.28835734724998474,0.3152500092983246,0.0,0.32475000619888306,0.3137499988079071,0.3227500021457672,0.0,324620000
2012-11-08,0.28995802998542786,0.31700000166893005,0.0,0.3269999921321869,0.3162499964237213,0.3187499940395355,0.0,839024000
2012-11-09,0.2787530720233917,0.304749995470047,0.0,0.32249999046325684,0.30375000834465027,0.3187499940395355,0.0,846280000
2012-11-12,0.27257880568504333,0.2980000078678131,0.0,0.30649998784065247,0.29499998688697815,0.30524998903274536,0.0,643624000
2012-11-13,0.27052074670791626,0.2957499921321869,0.0,0.3032500147819519,0.2955000102519989,0.29649999737739563,0.0,492120000
2012-11-14,0.26388922333717346,0.28850001096725464,0.0,0.3005000054836273,0.28824999928474426,0.29750001430511475,0.0,619300000
2012-11-15,0.2650326192378998,0.28975000977516174,0.0,0.29774999618530273,0.2877500057220459,0.2902500033378601,0.0,466688000
2012-11-16,0.2602306008338928,0.28450000286102295,0.0,0.29074999690055847,0.2787500023841858,0.28975000977516174,0.0,624552000
2012-11-19,0.2675480544567108,0.29249998927116394,0.0,0.29350000619888306,0.2862499952316284,0.28975000977516174,0.0,404092000
2012-11-20,0.26444104313850403,0.28725001215934753,0.001875,0.29074999690055847,0.2842499911785126,0.28949999809265137,0.0,336976000
2012-11-21,0.2720358073711395,0.2955000102519989,0.0,0.29624998569488525,0.28700000047683716,0.28725001215934753,0.0,422312000
2012-11-23,0.2738771438598633,0.29750001430511475,0.0,0.3009999990463257,0.2952499985694885,0.296750009059906,0.0,276932000
2012-11-26,0.27871018648147583,0.30274999141693115,0.0,0.3034999966621399,0.29750001430511475,0.2980000078678131,0.0,364600000
2012-11-27,0.2798609137535095,0.30399999022483826,0.0,0.3084999918937683,0.29899999499320984,0.30149999260902405,0.0,451404000
2012-11-28,0.2821624279022217,0.30649998784065247,0.0,0.30799999833106995,0.29899999499320984,0.30274999141693115,0.0,398332000
2012-11-29,0.27709922194480896,0.3009999990463257,0.0,0.3084999918937683,0.30000001192092896,0.3070000112056732,0.0,488688000
2012-11-30,0.27548810839653015,0.2992500066757202,0.0,0.30300000309944153,0.29750001430511475,0.3007499873638153,0.0,460504000
2012-12-03,0.27042481303215027,0.29374998807907104,0.0,0.30300000309944153,0.2930000126361847,0.30300000309944153,0.0,391380000
2012-12-04,0.27848008275032043,0.30250000953674316,0.0,0.30300000309944153,0.29249998927116394,0.2942500114440918,0.0,528068000
2012-12-05,0.2752579152584076,0.29899999499320984,0.0,0.3019999861717224,0.29475000500679016,0.30000001192092896,0.0,633024000
2012-12-06,0.2757183015346527,0.2994999885559082,0.0,0.30149999260902405,0.29725000262260437,0.2982499897480011,0.0,412896000
2012-12-07,0.2752579152584076,0.29899999499320984,0.0,0.30125001072883606,0.2955000102519989,0.2997500002384186,0.0,338288000
2012-12-10,0.28446394205093384,0.3089999854564667,0.0,0.3112500011920929,0.2982499897480011,0.29899999499320984,0.0,513644000
2012-12-11,0.29113826155662537,0.3162499964237213,0.0,0.320250004529953,0.30924999713897705,0.3100000023841858,0.0,816724000
2012-12-12,0.2881462872028351,0.31299999356269836,0.0,0.3190000057220459,0.31174999475479126,0.31725001335144043,0.0,399404000
2012-12-13,0.28837648034095764,0.31325000524520874,0.0,0.3192499876022339,0.31025001406669617,0.3125,0.0,377556000
2012-12-14,0.2897573411464691,0.31474998593330383,0.0,0.3179999887943268,0.3122499883174896,0.31450000405311584,0.0,338660000
2012-12-17,0.2886067032814026,0.31349998712539673,0.0,0.31575000286102295,0.3087500035762787,0.3140000104904175,0.0,445232000
2012-12-18,0.28906694054603577,0.3140000104904175,0.0,0.3174999952316284,0.3125,0.31349998712539673,0.0,416436000
2012-12-19,0.29113826155662537,0.3162499964237213,0.0,0.3199999928474426,0.3149999976158142,0.3162499964237213,0.0,458544000
2012-12-20,0.29090800881385803,0.3160000145435333,0.0,0.3177500069141388,0.3125,0.3174999952316284,0.0,334332000
2012-12-21,0.2842336595058441,0.3087500035762787,0.0,0.31174999475479126,0.30524998903274536,0.31174999475479126,0.0,462172000
2012-12-24,0.28193220496177673,0.3062500059604645,0.0,0.3095000088214874,0.30524998903274536,0.3084999918937683,0.0,127376000
2012-12-26,0.2817021608352661,0.3059999942779541,0.0,0.31049999594688416,0.304749995470047,0.30550000071525574,0.0,196740000
2012-12-27,0.2798609137535095,0.30399999022483826,0.0,0.3070000112056732,0.3005000054836273,0.30649998784065247,0.0,299804000
2012-12-28,0.27848008275032043,0.30250000953674316,0.0,0.3072499930858612,0.3007499873638153,0.30125001072883606,0.0,220600000
2012-12-31,0.2821624279022217,0.30649998784065247,0.0,0.30774998664855957,0.3007499873638153,0.30149999260902405,0.0,326460000
2013-01-02,0.29274922609329224,0.3179999887943268,0.0,0.31825000047683716,0.3127500116825104,0.3140000104904175,0.0,478836000
2013-01-03,0.29297935962677,0.31825000047683716,0.0,0.3217499852180481,0.31450000405311584,0.3179999887943268,0.0,298888000
2013-01-04,0.3026457726955414,0.32875001430511475,0.0,0.3297500014305115,0.3177500069141388,0.3187499940395355,0.0,524968000
2013-01-07,0.2939000427722931,0.3192499876022339,0.0,0.3294999897480011,0.31700000166893005,0.32850000262260437,0.0,610732000
2013-01-08,0.28745582699775696,0.3122499883174896,0.0,0.32100000977516174,0.3100000023841858,0.3199999928474426,0.0,466424000
2013-01-09,0.2810117304325104,0.30524998903274536,0.0,0.3162499964237213,0.3032500147819519,0.31474998593330383,0.0,695020000
2013-01-10,0.2814719080924988,0.3057500123977661,0.0,0.3095000088214874,0.30399999022483826,0.30799999833106995,0.0,506368000
2013-01-11,0.2810117304325104,0.30524998903274536,0.0,0.3072499930858612,0.3022499978542328,0.3070000112056732,0.0,513172000
2013-01-14,0.2807815670967102,0.3050000071525574,0.0,0.3072499930858612,0.30149999260902405,0.3072499930858612,0.0,305684000
2013-01-15,0.2757183015346527,0.2994999885559082,0.0,0.3034999966621399,0.29774999618530273,0.3034999966621399,0.0,375888000
2013-01-16,0.2782498896121979,0.3022499978542328,0.0,0.304749995470047,0.29899999499320984,0.29899999499320984,0.0,337376000
2013-01-17,0.28193220496177673,0.3062500059604645,0.0,0.3075000047683716,0.30250000953674316,0.3032500147819519,0.0,580736000
2013-01-18,0.2800910472869873,0.30425000190734863,0.0,0.3062500059604645,0.3005000054836273,0.3062500059604645,0.0,397088000
2013-01-22,0.27871018648147583,0.30274999141693115,0.0,0.30674999952316284,0.30125001072883606,0.30399999022483826,0.0,308224000
2013-01-23,0.27917054295539856,0.3032500147819519,0.0,0.30399999022483826,0.30000001192092896,0.30375000834465027,0.0,421808000
2013-01-24,0.2805514931678772,0.304749995470047,0.0,0.3059999942779541,0.3007499873638153,0.3022499978542328,0.0,396980000
2013-01-25,0.28561457991600037,0.31025001406669617,0.0,0.31049999594688416,0.30375000834465027,0.30524998903274536,0.0,393920000
2013-01-28,0.290217787027359,0.3152500092983246,0.0,0.31725001335144043,0.3109999895095825,0.31174999475479126,0.0,422492000
2013-01-29,0.28400367498397827,0.3084999918937683,0.0,0.31474998593330383,0.3072499930858612,0.3140000104904175,0.0,388872000
2013-01-30,0.2835434377193451,0.30799999833106995,0.0,0.31299999356269836,0.3070000112056732,0.3087500035762787,0.0,287592000
2013-01-31,0.2821624279022217,0.30649998784065247,0.0,0.31150001287460327,0.304500013589859,0.30799999833106995,0.0,470544000
2013-02-01,0.2846940755844116,0.30924999713897705,0.0,0.31025001406669617,0.30649998784065247,0.3089999854564667,0.0,288816000
2013-02-04,0.2798609137535095,0.30399999022483826,0.0,0.3137499988079071,0.30375000834465027,0.3075000047683716,0.0,511744000
2013-02-05,0.2863050699234009,0.3109999895095825,0.0,0.3127500116825104,0.304500013589859,0.30550000071525574,0.0,367296000
2013-02-06,0.28400367498397827,0.3084999918937683,0.0,0.3109999895095825,0.3017500042915344,0.3034999966621399,0.0,530688000
2013-02-07,0.28285282850265503,0.3072499930858612,0.0,0.3100000023841858,0.30425000190734863,0.3075000047683716,0.0,440000000
2013-02-08,0.2846940755844116,0.30924999713897705,0.0,0.31174999475479126,0.3072499930858612,0.30924999713897705,0.0,307232000
2013-02-11,0.28791627287864685,0.3127500116825104,0.0,0.3160000145435333,0.3087500035762787,0.31174999475479126,0.0,408308000
2013-02-12,0.2860749065876007,0.31075000762939453,0.0,0.31424999237060547,0.3095000088214874,0.3100000023841858,0.0,277804000
2013-02-13,0.2846940755844116,0.30924999713897705,0.0,0.3167499899864197,0.3082500100135803,0.3109999895095825,0.0,856396000
2013-02-14,0.29297935962677,0.31825000047683716,0.0,0.31850001215934753,0.30125001072883606,0.3050000071525574,0.0,882096000
2013-02-15,0.29297935962677,0.31825000047683716,0.0,0.31975001096725464,0.3112500011920929,0.3174999952316284,0.0,733860000
2013-02-19,0.28906694054603577,0.3140000104904175,0.0,0.3187499940395355,0.31200000643730164,0.31850001215934753,0.0,433552000
2013-02-20,0.2849242091178894,0.3095000088214874,0.0,0.3199999928474426,0.3084999918937683,0.3149999976158142,0.0,713012000
2013-02-21,0.28285282850265503,0.3072499930858612,0.0,0.3125,0.30649998784065247,0.3089999854564667,0.0,580408000
2013-02-22,0.2881462872028351,0.31299999356269836,0.0,0.31325000524520874,0.3075000047683716,0.30924999713897705,0.0,370148000
2013-02-25,0.2830830514431,0.3075000047683716,0.0,0.3162499964237213,0.3070000112056732,0.3137499988079071,0.0,644444000
2013-02-26,0.2864407002925873,0.30924999713897705,0.001875,0.3109999895095825,0.30524998903274536,0.3062500059604645,0.0,487504000
2013-02-27,0.29176652431488037,0.3149999976158142,0.0,0.31725001335144043,0.3084999918937683,0.30924999713897705,0.0,476980000
2013-02-28,0.2931559383869171,0.3165000081062317,0.0,0.32124999165534973,0.3127500116825104,0.3140000104904175,0.0,591392000
2013-03-01,0.29431384801864624,0.3177500069141388,0.0,0.3187499940395355,0.31150001287460327,0.31424999237060547,0.0,389396000
2013-03-04,0.2931559383869171,0.3165000081062317,0.0,0.31949999928474426,0.31299999356269836,0.3154999911785126,0.0,353680000
2013-03-05,0.29639771580696106,0.3199999928474426,0.0,0.320499986410141,0.3167499899864197,0.31825000047683716,0.0,366168000
2013-03-06,0.2961662709712982,0.31975001096725464,0.0,0.32499998807907104,0.31825000047683716,0.32199999690055847,0.0,342928000
2013-03-07,0.2954714596271515,0.3190000057220459,0.0,0.32475000619888306,0.31725001335144043,0.3215000033378601,0.0,314824000
2013-03-08,0.29686084389686584,0.320499986410141,0.0,0.32199999690055847,0.31825000047683716,0.31975001096725464,0.0,246464000
2013-03-11,0.2940821945667267,0.3174999952316284,0.0,0.3187499940395355,0.31474998593330383,0.31725001335144043,0.0,299748000
2013-03-12,0.29500842094421387,0.31850001215934753,0.0,0.31949999928474426,0.3140000104904175,0.31700000166893005,0.0,310856000
2013-03-13,0.29500842094421387,0.31850001215934753,0.0,0.3240000009536743,0.3154999911785126,0.31850001215934753,0.0,485840000
2013-03-14,0.29524004459381104,0.3187499940395355,0.0,0.3215000033378601,0.3167499899864197,0.320499986410141,0.0,383304000
2013-03-15,0.29269272089004517,0.3160000145435333,0.0,0.3187499940395355,0.31474998593330383,0.3187499940395355,0.0,355776000
2013-03-18,0.29060864448547363,0.3137499988079071,0.0,0.3167499899864197,0.31150001287460327,0.3140000104904175,0.0,298312000
2013-03-19,0.28875628113746643,0.31174999475479126,0.0,0.3154999911785126,0.3095000088214874,0.3140000104904175,0.0,355480000
2013-03-20,0.2922295928001404,0.3154999911785126,0.0,0.3165000081062317,0.31200000643730164,0.31474998593330383,0.0,340588000
2013-03-21,0.28759855031967163,0.31049999594688416,0.0,0.31424999237060547,0.3100000023841858,0.3137499988079071,0.0,339032000
2013-03-22,0.2889878749847412,0.31200000643730164,0.0,0.31325000524520874,0.31025001406669617,0.31150001287460327,0.0,232476000
2013-03-25,0.2873668074607849,0.31025001406669617,0.0,0.3140000104904175,0.30799999833106995,0.3137499988079071,0.0,362076000
2013-03-26,0.2894509732723236,0.3125,0.0,0.3127500116825104,0.3097499907016754,0.3109999895095825,0.0,232540000
2013-03-27,0.2929244041442871,0.3162499964237213,0.0,0.3179999887943268,0.31049999594688416,0.3112500011920929,0.0,254944000
2013-03-28,0.2970925569534302,0.32074999809265137,0.0,0.32100000977516174,0.31325000524520874,0.3154999911785126,0.0,349276000
2013-04-01,0.2873668074607849,0.31025001406669617,0.0,0.3199999928474426,0.30799999833106995,0.3199999928474426,0.0,442828000
2013-04-02,0.28435662388801575,0.3070000112056732,0.0,0.3112500011920929,0.3050000071525574,0.31049999594688416,0.0,371524000
2013-04-03,0.2808832824230194,0.3032500147819519,0.0,0.3082500100135803,0.3009999990463257,0.30649998784065247,0.0,353156000
2013-04-04,0.2836618423461914,0.3062500059604645,0.0,0.3072499930858612,0.30125001072883606,0.3022499978542328,0.0,294676000
2013-04-05,0.2885247468948364,0.31150001287460327,0.0,0.31150001287460327,0.3009999990463257,0.3017500042915344,0.0,551352000
2013-04-08,0.2878299951553345,0.31075000762939453,0.0,0.31174999475479126,0.3050000071525574,0.31174999475479126,0.0,326660000
2013-04-09,0.29246121644973755,0.31575000286102295,0.0,0.3179999887943268,0.3087500035762787,0.3109999895095825,0.0,380584000
2013-04-10,0.2970925569534302,0.32074999809265137,0.0,0.32124999165534973,0.3152500092983246,0.3160000145435333,0.0,384688000
2013-04-11,0.29570311307907104,0.3192499876022339,0.0,0.32124999165534973,0.3075000047683716,0.3162499964237213,0.0,969220000
2013-04-12,0.30311304330825806,0.32725000381469727,0.0,0.3307499885559082,0.3179999887943268,0.32074999809265137,0.0,770548000
2013-04-15,0.29686084389686584,0.320499986410141,0.0,0.32725000381469727,0.31850001215934753,0.32624998688697815,0.0,430420000
2013-04-16,0.30010271072387695,0.3240000009536743,0.0,0.32624998688697815,0.3217499852180481,0.32350000739097595,0.0,468844000
2013-04-17,0.2961662709712982,0.31975001096725464,0.0,0.3244999945163727,0.3177500069141388,0.3215000033378601,0.0,532948000
2013-04-18,0.29037725925445557,0.31349998712539673,0.0,0.32249999046325684,0.31349998712539673,0.320499986410141,0.0,402548000
2013-04-19,0.29107168316841125,0.31424999237060547,0.0,0.3152500092983246,0.30924999713897705,0.31325000524520874,0.0,303028000
2013-04-22,0.29153501987457275,0.31474998593330383,0.0,0.3174999952316284,0.31150001287460327,0.3140000104904175,0.0,245568000
2013-04-23,0.2991764545440674,0.3230000138282776,0.0,0.32624998688697815,0.31700000166893005,0.3174999952316284,0.0,376948000
2013-04-24,0.30936503410339355,0.33399999141693115,0.0,0.33675000071525574,0.32374998927116394,0.3240000009536743,0.0,556556000
2013-04-25,0.311912477016449,0.33675000071525574,0.0,0.3375000059604645,0.33274999260902405,0.335750013589859,0.0,353224000
2013-04-26,0.31052297353744507,0.33524999022483826,0.0,0.33675000071525574,0.3334999978542328,0.3362500071525574,0.0,324332000
2013-04-29,0.3142279386520386,0.33924999833106995,0.0,0.34049999713897705,0.33425000309944153,0.335750013589859,0.0,269712000
2013-04-30,0.31885913014411926,0.34424999356269836,0.0,0.34424999356269836,0.33774998784065247,0.3400000035762787,0.0,276712000
2013-05-01,0.31608039140701294,0.3412500023841858,0.0,0.3465000092983246,0.3400000035762787,0.34424999356269836,0.0,341316000
2013-05-02,0.3197854161262512,0.3452500104904175,0.0,0.3462499976158142,0.33899998664855957,0.3409999907016754,0.0,323480000
2013-05-03,0.3211747705936432,0.3467499911785126,0.0,0.3492499887943268,0.34549999237060547,0.3474999964237213,0.0,293864000
2013-05-06,0.320248544216156,0.34575000405311584,0.0,0.3487499952316284,0.34375,0.3467499911785126,0.0,217116000
2013-05-07,0.31608039140701294,0.3412500023841858,0.0,0.3465000092983246,0.33799999952316284,0.34575000405311584,0.0,448068000
2013-05-08,0.32186952233314514,0.3474999964237213,0.0,0.34950000047683716,0.34049999713897705,0.34174999594688416,0.0,334032000
2013-05-09,0.3221008777618408,0.3477500081062317,0.0,0.3492499887943268,0.3407500088214874,0.3412500023841858,0.0,566800000
2013-05-10,0.33668938279151917,0.3634999990463257,0.0,0.36500000953674316,0.35499998927116394,0.35499998927116394,0.0,861136000
2013-05-13,0.32974258065223694,0.35600000619888306,0.0,0.36250001192092896,0.3544999957084656,0.3610000014305115,0.0,289812000
2013-05-14,0.3346053659915924,0.36125001311302185,0.0,0.3642500042915344,0.3567500114440918,0.36024999618530273,0.0,454140000
2013-05-15,0.34039440751075745,0.3675000071525574,0.0,0.3687500059604645,0.359499990940094,0.359499990940094,0.0,313172000
2013-05-16,0.3387733995914459,0.3657500147819519,0.0,0.3707500100135803,0.3644999861717224,0.367000013589859,0.0,308368000
2013-05-17,0.34433090686798096,0.37174999713897705,0.0,0.37424999475479126,0.3647499978542328,0.3675000071525574,0.0,312116000
2013-05-20,0.34363609552383423,0.3709999918937683,0.0,0.3725000023841858,0.36899998784065247,0.37024998664855957,0.0,236380000
2013-05-21,0.34724369645118713,0.37299999594688416,0.001875,0.37450000643730164,0.367000013589859,0.3712500035762787,0.0,357784000
2013-05-22,0.3351413905620575,0.36000001430511475,0.0,0.37450000643730164,0.35850000381469727,0.37450000643730164,0.0,480404000
2013-05-23,0.3404942750930786,0.3657500147819519,0.0,0.367000013589859,0.35475000739097595,0.3557499945163727,0.0,393884000
2013-05-24,0.3383996784687042,0.3634999990463257,0.0,0.36675000190734863,0.359499990940094,0.36375001072883606,0.0,283304000
2013-05-28,0.3381669223308563,0.3632499873638153,0.0,0.367249995470047,0.35975000262260437,0.36625000834465027,0.0,279300000
2013-05-29,0.33607217669487,0.3610000014305115,0.0,0.3632499873638153,0.359499990940094,0.3610000014305115,0.0,335052000
2013-05-30,0.3404942750930786,0.3657500147819519,0.0,0.3695000112056732,0.359499990940094,0.3605000078678131,0.0,284504000
2013-05-31,0.33677059412002563,0.3617500066757202,0.0,0.36899998784065247,0.3617500066757202,0.36375001072883606,0.0,577508000
2013-06-03,0.3363049626350403,0.36125001311302185,0.0,0.36500000953674316,0.35374999046325684,0.3622500002384186,0.0,444468000
2013-06-04,0.33677059412002563,0.3617500066757202,0.0,0.3700000047683716,0.359499990940094,0.3634999990463257,0.0,363676000
2013-06-05,0.3295556902885437,0.3540000021457672,0.0,0.36399999260902405,0.3529999852180481,0.36125001311302185,0.0,464520000
2013-06-06,0.3316502273082733,0.35624998807907104,0.0,0.35899999737739563,0.35374999046325684,0.3540000021457672,0.0,341044000
2013-06-07,0.3363049626350403,0.36125001311302185,0.0,0.3634999990463257,0.35725000500679016,0.35874998569488525,0.0,274584000
2013-06-10,0.33607217669487,0.3610000014305115,0.0,0.3632499873638153,0.3582499921321869,0.36024999618530273,0.0,224148000
2013-06-11,0.3297883868217468,0.3542500138282776,0.0,0.36125001311302185,0.3542500138282776,0.35624998807907104,0.0,296336000
2013-06-12,0.3269953727722168,0.3512499928474426,0.0,0.35899999737739563,0.3492499887943268,0.35600000619888306,0.0,312588000
2013-06-13,0.334443062543869,0.359250009059906,0.0,0.3610000014305115,0.34975001215934753,0.3499999940395355,0.0,236256000
2013-06-14,0.3339776396751404,0.35874998569488525,0.0,0.3610000014305115,0.35624998807907104,0.3605000078678131,0.0,236012000
2013-06-17,0.3372359275817871,0.3622500002384186,0.0,0.36550000309944153,0.359499990940094,0.36149999499320984,0.0,255336000
2013-06-18,0.3351413905620575,0.36000001430511475,0.0,0.36800000071525574,0.3569999933242798,0.36399999260902405,0.0,486772000
2013-06-19,0.3453816771507263,0.3709999918937683,0.0,0.3869999945163727,0.3619999885559082,0.3632499873638153,0.0,1159588000
2013-06-20,0.33607217669487,0.3610000014305115,0.0,0.3684999942779541,0.35850000381469727,0.36800000071525574,0.0,628696000
2013-06-21,0.33560675382614136,0.3605000078678131,0.0,0.3642500042915344,0.3544999957084656,0.3630000054836273,0.0,714228000
2013-06-24,0.3286246657371521,0.3529999852180481,0.0,0.35975000262260437,0.3477500081062317,0.3552500009536743,0.0,580772000
2013-06-25,0.3309520483016968,0.3555000126361847,0.0,0.35749998688697815,0.351749986410141,0.3567500114440918,0.0,457360000
2013-06-26,0.3290901482105255,0.35350000858306885,0.0,0.36000001430511475,0.35199999809265137,0.359499990940094,0.0,579752000
2013-06-27,0.3260645270347595,0.3502500057220459,0.0,0.35499998927116394,0.3465000092983246,0.3544999957084656,0.0,808036000
2013-06-28,0.3267627954483032,0.35100001096725464,0.0,0.3544999957084656,0.34575000405311584,0.3502500057220459,0.0,431536000
2013-07-01,0.3281591832637787,0.35249999165534973,0.0,0.3542500138282776,0.3502500057220459,0.35350000858306885,0.0,199524000
2013-07-02,0.3279264569282532,0.35225000977516174,0.0,0.35749998688697815,0.3490000069141388,0.3504999876022339,0.0,256392000
2013-07-03,0.3288573622703552,0.35324999690055847,0.0,0.35749998688697815,0.3492499887943268,0.3492499887943268,0.0,140388000
2013-07-05,0.33141741156578064,0.35600000619888306,0.0,0.3567500114440918,0.35199999809265137,0.3542500138282776,0.0,184684000
2013-07-08,0.3297883868217468,0.3542500138282776,0.0,0.35874998569488525,0.35225000977516174,0.3569999933242798,0.0,262084000
2013-07-09,0.33141741156578064,0.35600000619888306,0.0,0.3582499921321869,0.3540000021457672,0.35499998927116394,0.0,157364000
2013-07-10,0.33583950996398926,0.3607499897480011,0.0,0.3617500066757202,0.35499998927116394,0.35600000619888306,0.0,208468000
2013-07-11,0.3404942750930786,0.3657500147819519,0.0,0.36625000834465027,0.3619999885559082,0.36274999380111694,0.0,239832000
2013-07-12,0.34072691202163696,0.3659999966621399,0.0,0.3695000112056732,0.36375001072883606,0.36500000953674316,0.0,216360000
2013-07-15,0.3400287926197052,0.36524999141693115,0.0,0.36675000190734863,0.359499990940094,0.36675000190734863,0.0,201332000
2013-07-16,0.3418906629085541,0.367249995470047,0.0,0.36924999952316284,0.36500000953674316,0.36675000190734863,0.0,162560000
2013-07-17,0.3400287926197052,0.36524999141693115,0.0,0.3684999942779541,0.3642500042915344,0.367249995470047,0.0,166100000
2013-07-18,0.33863234519958496,0.36375001072883606,0.0,0.3659999966621399,0.35899999737739563,0.3647499978542328,0.0,344488000
2013-07-19,0.33141741156578064,0.35600000619888306,0.0,0.3632499873638153,0.35225000977516174,0.36149999499320984,0.0,480532000
2013-07-22,0.3311848044395447,0.3557499945163727,0.0,0.3619999885559082,0.3542500138282776,0.35874998569488525,0.0,292384000
2013-07-23,0.3307192623615265,0.3552500009536743,0.0,0.36024999618530273,0.35350000858306885,0.36024999618530273,0.0,246792000
2013-07-24,0.3307192623615265,0.3552500009536743,0.0,0.359499990940094,0.35475000739097595,0.35850000381469727,0.0,284252000
2013-07-25,0.3318829834461212,0.3564999997615814,0.0,0.36125001311302185,0.35249999165534973,0.35499998927116394,0.0,243320000
2013-07-26,0.33048656582832336,0.35499998927116394,0.0,0.35725000500679016,0.35225000977516174,0.35225000977516174,0.0,227360000
2013-07-29,0.3297883868217468,0.3542500138282776,0.0,0.35874998569488525,0.35324999690055847,0.3542500138282776,0.0,179540000
2013-07-30,0.33537423610687256,0.36024999618530273,0.0,0.36500000953674316,0.3552500009536743,0.3555000126361847,0.0,266076000
2013-07-31,0.33607217669487,0.3610000014305115,0.0,0.3644999861717224,0.3582499921321869,0.35850000381469727,0.0,270160000
2013-08-01,0.34072691202163696,0.3659999966621399,0.0,0.36675000190734863,0.3580000102519989,0.3622500002384186,0.0,277648000
2013-08-02,0.34351974725723267,0.36899998784065247,0.0,0.3697499930858612,0.36274999380111694,0.36524999141693115,0.0,209628000
2013-08-05,0.3451490104198456,0.3707500100135803,0.0,0.3720000088214874,0.3659999966621399,0.36800000071525574,0.0,185188000
2013-08-06,0.3400287926197052,0.36524999141693115,0.0,0.37174999713897705,0.3644999861717224,0.3709999918937683,0.0,206608000
2013-08-07,0.3397960066795349,0.36500000953674316,0.0,0.3687500059604645,0.3630000054836273,0.3632499873638153,0.0,244380000
2013-08-08,0.3421233594417572,0.3675000071525574,0.0,0.36924999952316284,0.36274999380111694,0.367000013589859,0.0,345696000
2013-08-09,0.3372359275817871,0.3622500002384186,0.0,0.36774998903274536,0.3527500033378601,0.3529999852180481,0.0,906224000
2013-08-12,0.334443062543869,0.359250009059906,0.0,0.3644999861717224,0.32774999737739563,0.3474999964237213,0.0,257568000
2013-08-13,0.33560675382614136,0.3605000078678131,0.0,0.3619999885559082,0.35749998688697815,0.35975000262260437,0.0,197468000
2013-08-14,0.34980374574661255,0.37575000524520874,0.0,0.3779999911785126,0.359499990940094,0.35975000262260437,0.0,828508000
2013-08-15,0.3521311581134796,0.37825000286102295,0.0,0.3812499940395355,0.37024998664855957,0.37174999713897705,0.0,723616000
2013-08-16,0.3535274267196655,0.37975001335144043,0.0,0.38499999046325684,0.37674999237060547,0.3774999976158142,0.0,660456000
2013-08-19,0.3479418456554413,0.3737500011920929,0.0,0.3787499964237213,0.3734999895095825,0.3774999976158142,0.0,393432000
2013-08-20,0.34969624876976013,0.3737500011920929,0.001875,0.3762499988079071,0.3712500035762787,0.37174999713897705,0.0,234192000
2013-08-21,0.348058819770813,0.3720000088214874,0.0,0.3762499988079071,0.37049999833106995,0.3714999854564667,0.0,261540000
2013-08-22,0.349930077791214,0.37400001287460327,0.0,0.3774999976158142,0.37174999713897705,0.37174999713897705,0.0,129016000
2013-08-23,0.349930077791214,0.37400001287460327,0.0,0.3774999976158142,0.37325000762939453,0.37450000643730164,0.0,245120000
2013-08-26,0.3506317734718323,0.3747499883174896,0.0,0.37575000524520874,0.37325000762939453,0.37424999475479126,0.0,300152000
2013-08-27,0.3461875021457672,0.3700000047683716,0.0,0.3737500011920929,0.3687500059604645,0.3712500035762787,0.0,277464000
2013-08-28,0.3461875021457672,0.3700000047683716,0.0,0.3734999895095825,0.3684999942779541,0.3707500100135803,0.0,318824000
2013-08-29,0.3454858064651489,0.36924999952316284,0.0,0.37275001406669617,0.36774998903274536,0.3687500059604645,0.0,276216000
2013-08-30,0.3450179398059845,0.3687500059604645,0.0,0.37049999833106995,0.367000013589859,0.3695000112056732,0.0,378120000
2013-09-03,0.3452518582344055,0.36899998784065247,0.0,0.37424999475479126,0.36675000190734863,0.3697499930858612,0.0,284680000
2013-09-04,0.34852656722068787,0.3725000023841858,0.0,0.3747499883174896,0.3684999942779541,0.36899998784065247,0.0,222080000
2013-09-05,0.34946224093437195,0.3734999895095825,0.0,0.375,0.3707500100135803,0.3709999918937683,0.0,174904000
2013-09-06,0.348058819770813,0.3720000088214874,0.0,0.37575000524520874,0.36924999952316284,0.3737500011920929,0.0,226756000
2013-09-09,0.3539065718650818,0.37825000286102295,0.0,0.37825000286102295,0.37400001287460327,0.375,0.0,246408000
2013-09-10,0.36139175295829773,0.38624998927116394,0.0,0.3865000009536743,0.3792499899864197,0.38100001215934753,0.0,292132000
2013-09-11,0.36747339367866516,0.39274999499320984,0.0,0.39375001192092896,0.382999986410141,0.3857499957084656,0.0,396164000
2013-09-12,0.367239385843277,0.39250001311302185,0.0,0.39750000834465027,0.390749990940094,0.390749990940094,0.0,303808000
2013-09-13,0.3695785403251648,0.39500001072883606,0.0,0.39675000309944153,0.39100000262260437,0.39375001192092896,0.0,159696000
2013-09-16,0.3698124885559082,0.39524999260902405,0.0,0.4009999930858612,0.39375001192092896,0.398250013589859,0.0,231412000
2013-09-17,0.370981901884079,0.39649999141693115,0.0,0.3997499942779541,0.39500001072883606,0.39675000309944153,0.0,168608000
2013-09-18,0.37425675988197327,0.4000000059604645,0.0,0.4009999930858612,0.3947499990463257,0.39675000309944153,0.0,268168000
2013-09-19,0.3726193904876709,0.398250013589859,0.0,0.4025000035762787,0.39649999141693115,0.40174999833106995,0.0,227572000
2013-09-20,0.36934465169906616,0.3947499990463257,0.0,0.40174999833106995,0.39399999380111694,0.39925000071525574,0.0,356036000
2013-09-23,0.36583590507507324,0.39100000262260437,0.0,0.39774999022483826,0.38874998688697815,0.3944999873638153,0.0,271244000
2013-09-24,0.367239385843277,0.39250001311302185,0.0,0.39399999380111694,0.3889999985694885,0.39125001430511475,0.0,229732000
2013-09-25,0.36770743131637573,0.3930000066757202,0.0,0.3959999978542328,0.38999998569488525,0.3917500078678131,0.0,233156000
2013-09-26,0.36653780937194824,0.3917500078678131,0.0,0.3947499990463257,0.3894999921321869,0.39399999380111694,0.0,148816000
2013-09-27,0.36443257331848145,0.3894999921321869,0.0,0.3919999897480011,0.38725000619888306,0.38874998688697815,0.0,151920000
2013-09-30,0.3639647960662842,0.3889999985694885,0.0,0.3917500078678131,0.38324999809265137,0.3855000138282776,0.0,226640000
2013-10-01,0.36373069882392883,0.38874998688697815,0.0,0.39125001430511475,0.3865000009536743,0.3894999921321869,0.0,226976000
2013-10-02,0.36349692940711975,0.38850000500679016,0.0,0.38999998569488525,0.38475000858306885,0.38475000858306885,0.0,162036000
2013-10-03,0.35975444316864014,0.38449999690055847,0.0,0.3922500014305115,0.382750004529953,0.38874998688697815,0.0,436768000
2013-10-04,0.36466652154922485,0.38975000381469727,0.0,0.3930000066757202,0.382999986410141,0.3840000033378601,0.0,246228000
2013-10-07,0.36466652154922485,0.38975000381469727,0.0,0.39250001311302185,0.38624998927116394,0.3882499933242798,0.0,169952000
2013-10-08,0.3616255521774292,0.3865000009536743,0.0,0.3942500054836273,0.38350000977516174,0.38874998688697815,0.0,290712000
2013-10-09,0.35601165890693665,0.3804999887943268,0.0,0.3892500102519989,0.3785000145435333,0.3889999985694885,0.0,275860000
2013-10-10,0.35998818278312683,0.38475000858306885,0.0,0.3857499957084656,0.3804999887943268,0.38324999809265137,0.0,223484000
2013-10-11,0.3569473624229431,0.3815000057220459,0.0,0.38350000977516174,0.3774999976158142,0.3787499964237213,0.0,213704000
2013-10-14,0.36232736706733704,0.38725000619888306,0.0,0.38725000619888306,0.3804999887943268,0.3804999887943268,0.0,166628000
2013-10-15,0.3604561388492584,0.3852500021457672,0.0,0.3894999921321869,0.38499999046325684,0.38725000619888306,0.0,208820000
2013-10-16,0.3649003803730011,0.38999998569488525,0.0,0.39149999618530273,0.3869999945163727,0.38749998807907104,0.0,210072000
2013-10-17,0.3656022250652313,0.390749990940094,0.0,0.3917500078678131,0.3869999945163727,0.3869999945163727,0.0,213324000
2013-10-18,0.3698124885559082,0.39524999260902405,0.0,0.39649999141693115,0.38850000500679016,0.38999998569488525,0.0,255068000
2013-10-21,0.3707481622695923,0.39625000953674316,0.0,0.40024998784065247,0.39500001072883606,0.4000000059604645,0.0,195008000
2013-10-22,0.36887678503990173,0.3942500054836273,0.0,0.39649999141693115,0.390749990940094,0.39625000953674316,0.0,179452000
2013-10-23,0.3625611960887909,0.38749998807907104,0.0,0.3935000002384186,0.38624998927116394,0.3935000002384186,0.0,252216000
2013-10-24,0.35998818278312683,0.38475000858306885,0.0,0.39100000262260437,0.3840000033378601,0.38850000500679016,0.0,236436000
2013-10-25,0.35647955536842346,0.38100001215934753,0.0,0.3869999945163727,0.37975001335144043,0.3867500126361847,0.0,330492000
2013-10-28,0.3557778298854828,0.3802500069141388,0.0,0.38225001096725464,0.375,0.3804999887943268,0.0,394024000
2013-10-29,0.35624563694000244,0.38075000047683716,0.0,0.3815000057220459,0.3762499988079071,0.37975001335144043,0.0,387952000
2013-10-30,0.35601165890693665,0.3804999887943268,0.0,0.38374999165534973,0.37724998593330383,0.38199999928474426,0.0,204032000
2013-10-31,0.35530999302864075,0.37975001335144043,0.0,0.38374999165534973,0.3790000081062317,0.38100001215934753,0.0,293368000
2013-11-01,0.3569473624229431,0.3815000057220459,0.0,0.38324999809265137,0.3787499964237213,0.3817499876022339,0.0,206136000
2013-11-04,0.3466552495956421,0.37049999833106995,0.0,0.382750004529953,0.3697499930858612,0.382750004529953,0.0,410264000
2013-11-05,0.3461875021457672,0.3700000047683716,0.0,0.37174999713897705,0.3642500042915344,0.3682500123977661,0.0,422368000
2013-11-06,0.34852656722068787,0.3725000023841858,0.0,0.37275001406669617,0.36625000834465027,0.3700000047683716,0.0,198044000
2013-11-07,0.3403398096561432,0.36375001072883606,0.0,0.3722499907016754,0.3630000054836273,0.3712500035762787,0.0,553076000
2013-11-08,0.3639647960662842,0.3889999985694885,0.0,0.39024999737739563,0.3734999895095825,0.375,0.0,734532000
2013-11-11,0.36700552701950073,0.3922500014305115,0.0,0.3932499885559082,0.3867500126361847,0.38749998807907104,0.0,297624000
2013-11-12,0.36770743131637573,0.3930000066757202,0.0,0.39625000953674316,0.38850000500679016,0.39399999380111694,0.0,316032000
2013-11-13,0.37776535749435425,0.4037500023841858,0.0,0.4037500023841858,0.39125001430511475,0.3919999897480011,0.0,332792000
2013-11-14,0.3794027864933014,0.40549999475479126,0.0,0.40799999237060547,0.4022499918937683,0.4025000035762787,0.0,307980000
2013-11-15,0.3782332241535187,0.40424999594688416,0.0,0.4074999988079071,0.40024998784065247,0.40700000524520874,0.0,450332000
2013-11-18,0.36911067366600037,0.3944999873638153,0.0,0.39899998903274536,0.3935000002384186,0.3955000042915344,0.0,316948000
2013-11-19,0.3631136417388916,0.38600000739097595,0.002125,0.39399999380111694,0.3855000138282776,0.390500009059906,0.0,206716000
2013-11-20,0.35770463943481445,0.3802500069141388,0.0,0.38725000619888306,0.37950000166893005,0.38624998927116394,0.0,204776000
2013-11-21,0.36052677035331726,0.38324999809265137,0.0,0.3840000033378601,0.3790000081062317,0.38075000047683716,0.0,213568000
2013-11-22,0.3569991886615753,0.37950000166893005,0.0,0.38374999165534973,0.3787499964237213,0.38374999165534973,0.0,158668000
2013-11-25,0.36476004123687744,0.3877499997615814,0.0,0.3882499933242798,0.37950000166893005,0.37950000166893005,0.0,248208000
2013-11-26,0.3678171932697296,0.39100000262260437,0.0,0.39524999260902405,0.3894999921321869,0.3919999897480011,0.0,753176000
2013-11-27,0.3692282736301422,0.39250001311302185,0.0,0.39375001192092896,0.3882499933242798,0.390749990940094,0.0,181272000
2013-11-29,0.3668765723705292,0.38999998569488525,0.0,0.3935000002384186,0.38749998807907104,0.39250001311302185,0.0,116964000
2013-12-02,0.37040427327156067,0.39375001192092896,0.0,0.39649999141693115,0.3877499997615814,0.38850000500679016,0.0,373872000
2013-12-03,0.37016913294792175,0.3935000002384186,0.0,0.39899998903274536,0.39100000262260437,0.39375001192092896,0.0,290560000
2013-12-04,0.3753429055213928,0.39899998903274536,0.0,0.3997499942779541,0.39149999618530273,0.39250001311302185,0.0,493176000
2013-12-05,0.3692282736301422,0.39250001311302185,0.0,0.3997499942779541,0.3919999897480011,0.3997499942779541,0.0,271812000
2013-12-06,0.36381930112838745,0.3867500126361847,0.0,0.3972499966621399,0.3857499957084656,0.3972499966621399,0.0,281000000
2013-12-09,0.35770463943481445,0.3802500069141388,0.0,0.3880000114440918,0.37950000166893005,0.3867500126361847,0.0,385220000
2013-12-10,0.36593592166900635,0.3889999985694885,0.0,0.390749990940094,0.37975001335144043,0.3802500069141388,0.0,524268000
2013-12-11,0.36240828037261963,0.3852500021457672,0.0,0.39024999737739563,0.38449999690055847,0.38975000381469727,0.0,414156000
2013-12-12,0.35535287857055664,0.3777500092983246,0.0,0.38600000739097595,0.37700000405311584,0.3840000033378601,0.0,258724000
2013-12-13,0.35323628783226013,0.37549999356269836,0.0,0.3812499940395355,0.375,0.3785000145435333,0.0,184588000
2013-12-16,0.35370659828186035,0.37599998712539673,0.0,0.3792499899864197,0.37549999356269836,0.37575000524520874,0.0,237620000
2013-12-17,0.35535287857055664,0.3777500092983246,0.0,0.3787499964237213,0.3725000023841858,0.37575000524520874,0.0,274104000
2013-12-18,0.36029160022735596,0.382999986410141,0.0,0.38374999165534973,0.3737500011920929,0.3785000145435333,0.0,426232000
2013-12-19,0.3617027699947357,0.38449999690055847,0.0,0.38499999046325684,0.3799999952316284,0.3824999928474426,0.0,258544000
2013-12-20,0.3689931333065033,0.3922500014305115,0.0,0.39250001311302185,0.3842499852180481,0.3852500021457672,0.0,382080000
2013-12-23,0.3711096942424774,0.3944999873638153,0.0,0.39774999022483826,0.39125001430511475,0.3944999873638153,0.0,168568000
2013-12-24,0.37205037474632263,0.3955000042915344,0.0,0.39675000309944153,0.39149999618530273,0.39675000309944153,0.0,79600000
2013-12-26,0.36852288246154785,0.3917500078678131,0.0,0.398250013589859,0.390749990940094,0.3970000147819519,0.0,168920000
2013-12-27,0.3706393837928772,0.39399999380111694,0.0,0.3947499990463257,0.39149999618530273,0.39375001192092896,0.0,210976000
2013-12-30,0.3755781948566437,0.39925000071525574,0.0,0.3995000123977661,0.39375001192092896,0.3942500054836273,0.0,248180000
2013-12-31,0.3767539858818054,0.40049999952316284,0.0,0.4025000035762787,0.39750000834465027,0.4000000059604645,0.0,235776000
2014-01-02,0.37299105525016785,0.39649999141693115,0.0,0.3995000123977661,0.3930000066757202,0.39800000190734863,0.0,260092000
2014-01-03,0.36852288246154785,0.3917500078678131,0.0,0.39800000190734863,0.390500009059906,0.3972499966621399,0.0,259332000
2014-01-06,0.3734615445137024,0.3970000147819519,0.0,0.4000000059604645,0.3919999897480011,0.3957499861717224,0.0,409492000
2014-01-07,0.37957608699798584,0.4034999907016754,0.0,0.4050000011920929,0.398250013589859,0.4009999930858612,0.0,333288000
2014-01-08,0.3847500681877136,0.4090000092983246,0.0,0.41100001335144043,0.4034999907016754,0.4050000011920929,0.0,308192000
2014-01-09,0.37040427327156067,0.39375001192092896,0.0,0.4034999907016754,0.39250001311302185,0.4027499854564667,0.0,292172000
2014-01-10,0.3699338138103485,0.3932499885559082,0.0,0.39774999022483826,0.38975000381469727,0.39500001072883606,0.0,218492000
2014-01-13,0.36123237013816833,0.3840000033378601,0.0,0.3957499861717224,0.38324999809265137,0.3932499885559082,0.0,243332000
2014-01-14,0.3725208044052124,0.3959999978542328,0.0,0.39675000309944153,0.3842499852180481,0.38600000739097595,0.0,241828000
2014-01-15,0.3765188455581665,0.40024998784065247,0.0,0.40174999833106995,0.3959999978542328,0.39774999022483826,0.0,175044000
2014-01-16,0.37769484519958496,0.40149998664855957,0.0,0.4022499918937683,0.398499995470047,0.40024998784065247,0.0,220652000
2014-01-17,0.3760485351085663,0.3997499942779541,0.0,0.40625,0.3972499966621399,0.40149998664855957,0.0,340400000
2014-01-21,0.3774595260620117,0.4012500047683716,0.0,0.4037500023841858,0.3970000147819519,0.40024998784065247,0.0,246076000
2014-01-22,0.37698912620544434,0.4007500112056732,0.0,0.4025000035762787,0.3959999978542328,0.4020000100135803,0.0,337940000
2014-01-23,0.3755781948566437,0.39925000071525574,0.0,0.4037500023841858,0.39625000953674316,0.3995000123977661,0.0,185028000
2014-01-24,0.36593592166900635,0.3889999985694885,0.0,0.39750000834465027,0.3889999985694885,0.3959999978542328,0.0,246696000
2014-01-27,0.363584041595459,0.3865000009536743,0.0,0.3944999873638153,0.3842499852180481,0.3889999985694885,0.0,233812000
2014-01-28,0.3671116530895233,0.39024999737739563,0.0,0.390500009059906,0.3842499852180481,0.3857499957084656,0.0,167996000
2014-01-29,0.363584041595459,0.3865000009536743,0.0,0.39100000262260437,0.38624998927116394,0.38874998688697815,0.0,162944000
2014-01-30,0.3696988523006439,0.3930000066757202,0.0,0.39375001192092896,0.38749998807907104,0.38874998688697815,0.0,202896000
2014-01-31,0.3692282736301422,0.39250001311302185,0.0,0.3947499990463257,0.38725000619888306,0.38749998807907104,0.0,335348000
2014-02-03,0.36428964138031006,0.38725000619888306,0.0,0.3957499861717224,0.3857499957084656,0.39524999260902405,0.0,431728000
2014-02-04,0.36640626192092896,0.3894999921321869,0.0,0.39024999737739563,0.38499999046325684,0.3869999945163727,0.0,280692000
2014-02-05,0.3631136417388916,0.38600000739097595,0.0,0.3880000114440918,0.382999986410141,0.3867500126361847,0.0,214676000
2014-02-06,0.3678171932697296,0.39100000262260437,0.0,0.3919999897480011,0.38600000739097595,0.3865000009536743,0.0,168380000
2014-02-07,0.3732263147830963,0.39675000309944153,0.0,0.3972499966621399,0.38850000500679016,0.3919999897480011,0.0,157248000
2014-02-10,0.37440231442451477,0.39800000190734863,0.0,0.4032500088214874,0.3959999978542328,0.39625000953674316,0.0,324372000
2014-02-11,0.38216307759284973,0.40625,0.0,0.40724998712539673,0.398250013589859,0.40024998784065247,0.0,235384000
2014-02-12,0.39580345153808594,0.4207499921321869,0.0,0.42375001311302185,0.4074999988079071,0.4074999988079071,0.0,744528000
2014-02-13,0.40826770663261414,0.4339999854564667,0.0,0.43650001287460327,0.42375001311302185,0.4312500059604645,0.0,902836000
2014-02-14,0.42120251059532166,0.4477500021457672,0.0,0.44874998927116394,0.429749995470047,0.4300000071525574,0.0,817536000
2014-02-18,0.42096731066703796,0.44749999046325684,0.0,0.4494999945163727,0.4437499940395355,0.4480000138282776,0.0,428988000
2014-02-19,0.42661160230636597,0.45350000262260437,0.0,0.45750001072883606,0.445499986410141,0.44749999046325684,0.0,450340000
2014-02-20,0.44166287779808044,0.46950000524520874,0.0,0.47049999237060547,0.45375001430511475,0.4544999897480011,0.0,398088000
2014-02-21,0.4383704960346222,0.4659999907016754,0.0,0.47475001215934753,0.46299999952316284,0.46875,0.0,451052000
2014-02-24,0.4447203576564789,0.4727500081062317,0.0,0.4762499928474426,0.460750013589859,0.4650000035762787,0.0,403112000
2014-02-25,0.4427122175693512,0.4684999883174896,0.002125,0.47200000286102295,0.4634999930858612,0.4699999988079071,0.0,242184000
2014-02-26,0.4420034885406494,0.46775001287460327,0.0,0.47450000047683716,0.4662500023841858,0.4675000011920929,0.0,360884000
2014-02-27,0.4370425045490265,0.4625000059604645,0.0,0.4724999964237213,0.4612500071525574,0.46775001287460327,0.0,388848000
2014-02-28,0.43420764803886414,0.4595000147819519,0.0,0.4645000100135803,0.45274999737739563,0.46000000834465027,0.0,321692000
2014-03-03,0.432081401348114,0.4572499990463257,0.0,0.4572499990463257,0.445250004529953,0.4492500126361847,0.0,375948000
2014-03-04,0.43657004833221436,0.4620000123977661,0.0,0.4650000035762787,0.45875000953674316,0.4595000147819519,0.0,260344000
2014-03-05,0.4403497874736786,0.4659999907016754,0.0,0.4662500023841858,0.4595000147819519,0.46149998903274536,0.0,241472000
2014-03-06,0.43420764803886414,0.4595000147819519,0.0,0.46924999356269836,0.45875000953674316,0.46674999594688416,0.0,290144000
2014-03-07,0.4337351322174072,0.45899999141693115,0.0,0.4622499942779541,0.4555000066757202,0.46149998903274536,0.0,268452000
2014-03-10,0.4273566007614136,0.45225000381469727,0.0,0.4595000147819519,0.4502499997615814,0.45750001072883606,0.0,300888000
2014-03-11,0.4316088855266571,0.4567500054836273,0.0,0.460750013589859,0.453000009059906,0.4544999897480011,0.0,297220000
2014-03-12,0.4327901005744934,0.4580000042915344,0.0,0.460750013589859,0.45274999737739563,0.4544999897480011,0.0,239428000
2014-03-13,0.4190882742404938,0.44350001215934753,0.0,0.460750013589859,0.4412499964237213,0.45899999141693115,0.0,385172000
2014-03-14,0.4209781885147095,0.445499986410141,0.0,0.4494999945163727,0.4390000104904175,0.4390000104904175,0.0,460048000
2014-03-17,0.4209781885147095,0.445499986410141,0.0,0.44999998807907104,0.4449999928474426,0.4467499852180481,0.0,299656000
2014-03-18,0.43090036511421204,0.4560000002384186,0.0,0.45899999141693115,0.445250004529953,0.44725000858306885,0.0,293904000
2014-03-19,0.43845972418785095,0.46399998664855957,0.0,0.4727500081062317,0.4582499861717224,0.4595000147819519,0.0,366168000
2014-03-20,0.43869611620903015,0.46424999833106995,0.0,0.46825000643730164,0.4595000147819519,0.46149998903274536,0.0,191800000
2014-03-21,0.437987357378006,0.4634999930858612,0.0,0.47200000286102295,0.460999995470047,0.46825000643730164,0.0,566116000
2014-03-24,0.435861200094223,0.4612500071525574,0.0,0.4675000011920929,0.4544999897480011,0.4637500047683716,0.0,306096000
2014-03-25,0.435861200094223,0.4612500071525574,0.0,0.46674999594688416,0.45774999260902405,0.4662500023841858,0.0,304424000
2014-03-26,0.42593929171562195,0.4507499933242798,0.0,0.4742499887943268,0.4467499852180481,0.46549999713897705,0.0,557756000
2014-03-27,0.42026951909065247,0.44475001096725464,0.0,0.45350000262260437,0.43974998593330383,0.44975000619888306,0.0,540728000
2014-03-28,0.42286813259124756,0.44749999046325684,0.0,0.4502499997615814,0.4427500069141388,0.4440000057220459,0.0,398820000
2014-03-31,0.4231044352054596,0.4477500021457672,0.0,0.45225000381469727,0.445250004529953,0.4482499957084656,0.0,273404000
2014-04-01,0.4405859112739563,0.4662500023841858,0.0,0.4717499911785126,0.45649999380111694,0.4620000123977661,0.0,656272000
2014-04-02,0.43775132298469543,0.4632500112056732,0.0,0.4672499895095825,0.4612500071525574,0.4662500023841858,0.0,239948000
2014-04-03,0.44247591495513916,0.46825000643730164,0.0,0.4794999957084656,0.46399998664855957,0.46424999833106995,0.0,599548000
2014-04-04,0.4287741184234619,0.45375001430511475,0.0,0.47350001335144043,0.4517500102519989,0.47075000405311584,0.0,368032000
2014-04-07,0.4301915764808655,0.45524999499320984,0.0,0.46399998664855957,0.4514999985694885,0.45399999618530273,0.0,428576000
2014-04-08,0.44554710388183594,0.4715000092983246,0.0,0.4727500081062317,0.4544999897480011,0.45524999499320984,0.0,470692000
2014-04-09,0.4450746774673462,0.47099998593330383,0.0,0.4777500033378601,0.4672499895095825,0.4737499952316284,0.0,421968000
2014-04-10,0.43420764803886414,0.4595000147819519,0.0,0.4754999876022339,0.4580000042915344,0.4690000116825104,0.0,372748000
2014-04-11,0.4280654191970825,0.453000009059906,0.0,0.46299999952316284,0.44699999690055847,0.4560000002384186,0.0,353112000
2014-04-14,0.4327901005744934,0.4580000042915344,0.0,0.4597499966621399,0.453000009059906,0.4560000002384186,0.0,290184000
2014-04-15,0.435861200094223,0.4612500071525574,0.0,0.4637500047683716,0.45399999618530273,0.4584999978542328,0.0,304636000
2014-04-16,0.43680623173713684,0.4622499942779541,0.0,0.46399998664855957,0.45649999380111694,0.4634999930858612,0.0,235136000
2014-04-17,0.43845972418785095,0.46399998664855957,0.0,0.46825000643730164,0.4595000147819519,0.46050000190734863,0.0,153532000
2014-04-21,0.4420034885406494,0.46775001287460327,0.0,0.4690000116825104,0.4612500071525574,0.46424999833106995,0.0,117004000
2014-04-22,0.4457832872867584,0.4717499911785126,0.0,0.47475001215934753,0.4659999907016754,0.4684999883174896,0.0,255120000
2014-04-23,0.45098060369491577,0.47725000977516174,0.0,0.47850000858306885,0.4717499911785126,0.4724999964237213,0.0,261580000
2014-04-24,0.4549965560436249,0.4814999997615814,0.0,0.48649999499320984,0.4805000126361847,0.4805000126361847,0.0,391492000
2014-04-25,0.44247591495513916,0.46825000643730164,0.0,0.48500001430511475,0.4672499895095825,0.4805000126361847,0.0,313600000
2014-04-28,0.4405859112739563,0.4662500023841858,0.0,0.47450000047683716,0.46050000190734863,0.47200000286102295,0.0,226788000
2014-04-29,0.44153091311454773,0.4672499895095825,0.0,0.4690000116825104,0.4620000123977661,0.46799999475479126,0.0,171300000
2014-04-30,0.43633371591567993,0.46175000071525574,0.0,0.46700000762939453,0.460750013589859,0.46650001406669617,0.0,305740000
2014-05-01,0.43869611620903015,0.46424999833106995,0.0,0.46974998712539673,0.46050000190734863,0.46875,0.0,198104000
2014-05-02,0.43538883328437805,0.460750013589859,0.0,0.46650001406669617,0.4580000042915344,0.46650001406669617,0.0,156376000
2014-05-05,0.4401136636734009,0.4657500088214874,0.0,0.46924999356269836,0.4597499966621399,0.46024999022483826,0.0,239260000
2014-05-06,0.43113648891448975,0.45625001192092896,0.0,0.4742499887943268,0.45500001311302185,0.4702500104904175,0.0,416188000
2014-05-07,0.4316088855266571,0.4567500054836273,0.0,0.46050000190734863,0.4517500102519989,0.45625001192092896,0.0,293900000
2014-05-08,0.4370425045490265,0.4625000059604645,0.0,0.46974998712539673,0.45274999737739563,0.45500001311302185,0.0,432728000
2014-05-09,0.42641162872314453,0.45124998688697815,0.0,0.45274999737739563,0.4427500069141388,0.44850000739097595,0.0,539532000
2014-05-12,0.4389323890209198,0.4645000100135803,0.0,0.46549999713897705,0.4519999921321869,0.45225000381469727,0.0,299856000
2014-05-13,0.43184512853622437,0.4569999873638153,0.0,0.4657500088214874,0.4555000066757202,0.4582499861717224,0.0,221104000
2014-05-14,0.4275929629802704,0.45249998569488525,0.0,0.45899999141693115,0.45225000381469727,0.4572499990463257,0.0,214320000
2014-05-15,0.425230473279953,0.44999998807907104,0.0,0.45399999618530273,0.445499986410141,0.4514999985694885,0.0,325896000
2014-05-16,0.4242855906486511,0.4490000009536743,0.0,0.45225000381469727,0.4465000033378601,0.4465000033378601,0.0,283960000
2014-05-19,0.437987357378006,0.4634999930858612,0.0,0.4659999907016754,0.4517500102519989,0.45375001430511475,0.0,360076000
2014-05-20,0.4328850209712982,0.4560000002384186,0.002125,0.46274998784065247,0.45375001430511475,0.46149998903274536,0.0,256200000
2014-05-21,0.4328850209712982,0.4560000002384186,0.0,0.46175000071525574,0.453249990940094,0.45774999260902405,0.0,216712000
2014-05-22,0.434783399105072,0.4580000042915344,0.0,0.46050000190734863,0.45500001311302185,0.45500001311302185,0.0,130364000
2014-05-23,0.4388180673122406,0.4622499942779541,0.0,0.4645000100135803,0.45774999260902405,0.46050000190734863,0.0,182656000
2014-05-27,0.44664984941482544,0.47049999237060547,0.0,0.47049999237060547,0.4634999930858612,0.4650000035762787,0.0,209680000
2014-05-28,0.45044708251953125,0.47450000047683716,0.0,0.47749999165534973,0.46775001287460327,0.4722500145435333,0.0,224676000
2014-05-29,0.4497351050376892,0.4737499952316284,0.0,0.47824999690055847,0.4727500081062317,0.4742499887943268,0.0,171884000
2014-05-30,0.4509217441082001,0.4749999940395355,0.0,0.4762499928474426,0.4712499976158142,0.4737499952316284,0.0,239128000
2014-06-02,0.4494978189468384,0.47350001335144043,0.0,0.4794999957084656,0.46950000524520874,0.476500004529953,0.0,181500000
2014-06-03,0.44759923219680786,0.4715000092983246,0.0,0.4749999940395355,0.4652499854564667,0.47450000047683716,0.0,243212000
2014-06-04,0.4480738043785095,0.47200000286102295,0.0,0.4754999876022339,0.4699999988079071,0.4702500104904175,0.0,161236000
2014-06-05,0.449972540140152,0.4740000069141388,0.0,0.4754999876022339,0.4699999988079071,0.4727500081062317,0.0,188696000
2014-06-06,0.4516337215900421,0.47574999928474426,0.0,0.47999998927116394,0.47450000047683716,0.4762499928474426,0.0,161052000
2014-06-09,0.4521084129810333,0.4762499928474426,0.0,0.4807499945163727,0.47200000286102295,0.4752500057220459,0.0,247456000
2014-06-10,0.45448166131973267,0.47874999046325684,0.0,0.48100000619888306,0.4724999964237213,0.47450000047683716,0.0,217608000
2014-06-11,0.4604147970676422,0.48500001430511475,0.0,0.48625001311302185,0.47699999809265137,0.47699999809265137,0.0,266228000
2014-06-12,0.46326276659965515,0.4880000054836273,0.0,0.49024999141693115,0.4807499945163727,0.48500001430511475,0.0,337148000
2014-06-13,0.4637373983860016,0.4884999990463257,0.0,0.4932500123977661,0.48374998569488525,0.49300000071525574,0.0,227852000
2014-06-16,0.4623134136199951,0.4869999885559082,0.0,0.49024999141693115,0.4827499985694885,0.48625001311302185,0.0,198620000
2014-06-17,0.4653986394405365,0.49024999141693115,0.0,0.492249995470047,0.48500001430511475,0.48750001192092896,0.0,157608000
2014-06-18,0.46492400765419006,0.4897499978542328,0.0,0.492000013589859,0.484499990940094,0.48899999260902405,0.0,215536000
2014-06-19,0.4542444050312042,0.47850000858306885,0.0,0.4832499921321869,0.4749999940395355,0.4807499945163727,0.0,474592000
2014-06-20,0.4492604434490204,0.47325000166893005,0.0,0.4814999997615814,0.46950000524520874,0.47975000739097595,0.0,353148000
2014-06-23,0.4440392255783081,0.46775001287460327,0.0,0.46799999475479126,0.46149998903274536,0.46700000762939453,0.0,414200000
2014-06-24,0.43715688586235046,0.46050000190734863,0.0,0.47075000405311584,0.4584999978542328,0.46700000762939453,0.0,275780000
2014-06-25,0.44166600704193115,0.4652499854564667,0.0,0.46549999713897705,0.45750001072883606,0.46175000071525574,0.0,215420000
2014-06-26,0.4357328414916992,0.45899999141693115,0.0,0.46549999713897705,0.45750001072883606,0.4652499854564667,0.0,256908000
2014-06-27,0.4362075626850128,0.4595000147819519,0.0,0.4622499942779541,0.4557499885559082,0.4584999978542328,0.0,302820000
2014-06-30,0.44000470638275146,0.4634999930858612,0.0,0.4647499918937683,0.45774999260902405,0.45774999260902405,0.0,180512000
2014-07-01,0.4449886083602905,0.46875,0.0,0.4715000092983246,0.46149998903274536,0.46299999952316284,0.0,321180000
2014-07-02,0.44332730770111084,0.46700000762939453,0.0,0.4690000116825104,0.46424999833106995,0.46700000762939453,0.0,179284000
2014-07-03,0.44736185669898987,0.4712499976158142,0.0,0.4724999964237213,0.46274998784065247,0.46274998784065247,0.0,136892000
2014-07-07,0.44380199909210205,0.4675000011920929,0.0,0.4722500145435333,0.46674999594688416,0.47200000286102295,0.0,127496000
2014-07-08,0.44024190306663513,0.4637500047683716,0.0,0.46825000643730164,0.45925000309944153,0.4662500023841858,0.0,221940000
2014-07-09,0.45353245735168457,0.4777500033378601,0.0,0.47975000739097595,0.46424999833106995,0.46775001287460327,0.0,387668000
2014-07-10,0.4511590600013733,0.4752500057220459,0.0,0.47725000977516174,0.4650000035762787,0.46875,0.0,266308000
2014-07-11,0.4521084129810333,0.4762499928474426,0.0,0.4777500033378601,0.4740000069141388,0.47574999928474426,0.0,191188000
2014-07-14,0.45780426263809204,0.48225000500679016,0.0,0.48350000381469727,0.476500004529953,0.47824999690055847,0.0,272636000
2014-07-15,0.45970287919044495,0.484250009059906,0.0,0.4855000078678131,0.47975000739097595,0.4830000102519989,0.0,395440000
2014-07-16,0.45922818779945374,0.48374998569488525,0.0,0.49000000953674316,0.48100000619888306,0.48625001311302185,0.0,319728000
2014-07-17,0.45804160833358765,0.48249998688697815,0.0,0.48750001192092896,0.47824999690055847,0.47824999690055847,0.0,324832000
2014-07-18,0.4376313388347626,0.460999995470047,0.0,0.4762499928474426,0.46024999022483826,0.4724999964237213,0.0,567816000
2014-07-21,0.44024190306663513,0.4637500047683716,0.0,0.46700000762939453,0.45925000309944153,0.45925000309944153,0.0,243364000
2014-07-22,0.43834349513053894,0.46175000071525574,0.0,0.46974998712539673,0.460750013589859,0.4672499895095825,0.0,298816000
2014-07-23,0.42908772826194763,0.4519999921321869,0.0,0.4622499942779541,0.4514999985694885,0.4620000123977661,0.0,297352000
2014-07-24,0.4297996759414673,0.45274999737739563,0.0,0.4557499885559082,0.4494999945163727,0.4544999897480011,0.0,254576000
2014-07-25,0.4222051799297333,0.44475001096725464,0.0,0.45225000381469727,0.4440000057220459,0.45124998688697815,0.0,266132000
2014-07-28,0.4205438494682312,0.4429999887943268,0.0,0.4467499852180481,0.43549999594688416,0.4467499852180481,0.0,330352000
2014-07-29,0.4219678044319153,0.44449999928474426,0.0,0.4505000114440918,0.4429999887943268,0.44325000047683716,0.0,217972000
2014-07-30,0.42908772826194763,0.4519999921321869,0.0,0.453249990940094,0.44600000977516174,0.44725000858306885,0.0,246184000
2014-07-31,0.41532275080680847,0.4375,0.0,0.44999998807907104,0.43674999475479126,0.4465000033378601,0.0,401880000
2014-08-01,0.41983193159103394,0.44225001335144043,0.0,0.44475001096725464,0.4359999895095825,0.4375,0.0,219884000
2014-08-04,0.4188826084136963,0.4412499964237213,0.0,0.445499986410141,0.4390000104904175,0.4417499899864197,0.0,241724000
2014-08-05,0.41911986470222473,0.4415000081062317,0.0,0.4480000138282776,0.4362500011920929,0.4399999976158142,0.0,298136000
2014-08-06,0.41864535212516785,0.4410000145435333,0.0,0.4465000033378601,0.43525001406669617,0.43849998712539673,0.0,223456000
2014-08-07,0.4143734574317932,0.43650001287460327,0.0,0.44874998927116394,0.4334999918937683,0.44475001096725464,0.0,407696000
2014-08-08,0.4509217441082001,0.4749999940395355,0.0,0.47749999165534973,0.4555000066757202,0.4555000066757202,0.0,894348000
2014-08-11,0.44854843616485596,0.4724999964237213,0.0,0.47749999165534973,0.4712499976158142,0.4754999876022339,0.0,344624000
2014-08-12,0.44854843616485596,0.4724999964237213,0.0,0.4749999940395355,0.4672499895095825,0.4722500145435333,0.0,296152000
2014-08-13,0.4511590600013733,0.4752500057220459,0.0,0.4792500138282776,0.4702500104904175,0.47325000166893005,0.0,256596000
2014-08-14,0.44617512822151184,0.4699999988079071,0.0,0.47699999809265137,0.46799999475479126,0.47699999809265137,0.0,255992000
2014-08-15,0.45187097787857056,0.47600001096725464,0.0,0.47874999046325684,0.46700000762939453,0.4715000092983246,0.0,369796000
2014-08-18,0.45804160833358765,0.48249998688697815,0.0,0.4830000102519989,0.47325000166893005,0.4779999852180481,0.0,284076000
2014-08-19,0.46173641085624695,0.484250009059906,0.002125,0.4867500066757202,0.47874999046325684,0.4805000126361847,0.0,248260000
2014-08-20,0.4588758945465088,0.48124998807907104,0.0,0.48475000262260437,0.47999998927116394,0.48249998688697815,0.0,221468000
2014-08-21,0.45458510518074036,0.476749986410141,0.0,0.48249998688697815,0.47600001096725464,0.47999998927116394,0.0,272796000
2014-08-22,0.45482349395751953,0.47699999809265137,0.0,0.48100000619888306,0.47325000166893005,0.4762499928474426,0.0,251224000
2014-08-25,0.45553869009017944,0.4777500033378601,0.0,0.48225000500679016,0.476749986410141,0.4790000021457672,0.0,153380000
2014-08-26,0.4636434018611908,0.48625001311302185,0.0,0.4872500002384186,0.47725000977516174,0.4790000021457672,0.0,269636000
2014-08-27,0.4583991765975952,0.4807499945163727,0.0,0.4869999885559082,0.47999998927116394,0.4832499921321869,0.0,182972000
2014-08-28,0.4622131884098053,0.48475000262260437,0.0,0.4857499897480011,0.47824999690055847,0.47975000739097595,0.0,179704000
2014-08-29,0.4636434018611908,0.48625001311302185,0.0,0.4872500002384186,0.48124998807907104,0.48649999499320984,0.0,207932000
2014-09-02,0.4648353159427643,0.48750001192092896,0.0,0.48750001192092896,0.4830000102519989,0.48750001192092896,0.0,192636000
2014-09-03,0.46912601590156555,0.492000013589859,0.0,0.4937500059604645,0.4867500066757202,0.49000000953674316,0.0,259456000
2014-09-04,0.4774692952632904,0.5007500052452087,0.0,0.5037500262260437,0.4909999966621399,0.49125000834465027,0.0,491832000
2014-09-05,0.4760390818119049,0.49924999475479126,0.0,0.5024999976158142,0.4959999918937683,0.500249981880188,0.0,253792000
2014-09-08,0.47174835205078125,0.4947499930858612,0.0,0.4997499883174896,0.49274998903274536,0.4987500011920929,0.0,319288000
2014-09-09,0.4657887816429138,0.4884999990463257,0.0,0.4957500100135803,0.4880000054836273,0.4925000071525574,0.0,198588000
2014-09-10,0.4674573540687561,0.49024999141693115,0.0,0.492000013589859,0.4857499897480011,0.49125000834465027,0.0,172376000
2014-09-11,0.46268993616104126,0.48524999618530273,0.0,0.4884999990463257,0.47999998927116394,0.4867500066757202,0.0,250720000
2014-09-12,0.45577698945999146,0.4779999852180481,0.0,0.4882499873638153,0.47749999165534973,0.4882499873638153,0.0,262536000
2014-09-15,0.44957923889160156,0.4715000092983246,0.0,0.4802500009536743,0.46950000524520874,0.4794999957084656,0.0,294152000
2014-09-16,0.4562538266181946,0.47850000858306885,0.0,0.48100000619888306,0.46875,0.4702500104904175,0.0,219936000
2014-09-17,0.4564921259880066,0.47874999046325684,0.0,0.4832499921321869,0.4749999940395355,0.47725000977516174,0.0,173584000
2014-09-18,0.463405042886734,0.4860000014305115,0.0,0.48649999499320984,0.4802500009536743,0.4817500114440918,0.0,219604000
2014-09-19,0.45482349395751953,0.47699999809265137,0.0,0.4880000054836273,0.4762499928474426,0.48750001192092896,0.0,601316000
2014-09-22,0.4502943456172943,0.4722500145435333,0.0,0.4867500066757202,0.4717499911785126,0.4867500066757202,0.0,221464000
2014-09-23,0.44838741421699524,0.4702500104904175,0.0,0.4754999876022339,0.46799999475479126,0.46974998712539673,0.0,196144000
2014-09-24,0.45100945234298706,0.4729999899864197,0.0,0.47450000047683716,0.46950000524520874,0.4699999988079071,0.0,159592000
2014-09-25,0.4412359297275543,0.46274998784065247,0.0,0.4737499952316284,0.46175000071525574,0.4724999964237213,0.0,298440000
2014-09-26,0.44218939542770386,0.4637500047683716,0.0,0.4672499895095825,0.4622499942779541,0.46424999833106995,0.0,241188000
2014-09-29,0.4414742887020111,0.46299999952316284,0.0,0.4662500023841858,0.4555000066757202,0.46000000834465027,0.0,208540000
2014-09-30,0.43980562686920166,0.4612500071525574,0.0,0.4645000100135803,0.4557499885559082,0.460999995470047,0.0,277204000
2014-10-01,0.4355149567127228,0.4567500054836273,0.0,0.4652499854564667,0.4555000066757202,0.4620000123977661,0.0,350976000
2014-10-02,0.43360790610313416,0.4547500014305115,0.0,0.4582499861717224,0.4442499876022339,0.4560000002384186,0.0,288996000
2014-10-03,0.4345613420009613,0.4557499885559082,0.0,0.4637500047683716,0.4557499885559082,0.45750001072883606,0.0,239140000
2014-10-06,0.4319392144680023,0.453000009059906,0.0,0.4612500071525574,0.44999998807907104,0.45750001072883606,0.0,199032000
2014-10-07,0.42741015553474426,0.4482499957084656,0.0,0.4555000066757202,0.4477500021457672,0.45100000500679016,0.0,301896000
2014-10-08,0.435276597738266,0.45649999380111694,0.0,0.45875000953674316,0.4442499876022339,0.4477500021457672,0.0,260172000
2014-10-09,0.4269333481788635,0.4477500021457672,0.0,0.45500001311302185,0.4440000057220459,0.4544999897480011,0.0,306956000
2014-10-10,0.40166541934013367,0.42124998569488525,0.0,0.44574999809265137,0.42100000381469727,0.4442499876022339,0.0,691376000
2014-10-13,0.40023520588874817,0.41975000500679016,0.0,0.4325000047683716,0.4192500114440918,0.42399999499320984,0.0,397628000
2014-10-14,0.40953174233436584,0.429500013589859,0.0,0.4412499964237213,0.4230000078678131,0.4255000054836273,0.0,376620000
2014-10-15,0.41572967171669006,0.4359999895095825,0.0,0.43825000524520874,0.4205000102519989,0.4232499897480011,0.0,404428000
2014-10-16,0.41596800088882446,0.4362500011920929,0.0,0.4412499964237213,0.4272499978542328,0.4282500147819519,0.0,351116000
2014-10-17,0.4152528941631317,0.43549999594688416,0.0,0.4465000033378601,0.4337500035762787,0.4415000081062317,0.0,290716000
2014-10-20,0.418828547000885,0.43924999237060547,0.0,0.44325000047683716,0.4325000047683716,0.43549999594688416,0.0,200336000
2014-10-21,0.4367067217826843,0.4580000042915344,0.0,0.4584999978542328,0.4412499964237213,0.4424999952316284,0.0,351092000
2014-10-22,0.42645660042762756,0.44725000858306885,0.0,0.45875000953674316,0.44725000858306885,0.4572499990463257,0.0,239512000
2014-10-23,0.43599170446395874,0.4572499990463257,0.0,0.46050000190734863,0.4517500102519989,0.45500001311302185,0.0,214476000
2014-10-24,0.44052085280418396,0.4620000123977661,0.0,0.4647499918937683,0.4572499990463257,0.46000000834465027,0.0,210156000
2014-10-27,0.44075921177864075,0.4622499942779541,0.0,0.46399998664855957,0.4567500054836273,0.46175000071525574,0.0,145092000
2014-10-28,0.45124781131744385,0.47325000166893005,0.0,0.4737499952316284,0.46050000190734863,0.460999995470047,0.0,192580000
2014-10-29,0.44838741421699524,0.4702500104904175,0.0,0.4740000069141388,0.4659999907016754,0.4712499976158142,0.0,168340000
2014-10-30,0.445526659488678,0.4672499895095825,0.0,0.47099998593330383,0.4612500071525574,0.4690000116825104,0.0,170260000
2014-10-31,0.4657887816429138,0.4884999990463257,0.0,0.48875001072883606,0.4754999876022339,0.4779999852180481,0.0,256316000
2014-11-03,0.47365516424179077,0.49674999713897705,0.0,0.5015000104904175,0.49424999952316284,0.4997499883174896,0.0,308732000
2014-11-04,0.4798530042171478,0.503250002861023,0.0,0.5049999952316284,0.49175000190734863,0.5,0.0,360196000
2014-11-05,0.4798530042171478,0.503250002861023,0.0,0.5065000057220459,0.49950000643730164,0.5062500238418579,0.0,335652000
2014-11-06,0.4819985330104828,0.5055000185966492,0.0,0.5062500238418579,0.4964999854564667,0.5042499899864197,0.0,394088000
2014-11-07,0.47174835205078125,0.4947499930858612,0.0,0.5172500014305115,0.4897499978542328,0.5112500190734863,0.0,450800000
2014-11-10,0.4772310256958008,0.5005000233650208,0.0,0.5037500262260437,0.49300000071525574,0.49424999952316284,0.0,293388000
2014-11-11,0.4715098440647125,0.4945000112056732,0.0,0.500249981880188,0.49024999141693115,0.4975000023841858,0.0,212992000
2014-11-12,0.4684108793735504,0.49125000834465027,0.0,0.49399998784065247,0.484499990940094,0.49274998903274536,0.0,204584000
2014-11-13,0.46602723002433777,0.48875001072883606,0.0,0.4937500059604645,0.48475000262260437,0.49300000071525574,0.0,225328000
2014-11-14,0.47174835205078125,0.4947499930858612,0.0,0.4947499930858612,0.484499990940094,0.4892500042915344,0.0,160248000
2014-11-17,0.4696028232574463,0.4925000071525574,0.0,0.49775001406669617,0.4892500042915344,0.4925000071525574,0.0,158732000
2014-11-18,0.48080649971961975,0.5042499899864197,0.0,0.5055000185966492,0.49149999022483826,0.49274998903274536,0.0,207772000
2014-11-19,0.479011207818985,0.500249981880188,0.002125,0.5040000081062317,0.4950000047683716,0.5024999976158142,0.0,240300000
2014-11-20,0.4869108200073242,0.5084999799728394,0.0,0.5090000033378601,0.49524998664855957,0.49674999713897705,0.0,220968000
2014-11-21,0.4895442724227905,0.5112500190734863,0.0,0.5137500166893005,0.5070000290870667,0.5130000114440918,0.0,198976000
2014-11-24,0.49265605211257935,0.5145000219345093,0.0,0.5167499780654907,0.5105000138282776,0.512499988079071,0.0,136004000
2014-11-25,0.492416650056839,0.5142499804496765,0.0,0.5180000066757202,0.512499988079071,0.5134999752044678,0.0,190240000
2014-11-26,0.500795304775238,0.5230000019073486,0.0,0.5235000252723694,0.5109999775886536,0.5112500190734863,0.0,219264000
2014-11-28,0.5019919872283936,0.5242499709129333,0.0,0.5272499918937683,0.5199999809265137,0.5247499942779541,0.0,124832000
2014-12-01,0.49265605211257935,0.5145000219345093,0.0,0.5249999761581421,0.5137500166893005,0.5220000147819519,0.0,190060000
2014-12-02,0.4933742582798004,0.515250027179718,0.0,0.5174999833106995,0.5092499852180481,0.5139999985694885,0.0,245952000
2014-12-03,0.506061851978302,0.5285000205039978,0.0,0.5287500023841858,0.5162500143051147,0.5177500247955322,0.0,284424000
2014-12-04,0.5015134811401367,0.5237500071525574,0.0,0.5297499895095825,0.5202500224113464,0.5277500152587891,0.0,185332000
2014-12-05,0.5043859481811523,0.5267500281333923,0.0,0.5295000076293945,0.5237500071525574,0.5239999890327454,0.0,165680000
2014-12-08,0.497922420501709,0.5199999809265137,0.0,0.53125,0.515749990940094,0.5260000228881836,0.0,226944000
2014-12-09,0.49624672532081604,0.5182499885559082,0.0,0.5195000171661377,0.5090000033378601,0.5167499780654907,0.0,239448000
2014-12-10,0.4852353036403656,0.5067499876022339,0.0,0.518750011920929,0.5062500238418579,0.5167499780654907,0.0,204364000
2014-12-11,0.4849957525730133,0.5065000057220459,0.0,0.5132499933242798,0.5055000185966492,0.5097500085830688,0.0,135652000
2014-12-12,0.4699145257472992,0.4907500147819519,0.0,0.5042499899864197,0.49024999141693115,0.4997499883174896,0.0,323964000
2014-12-15,0.4684782922267914,0.4892500042915344,0.0,0.5055000185966492,0.48774999380111694,0.4964999854564667,0.0,254696000
2014-12-16,0.46321168541908264,0.48374998569488525,0.0,0.4964999854564667,0.48350000381469727,0.48875001072883606,0.0,185308000
2014-12-17,0.4821232259273529,0.5034999847412109,0.0,0.5042499899864197,0.47749999165534973,0.4934999942779541,0.0,345596000
2014-12-18,0.48403820395469666,0.5055000185966492,0.0,0.515749990940094,0.5007500052452087,0.5097500085830688,0.0,226156000
2014-12-19,0.48882585763931274,0.5105000138282776,0.0,0.512499988079071,0.5042499899864197,0.5090000033378601,0.0,325528000
2014-12-22,0.4974439740180969,0.5195000171661377,0.0,0.5195000171661377,0.5082499980926514,0.5099999904632568,0.0,148976000
2014-12-23,0.494331955909729,0.5162500143051147,0.0,0.5260000228881836,0.515749990940094,0.5235000252723694,0.0,109280000
2014-12-24,0.492416650056839,0.5142499804496765,0.0,0.5182499885559082,0.5137500166893005,0.5174999833106995,0.0,45644000
2014-12-26,0.4928954243659973,0.5147500038146973,0.0,0.5174999833106995,0.5130000114440918,0.5142499804496765,0.0,52636000
2014-12-29,0.49217748641967773,0.5139999985694885,0.0,0.5174999833106995,0.5107499957084656,0.5132499933242798,0.0,82944000
2014-12-30,0.48762911558151245,0.5092499852180481,0.0,0.5130000114440918,0.5084999799728394,0.5105000138282776,0.0,112120000
2014-12-31,0.479968786239624,0.5012500286102295,0.0,0.5127500295639038,0.4997499883174896,0.5099999904632568,0.0,166300000
2015-01-02,0.481883704662323,0.503250002861023,0.0,0.5070000290870667,0.49524998664855957,0.503250002861023,0.0,113680000
2015-01-05,0.47374460101127625,0.4947499930858612,0.0,0.5047500133514404,0.4925000071525574,0.503250002861023,0.0,197952000
2015-01-06,0.4593816101551056,0.47975000739097595,0.0,0.4959999918937683,0.4792500138282776,0.49549999833106995,0.0,197764000
2015-01-07,0.4581845700740814,0.47850000858306885,0.0,0.48750001192092896,0.47699999809265137,0.4832499921321869,0.0,321808000
2015-01-08,0.4754202961921692,0.4964999854564667,0.0,0.49950000643730164,0.48374998569488525,0.48399999737739563,0.0,283780000
2015-01-09,0.4773353934288025,0.4984999895095825,0.0,0.5022500157356262,0.49149999022483826,0.49825000762939453,0.0,209540000
2015-01-12,0.47135084867477417,0.492249995470047,0.0,0.5,0.48774999380111694,0.4997499883174896,0.0,190732000
2015-01-13,0.4706325829029083,0.49149999022483826,0.0,0.5059999823570251,0.4880000054836273,0.4959999918937683,0.0,236720000
2015-01-14,0.4725476801395416,0.4934999942779541,0.0,0.4950000047683716,0.48500001430511475,0.48625001311302185,0.0,155260000
2015-01-15,0.4691964387893677,0.49000000953674316,0.0,0.5,0.4897499978542328,0.4970000088214874,0.0,188932000
2015-01-16,0.47781437635421753,0.49900001287460327,0.0,0.49950000643730164,0.48774999380111694,0.4892500042915344,0.0,181512000
2015-01-20,0.4792506992816925,0.5005000233650208,0.0,0.5052499771118164,0.49424999952316284,0.5024999976158142,0.0,140308000
2015-01-21,0.4859534502029419,0.5074999928474426,0.0,0.5087500214576721,0.49424999952316284,0.49775001406669617,0.0,144780000
2015-01-22,0.494331955909729,0.5162500143051147,0.0,0.5177500247955322,0.503250002861023,0.5084999799728394,0.0,159712000
2015-01-23,0.4957682192325592,0.5177500247955322,0.0,0.518750011920929,0.512499988079071,0.5167499780654907,0.0,120416000
2015-01-26,0.49361366033554077,0.515500009059906,0.0,0.5180000066757202,0.5122500061988831,0.515500009059906,0.0,133240000
2015-01-27,0.4699145257472992,0.4907500147819519,0.0,0.5080000162124634,0.4897499978542328,0.5074999928474426,0.0,357948000
2015-01-28,0.46225419640541077,0.4827499985694885,0.0,0.4987500011920929,0.48249998688697815,0.49674999713897705,0.0,272728000
2015-01-29,0.47350531816482544,0.4945000112056732,0.0,0.4972499907016754,0.4807499945163727,0.4830000102519989,0.0,235340000
2015-01-30,0.459620863199234,0.47999998927116394,0.0,0.49674999713897705,0.4792500138282776,0.4909999966621399,0.0,298200000
2015-02-02,0.4696751534938812,0.49050000309944153,0.0,0.4925000071525574,0.47350001335144043,0.4830000102519989,0.0,259604000
2015-02-03,0.481405109167099,0.5027499794960022,0.0,0.503250002861023,0.49149999022483826,0.49399998784065247,0.0,183468000
2015-02-04,0.48260200023651123,0.5040000081062317,0.0,0.5097500085830688,0.4997499883174896,0.5012500286102295,0.0,181516000
2015-02-05,0.49050161242485046,0.5122500061988831,0.0,0.512499988079071,0.5040000081062317,0.5044999718666077,0.0,140448000
2015-02-06,0.4883471727371216,0.5099999904632568,0.0,0.5177500247955322,0.5077499747276306,0.5117499828338623,0.0,210524000
2015-02-09,0.48786839842796326,0.5095000267028809,0.0,0.5109999775886536,0.5037500262260437,0.5070000290870667,0.0,273944000
2015-02-10,0.5015134811401367,0.5237500071525574,0.0,0.5239999890327454,0.5077499747276306,0.5099999904632568,0.0,226204000
2015-02-11,0.498162180185318,0.5202500224113464,0.0,0.5249999761581421,0.5167499780654907,0.5249999761581421,0.0,320832000
2015-02-12,0.5338307023048401,0.5575000047683716,0.0,0.5625,0.546750009059906,0.550000011920929,0.0,676904000
2015-02-13,0.5340698957443237,0.5577499866485596,0.0,0.5584999918937683,0.5477499961853027,0.5562499761581421,0.0,310084000
2015-02-17,0.5357457399368286,0.559499979019165,0.0,0.562250018119812,0.5532500147819519,0.5567499995231628,0.0,203340000
2015-02-18,0.529521644115448,0.5529999732971191,0.0,0.5597500205039978,0.5519999861717224,0.5587499737739563,0.0,170948000
2015-02-19,0.5309577584266663,0.5544999837875366,0.0,0.5609999895095825,0.5519999861717224,0.5600000023841858,0.0,169432000
2015-02-20,0.534788191318512,0.5584999918937683,0.0,0.5587499737739563,0.550000011920929,0.5540000200271606,0.0,157752000
2015-02-23,0.5304793119430542,0.5540000200271606,0.0,0.5582500100135803,0.5512499809265137,0.5582500100135803,0.0,125008000
2015-02-24,0.5361263751983643,0.5577499866485596,0.002125,0.5577499866485596,0.5490000247955322,0.5540000200271606,0.0,149356000
2015-02-25,0.5320413708686829,0.5534999966621399,0.0,0.5580000281333923,0.5509999990463257,0.5554999709129333,0.0,123820000
2015-02-26,0.5334830284118652,0.5550000071525574,0.0,0.5582500100135803,0.5504999756813049,0.5540000200271606,0.0,152864000
2015-02-27,0.5301184058189392,0.5515000224113464,0.0,0.5547500252723694,0.5494999885559082,0.5534999966621399,0.0,157492000
2015-03-02,0.5430954694747925,0.5649999976158142,0.0,0.5680000185966492,0.5492500066757202,0.550000011920929,0.0,301512000
2015-03-03,0.5330024361610413,0.5544999837875366,0.0,0.5634999871253967,0.5527499914169312,0.5607500076293945,0.0,160344000
2015-03-04,0.5390099883079529,0.5607500076293945,0.0,0.5619999766349792,0.5502499938011169,0.5525000095367432,0.0,226840000
2015-03-05,0.5493432283401489,0.5715000033378601,0.0,0.5724999904632568,0.559249997138977,0.5607500076293945,0.0,323056000
2015-03-06,0.541893720626831,0.5637500286102295,0.0,0.5709999799728394,0.5632500052452087,0.5682500004768372,0.0,257392000
2015-03-09,0.5433356761932373,0.5652499794960022,0.0,0.5695000290870667,0.562749981880188,0.5640000104904175,0.0,222388000
2015-03-10,0.5527075529098511,0.574999988079071,0.0,0.5787500143051147,0.5667499899864197,0.5677499771118164,0.0,527212000
2015-03-11,0.5498238801956177,0.5720000267028809,0.0,0.5824999809265137,0.5705000162124634,0.574999988079071,0.0,262120000
2015-03-12,0.544777512550354,0.5667499899864197,0.0,0.5707499980926514,0.5559999942779541,0.5665000081062317,0.0,406972000
2015-03-13,0.5454983115196228,0.5674999952316284,0.0,0.5690000057220459,0.5562499761581421,0.5640000104904175,0.0,359288000
2015-03-16,0.5519867539405823,0.5742499828338623,0.0,0.577750027179718,0.5682500004768372,0.5720000267028809,0.0,236956000
2015-03-17,0.5587151646614075,0.581250011920929,0.0,0.5814999938011169,0.5690000057220459,0.5730000138282776,0.0,299900000
2015-03-18,0.5495836138725281,0.5717499852180481,0.0,0.5842499732971191,0.5665000081062317,0.581250011920929,0.0,413844000
2015-03-19,0.5579943060874939,0.5805000066757202,0.0,0.5824999809265137,0.5695000290870667,0.5737500190734863,0.0,310756000
2015-03-20,0.5640019178390503,0.5867499709129333,0.0,0.5902500152587891,0.5797500014305115,0.5852500200271606,0.0,462084000
2015-03-23,0.5457386374473572,0.5677499771118164,0.0,0.5767499804496765,0.5674999952316284,0.5692499876022339,0.0,426012000
2015-03-24,0.5382892489433289,0.5600000023841858,0.0,0.5699999928474426,0.5575000047683716,0.5659999847412109,0.0,330480000
2015-03-25,0.5056074261665344,0.5260000228881836,0.0,0.5597500205039978,0.5242499709129333,0.5597500205039978,0.0,542552000
2015-03-26,0.5039253830909729,0.5242499709129333,0.0,0.5264999866485596,0.5115000009536743,0.515250027179718,0.0,311920000
2015-03-27,0.5137777924537659,0.534500002861023,0.0,0.5364999771118164,0.518750011920929,0.5272499918937683,0.0,318288000
2015-03-30,0.5159406661987305,0.5367500185966492,0.0,0.5394999980926514,0.5299999713897705,0.5370000004768372,0.0,253252000
2015-03-31,0.5029637217521667,0.5232499837875366,0.0,0.5357499718666077,0.5227500200271606,0.5352500081062317,0.0,357276000
2015-04-01,0.5048864483833313,0.5252500176429749,0.0,0.5270000100135803,0.5162500143051147,0.5252500176429749,0.0,330768000
2015-04-02,0.5060879588127136,0.5264999866485596,0.0,0.5297499895095825,0.5220000147819519,0.528249979019165,0.0,192204000
2015-04-06,0.5207468271255493,0.5417500138282776,0.0,0.5435000061988831,0.518750011920929,0.5242499709129333,0.0,515864000
2015-04-07,0.525312602519989,0.546500027179718,0.0,0.5525000095367432,0.5387499928474426,0.5417500138282776,0.0,413964000
2015-04-08,0.5291575789451599,0.5504999756813049,0.0,0.5525000095367432,0.5417500138282776,0.546999990940094,0.0,366432000
2015-04-09,0.5414132475852966,0.5632500052452087,0.0,0.5649999976158142,0.5460000038146973,0.5462499856948853,0.0,379432000
2015-04-10,0.5469401478767395,0.5690000057220459,0.0,0.5692499876022339,0.5617499947547913,0.5637500286102295,0.0,258728000
2015-04-13,0.541893720626831,0.5637500286102295,0.0,0.5709999799728394,0.5612499713897705,0.5677499771118164,0.0,236724000
2015-04-14,0.5373276472091675,0.5590000152587891,0.0,0.5637500286102295,0.5534999966621399,0.5615000128746033,0.0,220276000
2015-04-15,0.5438162088394165,0.565750002861023,0.0,0.5699999928474426,0.5577499866485596,0.5605000257492065,0.0,243560000
2015-04-16,0.5404520034790039,0.562250018119812,0.0,0.5672500133514404,0.5582500100135803,0.5625,0.0,155284000
2015-04-17,0.5334830284118652,0.5550000071525574,0.0,0.5605000257492065,0.5502499938011169,0.5504999756813049,0.0,293636000
2015-04-20,0.530839741230011,0.5522500276565552,0.0,0.5609999895095825,0.5512499809265137,0.5575000047683716,0.0,231624000
2015-04-21,0.5301184058189392,0.5515000224113464,0.0,0.5590000152587891,0.5487499833106995,0.5590000152587891,0.0,230456000
2015-04-22,0.5361263751983643,0.5577499866485596,0.0,0.5584999918937683,0.5462499856948853,0.5547500252723694,0.0,207420000
2015-04-23,0.5339635014533997,0.5554999709129333,0.0,0.5607500076293945,0.5412499904632568,0.5475000143051147,0.0,259380000
2015-04-24,0.5293976068496704,0.5507500171661377,0.0,0.5554999709129333,0.5444999933242798,0.5552499890327454,0.0,240960000
2015-04-27,0.5334830284118652,0.5550000071525574,0.0,0.5647500157356262,0.5477499961853027,0.5525000095367432,0.0,248456000
2015-04-28,0.5361263751983643,0.5577499866485596,0.0,0.5597500205039978,0.5487499833106995,0.5540000200271606,0.0,234484000
2015-04-29,0.5320413708686829,0.5534999966621399,0.0,0.559249997138977,0.5512499809265137,0.5537499785423279,0.0,195156000
2015-04-30,0.5334830284118652,0.5550000071525574,0.0,0.5577499866485596,0.5494999885559082,0.5507500171661377,0.0,218844000
2015-05-01,0.5467000603675842,0.5687500238418579,0.0,0.5705000162124634,0.5569999814033508,0.559499979019165,0.0,256968000
2015-05-04,0.5433356761932373,0.5652499794960022,0.0,0.5720000267028809,0.5634999871253967,0.5682500004768372,0.0,200720000
2015-05-05,0.5293976068496704,0.5507500171661377,0.0,0.5640000104904175,0.5482500195503235,0.5632500052452087,0.0,292928000
2015-05-06,0.5310801267623901,0.5525000095367432,0.0,0.5590000152587891,0.5452499985694885,0.5537499785423279,0.0,316484000
2015-05-07,0.5404520034790039,0.562250018119812,0.0,0.5640000104904175,0.5485000014305115,0.5502499938011169,0.0,534564000
2015-05-08,0.5005608201026917,0.5207499861717224,0.0,0.5460000038146973,0.5122500061988831,0.5252500176429749,0.0,1146552000
2015-05-11,0.49575453996658325,0.515749990940094,0.0,0.5210000276565552,0.5095000267028809,0.5134999752044678,0.0,544144000
2015-05-12,0.5005608201026917,0.5207499861717224,0.0,0.5249999761581421,0.5117499828338623,0.5120000243186951,0.0,388800000
2015-05-13,0.5034446716308594,0.5237500071525574,0.0,0.5285000205039978,0.518750011920929,0.5245000123977661,0.0,308524000
2015-05-14,0.511614978313446,0.5322499871253967,0.0,0.5350000262260437,0.5239999890327454,0.5252500176429749,0.0,293052000
2015-05-15,0.5118553042411804,0.5325000286102295,0.0,0.5370000004768372,0.5292500257492065,0.534500002861023,0.0,215824000
2015-05-18,0.5111343860626221,0.5317500233650208,0.0,0.5350000262260437,0.5287500023841858,0.53125,0.0,324972000
2015-05-19,0.5079475045204163,0.5260000228881836,0.00245,0.5317500233650208,0.5249999761581421,0.5299999713897705,0.0,253808000
2015-05-20,0.5079475045204163,0.5260000228881836,0.0,0.5325000286102295,0.5254999995231628,0.5262500047683716,0.0,196824000
2015-05-21,0.5043262243270874,0.5222499966621399,0.0,0.5285000205039978,0.5217499732971191,0.5262500047683716,0.0,239692000
2015-05-22,0.5036020874977112,0.5214999914169312,0.0,0.5254999995231628,0.5202500224113464,0.5235000252723694,0.0,212592000
2015-05-26,0.5004634857177734,0.5182499885559082,0.0,0.5224999785423279,0.5142499804496765,0.5189999938011169,0.0,259732000
2015-05-27,0.5272614359855652,0.5460000038146973,0.0,0.5485000014305115,0.5199999809265137,0.5217499732971191,0.0,432332000
2015-05-28,0.534503698348999,0.5534999966621399,0.0,0.5552499890327454,0.5450000166893005,0.5460000038146973,0.0,327656000
2015-05-29,0.5342621803283691,0.5532500147819519,0.0,0.5569999814033508,0.5525000095367432,0.5534999966621399,0.0,335168000
2015-06-01,0.5402979254722595,0.559499979019165,0.0,0.5649999976158142,0.5532500147819519,0.5567499995231628,0.0,372660000
2015-06-02,0.5296754837036133,0.5485000014305115,0.0,0.5590000152587891,0.5479999780654907,0.5559999942779541,0.0,224304000
2015-06-03,0.5238813757896423,0.5425000190734863,0.0,0.5542500019073486,0.5414999723434448,0.550000011920929,0.0,250788000
2015-06-04,0.5332967638969421,0.5522500276565552,0.0,0.5540000200271606,0.5392500162124634,0.5392500162124634,0.0,323712000
2015-06-05,0.5374007821083069,0.5565000176429749,0.0,0.5590000152587891,0.5447499752044678,0.5504999756813049,0.0,313320000
2015-06-08,0.5250884890556335,0.543749988079071,0.0,0.5584999918937683,0.5375000238418579,0.5547500252723694,0.0,342812000
2015-06-09,0.5277441740036011,0.546500027179718,0.0,0.5504999756813049,0.5432500243186951,0.5442500114440918,0.0,256888000
2015-06-10,0.5183286666870117,0.5367500185966492,0.0,0.5435000061988831,0.5337499976158142,0.5400000214576721,0.0,529460000
2015-06-11,0.5238813757896423,0.5425000190734863,0.0,0.5462499856948853,0.5367500185966492,0.5367500185966492,0.0,283052000
2015-06-12,0.5096375346183777,0.5277500152587891,0.0,0.5422499775886536,0.5264999866485596,0.5389999747276306,0.0,323728000
2015-06-15,0.5086718797683716,0.5267500281333923,0.0,0.5292500257492065,0.5210000276565552,0.5249999761581421,0.0,306548000
2015-06-16,0.5149487257003784,0.5332499742507935,0.0,0.5339999794960022,0.5205000042915344,0.5257499814033508,0.0,256892000
2015-06-17,0.5209843516349792,0.5394999980926514,0.0,0.5425000190734863,0.5317500233650208,0.5329999923706055,0.0,233544000
2015-06-18,0.5296754837036133,0.5485000014305115,0.0,0.5519999861717224,0.5425000190734863,0.5440000295639038,0.0,299404000
2015-06-19,0.5279855728149414,0.546750009059906,0.0,0.5529999732971191,0.5417500138282776,0.5485000014305115,0.0,355656000
2015-06-22,0.5258128046989441,0.5444999933242798,0.0,0.5507500171661377,0.5362499952316284,0.5477499961853027,0.0,514236000
2015-06-23,0.5122931003570557,0.5304999947547913,0.0,0.5497499704360962,0.5262500047683716,0.5454999804496765,0.0,414064000
2015-06-24,0.5072234869003296,0.5252500176429749,0.0,0.5325000286102295,0.5227500200271606,0.5297499895095825,0.0,253368000
2015-06-25,0.5110864043235779,0.5292500257492065,0.0,0.5325000286102295,0.5252500176429749,0.5252500176429749,0.0,350460000
2015-06-26,0.5007050633430481,0.5184999704360962,0.0,0.5254999995231628,0.5162500143051147,0.5249999761581421,0.0,421296000
2015-06-29,0.485737144947052,0.503000020980835,0.0,0.5177500247955322,0.5022500157356262,0.512499988079071,0.0,391724000
2015-06-30,0.48549556732177734,0.5027499794960022,0.0,0.5082499980926514,0.49924999475479126,0.5059999823570251,0.0,315916000
2015-07-01,0.4924967885017395,0.5099999904632568,0.0,0.5224999785423279,0.5055000185966492,0.515250027179718,0.0,302892000
2015-07-02,0.49297967553138733,0.5105000138282776,0.0,0.5137500166893005,0.5072500109672546,0.5097500085830688,0.0,145764000
2015-07-06,0.4869440197944641,0.5042499899864197,0.0,0.5132499933242798,0.5005000233650208,0.5062500238418579,0.0,214776000
2015-07-07,0.4777700901031494,0.4947499930858612,0.0,0.503250002861023,0.4790000021457672,0.5012500286102295,0.0,594252000
2015-07-08,0.4743902087211609,0.49125000834465027,0.0,0.4950000047683716,0.4872500002384186,0.492000013589859,0.0,332492000
2015-07-09,0.46859630942344666,0.48524999618530273,0.0,0.5012500286102295,0.48225000500679016,0.49900001287460327,0.0,357588000
2015-07-10,0.4768044650554657,0.4937500059604645,0.0,0.49825000762939453,0.49024999141693115,0.49149999022483826,0.0,216708000
2015-07-13,0.47994279861450195,0.4970000088214874,0.0,0.4997499883174896,0.4937500059604645,0.4987500011920929,0.0,212472000
2015-07-14,0.4801843464374542,0.4972499907016754,0.0,0.49825000762939453,0.4907500147819519,0.49775001406669617,0.0,249216000
2015-07-15,0.4768044650554657,0.4937500059604645,0.0,0.49924999475479126,0.4892500042915344,0.4959999918937683,0.0,265732000
2015-07-16,0.4874269962310791,0.5047500133514404,0.0,0.5047500133514404,0.4950000047683716,0.49674999713897705,0.0,282848000
2015-07-17,0.48452985286712646,0.5017499923706055,0.0,0.5034999847412109,0.49524998664855957,0.503000020980835,0.0,220372000
2015-07-20,0.47559741139411926,0.4925000071525574,0.0,0.5037500262260437,0.49125000834465027,0.5017499923706055,0.0,188412000
2015-07-21,0.4777700901031494,0.4947499930858612,0.0,0.5017499923706055,0.49149999022483826,0.49149999022483826,0.0,149720000
2015-07-22,0.46859630942344666,0.48524999618530273,0.0,0.49125000834465027,0.4792500138282776,0.49125000834465027,0.0,356472000
2015-07-23,0.4743902087211609,0.49125000834465027,0.0,0.4984999895095825,0.48524999618530273,0.48625001311302185,0.0,169916000
2015-07-24,0.46883755922317505,0.4855000078678131,0.0,0.49524998664855957,0.48350000381469727,0.4947499930858612,0.0,188844000
2015-07-27,0.46618199348449707,0.4827499985694885,0.0,0.4882499873638153,0.47725000977516174,0.48124998807907104,0.0,192420000
2015-07-28,0.47632160782814026,0.4932500123977661,0.0,0.4964999854564667,0.4790000021457672,0.48399999737739563,0.0,198308000
2015-07-29,0.4821157455444336,0.49924999475479126,0.0,0.503250002861023,0.49024999141693115,0.492249995470047,0.0,232680000
2015-07-30,0.48332279920578003,0.5005000233650208,0.0,0.5055000185966492,0.49799999594688416,0.49799999594688416,0.0,190180000
2015-07-31,0.4816328287124634,0.4987500011920929,0.0,0.5027499794960022,0.4957500100135803,0.5024999976158142,0.0,218340000
2015-08-03,0.489841103553772,0.5072500109672546,0.0,0.5077499747276306,0.4962500035762787,0.5027499794960022,0.0,397132000
2015-08-04,0.49177250266075134,0.5092499852180481,0.0,0.5107499957084656,0.5034999847412109,0.5055000185966492,0.0,260100000
2015-08-05,0.49684232473373413,0.5145000219345093,0.0,0.5222499966621399,0.5134999752044678,0.5217499732971191,0.0,234628000
2015-08-06,0.4937038719654083,0.5112500190734863,0.0,0.5170000195503235,0.5027499794960022,0.5132499933242798,0.0,655676000
2015-08-07,0.554783046245575,0.5745000243186951,0.0,0.5842499732971191,0.546999990940094,0.5615000128746033,0.0,1405248000
2015-08-10,0.5740966796875,0.5945000052452087,0.0,0.5987499952316284,0.5669999718666077,0.5705000162124634,0.0,662304000
2015-08-11,0.5711997151374817,0.5914999842643738,0.0,0.5972499847412109,0.5857499837875366,0.5857499837875366,0.0,435008000
2015-08-12,0.5726481676101685,0.5929999947547913,0.0,0.5972499847412109,0.5820000171661377,0.5820000171661377,0.0,384048000
2015-08-13,0.5678197145462036,0.5879999995231628,0.0,0.5950000286102295,0.5864999890327454,0.59375,0.0,276884000
2015-08-14,0.5683026909828186,0.5885000228881836,0.0,0.5920000076293945,0.5839999914169312,0.5874999761581421,0.0,214652000
2015-08-17,0.5646814703941345,0.5847499966621399,0.0,0.5874999761581421,0.5774999856948853,0.5874999761581421,0.0,273880000
2015-08-18,0.5595415830612183,0.5770000219345093,0.00245,0.5845000147819519,0.5724999904632568,0.5805000066757202,0.0,287084000
2015-08-19,0.5573598742485046,0.5747500061988831,0.0,0.5827500224113464,0.5684999823570251,0.5762500166893005,0.0,249248000
2015-08-20,0.5372377038002014,0.5540000200271606,0.0,0.5709999799728394,0.5512499809265137,0.5682500004768372,0.0,426932000
2015-08-21,0.5205095410346985,0.5367500185966492,0.0,0.559249997138977,0.5362499952316284,0.550000011920929,0.0,382664000
2015-08-24,0.502084493637085,0.5177500247955322,0.0,0.5457500219345093,0.5,0.5067499876022339,0.0,682284000
2015-08-25,0.49165987968444824,0.5070000290870667,0.0,0.5425000190734863,0.5070000290870667,0.5404999852180481,0.0,622684000
2015-08-26,0.5287523865699768,0.5452499985694885,0.0,0.5457500219345093,0.5195000171661377,0.5235000252723694,0.0,614976000
2015-08-27,0.5486321449279785,0.565750002861023,0.0,0.5659999847412109,0.5477499961853027,0.5509999990463257,0.0,463764000
2015-08-28,0.5510561466217041,0.5682500004768372,0.0,0.5717499852180481,0.5617499947547913,0.565750002861023,0.0,320944000
2015-08-31,0.5449955463409424,0.5619999766349792,0.0,0.5695000290870667,0.5597500205039978,0.565500020980835,0.0,219352000
2015-09-01,0.5226913690567017,0.5389999747276306,0.0,0.5550000071525574,0.5350000262260437,0.5457500219345093,0.0,353408000
2015-09-02,0.5384498238563538,0.5552499890327454,0.0,0.5554999709129333,0.5444999933242798,0.5537499785423279,0.0,344044000
2015-09-03,0.5399043560028076,0.5567499995231628,0.0,0.5662500262260437,0.5557500123977661,0.5634999871253967,0.0,262556000
2015-09-04,0.5272977948188782,0.543749988079071,0.0,0.5559999942779541,0.5435000061988831,0.547249972820282,0.0,287972000
2015-09-08,0.5498443841934204,0.5669999718666077,0.0,0.5692499876022339,0.5547500252723694,0.5569999814033508,0.0,238448000
2015-09-09,0.5389347672462463,0.5557500123977661,0.0,0.5734999775886536,0.5544999837875366,0.5687500238418579,0.0,289392000
2015-09-10,0.5474201440811157,0.5644999742507935,0.0,0.5715000033378601,0.550000011920929,0.5525000095367432,0.0,357076000
2015-09-11,0.5491169095039368,0.5662500262260437,0.0,0.5699999928474426,0.5559999942779541,0.5582500100135803,0.0,301584000
2015-09-14,0.5500866174697876,0.5672500133514404,0.0,0.5707499980926514,0.5642499923706055,0.5690000057220459,0.0,192460000
2015-09-15,0.5561476349830627,0.5734999775886536,0.0,0.5764999985694885,0.565750002861023,0.5674999952316284,0.0,327976000
2015-09-16,0.5600263476371765,0.5774999856948853,0.0,0.5807499885559082,0.5682500004768372,0.5724999904632568,0.0,173508000
2015-09-17,0.5651177167892456,0.5827500224113464,0.0,0.5927500128746033,0.5814999938011169,0.5874999761581421,0.0,268712000
2015-09-18,0.564632773399353,0.5822499990463257,0.0,0.5872499942779541,0.5712500214576721,0.5747500061988831,0.0,326412000
2015-09-21,0.5704511404037476,0.5882499814033508,0.0,0.5895000100135803,0.5799999833106995,0.5830000042915344,0.0,281840000
2015-09-22,0.5549354553222656,0.5722500085830688,0.0,0.5795000195503235,0.5692499876022339,0.5755000114440918,0.0,228356000
2015-09-23,0.5576024055480957,0.574999988079071,0.0,0.578499972820282,0.5705000162124634,0.5727499723434448,0.0,161632000
2015-09-24,0.5682694911956787,0.5860000252723694,0.0,0.5920000076293945,0.5625,0.5715000033378601,0.0,382440000
2015-09-25,0.5723908543586731,0.5902500152587891,0.0,0.6017500162124634,0.5845000147819519,0.5932499766349792,0.0,369692000
2015-09-28,0.5648753643035889,0.5824999809265137,0.0,0.593999981880188,0.5787500143051147,0.5902500152587891,0.0,395584000
2015-09-29,0.5748151540756226,0.5927500128746033,0.0,0.59375,0.5805000066757202,0.5887500047683716,0.0,380736000
2015-09-30,0.5976040959358215,0.6162499785423279,0.0,0.6169999837875366,0.5947499871253967,0.5982499718666077,0.0,556380000
2015-10-01,0.5859671831130981,0.6042500138282776,0.0,0.6179999709129333,0.5867499709129333,0.6162499785423279,0.0,489296000
2015-10-02,0.601240873336792,0.6200000047683716,0.0,0.6200000047683716,0.5947499871253967,0.6010000109672546,0.0,386144000
2015-10-05,0.6162716150283813,0.6355000138282776,0.0,0.6432499885559082,0.6207500100135803,0.6240000128746033,0.0,482024000
2015-10-06,0.6242718696594238,0.643750011920929,0.0,0.6464999914169312,0.6262500286102295,0.6287500262260437,0.0,453216000
2015-10-07,0.6308177709579468,0.6504999995231628,0.0,0.6570000052452087,0.6347500085830688,0.6452500224113464,0.0,310152000
2015-10-08,0.6344543695449829,0.6542500257492065,0.0,0.656000018119812,0.6367499828338623,0.6477500200271606,0.0,460068000
2015-10-09,0.6320300698280334,0.6517500281333923,0.0,0.6570000052452087,0.6395000219345093,0.6507499814033508,0.0,423248000
2015-10-12,0.638818085193634,0.6587499976158142,0.0,0.6625000238418579,0.6477500200271606,0.6524999737739563,0.0,227588000
2015-10-13,0.6400306224822998,0.6600000262260437,0.0,0.6639999747276306,0.6512500047683716,0.6535000205039978,0.0,298444000
2015-10-14,0.6633040904998779,0.6840000152587891,0.0,0.6947500109672546,0.6600000262260437,0.6607499718666077,0.0,612148000
2015-10-15,0.6650013327598572,0.6857500076293945,0.0,0.6997500061988831,0.6782500147819519,0.6852499842643738,0.0,526048000
2015-10-16,0.6754259467124939,0.6965000033378601,0.0,0.703000009059906,0.6862499713897705,0.6880000233650208,0.0,448396000
2015-10-19,0.6742137670516968,0.6952499747276306,0.0,0.7020000219345093,0.687250018119812,0.6987500190734863,0.0,294712000
2015-10-20,0.6732438802719116,0.6942499876022339,0.0,0.6974999904632568,0.6869999766349792,0.6922500133514404,0.0,264824000
2015-10-21,0.6645165085792542,0.6852499842643738,0.0,0.702750027179718,0.6840000152587891,0.6984999775886536,0.0,386280000
2015-10-22,0.6885175108909607,0.7099999785423279,0.0,0.7122499942779541,0.6922500133514404,0.6932500004768372,0.0,306884000
2015-10-23,0.6931238770484924,0.7147499918937683,0.0,0.7195000052452087,0.7055000066757202,0.7162500023841858,0.0,381776000
2015-10-26,0.6899722218513489,0.7114999890327454,0.0,0.7170000076293945,0.7049999833106995,0.7152500152587891,0.0,247436000
2015-10-27,0.6894873380661011,0.7110000252723694,0.0,0.715499997138977,0.7074999809265137,0.7080000042915344,0.0,208268000
2015-10-28,0.695063591003418,0.7167500257492065,0.0,0.7167500257492065,0.7049999833106995,0.715499997138977,0.0,217036000
2015-10-29,0.6710621118545532,0.6919999718666077,0.0,0.7124999761581421,0.690750002861023,0.7052500247955322,0.0,327168000
2015-10-30,0.6877902746200562,0.7092499732971191,0.0,0.7142500281333923,0.6942499876022339,0.6995000243186951,0.0,301160000
2015-11-02,0.6957903504371643,0.7174999713897705,0.0,0.7182499766349792,0.7072499990463257,0.7114999890327454,0.0,190088000
2015-11-03,0.6909417510032654,0.7124999761581421,0.0,0.7172499895095825,0.7045000195503235,0.7132499814033508,0.0,376768000
2015-11-04,0.6795473694801331,0.7007499933242798,0.0,0.715749979019165,0.6974999904632568,0.7105000019073486,0.0,442264000
2015-11-05,0.6717892289161682,0.6927499771118164,0.0,0.706250011920929,0.690750002861023,0.7042499780654907,0.0,478800000
2015-11-06,0.7648848295211792,0.7887499928474426,0.0,0.7985000014305115,0.7455000281333923,0.7612500190734863,0.0,1172272000
2015-11-09,0.7614905834197998,0.7852500081062317,0.0,0.7875000238418579,0.7742499709129333,0.781000018119812,0.0,492568000
2015-11-10,0.7469447255134583,0.7702500224113464,0.0,0.7792500257492065,0.7537500262260437,0.7749999761581421,0.0,552260000
2015-11-11,0.739671528339386,0.7627500295639038,0.0,0.7762500047683716,0.7599999904632568,0.7707499861717224,0.0,619896000
2015-11-12,0.7370046377182007,0.7599999904632568,0.0,0.7680000066757202,0.7567499876022339,0.7609999775886536,0.0,291080000
2015-11-13,0.7224584221839905,0.7450000047683716,0.0,0.7639999985694885,0.7412499785423279,0.7607499957084656,0.0,292940000
2015-11-16,0.7370046377182007,0.7599999904632568,0.0,0.7605000138282776,0.7487499713897705,0.7547500133514404,0.0,344280000
2015-11-17,0.7370046377182007,0.7599999904632568,0.0,0.7664999961853027,0.7567499876022339,0.7620000243186951,0.0,257048000
2015-11-18,0.7551345825195312,0.7757499814033508,0.002875,0.7767500281333923,0.7519999742507935,0.7602499723434448,0.0,350216000
2015-11-19,0.7573248744010925,0.777999997138977,0.0,0.7857499718666077,0.7722499966621399,0.7785000205039978,0.0,254072000
2015-11-20,0.763895571231842,0.7847499847412109,0.0,0.7892500162124634,0.7789999842643738,0.7837499976158142,0.0,239744000
2015-11-23,0.7524575591087341,0.7730000019073486,0.0,0.7912499904632568,0.7702500224113464,0.7912499904632568,0.0,242552000
2015-11-24,0.7585417032241821,0.7792500257492065,0.0,0.7860000133514404,0.7695000171661377,0.7730000019073486,0.0,195428000
2015-11-25,0.757568359375,0.778249979019165,0.0,0.7870000004768372,0.7754999995231628,0.7777500152587891,0.0,138300000
2015-11-27,0.763895571231842,0.7847499847412109,0.0,0.7872499823570251,0.7757499814033508,0.7797499895095825,0.0,86996000
2015-11-30,0.7719263434410095,0.7929999828338623,0.0,0.796500027179718,0.7847499847412109,0.7854999899864197,0.0,327244000
2015-12-01,0.7969920635223389,0.8187500238418579,0.0,0.8195000290870667,0.7992500066757202,0.800000011920929,0.0,409496000
2015-12-02,0.79090815782547,0.8125,0.0,0.828499972820282,0.8107500076293945,0.8199999928474426,0.0,294240000
2015-12-03,0.7892047166824341,0.8107500076293945,0.0,0.8274999856948853,0.8067499995231628,0.8190000057220459,0.0,246656000
2015-12-04,0.8213274478912354,0.84375,0.0,0.8452500104904175,0.8107500076293945,0.8107500076293945,0.0,458756000
2015-12-07,0.8057530522346497,0.827750027179718,0.0,0.843500018119812,0.8252500295639038,0.843500018119812,0.0,333588000
2015-12-08,0.8167039155960083,0.8389999866485596,0.0,0.8424999713897705,0.812250018119812,0.8174999952316284,0.0,314488000
2015-12-09,0.7960184812545776,0.8177499771118164,0.0,0.84375,0.809249997138977,0.8387500047683716,0.0,372676000
2015-12-10,0.8025894165039062,0.8245000243186951,0.0,0.8289999961853027,0.8174999952316284,0.8202499747276306,0.0,236596000
2015-12-11,0.790664792060852,0.812250018119812,0.0,0.8220000267028809,0.8105000257492065,0.8162500262260437,0.0,227320000
2015-12-14,0.7926115989685059,0.8142499923706055,0.0,0.8187500238418579,0.8044999837875366,0.8130000233650208,0.0,275892000
2015-12-15,0.8023458123207092,0.8242499828338623,0.0,0.8299999833106995,0.8190000057220459,0.8234999775886536,0.0,307296000
2015-12-16,0.8072127103805542,0.8292499780654907,0.0,0.8320000171661377,0.8187500238418579,0.8259999752044678,0.0,236356000
2015-12-17,0.7950452566146851,0.8167499899864197,0.0,0.8389999866485596,0.8162500262260437,0.8305000066757202,0.0,254160000
2015-12-18,0.7821472883224487,0.8034999966621399,0.0,0.8192499876022339,0.8025000095367432,0.8109999895095825,0.0,395896000
2015-12-21,0.8006421327590942,0.8224999904632568,0.0,0.8232499957084656,0.8050000071525574,0.812250018119812,0.0,284216000
2015-12-22,0.8013725876808167,0.8232499957084656,0.0,0.8314999938011169,0.8182500004768372,0.824999988079071,0.0,130012000
2015-12-23,0.8045361042022705,0.8264999985694885,0.0,0.8297500014305115,0.8230000138282776,0.8245000243186951,0.0,122524000
2015-12-24,0.8072127103805542,0.8292499780654907,0.0,0.831250011920929,0.8227499723434448,0.8240000009536743,0.0,52448000
2015-12-28,0.80648273229599,0.828499972820282,0.0,0.828499972820282,0.8090000152587891,0.8205000162124634,0.0,142024000
2015-12-29,0.8196241855621338,0.8420000076293945,0.0,0.8445000052452087,0.8267499804496765,0.8289999961853027,0.0,203660000
2015-12-30,0.8125668168067932,0.8347499966621399,0.0,0.8485000133514404,0.8345000147819519,0.8412500023841858,0.0,180344000
2015-12-31,0.8021022081375122,0.8240000009536743,0.0,0.8372499942779541,0.8240000009536743,0.8335000276565552,0.0,148528000
2016-01-04,0.7877444624900818,0.809249997138977,0.0,0.8144999742507935,0.8009999990463257,0.8072500228881836,0.0,358076000
2016-01-05,0.8003990054130554,0.8222500085830688,0.0,0.8360000252723694,0.8125,0.8245000243186951,0.0,490272000
2016-01-06,0.7673025727272034,0.7882500290870667,0.0,0.8125,0.7789999842643738,0.8087499737739563,0.0,449344000
2016-01-07,0.7368830442428589,0.7570000290870667,0.0,0.7737500071525574,0.746999979019165,0.7684999704360962,0.0,645304000
2016-01-08,0.7210648655891418,0.7407500147819519,0.0,0.7674999833106995,0.7392500042915344,0.7667499780654907,0.0,398472000
2016-01-11,0.7222813963890076,0.7419999837875366,0.0,0.7472500205039978,0.7287499904632568,0.7415000200271606,0.0,409372000
2016-01-12,0.7344492077827454,0.7544999718666077,0.0,0.765500009059906,0.7492499947547913,0.7552499771118164,0.0,469356000
2016-01-13,0.7120607495307922,0.7315000295639038,0.0,0.765250027179718,0.7307500243186951,0.7602499723434448,0.0,481672000
2016-01-14,0.6977026462554932,0.7167500257492065,0.0,0.7250000238418579,0.6955000162124634,0.7164999842643738,0.0,600236000
2016-01-15,0.6597389578819275,0.6777499914169312,0.0,0.6962500214576721,0.6660000085830688,0.6880000233650208,0.0,841452000
2016-01-19,0.6650930047035217,0.6832500100135803,0.0,0.7112500071525574,0.6804999709129333,0.6917499899864197,0.0,457140000
2016-01-20,0.6687430143356323,0.6869999766349792,0.0,0.6957499980926514,0.6612499952316284,0.6702499985694885,0.0,481180000
2016-01-21,0.6765305399894714,0.6949999928474426,0.0,0.7057499885559082,0.6802499890327454,0.6945000290870667,0.0,481456000
2016-01-22,0.6923488974571228,0.7112500071525574,0.0,0.7160000205039978,0.7067499756813049,0.7082499861717224,0.0,257996000
2016-01-25,0.6916186213493347,0.7105000019073486,0.0,0.7192500233650208,0.7089999914169312,0.7110000252723694,0.0,270728000
2016-01-26,0.6984328627586365,0.7174999713897705,0.0,0.7204999923706055,0.7047500014305115,0.7120000123977661,0.0,227944000
2016-01-27,0.6901587247848511,0.7089999914169312,0.0,0.71875,0.6955000162124634,0.7164999842643738,0.0,231700000
2016-01-28,0.6826145052909851,0.7012500166893005,0.0,0.7172499895095825,0.6875,0.7147499918937683,0.0,276776000
2016-01-29,0.7127906084060669,0.7322499752044678,0.0,0.7337499856948853,0.7045000195503235,0.7072499990463257,0.0,310504000
2016-02-01,0.7130340337753296,0.7325000166893005,0.0,0.7362499833106995,0.7252500057220459,0.7315000295639038,0.0,289884000
2016-02-02,0.6828577518463135,0.7014999985694885,0.0,0.7287499904632568,0.6965000033378601,0.7250000238418579,0.0,341908000
2016-02-03,0.6862648725509644,0.7049999833106995,0.0,0.7112500071525574,0.6887500286102295,0.7070000171661377,0.0,326772000
2016-02-04,0.686508297920227,0.7052500247955322,0.0,0.7212499976158142,0.6982499957084656,0.7059999704360962,0.0,348140000
2016-02-05,0.6431907415390015,0.6607499718666077,0.0,0.7082499861717224,0.6587499976158142,0.7005000114440918,0.0,600428000
2016-02-08,0.6137446761131287,0.6305000185966492,0.0,0.6539999842643738,0.6212499737739563,0.6507499814033508,0.0,608852000
2016-02-09,0.620315432548523,0.6372500061988831,0.0,0.6637499928474426,0.6200000047683716,0.6230000257492065,0.0,425372000
2016-02-10,0.6188551783561707,0.6357499957084656,0.0,0.6597499847412109,0.6322500109672546,0.6412500143051147,0.0,335800000
2016-02-11,0.6156915426254272,0.6324999928474426,0.0,0.6389999985694885,0.6194999814033508,0.6194999814033508,0.0,340144000
2016-02-12,0.6261557936668396,0.6432499885559082,0.0,0.6445000171661377,0.6187499761581421,0.6424999833106995,0.0,340816000
2016-02-16,0.6568186283111572,0.6747499704360962,0.0,0.6757500171661377,0.6504999995231628,0.6524999737739563,0.0,485352000
2016-02-17,0.6731237173080444,0.6915000081062317,0.0,0.6980000138282776,0.6804999709129333,0.6832500100135803,0.0,771468000
2016-02-18,0.7310424447059631,0.7509999871253967,0.0,0.7745000123977661,0.7475000023841858,0.7482500076293945,0.0,1068660000
2016-02-19,0.7407766580581665,0.7609999775886536,0.0,0.7677500247955322,0.7412499785423279,0.746999979019165,0.0,525628000
2016-02-22,0.7670590281486511,0.7879999876022339,0.0,0.796750009059906,0.7705000042915344,0.7720000147819519,0.0,449668000
2016-02-23,0.7690058946609497,0.7900000214576721,0.0,0.7975000143051147,0.777999997138977,0.7817500233650208,0.0,369380000
2016-02-24,0.7743598818778992,0.7954999804496765,0.0,0.796750009059906,0.7649999856948853,0.7867500185966492,0.0,336852000
2016-02-25,0.7760633230209351,0.797249972820282,0.0,0.8012499809265137,0.7829999923706055,0.7985000014305115,0.0,349616000
2016-02-26,0.7709527015686035,0.7919999957084656,0.0,0.8029999732971191,0.7839999794960022,0.8009999990463257,0.0,361964000
2016-02-29,0.7659458518028259,0.7839999794960022,0.002875,0.8004999756813049,0.7835000157356262,0.7902500033378601,0.0,323344000
2016-03-01,0.799895703792572,0.8187500238418579,0.0,0.8187500238418579,0.7847499847412109,0.7860000133514404,0.0,348700000
2016-03-02,0.8045362234115601,0.8234999775886536,0.0,0.8264999985694885,0.812749981880188,0.8142499923706055,0.0,233812000
2016-03-03,0.7974532246589661,0.8162500262260437,0.0,0.8259999752044678,0.8052499890327454,0.8224999904632568,0.0,302004000
2016-03-04,0.7950109243392944,0.8137500286102295,0.0,0.8232499957084656,0.8075000047683716,0.8224999904632568,0.0,175304000
2016-03-07,0.789881706237793,0.8084999918937683,0.0,0.8147500157356262,0.7979999780654907,0.809249997138977,0.0,239968000
2016-03-08,0.7754713892936707,0.793749988079071,0.0,0.8050000071525574,0.7912499904632568,0.8002499938011169,0.0,274940000
2016-03-09,0.7749831080436707,0.7932500243186951,0.0,0.8019999861717224,0.7829999923706055,0.8007500171661377,0.0,222788000
2016-03-10,0.773761510848999,0.7919999957084656,0.0,0.8025000095367432,0.7760000228881836,0.7979999780654907,0.0,286084000
2016-03-11,0.7869507670402527,0.8054999709129333,0.0,0.8057500123977661,0.7942500114440918,0.8037499785423279,0.0,277400000
2016-03-14,0.78890460729599,0.8075000047683716,0.0,0.8107500076293945,0.7979999780654907,0.8017500042915344,0.0,190312000
2016-03-15,0.7849968075752258,0.8034999966621399,0.0,0.8084999918937683,0.7892500162124634,0.8032500147819519,0.0,226216000
2016-03-16,0.8084441423416138,0.8274999856948853,0.0,0.8302500247955322,0.793749988079071,0.7975000143051147,0.0,363644000
2016-03-17,0.8016054630279541,0.8205000162124634,0.0,0.828499972820282,0.809249997138977,0.8245000243186951,0.0,353680000
2016-03-18,0.8257853388786316,0.8452500104904175,0.0,0.856249988079071,0.824999988079071,0.8302500247955322,0.0,545512000
2016-03-21,0.8282279372215271,0.8477500081062317,0.0,0.8479999899864197,0.8287500143051147,0.8377500176429749,0.0,337780000
2016-03-22,0.8267624974250793,0.8462499976158142,0.0,0.8522499799728394,0.8357499837875366,0.8450000286102295,0.0,242012000
2016-03-23,0.8409286141395569,0.8607500195503235,0.0,0.8669999837875366,0.8462499976158142,0.8500000238418579,0.0,429008000
2016-03-24,0.8421496748924255,0.8619999885559082,0.0,0.8634999990463257,0.8502500057220459,0.8529999852180481,0.0,244956000
2016-03-28,0.8506980538368225,0.8707500100135803,0.0,0.8744999766349792,0.859499990940094,0.8604999780654907,0.0,265388000
2016-03-29,0.8643757700920105,0.8847500085830688,0.0,0.8867499828338623,0.8650000095367432,0.8669999837875366,0.0,261812000
2016-03-30,0.8734127879142761,0.8939999938011169,0.0,0.90625,0.887499988079071,0.8880000114440918,0.0,376700000
2016-03-31,0.8702377676963806,0.890749990940094,0.0,0.8999999761581421,0.8837500214576721,0.8980000019073486,0.0,379884000
2016-04-01,0.8829383850097656,0.9037500023841858,0.0,0.9042500257492065,0.8784999847412109,0.8852499723434448,0.0,348292000
2016-04-04,0.8743898868560791,0.8949999809265137,0.0,0.9160000085830688,0.8914999961853027,0.9112499952316284,0.0,393940000
2016-04-05,0.8731687068939209,0.893750011920929,0.0,0.9020000100135803,0.8834999799728394,0.8870000243186951,0.0,339568000
2016-04-06,0.8743898868560791,0.8949999809265137,0.0,0.8955000042915344,0.8657500147819519,0.8824999928474426,0.0,453376000
2016-04-07,0.8653528690338135,0.8857499957084656,0.0,0.8972499966621399,0.8820000290870667,0.8892499804496765,0.0,378104000
2016-04-08,0.8709704279899597,0.8914999961853027,0.0,0.8987500071525574,0.8827499747276306,0.8930000066757202,0.0,255936000
2016-04-11,0.8763434886932373,0.8970000147819519,0.0,0.9117500185966492,0.8939999938011169,0.8967499732971191,0.0,387524000
2016-04-12,0.8753666877746582,0.8960000276565552,0.0,0.9012500047683716,0.8784999847412109,0.8999999761581421,0.0,292764000
2016-04-13,0.8973485827445984,0.9185000061988831,0.0,0.918749988079071,0.8999999761581421,0.8999999761581421,0.0,350716000
2016-04-14,0.8997910022735596,0.9210000038146973,0.0,0.925000011920929,0.9122499823570251,0.9160000085830688,0.0,416564000
2016-04-15,0.9068742394447327,0.9282500147819519,0.0,0.9365000128746033,0.9177500009536743,0.9207500219345093,0.0,436972000
2016-04-18,0.902966320514679,0.9242500066757202,0.0,0.9265000224113464,0.9152500033378601,0.9265000224113464,0.0,307320000
2016-04-19,0.8868463635444641,0.9077500104904175,0.0,0.9294999837875366,0.9020000100135803,0.9277499914169312,0.0,309152000
2016-04-20,0.890265703201294,0.9112499952316284,0.0,0.9167500138282776,0.9052500128746033,0.90625,0.0,200172000
2016-04-21,0.8892884850502014,0.9102500081062317,0.0,0.9157500267028809,0.90625,0.9114999771118164,0.0,178280000
2016-04-22,0.8858693242073059,0.9067500233650208,0.0,0.9194999933242798,0.9037500023841858,0.9132500290870667,0.0,223540000
2016-04-25,0.890265703201294,0.9112499952316284,0.0,0.9162499904632568,0.9045000076293945,0.9070000052452087,0.0,191972000
2016-04-26,0.8909981846809387,0.9120000004768372,0.0,0.9272500276565552,0.9079999923706055,0.9167500138282776,0.0,214536000
2016-04-27,0.9112704992294312,0.9327499866485596,0.0,0.9332500100135803,0.9079999923706055,0.9097499847412109,0.0,352396000
2016-04-28,0.8841591477394104,0.9049999713897705,0.0,0.9325000047683716,0.9027500152587891,0.9269999861717224,0.0,381224000
2016-04-29,0.8677951693534851,0.8882499933242798,0.0,0.903249979019165,0.8784999847412109,0.9012500047683716,0.0,321904000
2016-05-02,0.8792745471000671,0.8999999761581421,0.0,0.9054999947547913,0.8924999833106995,0.8967499732971191,0.0,256076000
2016-05-03,0.8687721490859985,0.8892499804496765,0.0,0.8934999704360962,0.8815000057220459,0.8897500038146973,0.0,224024000
2016-05-04,0.84898841381073,0.8690000176429749,0.0,0.8792499899864197,0.8600000143051147,0.8784999847412109,0.0,525764000
2016-05-05,0.8541176319122314,0.8742499947547913,0.0,0.8845000267028809,0.8677499890327454,0.8762500286102295,0.0,246884000
2016-05-06,0.8629102110862732,0.8832499980926514,0.0,0.8855000138282776,0.8709999918937683,0.8727499842643738,0.0,183240000
2016-05-09,0.8616890907287598,0.8820000290870667,0.0,0.8892499804496765,0.874750018119812,0.8855000138282776,0.0,333336000
2016-05-10,0.8782975077629089,0.8989999890327454,0.0,0.9004999995231628,0.8790000081062317,0.887499988079071,0.0,269676000
2016-05-11,0.8807401657104492,0.9014999866485596,0.0,0.9114999771118164,0.8967499732971191,0.9017500281333923,0.0,328176000
2016-05-12,0.8687721490859985,0.8892499804496765,0.0,0.9120000004768372,0.8732500076293945,0.9079999923706055,0.0,670540000
2016-05-13,1.0009077787399292,1.0245000123977661,0.0,1.024999976158142,0.9750000238418579,0.9797499775886536,0.0,2110256000
2016-05-16,1.0304608345031738,1.0547499656677246,0.0,1.0700000524520874,1.0134999752044678,1.0167499780654907,0.0,973032000
2016-05-17,1.0326590538024902,1.0570000410079956,0.0,1.0644999742507935,1.0364999771118164,1.0499999523162842,0.0,628392000
2016-05-18,1.059037208557129,1.0839999914169312,0.0,1.096250057220459,1.0499999523162842,1.0499999523162842,0.0,541072000
2016-05-19,1.0636780261993408,1.0887500047683716,0.0,1.096500039100647,1.0782500505447388,1.0797499418258667,0.0,398880000
2016-05-20,1.0827291011810303,1.1082500219345093,0.0,1.1127500534057617,1.09375,1.0954999923706055,0.0,391084000
2016-05-23,1.084438443183899,1.1100000143051147,0.0,1.1172499656677246,1.1032500267028809,1.1130000352859497,0.0,413636000
2016-05-24,1.1107629537582397,1.1339999437332153,0.002875,1.1375000476837158,1.1074999570846558,1.1104999780654907,0.0,415788000
2016-05-25,1.1061104536056519,1.1292500495910645,0.0,1.1422499418258667,1.1202499866485596,1.1375000476837158,0.0,458076000
2016-05-26,1.1178643703460693,1.1412500143051147,0.0,1.1495000123977661,1.128000020980835,1.131250023841858,0.0,309964000
2016-05-27,1.1239861249923706,1.1475000381469727,0.0,1.1492500305175781,1.1387499570846558,1.1425000429153442,0.0,277416000
2016-05-31,1.1440662145614624,1.1679999828338623,0.0,1.1705000400543213,1.1517499685287476,1.152500033378601,0.0,412524000
2016-06-01,1.1462699174880981,1.1702500581741333,0.0,1.18149995803833,1.159000039100647,1.162500023841858,0.0,387132000
2016-06-02,1.1543508768081665,1.1785000562667847,0.0,1.1885000467300415,1.1649999618530273,1.1764999628067017,0.0,329208000
2016-06-03,1.1381893157958984,1.1619999408721924,0.0,1.1684999465942383,1.1414999961853027,1.1670000553131104,0.0,461076000
2016-06-06,1.1323120594024658,1.156000018119812,0.0,1.1740000247955322,1.149999976158142,1.1649999618530273,0.0,322512000
2016-06-07,1.1345164775848389,1.1582499742507935,0.0,1.1694999933242798,1.1577500104904175,1.1629999876022339,0.0,193400000
2016-06-08,1.130842924118042,1.1545000076293945,0.0,1.162750005722046,1.1449999809265137,1.1584999561309814,0.0,234616000
2016-06-09,1.1602286100387573,1.184499979019165,0.0,1.1862499713897705,1.1480000019073486,1.1505000591278076,0.0,472168000
2016-06-10,1.1313323974609375,1.1549999713897705,0.0,1.180999994277954,1.153499960899353,1.1705000400543213,0.0,400024000
2016-06-13,1.1457804441452026,1.1697499752044678,0.0,1.1924999952316284,1.15625,1.15625,0.0,475588000
2016-06-14,1.1479841470718384,1.1720000505447388,0.0,1.1775000095367432,1.1540000438690186,1.1670000553131104,0.0,298344000
2016-06-15,1.1597381830215454,1.184000015258789,0.0,1.1942499876022339,1.1687500476837158,1.1817500591278076,0.0,301036000
2016-06-16,1.164391040802002,1.1887500286102295,0.0,1.190750002861023,1.1637500524520874,1.1752500534057617,0.0,246456000
2016-06-17,1.1440662145614624,1.1679999828338623,0.0,1.190500020980835,1.1632499694824219,1.190250039100647,0.0,471000000
2016-06-20,1.164636254310608,1.1890000104904175,0.0,1.2042499780654907,1.1859999895095825,1.186750054359436,0.0,293768000
2016-06-21,1.1575344800949097,1.1817500591278076,0.0,1.1972500085830688,1.1799999475479126,1.194000005722046,0.0,212508000
2016-06-22,1.1565550565719604,1.1807500123977661,0.0,1.1920000314712524,1.1787500381469727,1.184249997138977,0.0,202620000
2016-06-23,1.187409520149231,1.212249994277954,0.0,1.2135000228881836,1.191249966621399,1.1920000314712524,0.0,297880000
2016-06-24,1.1198229789733887,1.1432499885559082,0.0,1.184000015258789,1.1325000524520874,1.162500023841858,0.0,1017684000
2016-06-27,1.107824444770813,1.13100004196167,0.0,1.1425000429153442,1.1142499446868896,1.1337499618530273,0.0,449088000
2016-06-28,1.1239861249923706,1.1475000381469727,0.0,1.153749942779541,1.1317499876022339,1.152500033378601,0.0,381920000
2016-06-29,1.142351746559143,1.1662499904632568,0.0,1.1752500534057617,1.1545000076293945,1.1575000286102295,0.0,318932000
2016-06-30,1.1511677503585815,1.1752500534057617,0.0,1.1825000047683716,1.158750057220459,1.1682499647140503,0.0,430940000
2016-07-01,1.1425970792770386,1.1664999723434448,0.0,1.184000015258789,1.162500023841858,1.1687500476837158,0.0,218488000
2016-07-05,1.1594932079315186,1.183750033378601,0.0,1.1857500076293945,1.1507500410079956,1.159999966621399,0.0,371084000
2016-07-06,1.1668399572372437,1.191249966621399,0.0,1.1982500553131104,1.1694999933242798,1.1755000352859497,0.0,273104000
2016-07-07,1.19720458984375,1.222249984741211,0.0,1.2265000343322754,1.193750023841858,1.1992499828338623,0.0,395400000
2016-07-08,1.245200514793396,1.2712500095367432,0.0,1.277250051498413,1.2304999828338623,1.2352499961853027,0.0,481932000
2016-07-11,1.2738511562347412,1.3005000352859497,0.0,1.309999942779541,1.2879999876022339,1.2894999980926514,0.0,448776000
2016-07-12,1.2929515838623047,1.3200000524520874,0.0,1.3320000171661377,1.2984999418258667,1.315000057220459,0.0,436760000
2016-07-13,1.2924619913101196,1.3194999694824219,0.0,1.3300000429153442,1.3174999952316284,1.3224999904632568,0.0,324604000
2016-07-14,1.30568528175354,1.3329999446868896,0.0,1.3450000286102295,1.315500020980835,1.3265000581741333,0.0,316892000
2016-07-15,1.290502905845642,1.3174999952316284,0.0,1.3235000371932983,1.2960000038146973,1.315999984741211,0.0,428616000
2016-07-18,1.2971144914627075,1.3242499828338623,0.0,1.3357499837875366,1.3192499876022339,1.3337500095367432,0.0,252992000
2016-07-19,1.3105825185775757,1.3380000591278076,0.0,1.343250036239624,1.3209999799728394,1.3235000371932983,0.0,382652000
2016-07-20,1.3277239799499512,1.3554999828338623,0.0,1.3627500534057617,1.3370000123977661,1.3424999713897705,0.0,296460000
2016-07-21,1.3032362461090088,1.3305000066757202,0.0,1.3567500114440918,1.3259999752044678,1.3524999618530273,0.0,361308000
2016-07-22,1.3387435674667358,1.3667500019073486,0.0,1.3667500019073486,1.3255000114440918,1.3352500200271606,0.0,315768000
2016-07-25,1.3634761571884155,1.3919999599456787,0.0,1.3952499628067017,1.36899995803833,1.375,0.0,312528000
2016-07-26,1.3867394924163818,1.4157500267028809,0.0,1.4229999780654907,1.402250051498413,1.4042500257492065,0.0,514508000
2016-07-27,1.3727813959121704,1.4014999866485596,0.0,1.4305000305175781,1.3930000066757202,1.4279999732971191,0.0,446676000
2016-07-28,1.3757201433181763,1.4045000076293945,0.0,1.4149999618530273,1.40024995803833,1.4047499895095825,0.0,221916000
2016-07-29,1.398248553276062,1.4275000095367432,0.0,1.431249976158142,1.3845000267028809,1.409749984741211,0.0,409588000
2016-08-01,1.389188289642334,1.4182499647140503,0.0,1.4387500286102295,1.409000039100647,1.433500051498413,0.0,301120000
2016-08-02,1.3722918033599854,1.4010000228881836,0.0,1.4257500171661377,1.3875000476837158,1.4249999523162842,0.0,282748000
2016-08-03,1.3759651184082031,1.4047499895095825,0.0,1.4075000286102295,1.3914999961853027,1.3992500305175781,0.0,299828000
2016-08-04,1.4014323949813843,1.4307500123977661,0.0,1.437250018119812,1.408750057220459,1.4114999771118164,0.0,272712000
2016-08-05,1.4251857995986938,1.4550000429153442,0.0,1.4557499885559082,1.440250039100647,1.4472500085830688,0.0,371588000
2016-08-08,1.4384084939956665,1.468500018119812,0.0,1.4785000085830688,1.4529999494552612,1.475000023841858,0.0,305064000
2016-08-09,1.4420818090438843,1.472249984741211,0.0,1.4865000247955322,1.468500018119812,1.4757499694824219,0.0,372344000
2016-08-10,1.4327764511108398,1.46274995803833,0.0,1.4874999523162842,1.4579999446868896,1.4852499961853027,0.0,375740000
2016-08-11,1.4619168043136597,1.4924999475479126,0.0,1.4987499713897705,1.4674999713897705,1.4704999923706055,0.0,681064000
2016-08-12,1.5437055826187134,1.5759999752044678,0.0,1.5844999551773071,1.5157500505447388,1.5475000143051147,0.0,1425744000
2016-08-15,1.542236566543579,1.5744999647140503,0.0,1.587499976158142,1.5532499551773071,1.5777499675750732,0.0,573304000
2016-08-16,1.5329316854476929,1.565000057220459,0.0,1.5747499465942383,1.5602500438690186,1.5722500085830688,0.0,287652000
2016-08-17,1.4974238872528076,1.528749942779541,0.0,1.56850004196167,1.5164999961853027,1.565000057220459,0.0,595212000
2016-08-18,1.520687460899353,1.5525000095367432,0.0,1.5549999475479126,1.5204999446868896,1.5264999866485596,0.0,331684000
2016-08-19,1.5246055126190186,1.55649995803833,0.0,1.5682499408721924,1.5449999570846558,1.5517499446868896,0.0,291560000
2016-08-22,1.5309721231460571,1.562999963760376,0.0,1.565250039100647,1.5427500009536743,1.5612499713897705,0.0,244748000
2016-08-23,1.5433614253997803,1.5727499723434448,0.002875,1.5829999446868896,1.5682499408721924,1.5759999752044678,0.0,339764000
2016-08-24,1.519564151763916,1.5484999418258667,0.0,1.5789999961853027,1.5412499904632568,1.5782500505447388,0.0,298448000
2016-08-25,1.5095057487487793,1.5382499694824219,0.0,1.5497499704360962,1.5190000534057617,1.5490000247955322,0.0,406032000
2016-08-26,1.5217726230621338,1.5507500171661377,0.0,1.559499979019165,1.5299999713897705,1.5422500371932983,0.0,300024000
2016-08-29,1.5207912921905518,1.5497499704360962,0.0,1.563249945640564,1.5472500324249268,1.5570000410079956,0.0,274652000
2016-08-30,1.5119593143463135,1.5407500267028809,0.0,1.555999994277954,1.5364999771118164,1.5477499961853027,0.0,285544000
2016-08-31,1.5048445463180542,1.5334999561309814,0.0,1.5479999780654907,1.5290000438690186,1.5437500476837158,0.0,388544000
2016-09-01,1.5492491722106934,1.5787500143051147,0.0,1.5844999551773071,1.5334999561309814,1.534749984741211,0.0,428492000
2016-09-02,1.534038782119751,1.563249945640564,0.0,1.5837500095367432,1.5455000400543213,1.5820000171661377,0.0,323148000
2016-09-06,1.5485135316848755,1.5779999494552612,0.0,1.5779999494552612,1.5607500076293945,1.568750023841858,0.0,306812000
2016-09-07,1.5256977081298828,1.5547499656677246,0.0,1.5807499885559082,1.5457500219345093,1.5729999542236328,0.0,397988000
2016-09-08,1.5367376804351807,1.565999984741211,0.0,1.56850004196167,1.5355000495910645,1.5532499551773071,0.0,315808000
2016-09-09,1.4601945877075195,1.4880000352859497,0.0,1.5575000047683716,1.475000023841858,1.5487500429153442,0.0,697760000
2016-09-12,1.4903699159622192,1.5187499523162842,0.0,1.5217499732971191,1.4329999685287476,1.468250036239624,0.0,598260000
2016-09-13,1.4687813520431519,1.496749997138977,0.0,1.5325000286102295,1.4882500171661377,1.5149999856948853,0.0,471768000
2016-09-14,1.4817842245101929,1.5099999904632568,0.0,1.5149999856948853,1.4877500534057617,1.500249981880188,0.0,319048000
2016-09-15,1.5379637479782104,1.5672500133514404,0.0,1.569000005722046,1.5089999437332153,1.5125000476837158,0.0,515212000
2016-09-16,1.5416440963745117,1.5709999799728394,0.0,1.5812499523162842,1.5529999732971191,1.5727499723434448,0.0,902444000
2016-09-19,1.5620063543319702,1.5917500257492065,0.0,1.631500005722046,1.5802500247955322,1.587499976158142,0.0,417128000
2016-09-20,1.5477774143218994,1.5772500038146973,0.0,1.6100000143051147,1.56850004196167,1.6100000143051147,0.0,331112000
2016-09-21,1.591200590133667,1.621500015258789,0.0,1.624500036239624,1.5817500352859497,1.5820000171661377,0.0,336212000
2016-09-22,1.595125436782837,1.625499963760376,0.0,1.6360000371932983,1.6162500381469727,1.63100004196167,0.0,308732000
2016-09-23,1.593408226966858,1.6237499713897705,0.0,1.6322499513626099,1.6165000200271606,1.627500057220459,0.0,276132000
2016-09-26,1.5784432888031006,1.6085000038146973,0.0,1.6150000095367432,1.5882500410079956,1.6052500009536743,0.0,230040000
2016-09-27,1.632415533065796,1.6634999513626099,0.0,1.6660000085830688,1.6015000343322754,1.6022499799728394,0.0,402752000
2016-09-28,1.6383033990859985,1.6694999933242798,0.0,1.6707500219345093,1.6482499837875366,1.6660000085830688,0.0,319788000
2016-09-29,1.653513789176941,1.684999942779541,0.0,1.690250039100647,1.6512500047683716,1.6667499542236328,0.0,336684000
2016-09-30,1.6809908151626587,1.7130000591278076,0.0,1.7297500371932983,1.684249997138977,1.6942499876022339,0.0,429932000
2016-10-03,1.6792733669281006,1.7112499475479126,0.0,1.7377500534057617,1.7082500457763672,1.7130000591278076,0.0,242596000
2016-10-04,1.6755928993225098,1.7074999809265137,0.0,1.7424999475479126,1.6947499513626099,1.7137500047683716,0.0,281624000
2016-10-05,1.6738760471343994,1.7057499885559082,0.0,1.7395000457763672,1.7005000114440918,1.722000002861023,0.0,305440000
2016-10-06,1.6520415544509888,1.683500051498413,0.0,1.6957499980926514,1.656499981880188,1.6852500438690186,0.0,360212000
2016-10-07,1.6400208473205566,1.6712499856948853,0.0,1.6992499828338623,1.6664999723434448,1.6947499513626099,0.0,286260000
2016-10-10,1.6461541652679443,1.6775000095367432,0.0,1.6890000104904175,1.6617499589920044,1.6799999475479126,0.0,287876000
2016-10-11,1.6223571300506592,1.653249979019165,0.0,1.6744999885559082,1.6404999494552612,1.6720000505447388,0.0,388540000
2016-10-12,1.6297167539596558,1.6607500314712524,0.0,1.6694999933242798,1.6327500343322754,1.6464999914169312,0.0,419920000
2016-10-13,1.6032211780548096,1.6337499618530273,0.0,1.6449999809265137,1.5924999713897705,1.6412500143051147,0.0,390116000
2016-10-14,1.6189225912094116,1.649749994277954,0.0,1.6649999618530273,1.6399999856948853,1.653749942779541,0.0,330636000
2016-10-17,1.6095997095108032,1.6402499675750732,0.0,1.6649999618530273,1.6380000114440918,1.6495000123977661,0.0,195328000
2016-10-18,1.6341326236724854,1.6652499437332153,0.0,1.6747499704360962,1.65625,1.6629999876022339,0.0,269372000
2016-10-19,1.6306982040405273,1.6617499589920044,0.0,1.6694999933242798,1.6454999446868896,1.6540000438690186,0.0,199060000
2016-10-20,1.661609411239624,1.6932499408721924,0.0,1.6987500190734863,1.6575000286102295,1.681249976158142,0.0,312084000
2016-10-21,1.6569485664367676,1.6885000467300415,0.0,1.691499948501587,1.6725000143051147,1.687250018119812,0.0,279508000
2016-10-24,1.7347172498703003,1.7677500247955322,0.0,1.7697499990463257,1.6997499465942383,1.7000000476837158,0.0,339836000
2016-10-25,1.7631756067276,1.7967499494552612,0.0,1.8075000047683716,1.756250023841858,1.7647500038146973,0.0,397460000
2016-10-26,1.7702901363372803,1.8040000200271606,0.0,1.8237500190734863,1.7799999713897705,1.781749963760376,0.0,333792000
2016-10-27,1.7339816093444824,1.7669999599456787,0.0,1.8212499618530273,1.7597500085830688,1.8177499771118164,0.0,388664000
2016-10-28,1.7310376167297363,1.7640000581741333,0.0,1.8025000095367432,1.7607500553131104,1.7755000591278076,0.0,290856000
2016-10-31,1.7457574605941772,1.7790000438690186,0.0,1.7907500267028809,1.7687499523162842,1.7697499990463257,0.0,252388000
2016-11-01,1.693993091583252,1.7262500524520874,0.0,1.7952500581741333,1.7072499990463257,1.7855000495910645,0.0,473224000
2016-11-02,1.6868784427642822,1.718999981880188,0.0,1.7630000114440918,1.715999960899353,1.7395000457763672,0.0,295848000
2016-11-03,1.6672520637512207,1.6990000009536743,0.0,1.7285000085830688,1.6660000085830688,1.7269999980926514,0.0,309664000
2016-11-04,1.6576839685440063,1.6892499923706055,0.0,1.718250036239624,1.6644999980926514,1.687749981880188,0.0,328780000
2016-11-07,1.7484557628631592,1.781749963760376,0.0,1.7929999828338623,1.7374999523162842,1.7387499809265137,0.0,487580000
2016-11-08,1.7457574605941772,1.7790000438690186,0.0,1.7942500114440918,1.7625000476837158,1.7884999513626099,0.0,429884000
2016-11-09,1.7163182497024536,1.7489999532699585,0.0,1.7725000381469727,1.718000054359436,1.7307499647140503,0.0,456532000
2016-11-10,1.6625910997390747,1.6942499876022339,0.0,1.787500023841858,1.6690000295639038,1.78725004196167,0.0,869280000
2016-11-11,2.158154249191284,2.1992499828338623,0.0,2.219249963760376,1.962499976158142,1.9877500534057617,0.0,2175344000
2016-11-14,2.051927328109741,2.0910000801086426,0.0,2.2047500610351562,2.0905001163482666,2.2022500038146973,0.0,1348796000
2016-11-15,2.1144862174987793,2.154750108718872,0.0,2.1862499713897705,2.098249912261963,2.1072499752044678,0.0,626092000
2016-11-16,2.2479445934295654,2.290750026702881,0.0,2.313999891281128,2.158750057220459,2.183500051498413,0.0,987984000
2016-11-17,2.2665889263153076,2.3097500801086426,0.0,2.3697500228881836,2.266249895095825,2.3077499866485596,0.0,832988000
2016-11-18,2.2903859615325928,2.3340001106262207,0.0,2.3582499027252197,2.2950000762939453,2.3097500801086426,0.0,576060000
2016-11-21,2.281064510345459,2.32450008392334,0.0,2.358750104904175,2.309999942779541,2.352250099182129,0.0,436436000
2016-11-22,2.2975008487701416,2.341249942779541,0.0,2.3434998989105225,2.309499979019165,2.3324999809265137,0.0,330368000
2016-11-23,2.308803081512451,2.349250078201294,0.0035,2.3812499046325684,2.3192501068115234,2.3429999351501465,0.0,443236000
2016-11-25,2.3134710788726807,2.3540000915527344,0.0,2.377500057220459,2.335249900817871,2.3605000972747803,0.0,195564000
2016-11-28,2.3122432231903076,2.352750062942505,0.0,2.368499994277954,2.3399999141693115,2.346750020980835,0.0,278736000
2016-11-29,2.2911131381988525,2.331249952316284,0.0,2.3610000610351562,2.3132500648498535,2.3499999046325684,0.0,444568000
2016-11-30,2.2653145790100098,2.305000066757202,0.0,2.3540000915527344,2.302500009536743,2.3399999141693115,0.0,440500000
2016-12-01,2.153277635574341,2.190999984741211,0.0,2.3042500019073486,2.1192500591278076,2.302500009536743,0.0,1035524000
2016-12-02,2.1731793880462646,2.211250066757202,0.0,2.2200000286102295,2.128000020980835,2.15625,0.0,478292000
2016-12-05,2.2574524879455566,2.296999931335449,0.0,2.3152499198913574,2.2249999046325684,2.2497498989105225,0.0,602284000
2016-12-06,2.2945520877838135,2.334749937057495,0.0,2.343250036239624,2.289249897003174,2.3052499294281006,0.0,498796000
2016-12-07,2.335829257965088,2.3767499923706055,0.0,2.382499933242798,2.302500009536743,2.321000099182129,0.0,480804000
2016-12-08,2.2967631816864014,2.3369998931884766,0.0,2.4154999256134033,2.3262500762939453,2.3797500133514404,0.0,381544000
2016-12-09,2.255978584289551,2.2955000400543213,0.0,2.356750011444092,2.2677500247955322,2.3550000190734863,0.0,382312000
2016-12-12,2.201188325881958,2.2397499084472656,0.0,2.2487499713897705,2.188499927520752,2.2462499141693115,0.0,601332000
2016-12-13,2.2400081157684326,2.279249906539917,0.0,2.3072500228881836,2.2512500286102295,2.2522499561309814,0.0,387796000
2016-12-14,2.3697361946105957,2.411250114440918,0.0,2.4277501106262207,2.289249897003174,2.313499927520752,0.0,983980000
2016-12-15,2.4252634048461914,2.467750072479248,0.0,2.498500108718872,2.4149999618530273,2.422499895095825,0.0,746548000
2016-12-16,2.4670307636260986,2.5102500915527344,0.0,2.5174999237060547,2.4432499408721924,2.4957499504089355,0.0,1089528000
2016-12-19,2.4970059394836426,2.540750026702881,0.0,2.5612499713897705,2.4749999046325684,2.492500066757202,0.0,744656000
2016-12-20,2.583981513977051,2.6292500495910645,0.0,2.653249979019165,2.6029999256134033,2.614500045776367,0.0,848056000
2016-12-21,2.60019850730896,2.645750045776367,0.0,2.648750066757202,2.592750072479248,2.6410000324249268,0.0,576136000
2016-12-22,2.6316475868225098,2.6777501106262207,0.0,2.721750020980835,2.663249969482422,2.6705000400543213,0.0,718612000
2016-12-23,2.6972475051879883,2.744499921798706,0.0,2.746000051498413,2.656749963760376,2.6594998836517334,0.0,647692000
2016-12-27,2.882502555847168,2.933000087738037,0.0,2.934000015258789,2.7804999351501465,2.801500082015991,0.0,1194272000
2016-12-28,2.684225082397461,2.731250047683716,0.0,2.9982500076293945,2.717250108718872,2.990000009536743,0.0,2295764000
2016-12-29,2.7377877235412598,2.785749912261963,0.0,2.78725004196167,2.569999933242798,2.622499942779541,0.0,2175368000
2016-12-30,2.62255597114563,2.6684999465942383,0.0,2.7980000972747803,2.6575000286102295,2.783750057220459,0.0,1212932000
2017-01-03,2.506342649459839,2.5502500534057617,0.0,2.659250020980835,2.484499931335449,2.609999895095825,0.0,1501996000
2017-01-04,2.5648176670074463,2.6097500324249268,0.0,2.637500047683716,2.538249969482422,2.5850000381469727,0.0,1199220000
2017-01-05,2.499708890914917,2.5434999465942383,0.0,2.6454999446868896,2.526249885559082,2.6132500171661377,0.0,984296000
2017-01-06,2.53312349319458,2.577500104904175,0.0,2.606250047683716,2.5299999713897705,2.5712499618530273,0.0,822856000
2017-01-09,2.635823965072632,2.681999921798706,0.0,2.700000047683716,2.5875000953674316,2.5875000953674316,0.0,916248000
2017-01-10,2.6159234046936035,2.661750078201294,0.0,2.729749917984009,2.640749931335449,2.6952500343322754,0.0,880920000
2017-01-11,2.5837364196777344,2.628999948501587,0.0,2.6549999713897705,2.603749990463257,2.6500000953674316,0.0,525664000
2017-01-12,2.5414767265319824,2.5859999656677246,0.0,2.617500066757202,2.5404999256134033,2.60575008392334,0.0,625616000
2017-01-13,2.541231155395508,2.585750102996826,0.0,2.625,2.5764999389648438,2.5899999141693115,0.0,457820000
2017-01-17,2.4842300415039062,2.527750015258789,0.0,2.5799999237060547,2.5142500400543213,2.575000047683716,0.0,580612000
2017-01-18,2.5294370651245117,2.5737500190734863,0.0,2.580749988555908,2.477750062942505,2.50600004196167,0.0,654424000
2017-01-19,2.5837364196777344,2.628999948501587,0.0,2.6614999771118164,2.57450008392334,2.5767500400543213,0.0,644872000
2017-01-20,2.555481433868408,2.600250005722046,0.0,2.6700000762939453,2.578000068664551,2.6519999504089355,0.0,492024000
2017-01-23,2.582016944885254,2.6272499561309814,0.0,2.6475000381469727,2.5924999713897705,2.5950000286102295,0.0,369904000
2017-01-24,2.6370527744293213,2.6832499504089355,0.0,2.689500093460083,2.622499942779541,2.637500047683716,0.0,428052000
2017-01-25,2.6483547687530518,2.6947500705718994,0.0,2.7325000762939453,2.658250093460083,2.726249933242798,0.0,522760000
2017-01-26,2.694054365158081,2.7412500381469727,0.0,2.7487499713897705,2.6675000190734863,2.697499990463257,0.0,458800000
2017-01-27,2.746140956878662,2.794250011444092,0.0,2.7972500324249268,2.721250057220459,2.7482500076293945,0.0,471996000
2017-01-30,2.7031443119049072,2.750499963760376,0.0,2.77524995803833,2.6977500915527344,2.7730000019073486,0.0,496004000
2017-01-31,2.682507038116455,2.7295000553131104,0.0,2.7512500286102295,2.7049999237060547,2.723750114440918,0.0,362756000
2017-02-01,2.799704074859619,2.848750114440918,0.0,2.8529999256134033,2.746500015258789,2.7644999027252197,0.0,590004000
2017-02-02,2.835083246231079,2.8847498893737793,0.0,2.8935000896453857,2.801500082015991,2.8324999809265137,0.0,483240000
2017-02-03,2.810267448425293,2.859499931335449,0.0,2.8975000381469727,2.8475000858306885,2.8862500190734863,0.0,372744000
2017-02-06,2.882256507873535,2.9327499866485596,0.0,2.9332499504089355,2.8499999046325684,2.8499999046325684,0.0,506768000
2017-02-07,2.926973342895508,2.978250026702881,0.0,3.0230000019073486,2.947499990463257,2.9674999713897705,0.0,746224000
2017-02-08,2.9141979217529297,2.965250015258789,0.0,2.9827499389648438,2.9094998836517334,2.9600000381469727,0.0,449580000
2017-02-09,2.8594069480895996,2.9094998836517334,0.0,2.9765000343322754,2.890000104904175,2.9714999198913574,0.0,842568000
2017-02-10,2.7915947437286377,2.8405001163482666,0.0,3.0174999237060547,2.815000057220459,2.9982500076293945,0.0,1651092000
2017-02-13,2.6628501415252686,2.7095000743865967,0.0,2.8494999408721924,2.7049999237060547,2.834749937057495,0.0,1180724000
2017-02-14,2.6726789474487305,2.7195000648498535,0.0,2.7537500858306885,2.657249927520752,2.6997499465942383,0.0,850632000
2017-02-15,2.6780834197998047,2.7249999046325684,0.0,2.744999885559082,2.694000005722046,2.7225000858306885,0.0,373020000
2017-02-16,2.635087013244629,2.6812500953674316,0.0,2.7360000610351562,2.6414999961853027,2.7347500324249268,0.0,647176000
2017-02-17,2.6345956325531006,2.6807498931884766,0.0,2.6852500438690186,2.6197500228881836,2.6675000190734863,0.0,563740000
2017-02-21,2.72894287109375,2.776750087738037,0.0,2.780750036239624,2.7054998874664307,2.705749988555908,0.0,551952000
2017-02-22,2.7247607707977295,2.7690000534057617,0.0035,2.7950000762939453,2.7497498989105225,2.7855000495910645,0.0,433772000
2017-02-23,2.472111940383911,2.5122499465942383,0.0,2.659749984741211,2.492000102996826,2.637500047683716,0.0,1592888000
2017-02-24,2.4959754943847656,2.5364999771118164,0.0,2.549999952316284,2.3924999237060547,2.4267499446868896,0.0,1029904000
2017-02-27,2.5685477256774902,2.6102499961853027,0.0,2.625499963760376,2.5390000343322754,2.555000066757202,0.0,715400000
2017-02-28,2.496467351913452,2.5369999408721924,0.0,2.630000114440918,2.5195000171661377,2.619999885559082,0.0,625360000
2017-03-01,2.5286941528320312,2.5697500705718994,0.0,2.609250068664551,2.527750015258789,2.594749927520752,0.0,504804000
2017-03-02,2.435457706451416,2.4749999046325684,0.0,2.571000099182129,2.472249984741211,2.5567500591278076,0.0,754332000
2017-03-03,2.4214353561401367,2.460750102996826,0.0,2.469249963760376,2.4054999351501465,2.464250087738037,0.0,864692000
2017-03-06,2.402738332748413,2.4417500495910645,0.0,2.452500104904175,2.3792500495910645,2.4240000247955322,0.0,883568000
2017-03-07,2.4290614128112793,2.4684998989105225,0.0,2.4882500171661377,2.4287500381469727,2.4417500495910645,0.0,603400000
2017-03-08,2.424633264541626,2.4639999866485596,0.0,2.5325000286102295,2.461750030517578,2.5174999237060547,0.0,638712000
2017-03-09,2.4241409301757812,2.4635000228881836,0.0,2.4862499237060547,2.434999942779541,2.4477500915527344,0.0,478060000
2017-03-10,2.4384102821350098,2.4779999256134033,0.0,2.5022499561309814,2.4595000743865967,2.4902501106262207,0.0,499740000
2017-03-13,2.5055692195892334,2.546250104904175,0.0,2.5562500953674316,2.4877500534057617,2.4885001182556152,0.0,774136000
2017-03-14,2.503847599029541,2.5445001125335693,0.0,2.5687499046325684,2.5117499828338623,2.5592501163482666,0.0,522016000
2017-03-15,2.522789478302002,2.5637500286102295,0.0,2.5747499465942383,2.507999897003174,2.5562500953674316,0.0,615036000
2017-03-16,2.553786516189575,2.595249891281128,0.0,2.595750093460083,2.5602500438690186,2.57450008392334,0.0,523100000
2017-03-17,2.6093833446502686,2.651750087738037,0.0,2.6530001163482666,2.595249891281128,2.61299991607666,0.0,1119688000
2017-03-20,2.6925339698791504,2.7362499237060547,0.0,2.7402501106262207,2.653249979019165,2.6695001125335693,0.0,748568000
2017-03-21,2.6054468154907227,2.647749900817871,0.0,2.749000072479248,2.6397500038146973,2.71875,0.0,913484000
2017-03-22,2.658585786819458,2.7017500400543213,0.0,2.7065000534057617,2.632499933242798,2.6364998817443848,0.0,616764000
2017-03-23,2.6344761848449707,2.6772499084472656,0.0,2.7139999866485596,2.6675000190734863,2.6937499046325684,0.0,533940000
2017-03-24,2.643824338912964,2.6867499351501465,0.0,2.7322499752044678,2.6605000495910645,2.724250078201294,0.0,439500000
2017-03-27,2.663012981414795,2.706249952316284,0.0,2.710249900817871,2.5894999504089355,2.6394999027252197,0.0,506644000
2017-03-28,2.6492371559143066,2.6922500133514404,0.0,2.722249984741211,2.6817500591278076,2.7074999809265137,0.0,432444000
2017-03-29,2.6406264305114746,2.683500051498413,0.0,2.712249994277954,2.6812500953674316,2.6997499465942383,0.0,349992000
2017-03-30,2.6913034915924072,2.734999895095825,0.0,2.75,2.684999942779541,2.6907498836517334,0.0,525532000
2017-03-31,2.679741144180298,2.723249912261963,0.0,2.7472500801086426,2.7100000381469727,2.725250005722046,0.0,440808000
2017-04-03,2.6662113666534424,2.7095000743865967,0.0,2.7412500381469727,2.685499906539917,2.723750114440918,0.0,445232000
2017-04-04,2.4792468547821045,2.5195000171661377,0.0,2.6105000972747803,2.508500099182129,2.5850000381469727,0.0,1271280000
2017-04-05,2.4607961177825928,2.5007500648498535,0.0,2.5592501163482666,2.487499952316284,2.500499963760376,0.0,747048000
2017-04-06,2.478754997253418,2.5190000534057617,0.0,2.53125,2.460249900817871,2.50600004196167,0.0,635120000
2017-04-07,2.4681758880615234,2.5082499980926514,0.0,2.54325008392334,2.493000030517578,2.5255000591278076,0.0,429068000
2017-04-10,2.4051990509033203,2.4442501068115234,0.0,2.515749931335449,2.440000057220459,2.509000062942505,0.0,756332000
2017-04-11,2.4138097763061523,2.453000068664551,0.0,2.4725000858306885,2.408750057220459,2.413749933242798,0.0,618148000
2017-04-12,2.39388370513916,2.4327499866485596,0.0,2.4674999713897705,2.427500009536743,2.453000068664551,0.0,414092000
2017-04-13,2.3491098880767822,2.3872499465942383,0.0,2.4302499294281006,2.3872499465942383,2.408250093460083,0.0,506892000
2017-04-17,2.441115617752075,2.48075008392334,0.0,2.4809999465942383,2.3949999809265137,2.40024995803833,0.0,497292000
2017-04-18,2.4425928592681885,2.4822499752044678,0.0,2.4885001182556152,2.440000057220459,2.466249942779541,0.0,370116000
2017-04-19,2.452185869216919,2.492000102996826,0.0,2.5244998931884766,2.4852499961853027,2.5,0.0,380828000
2017-04-20,2.4910547733306885,2.5315001010894775,0.0,2.536250114440918,2.4852499961853027,2.5067501068115234,0.0,404016000
2017-04-21,2.501387596130371,2.5420000553131104,0.0,2.5447499752044678,2.509000062942505,2.5209999084472656,0.0,341896000
2017-04-24,2.5326292514801025,2.5737500190734863,0.0,2.5869998931884766,2.5527501106262207,2.5739998817443848,0.0,371820000
2017-04-25,2.5766654014587402,2.618499994277954,0.0,2.6332499980926514,2.5667500495910645,2.5885000228881836,0.0,388440000
2017-04-26,2.558953046798706,2.6005001068115234,0.0,2.6347498893737793,2.5985000133514404,2.6322500705718994,0.0,327004000
2017-04-27,2.5988051891326904,2.6410000324249268,0.0,2.6494998931884766,2.589750051498413,2.6080000400543213,0.0,319700000
2017-04-28,2.5658414363861084,2.6075000762939453,0.0,2.6410000324249268,2.601749897003174,2.634000062942505,0.0,348248000
2017-05-01,2.623406410217285,2.6659998893737793,0.0,2.671250104904175,2.6112499237060547,2.618499994277954,0.0,307732000
2017-05-02,2.545668363571167,2.5869998931884766,0.0,2.640000104904175,2.563999891281128,2.6387500762939453,0.0,629972000
2017-05-03,2.564610481262207,2.606250047683716,0.0,2.615999937057495,2.565000057220459,2.5799999237060547,0.0,336904000
2017-05-04,2.5547709465026855,2.596250057220459,0.0,2.6237499713897705,2.588249921798706,2.612499952316284,0.0,209788000
2017-05-05,2.5550169944763184,2.5964999198913574,0.0,2.603749990463257,2.5687499046325684,2.5845000743865967,0.0,228428000
2017-05-08,2.5282020568847656,2.5692501068115234,0.0,2.609999895095825,2.5577499866485596,2.6085000038146973,0.0,365240000
2017-05-09,2.532383441925049,2.573499917984009,0.0,2.6232500076293945,2.566499948501587,2.575000047683716,0.0,847672000
2017-05-10,2.983804225921631,3.032249927520752,0.0,3.0455000400543213,2.8505001068115234,2.8572499752044678,0.0,2129096000
2017-05-11,3.1119742393493652,3.1624999046325684,0.0,3.2607500553131104,2.9977500438690186,3.0012500286102295,0.0,1939792000
2017-05-12,3.1461689472198486,3.1972498893737793,0.0,3.240000009536743,3.1445000171661377,3.165750026702881,0.0,962620000
2017-05-15,3.304103374481201,3.3577499389648438,0.0,3.3602499961853027,3.234499931335449,3.239000082015991,0.0,1087540000
2017-05-16,3.3656063079833984,3.4202499389648438,0.0,3.436000108718872,3.3340001106262207,3.4094998836517334,0.0,1120700000
2017-05-17,3.141986846923828,3.193000078201294,0.0,3.371500015258789,3.1887500286102295,3.3524999618530273,0.0,1271368000
2017-05-18,3.2736001014709473,3.3267500400543213,0.0,3.335750102996826,3.1762499809265137,3.237499952316284,0.0,1156032000
2017-05-19,3.349203109741211,3.4000000953674316,0.0035,3.4554998874664307,3.380500078201294,3.4257500171661377,0.0,1018372000
2017-05-22,3.4206199645996094,3.4725000858306885,0.0,3.486999988555908,3.4332499504089355,3.4442501068115234,0.0,836608000
2017-05-23,3.374568223953247,3.4257500171661377,0.0,3.4947500228881836,3.3927500247955322,3.492500066757202,0.0,681248000
2017-05-24,3.4124934673309326,3.464250087738037,0.0,3.526750087738037,3.4519999027252197,3.5239999294281006,0.0,815996000
2017-05-25,3.4048585891723633,3.4565000534057617,0.0,3.5007500648498535,3.4110000133514404,3.5,0.0,608228000
2017-05-26,3.4930214881896973,3.5460000038146973,0.0,3.631999969482422,3.4277501106262207,3.4482500553131104,0.0,779140000
2017-05-30,3.5676395893096924,3.6217501163482666,0.0,3.657249927520752,3.5762500762939453,3.5924999713897705,0.0,989652000
2017-05-31,3.554835081100464,3.608750104904175,0.0,3.674999952316284,3.5512499809265137,3.667249917984009,0.0,887316000
2017-06-01,3.5550801753997803,3.6089999675750732,0.0,3.6257500648498535,3.562999963760376,3.6247498989105225,0.0,503340000
2017-06-02,3.5373497009277344,3.5910000801086426,0.0,3.632499933242798,3.5850000381469727,3.6059999465942383,0.0,487456000
2017-06-05,3.6449670791625977,3.7002499103546143,0.0,3.713249921798706,3.5627501010894775,3.57450008392334,0.0,817376000
2017-06-06,3.628467082977295,3.683500051498413,0.0,3.7422499656677246,3.6700000762939453,3.695499897003174,0.0,758728000
2017-06-07,3.6723031997680664,3.7279999256134033,0.0,3.746999979019165,3.692500114440918,3.708250045776367,0.0,612612000
2017-06-08,3.938760995864868,3.998500108718872,0.0,4.0,3.7947499752044678,3.8364999294281006,0.0,1161744000
2017-06-09,3.6841235160827637,3.740000009536743,0.0,4.212500095367432,3.5687499046325684,4.118500232696533,0.0,3692928000
2017-06-12,3.693234920501709,3.7492499351501465,0.0,3.7925000190734863,3.5527501106262207,3.6470000743865967,0.0,1697532000
2017-06-13,3.7284507751464844,3.7850000858306885,0.0,3.8692500591278076,3.641249895095825,3.859999895095825,0.0,1672504000
2017-06-14,3.7363317012786865,3.7929999828338623,0.0,3.8515000343322754,3.7125000953674316,3.7880001068115234,0.0,1184640000
2017-06-15,3.7523388862609863,3.8092501163482666,0.0,3.8399999141693115,3.6624999046325684,3.6740000247955322,0.0,963824000
2017-06-16,3.7338690757751465,3.7904999256134033,0.0,3.867500066757202,3.75600004196167,3.819000005722046,0.0,924960000
2017-06-19,3.8742401599884033,3.933000087738037,0.0,3.9382500648498535,3.8315000534057617,3.835249900817871,0.0,778176000
2017-06-20,3.8685758113861084,3.9272499084472656,0.0,4.043499946594238,3.9230000972747803,3.975749969482422,0.0,1095444000
2017-06-21,3.9271867275238037,3.9867498874664307,0.0,3.990499973297119,3.8924999237060547,3.9552500247955322,0.0,682652000
2017-06-22,3.900097608566284,3.959249973297119,0.0,4.008500099182129,3.934999942779541,3.994999885559082,0.0,469132000
2017-06-23,3.7882933616638184,3.845750093460083,0.0,3.9830000400543213,3.8304998874664307,3.9670000076293945,0.0,1088588000
2017-06-26,3.746920585632324,3.8037500381469727,0.0,3.9149999618530273,3.708250045776367,3.878999948501587,0.0,1063960000
2017-06-27,3.6097512245178223,3.6644999980926514,0.0,3.7947499752044678,3.658750057220459,3.7860000133514404,0.0,999492000
2017-06-28,3.737070083618164,3.793750047683716,0.0,3.7985000610351562,3.643749952316284,3.7330000400543213,0.0,994948000
2017-06-29,3.6122140884399414,3.6670000553131104,0.0,3.7679998874664307,3.6019999980926514,3.765000104904175,0.0,1064424000
2017-06-30,3.5600061416625977,3.614000082015991,0.0,3.6982500553131104,3.5875000953674316,3.684499979019165,0.0,731060000
2017-07-03,3.4312095642089844,3.4832499027252197,0.0,3.641249895095825,3.4644999504089355,3.6262500286102295,0.0,709072000
2017-07-05,3.522820234298706,3.5762500762939453,0.0,3.6054999828338623,3.528249979019165,3.547499895095825,0.0,820188000
2017-07-06,3.533409357070923,3.5869998931884766,0.0,3.634500026702881,3.49399995803833,3.546750068664551,0.0,746284000
2017-07-07,3.6141839027404785,3.6689999103546143,0.0,3.6875,3.6212499141693115,3.6445000171661377,0.0,654972000
2017-07-10,3.7850916385650635,3.8424999713897705,0.0,3.8499999046325684,3.7170000076293945,3.743499994277954,0.0,958492000
2017-07-11,3.838777780532837,3.8970000743865967,0.0,3.904750108718872,3.8037500381469727,3.846250057220459,0.0,757956000
2017-07-12,4.002050399780273,4.062749862670898,0.0,4.074999809265137,3.9140000343322754,3.9574999809265137,0.0,1145208000
2017-07-13,3.955753803253174,4.015749931335449,0.0,4.15749979019165,3.96875,4.074999809265137,0.0,1369132000
2017-07-14,4.062139511108398,4.12375020980835,0.0,4.125249862670898,4.02524995803833,4.032249927520752,0.0,941948000
2017-07-17,4.044901371002197,4.106249809265137,0.0,4.1875,4.043749809265137,4.158249855041504,0.0,930792000
2017-07-18,4.087012767791748,4.14900016784668,0.0,4.163750171661377,4.03249979019165,4.04449987411499,0.0,776640000
2017-07-19,4.06583309173584,4.127500057220459,0.0,4.184999942779541,4.115250110626221,4.158249855041504,0.0,687044000
2017-07-20,4.124937534332275,4.1875,0.0,4.187749862670898,4.097750186920166,4.148250102996826,0.0,699596000
2017-07-21,4.139713764190674,4.202499866485596,0.0,4.232500076293945,4.152249813079834,4.166749954223633,0.0,648332000
2017-07-24,4.091691017150879,4.153749942779541,0.0,4.2195000648498535,4.14300012588501,4.209750175476074,0.0,652524000
2017-07-25,4.071990966796875,4.133749961853027,0.0,4.148250102996826,4.0894999504089355,4.130499839782715,0.0,496556000
2017-07-26,4.119028091430664,4.18149995803833,0.0,4.2482500076293945,4.146249771118164,4.191999912261963,0.0,640404000
2017-07-27,3.983088254928589,4.043499946594238,0.0,4.218500137329102,3.938999891281128,4.20674991607666,0.0,782856000
2017-07-28,4.048348903656006,4.109749794006348,0.0,4.134500026702881,3.9820001125335693,4.00724983215332,0.0,513348000
2017-07-31,4.002050399780273,4.062749862670898,0.0,4.159999847412109,4.015500068664551,4.123499870300293,0.0,559672000
2017-08-01,4.050811767578125,4.112249851226807,0.0,4.113999843597412,4.025000095367432,4.053249835968018,0.0,431384000
2017-08-02,4.048348903656006,4.109749794006348,0.0,4.147749900817871,4.031750202178955,4.143750190734863,0.0,478444000
2017-08-03,4.099818229675293,4.1620001792907715,0.0,4.165750026702881,4.0920000076293945,4.109250068664551,0.0,442420000
2017-08-04,4.117796421051025,4.18025016784668,0.0,4.2517499923706055,4.1620001792907715,4.184999942779541,0.0,589096000
2017-08-07,4.244376182556152,4.308750152587891,0.0,4.3092498779296875,4.199999809265137,4.209750175476074,0.0,717412000
2017-08-08,4.193894386291504,4.257500171661377,0.0,4.363999843597412,4.217750072479248,4.347249984741211,0.0,755336000
2017-08-09,4.238465785980225,4.302750110626221,0.0,4.30525016784668,4.1917500495910645,4.210750102996826,0.0,530784000
2017-08-10,4.056967735290527,4.118500232696533,0.0,4.316500186920166,4.108250141143799,4.303999900817871,0.0,1328088000
2017-08-11,3.840747594833374,3.8989999294281006,0.0,3.9749999046325684,3.8227500915527344,3.928499937057495,0.0,1497196000
2017-08-14,4.147100448608398,4.210000038146973,0.0,4.213749885559082,3.9800000190734863,3.9917500019073486,0.0,1279020000
2017-08-15,4.112131118774414,4.174499988555908,0.0,4.2417497634887695,4.139750003814697,4.215250015258789,0.0,764532000
2017-08-16,4.067066669464111,4.128749847412109,0.0,4.213500022888184,4.0960001945495605,4.1897501945495605,0.0,596632000
2017-08-17,3.976438522338867,4.036749839782715,0.0,4.137499809265137,4.0345001220703125,4.120250225067139,0.0,525444000
2017-08-18,3.977177143096924,4.037499904632568,0.0,4.109000205993652,3.990999937057495,4.091750144958496,0.0,601204000
2017-08-21,3.919306755065918,3.978749990463257,0.0,4.073750019073486,3.9342501163482666,4.062250137329102,0.0,623672000
2017-08-22,4.006560325622559,4.06374979019165,0.0035,4.06974983215332,3.9927499294281006,4.012249946594238,0.0,450456000
2017-08-23,4.086667060852051,4.144999980926514,0.0,4.15625,4.021249771118164,4.03000020980835,0.0,579520000
2017-08-24,4.071630954742432,4.129749774932861,0.0,4.182000160217285,4.103000164031982,4.177499771118164,0.0,469700000
2017-08-25,4.037618637084961,4.095250129699707,0.0,4.1645002365112305,4.088749885559082,4.154250144958496,0.0,357200000
2017-08-28,4.06620979309082,4.1242499351501465,0.0,4.127500057220459,4.0582499504089355,4.114500045776367,0.0,389496000
2017-08-29,4.059554100036621,4.117499828338623,0.0,4.139500141143799,4.05649995803833,4.0647501945495605,0.0,324096000
2017-08-30,4.083710193634033,4.142000198364258,0.0,4.153250217437744,4.106750011444092,4.137499809265137,0.0,384400000
2017-08-31,4.176384449005127,4.236000061035156,0.0,4.239999771118164,4.15500020980835,4.162499904632568,0.0,612684000
2017-09-01,4.201528072357178,4.261499881744385,0.0,4.297500133514404,4.239999771118164,4.24875020980835,0.0,445432000
2017-09-05,4.089379787445068,4.147749900817871,0.0,4.2144999504089355,4.089000225067139,4.209499835968018,0.0,695364000
2017-09-06,4.086915016174316,4.145249843597412,0.0,4.195000171661377,4.110000133514404,4.181000232696533,0.0,397672000
2017-09-07,4.105893611907959,4.1645002365112305,0.0,4.197249889373779,4.12375020980835,4.16225004196167,0.0,352868000
2017-09-08,4.034660339355469,4.092249870300293,0.0,4.167749881744385,4.067749977111816,4.152750015258789,0.0,498856000
2017-09-11,4.165541648864746,4.224999904632568,0.0,4.235750198364258,4.132999897003174,4.138500213623047,0.0,567444000
2017-09-12,4.180576801300049,4.240250110626221,0.0,4.25,4.17425012588501,4.25,0.0,411488000
2017-09-13,4.199309349060059,4.259250164031982,0.0,4.28849983215332,4.182000160217285,4.214749813079834,0.0,580960000
2017-09-14,4.17540168762207,4.235000133514404,0.0,4.314000129699707,4.195000171661377,4.219749927520752,0.0,513712000
2017-09-15,4.439382553100586,4.502749919891357,0.0,4.502749919891357,4.316249847412109,4.321499824523926,0.0,1364792000
2017-09-18,4.622765064239502,4.68874979019165,0.0,4.78000020980835,4.621500015258789,4.628499984741211,0.0,1684460000
2017-09-19,4.6178364753723145,4.683750152587891,0.0,4.746250152587891,4.615499973297119,4.637750148773193,0.0,874280000
2017-09-20,4.580615997314453,4.645999908447266,0.0,4.735499858856201,4.605249881744385,4.6875,0.0,724920000
2017-09-21,4.455404281616211,4.519000053405762,0.0,4.567500114440918,4.440249919891357,4.540999889373779,0.0,1075600000
2017-09-22,4.412022113800049,4.474999904632568,0.0,4.557750225067139,4.465000152587891,4.507500171661377,0.0,491232000
2017-09-25,4.214838027954102,4.275000095367432,0.0,4.445000171661377,4.254000186920166,4.443749904632568,0.0,874580000
2017-09-26,4.238499164581299,4.298999786376953,0.0,4.4670000076293945,4.258749961853027,4.411250114440918,0.0,1125620000
2017-09-27,4.331423759460449,4.393249988555908,0.0,4.406750202178955,4.318749904632568,4.390500068664551,0.0,713720000
2017-09-28,4.330191612243652,4.392000198364258,0.0,4.4045000076293945,4.343999862670898,4.4004998207092285,0.0,435244000
2017-09-29,4.406354904174805,4.469250202178955,0.0,4.493249893188477,4.431250095367432,4.4770002365112305,0.0,619092000
2017-10-02,4.412022113800049,4.474999904632568,0.0,4.549499988555908,4.425000190734863,4.519999980926514,0.0,503480000
2017-10-03,4.421141624450684,4.484250068664551,0.0,4.514500141143799,4.439499855041504,4.481249809265137,0.0,390332000
2017-10-04,4.458113670349121,4.521749973297119,0.0,4.544250011444092,4.453499794006348,4.490499973297119,0.0,427848000
2017-10-05,4.45565128326416,4.51924991607666,0.0,4.550000190734863,4.488999843597412,4.546500205993652,0.0,437364000
2017-10-06,4.468714237213135,4.53249979019165,0.0,4.546000003814697,4.474999904632568,4.491250038146973,0.0,318800000
2017-10-09,4.569523811340332,4.634749889373779,0.0,4.66825008392334,4.550749778747559,4.56974983215332,0.0,563492000
2017-10-10,4.656781196594238,4.723249912261963,0.0,4.823750019073486,4.68149995803833,4.785749912261963,0.0,974876000
2017-10-11,4.706321716308594,4.773499965667725,0.0,4.775000095367432,4.69350004196167,4.739999771118164,0.0,529508000
2017-10-12,4.708540439605713,4.775750160217285,0.0,4.827250003814697,4.7482500076293945,4.7769999504089355,0.0,528292000
2017-10-13,4.7962870597839355,4.864749908447266,0.0,4.875,4.791250228881836,4.838749885559082,0.0,628728000
2017-10-16,4.878613471984863,4.948249816894531,0.0,4.951250076293945,4.830999851226807,4.894999980926514,0.0,576640000
2017-10-17,4.874175548553467,4.943749904632568,0.0,4.972499847412109,4.908750057220459,4.927249908447266,0.0,478596000
2017-10-18,4.869986534118652,4.939499855041504,0.0,4.953499794006348,4.833000183105469,4.952750205993652,0.0,567316000
2017-10-19,4.8754096031188965,4.945000171661377,0.0,4.949999809265137,4.81125020980835,4.861000061035156,0.0,570772000
2017-10-20,4.853224754333496,4.922500133514404,0.0,4.989749908447266,4.91349983215332,4.962250232696533,0.0,451620000
2017-10-23,4.846322536468506,4.915500164031982,0.0,4.971250057220459,4.894999980926514,4.944499969482422,0.0,428696000
2017-10-24,4.897100448608398,4.9670000076293945,0.0,4.96875,4.898499965667725,4.924749851226807,0.0,407244000
2017-10-25,4.773365497589111,4.8414998054504395,0.0,4.980500221252441,4.779250144958496,4.927000045776367,0.0,828160000
2017-10-26,4.82340145111084,4.892250061035156,0.0,4.9039998054504395,4.845250129699707,4.869500160217285,0.0,322744000
2017-10-27,4.9754815101623535,5.046500205993652,0.0,5.046750068664551,4.918749809265137,4.945000171661377,0.0,572192000
2017-10-30,5.0242838859558105,5.0960001945495605,0.0,5.152249813079834,5.0304999351501465,5.046500205993652,0.0,504056000
2017-10-31,5.097489833831787,5.170249938964844,0.0,5.197249889373779,5.122499942779541,5.1282501220703125,0.0,411908000
2017-11-01,5.1071014404296875,5.179999828338623,0.0,5.2492499351501465,5.114999771118164,5.233749866485596,0.0,502576000
2017-11-02,5.076045036315918,5.148499965667725,0.0,5.195250034332275,5.091249942779541,5.150000095367432,0.0,342308000
2017-11-03,5.14382791519165,5.217249870300293,0.0,5.217249870300293,5.133500099182129,5.179999828338623,0.0,353640000
2017-11-06,5.166996955871582,5.240749835968018,0.0,5.249499797821045,5.167500019073486,5.179999828338623,0.0,389944000
2017-11-07,5.226152420043945,5.300749778747559,0.0,5.322500228881836,5.251500129699707,5.263750076293945,0.0,427700000
2017-11-08,5.155410289764404,5.229000091552734,0.0,5.300000190734863,5.181000232696533,5.296249866485596,0.0,522988000
2017-11-09,5.060761451721191,5.132999897003174,0.0,5.158249855041504,5.009250164031982,5.131750106811523,0.0,978564000
2017-11-10,5.327455997467041,5.403500080108643,0.0,5.466750144958496,5.290750026702881,5.327000141143799,0.0,1253256000
2017-11-13,5.240942478179932,5.3157501220703125,0.0,5.4292497634887695,5.300250053405762,5.403500080108643,0.0,582376000
2017-11-14,5.279144287109375,5.354499816894531,0.0,5.369999885559082,5.280749797821045,5.324999809265137,0.0,529292000
2017-11-15,5.175622463226318,5.249499797821045,0.0,5.300000190734863,5.195000171661377,5.298749923706055,0.0,501948000
2017-11-16,5.2158002853393555,5.290249824523926,0.0,5.355000019073486,5.28125,5.32450008392334,0.0,441768000
2017-11-17,5.209637641906738,5.283999919891357,0.0,5.383749961853027,5.268750190734863,5.3480000495910645,0.0,515664000
2017-11-20,5.276681900024414,5.3520002365112305,0.0,5.364250183105469,5.262499809265137,5.299749851226807,0.0,396100000
2017-11-21,5.325238227844238,5.401249885559082,0.0,5.413000106811523,5.360000133514404,5.392250061035156,0.0,399176000
2017-11-22,5.3013129234313965,5.3732500076293945,0.00375,5.425000190734863,5.340250015258789,5.425000190734863,0.0,356640000
2017-11-24,5.351382255554199,5.423999786376953,0.0,5.425000190734863,5.364999771118164,5.389750003814697,0.0,180752000
2017-11-27,5.281826496124268,5.353499889373779,0.0,5.434000015258789,5.350249767303467,5.432750225067139,0.0,422896000
2017-11-28,5.197226047515869,5.267749786376953,0.0,5.368249893188477,5.205999851226807,5.358749866485596,0.0,512752000
2017-11-29,4.844758987426758,4.9105000495910645,0.0,5.252999782562256,4.780749797821045,5.250249862670898,0.0,1396788000
2017-11-30,4.950571060180664,5.017749786376953,0.0,5.066999912261963,4.916250228881836,4.980000019073486,0.0,823768000
2017-12-01,4.875834941864014,4.941999912261963,0.0,5.0032501220703125,4.8117499351501465,4.982749938964844,0.0,811548000
2017-12-04,4.604024410247803,4.666500091552734,0.0,5.007500171661377,4.612500190734863,5.00124979019165,0.0,1240844000
2017-12-05,4.63066291809082,4.69350004196167,0.0,4.817500114440918,4.514500141143799,4.559999942779541,0.0,981488000
2017-12-06,4.668154716491699,4.731500148773193,0.0,4.753499984741211,4.620999813079834,4.642499923706055,0.0,467032000
2017-12-07,4.735491752624512,4.799749851226807,0.0,4.840000152587891,4.752999782562256,4.798999786376953,0.0,542600000
2017-12-08,4.72315788269043,4.78725004196167,0.0,4.869500160217285,4.778749942779541,4.850249767303467,0.0,466876000
2017-12-11,4.801346778869629,4.866499900817871,0.0,4.869500160217285,4.7855000495910645,4.801499843597412,0.0,372748000
2017-12-12,4.707125186920166,4.770999908447266,0.0,4.8460001945495605,4.747250080108643,4.822500228881836,0.0,455016000
2017-12-13,4.592185020446777,4.6545000076293945,0.0,4.81374979019165,4.646999835968018,4.8125,0.0,554280000
2017-12-14,4.599337577819824,4.661749839782715,0.0,4.733500003814697,4.614999771118164,4.6479997634887695,0.0,438164000
2017-12-15,4.724885940551758,4.789000034332275,0.0,4.809500217437744,4.640500068664551,4.706250190734863,0.0,670036000
2017-12-18,4.881261825561523,4.947500228881836,0.0,4.950500011444092,4.800000190734863,4.829999923706055,0.0,477704000
2017-12-19,4.837113380432129,4.902750015258789,0.0,4.9432501792907715,4.874000072479248,4.938000202178955,0.0,373100000
2017-12-20,4.854130268096924,4.920000076293945,0.0,4.951749801635742,4.863749980926514,4.942500114440918,0.0,288820000
2017-12-21,4.831685543060303,4.897250175476074,0.0,4.948750019073486,4.888750076293945,4.923500061035156,0.0,300904000
2017-12-22,4.81639289855957,4.881750106811523,0.0,4.891250133514404,4.78125,4.860000133514404,0.0,466276000
2017-12-26,4.86991548538208,4.935999870300293,0.0,4.943749904632568,4.795499801635742,4.82574987411499,0.0,355080000
2017-12-27,4.863256931304932,4.9292497634887695,0.0,4.9992499351501465,4.907750129699707,4.922500133514404,0.0,329488000
2017-12-28,4.868930816650391,4.934999942779541,0.0,4.984499931335449,4.928750038146973,4.953249931335449,0.0,240248000
2017-12-29,4.77273416519165,4.837500095367432,0.0,4.96150016784668,4.837500095367432,4.96150016784668,0.0,279964000
2018-01-02,4.917026519775391,4.983749866485596,0.0,4.987500190734863,4.862500190734863,4.894499778747559,0.0,355616000
2018-01-03,5.240634918212891,5.3117499351501465,0.0,5.34250020980835,5.09375,5.102499961853027,0.0,914704000
2018-01-04,5.2682600021362305,5.339749813079834,0.0,5.451250076293945,5.317249774932861,5.394000053405762,0.0,583268000
2018-01-05,5.312905788421631,5.385000228881836,0.0,5.422749996185303,5.2769999504089355,5.354750156402588,0.0,580124000
2018-01-08,5.475696086883545,5.550000190734863,0.0,5.625,5.4644999504089355,5.510000228881836,0.0,881216000
2018-01-09,5.474215507507324,5.548500061035156,0.0,5.5954999923706055,5.466000080108643,5.555500030517578,0.0,497000000
2018-01-10,5.517134189605713,5.5920000076293945,0.0,5.5954999923706055,5.400000095367432,5.454999923706055,0.0,582664000
2018-01-11,5.52700138092041,5.6020002365112305,0.0,5.656750202178955,5.580249786376953,5.625,0.0,406032000
2018-01-12,5.499868869781494,5.57450008392334,0.0,5.624750137329102,5.5335001945495605,5.590000152587891,0.0,359916000
2018-01-16,5.429079532623291,5.502749919891357,0.0,5.687749862670898,5.417250156402588,5.601250171661377,0.0,702348000
2018-01-17,5.542786121368408,5.618000030517578,0.0,5.627999782562256,5.422500133514404,5.517499923706055,0.0,538408000
2018-01-18,5.5358805656433105,5.611000061035156,0.0,5.665999889373779,5.566999912261963,5.598499774932861,0.0,408632000
2018-01-19,5.675732612609863,5.752749919891357,0.0,5.777249813079834,5.675000190734863,5.702250003814697,0.0,609380000
2018-01-22,5.764033317565918,5.842249870300293,0.0,5.843999862670898,5.702499866485596,5.760749816894531,0.0,550944000
2018-01-23,5.892786979675293,5.972750186920166,0.0,5.9957499504089355,5.877500057220459,5.896249771118164,0.0,475228000
2018-01-24,5.816078186035156,5.894999980926514,0.0,6.012249946594238,5.838749885559082,5.97599983215332,0.0,579972000
2018-01-25,5.829643726348877,5.908750057220459,0.0,5.993750095367432,5.893750190734863,5.949999809265137,0.0,409884000
2018-01-26,6.001806735992432,6.083250045776367,0.0,6.083499908447266,5.940000057220459,5.953000068664551,0.0,516356000
2018-01-29,6.088628768920898,6.171249866485596,0.0,6.202750205993652,6.015250205993652,6.06850004196167,0.0,455116000
2018-01-30,5.986761093139648,6.067999839782715,0.0,6.1605000495910645,5.960249900817871,6.027750015258789,0.0,570832000
2018-01-31,6.062730312347412,6.144999980926514,0.0,6.231750011444092,6.111249923706055,6.14424991607666,0.0,478576000
2018-02-01,5.932002544403076,6.012499809265137,0.0,6.172500133514404,5.951499938964844,5.9629998207092285,0.0,519224000
2018-02-02,5.759840965270996,5.8379998207092285,0.0,5.949250221252441,5.779250144958496,5.925000190734863,0.0,718464000
2018-02-05,5.270975589752197,5.34250020980835,0.0,5.830749988555908,5.125,5.675000190734863,0.0,1165204000
2018-02-06,5.563998699188232,5.639500141143799,0.0,5.642499923706055,5.099999904632568,5.110000133514404,0.0,1114800000
2018-02-07,5.6434197425842285,5.71999979019165,0.0,5.8742499351501465,5.667500019073486,5.739500045776367,0.0,802932000
2018-02-08,5.365194320678711,5.438000202178955,0.0,5.880499839782715,5.437749862670898,5.8470001220703125,0.0,1144000000
2018-02-09,5.724323272705078,5.802000045776367,0.0,5.972249984741211,5.438000202178955,5.956250190734863,0.0,1674604000
2018-02-12,5.624428749084473,5.70074987411499,0.0,5.88700008392334,5.6257500648498535,5.883999824523926,0.0,1093172000
2018-02-13,5.737888813018799,5.8157501220703125,0.0,5.862500190734863,5.631249904632568,5.664000034332275,0.0,625524000
2018-02-14,5.954695224761963,6.0355000495910645,0.0,6.0647501945495605,5.763750076293945,5.775000095367432,0.0,744988000
2018-02-15,6.079997539520264,6.162499904632568,0.0,6.209249973297119,6.038000106811523,6.119750022888184,0.0,698900000
2018-02-16,6.014386177062988,6.0960001945495605,0.0,6.25,6.086750030517578,6.135000228881836,0.0,637656000
2018-02-20,6.143631935119629,6.2270002365112305,0.0,6.296750068664551,6.114999771118164,6.118750095367432,0.0,686240000
2018-02-21,5.956917762756348,6.037749767303467,0.0,6.29925012588501,6.033999919891357,6.292250156402588,0.0,892292000
2018-02-22,5.976413726806641,6.053750038146973,0.00375,6.140749931335449,5.987500190734863,6.0682501792907715,0.0,534364000
2018-02-23,6.069706439971924,6.148250102996826,0.0,6.148250102996826,6.063000202178955,6.114250183105469,0.0,415300000
2018-02-26,6.085750102996826,6.1645002365112305,0.0,6.19950008392334,6.101500034332275,6.195000171661377,0.0,469312000
2018-02-27,6.072914123535156,6.151500225067139,0.0,6.222750186920166,6.1282501220703125,6.137499809265137,0.0,455436000
2018-02-28,5.972710609436035,6.050000190734863,0.0,6.202499866485596,6.038249969482422,6.162499904632568,0.0,523116000
2018-03-01,5.731089115142822,5.80525016784668,0.0,6.102250099182129,5.703000068664551,6.047749996185303,0.0,1040120000
2018-03-02,5.837955951690674,5.91349983215332,0.0,5.920000076293945,5.546249866485596,5.696499824523926,0.0,913428000
2018-03-05,5.815989017486572,5.891250133514404,0.0,5.931250095367432,5.73799991607666,5.862750053405762,0.0,620776000
2018-03-06,5.97666072845459,6.053999900817871,0.0,6.073500156402588,5.934000015258789,5.977499961853027,0.0,636808000
2018-03-07,5.968761444091797,6.046000003814697,0.0,6.098750114440918,5.948750019073486,5.949999809265137,0.0,581208000
2018-03-08,5.9524736404418945,6.0295000076293945,0.0,6.073750019073486,5.984749794006348,6.073750019073486,0.0,411912000
2018-03-09,6.054897785186768,6.1332502365112305,0.0,6.146249771118164,6.06125020980835,6.077499866485596,0.0,505524000
2018-03-12,6.16423225402832,6.24399995803833,0.0,6.324999809265137,6.166749954223633,6.175000190734863,0.0,605060000
2018-03-13,6.113638877868652,6.192749977111816,0.0,6.362500190734863,6.151000022888184,6.28725004196167,0.0,619772000
2018-03-14,6.139060020446777,6.218500137329102,0.0,6.263750076293945,6.1554999351501465,6.236249923706055,0.0,505496000
2018-03-15,6.153867244720459,6.233500003814697,0.0,6.315499782562256,6.190999984741211,6.232250213623047,0.0,401952000
2018-03-16,6.182003974914551,6.26200008392334,0.0,6.28125,6.211999893188477,6.25,0.0,399456000
2018-03-19,5.948030471801758,6.025000095367432,0.0,6.233749866485596,5.925000190734863,6.204500198364258,0.0,713772000
2018-03-20,6.159791946411133,6.239500045776367,0.0,6.278749942779541,6.0279998779296875,6.0279998779296875,0.0,554696000
2018-03-21,6.134615421295166,6.214000225067139,0.0,6.300000190734863,6.1832499504089355,6.232999801635742,0.0,438688000
2018-03-22,5.969007968902588,6.046249866485596,0.0,6.197000026702881,6.008500099182129,6.150000095367432,0.0,551196000
2018-03-23,5.7498459815979,5.824250221252441,0.0,6.0625,5.813000202178955,6.059999942779541,0.0,735620000
2018-03-26,6.033920764923096,6.111999988555908,0.0,6.113249778747559,5.897500038146973,5.949999809265137,0.0,611424000
2018-03-27,5.565974235534668,5.638000011444092,0.0,6.25,5.496250152587891,6.193749904632568,0.0,1409000000
2018-03-28,5.463056564331055,5.533750057220459,0.0,5.734749794006348,5.425000190734863,5.603250026702881,0.0,945904000
2018-03-29,5.715786457061768,5.789750099182129,0.0,5.887499809265137,5.517499923706055,5.602749824523926,0.0,916628000
2018-04-02,5.455652713775635,5.526249885559082,0.0,5.866250038146973,5.4375,5.718500137329102,0.0,922092000
2018-04-03,5.561779022216797,5.633749961853027,0.0,5.758749961853027,5.533750057220459,5.695000171661377,0.0,667432000
2018-04-04,5.58374547958374,5.656000137329102,0.0,5.666500091552734,5.349999904632568,5.375249862670898,0.0,789168000
2018-04-05,5.4637980461120605,5.5345001220703125,0.0,5.728250026702881,5.462250232696533,5.715000152587891,0.0,701240000
2018-04-06,5.287824630737305,5.356249809265137,0.0,5.539999961853027,5.326749801635742,5.430749893188477,0.0,662988000
2018-04-09,5.316452980041504,5.385250091552734,0.0,5.54925012588501,5.364999771118164,5.420000076293945,0.0,499524000
2018-04-10,5.624962329864502,5.697750091552734,0.0,5.724999904632568,5.5602498054504395,5.618000030517578,0.0,761676000
2018-04-11,5.58374547958374,5.656000137329102,0.0,5.7245001792907715,5.623000144958496,5.682750225067139,0.0,460244000
2018-04-12,5.790075778961182,5.864999771118164,0.0,5.882999897003174,5.705249786376953,5.75,0.0,593920000
2018-04-13,5.713565349578857,5.787499904632568,0.0,5.937749862670898,5.738749980926514,5.9292497634887695,0.0,503036000
2018-04-16,5.71331787109375,5.78725004196167,0.0,5.821000099182129,5.691999912261963,5.794250011444092,0.0,350792000
2018-04-17,5.862636089324951,5.938499927520752,0.0,5.960000038146973,5.783750057220459,5.840000152587891,0.0,447224000
2018-04-18,5.833761215209961,5.909249782562256,0.0,5.981249809265137,5.819250106811523,5.887499809265137,0.0,391364000
2018-04-19,5.65285062789917,5.72599983215332,0.0,5.827499866485596,5.670000076293945,5.793749809265137,0.0,471996000
2018-04-20,5.644705295562744,5.717750072479248,0.0,5.802499771118164,5.68625020980835,5.717249870300293,0.0,386200000
2018-04-23,5.5254998207092285,5.5970001220703125,0.0,5.787499904632568,5.5707502365112305,5.735750198364258,0.0,427508000
2018-04-24,5.45935583114624,5.53000020980835,0.0,5.71999979019165,5.464000225067139,5.623000144958496,0.0,414596000
2018-04-25,5.3473052978515625,5.416500091552734,0.0,5.5395002365112305,5.257500171661377,5.5,0.0,588492000
2018-04-26,5.558570861816406,5.630499839782715,0.0,5.638750076293945,5.51324987411499,5.579999923706055,0.0,375824000
2018-04-27,5.585965633392334,5.658249855041504,0.0,5.757500171661377,5.615499973297119,5.737500190734863,0.0,400848000
2018-04-30,5.55067253112793,5.622499942779541,0.0,5.724999904632568,5.603000164031982,5.674749851226807,0.0,327844000
2018-05-01,5.605957508087158,5.678500175476074,0.0,5.681250095367432,5.554999828338623,5.614250183105469,0.0,253788000
2018-05-02,5.58547306060791,5.657750129699707,0.0,5.71999979019165,5.631249904632568,5.675000190734863,0.0,268248000
2018-05-03,5.750339031219482,5.824749946594238,0.0,5.851250171661377,5.64424991607666,5.690000057220459,0.0,443144000
2018-05-04,5.900151252746582,5.976500034332275,0.0,5.979750156402588,5.778250217437744,5.795750141143799,0.0,400660000
2018-05-07,6.137579441070557,6.2170000076293945,0.0,6.274750232696533,6.072249889373779,6.082250118255615,0.0,687616000
2018-05-08,6.180029392242432,6.260000228881836,0.0,6.262750148773193,6.167749881744385,6.217249870300293,0.0,506616000
2018-05-09,6.312811374664307,6.394499778747559,0.0,6.396749973297119,6.252749919891357,6.280250072479248,0.0,596760000
2018-05-10,6.42017126083374,6.5032501220703125,0.0,6.512499809265137,6.429999828338623,6.447999954223633,0.0,994080000
2018-05-11,6.281960964202881,6.363249778747559,0.0,6.494750022888184,6.263500213623047,6.319499969482422,0.0,1214456000
2018-05-14,6.3024444580078125,6.383999824523926,0.0,6.462250232696533,6.360000133514404,6.401750087738037,0.0,523140000
2018-05-15,6.060575008392334,6.138999938964844,0.0,6.322500228881836,6.037499904632568,6.31974983215332,0.0,963528000
2018-05-16,6.071681022644043,6.15024995803833,0.0,6.2129998207092285,6.062749862670898,6.099999904632568,0.0,553828000
2018-05-17,6.113638877868652,6.192749977111816,0.0,6.287499904632568,6.135749816894531,6.1519999504089355,0.0,519784000
2018-05-18,6.069952964782715,6.148499965667725,0.0,6.3092498779296875,6.143499851226807,6.245250225067139,0.0,483716000
2018-05-21,6.027997016906738,6.105999946594238,0.0,6.2507500648498535,6.012249946594238,6.247000217437744,0.0,640624000
2018-05-22,5.989988327026367,6.067500114440918,0.0,6.144999980926514,6.006249904632568,6.119500160217285,0.0,518264000
2018-05-23,6.113218307495117,6.188499927520752,0.00375,6.1897501945495605,6.006249904632568,6.006999969482422,0.0,442956000
2018-05-24,6.11692476272583,6.192249774932861,0.0,6.235000133514404,6.13100004196167,6.184750080108643,0.0,437372000
2018-05-25,6.156191349029541,6.23199987411499,0.0,6.248499870300293,6.169000148773193,6.204999923706055,0.0,292112000
2018-05-29,6.1391520500183105,6.214749813079834,0.0,6.2835001945495605,6.167500019073486,6.213749885559082,0.0,352684000
2018-05-30,6.2478132247924805,6.324749946594238,0.0,6.333499908447266,6.223750114440918,6.24875020980835,0.0,390996000
2018-05-31,6.22805643081665,6.304749965667725,0.0,6.380000114440918,6.281750202178955,6.292500019073486,0.0,493868000
2018-06-01,6.362154960632324,6.440499782562256,0.0,6.446750164031982,6.341249942779541,6.349999904632568,0.0,421968000
2018-06-04,6.540706157684326,6.621250152587891,0.0,6.643499851226807,6.442500114440918,6.474999904632568,0.0,642024000
2018-06-05,6.546139717102051,6.6267499923706055,0.0,6.664750099182129,6.579249858856201,6.624499797821045,0.0,391712000
2018-06-06,6.548114776611328,6.628749847412109,0.0,6.631999969482422,6.51924991607666,6.535749912261963,0.0,371356000
2018-06-07,6.492549896240234,6.572500228881836,0.0,6.63700008392334,6.481249809265137,6.625,0.0,369448000
2018-06-08,6.477240085601807,6.557000160217285,0.0,6.599999904632568,6.480000019073486,6.499000072479248,0.0,360456000
2018-06-11,6.43624210357666,6.515500068664551,0.0,6.586249828338623,6.502500057220459,6.544250011444092,0.0,265372000
2018-06-12,6.484646797180176,6.564499855041504,0.0,6.576749801635742,6.491499900817871,6.542250156402588,0.0,319160000
2018-06-13,6.480201721191406,6.559999942779541,0.0,6.641749858856201,6.550749778747559,6.565999984741211,0.0,338208000
2018-06-14,6.591579914093018,6.672749996185303,0.0,6.730000019073486,6.5904998779296875,6.605500221252441,0.0,430016000
2018-06-15,6.550832271575928,6.631499767303467,0.0,6.686999797821045,6.583749771118164,6.614999771118164,0.0,432260000
2018-06-18,6.546635150909424,6.6272501945495605,0.0,6.644999980926514,6.559500217437744,6.586999893188477,0.0,356268000
2018-06-19,6.425128936767578,6.5042500495910645,0.0,6.591000080108643,6.375500202178955,6.5229997634887695,0.0,594932000
2018-06-20,6.477980136871338,6.557750225067139,0.0,6.611249923706055,6.506999969482422,6.545750141143799,0.0,369780000
2018-06-21,6.349560737609863,6.427750110626221,0.0,6.608500003814697,6.420000076293945,6.590000152587891,0.0,359516000
2018-06-22,6.197432518005371,6.273749828338623,0.0,6.462250232696533,6.2582502365112305,6.448750019073486,0.0,434160000
2018-06-25,5.905282020568848,5.978000164031982,0.0,6.170000076293945,5.888500213623047,6.166250228881836,0.0,665816000
2018-06-26,5.97615909576416,6.049749851226807,0.0,6.141250133514404,5.9977498054504395,6.09250020980835,0.0,478884000
2018-06-27,5.821315288543701,5.89300012588501,0.0,6.160749912261963,5.887499809265137,6.09375,0.0,453892000
2018-06-28,5.948253154754639,6.021500110626221,0.0,6.0335001945495605,5.875249862670898,5.882999897003174,0.0,338012000
2018-06-29,5.8504557609558105,5.922500133514404,0.0,6.099999904632568,5.921249866485596,6.087250232696533,0.0,392300000
2018-07-02,5.982333183288574,6.056000232696533,0.0,6.059750080108643,5.831500053405762,5.852250099182129,0.0,357572000
2018-07-03,5.848973751068115,5.921000003814697,0.0,6.0970001220703125,5.912499904632568,6.091000080108643,0.0,222732000
2018-07-05,5.994433879852295,6.0682501792907715,0.0,6.073249816894531,5.9375,5.976749897003174,0.0,306216000
2018-07-06,6.108033657073975,6.1832499504089355,0.0,6.1917500495910645,6.021999835968018,6.043499946594238,0.0,296352000
2018-07-09,6.155452728271484,6.231249809265137,0.0,6.26800012588501,6.151750087738037,6.2582502365112305,0.0,303880000
2018-07-10,6.254234790802002,6.331250190734863,0.0,6.353499889373779,6.203000068664551,6.243750095367432,0.0,360016000
2018-07-11,6.112973213195801,6.1882500648498535,0.0,6.272500038146973,6.177499771118164,6.237500190734863,0.0,367508000
2018-07-12,6.204347133636475,6.280749797821045,0.0,6.329249858856201,6.223999977111816,6.234000205993652,0.0,345508000
2018-07-13,6.157177925109863,6.232999801635742,0.0,6.299499988555908,6.190499782562256,6.299499988555908,0.0,246988000
2018-07-16,6.129520416259766,6.204999923706055,0.0,6.258500099182129,6.192500114440918,6.204999923706055,0.0,197036000
2018-07-17,6.265100479125977,6.342249870300293,0.0,6.357500076293945,6.129499912261963,6.155250072479248,0.0,362136000
2018-07-18,6.215954303741455,6.292500019073486,0.0,6.348750114440918,6.241000175476074,6.334750175476074,0.0,277640000
2018-07-19,6.224105358123779,6.300749778747559,0.0,6.334750175476074,6.2582502365112305,6.273499965667725,0.0,235752000
2018-07-20,6.195950984954834,6.272250175476074,0.0,6.337500095367432,6.261250019073486,6.298250198364258,0.0,222352000
2018-07-23,6.1594014167785645,6.235249996185303,0.0,6.247250080108643,6.081999778747559,6.245500087738037,0.0,301584000
2018-07-24,6.142115116119385,6.217750072479248,0.0,6.371250152587891,6.199999809265137,6.283750057220459,0.0,354620000
2018-07-25,6.220154285430908,6.296750068664551,0.0,6.309500217437744,6.168749809265137,6.227250099182129,0.0,319112000
2018-07-26,6.293500900268555,6.370999813079834,0.0,6.408249855041504,6.259500026702881,6.276500225067139,0.0,325124000
2018-07-27,6.2238593101501465,6.30049991607666,0.0,6.414999961853027,6.245999813079834,6.4079999923706055,0.0,295420000
2018-07-30,6.029007434844971,6.103250026702881,0.0,6.3207502365112305,6.067999839782715,6.3147501945495605,0.0,340340000
2018-07-31,6.047035217285156,6.121500015258789,0.0,6.197000026702881,6.053500175476074,6.092750072479248,0.0,283988000
2018-08-01,6.086795330047607,6.161749839782715,0.0,6.209000110626221,6.097249984741211,6.153250217437744,0.0,283556000
2018-08-02,6.1892852783203125,6.265500068664551,0.0,6.269499778747559,6.030250072479248,6.089749813079834,0.0,269668000
2018-08-03,6.225834369659424,6.302499771118164,0.0,6.326499938964844,6.273250102996826,6.290249824523926,0.0,214288000
2018-08-06,6.273497104644775,6.350749969482422,0.0,6.354249954223633,6.24275016784668,6.289750099182129,0.0,207508000
2018-08-07,6.345609664916992,6.423749923706055,0.0,6.442500114440918,6.373000144958496,6.400000095367432,0.0,258132000
2018-08-08,6.3819122314453125,6.4604997634887695,0.0,6.50600004196167,6.389750003814697,6.425000190734863,0.0,262100000
2018-08-09,6.3335089683532715,6.411499977111816,0.0,6.481249809265137,6.403749942779541,6.478499889373779,0.0,204280000
2018-08-10,6.292266368865967,6.369750022888184,0.0,6.402500152587891,6.317500114440918,6.328750133514404,0.0,256396000
2018-08-13,6.325110912322998,6.4029998779296875,0.0,6.525000095367432,6.3767499923706055,6.378499984741211,0.0,375208000
2018-08-14,6.456245422363281,6.535749912261963,0.0,6.550000190734863,6.42549991607666,6.509500026702881,0.0,466220000
2018-08-15,6.398210048675537,6.4770002365112305,0.0,6.591000080108643,6.397500038146973,6.5567498207092285,0.0,591136000
2018-08-16,6.357708930969238,6.435999870300293,0.0,6.550000190734863,6.375249862670898,6.547500133514404,0.0,801260000
2018-08-17,6.046048164367676,6.120500087738037,0.0,6.324250221252441,6.093249797821045,6.323500156402588,0.0,1143188000
2018-08-20,6.120631694793701,6.196000099182129,0.0,6.329999923706055,5.9679999351501465,6.079500198364258,0.0,854388000
2018-08-21,6.255962371826172,6.333000183105469,0.0,6.337500095367432,6.192500114440918,6.212500095367432,0.0,673988000
2018-08-22,6.490573883056641,6.570499897003174,0.0,6.575500011444092,6.296500205993652,6.300000190734863,0.0,749856000
2018-08-23,6.5898518562316895,6.671000003814697,0.0,6.736999988555908,6.517499923706055,6.531499862670898,0.0,720684000
2018-08-24,6.722715377807617,6.805500030517578,0.0,6.820250034332275,6.675000190734863,6.679500102996826,0.0,531512000
2018-08-27,6.813594818115234,6.897500038146973,0.0,6.972499847412109,6.803750038146973,6.8354997634887695,0.0,505776000
2018-08-28,6.776058197021484,6.859499931335449,0.0,6.9145002365112305,6.738249778747559,6.891499996185303,0.0,475384000
2018-08-29,6.881320953369141,6.962250232696533,0.00375,6.987500190734863,6.827000141143799,6.8480000495910645,0.0,420108000
2018-08-30,6.864518642425537,6.945250034332275,0.0,7.043000221252441,6.9079999923706055,6.930749893188477,0.0,346608000
2018-08-31,6.935434341430664,7.017000198364258,0.0,7.03000020980835,6.914999961853027,6.925000190734863,0.0,306592000
2018-09-04,7.010056018829346,7.09250020980835,0.0,7.130499839782715,6.974999904632568,7.003749847412109,0.0,391720000
2018-09-05,6.8795905113220215,6.9604997634887695,0.0,7.110499858856201,6.878749847412109,7.074749946594238,0.0,393156000
2018-09-06,6.738747596740723,6.817999839782715,0.0,6.946499824523926,6.784749984741211,6.943999767303467,0.0,322796000
2018-09-07,6.717498302459717,6.796500205993652,0.0,6.923250198364258,6.679749965667725,6.724999904632568,0.0,295420000
2018-09-10,6.788414001464844,6.868249893188477,0.0,6.898250102996826,6.775000095367432,6.819250106811523,0.0,220140000
2018-09-11,6.740724086761475,6.820000171661377,0.0,6.909999847412109,6.80049991607666,6.821499824523926,0.0,243112000
2018-09-12,6.627059459686279,6.704999923706055,0.0,6.799499988555908,6.547999858856201,6.779749870300293,0.0,419092000
2018-09-13,6.704648494720459,6.7835001945495605,0.0,6.875,6.754000186920166,6.771500110626221,0.0,305536000
2018-09-14,6.830418586730957,6.910749912261963,0.0,6.977499961853027,6.837500095367432,6.874750137329102,0.0,386936000
2018-09-17,6.768646240234375,6.848249912261963,0.0,6.934500217437744,6.828750133514404,6.885000228881836,0.0,205528000
2018-09-18,6.696741580963135,6.7754998207092285,0.0,6.955999851226807,6.768750190734863,6.852250099182129,0.0,299520000
2018-09-19,6.720461845397949,6.799499988555908,0.0,6.817500114440918,6.706250190734863,6.756750106811523,0.0,224860000
2018-09-20,6.579617023468018,6.6570000648498535,0.0,6.718999862670898,6.602499961853027,6.676249980926514,0.0,430584000
2018-09-21,6.5096893310546875,6.586249828338623,0.0,6.715000152587891,6.552750110626221,6.669000148773193,0.0,435128000
2018-09-24,6.565286159515381,6.642499923706055,0.0,6.645999908447266,6.4670000076293945,6.554999828338623,0.0,293912000
2018-09-25,6.632249355316162,6.710249900817871,0.0,6.735499858856201,6.6227498054504395,6.709249973297119,0.0,280388000
2018-09-26,6.595433235168457,6.672999858856201,0.0,6.75600004196167,6.6570000648498535,6.715250015258789,0.0,268548000
2018-09-27,6.607293605804443,6.684999942779541,0.0,6.730000019073486,6.653250217437744,6.708499908447266,0.0,214428000
2018-09-28,6.9438347816467285,7.0254998207092285,0.0,7.047999858856201,6.789999961853027,6.8182501792907715,0.0,709396000
2018-10-01,7.149912357330322,7.234000205993652,0.0,7.301499843597412,7.065000057220459,7.104000091552734,0.0,622060000
2018-10-02,7.07874870300293,7.1620001792907715,0.0,7.318999767303467,7.139500141143799,7.206250190734863,0.0,383964000
2018-10-03,7.084926605224609,7.16825008392334,0.0,7.240499973297119,7.0632500648498535,7.232999801635742,0.0,320552000
2018-10-04,6.901088714599609,6.982250213623047,0.0,7.15625,6.9045000076293945,7.131750106811523,0.0,391220000
2018-10-05,6.66807746887207,6.746500015258789,0.0,7.019999980926514,6.688499927520752,6.957250118255615,0.0,426636000
2018-10-08,6.567017078399658,6.64424991607666,0.0,6.7789998054504395,6.501999855041504,6.662499904632568,0.0,408612000
2018-10-09,6.561334609985352,6.638500213623047,0.0,6.718999862670898,6.570000171661377,6.623499870300293,0.0,273500000
2018-10-10,6.0708513259887695,6.142250061035156,0.0,6.577750205993652,6.139999866485596,6.531499862670898,0.0,684940000
2018-10-11,5.8099212646484375,5.8782501220703125,0.0,6.189000129699707,5.856500148773193,6.0542497634887695,0.0,725436000
2018-10-12,6.091855049133301,6.16349983215332,0.0,6.238500118255615,5.991250038146973,6.137750148773193,0.0,608236000
2018-10-15,5.816098213195801,5.884500026702881,0.0,6.150000095367432,5.883500099182129,6.150000095367432,0.0,449760000
2018-10-16,6.074312210083008,6.145750045776367,0.0,6.1570000648498535,5.948500156402588,5.9982500076293945,0.0,408712000
2018-10-17,6.005867004394531,6.076499938964844,0.0,6.247000217437744,6.0269999504089355,6.208499908447266,0.0,329668000
2018-10-18,5.918642044067383,5.988249778747559,0.0,6.1852498054504395,5.927249908447266,6.146500110626221,0.0,524020000
2018-10-19,5.66265344619751,5.729249954223633,0.0,6.06374979019165,5.692500114440918,6.044000148773193,0.0,613608000
2018-10-22,5.713306903839111,5.7804999351501465,0.0,5.882999897003174,5.676750183105469,5.7820000648498535,0.0,368844000
2018-10-23,5.4622602462768555,5.526500225067139,0.0,5.604750156402588,5.417749881744385,5.510749816894531,0.0,626436000
2018-10-24,4.927300930023193,4.985249996185303,0.0,5.534749984741211,4.971250057220459,5.487750053405762,0.0,884288000
2018-10-25,5.1356024742126465,5.196000099182129,0.0,5.243750095367432,4.8420000076293945,4.886750221252441,0.0,951720000
2018-10-26,4.899627208709717,4.957250118255615,0.0,5.120999813079834,4.828000068664551,4.957749843597412,0.0,664784000
2018-10-29,4.5865583419799805,4.640500068664551,0.0,5.103250026702881,4.40024995803833,5.09975004196167,0.0,758016000
2018-10-30,5.0160088539123535,5.074999809265137,0.0,5.085000038146973,4.640500068664551,4.663750171661377,0.0,807192000
2018-10-31,5.209482669830322,5.270750045776367,0.0,5.3147501945495605,5.100249767303467,5.241250038146973,0.0,745772000
2018-11-01,5.389366626739502,5.452750205993652,0.0,5.462250232696533,5.179749965667725,5.307499885559082,0.0,566528000
2018-11-02,5.310544490814209,5.373000144958496,0.0,5.550000190734863,5.255249977111816,5.4432501792907715,0.0,452960000
2018-11-05,5.232708930969238,5.294250011444092,0.0,5.3832502365112305,5.131999969482422,5.359749794006348,0.0,379332000
2018-11-06,5.215165615081787,5.276500225067139,0.0,5.371250152587891,5.238999843597412,5.286250114440918,0.0,299012000
2018-11-07,5.282621383666992,5.344749927520752,0.0,5.4352498054504395,5.2795000076293945,5.34375,0.0,483812000
2018-11-08,5.089889049530029,5.149750232696533,0.0,5.285749912261963,5.095749855041504,5.284999847412109,0.0,511352000
2018-11-09,5.081981182098389,5.141749858856201,0.0,5.232999801635742,5.026000022888184,5.059999942779541,0.0,413240000
2018-11-12,4.683419704437256,4.738500118255615,0.0,5.071750164031982,4.7164998054504395,5.049499988555908,0.0,617116000
2018-11-13,4.924829959869385,4.982749938964844,0.0,5.105249881744385,4.830999851226807,4.837250232696533,0.0,644712000
2018-11-14,4.8724470138549805,4.929749965667725,0.0,5.171999931335449,4.8207502365112305,5.15749979019165,0.0,526580000
2018-11-15,5.000934600830078,5.059750080108643,0.0,5.132500171661377,4.887499809265137,4.923749923706055,0.0,840708000
2018-11-16,4.0629658699035645,4.110750198364258,0.0,4.266499996185303,4.040249824523926,4.083000183105469,0.0,1963520000
2018-11-19,3.5754499435424805,3.617500066757202,0.0,4.045499801635742,3.6157500743865967,4.044750213623047,0.0,1697820000
2018-11-20,3.6836767196655273,3.7269999980926514,0.0,3.8564999103546143,3.332750082015991,3.3515000343322754,0.0,1692032000
2018-11-21,3.575697422027588,3.6177499294281006,0.0,3.882499933242798,3.590250015258789,3.865499973297119,0.0,1025496000
2018-11-23,3.582862377166748,3.625,0.0,3.7397499084472656,3.5697500705718994,3.582750082015991,0.0,411968000
2018-11-26,3.7817740440368652,3.8262500762939453,0.0,3.836750030517578,3.6640000343322754,3.7472500801086426,0.0,814832000
2018-11-27,3.798576831817627,3.843250036239624,0.0,3.9252500534057617,3.7637500762939453,3.799999952316284,0.0,738060000
2018-11-28,3.9552338123321533,4.0017499923706055,0.0,4.006999969482422,3.828249931335449,3.9619998931884766,0.0,804524000
2018-11-29,3.8921616077423096,3.934000015258789,0.004,4.037499904632568,3.9035000801086426,4.0,0.0,549172000
2018-11-30,4.042295932769775,4.085750102996826,0.0,4.096499919891357,3.8929998874664307,3.9437499046325684,0.0,729564000
2018-12-03,4.205790042877197,4.250999927520752,0.0,4.367000102996826,4.183499813079834,4.315000057220459,0.0,890804000
2018-12-04,3.8859777450561523,3.9277501106262207,0.0,4.210999965667725,3.9124999046325684,4.205999851226807,0.0,812112000
2018-12-06,3.9151642322540283,3.9572501182556152,0.0,3.962249994277954,3.770250082015991,3.7860000133514404,0.0,692308000
2018-12-07,3.6510040760040283,3.6902499198913574,0.0,3.971750020980835,3.640500068664551,3.9614999294281006,0.0,681676000
2018-12-10,3.7561237812042236,3.7964999675750732,0.0,3.821500062942505,3.641249895095825,3.6449999809265137,0.0,629472000
2018-12-11,3.665348529815674,3.7047500610351562,0.0,3.897249937057495,3.625,3.8889999389648438,0.0,671912000
2018-12-12,3.6829099655151367,3.7225000858306885,0.0,3.819499969482422,3.620500087738037,3.7105000019073486,0.0,654136000
2018-12-13,3.6826627254486084,3.722249984741211,0.0,3.8345000743865967,3.686000108718872,3.7697501182556152,0.0,471384000
2018-12-14,3.622312068939209,3.661250114440918,0.0,3.7647500038146973,3.637500047683716,3.6802499294281006,0.0,471820000
2018-12-17,3.5513248443603516,3.5894999504089355,0.0,3.703749895095825,3.5309998989105225,3.63100004196167,0.0,662868000
2018-12-18,3.634431838989258,3.6735000610351562,0.0,3.7582499980926514,3.606250047683716,3.6337499618530273,0.0,564372000
2018-12-19,3.4259233474731445,3.46274995803833,0.0,3.69350004196167,3.410749912261963,3.6394999027252197,0.0,745364000
2018-12-20,3.3415799140930176,3.377500057220459,0.0,3.5450000762939453,3.3172500133514404,3.4542500972747803,0.0,749588000
2018-12-21,3.204800605773926,3.2392499446868896,0.0,3.4375,3.2114999294281006,3.404249906539917,0.0,863740000
2018-12-24,3.143211841583252,3.177000045776367,0.0,3.249500036239624,3.112499952316284,3.16225004196167,0.0,463840000
2018-12-26,3.292111873626709,3.327500104904175,0.0,3.3285000324249268,3.1115000247955322,3.2235000133514404,0.0,695100000
2018-12-27,3.2443740367889404,3.279249906539917,0.0,3.309499979019165,3.129499912261963,3.274749994277954,0.0,637044000
2018-12-28,3.3057148456573486,3.341249942779541,0.0,3.4347500801086426,3.2577500343322754,3.299999952316284,0.0,628728000
2018-12-31,3.3020052909851074,3.3375000953674316,0.0,3.4177498817443848,3.30649995803833,3.384999990463257,0.0,465140000
2019-01-02,3.3692822456359863,3.4054999351501465,0.0,3.4619998931884766,3.2512500286102295,3.2660000324249268,0.0,508752000
2019-01-03,3.165719747543335,3.1997499465942383,0.0,3.378999948501587,3.1922500133514404,3.344749927520752,0.0,705552000
2019-01-04,3.368540048599243,3.404750108718872,0.0,3.4432499408721924,3.242500066757202,3.2734999656677246,0.0,585620000
2019-01-07,3.5468733310699463,3.5850000381469727,0.0,3.6222500801086426,3.410749912261963,3.4625000953674316,0.0,709160000
2019-01-08,3.4585721492767334,3.4957499504089355,0.0,3.6695001125335693,3.422499895095825,3.667249917984009,0.0,786016000
2019-01-09,3.5265913009643555,3.564500093460083,0.0,3.6122500896453857,3.496500015258789,3.547499895095825,0.0,617260000
2019-01-10,3.5921366214752197,3.6307499408721924,0.0,3.6394999027252197,3.4839999675750732,3.5450000762939453,0.0,523156000
2019-01-11,3.6811795234680176,3.720750093460083,0.0,3.7437500953674316,3.5802500247955322,3.6082499027252197,0.0,874764000
2019-01-14,3.7210006713867188,3.760999917984009,0.0,3.7864999771118164,3.64424991607666,3.6679999828338623,0.0,730168000
2019-01-15,3.706902503967285,3.7467501163482666,0.0,3.833750009536743,3.728250026702881,3.7939999103546143,0.0,617012000
2019-01-16,3.681426763534546,3.7209999561309814,0.0,3.807499885559082,3.7155001163482666,3.774250030517578,0.0,470104000
2019-01-17,3.7526609897613525,3.7929999828338623,0.0,3.833250045776367,3.660249948501587,3.6877501010894775,0.0,493436000
2019-01-18,3.881525754928589,3.9232499599456787,0.0,3.94950008392334,3.791249990463257,3.843250036239624,0.0,651336000
2019-01-22,3.679694652557373,3.719249963760376,0.0,3.9045000076293945,3.6887500286102295,3.8927500247955322,0.0,661552000
2019-01-23,3.692556858062744,3.7322499752044678,0.0,3.864500045776367,3.7007501125335693,3.7750000953674316,0.0,591020000
2019-01-24,3.904033899307251,3.946000099182129,0.0,3.963749885559082,3.8127501010894775,3.817500114440918,0.0,708972000
2019-01-25,3.9611690044403076,4.003749847412109,0.0,4.021999835968018,3.7825000286102295,3.885999917984009,0.0,1154572000
2019-01-28,3.4135563373565674,3.4502499103546143,0.0,3.5409998893737793,3.2750000953674316,3.413749933242798,0.0,2511528000
2019-01-29,3.2550103664398193,3.2899999618530273,0.0,3.452500104904175,3.27524995803833,3.403749942779541,0.0,1153932000
2019-01-30,3.398221254348755,3.4347500801086426,0.0,3.4492499828338623,3.2864999771118164,3.3667500019073486,0.0,974228000
2019-01-31,3.555529832839966,3.59375,0.0,3.6297500133514404,3.4094998836517334,3.43149995803833,0.0,842852000
2019-02-01,3.5797691345214844,3.6182498931884766,0.0,3.6697499752044678,3.564500093460083,3.612499952316284,0.0,625048000
2019-02-04,3.6898367404937744,3.7295000553131104,0.0,3.7669999599456787,3.611999988555908,3.6342499256134033,0.0,528592000
2019-02-05,3.7088816165924072,3.7487499713897705,0.0,3.785749912261963,3.7074999809265137,3.741499900817871,0.0,542424000
2019-02-06,3.78432035446167,3.825000047683716,0.0,3.890000104904175,3.776750087738037,3.782249927520752,0.0,702464000
2019-02-07,3.6463046073913574,3.685499906539917,0.0,3.7804999351501465,3.6422500610351562,3.778249979019165,0.0,637120000
2019-02-08,3.6648552417755127,3.7042500972747803,0.0,3.7149999141693115,3.603250026702881,3.6177499294281006,0.0,461604000
2019-02-11,3.622312068939209,3.661250114440918,0.0,3.7144999504089355,3.612499952316284,3.659749984741211,0.0,495180000
2019-02-12,3.7390570640563965,3.779249906539917,0.0,3.7950000762939453,3.685499906539917,3.700000047683716,0.0,591060000
2019-02-13,3.7813525199890137,3.822000026702881,0.0,3.895750045776367,3.7952499389648438,3.809000015258789,0.0,605372000
2019-02-14,3.8221638202667236,3.8632500171661377,0.0,3.8917500972747803,3.7774999141693115,3.821000099182129,0.0,827264000
2019-02-15,3.8916664123535156,3.933500051498413,0.0,4.096749782562256,3.9105000495910645,4.073750019073486,0.0,1516748000
2019-02-19,3.8743529319763184,3.9159998893737793,0.0,3.9972500801086426,3.9035000801086426,3.9227499961853027,0.0,551892000
2019-02-20,3.921595335006714,3.963749885559082,0.0,4.031499862670898,3.9342501163482666,3.945499897003174,0.0,540988000
2019-02-21,3.8528337478637695,3.89424991607666,0.0,4.00124979019165,3.879499912261963,3.9765000343322754,0.0,448548000
2019-02-22,3.937424898147583,3.979749917984009,0.0,3.9987499713897705,3.9327499866485596,3.946500062942505,0.0,401740000
2019-02-25,3.9250571727752686,3.967250108718872,0.0,4.131999969482422,3.9584999084472656,4.064000129699707,0.0,656020000
2019-02-26,3.885730266571045,3.927500009536743,0.0,4.019000053405762,3.893749952316284,3.9625000953674316,0.0,488464000
2019-02-27,3.84393048286438,3.8852500915527344,0.0,3.9397499561309814,3.8277499675750732,3.9130001068115234,0.0,500256000
2019-02-28,3.8194172382354736,3.8564999103546143,0.004,3.8975000381469727,3.8340001106262207,3.875,0.0,324944000
2019-03-01,3.8736412525177,3.911250114440918,0.0,3.953749895095825,3.8480000495910645,3.906749963760376,0.0,357188000
2019-03-04,3.88181209564209,3.9195001125335693,0.0,3.9730000495910645,3.862499952316284,3.950000047683716,0.0,409992000
2019-03-05,3.8753750324249268,3.9130001068115234,0.0,3.9514999389648438,3.8489999771118164,3.903749942779541,0.0,362924000
2019-03-06,3.7646994590759277,3.8012499809265137,0.0,3.9124999046325684,3.7985000610351562,3.9040000438690186,0.0,403524000
2019-03-07,3.695619821548462,3.7314999103546143,0.0,3.78725004196167,3.684999942779541,3.7774999141693115,0.0,450104000
2019-03-08,3.729788064956665,3.7660000324249268,0.0,3.776750087738037,3.619999885559082,3.6414999961853027,0.0,422416000
2019-03-11,3.9897654056549072,4.028500080108643,0.0,4.051499843597412,3.7422499656677246,3.789750099182129,0.0,859728000
2019-03-12,4.023932933807373,4.063000202178955,0.0,4.109749794006348,3.979749917984009,4.05649995803833,0.0,579576000
2019-03-13,4.174966335296631,4.2154998779296875,0.0,4.244999885559082,4.093249797821045,4.100749969482422,0.0,768900000
2019-03-14,4.0992021560668945,4.138999938964844,0.0,4.23675012588501,4.131249904632568,4.22475004196167,0.0,519384000
2019-03-15,4.20443058013916,4.245250225067139,0.0,4.288249969482422,4.178999900817871,4.182499885559082,0.0,661484000
2019-03-18,4.183137893676758,4.223750114440918,0.0,4.331250190734863,4.196499824523926,4.2769999504089355,0.0,486992000
2019-03-19,4.350511074066162,4.392749786376953,0.0,4.4375,4.302000045776367,4.318999767303467,0.0,854972000
2019-03-20,4.318077564239502,4.360000133514404,0.0,4.475749969482422,4.324999809265137,4.421999931335449,0.0,719148000
2019-03-21,4.554283142089844,4.598499774932861,0.0,4.625,4.3782501220703125,4.3832502365112305,0.0,824312000
2019-03-22,4.394832134246826,4.4375,0.0,4.619999885559082,4.423500061035156,4.571000099182129,0.0,747644000
2019-03-25,4.302724838256836,4.3445000648498535,0.0,4.461249828338623,4.277750015258789,4.396500110626221,0.0,525212000
2019-03-26,4.379232883453369,4.421750068664551,0.0,4.543749809265137,4.364999771118164,4.487249851226807,0.0,703508000
2019-03-27,4.370072364807129,4.412499904632568,0.0,4.4942498207092285,4.34250020980835,4.447500228881836,0.0,474372000
2019-03-28,4.388640880584717,4.431250095367432,0.0,4.497499942779541,4.377749919891357,4.43874979019165,0.0,480264000
2019-03-29,4.445835113525391,4.488999843597412,0.0,4.513500213623047,4.447750091552734,4.498499870300293,0.0,456896000
2019-04-01,4.513181686401367,4.557000160217285,0.0,4.587500095367432,4.509250164031982,4.581500053405762,0.0,483824000
2019-04-02,4.531008720397949,4.574999809265137,0.0,4.619750022888184,4.538000106811523,4.581250190734863,0.0,440920000
2019-04-03,4.670159339904785,4.7154998779296875,0.0,4.775000095367432,4.619999885559082,4.625,0.0,783504000
2019-04-04,4.661244869232178,4.706500053405762,0.0,4.7492499351501465,4.643249988555908,4.699999809265137,0.0,457376000
2019-04-05,4.727848052978516,4.773749828338623,0.0,4.791250228881836,4.713250160217285,4.75,0.0,481744000
2019-04-08,4.748646259307861,4.794750213623047,0.0,4.820000171661377,4.71875,4.743000030517578,0.0,424192000
2019-04-09,4.68600606918335,4.731500148773193,0.0,4.772250175476074,4.689000129699707,4.761000156402588,0.0,439972000
2019-04-10,4.756321430206299,4.802499771118164,0.0,4.828499794006348,4.726250171661377,4.73075008392334,0.0,444772000
2019-04-11,4.742455959320068,4.78849983215332,0.0,4.836750030517578,4.738749980926514,4.804999828338623,0.0,374600000
2019-04-12,4.704575538635254,4.750249862670898,0.0,4.831500053405762,4.741499900817871,4.827499866485596,0.0,471708000
2019-04-15,4.573100566864014,4.617499828338623,0.0,4.747499942779541,4.577499866485596,4.742499828338623,0.0,440092000
2019-04-16,4.660006999969482,4.705249786376953,0.0,4.724249839782715,4.624000072479248,4.6570000648498535,0.0,394964000
2019-04-17,4.637228012084961,4.682250022888184,0.0,4.761499881744385,4.659749984741211,4.740499973297119,0.0,351004000
2019-04-18,4.612715244293213,4.65749979019165,0.0,4.723249912261963,4.629499912261963,4.689000129699707,0.0,380988000
2019-04-22,4.666443824768066,4.711750030517578,0.0,4.727499961853027,4.6020002365112305,4.633749961853027,0.0,279936000
2019-04-23,4.720915794372559,4.766749858856201,0.0,4.798250198364258,4.715250015258789,4.724999904632568,0.0,346856000
2019-04-24,4.73329496383667,4.779250144958496,0.0,4.820250034332275,4.716000080108643,4.777249813079834,0.0,318204000
2019-04-25,4.627819061279297,4.672749996185303,0.0,4.761250019073486,4.59250020980835,4.738749980926514,0.0,499296000
2019-04-26,4.409440994262695,4.452250003814697,0.0,4.522250175476074,4.332499980926514,4.517749786376953,0.0,868988000
2019-04-29,4.440141201019287,4.483250141143799,0.0,4.511250019073486,4.387499809265137,4.460249900817871,0.0,391920000
2019-04-30,4.481490612030029,4.525000095367432,0.0,4.550749778747559,4.43149995803833,4.45074987411499,0.0,362920000
2019-05-01,4.468369483947754,4.511750221252441,0.0,4.620250225067139,4.511499881744385,4.577750205993652,0.0,354280000
2019-05-02,4.535714626312256,4.579750061035156,0.0,4.6217498779296875,4.478000164031982,4.521500110626221,0.0,394684000
2019-05-03,4.531257152557373,4.575250148773193,0.0,4.598249912261963,4.51324987411499,4.588250160217285,0.0,336824000
2019-05-06,4.453016757965088,4.496250152587891,0.0,4.508500099182129,4.349999904632568,4.387499809265137,0.0,422176000
2019-05-07,4.286136627197266,4.327750205993652,0.0,4.447500228881836,4.279250144958496,4.447500228881836,0.0,555220000
2019-05-08,4.306193828582764,4.3480000495910645,0.0,4.428750038146973,4.288000106811523,4.300000190734863,0.0,419168000
2019-05-09,4.213837623596191,4.254749774932861,0.0,4.288249969482422,4.135000228881836,4.278500080108643,0.0,660248000
2019-05-10,4.17991828918457,4.2204999923706055,0.0,4.289750099182129,4.099999904632568,4.223750114440918,0.0,569500000
2019-05-13,3.9231605529785156,3.961250066757202,0.0,4.110750198364258,3.9452500343322754,4.087500095367432,0.0,656912000
2019-05-14,4.012049198150635,4.051000118255615,0.0,4.08650016784668,3.962249994277954,4.00124979019165,0.0,524880000
2019-05-15,3.951138734817505,3.989500045776367,0.0,4.026249885559082,3.9352500438690186,3.994999885559082,0.0,502320000
2019-05-16,3.9662418365478516,4.004749774932861,0.0,4.047749996185303,3.9412500858306885,3.9839999675750732,0.0,781088000
2019-05-17,3.875622510910034,3.913249969482422,0.0,4.092750072479248,3.873500108718872,3.9625000953674316,0.0,1022068000
2019-05-20,3.7572715282440186,3.793750047683716,0.0,3.8692500591278076,3.768749952316284,3.8137500286102295,0.0,572064000
2019-05-21,3.8392257690429688,3.876499891281128,0.0,3.8924999237060547,3.815999984741211,3.8550000190734863,0.0,361848000
2019-05-22,3.7684133052825928,3.805000066757202,0.0,3.8637499809265137,3.7939999103546143,3.8375000953674316,0.0,325868000
2019-05-23,3.6475868225097656,3.683000087738037,0.0,3.7422499656677246,3.6227500438690186,3.7422499656677246,0.0,591844000
2019-05-24,3.593858003616333,3.6287500858306885,0.0,3.737499952316284,3.621999979019165,3.7019999027252197,0.0,357584000
2019-05-28,3.548795461654663,3.583250045776367,0.0,3.679500102996826,3.581249952316284,3.6465001106262207,0.0,428356000
2019-05-29,3.474764823913574,3.508500099182129,0.0,3.570499897003174,3.4735000133514404,3.535249948501587,0.0,559800000
2019-05-30,3.4482412338256836,3.477750062942505,0.004,3.543750047683716,3.4392499923706055,3.5077500343322754,0.0,394300000
2019-05-31,3.357764959335327,3.3864998817443848,0.0,3.4962499141693115,3.3847498893737793,3.428499937057495,0.0,389720000
2019-06-03,3.316121816635132,3.3445000648498535,0.0,3.4367499351501465,3.315000057220459,3.397749900817871,0.0,478644000
2019-06-04,3.544666051864624,3.575000047683716,0.0,3.5802500247955322,3.3867499828338623,3.4089999198913574,0.0,641836000
2019-06-05,3.502031087875366,3.5320000648498535,0.0,3.654750108718872,3.495500087738037,3.649250030517578,0.0,511616000
2019-06-06,3.564000368118286,3.5945000648498535,0.0,3.6192500591278076,3.533750057220459,3.536250114440918,0.0,408140000
2019-06-07,3.6066360473632812,3.637500047683716,0.0,3.671999931335449,3.581249952316284,3.6005001068115234,0.0,348856000
2019-06-10,3.6792643070220947,3.710750102996826,0.0,3.779750108718872,3.694000005722046,3.694000005722046,0.0,402780000
2019-06-11,3.73677134513855,3.768749952316284,0.0,3.809000015258789,3.7290000915527344,3.7709999084472656,0.0,383872000
2019-06-12,3.6239871978759766,3.6549999713897705,0.0,3.731250047683716,3.6397500038146973,3.7249999046325684,0.0,358892000
2019-06-13,3.675050735473633,3.7065000534057617,0.0,3.7249999046325684,3.6594998836517334,3.6772499084472656,0.0,308080000
2019-06-14,3.5853188037872314,3.615999937057495,0.0,3.6372499465942383,3.571000099182129,3.6127500534057617,0.0,394428000
2019-06-17,3.5949854850769043,3.6257500648498535,0.0,3.6630001068115234,3.591249942779541,3.6142499446868896,0.0,276040000
2019-06-18,3.789569616317749,3.822000026702881,0.0,3.8777499198913574,3.676500082015991,3.6875,0.0,581920000
2019-06-19,3.795520067214966,3.828000068664551,0.0,3.86899995803833,3.8017499446868896,3.8575000762939453,0.0,331644000
2019-06-20,3.8198108673095703,3.8524999618530273,0.0,3.9332499504089355,3.8380000591278076,3.919250011444092,0.0,350168000
2019-06-21,3.761807918548584,3.7939999103546143,0.0,3.88700008392334,3.7874999046325684,3.8375000953674316,0.0,434428000
2019-06-24,3.784116744995117,3.816499948501587,0.0,3.846250057220459,3.7679998874664307,3.815500020980835,0.0,282948000
2019-06-25,3.754866600036621,3.7869999408721924,0.0,3.8970000743865967,3.784250020980835,3.821500062942505,0.0,311868000
2019-06-26,3.9477169513702393,3.9814999103546143,0.0,4.043000221252441,3.902250051498413,3.915250062942505,0.0,584072000
2019-06-27,4.0461249351501465,4.080749988555908,0.0,4.099999904632568,4.031499862670898,4.067749977111816,0.0,445440000
2019-06-28,4.070913791656494,4.10575008392334,0.0,4.134250164031982,4.058750152587891,4.125,0.0,397668000
2019-07-01,4.119001388549805,4.154250144958496,0.0,4.348750114440918,4.116499900817871,4.3142499923706055,0.0,709756000
2019-07-02,4.021337032318115,4.055749893188477,0.0,4.158750057220459,4.042500019073486,4.137499809265137,0.0,400228000
2019-07-03,4.034225940704346,4.068749904632568,0.0,4.085000038146973,4.008500099182129,4.079249858856201,0.0,246636000
2019-07-05,3.971761703491211,4.0057501792907715,0.0,4.014500141143799,3.941999912261963,4.010000228881836,0.0,396552000
2019-07-08,3.8969016075134277,3.9302499294281006,0.0,3.964750051498413,3.9000000953674316,3.9457499980926514,0.0,329788000
2019-07-09,3.899380683898926,3.9327499866485596,0.0,3.9609999656677246,3.875,3.8877499103546143,0.0,342860000
2019-07-10,3.967547655105591,4.001500129699707,0.0,4.0592498779296875,3.9625000953674316,3.9765000343322754,0.0,452076000
2019-07-11,4.121728897094727,4.1570000648498535,0.0,4.197999954223633,4.037499904632568,4.074999809265137,0.0,682560000
2019-07-12,4.154696941375732,4.190249919891357,0.0,4.261750221252441,4.184999942779541,4.184999942779541,0.0,506392000
2019-07-15,4.146267890930176,4.1817498207092285,0.0,4.227749824523926,4.153250217437744,4.21150016784668,0.0,289840000
2019-07-16,4.1415581703186035,4.177000045776367,0.0,4.204249858856201,4.120999813079834,4.166749954223633,0.0,341444000
2019-07-17,4.206750392913818,4.24275016784668,0.0,4.249750137329102,4.149250030517578,4.178750038146973,0.0,348204000
2019-07-18,4.218400955200195,4.254499912261963,0.0,4.317749977111816,4.196249961853027,4.2532501220703125,0.0,442192000
2019-07-19,4.175268173217773,4.210999965667725,0.0,4.299499988555908,4.204999923706055,4.293000221252441,0.0,344896000
2019-07-22,4.2466583251953125,4.2829999923706055,0.0,4.296000003814697,4.224999904632568,4.232500076293945,0.0,315940000
2019-07-23,4.354238986968994,4.391499996185303,0.0,4.393499851226807,4.3067498207092285,4.322500228881836,0.0,428176000
2019-07-24,4.428600788116455,4.4664998054504395,0.0,4.472249984741211,4.358500003814697,4.434999942779541,0.0,366236000
2019-07-25,4.2977213859558105,4.334499835968018,0.0,4.4375,4.310999870300293,4.424749851226807,0.0,392700000
2019-07-26,4.339613437652588,4.3767499923706055,0.0,4.423749923706055,4.36175012588501,4.36175012588501,0.0,274160000
2019-07-29,4.333418369293213,4.370500087738037,0.0,4.386750221252441,4.281750202178955,4.369500160217285,0.0,248160000
2019-07-30,4.349032878875732,4.386250019073486,0.0,4.398499965667725,4.3092498779296875,4.323750019073486,0.0,197772000
2019-07-31,4.1822099685668945,4.2179999351501465,0.0,4.355500221252441,4.17549991607666,4.354499816894531,0.0,359416000
2019-08-01,4.088016510009766,4.123000144958496,0.0,4.319499969482422,4.070499897003174,4.228499889373779,0.0,421212000
2019-08-02,3.9955573081970215,4.029749870300293,0.0,4.0995001792907715,3.9820001125335693,4.029749870300293,0.0,428348000
2019-08-05,3.7377631664276123,3.7697501182556152,0.0,3.846250057220459,3.7225000858306885,3.8450000286102295,0.0,589156000
2019-08-06,3.776432991027832,3.8087499141693115,0.0,3.890749931335449,3.7607500553131104,3.8450000286102295,0.0,361272000
2019-08-07,3.814605712890625,3.847249984741211,0.0,3.859250068664551,3.7300000190734863,3.747499942779541,0.0,372560000
2019-08-08,3.922929048538208,3.9565000534057617,0.0,3.957750082015991,3.8475000858306885,3.905250072479248,0.0,309300000
2019-08-09,3.8217947483062744,3.8545000553131104,0.0,3.918750047683716,3.8037500381469727,3.915250062942505,0.0,341816000
2019-08-12,3.7541236877441406,3.786250114440918,0.0,3.8545000553131104,3.7642500400543213,3.802000045776367,0.0,279200000
2019-08-13,3.868147611618042,3.901249885559082,0.0,3.947499990463257,3.745500087738037,3.784749984741211,0.0,351956000
2019-08-14,3.7199156284332275,3.7517499923706055,0.0,3.8237500190734863,3.707750082015991,3.8125,0.0,419880000
2019-08-15,3.687692403793335,3.719249963760376,0.0,3.790750026702881,3.6847500801086426,3.770750045776367,0.0,477200000
2019-08-16,3.955153465270996,3.989000082015991,0.0,4.03849983215332,3.921999931335449,3.983750104904175,0.0,1007960000
2019-08-19,4.233272552490234,4.269499778747559,0.0,4.2855000495910645,4.086750030517578,4.103000164031982,0.0,815112000
2019-08-20,4.161141395568848,4.196750164031982,0.0,4.264500141143799,4.17549991607666,4.263999938964844,0.0,463188000
2019-08-21,4.2444281578063965,4.280749797821045,0.0,4.336249828338623,4.241499900817871,4.26324987411499,0.0,427244000
2019-08-22,4.250624179840088,4.2870001792907715,0.0,4.333250045776367,4.247499942779541,4.290500164031982,0.0,303488000
2019-08-23,4.026540756225586,4.060999870300293,0.0,4.264750003814697,4.040999889373779,4.210000038146973,0.0,568056000
2019-08-26,4.101154327392578,4.136250019073486,0.0,4.1645002365112305,4.097750186920166,4.140250205993652,0.0,318208000
2019-08-27,4.010677337646484,4.045000076293945,0.0,4.177499771118164,4.015500068664551,4.174749851226807,0.0,290968000
2019-08-28,4.0002570152282715,4.0304999351501465,0.004,4.083499908447266,3.9749999046325684,4.014500141143799,0.0,255612000
2019-08-29,4.143672466278076,4.175000190734863,0.0,4.207499980926514,4.11899995803833,4.122499942779541,0.0,357976000
2019-08-30,4.156327247619629,4.187749862670898,0.0,4.271500110626221,4.16949987411499,4.221499919891357,0.0,290616000
2019-09-03,4.073452472686768,4.104249954223633,0.0,4.147749900817871,4.081250190734863,4.114500045776367,0.0,296140000
2019-09-04,4.187343597412109,4.218999862670898,0.0,4.226500034332275,4.165249824523926,4.165249824523926,0.0,227728000
2019-09-05,4.459782600402832,4.493500232696533,0.0,4.499750137329102,4.320000171661377,4.321750164031982,0.0,695676000
2019-09-06,4.432736396789551,4.466249942779541,0.0,4.527249813079834,4.427999973297119,4.46999979019165,0.0,376976000
2019-09-09,4.478639125823975,4.512499809265137,0.0,4.5995001792907715,4.495999813079834,4.497499942779541,0.0,417524000
2019-09-10,4.545137882232666,4.579500198364258,0.0,4.606249809265137,4.469749927520752,4.479499816894531,0.0,352812000
2019-09-11,4.573671340942383,4.608250141143799,0.0,4.656750202178955,4.565000057220459,4.594250202178955,0.0,361512000
2019-09-12,4.5721845626831055,4.606750011444092,0.0,4.710000038146973,4.598750114440918,4.65500020980835,0.0,327840000
2019-09-13,4.514369010925293,4.548500061035156,0.0,4.577000141143799,4.504499912261963,4.539750099182129,0.0,324592000
2019-09-16,4.471445083618164,4.505249977111816,0.0,4.539999961853027,4.462500095367432,4.4730000495910645,0.0,231832000
2019-09-17,4.492783546447754,4.526750087738037,0.0,4.531000137329102,4.465250015258789,4.51200008392334,0.0,223048000
2019-09-18,4.465737342834473,4.499499797821045,0.0,4.5355000495910645,4.412499904632568,4.519750118255615,0.0,258152000
2019-09-19,4.3903069496154785,4.423500061035156,0.0,4.52400016784668,4.412749767303467,4.505499839782715,0.0,245476000
2019-09-20,4.284855365753174,4.317249774932861,0.0,4.446249961853027,4.307000160217285,4.422500133514404,0.0,350244000
2019-09-23,4.338201999664307,4.370999813079834,0.0,4.416749954223633,4.31374979019165,4.317500114440918,0.0,249712000
2019-09-24,4.280885696411133,4.3132500648498535,0.0,4.432250022888184,4.277500152587891,4.402500152587891,0.0,317268000
2019-09-25,4.422316551208496,4.455749988555908,0.0,4.475500106811523,4.267749786376953,4.312749862670898,0.0,308432000
2019-09-26,4.400233268737793,4.433499813079834,0.0,4.454750061035156,4.38224983215332,4.446000099182129,0.0,234564000
2019-09-27,4.261779308319092,4.294000148773193,0.0,4.442500114440918,4.232999801635742,4.391499996185303,0.0,362056000
2019-09-30,4.319096565246582,4.351749897003174,0.0,4.361999988555908,4.28849983215332,4.320000171661377,0.0,186184000
2019-10-01,4.317359924316406,4.349999904632568,0.0,4.525000095367432,4.345250129699707,4.375,0.0,366008000
2019-10-02,4.2935380935668945,4.326000213623047,0.0,4.340000152587891,4.2532501220703125,4.328000068664551,0.0,293372000
2019-10-03,4.498739242553711,4.532750129699707,0.0,4.539000034332275,4.300000190734863,4.33050012588501,0.0,450588000
2019-10-04,4.515114784240723,4.54925012588501,0.0,4.578750133514404,4.4695000648498535,4.534999847412109,0.0,265524000
2019-10-07,4.573671340942383,4.608250141143799,0.0,4.708499908447266,4.60575008392334,4.614500045776367,0.0,480984000
2019-10-08,4.397502422332764,4.430749893188477,0.0,4.515999794006348,4.412499904632568,4.515999794006348,0.0,444436000
2019-10-09,4.483850479125977,4.517749786376953,0.0,4.567500114440918,4.479000091552734,4.507999897003174,0.0,292412000
2019-10-10,4.541415214538574,4.57574987411499,0.0,4.626999855041504,4.510250091552734,4.515500068664551,0.0,309124000
2019-10-11,4.614860534667969,4.649750232696533,0.0,4.733500003814697,4.641250133514404,4.660250186920166,0.0,446404000
2019-10-14,4.628259181976318,4.663249969482422,0.0,4.6842498779296875,4.609749794006348,4.640999794006348,0.0,200040000
2019-10-15,4.87241268157959,4.909249782562256,0.0,4.982250213623047,4.739999771118164,4.754000186920166,0.0,664124000
2019-10-16,4.818819522857666,4.855249881744385,0.0,4.980500221252441,4.84375,4.875,0.0,428944000
2019-10-17,4.820803642272949,4.857250213623047,0.0,4.945250034332275,4.802499771118164,4.900000095367432,0.0,263436000
2019-10-18,4.726516246795654,4.762249946594238,0.0,4.890500068664551,4.6875,4.857749938964844,0.0,307440000
2019-10-21,4.8634819984436035,4.90024995803833,0.0,4.913750171661377,4.804999828338623,4.823999881744385,0.0,261868000
2019-10-22,4.853556156158447,4.890250205993652,0.0,5.0632500648498535,4.882500171661377,4.957499980926514,0.0,328720000
2019-10-23,4.840653419494629,4.8772501945495605,0.0,4.891499996185303,4.775750160217285,4.807750225067139,0.0,279916000
2019-10-24,4.8845720291137695,4.921500205993652,0.0,4.955249786376953,4.884500026702881,4.918749809265137,0.0,232020000
2019-10-25,5.075129985809326,5.113500118255615,0.0,5.134500026702881,4.994750022888184,5.002500057220459,0.0,423092000
2019-10-28,5.130959987640381,5.169750213623047,0.0,5.222499847412109,5.127999782562256,5.15749979019165,0.0,330792000
2019-10-29,5.0349345207214355,5.072999954223633,0.0,5.16225004196167,5.053500175476074,5.155749797821045,0.0,211236000
2019-10-30,5.036919593811035,5.074999809265137,0.0,5.10575008392334,5.006499767303467,5.099999904632568,0.0,205960000
2019-10-31,4.987792015075684,5.0254998207092285,0.0,5.074999809265137,4.945250034332275,5.053999900817871,0.0,209732000
2019-11-01,5.02674674987793,5.0647501945495605,0.0,5.097249984741211,4.964749813079834,4.989999771118164,0.0,283640000
2019-11-04,5.2230119705200195,5.262499809265137,0.0,5.275000095367432,5.123000144958496,5.146249771118164,0.0,376716000
2019-11-05,5.200930118560791,5.240250110626221,0.0,5.28849983215332,5.191999912261963,5.262249946594238,0.0,300868000
2019-11-06,5.151800632476807,5.1907501220703125,0.0,5.2417497634887695,5.102749824523926,5.216000080108643,0.0,269012000
2019-11-07,5.169417381286621,5.208499908447266,0.0,5.292500019073486,5.16349983215332,5.277750015258789,0.0,280340000
2019-11-08,5.155522346496582,5.194499969482422,0.0,5.226250171661377,5.153749942779541,5.191500186920166,0.0,189100000
2019-11-11,5.16544771194458,5.204500198364258,0.0,5.227749824523926,5.10699987411499,5.193749904632568,0.0,243436000
2019-11-12,5.200930118560791,5.240250110626221,0.0,5.296500205993652,5.207749843597412,5.243000030517578,0.0,283504000
2019-11-13,5.1751251220703125,5.214250087738037,0.0,5.236499786376953,5.147500038146973,5.208749771118164,0.0,300188000
2019-11-14,5.205395698547363,5.244750022888184,0.0,5.247000217437744,5.163000106811523,5.223249912261963,0.0,518080000
2019-11-15,5.066445350646973,5.104750156402588,0.0,5.29449987411499,5.015999794006348,5.242499828338623,0.0,1053628000
2019-11-18,5.267178535461426,5.307000160217285,0.0,5.333749771118164,5.094250202178955,5.097249984741211,0.0,574588000
2019-11-19,5.160733699798584,5.199749946594238,0.0,5.299499988555908,5.141250133514404,5.275750160217285,0.0,414564000
2019-11-20,5.239884376525879,5.2795000076293945,0.0,5.363749980926514,5.164000034332275,5.176750183105469,0.0,472588000
2019-11-21,5.215071678161621,5.254499912261963,0.0,5.330999851226807,5.232749938964844,5.275000095367432,0.0,288388000
2019-11-22,5.232689380645752,5.272250175476074,0.0,5.323999881744385,5.248499870300293,5.277249813079834,0.0,224100000
2019-11-25,5.488753318786621,5.530250072479248,0.0,5.535250186920166,5.388000011444092,5.401000022888184,0.0,506476000
2019-11-26,5.384293556213379,5.425000190734863,0.0,5.517250061035156,5.418499946594238,5.512499809265137,0.0,385244000
2019-11-27,5.4190568923950195,5.455999851226807,0.004,5.50124979019165,5.429500102996826,5.466750144958496,0.0,215784000
2019-11-29,5.381810665130615,5.418499946594238,0.0,5.453499794006348,5.394499778747559,5.425000190734863,0.0,141556000
2019-12-02,5.195828437805176,5.231249809265137,0.0,5.425000190734863,5.216000080108643,5.411499977111816,0.0,372036000
2019-12-03,5.156347274780273,5.191500186920166,0.0,5.195499897003174,5.009250164031982,5.046750068664551,0.0,465232000
2019-12-04,5.200048923492432,5.235499858856201,0.0,5.297999858856201,5.20674991607666,5.2754998207092285,0.0,273424000
2019-12-05,5.183164119720459,5.218500137329102,0.0,5.273250102996826,5.187749862670898,5.257500171661377,0.0,184884000
2019-12-06,5.268335819244385,5.3042497634887695,0.0,5.337250232696533,5.2779998779296875,5.288000106811523,0.0,232236000
2019-12-09,5.268335819244385,5.3042497634887695,0.0,5.359250068664551,5.272500038146973,5.28125,0.0,211880000
2019-12-10,5.313277721405029,5.3495001792907715,0.0,5.401500225067139,5.281499862670898,5.334499835968018,0.0,256388000
2019-12-11,5.3967084884643555,5.433499813079834,0.0,5.439000129699707,5.357500076293945,5.360000133514404,0.0,233796000
2019-12-12,5.563819408416748,5.601749897003174,0.0,5.619999885559082,5.395500183105469,5.4045000076293945,0.0,404348000
2019-12-13,5.561831951141357,5.59975004196167,0.0,5.7245001792907715,5.545499801635742,5.604750156402588,0.0,454704000
2019-12-16,5.590635299682617,5.628749847412109,0.0,5.701499938964844,5.6192498207092285,5.647500038146973,0.0,320976000
2019-12-17,5.668605327606201,5.707250118255615,0.0,5.730000019073486,5.638000011444092,5.647500038146973,0.0,321196000
2019-12-18,5.698897361755371,5.737750053405762,0.0,5.798500061035156,5.733749866485596,5.742249965667725,0.0,343548000
2019-12-19,5.846640586853027,5.886499881744385,0.0,5.900000095367432,5.767499923706055,5.772500038146973,0.0,445360000
2019-12-20,5.943730354309082,5.984250068664551,0.0,6.009749889373779,5.934000015258789,5.953249931335449,0.0,603044000
2019-12-23,5.930073261260986,5.9704999923706055,0.0,6.045249938964844,5.959750175476074,6.013000011444092,0.0,355060000
2019-12-24,5.925107002258301,5.9654998779296875,0.0,5.982749938964844,5.920499801635742,5.954999923706055,0.0,138864000
2019-12-26,5.939258575439453,5.979750156402588,0.0,6.007999897003174,5.949999809265137,5.968999862670898,0.0,182852000
2019-12-27,5.88165283203125,5.921750068664551,0.0,6.008500099182129,5.895249843597412,5.994999885559082,0.0,254644000
2019-12-30,5.768672466278076,5.808000087738037,0.0,5.90500020980835,5.776500225067139,5.899750232696533,0.0,258056000
2019-12-31,5.842668056488037,5.882500171661377,0.0,5.892000198364258,5.7532501220703125,5.772500038146973,0.0,231004000
2020-01-02,5.957137584686279,5.9977498054504395,0.0,5.9977498054504395,5.918000221252441,5.96875,0.0,237536000
2020-01-03,5.861788749694824,5.901750087738037,0.0,5.9457502365112305,5.852499961853027,5.877500057220459,0.0,205384000
2020-01-06,5.886369228363037,5.926499843597412,0.0,5.9317498207092285,5.781750202178955,5.808000087738037,0.0,262636000
2020-01-07,5.957634925842285,5.9982500076293945,0.0,6.044250011444092,5.909749984741211,5.954999923706055,0.0,314856000
2020-01-08,5.968807697296143,6.009500026702881,0.0,6.051000118255615,5.953750133514404,5.99399995803833,0.0,277108000
2020-01-09,6.034360885620117,6.075500011444092,0.0,6.148250102996826,6.021500110626221,6.096250057220459,0.0,255112000
2020-01-10,6.0666422843933105,6.107999801635742,0.0,6.213749885559082,6.09375,6.1832499504089355,0.0,316296000
2020-01-13,6.256844997406006,6.299499988555908,0.0,6.324749946594238,6.168749809265137,6.191500186920166,0.0,319840000
2020-01-14,6.140139579772949,6.182000160217285,0.0,6.2820000648498535,6.168749809265137,6.256499767303467,0.0,359088000
2020-01-15,6.097679615020752,6.139249801635742,0.0,6.217249870300293,6.113249778747559,6.19474983215332,0.0,263104000
2020-01-16,6.181110858917236,6.223249912261963,0.0,6.229249954223633,6.16949987411499,6.192999839782715,0.0,284192000
2020-01-17,6.1898016929626465,6.23199987411499,0.0,6.25,6.1842498779296875,6.242499828338623,0.0,253792000
2020-01-21,6.156528472900391,6.198500156402588,0.0,6.232250213623047,6.164249897003174,6.195250034332275,0.0,217916000
2020-01-22,6.210411548614502,6.252749919891357,0.0,6.339749813079834,6.224999904632568,6.24399995803833,0.0,239240000
2020-01-23,6.278696060180664,6.321499824523926,0.0,6.329999923706055,6.203750133514404,6.293000221252441,0.0,244516000
2020-01-24,6.219600200653076,6.26200008392334,0.0,6.487500190734863,6.207499980926514,6.4375,0.0,373512000
2020-01-27,5.964338302612305,6.005000114440918,0.0,6.056250095367432,5.805749893188477,5.955999851226807,0.0,470536000
2020-01-28,6.157273292541504,6.199250221252441,0.0,6.231750011444092,6.017749786376953,6.071249961853027,0.0,310976000
2020-01-29,6.096935272216797,6.138500213623047,0.0,6.2210001945495605,6.098499774932861,6.184750080108643,0.0,258848000
2020-01-30,6.103638648986816,6.145249843597412,0.0,6.158750057220459,5.985000133514404,6.040249824523926,0.0,290504000
2020-01-31,5.870726585388184,5.910749912261963,0.0,6.111249923706055,5.868750095367432,6.099249839782715,0.0,370420000
2020-02-03,5.96756649017334,6.0082502365112305,0.0,6.027750015258789,5.886250019073486,5.892499923706055,0.0,255564000
2020-02-04,6.136416435241699,6.178249835968018,0.0,6.197500228881836,6.100500106811523,6.150750160217285,0.0,271544000
2020-02-05,6.226550579071045,6.269000053405762,0.0,6.309999942779541,6.1852498054504395,6.299749851226807,0.0,208220000
2020-02-06,6.313209056854248,6.356249809265137,0.0,6.356249809265137,6.2220001220703125,6.303500175476074,0.0,218284000
2020-02-07,6.247159481048584,6.289750099182129,0.0,6.338250160217285,6.264249801635742,6.315999984741211,0.0,189752000
2020-02-10,6.5297346115112305,6.574250221252441,0.0,6.574999809265137,6.307499885559082,6.3125,0.0,529608000
2020-02-11,6.6519012451171875,6.697249889373779,0.0,6.8125,6.6207499504089355,6.683000087738037,0.0,638556000
2020-02-12,6.767365455627441,6.813499927520752,0.0,6.820000171661377,6.711249828338623,6.750249862670898,0.0,374644000
2020-02-13,6.723662376403809,6.769499778747559,0.0,6.836999893188477,6.727749824523926,6.755249977111816,0.0,528016000
2020-02-14,7.1956939697265625,7.244750022888184,0.0,7.3742499351501465,7.150000095367432,7.18149995803833,0.0,1041924000
2020-02-18,7.364047050476074,7.414249897003174,0.0,7.432750225067139,7.121500015258789,7.140999794006348,0.0,620164000
2020-02-19,7.814229488372803,7.867499828338623,0.0,7.885250091552734,7.53725004196167,7.53725004196167,0.0,694332000
2020-02-20,7.665243625640869,7.71750020980835,0.0,7.9079999923706055,7.408750057220459,7.819250106811523,0.0,810052000
2020-02-21,7.3019700050354,7.351749897003174,0.0,7.630000114440918,7.266499996185303,7.604750156402588,0.0,768180000
2020-02-24,6.78573751449585,6.831999778747559,0.0,7.046750068664551,6.699999809265137,6.754749774932861,0.0,856916000
2020-02-25,6.506889343261719,6.551249980926514,0.0,6.969749927520752,6.448999881744385,6.90749979019165,0.0,1055496000
2020-02-26,6.645941734313965,6.691249847412109,0.0,6.886250019073486,6.550000190734863,6.551499843597412,0.0,747732000
2020-02-27,6.275990962982178,6.315000057220459,0.004,6.675000190734863,6.222249984741211,6.372499942779541,0.0,906416000
2020-02-28,6.710044860839844,6.7517499923706055,0.0,6.811500072479248,6.044750213623047,6.061500072479248,0.0,1133252000
2020-03-02,6.8680596351623535,6.910749912261963,0.0,6.9397501945495605,6.525000095367432,6.922500133514404,0.0,890744000
2020-03-03,6.606190204620361,6.647250175476074,0.0,7.026750087738037,6.561500072479248,6.966750144958496,0.0,652792000
2020-03-04,7.068813800811768,7.112750053405762,0.0,7.122250080108643,6.679999828338623,6.755000114440918,0.0,597408000
2020-03-05,6.790046215057373,6.832250118255615,0.0,7.079999923706055,6.787499904632568,6.912499904632568,0.0,540328000
2020-03-06,6.609915256500244,6.651000022888184,0.0,6.709750175476074,6.449999809265137,6.6519999504089355,0.0,515412000
2020-03-09,6.098097324371338,6.136000156402588,0.0,6.485000133514404,5.954500198364258,5.997499942779541,0.0,614160000
2020-03-10,6.486681938171387,6.5269999504089355,0.0,6.5269999504089355,6.149750232696533,6.41349983215332,0.0,580648000
2020-03-11,6.123686790466309,6.161749839782715,0.0,6.414999961853027,6.0642499923706055,6.386499881744385,0.0,499964000
2020-03-12,5.374345302581787,5.407750129699707,0.0,5.9029998779296875,5.394999980926514,5.636499881744385,0.0,816540000
2020-03-13,5.98380708694458,6.020999908447266,0.0,6.0254998207092285,5.490250110626221,5.762499809265137,0.0,634836000
2020-03-16,4.879669666290283,4.909999847412109,0.0,5.652500152587891,4.849999904632568,5.3102498054504395,0.0,726972000
2020-03-17,5.398197174072266,5.4317498207092285,0.0,5.521500110626221,4.775000095367432,5.022749900817871,0.0,833632000
2020-03-18,5.039178848266602,5.070499897003174,0.0,5.248499870300293,4.517000198364258,5.002500057220459,0.0,874268000
2020-03-19,5.291361331939697,5.324250221252441,0.0,5.41825008392334,4.834750175476074,5.048999786376953,0.0,765512000
2020-03-20,5.111976623535156,5.143750190734863,0.0,5.757999897003174,5.1282501220703125,5.474999904632568,0.0,804636000
2020-03-23,5.2844038009643555,5.317249774932861,0.0,5.4120001792907715,4.9629998207092285,5.142749786376953,0.0,643876000
2020-03-24,6.191020488739014,6.229499816894531,0.0,6.316500186920166,5.701250076293945,5.724999904632568,0.0,1101644000
2020-03-25,6.102567672729492,6.140500068664551,0.0,6.545499801635742,6.0914998054504395,6.34499979019165,0.0,793432000
2020-03-26,6.391274452209473,6.431000232696533,0.0,6.555500030517578,6.25,6.348499774932861,0.0,696108000
2020-03-27,6.279221534729004,6.3182501792907715,0.0,6.578000068664551,6.2170000076293945,6.25,0.0,638828000
2020-03-30,6.598735332489014,6.639750003814697,0.0,6.64900016784668,6.339749813079834,6.383999824523926,0.0,602252000
2020-03-31,6.54929256439209,6.590000152587891,0.0,6.885000228881836,6.443749904632568,6.679999828338623,0.0,949960000
2020-04-01,6.039214134216309,6.076749801635742,0.0,6.538249969482422,6.0320000648498535,6.391250133514404,0.0,656912000
2020-04-02,6.3472981452941895,6.386750221252441,0.0,6.400000095367432,6.057750225067139,6.105999946594238,0.0,675764000
2020-04-03,6.060083389282227,6.097750186920166,0.0,6.390749931335449,5.959750175476074,6.348999977111816,0.0,663212000
2020-04-06,6.668552875518799,6.710000038146973,0.0,6.747000217437744,6.323249816894531,6.38100004196167,0.0,727884000
2020-04-07,6.4357476234436035,6.475749969482422,0.0,6.956250190734863,6.432499885559082,6.932499885559082,0.0,784520000
2020-04-08,6.6325249671936035,6.673749923706055,0.0,6.698750019073486,6.514999866485596,6.585249900817871,0.0,542444000
2020-04-09,6.533142566680908,6.573750019073486,0.0,6.822999954223633,6.510499954223633,6.800000190734863,0.0,525564000
2020-04-13,6.7045769691467285,6.746250152587891,0.0,6.755000114440918,6.425000190734863,6.513750076293945,0.0,398408000
2020-04-14,7.0548996925354,7.098750114440918,0.0,7.132999897003174,6.847249984741211,6.875,0.0,530948000
2020-04-15,6.977630615234375,7.020999908447266,0.0,7.104249954223633,6.884500026702881,6.929999828338623,0.0,366148000
2020-04-16,7.321990489959717,7.367499828338623,0.0,7.474999904632568,7.163750171661377,7.177000045776367,0.0,745620000
2020-04-17,7.262856960296631,7.308000087738037,0.0,7.471499919891357,7.173500061035156,7.449999809265137,0.0,539120000
2020-04-20,7.131921291351318,7.176249980926514,0.0,7.337500095367432,7.131750106811523,7.181000232696533,0.0,449388000
2020-04-21,6.69612979888916,6.737750053405762,0.0,7.1192498207092285,6.677750110626221,7.057750225067139,0.0,735160000
2020-04-22,7.109560966491699,7.153749942779541,0.0,7.196750164031982,6.885000228881836,6.930749893188477,0.0,483356000
2020-04-23,7.05639123916626,7.100249767303467,0.0,7.328499794006348,7.074999809265137,7.196000099182129,0.0,424160000
2020-04-24,7.195029258728027,7.239749908447266,0.0,7.2417497634887695,7.014999866485596,7.090000152587891,0.0,352328000
2020-04-27,7.381124019622803,7.427000045776367,0.0,7.587500095367432,7.349999904632568,7.374750137329102,0.0,479388000
2020-04-28,7.2390055656433105,7.283999919891357,0.0,7.605000019073486,7.278500080108643,7.574999809265137,0.0,442904000
2020-04-29,7.415410041809082,7.46150016784668,0.0,7.514500141143799,7.34375,7.419250011444092,0.0,379160000
2020-04-30,7.261863708496094,7.307000160217285,0.0,7.46150016784668,7.293000221252441,7.407249927520752,0.0,375916000
2020-05-01,7.025831699371338,7.069499969482422,0.0,7.222499847412109,7.020999908447266,7.108749866485596,0.0,342096000
2020-05-04,7.237266540527344,7.282249927520752,0.0,7.296000003814697,7.021999835968018,7.021999835968018,0.0,317556000
2020-05-05,7.298138618469238,7.343500137329102,0.0,7.506750106811523,7.282249927520752,7.386750221252441,0.0,368896000
2020-05-06,7.398763179779053,7.44474983215332,0.0,7.550000190734863,7.385250091552734,7.423250198364258,0.0,323464000
2020-05-07,7.574670791625977,7.6217498779296875,0.0,7.6852498054504395,7.5329999923706055,7.584499835968018,0.0,373732000
2020-05-08,7.764240741729736,7.8125,0.0,7.818749904632568,7.659749984741211,7.693749904632568,0.0,339216000
2020-05-11,8.015678405761719,8.065500259399414,0.0,8.112500190734863,7.778749942779541,7.807499885559082,0.0,469060000
2020-05-12,7.754303455352783,7.802499771118164,0.0,8.172499656677246,7.792749881744385,8.123499870300293,0.0,493060000
2020-05-13,7.731940746307373,7.78000020980835,0.0,8.078499794006348,7.594749927520752,7.917500019073486,0.0,625852000
2020-05-14,7.980894565582275,8.030500411987305,0.0,8.03600025177002,7.6875,7.841750144958496,0.0,602312000
2020-05-15,8.438301086425781,8.490750312805176,0.0,8.500499725341797,7.874000072479248,7.889750003814697,0.0,987660000
2020-05-18,8.696198463439941,8.750249862670898,0.0,8.916500091552734,8.680500030517578,8.760499954223633,0.0,774460000
2020-05-19,8.751108169555664,8.805500030517578,0.0,9.087499618530273,8.762749671936035,8.790249824523926,0.0,717320000
2020-05-20,8.914591789245605,8.970000267028809,0.0,9.043000221252441,8.888750076293945,8.991000175476074,0.0,587536000
2020-05-21,8.721043586730957,8.775250434875488,0.0,9.052499771118164,8.737500190734863,9.05150032043457,0.0,761068000
2020-05-22,8.970492362976074,9.026249885559082,0.0,9.093000411987305,8.713250160217285,8.825249671936035,0.0,1038764000
2020-05-26,8.663898468017578,8.71774959564209,0.0,9.181750297546387,8.67199993133545,9.156749725341797,0.0,770780000
2020-05-27,8.472588539123535,8.525250434875488,0.0,8.632749557495117,7.9967498779296875,8.625,0.0,1175892000
2020-05-28,8.434574127197266,8.487000465393066,0.0,8.760499954223633,8.379249572753906,8.412249565124512,0.0,734896000
2020-05-29,8.820673942565918,8.875499725341797,0.0,8.875499725341797,8.484999656677246,8.554499626159668,0.0,745256000
2020-06-01,8.751852035522461,8.806249618530273,0.0,8.840749740600586,8.689499855041504,8.833250045776367,0.0,389876000
2020-06-02,8.770735740661621,8.825249671936035,0.0,8.837249755859375,8.657999992370605,8.796250343322754,0.0,391320000
2020-06-03,8.715327262878418,8.769499778747559,0.0,8.866250038146973,8.699999809265137,8.822250366210938,0.0,365440000
2020-06-04,8.716323852539062,8.766500473022461,0.004,8.943249702453613,8.677499771118164,8.727999687194824,0.0,424280000
2020-06-05,8.86894416809082,8.920000076293945,0.0,8.996999740600586,8.708000183105469,8.794500350952148,0.0,481748000
2020-06-08,8.75460433959961,8.805000305175781,0.0,8.889749526977539,8.685750007629395,8.877249717712402,0.0,387736000
2020-06-09,8.994224548339844,9.045999526977539,0.0,9.109749794006348,8.751250267028809,8.800000190734863,0.0,468488000
2020-06-10,9.313138961791992,9.36674976348877,0.0,9.5,9.153499603271484,9.167750358581543,0.0,632180000
2020-06-11,8.745904922485352,8.796250343322754,0.0,9.261249542236328,8.78600025177002,9.149999618530273,0.0,583652000
2020-06-12,8.881373405456543,8.932499885559082,0.0,9.187250137329102,8.70324993133545,9.162500381469727,0.0,570908000
2020-06-15,9.121241569519043,9.173749923706055,0.0,9.182250022888184,8.743749618530273,8.815250396728516,0.0,400004000
2020-06-16,9.016594886779785,9.068499565124512,0.0,9.26675033569336,8.838749885559082,9.225000381469727,0.0,535716000
2020-06-17,9.183137893676758,9.236000061035156,0.0,9.298999786376953,9.070249557495117,9.113750457763672,0.0,408304000
2020-06-18,9.165240287780762,9.218000411987305,0.0,9.282500267028809,9.114500045776367,9.22700023651123,0.0,254408000
2020-06-19,9.208240509033203,9.261249542236328,0.0,9.444999694824219,9.227250099182129,9.242500305175781,0.0,524160000
2020-06-22,9.472221374511719,9.526749610900879,0.0,9.53125,9.273249626159668,9.300000190734863,0.0,398468000
2020-06-23,9.39591121673584,9.449999809265137,0.0,9.642499923706055,9.407500267028809,9.550999641418457,0.0,375108000
2020-06-24,9.182640075683594,9.23550033569336,0.0,9.556500434875488,9.144499778747559,9.476249694824219,0.0,449372000
2020-06-25,9.435684204101562,9.489999771118164,0.0,9.505000114440918,9.182250022888184,9.35575008392334,0.0,376072000
2020-06-26,9.102603912353516,9.154999732971191,0.0,9.5,9.125,9.5,0.0,592084000
2020-06-29,9.147345542907715,9.199999809265137,0.0,9.204500198364258,8.899999618530273,9.169750213623047,0.0,342248000
2020-06-30,9.44338607788086,9.497750282287598,0.0,9.526249885559082,9.266500473022461,9.314000129699707,0.0,367892000
2020-07-01,9.475456237792969,9.529999732971191,0.0,9.575750350952148,9.413000106811523,9.520750045776367,0.0,326648000
2020-07-02,9.557235717773438,9.612250328063965,0.0,9.737500190734863,9.57824993133545,9.638999938964844,0.0,364056000
2020-07-06,9.782937049865723,9.839249610900879,0.0,9.9087495803833,9.712499618530273,9.74174976348877,0.0,315892000
2020-07-07,9.815245628356934,9.871749877929688,0.0,10.069999694824219,9.850749969482422,9.946249961853027,0.0,357800000
2020-07-08,10.157526016235352,10.215999603271484,0.0,10.225000381469727,9.965499877929688,9.993749618530273,0.0,365480000
2020-07-09,10.44884967803955,10.508999824523926,0.0,10.569999694824219,10.233499526977539,10.380249977111816,0.0,494548000
2020-07-10,10.419271469116211,10.479249954223633,0.0,10.65524959564209,10.37874984741211,10.588749885559082,0.0,497676000
2020-07-13,9.994715690612793,10.052249908447266,0.0,10.79224967956543,10.024999618530273,10.595000267028809,0.0,457076000
2020-07-14,10.317605972290039,10.376999855041504,0.0,10.402750015258789,9.785499572753906,10.074999809265137,0.0,542676000
2020-07-15,10.168713569641113,10.227250099182129,0.0,10.432999610900879,10.055749893188477,10.414250373840332,0.0,403984000
2020-07-16,10.076743125915527,10.134750366210938,0.0,10.20674991607666,9.895500183105469,10.015000343322754,0.0,344964000
2020-07-17,10.143107414245605,10.201499938964844,0.0,10.248499870300293,10.087750434875488,10.225500106811523,0.0,266284000
2020-07-20,10.450591087341309,10.510749816894531,0.0,10.53125,10.156749725341797,10.274250030517578,0.0,284852000
2020-07-21,10.269384384155273,10.328499794006348,0.0,10.5600004196167,10.286749839782715,10.512999534606934,0.0,277036000
2020-07-22,10.379003524780273,10.438750267028809,0.0,10.602499961853027,10.291500091552734,10.367500305175781,0.0,367292000
2020-07-23,10.071769714355469,10.12975025177002,0.0,10.54699993133545,10.03125,10.449999809265137,0.0,411660000
2020-07-24,10.136150360107422,10.194499969482422,0.0,10.364749908447266,9.777000427246094,9.875,0.0,473292000
2020-07-27,10.36185359954834,10.421500205993652,0.0,10.441749572753906,10.21774959564209,10.232250213623047,0.0,292132000
2020-07-28,10.15703010559082,10.215499877929688,0.0,10.381999969482422,10.209250450134277,10.374250411987305,0.0,271636000
2020-07-29,10.405596733093262,10.465499877929688,0.0,10.516249656677246,10.347000122070312,10.39074993133545,0.0,284508000
2020-07-30,10.553252220153809,10.61400032043457,0.0,10.623000144958496,10.295249938964844,10.375,0.0,308880000
2020-07-31,10.553997039794922,10.614749908447266,0.0,10.766500473022461,10.432999610900879,10.563249588012695,0.0,386080000
2020-08-03,10.947230339050293,11.010250091552734,0.0,11.098750114440918,10.715250015258789,10.732500076293945,0.0,412720000
2020-08-04,11.163487434387207,11.227749824523926,0.0,11.227749824523926,10.906000137329102,11.050000190734863,0.0,310336000
2020-08-05,11.222147941589355,11.286749839782715,0.0,11.371749877929688,11.166250228881836,11.244000434875488,0.0,249924000
2020-08-06,11.270617485046387,11.33549976348877,0.0,11.357999801635742,11.178750038146973,11.349749565124512,0.0,244316000
2020-08-07,11.135397911071777,11.19950008392334,0.0,11.50475025177002,11.037500381469727,11.3125,0.0,342516000
2020-08-10,11.101096153259277,11.164999961853027,0.0,11.408249855041504,10.856499671936035,11.334250450134277,0.0,427796000
2020-08-11,10.7878999710083,10.850000381469727,0.0,11.136750221252441,10.79574966430664,11.073749542236328,0.0,354512000
2020-08-12,11.374770164489746,11.440250396728516,0.0,11.467000007629395,10.958250045776367,10.990750312805176,0.0,464412000
2020-08-13,11.377503395080566,11.442999839782715,0.0,11.721750259399414,11.35575008392334,11.545999526977539,0.0,374460000
2020-08-14,11.49781322479248,11.564000129699707,0.0,11.704750061035156,11.440500259399414,11.529999732971191,0.0,366436000
2020-08-17,12.266386032104492,12.336999893188477,0.0,12.409749984741211,11.81725025177002,11.851249694824219,0.0,621300000
2020-08-18,12.190574645996094,12.260749816894531,0.0,12.496000289916992,12.086250305175781,12.449999809265137,0.0,503448000
2020-08-19,12.069021224975586,12.138500213623047,0.0,12.3149995803833,12.097999572753906,12.296500205993652,0.0,622624000
2020-08-20,12.071508407592773,12.140999794006348,0.0,12.375,11.87874984741211,11.975000381469727,0.0,921388000
2020-08-21,12.610905647277832,12.683500289916992,0.0,12.80875015258789,12.195249557495117,12.201749801635742,0.0,999868000
2020-08-24,12.647443771362305,12.720250129699707,0.0,12.912500381469727,12.507499694824219,12.883749961853027,0.0,490564000
2020-08-25,12.67702579498291,12.75,0.0,12.761249542236328,12.573749542236328,12.630749702453613,0.0,289076000
2020-08-26,12.6998929977417,12.77299976348877,0.0,12.868499755859375,12.677749633789062,12.799249649047852,0.0,321244000
2020-08-27,12.555968284606934,12.628250122070312,0.0,12.850000381469727,12.566499710083008,12.781499862670898,0.0,317604000
2020-08-28,13.072498321533203,13.147749900817871,0.0,13.14799976348877,12.642499923706055,12.675000190734863,0.0,537160000
2020-08-31,13.297950744628906,13.374500274658203,0.0,13.574999809265137,13.037750244140625,13.18274974822998,0.0,500840000
2020-09-01,13.746004104614258,13.821000099182129,0.004,13.993749618530273,13.43649959564209,13.479999542236328,0.0,511316000
2020-09-02,14.26865291595459,14.346500396728516,0.0,14.726750373840332,13.899999618530273,14.703749656677246,0.0,874012000
2020-09-03,12.944875717163086,13.01550006866455,0.0,13.884499549865723,12.87874984741211,13.828749656677246,0.0,945128000
2020-09-04,12.554007530212402,12.6225004196167,0.0,13.175000190734863,11.704750061035156,12.7837495803833,0.0,1463684000
2020-09-08,11.848356246948242,11.913000106811523,0.0,12.550000190734863,11.70425033569336,11.73449993133545,0.0,795728000
2020-09-09,12.646007537841797,12.71500015258789,0.0,12.809249877929688,12.231749534606934,12.399999618530273,0.0,736200000
2020-09-10,12.24494743347168,12.311750411987305,0.0,13.065250396728516,12.166999816894531,12.989250183105469,0.0,698684000
2020-09-11,12.098492622375488,12.16450023651123,0.0,12.65250015258789,11.895750045776367,12.48550033569336,0.0,636928000
2020-09-14,12.802404403686523,12.872249603271484,0.0,13.3149995803833,12.631250381469727,13.081000328063965,0.0,1201744000
2020-09-15,12.920513153076172,12.991000175476074,0.0,13.298749923706055,12.827750205993652,13.279999732971191,0.0,727556000
2020-09-16,12.446596145629883,12.51449966430664,0.0,13.09274959564209,12.513750076293945,12.957249641418457,0.0,556384000
2020-09-17,12.395872116088867,12.463500022888184,0.0,12.589750289916992,12.034749984741211,12.13224983215332,0.0,792512000
2020-09-18,12.123108863830566,12.189249992370605,0.0,12.632499694824219,11.988750457763672,12.59375,0.0,698460000
2020-09-21,12.449328422546387,12.517250061035156,0.0,12.522500038146973,11.904500007629395,11.925000190734863,0.0,721044000
2020-09-22,12.569177627563477,12.637749671936035,0.0,12.64799976348877,12.155500411987305,12.574999809265137,0.0,646452000
2020-09-23,12.057965278625488,12.123749732971191,0.0,12.72700023651123,12.07925033569336,12.575499534606934,0.0,647012000
2020-09-24,12.280998229980469,12.347999572753906,0.0,12.569499969482422,12.013999938964844,12.072250366210938,0.0,731240000
2020-09-25,12.803895950317383,12.873749732971191,0.0,12.883500099182129,12.245750427246094,12.447500228881836,0.0,588016000
2020-09-28,12.96427059173584,13.03499984741211,0.0,13.051750183105469,12.75,13.040249824523926,0.0,573808000
2020-09-29,13.153985023498535,13.225749969482422,0.0,13.442749977111816,12.933250427246094,12.9375,0.0,621460000
2020-09-30,13.457080841064453,13.530500411987305,0.0,13.6225004196167,13.150250434875488,13.157500267028809,0.0,689184000
2020-10-01,13.540627479553223,13.614500045776367,0.0,13.762749671936035,13.460749626159668,13.758000373840332,0.0,525004000
2020-10-02,12.991374969482422,13.062250137329102,0.0,13.519499778747559,13.050999641418457,13.225000381469727,0.0,552496000
2020-10-05,13.568474769592285,13.642499923706055,0.0,13.64424991607666,13.222749710083008,13.236000061035156,0.0,479820000
2020-10-06,13.661964416503906,13.736499786376953,0.0,14.142000198364258,13.664999961853027,13.829999923706055,0.0,784420000
2020-10-07,13.88823127746582,13.96399974822998,0.0,14.119250297546387,13.863499641418457,13.999750137329102,0.0,418084000
2020-10-08,13.763659477233887,13.838749885559082,0.0,14.084500312805176,13.758000373840332,14.074999809265137,0.0,378900000
2020-10-09,13.688070297241211,13.762749671936035,0.0,13.824250221252441,13.660750389099121,13.767000198364258,0.0,346892000
2020-10-12,14.14880657196045,14.22599983215332,0.0,14.347000122070312,13.912500381469727,13.989500045776367,0.0,434744000
2020-10-13,14.170938491821289,14.248250007629395,0.0,14.34850025177002,14.018750190734863,14.296500205993652,0.0,344604000
2020-10-14,14.018767356872559,14.095250129699707,0.0,14.34274959564209,13.960000038146973,14.290499687194824,0.0,276100000
2020-10-15,13.894196510314941,13.970000267028809,0.0,14.005749702453613,13.767749786376953,13.810750007629395,0.0,267224000
2020-10-16,13.736555099487305,13.81149959564209,0.0,14.121500015258789,13.792499542236328,14.036749839782715,0.0,242392000
2020-10-19,13.424510955810547,13.497750282287598,0.0,13.983499526977539,13.406749725341797,13.902999877929688,0.0,298068000
2020-10-20,13.571459770202637,13.645500183105469,0.0,13.799750328063965,13.506999969482422,13.583499908447266,0.0,229212000
2020-10-21,13.451361656188965,13.524749755859375,0.0,13.791500091552734,13.477499961853027,13.625,0.0,219596000
2020-10-22,13.28850269317627,13.361000061035156,0.0,13.611749649047852,13.231749534606934,13.522500038146973,0.0,290480000
2020-10-23,13.516505241394043,13.590250015258789,0.0,13.593250274658203,13.291250228881836,13.449999809265137,0.0,233484000
2020-10-26,13.069942474365234,13.141249656677246,0.0,13.692749977111816,13.03849983215332,13.427000045776367,0.0,336896000
2020-10-27,13.324060440063477,13.396750450134277,0.0,13.442000389099121,13.191499710083008,13.305999755859375,0.0,250520000
2020-10-28,12.558485984802246,12.626999855041504,0.0,13.260000228881836,12.609000205993652,13.197999954223633,0.0,376520000
2020-10-29,12.95333194732666,13.02400016784668,0.0,13.192749977111816,12.75,12.838500022888184,0.0,320080000
2020-10-30,12.46599006652832,12.534000396728516,0.0,12.93649959564209,12.300000190734863,12.850000381469727,0.0,416820000
2020-11-02,12.512484550476074,12.580750465393066,0.0,12.836750030517578,12.395000457763672,12.657750129699707,0.0,299652000
2020-11-03,12.948854446411133,13.019499778747559,0.0,13.104999542236328,12.602749824523926,12.708499908447266,0.0,272900000
2020-11-04,13.719400405883789,13.794249534606934,0.0,13.827500343322754,13.336999893188477,13.389249801635742,0.0,410228000
2020-11-05,14.083168029785156,14.15999984741211,0.0,14.33899974822998,13.991000175476074,14.162500381469727,0.0,319028000
2020-11-06,14.482985496520996,14.562000274658203,0.0,14.588749885559082,13.895000457763672,14.109749794006348,0.0,383348000
2020-11-09,13.556788444519043,13.630749702453613,0.0,14.691499710083008,13.610750198364258,14.552499771118164,0.0,582976000
2020-11-10,12.700708389282227,12.770000457763672,0.0,13.606499671936035,12.628250122070312,13.606499671936035,0.0,644068000
2020-11-11,13.345192909240723,13.418000221252441,0.0,13.4350004196167,12.948249816894531,13.053750038146973,0.0,404744000
2020-11-12,13.383731842041016,13.45674991607666,0.0,13.765999794006348,13.315999984741211,13.479000091552734,0.0,365812000
2020-11-13,13.224847793579102,13.29699993133545,0.0,13.668749809265137,13.059249877929688,13.627249717712402,0.0,346312000
2020-11-16,13.441914558410645,13.515250205993652,0.0,13.649499893188477,13.156000137329102,13.172499656677246,0.0,413776000
2020-11-17,13.349417686462402,13.422249794006348,0.0,13.5962495803833,13.303750038146973,13.552499771118164,0.0,312028000
2020-11-18,13.35588264465332,13.428750038146973,0.0,13.60575008392334,13.1850004196167,13.465250015258789,0.0,510924000
2020-11-19,13.36732006072998,13.440250396728516,0.0,13.487500190734863,13.100000381469727,13.212750434875488,0.0,565936000
2020-11-20,13.01673412322998,13.087750434875488,0.0,13.494500160217285,13.0649995803833,13.454000473022461,0.0,341088000
2020-11-23,13.068700790405273,13.140000343322754,0.0,13.382499694824219,13.01550006866455,13.171250343322754,0.0,361356000
2020-11-24,12.887439727783203,12.95775032043457,0.0,13.161999702453613,12.885000228881836,13.142499923706055,0.0,346500000
2020-11-25,13.162935256958008,13.234749794006348,0.0,13.269499778747559,13.020000457763672,13.032500267028809,0.0,259916000
2020-11-27,13.189290046691895,13.261249542236328,0.0,13.407500267028809,13.170499801635742,13.375,0.0,167276000
2020-11-30,13.328781127929688,13.40149974822998,0.0,13.412500381469727,12.972249984741211,13.265000343322754,0.0,286952000
2020-12-01,13.317342758178711,13.390000343322754,0.0,13.5287504196167,13.228249549865723,13.492250442504883,0.0,296948000
2020-12-02,13.471006393432617,13.544500350952148,0.0,13.673500061035156,13.23425006866455,13.350500106811523,0.0,283360000
2020-12-03,13.327248573303223,13.395999908447266,0.004,13.65999984741211,13.329000473022461,13.587499618530273,0.0,199520000
2020-12-04,13.488664627075195,13.558250427246094,0.0,13.5600004196167,13.388750076293945,13.44849967956543,0.0,202244000
2020-12-07,13.536916732788086,13.606749534606934,0.0,13.731249809265137,13.5,13.601249694824219,0.0,223244000
2020-12-08,13.281486511230469,13.350000381469727,0.0,13.598750114440918,13.281499862670898,13.585000038146973,0.0,271920000
2020-12-09,12.864387512207031,12.930749893188477,0.0,13.413999557495117,12.868249893188477,13.30049991607666,0.0,401300000
2020-12-10,12.905673027038574,12.972249984741211,0.0,13.068750381469727,12.849499702453613,12.869000434875488,0.0,207764000
2020-12-11,12.946463584899902,13.013250350952148,0.0,13.020000457763672,12.822999954223633,12.967249870300293,0.0,209264000
2020-12-14,13.240445137023926,13.30875015258789,0.0,13.388750076293945,13.077500343322754,13.088000297546387,0.0,270156000
2020-12-15,13.291930198669434,13.36050033569336,0.0,13.46399974822998,13.186750411987305,13.439749717712402,0.0,193016000
2020-12-16,13.174535751342773,13.242500305175781,0.0,13.437250137329102,13.212499618530273,13.422499656677246,0.0,223116000
2020-12-17,13.272777557373047,13.3412504196167,0.0,13.379500389099121,13.178500175476074,13.36674976348877,0.0,231384000
2020-12-18,13.203883171081543,13.272000312805176,0.0,13.404999732971191,13.070500373840332,13.378999710083008,0.0,342064000
2020-12-21,13.263822555541992,13.332249641418457,0.0,13.369999885559082,12.967499732971191,13.074749946594238,0.0,302332000
2020-12-22,13.210103988647461,13.278249740600586,0.0,13.337249755859375,13.053999900817871,13.319250106811523,0.0,185580000
2020-12-23,12.942479133605957,13.009249687194824,0.0,13.274999618530273,13.005000114440918,13.255999565124512,0.0,179144000
2020-12-24,12.9270601272583,12.993749618530273,0.0,13.132499694824219,12.938750267028809,13.037249565124512,0.0,97884000
2020-12-28,12.833791732788086,12.899999618530273,0.0,13.0625,12.763250350952148,13.0625,0.0,212564000
2020-12-29,12.876821517944336,12.943249702453613,0.0,13.072500228881836,12.842249870300293,12.925000190734863,0.0,170372000
2020-12-30,13.07828140258789,13.145750045776367,0.0,13.213749885559082,12.896750450134277,12.990249633789062,0.0,225396000
2020-12-31,12.987998962402344,13.055000305175781,0.0,13.151000022888184,12.914999961853027,13.136500358581543,0.0,192424000
2021-01-04,13.046196937561035,13.113499641418457,0.0,13.65250015258789,12.962499618530273,13.104249954223633,0.0,560640000
2021-01-05,13.335952758789062,13.404749870300293,0.0,13.443499565124512,13.086999893188477,13.099749565124512,0.0,322760000
2021-01-06,12.549758911132812,12.614500045776367,0.0,13.244999885559082,12.586000442504883,13.22249984741211,0.0,580424000
2021-01-07,13.275513648986816,13.343999862670898,0.0,13.377750396728516,12.886500358581543,12.967499732971191,0.0,461480000
2021-01-08,13.208609580993652,13.276749610900879,0.0,13.420999526977539,13.041999816894531,13.362500190734863,0.0,292528000
2021-01-11,13.55158805847168,13.621500015258789,0.0,13.961000442504883,13.362500190734863,13.418749809265137,0.0,518344000
2021-01-12,13.415543556213379,13.484749794006348,0.0,13.754500389099121,13.345000267028809,13.7524995803833,0.0,291476000
2021-01-13,13.462300300598145,13.531749725341797,0.0,13.625,13.385000228881836,13.489999771118164,0.0,210028000
2021-01-14,13.132502555847168,13.200249671936035,0.0,13.599749565124512,13.180500030517578,13.574999809265137,0.0,283120000
2021-01-15,12.793500900268555,12.85949993133545,0.0,13.325249671936035,12.84850025177002,13.227999687194824,0.0,277780000
2021-01-19,12.958399772644043,13.025250434875488,0.0,13.093999862670898,12.843999862670898,13.016249656677246,0.0,226188000
2021-01-20,13.297151565551758,13.365750312805176,0.0,13.430500030517578,13.056750297546387,13.111749649047852,0.0,258572000
2021-01-21,13.7963285446167,13.867500305175781,0.0,13.999250411987305,13.253000259399414,13.418499946594238,0.0,337780000
2021-01-22,13.642123222351074,13.712499618530273,0.0,13.841750144958496,13.627249717712402,13.739999771118164,0.0,246820000
2021-01-25,13.583178520202637,13.653249740600586,0.0,13.828499794006348,13.236499786376953,13.781749725341797,0.0,251112000
2021-01-26,13.36629581451416,13.435250282287598,0.0,13.644749641418457,13.387499809265137,13.580499649047852,0.0,163980000
2021-01-27,12.851452827453613,12.917750358581543,0.0,13.232749938964844,12.793749809265137,13.229999542236328,0.0,371272000
2021-01-28,12.984015464782715,13.050999641418457,0.0,13.339750289916992,12.96049976348877,12.99625015258789,0.0,228316000
2021-01-29,12.923084259033203,12.989749908447266,0.0,13.334750175476074,12.911499977111816,13.074999809265137,0.0,271552000
2021-02-01,13.169063568115234,13.237000465393066,0.0,13.270750045776367,12.902750015258789,13.053250312805176,0.0,217204000
2021-02-02,13.487173080444336,13.556750297546387,0.0,13.571999549865723,13.285499572753906,13.398750305175781,0.0,220440000
2021-02-03,13.461058616638184,13.530500411987305,0.0,13.931750297546387,13.516500473022461,13.63599967956543,0.0,245408000
2021-02-04,13.594121932983398,13.664250373840332,0.0,13.673500061035156,13.337750434875488,13.531000137329102,0.0,201340000
2021-02-05,13.521245956420898,13.590999603271484,0.0,13.737250328063965,13.54574966430664,13.725000381469727,0.0,169152000
2021-02-08,14.364645957946777,14.438750267028809,0.0,14.473750114440918,13.727250099182129,13.727250099182129,0.0,434624000
2021-02-09,14.190047264099121,14.263250350952148,0.0,14.583250045776367,14.22249984741211,14.340749740600586,0.0,287560000
2021-02-10,14.688474655151367,14.764249801635742,0.0,14.904999732971191,14.341500282287598,14.463250160217285,0.0,485352000
2021-02-11,15.172477722167969,15.250749588012695,0.0,15.272250175476074,14.925000190734863,14.980250358581543,0.0,450828000
2021-02-12,14.884464263916016,14.961250305175781,0.0,15.291250228881836,14.774999618530273,15.050000190734863,0.0,374756000
2021-02-16,15.251572608947754,15.330249786376953,0.0,15.3725004196167,14.949999809265137,15.064249992370605,0.0,321960000
2021-02-17,14.829498291015625,14.906000137329102,0.0,15.22350025177002,14.779999732971191,15.170999526977539,0.0,274756000
2021-02-18,14.752894401550293,14.829000473022461,0.0,14.873250007629395,14.574999809265137,14.729000091552734,0.0,233868000
2021-02-19,14.849891662597656,14.92650032043457,0.0,15.177000045776367,14.846750259399414,15.024499893188477,0.0,271724000
2021-02-22,14.282072067260742,14.35575008392334,0.0,15.13325023651123,14.324999809265137,14.774749755859375,0.0,325884000
2021-02-23,14.069418907165527,14.142000198364258,0.0,14.238750457763672,13.38949966430664,14.075249671936035,0.0,391780000
2021-02-24,14.424586296081543,14.49899959564209,0.0,14.506750106811523,13.755999565124512,14.122750282287598,0.0,448320000
2021-02-25,13.239202499389648,13.307499885559082,0.0,14.374750137329102,13.2162504196167,14.045499801635742,0.0,824436000
2021-02-26,13.64411449432373,13.714500427246094,0.0,13.854499816894531,13.361000061035156,13.7524995803833,0.0,500932000
2021-03-01,13.770708084106445,13.841750144958496,0.0,13.925000190734863,13.553250312805176,13.875,0.0,353184000
2021-03-02,13.337446212768555,13.40625,0.0,13.920499801635742,13.395999908447266,13.899999618530273,0.0,264116000
2021-03-03,12.739030838012695,12.804750442504883,0.0,13.451499938964844,12.798749923706055,13.426250457763672,0.0,377592000
2021-03-04,12.306761741638184,12.37024974822998,0.0,12.975000381469727,12.083749771118164,12.800749778747559,0.0,573344000
2021-03-05,12.397543907165527,12.46150016784668,0.0,12.550000190734863,11.67924976348877,12.550000190734863,0.0,542840000
2021-03-08,11.533751487731934,11.593250274658203,0.0,12.4712495803833,11.566499710083008,12.449999809265137,0.0,543112000
2021-03-09,12.460293769836426,12.52025032043457,0.004,12.61674976348877,12.059249877929688,12.130249977111816,0.0,521824000
2021-03-10,12.408541679382324,12.468250274658203,0.0,12.979999542236328,12.457500457763672,12.840499877929688,0.0,384376000
2021-03-11,12.931275367736816,12.993499755859375,0.0,13.046250343322754,12.73449993133545,12.949999809265137,0.0,299916000
2021-03-12,12.794434547424316,12.855999946594238,0.0,12.888750076293945,12.59000015258789,12.648249626159668,0.0,243964000
2021-03-15,13.128077507019043,13.19124984741211,0.0,13.20674991607666,12.767250061035156,12.864749908447266,0.0,221988000
2021-03-16,13.227601051330566,13.291250228881836,0.0,13.512499809265137,13.11674976348877,13.356499671936035,0.0,272128000
2021-03-17,13.277359962463379,13.3412504196167,0.0,13.45324993133545,12.989500045776367,13.039750099182129,0.0,243864000
2021-03-18,12.661571502685547,12.72249984741211,0.0,13.184000015258789,12.717000007629395,13.136500358581543,0.0,293896000
2021-03-19,12.784235954284668,12.845749855041504,0.0,12.921500205993652,12.612500190734863,12.75,0.0,299208000
2021-03-22,13.123100280761719,13.186249732971191,0.0,13.394499778747559,12.906749725341797,12.912750244140625,0.0,297804000
2021-03-23,13.008155822753906,13.07075023651123,0.0,13.344499588012695,13.021249771118164,13.254249572753906,0.0,222048000
2021-03-24,12.582452774047852,12.642999649047852,0.0,13.159250259399414,12.636750221252441,13.151249885559082,0.0,245840000
2021-03-25,12.475217819213867,12.535249710083008,0.0,12.714750289916992,12.272000312805176,12.499500274658203,0.0,295144000
2021-03-26,12.777763366699219,12.839249610900879,0.0,12.856249809265137,12.373499870300293,12.554499626159668,0.0,363968000
2021-03-29,12.88624382019043,12.948249816894531,0.0,13.0625,12.699999809265137,12.820249557495117,0.0,273520000
2021-03-30,12.810108184814453,12.871749877929688,0.0,12.975250244140625,12.704999923706055,12.842000007629395,0.0,200204000
2021-03-31,13.28432559967041,13.348250389099121,0.0,13.470499992370605,12.982500076293945,13.01550006866455,0.0,314776000
2021-04-01,13.745606422424316,13.811750411987305,0.0,13.869999885559082,13.511249542236328,13.572250366210938,0.0,308276000
2021-04-05,13.920516014099121,13.987500190734863,0.0,14.013999938964844,13.732999801635742,13.867500305175781,0.0,255672000
2021-04-06,13.79511833190918,13.861499786376953,0.0,14.05424976348877,13.773500442504883,13.999750137329102,0.0,191744000
2021-04-07,14.075767517089844,14.143500328063965,0.0,14.243499755859375,13.71150016784668,13.880749702453613,0.0,251284000
2021-04-08,14.248437881469727,14.317000389099121,0.0,14.471500396728516,14.24899959564209,14.252750396728516,0.0,244416000
2021-04-09,14.331038475036621,14.399999618530273,0.0,14.407999992370605,14.175000190734863,14.21399974822998,0.0,195172000
2021-04-12,15.136164665222168,15.208999633789062,0.0,15.352499961853027,14.139249801635742,14.289750099182129,0.0,869324000
2021-04-13,15.604411125183105,15.679499626159668,0.0,15.699999809265137,15.125749588012695,15.231499671936035,0.0,676212000
2021-04-14,15.203840255737305,15.277000427246094,0.0,15.720499992370605,15.227499961853027,15.625,0.0,385500000
2021-04-15,16.05997085571289,16.137250900268555,0.0,16.214250564575195,15.631500244140625,15.662500381469727,0.0,598480000
2021-04-16,15.836297988891602,15.912500381469727,0.0,16.16575050354004,15.865249633789062,16.05299949645996,0.0,335208000
2021-04-19,15.288185119628906,15.361749649047852,0.0,15.807499885559082,15.232999801635742,15.536499977111816,0.0,404420000
2021-04-20,15.098596572875977,15.171250343322754,0.0,15.496999740600586,14.963000297546387,15.323249816894531,0.0,334132000
2021-04-21,15.286942481994629,15.36050033569336,0.0,15.362500190734863,15.102250099182129,15.118749618530273,0.0,216776000
2021-04-22,14.779134750366211,14.850250244140625,0.0,15.43850040435791,14.783499717712402,15.375,0.0,277788000
2021-04-23,15.192145347595215,15.265250205993652,0.0,15.335000038146973,14.900250434875488,14.934249877929688,0.0,227500000
2021-04-26,15.403878211975098,15.477999687194824,0.0,15.479000091552734,15.125,15.1850004196167,0.0,197796000
2021-04-27,15.308089256286621,15.381750106811523,0.0,15.670499801635742,15.354499816894531,15.578499794006348,0.0,164572000
2021-04-28,15.203591346740723,15.276749610900879,0.0,15.53225040435791,15.215499877929688,15.364500045776367,0.0,209416000
2021-04-29,15.251361846923828,15.324749946594238,0.0,15.43649959564209,15.071499824523926,15.399999618530273,0.0,173196000
2021-04-30,14.93761920928955,15.009499549865723,0.0,15.364999771118164,14.996999740600586,15.174500465393066,0.0,201912000
2021-05-03,14.76569938659668,14.836750030517578,0.0,15.246749877929688,14.787500381469727,15.125,0.0,203912000
2021-05-04,14.282523155212402,14.351249694824219,0.0,14.637499809265137,14.010250091552734,14.637249946594238,0.0,405324000
2021-05-05,14.389259338378906,14.458499908447266,0.0,14.81350040435791,14.387499809265137,14.708999633789062,0.0,292024000
2021-05-06,14.453451156616211,14.52299976348877,0.0,14.571249961853027,14.218000411987305,14.49524974822998,0.0,193380000
2021-05-07,14.741314888000488,14.812250137329102,0.0,14.970749855041504,14.67175006866455,14.808250427246094,0.0,229328000
2021-05-10,14.197432518005371,14.26574993133545,0.0,14.805999755859375,14.25,14.787249565124512,0.0,268904000
2021-05-11,14.237739562988281,14.306249618530273,0.0,14.35474967956543,13.75,13.824999809265137,0.0,285584000
2021-05-12,13.692612648010254,13.758500099182129,0.0,14.260250091552734,13.709250450134277,14.009499549865723,0.0,303408000
2021-05-13,13.599808692932129,13.665249824523926,0.0,14.080750465393066,13.458999633789062,14.0337495803833,0.0,285404000
2021-05-14,14.174793243408203,14.243000030517578,0.0,14.32800006866455,13.748499870300293,13.890000343322754,0.0,258616000
2021-05-17,14.097661972045898,14.165499687194824,0.0,14.169249534606934,13.853500366210938,14.156999588012695,0.0,216980000
2021-05-18,13.948628425598145,14.01574993133545,0.0,14.404250144958496,14.003999710083008,14.267000198364258,0.0,186256000
2021-05-19,13.99838924407959,14.065750122070312,0.0,14.079500198364258,13.54325008392334,13.566499710083008,0.0,344000000
2021-05-20,14.542524337768555,14.612500190734863,0.0,14.68375015258789,14.270500183105469,14.302499771118164,0.0,321592000
2021-05-21,14.919954299926758,14.99174976348877,0.0,15.222000122070312,14.869500160217285,15.163749694824219,0.0,672992000
2021-05-24,15.537235260009766,15.612000465393066,0.0,15.744999885559082,15.175999641418457,15.212499618530273,0.0,554816000
2021-05-25,15.57281494140625,15.647749900817871,0.0,15.818499565124512,15.482500076293945,15.765999794006348,0.0,435408000
2021-05-26,15.624813079833984,15.699999809265137,0.0,15.793749809265137,15.586250305175781,15.73425006866455,0.0,370440000
2021-05-27,15.413827896118164,15.48799991607666,0.0,15.75,15.460000038146973,15.699749946594238,0.0,581476000
2021-05-28,16.166706085205078,16.24449920654297,0.0,16.27750015258789,15.50100040435791,15.50100040435791,0.0,644536000
2021-06-01,16.18661117553711,16.26449966430664,0.0,16.38825035095215,15.903249740600586,16.270000457763672,0.0,472804000
2021-06-02,16.697898864746094,16.778249740600586,0.0,16.918750762939453,16.23550033569336,16.25225067138672,0.0,594168000
2021-06-03,16.88848114013672,16.969749450683594,0.0,17.259000778198242,16.58300018310547,16.70075035095215,0.0,580008000
2021-06-04,17.494068145751953,17.578250885009766,0.0,17.660999298095703,17.095500946044922,17.112499237060547,0.0,617120000
2021-06-07,17.534622192382812,17.618999481201172,0.0,17.8125,17.192750930786133,17.571250915527344,0.0,575756000
2021-06-08,17.37339973449707,17.457000732421875,0.0,17.62150001525879,17.250999450683594,17.527250289916992,0.0,323848000
2021-06-09,17.27908706665039,17.35824966430664,0.004,17.575000762939453,17.25575065612793,17.515750885009766,0.0,381656000
2021-06-10,17.345531463623047,17.424999237060547,0.0,17.492000579833984,17.176000595092773,17.350000381469727,0.0,287772000
2021-06-11,17.74394989013672,17.82525062561035,0.0,17.939250946044922,17.443750381469727,17.47949981689453,0.0,416308000
2021-06-14,17.93657112121582,18.018749237060547,0.0,18.039499282836914,17.662750244140625,17.9060001373291,0.0,321376000
2021-06-15,17.70736312866211,17.78849983215332,0.0,18.016250610351562,17.72800064086914,17.915000915527344,0.0,243032000
2021-06-16,17.729013442993164,17.81024932861328,0.0,17.954750061035156,17.58449935913086,17.79075050354004,0.0,307124000
2021-06-17,18.57215690612793,18.657249450683594,0.0,18.834999084472656,17.756250381469727,17.774499893188477,0.0,809656000
2021-06-18,18.553743362426758,18.638750076293945,0.0,19.375,18.583999633789062,18.784000396728516,0.0,968856000
2021-06-21,18.343204498291016,18.427249908447266,0.0,18.536500930786133,17.822750091552734,18.43524932861328,0.0,672384000
2021-06-22,18.80060386657715,18.886749267578125,0.0,18.9637508392334,18.38599967956543,18.471500396728516,0.0,580144000
2021-06-23,18.9703311920166,19.057249069213867,0.0,19.15275001525879,18.90774917602539,19.007749557495117,0.0,332356000
2021-06-24,19.117908477783203,19.20549964904785,0.0,19.420000076293945,19.08824920654297,19.227750778198242,0.0,320924000
2021-06-25,18.944202423095703,19.0310001373291,0.0,19.345500946044922,18.894500732421875,19.280500411987305,0.0,278364000
2021-06-28,19.893856048583984,19.985000610351562,0.0,20.078750610351562,19.319000244140625,19.361249923706055,0.0,495436000
2021-06-29,19.935409545898438,20.026750564575195,0.0,20.0987491607666,19.656999588012695,19.88249969482422,0.0,367632000
2021-06-30,19.911273956298828,20.002500534057617,0.0,20.162500381469727,19.863750457763672,19.999250411987305,0.0,326568000
2021-07-01,20.11981773376465,20.211999893188477,0.0,20.45599937438965,20.018999099731445,20.125,0.0,480136000
2021-07-02,20.393558502197266,20.48699951171875,0.0,20.505250930786133,20.287750244140625,20.440250396728516,0.0,342764000
2021-07-06,20.604095458984375,20.69849967956543,0.0,20.841999053955078,20.350250244140625,20.737499237060547,0.0,446708000
2021-07-07,20.27883529663086,20.371749877929688,0.0,20.875,20.332000732421875,20.853500366210938,0.0,418428000
2021-07-08,19.811975479125977,19.90275001525879,0.0,20.132999420166016,19.70075035095215,19.85650062561035,0.0,503300000
2021-07-09,19.95880699157715,20.050249099731445,0.0,20.080249786376953,19.754249572753906,19.962499618530273,0.0,296624000
2021-07-12,20.418943405151367,20.512500762939453,0.0,20.53274917602539,20.1877498626709,20.239999771118164,0.0,321984000
2021-07-13,20.157644271850586,20.25,0.0,20.46125030517578,20.11400032043457,20.40049934387207,0.0,290708000
2021-07-14,19.751001358032227,19.84149932861328,0.0,20.417749404907227,19.752750396728516,20.357749938964844,0.0,380100000
2021-07-15,18.879741668701172,18.966249465942383,0.0,19.847000122070312,18.85849952697754,19.811750411987305,0.0,550564000
2021-07-16,18.07816505432129,18.160999298095703,0.0,19.156999588012695,18.072999954223633,19.030500411987305,0.0,688224000
2021-07-19,18.694095611572266,18.77975082397461,0.0,19.04199981689453,17.86549949645996,17.915250778198242,0.0,749060000
2021-07-20,18.527109146118164,18.61199951171875,0.0,18.83799934387207,18.163999557495117,18.729999542236328,4.0,434687000
2021-07-21,19.321474075317383,19.40999984741211,0.0,19.527000427246094,18.742000579833984,18.881999969482422,0.0,371017000
2021-07-22,19.504634857177734,19.5939998626709,0.0,19.886999130249023,19.275999069213867,19.642000198364258,0.0,323826000
2021-07-23,19.468801498413086,19.558000564575195,0.0,19.700000762939453,19.25,19.6560001373291,0.0,195672000
2021-07-26,19.206003189086914,19.29400062561035,0.0,19.441999435424805,18.913999557495117,19.31100082397461,0.0,203943000
2021-07-27,19.120399475097656,19.20800018310547,0.0,19.621999740600586,18.740999221801758,19.264999389648438,0.0,248863000
2021-07-28,19.41404914855957,19.503000259399414,0.0,19.645999908447266,18.9950008392334,19.319000244140625,0.0,202191000
2021-07-29,19.572324752807617,19.66200065612793,0.0,19.85300064086914,19.327999114990234,19.518999099731445,0.0,190781000
2021-07-30,19.410072326660156,19.499000549316406,0.0,19.6299991607666,19.26300048828125,19.417999267578125,0.0,183497000
2021-08-02,19.65992546081543,19.75,0.0,19.961000442504883,19.361000061035156,19.700000762939453,0.0,217444000
2021-08-03,19.72463035583496,19.815000534057617,0.0,20.222000122070312,19.219999313354492,19.739999771118164,0.0,301811000
2021-08-04,20.18153190612793,20.27400016784668,0.0,20.31800079345703,19.827999114990234,19.989999771118164,0.0,231309000
2021-08-05,20.542879104614258,20.636999130249023,0.0,20.732999801635742,20.341999053955078,20.5,0.0,211435000
2021-08-06,20.273115158081055,20.365999221801758,0.0,20.56999969482422,20.209999084472656,20.52400016784668,0.0,178497000
2021-08-09,20.202434539794922,20.295000076293945,0.0,20.507999420166016,20.14299964904785,20.445999145507812,0.0,146443000
2021-08-10,19.845077514648438,19.93600082397461,0.0,20.43000030517578,19.834999084472656,20.32200050354004,0.0,179238000
2021-08-11,19.609155654907227,19.698999404907227,0.0,20.048999786376953,19.43000030517578,20.042999267578125,0.0,185925000
2021-08-12,19.814218521118164,19.905000686645508,0.0,20.02899932861328,19.6200008392334,19.8700008392334,0.0,151652000
2021-08-13,20.095930099487305,20.187999725341797,0.0,20.214000701904297,19.85099983215332,19.905000686645508,0.0,183063000
2021-08-16,19.8590087890625,19.950000762939453,0.0,20.28700065612793,19.452999114990234,20.135000228881836,0.0,210876000
2021-08-17,19.36925506591797,19.45800018310547,0.0,19.770000457763672,19.267000198364258,19.684999465942383,0.0,204585000
2021-08-18,18.953163146972656,19.040000915527344,0.0,19.634000778198242,19.0,19.5,0.0,285913000
2021-08-19,19.707706451416016,19.79800033569336,0.0,20.4950008392334,18.761999130249023,19.493999481201172,0.0,766555000
2021-08-20,20.7210636138916,20.81599998474121,0.0,20.864999771118164,19.933000564575195,19.990999221801758,0.0,675741000
2021-08-23,21.85785484313965,21.95800018310547,0.0,21.996999740600586,20.950000762939453,20.97100067138672,0.0,575807000
2021-08-24,21.693603515625,21.792999267578125,0.0,21.958999633789062,21.53499984741211,21.753000259399414,0.0,297299000
2021-08-25,22.1116886138916,22.21299934387207,0.0,22.469999313354492,21.722000122070312,21.73699951171875,0.0,347701000
2021-08-26,21.96735191345215,22.06800079345703,0.0,22.34000015258789,21.790000915527344,22.200000762939453,0.0,237940000
2021-08-27,22.53276252746582,22.63599967956543,0.0,22.722000122070312,22.16699981689453,22.18400001525879,0.0,304722000
2021-08-30,22.584524154663086,22.687999725341797,0.0,23.042999267578125,22.551000595092773,22.829999923706055,0.0,262580000
2021-08-31,22.286832809448242,22.385000228881836,0.004,22.69499969482422,22.1200008392334,22.69499969482422,0.0,259850000
2021-09-01,22.342588424682617,22.44099998474121,0.0,22.69700050354004,22.35700035095215,22.485000610351562,0.0,201767000
2021-09-02,22.297786712646484,22.395999908447266,0.0,22.593000411987305,22.295000076293945,22.51799964904785,0.0,187834000
2021-09-03,22.742822647094727,22.843000411987305,0.0,22.986000061035156,22.200000762939453,22.325000762939453,0.0,280532000
2021-09-07,22.562620162963867,22.66200065612793,0.0,22.89900016784668,22.52199935913086,22.83300018310547,0.0,198107000
2021-09-08,22.241039276123047,22.339000701904297,0.0,22.610000610351562,21.976999282836914,22.51300048828125,0.0,254434000
2021-09-09,22.079748153686523,22.177000045776367,0.0,22.538000106811523,22.131000518798828,22.312000274658203,0.0,196856000
2021-09-10,22.37942886352539,22.47800064086914,0.0,22.625999450683594,22.270000457763672,22.347999572753906,0.0,248376000
2021-09-13,22.054859161376953,22.152000427246094,0.0,22.964000701904297,21.857999801635742,22.68400001525879,0.0,297500000
2021-09-14,22.14446449279785,22.242000579833984,0.0,22.40999984741211,22.086000442504883,22.274999618530273,0.0,199755000
2021-09-15,22.243026733398438,22.340999603271484,0.0,22.367000579833984,21.965999603271484,22.30900001525879,0.0,166538000
2021-09-16,22.14446449279785,22.242000579833984,0.0,22.277000427246094,21.927000045776367,22.183000564575195,0.0,156033000
2021-09-17,21.8039608001709,21.899999618530273,0.0,22.320999145507812,21.829999923706055,22.299999237060547,0.0,294503000
2021-09-20,21.02041244506836,21.113000869750977,0.0,21.433000564575195,20.66200065612793,21.145999908447266,0.0,349440000
2021-09-21,21.152828216552734,21.246000289916992,0.0,21.424999237060547,20.950000762939453,21.41699981689453,0.0,204688000
2021-09-22,21.844783782958984,21.94099998474121,0.0,21.959999084472656,21.195999145507812,21.365999221801758,0.0,268726000
2021-09-23,22.383411407470703,22.48200035095215,0.0,22.53499984741211,21.889999389648438,22.139999389648438,0.0,248555000
2021-09-24,21.98416519165039,22.08099937438965,0.0,22.14900016784668,21.861000061035156,22.06999969482422,0.0,217655000
2021-09-27,21.56501579284668,21.65999984741211,0.0,21.798999786376953,21.325000762939453,21.709999084472656,0.0,245215000
2021-09-28,20.608226776123047,20.698999404907227,0.0,21.41900062561035,20.650999069213867,21.214000701904297,0.0,343069000
2021-09-29,20.427030563354492,20.517000198364258,0.0,21.017000198364258,20.466999053955078,20.940000534057617,0.0,218394000
2021-09-30,20.625158309936523,20.715999603271484,0.0,21.06599998474121,20.687999725341797,20.76799964904785,0.0,221009000
2021-10-01,20.65104103088379,20.742000579833984,0.0,20.858999252319336,20.202999114990234,20.75,0.0,240978000
2021-10-04,19.645469665527344,19.73200035095215,0.0,20.54199981689453,19.55500030517578,20.503999710083008,0.0,345635000
2021-10-05,20.36131477355957,20.451000213623047,0.0,20.648000717163086,19.854000091552734,19.950000762939453,0.0,279282000
2021-10-06,20.609222412109375,20.700000762939453,0.0,20.719999313354492,20.079999923706055,20.1200008392334,0.0,297202000
2021-10-07,20.982582092285156,21.075000762939453,0.0,21.32200050354004,20.972000122070312,21.091999053955078,0.0,256919000
2021-10-08,20.739648818969727,20.83099937438965,0.0,21.20599937438965,20.774999618530273,21.10099983215332,0.0,151258000
2021-10-11,20.6042423248291,20.69499969482422,0.0,21.062999725341797,20.51099967956543,20.575000762939453,0.0,163388000
2021-10-12,20.580352783203125,20.67099952697754,0.0,21.05699920654297,20.527999877929688,20.827999114990234,0.0,162134000
2021-10-13,20.847177505493164,20.93899917602539,0.0,20.989999771118164,20.71299934387207,20.917999267578125,0.0,180652000
2021-10-14,21.650636672973633,21.746000289916992,0.0,21.7549991607666,21.121999740600586,21.288000106811523,0.0,243589000
2021-10-15,21.766128540039062,21.86199951171875,0.0,21.930999755859375,21.66200065612793,21.809999465942383,0.0,226994000
2021-10-18,22.124555587768555,22.222000122070312,0.0,22.291000366210938,21.643999099731445,21.749000549316406,0.0,189494000
2021-10-19,22.192251205444336,22.290000915527344,0.0,22.378999710083008,22.03700065612793,22.275999069213867,0.0,161473000
2021-10-20,22.006074905395508,22.10300064086914,0.0,22.433000564575195,21.98200035095215,22.30500030517578,0.0,146276000
2021-10-21,22.592485427856445,22.691999435424805,0.0,22.711000442504883,22.08300018310547,22.097000122070312,0.0,187590000
2021-10-22,22.626340866088867,22.72599983215332,0.0,23.1299991607666,22.56100082397461,22.822999954223633,0.0,249384000
2021-10-25,23.064409255981445,23.166000366210938,0.0,23.354999542236328,22.770000457763672,22.972999572753906,0.0,230235000
2021-10-26,24.608610153198242,24.716999053955078,0.0,25.259000778198242,23.923999786376953,23.98900032043457,0.0,485898000
2021-10-27,24.343772888183594,24.451000213623047,0.0,25.09000015258789,24.281999588012695,24.474000930786133,0.0,245990000
2021-10-28,24.831621170043945,24.94099998474121,0.0,24.950000762939453,24.523000717163086,24.878000259399414,0.0,234204000
2021-10-29,25.45488166809082,25.566999435424805,0.0,25.708999633789062,25.0,25.000999450683594,0.0,292503000
2021-11-01,25.713741302490234,25.82699966430664,0.0,25.893999099731445,25.226999282836914,25.64900016784668,0.0,265740000
2021-11-02,26.28522300720215,26.400999069213867,0.0,26.67799949645996,25.799999237060547,25.82200050354004,0.0,294112000
2021-11-03,26.481359481811523,26.597999572753906,0.0,26.784000396728516,26.235000610351562,26.670000076293945,0.0,239910000
2021-11-04,29.670312881469727,29.801000595092773,0.0,31.364999771118164,27.118000030517578,27.229000091552734,0.0,1153631000
2021-11-05,29.621524810791016,29.75200080871582,0.0,31.399999618530273,29.40999984741211,30.187000274658203,0.0,851260000
2021-11-08,30.668914794921875,30.804000854492188,0.0,31.100000381469727,29.906999588012695,30.14900016784668,0.0,503101000
2021-11-09,30.52256202697754,30.656999588012695,0.0,32.310001373291016,29.964000701904297,32.28200149536133,0.0,646746000
2021-11-10,29.329816818237305,29.458999633789062,0.0,30.850000381469727,28.777999877929688,29.356000900268555,0.0,636206000
2021-11-11,30.256729125976562,30.389999389648438,0.0,30.59000015258789,29.777000427246094,30.468000411987305,0.0,332172000
2021-11-12,30.256729125976562,30.389999389648438,0.0,30.68000030517578,29.6299991607666,30.010000228881836,0.0,413054000
2021-11-15,29.893335342407227,30.024999618530273,0.0,30.643999099731445,29.246999740600586,30.552000045776367,0.0,384909000
2021-11-16,30.0705509185791,30.202999114990234,0.0,30.389999389648438,29.70599937438965,29.759000778198242,0.0,264484000
2021-11-17,29.13268280029297,29.26099967956543,0.0,30.509000778198242,28.799999237060547,30.417999267578125,0.0,428508000
2021-11-18,31.536096572875977,31.674999237060547,0.0,32.7599983215332,31.320999145507812,32.367000579833984,0.0,781711000
2021-11-19,32.840362548828125,32.98500061035156,0.0,33.0880012512207,31.905000686645508,32.24300003051758,0.0,533867000
2021-11-22,31.81586265563965,31.95599937438965,0.0,34.64699935913086,31.899999618530273,33.516998291015625,0.0,754335000
2021-11-23,31.606788635253906,31.746000289916992,0.0,32.36000061035156,30.8799991607666,31.53499984741211,0.0,532163000
2021-11-24,32.53071212768555,32.67399978637695,0.0,32.85499954223633,30.92799949645996,31.461000442504883,0.0,435162000
2021-11-26,31.36484718322754,31.503000259399414,0.0,32.709999084472656,31.350000381469727,32.599998474121094,0.0,283069000
2021-11-29,33.22962951660156,33.375999450683594,0.0,33.4119987487793,32.0359992980957,32.36600112915039,0.0,454964000
2021-11-30,32.5327033996582,32.67599868774414,0.0,33.35300064086914,31.86400032043457,33.16899871826172,0.0,622066000
2021-12-01,31.300981521606445,31.434999465942383,0.004,33.28900146484375,31.3799991607666,33.21900177001953,0.0,484368000
2021-12-02,31.989036560058594,32.125999450683594,0.0,32.47800064086914,31.024999618530273,31.214000701904297,0.0,472890000
2021-12-03,30.56214714050293,30.69300079345703,0.0,32.12900161743164,30.1299991607666,32.0,0.0,544325000
2021-12-06,29.908937454223633,30.03700065612793,0.0,30.240999221801758,28.038000106811523,29.8799991607666,0.0,658938000
2021-12-07,32.288761138916016,32.426998138427734,0.0,32.44900131225586,30.650999069213867,30.957000732421875,0.0,593053000
2021-12-08,31.69031524658203,31.826000213623047,0.0,32.290000915527344,31.42099952697754,31.999000549316406,0.0,475551000
2021-12-09,30.36000633239746,30.489999771118164,0.0,32.20500183105469,30.42799949645996,31.733999252319336,0.0,488507000
2021-12-10,30.069255828857422,30.197999954223633,0.0,31.30500030517578,29.861000061035156,31.149999618530273,0.0,488825000
2021-12-13,28.04093360900879,28.160999298095703,0.0,30.29400062561035,28.115999221801758,30.249000549316406,0.0,598344000
2021-12-14,28.216188430786133,28.336999893188477,0.0,28.67799949645996,27.25,27.698999404907227,0.0,667035000
2021-12-15,30.329145431518555,30.458999633789062,0.0,30.5,27.83799934387207,28.399999618530273,0.0,698297000
2021-12-16,28.265975952148438,28.386999130249023,0.0,31.15999984741211,28.093000411987305,31.152000427246094,0.0,707366000
2021-12-17,27.68247413635254,27.801000595092773,0.0,28.922000885009766,27.760000228881836,27.985000610351562,0.0,713758000
2021-12-20,27.6008243560791,27.7189998626709,0.0,28.143999099731445,27.145000457763672,27.30500030517578,0.0,461847000
2021-12-21,28.951045989990234,29.075000762939453,0.0,29.1200008392334,27.400999069213867,28.374000549316406,0.0,524385000
2021-12-22,29.274654388427734,29.399999618530273,0.0,29.55500030517578,28.448999404907227,28.891000747680664,0.0,395184000
2021-12-23,29.513628005981445,29.639999389648438,0.0,30.05900001525879,29.430999755859375,29.7549991607666,0.0,343022000
2021-12-27,30.813068389892578,30.94499969482422,0.0,31.086999893188477,29.639999389648438,29.65999984741211,0.0,403686000
2021-12-28,30.192726135253906,30.32200050354004,0.0,31.329999923706055,30.011999130249023,31.312000274658203,0.0,420591000
2021-12-29,29.873090744018555,30.000999450683594,0.0,30.54800033569336,29.365999221801758,30.273000717163086,0.0,343139000
2021-12-30,29.45986557006836,29.586000442504883,0.0,30.457000732421875,29.540000915527344,29.82699966430664,0.0,308864000
2021-12-31,29.285608291625977,29.410999298095703,0.0,30.030000686645508,29.33099937438965,29.673999786376953,0.0,266530000
2022-01-03,29.99258041381836,30.121000289916992,0.0,30.711000442504883,29.78499984741211,29.815000534057617,0.0,391547000
2022-01-04,29.165124893188477,29.290000915527344,0.0,30.468000411987305,28.349000930786133,30.277000427246094,0.0,527154000
2022-01-05,27.48631477355957,27.604000091552734,0.0,29.416000366210938,27.533000946044922,28.948999404907227,0.0,498064000
2022-01-06,28.057870864868164,28.17799949645996,0.0,28.437999725341797,27.065000534057617,27.639999389648438,0.0,454186000
2022-01-07,27.13083267211914,27.246999740600586,0.0,28.422000885009766,27.05699920654297,28.141000747680664,0.0,409939000
2022-01-10,27.283180236816406,27.399999618530273,0.0,27.4689998626709,25.643999099731445,26.58099937438965,0.0,594681000
2022-01-11,27.69840431213379,27.816999435424805,0.0,28.065000534057617,26.839000701904297,27.322999954223633,0.0,404089000
2022-01-12,27.879629135131836,27.999000549316406,0.0,28.594999313354492,27.607999801635742,28.066999435424805,0.0,383413000
2022-01-13,26.46170425415039,26.575000762939453,0.0,28.479999542236328,26.49799919128418,28.378999710083008,0.0,540171000
2022-01-14,26.82713508605957,26.941999435424805,0.0,27.19700050354004,26.209999084472656,26.299999237060547,0.0,395832000
2022-01-18,25.792566299438477,25.902999877929688,0.0,26.63800048828125,25.770000457763672,26.260000228881836,0.0,424270000
2022-01-19,24.960128784179688,25.066999435424805,0.0,26.542999267578125,25.052000045776367,26.07900047302246,0.0,488315000
2022-01-20,24.047039031982422,24.149999618530273,0.0,25.57900047302246,24.077999114990234,25.304000854492188,0.0,435181000
2022-01-21,23.27434730529785,23.374000549316406,0.0,24.822999954223633,23.26300048828125,23.506999969482422,0.0,718958000
2022-01-24,23.272354125976562,23.371999740600586,0.0,23.3799991607666,20.88800048828125,22.329999923706055,0.0,913982000
2022-01-25,22.228824615478516,22.323999404907227,0.0,22.94300079345703,22.0,22.54599952697754,0.0,664616000
2022-01-26,22.674909591674805,22.77199935913086,0.0,24.05699920654297,22.299999237060547,23.239999771118164,0.0,755959000
2022-01-27,21.850440979003906,21.944000244140625,0.0,23.9950008392334,21.674999237060547,23.56800079345703,0.0,573353000
2022-01-28,22.74262237548828,22.84000015258789,0.0,22.857999801635742,21.29599952697754,22.011999130249023,0.0,543774000
2022-01-31,24.381607055664062,24.486000061035156,0.0,24.509000778198242,23.052000045776367,23.18199920654297,0.0,564680000
2022-02-01,24.532957077026367,24.63800048828125,0.0,25.145000457763672,23.889999389648438,25.104000091552734,0.0,518925000
2022-02-02,25.134387969970703,25.242000579833984,0.0,25.816999435424805,24.55299949645996,25.79400062561035,0.0,543419000
2022-02-03,23.845901489257812,23.947999954223633,0.0,25.07699966430664,23.780000686645508,24.45800018310547,0.0,410178000
2022-02-04,24.215322494506836,24.319000244140625,0.0,24.635000228881836,23.631999969482422,23.972000122070312,0.0,354829000
2022-02-07,24.622573852539062,24.72800064086914,0.0,25.18199920654297,24.20199966430664,24.371999740600586,0.0,376868000
2022-02-08,25.000953674316406,25.107999801635742,0.0,25.229999542236328,23.979999542236328,24.358999252319336,0.0,410359000
2022-02-09,26.59114646911621,26.704999923706055,0.0,26.725000381469727,25.35300064086914,25.621999740600586,0.0,524282000
2022-02-10,25.71390151977539,25.823999404907227,0.0,26.924999237060547,25.600000381469727,25.9950008392334,0.0,513200000
2022-02-11,23.846899032592773,23.948999404907227,0.0,26.152000427246094,23.773000717163086,25.916000366210938,0.0,605472000
2022-02-14,24.16353988647461,24.267000198364258,0.0,24.875,23.7549991607666,23.93400001525879,0.0,440424000
2022-02-15,26.382043838500977,26.4950008392334,0.0,26.545000076293945,24.784000396728516,24.948999404907227,0.0,699869000
2022-02-16,26.397974014282227,26.51099967956543,0.0,26.582000732421875,25.552000045776367,26.259000778198242,0.0,732676000
2022-02-17,24.402517318725586,24.506999969482422,0.0,25.78499984741211,24.165000915527344,25.6299991607666,0.0,810595000
2022-02-18,23.541208267211914,23.642000198364258,0.0,24.986000061035156,23.100000381469727,24.667999267578125,0.0,761255000
2022-02-22,23.2902774810791,23.389999389648438,0.0,24.06399917602539,23.0,23.03499984741211,0.0,633422000
2022-02-23,22.291555404663086,22.386999130249023,0.0,24.155000686645508,22.301000595092773,23.802000045776367,0.0,566511000
2022-02-24,23.64675521850586,23.74799919128418,0.0,23.799999237060547,20.889999389648438,21.014999389648438,0.0,735801000
2022-02-25,24.05400848388672,24.156999588012695,0.0,24.216999053955078,23.381000518798828,23.72100067138672,0.0,528866000
2022-02-28,24.281036376953125,24.385000228881836,0.0,24.665000915527344,23.707000732421875,23.992000579833984,0.0,477319000
2022-03-01,23.376911163330078,23.476999282836914,0.0,24.37700080871582,23.131999969482422,24.291000366210938,0.0,412056000
2022-03-02,24.120851516723633,24.219999313354492,0.004,24.409000396728516,23.415000915527344,23.756000518798828,0.0,389642000
2022-03-03,23.616926193237305,23.714000701904297,0.0,24.326000213623047,23.4689998626709,24.261999130249023,0.0,365095000
2022-03-04,22.842105865478516,22.93600082397461,0.0,23.68000030517578,22.48200035095215,23.384000778198242,0.0,431415000
2022-03-07,21.264585494995117,21.351999282836914,0.0,23.033000946044922,21.329999923706055,22.816999435424805,0.0,450821000
2022-03-08,21.42593002319336,21.513999938964844,0.0,22.37299919128418,20.649999618530273,21.30900001525879,0.0,557467000
2022-03-09,22.91978645324707,23.013999938964844,0.0,23.219999313354492,22.246999740600586,22.386999130249023,0.0,492742000
2022-03-10,22.56524658203125,22.658000946044922,0.0,22.788000106811523,21.881999969482422,22.5310001373291,0.0,428066000
2022-03-11,22.0095272064209,22.100000381469727,0.0,23.145000457763672,22.04599952697754,23.02199935913086,0.0,367209000
2022-03-14,21.242679595947266,21.329999923706055,0.0,22.261999130249023,21.159000396728516,21.868999481201172,0.0,385354000
2022-03-15,22.878957748413086,22.972999572753906,0.0,23.038000106811523,21.32200050354004,21.51799964904785,0.0,491996000
2022-03-16,24.395719528198242,24.496000289916992,0.0,24.597000122070312,23.172000885009766,23.5,0.0,671422000
2022-03-17,24.664615631103516,24.766000747680664,0.0,24.841999053955078,23.9060001373291,24.1200008392334,0.0,471941000
2022-03-18,26.344709396362305,26.452999114990234,0.0,26.569000244140625,24.624000549316406,24.798999786376953,0.0,730719000
2022-03-21,26.624561309814453,26.733999252319336,0.0,27.152000427246094,25.966999053955078,26.506999969482422,0.0,591727000
2022-03-22,26.415420532226562,26.52400016784668,0.0,27.238000869750977,26.07200050354004,26.726999282836914,0.0,547007000
2022-03-23,25.529062271118164,25.634000778198242,0.0,26.61199951171875,25.575000762939453,26.125999450683594,0.0,502120000
2022-03-24,28.034765243530273,28.149999618530273,0.0,28.31999969482422,25.906999588012695,26.166000366210938,0.0,877379000
2022-03-25,27.578636169433594,27.691999435424805,0.0,28.357999801635742,27.270999908447266,27.88599967956543,0.0,579016000
2022-03-28,28.103485107421875,28.2189998626709,0.0,28.25,27.20599937438965,27.756000518798828,0.0,425494000
2022-03-29,28.5386905670166,28.6560001373291,0.0,28.945999145507812,27.979999542236328,28.69499969482422,0.0,488984000
2022-03-30,27.576642990112305,27.690000534057617,0.0,28.496000289916992,27.503000259399414,28.304000854492188,0.0,463487000
2022-03-31,27.174297332763672,27.285999298095703,0.0,28.24799919128418,27.270000457763672,27.781999588012695,0.0,523440000
2022-04-01,26.602645874023438,26.711999893188477,0.0,27.496000289916992,26.267000198364258,27.375,0.0,517235000
2022-04-04,27.247997283935547,27.360000610351562,0.0,27.558000564575195,26.613000869750977,26.72800064086914,0.0,397120000
2022-04-05,25.824844360351562,25.930999755859375,0.0,27.319000244140625,25.81999969482422,27.253999710083008,0.0,436615000
2022-04-06,24.307085037231445,24.406999588012695,0.0,25.299999237060547,24.003000259399414,24.93400001525879,0.0,703833000
2022-04-07,24.10890007019043,24.20800018310547,0.0,24.722000122070312,23.47800064086914,24.44099998474121,0.0,557992000
2022-04-08,23.02435874938965,23.118999481201172,0.0,23.92300033569336,23.062000274658203,23.91699981689453,0.0,524781000
2022-04-11,21.827274322509766,21.91699981689453,0.0,22.31999969482422,21.65999984741211,22.214000701904297,0.0,575207000
2022-04-12,21.415964126586914,21.503999710083008,0.0,22.725000381469727,21.281999588012695,22.53700065612793,0.0,662258000
2022-04-13,22.112104415893555,22.202999114990234,0.0,22.5,21.454999923706055,21.72800064086914,0.0,516943000
2022-04-14,21.170974731445312,21.257999420166016,0.0,22.777000427246094,21.163000106811523,22.5049991607666,0.0,569097000
2022-04-18,21.69382667541504,21.783000946044922,0.0,22.08799934387207,21.07900047302246,21.200000762939453,0.0,525701000
2022-04-19,22.107131958007812,22.197999954223633,0.0,22.37299919128418,21.31399917602539,21.719999313354492,0.0,512781000
2022-04-20,21.39405632019043,21.48200035095215,0.0,22.670000076293945,21.200000762939453,22.517000198364258,0.0,468974000
2022-04-21,20.100378036499023,20.183000564575195,0.0,22.392000198364258,20.0,21.708999633789062,0.0,656209000
2022-04-22,19.435110092163086,19.514999389648438,0.0,20.486000061035156,19.5,20.30299949645996,0.0,624713000
2022-04-25,19.820526123046875,19.902000427246094,0.0,19.94499969482422,19.09600067138672,19.20199966430664,0.0,641566000
2022-04-26,18.711090087890625,18.788000106811523,0.0,19.788000106811523,18.670000076293945,19.718000411987305,0.0,653143000
2022-04-27,18.33961296081543,18.415000915527344,0.0,19.16699981689453,18.290000915527344,18.597999572753906,0.0,499460000
2022-04-28,19.70101547241211,19.781999588012695,0.0,20.03700065612793,18.489999771118164,18.966999053955078,0.0,570327000
2022-04-29,18.4710750579834,18.547000885009766,0.0,20.128000259399414,18.517000198364258,19.402000427246094,0.0,500435000
2022-05-02,19.453041076660156,19.533000946044922,0.0,19.573999404907227,18.391000747680664,18.541000366210938,0.0,572049000
2022-05-03,19.52175521850586,19.601999282836914,0.0,19.825000762939453,19.132999420166016,19.399999618530273,0.0,475751000
2022-05-04,20.250757217407227,20.333999633789062,0.0,20.399999618530273,18.750999450683594,19.92300033569336,0.0,648855000
2022-05-05,18.766857147216797,18.8439998626709,0.0,19.924999237060547,18.5,19.867000579833984,0.0,626331000
2022-05-06,18.598548889160156,18.674999237060547,0.0,19.511999130249023,17.989999771118164,18.736000061035156,0.0,633297000
2022-05-09,16.880613327026367,16.950000762939453,0.0,18.2549991607666,16.82699966430664,18.034000396728516,0.0,644455000
2022-05-10,17.52297019958496,17.594999313354492,0.0,18.197999954223633,17.024999618530273,17.68899917602539,0.0,761474000
2022-05-11,16.561922073364258,16.6299991607666,0.0,17.753000259399414,16.56800079345703,17.347000122070312,0.0,670167000
2022-05-12,16.10878562927246,16.174999237060547,0.0,16.788000106811523,15.567000389099121,16.2189998626709,0.0,708728000
2022-05-13,17.633516311645508,17.70599937438965,0.0,17.92799949645996,16.593000411987305,16.788000106811523,0.0,670437000
2022-05-16,17.193323135375977,17.263999938964844,0.0,17.788000106811523,17.106000900268555,17.509000778198242,0.0,521446000
2022-05-17,18.102590560913086,18.177000045776367,0.0,18.371000289916992,17.634000778198242,18.073999404907227,0.0,585830000
2022-05-18,16.8686580657959,16.937999725341797,0.0,18.118000030517578,16.86400032043457,17.704999923706055,0.0,545161000
2022-05-19,17.053897857666016,17.124000549316406,0.0,17.687000274658203,16.733999252319336,16.937000274658203,0.0,621310000
2022-05-20,16.625659942626953,16.694000244140625,0.0,17.40999984741211,15.755000114440918,17.332000732421875,0.0,739105000
2022-05-23,16.828824996948242,16.898000717163086,0.0,16.915000915527344,16.179000854492188,16.27400016784668,0.0,639889000
2022-05-24,16.087865829467773,16.15399932861328,0.0,16.597000122070312,15.779999732971191,16.510000228881836,0.0,588550000
2022-05-25,16.90550994873047,16.975000381469727,0.0,17.111000061035156,16.0,16.020000457763672,0.0,781132000
2022-05-26,17.777923583984375,17.85099983215332,0.0,18.091999053955078,16.02199935913086,16.035999298095703,0.0,996575000
2022-05-27,18.733993530273438,18.81100082397461,0.0,18.881000518798828,18.100000381469727,18.18600082397461,0.0,738379000
2022-05-31,18.595565795898438,18.672000885009766,0.0,19.200000762939453,18.350000381469727,18.979999542236328,0.0,664100000
2022-06-01,18.24500274658203,18.31999969482422,0.0,19.05299949645996,18.121999740600586,18.724000930786133,0.0,544514000
2022-06-02,19.511791229248047,19.591999053955078,0.0,19.618999481201172,18.197999954223633,18.29199981689453,0.0,648656000
2022-06-03,18.64336585998535,18.719999313354492,0.0,19.332000732421875,18.52199935913086,19.082000732421875,0.0,598779000
2022-06-06,18.709095001220703,18.785999298095703,0.0,19.336999893188477,18.56399917602539,19.138999938964844,0.0,422406000
2022-06-07,18.848526000976562,18.926000595092773,0.0,19.0,18.187999725341797,18.472000122070312,0.0,388914000
2022-06-08,18.575590133666992,18.648000717163086,0.004,19.18000030517578,18.53499984741211,18.798999786376953,0.0,363252000
2022-06-09,17.97791290283203,18.04800033569336,0.0,18.933000564575195,18.041000366210938,18.481000900268555,0.0,395574000
2022-06-10,16.90808868408203,16.974000930786133,0.0,17.69700050354004,16.868999481201172,17.600000381469727,0.0,465248000
2022-06-13,15.586238861083984,15.647000312805176,0.0,16.312000274658203,15.605999946594238,16.0,0.0,604153000
2022-06-14,15.774506568908691,15.836000442504883,0.0,16.06599998474121,15.411999702453613,15.730999946594238,0.0,469680000
2022-06-15,16.46282386779785,16.527000427246094,0.0,16.868000030517578,15.925999641418457,16.094999313354492,0.0,563936000
2022-06-16,15.54041862487793,15.60099983215332,0.0,15.942000389099121,15.401000022888184,15.859999656677246,0.0,545749000
2022-06-17,15.818333625793457,15.880000114440918,0.0,15.994999885559082,15.32800006866455,15.64799976348877,0.0,630334000
2022-06-21,16.501670837402344,16.56599998474121,0.0,17.007999420166016,16.406999588012695,16.475000381469727,0.0,483089000
2022-06-22,16.296470642089844,16.360000610351562,0.0,16.66200065612793,16.18000030517578,16.22599983215332,0.0,437135000
2022-06-23,16.1619930267334,16.225000381469727,0.0,16.584999084472656,15.852999687194824,16.518999099731445,0.0,463680000
2022-06-24,17.05949592590332,17.125999450683594,0.0,17.139999389648438,16.309999465942383,16.5,0.0,472153000
2022-06-27,16.803491592407227,16.868999481201172,0.0,17.329999923706055,16.625999450683594,17.312000274658203,0.0,427968000
2022-06-28,15.919938087463379,15.982000350952148,0.0,17.20199966430664,15.944999694824219,16.899999618530273,0.0,461149000
2022-06-29,15.481646537780762,15.541999816894531,0.0,15.819999694824219,15.170000076293945,15.814000129699707,0.0,482352000
2022-06-30,15.10013484954834,15.159000396728516,0.0,15.567000389099121,14.862000465393066,15.361000061035156,0.0,686070000
2022-07-01,14.466602325439453,14.52299976348877,0.0,15.062999725341797,14.392000198364258,14.89900016784668,0.0,577610000
2022-07-05,14.905890464782715,14.96399974822998,0.0,14.970999717712402,14.055000305175781,14.175000190734863,0.0,651397000
2022-07-06,15.071246147155762,15.130000114440918,0.0,15.319000244140625,14.788999557495117,15.010000228881836,0.0,529066000
2022-07-07,15.796420097351074,15.857999801635742,0.0,15.944999694824219,15.388999938964844,15.456000328063965,0.0,492903000
2022-07-08,15.77649974822998,15.838000297546387,0.0,16.03700065612793,15.388999938964844,15.430000305175781,0.0,467972000
2022-07-11,15.093161582946777,15.152000427246094,0.0,15.527000427246094,15.038000106811523,15.526000022888184,0.0,437321000
2022-07-12,15.023432731628418,15.081999778747559,0.0,15.430999755859375,14.876999855041504,15.267999649047852,0.0,458483000
2022-07-13,15.10511589050293,15.163999557495117,0.0,15.375,14.46500015258789,14.59000015258789,0.0,521918000
2022-07-14,15.312308311462402,15.371999740600586,0.0,15.472999572753906,14.727999687194824,15.107999801635742,0.0,456235000
2022-07-15,15.700794219970703,15.76200008392334,0.0,15.781999588012695,15.444999694824219,15.659000396728516,0.0,385935000
2022-07-18,16.03847885131836,16.10099983215332,0.0,16.89699935913086,16.00200080871582,16.302000045776367,0.0,670517000
2022-07-19,16.9260196685791,16.992000579833984,0.0,17.110000610351562,16.172000885009766,16.486000061035156,0.0,702366000
2022-07-20,17.737852096557617,17.80699920654297,0.0,17.933000564575195,16.801000595092773,16.94700050354004,0.0,760538000
2022-07-21,17.97990608215332,18.049999237060547,0.0,18.143999099731445,17.545000076293945,17.885000228881836,0.0,557049000
2022-07-22,17.251747131347656,17.319000244140625,0.0,17.966999053955078,17.136999130249023,17.89299964904785,0.0,536671000
2022-07-25,16.957889556884766,17.02400016784668,0.0,17.124000549316406,16.64900016784668,17.018999099731445,0.0,480748000
2022-07-26,16.468801498413086,16.533000946044922,0.0,16.91900062561035,16.47800064086914,16.888999938964844,0.0,397865000
2022-07-27,17.72092056274414,17.790000915527344,0.0,17.93600082397461,16.913000106811523,17.031999588012695,0.0,569776000
2022-07-28,17.914165496826172,17.983999252319336,0.0,18.139999389648438,17.440000534057617,17.975000381469727,0.0,474646000
2022-07-29,18.092470169067383,18.163000106811523,0.0,18.243999481201172,17.691999435424805,17.812999725341797,0.0,435460000
2022-08-01,18.3693904876709,18.44099998474121,0.0,18.84600067138672,17.989999771118164,18.18199920654297,0.0,476469000
2022-08-02,18.454055786132812,18.525999069213867,0.0,18.937999725341797,18.091999053955078,18.121999740600586,0.0,489527000
2022-08-03,18.81963348388672,18.89299964904785,0.0,18.968000411987305,18.136999130249023,18.18400001525879,0.0,418146000
2022-08-04,19.140382766723633,19.21500015258789,0.0,19.27400016784668,18.760000228881836,18.849000930786133,0.0,409652000
2022-08-05,18.91526222229004,18.98900032043457,0.0,19.229000091552734,18.666000366210938,18.809999465942383,0.0,386068000
2022-08-08,17.723905563354492,17.792999267578125,0.0,18.23900032043457,17.242000579833984,17.50200080871582,0.0,981859000
2022-08-09,17.0196533203125,17.086000442504883,0.0,17.44700050354004,16.724000930786133,17.25200080871582,0.0,668263000
2022-08-10,18.026723861694336,18.097000122070312,0.0,18.118000030517578,17.316999435424805,17.697999954223633,0.0,597422000
2022-08-11,17.872323989868164,17.941999435424805,0.0,18.707000732421875,17.875999450683594,18.131000518798828,0.0,509327000
2022-08-12,18.6363468170166,18.708999633789062,0.0,18.718000411987305,17.952999114990234,18.15999984741211,0.0,478094000
2022-08-15,18.958099365234375,19.031999588012695,0.0,19.163999557495117,18.613000869750977,18.701000213623047,0.0,457666000
2022-08-16,18.805686950683594,18.878999710083008,0.0,19.142000198364258,18.500999450683594,18.920000076293945,0.0,451240000
2022-08-17,18.263803482055664,18.334999084472656,0.0,18.687999725341797,18.145000457763672,18.523000717163086,0.0,446799000
2022-08-18,18.700101852416992,18.773000717163086,0.0,18.864999771118164,18.183000564575195,18.301000595092773,0.0,415447000
2022-08-19,17.779687881469727,17.849000930786133,0.0,18.520000457763672,17.770000457763672,18.4060001373291,0.0,441588000
2022-08-22,16.967851638793945,17.034000396728516,0.0,17.558000564575195,16.965999603271484,17.489999771118164,0.0,409593000
2022-08-23,17.114276885986328,17.180999755859375,0.0,17.46500015258789,16.969999313354492,16.98900032043457,0.0,369986000
2022-08-24,17.155122756958008,17.222000122070312,0.0,17.4060001373291,16.895000457763672,17.011999130249023,0.0,522661000
2022-08-25,17.843441009521484,17.913000106811523,0.0,17.94700050354004,16.83300018310547,16.8439998626709,0.0,770691000
2022-08-26,16.196855545043945,16.260000228881836,0.0,17.923999786376953,16.23699951171875,17.85700035095215,0.0,769127000
2022-08-29,15.739642143249512,15.800999641418457,0.0,16.33799934387207,15.767000198364258,16.020000457763672,0.0,496132000
2022-08-30,15.407937049865723,15.468000411987305,0.0,16.038999557495117,15.182000160217285,15.960000038146973,0.0,530181000
2022-08-31,15.035386085510254,15.093999862670898,0.0,15.539999961853027,14.958999633789062,15.383999824523926,0.0,573710000
2022-09-01,13.882881164550781,13.937000274658203,0.0,14.380000114440918,13.270000457763672,14.208999633789062,0.0,1178865000
2022-09-02,13.594006538391113,13.647000312805176,0.0,14.170999526977539,13.590999603271484,14.100000381469727,0.0,743157000
2022-09-06,13.412712097167969,13.46500015258789,0.0,13.779000282287598,13.35099983215332,13.730999946594238,0.0,535751000
2022-09-07,13.664804458618164,13.71399974822998,0.004,13.838000297546387,13.345999717712402,13.562999725341797,0.0,512657000
2022-09-08,13.93981647491455,13.989999771118164,0.0,14.008000373840332,13.369000434875488,13.458999633789062,0.0,624873000
2022-09-09,14.3353910446167,14.38700008392334,0.0,14.473999977111816,14.12600040435791,14.156999588012695,0.0,486612000
2022-09-12,14.452967643737793,14.505000114440918,0.0,14.54699993133545,14.197999954223633,14.369000434875488,0.0,484159000
2022-09-13,13.083895683288574,13.130999565124512,0.0,13.92199993133545,13.098999977111816,13.802000045776367,0.0,714956000
2022-09-14,13.08090591430664,13.128000259399414,0.0,13.289999961853027,12.913000106811523,13.253999710083008,0.0,588507000
2022-09-15,12.882620811462402,12.928999900817871,0.0,13.232999801635742,12.789999961853027,13.015000343322754,0.0,523625000
2022-09-16,13.150655746459961,13.197999954223633,0.0,13.211999893188477,12.616999626159668,12.741999626159668,0.0,670751000
2022-09-19,13.333996772766113,13.381999969482422,0.0,13.463000297546387,13.010000228881836,13.01200008392334,0.0,569685000
2022-09-20,13.128735542297363,13.175999641418457,0.0,13.482999801635742,13.057000160217285,13.21500015258789,0.0,524818000
2022-09-21,13.213432312011719,13.26099967956543,0.0,14.031000137329102,13.109999656677246,13.213000297546387,0.0,807679000
2022-09-22,12.51594066619873,12.560999870300293,0.0,13.14900016784668,12.428000450134277,13.069999694824219,0.0,759162000
2022-09-23,12.471100807189941,12.515999794006348,0.0,12.611000061035156,12.256999969482422,12.420000076293945,0.0,663309000
2022-09-26,12.184136390686035,12.227999687194824,0.0,12.659000396728516,12.21399974822998,12.491000175476074,0.0,547343000
2022-09-27,12.368471145629883,12.413000106811523,0.0,12.736000061035156,12.258000373840332,12.506999969482422,0.0,553854000
2022-09-28,12.690315246582031,12.736000061035156,0.0,12.822999954223633,12.354000091552734,12.40999984741211,0.0,542414000
2022-09-29,12.176164627075195,12.220000267028809,0.0,12.5,11.946000099182129,12.447999954223633,0.0,532763000
2022-09-30,12.09545612335205,12.138999938964844,0.0,12.633000373840332,12.074999809265137,12.086999893188477,0.0,565638000
2022-10-03,12.467118263244629,12.51200008392334,0.0,12.678000450134277,12.104999542236328,12.347000122070312,0.0,547478000
2022-10-04,13.119767189025879,13.166999816894531,0.0,13.220000267028809,12.878999710083008,12.878999710083008,0.0,584182000
2022-10-05,13.161616325378418,13.208999633789062,0.0,13.321000099182129,12.621000289916992,12.91100025177002,0.0,507131000
2022-10-06,13.082900047302246,13.130000114440918,0.0,13.656000137329102,13.102999687194824,13.220000267028809,0.0,644157000
2022-10-07,12.032681465148926,12.076000213623047,0.0,12.670000076293945,12.022000312805176,12.505000114440918,0.0,672478000
2022-10-10,11.62813663482666,11.670000076293945,0.0,12.12399959564209,11.407999992370605,12.036999702453613,0.0,698699000
2022-10-11,11.544441223144531,11.586000442504883,0.0,11.845999717712402,11.282999992370605,11.560999870300293,0.0,667482000
2022-10-12,11.458746910095215,11.5,0.0,11.734999656677246,11.345000267028809,11.579000473022461,0.0,492590000
2022-10-13,11.917098999023438,11.960000038146973,0.0,12.07800006866455,10.812999725341797,10.970999717712402,0.0,850103000
2022-10-14,11.186729431152344,11.22700023651123,0.0,12.111000061035156,11.204000473022461,12.057000160217285,0.0,713432000
2022-10-17,11.845355987548828,11.887999534606934,0.0,11.947999954223633,11.517000198364258,11.517999649047852,0.0,580774000
2022-10-18,11.924072265625,11.967000007629395,0.0,12.491999626159668,11.618000030517578,12.343999862670898,0.0,659362000
2022-10-19,12.007770538330078,12.050999641418457,0.0,12.350000381469727,11.833999633789062,11.878999710083008,0.0,523131000
2022-10-20,12.150257110595703,12.194000244140625,0.0,12.769000053405762,12.104999542236328,12.11299991607666,0.0,652398000
2022-10-21,12.421280860900879,12.465999603271484,0.0,12.498000144958496,11.88700008392334,12.097999572753906,0.0,609494000
2022-10-24,12.553805351257324,12.598999977111816,0.0,12.710000038146973,12.064000129699707,12.508000373840332,0.0,517457000
2022-10-25,13.213432312011719,13.26099967956543,0.0,13.300000190734863,12.663999557495117,12.694000244140625,0.0,505482000
2022-10-26,12.849740028381348,12.895999908447266,0.0,13.387999534606934,12.708000183105469,12.869000434875488,0.0,532953000
2022-10-27,13.128735542297363,13.175999641418457,0.0,13.838000297546387,13.121999740600586,13.630000114440918,0.0,583113000
2022-10-28,13.784377098083496,13.833999633789062,0.0,13.850000381469727,13.060999870300293,13.104000091552734,0.0,521040000
2022-10-31,13.448583602905273,13.496999740600586,0.0,13.838000297546387,13.29699993133545,13.777999877929688,0.0,486341000
2022-11-01,13.494420051574707,13.543000221252441,0.0,13.925000190734863,13.519000053405762,13.810999870300293,0.0,432817000
2022-11-02,13.171581268310547,13.218999862670898,0.0,14.210000038146973,13.211000442504883,13.850000381469727,0.0,672628000
2022-11-03,13.372856140136719,13.420999526977539,0.0,13.781000137329102,12.956000328063965,13.043000221252441,0.0,500065000
2022-11-04,14.105218887329102,14.156000137329102,0.0,14.229000091552734,13.696999549865723,13.986000061035156,0.0,612576000
2022-11-07,14.249699592590332,14.300999641418457,0.0,14.411999702453613,13.954000473022461,14.227999687194824,0.0,410061000
2022-11-08,14.549620628356934,14.60200023651123,0.0,14.890999794006348,14.215999603271484,14.800999641418457,0.0,595292000
2022-11-09,13.726584434509277,13.776000022888184,0.0,14.211000442504883,13.758999824523926,14.161999702453613,0.0,454414000
2022-11-10,15.693502426147461,15.75,0.0,15.77299976348877,14.54699993133545,14.800000190734863,0.0,700819000
2022-11-11,16.268430709838867,16.32699966430664,0.0,16.388999938964844,15.482000350952148,15.807000160217285,0.0,655487000
2022-11-14,16.236547470092773,16.295000076293945,0.0,16.540000915527344,15.92199993133545,16.218000411987305,0.0,527852000
2022-11-15,16.606216430664062,16.666000366210938,0.0,16.99799919128418,16.381999969482422,16.722000122070312,0.0,545876000
2022-11-16,15.852925300598145,15.90999984741211,0.0,16.36199951171875,15.873000144958496,16.16200065612793,0.0,649547000
2022-11-17,15.620762825012207,15.677000045776367,0.0,16.266000747680664,15.53499984741211,15.71500015258789,0.0,710894000
2022-11-18,15.35372543334961,15.409000396728516,0.0,16.00200080871582,15.119999885559082,15.965999603271484,0.0,492072000
2022-11-21,15.262055397033691,15.317000389099121,0.0,15.47700023651123,15.079999923706055,15.147000312805176,0.0,404739000
2022-11-22,15.980469703674316,16.038000106811523,0.0,16.058000564575195,15.121999740600586,15.32800006866455,0.0,472866000
2022-11-23,16.45974349975586,16.518999099731445,0.0,16.527000427246094,16.04800033569336,16.097999572753906,0.0,427241000
2022-11-25,16.211637496948242,16.270000457763672,0.0,16.48699951171875,16.172000885009766,16.31800079345703,0.0,167934000
2022-11-28,15.770223617553711,15.82699966430664,0.0,16.35700035095215,15.725000381469727,16.025999069213867,0.0,303741000
2022-11-29,15.582900047302246,15.638999938964844,0.0,15.932000160217285,15.520000457763672,15.82699966430664,0.0,298384000
2022-11-30,16.866605758666992,16.92300033569336,0.004,16.93000030517578,15.597000122070312,15.696999549865723,0.0,565298000
2022-12-01,17.077899932861328,17.135000228881836,0.0,17.264999389648438,16.635000228881836,16.999000549316406,0.0,470977000
2022-12-02,16.819765090942383,16.875999450683594,0.0,16.933000564575195,16.44499969482422,16.659000396728516,0.0,371389000
2022-12-05,16.55465316772461,16.610000610351562,0.0,16.9950008392334,16.472000122070312,16.679000854492188,0.0,352255000
2022-12-06,15.93372631072998,15.987000465393066,0.0,16.572999954223633,15.819000244140625,16.530000686645508,0.0,352694000
2022-12-07,16.066286087036133,16.1200008392334,0.0,16.18600082397461,15.666999816894531,15.772000312805176,0.0,372388000
2022-12-08,17.11178970336914,17.16900062561035,0.0,17.179000854492188,15.958999633789062,16.273000717163086,0.0,515456000
2022-12-09,16.944345474243164,17.000999450683594,0.0,17.58300018310547,16.975000381469727,17.15999984741211,0.0,465338000
2022-12-12,17.4765682220459,17.53499984741211,0.0,17.538000106811523,16.797000885009766,17.03700065612793,0.0,457328000
2022-12-13,18.01177978515625,18.07200050354004,0.0,18.790000915527344,17.711000442504883,18.5310001373291,0.0,656589000
2022-12-14,17.61510467529297,17.673999786376953,0.0,18.25200080871582,17.420000076293945,17.98699951171875,0.0,496888000
2022-12-15,16.895509719848633,16.95199966430664,0.0,17.31999969482422,16.700000762939453,17.145999908447266,0.0,478542000
2022-12-16,16.51578140258789,16.570999145507812,0.0,17.041000366210938,16.40999984741211,16.86400032043457,0.0,478232000
2022-12-19,16.199832916259766,16.253999710083008,0.0,16.608999252319336,16.145000457763672,16.57200050354004,0.0,354039000
2022-12-20,16.031402587890625,16.084999084472656,0.0,16.309999465942383,15.85200023651123,16.06399917602539,0.0,403260000
2022-12-21,16.446012496948242,16.500999450683594,0.0,16.62700080871582,16.101999282836914,16.11400032043457,0.0,325025000
2022-12-22,15.287886619567871,15.33899974822998,0.0,16.13800048828125,14.881999969482422,16.0939998626709,0.0,565045000
2022-12-23,15.155329704284668,15.206000328063965,0.0,15.33899974822998,14.883000373840332,15.196000099182129,0.0,349326000
2022-12-27,14.073946952819824,14.121000289916992,0.0,15.100000381469727,14.055999755859375,15.074000358581543,0.0,464902000
2022-12-28,13.989228248596191,14.03600025177002,0.0,14.26200008392334,13.883999824523926,13.927000045776367,0.0,351066000
2022-12-29,14.554339408874512,14.602999687194824,0.0,14.682999610900879,14.22700023651123,14.402000427246094,0.0,354923000
2022-12-30,14.565301895141602,14.61400032043457,0.0,14.628999710083008,14.232999801635742,14.333999633789062,0.0,310490000
2023-01-03,14.267297744750977,14.3149995803833,0.0,14.996000289916992,14.095999717712402,14.85099983215332,0.0,401277000
2023-01-04,14.699851989746094,14.74899959564209,0.0,14.852999687194824,14.241000175476074,14.567000389099121,0.0,431324000
2023-01-05,14.2174654006958,14.265000343322754,0.0,14.564000129699707,14.14799976348877,14.491000175476074,0.0,389168000
2023-01-06,14.80948543548584,14.859000205993652,0.0,15.010000228881836,14.034000396728516,14.473999977111816,0.0,405044000
2023-01-09,15.575922966003418,15.628000259399414,0.0,16.055999755859375,15.140999794006348,15.284000396728516,0.0,504231000
2023-01-10,15.855986595153809,15.909000396728516,0.0,15.961999893188477,15.472000122070312,15.506999969482422,0.0,384101000
2023-01-11,15.94767951965332,16.000999450683594,0.0,16.027999877929688,15.562999725341797,15.84000015258789,0.0,353285000
2023-01-12,16.455978393554688,16.51099967956543,0.0,16.636999130249023,15.491999626159668,16.100000381469727,0.0,551409000
2023-01-13,16.84268569946289,16.89900016784668,0.0,16.922000885009766,16.165000915527344,16.277999877929688,0.0,447287000
2023-01-17,17.64301109313965,17.70199966430664,0.0,17.72800064086914,16.89900016784668,16.89900016784668,0.0,511102000
2023-01-18,17.319095611572266,17.37700080871582,0.0,17.87299919128418,17.281999588012695,17.66699981689453,0.0,439624000
2023-01-19,16.70913314819336,16.764999389648438,0.0,17.19700050354004,16.731000900268555,17.035999298095703,0.0,452932000
2023-01-20,17.779556274414062,17.839000701904297,0.0,17.856000900268555,16.825000762939453,17.01099967956543,0.0,564967000
2023-01-23,19.129045486450195,19.19300079345703,0.0,19.2450008392334,17.81800079345703,18.06399917602539,0.0,655163000
2023-01-24,19.2008056640625,19.264999389648438,0.0,19.4950008392334,18.81999969482422,18.82699966430664,0.0,496204000
2023-01-25,19.258609771728516,19.322999954223633,0.0,19.3700008392334,18.579999923706055,18.913000106811523,0.0,449537000
2023-01-26,19.736013412475586,19.802000045776367,0.0,20.166000366210938,19.277999877929688,19.701000213623047,0.0,489535000
2023-01-27,20.297138214111328,20.364999771118164,0.0,20.628000259399414,19.405000686645508,19.461999893188477,0.0,542142000
2023-01-30,19.098146438598633,19.16200065612793,0.0,20.139999389648438,19.149999618530273,19.950000762939453,0.0,488611000
2023-01-31,19.47190284729004,19.53700065612793,0.0,19.687000274658203,18.950000762939453,19.170000076293945,0.0,498017000
2023-02-01,20.873214721679688,20.94300079345703,0.0,21.191999435424805,19.611000061035156,19.69099998474121,0.0,660477000
2023-02-02,21.63665771484375,21.708999633789062,0.0,21.948999404907227,20.700000762939453,21.0,0.0,564276000
2023-02-03,21.02968978881836,21.100000381469727,0.0,21.7450008392334,20.788999557495117,21.0,0.0,429366000
2023-02-06,21.018722534179688,21.089000701904297,0.0,21.56999969482422,20.785999298095703,20.805999755859375,0.0,452197000
2023-02-07,22.09911346435547,22.17300033569336,0.0,22.259000778198242,21.149999618530273,21.381999969482422,0.0,664150000
2023-02-08,22.131004333496094,22.204999923706055,0.0,22.878000259399414,22.007999420166016,22.386999130249023,0.0,559651000
2023-02-09,22.26256561279297,22.336999893188477,0.0,23.020000457763672,22.1200008392334,22.606000900268555,0.0,523876000
2023-02-10,21.194133758544922,21.264999389648438,0.0,22.077999114990234,20.81100082397461,21.690000534057617,0.0,550737000
2023-02-13,21.715394973754883,21.788000106811523,0.0,22.04800033569336,20.961999893188477,21.538000106811523,0.0,474919000
2023-02-14,22.894454956054688,22.97100067138672,0.0,23.048999786376953,21.365999221801758,21.577999114990234,0.0,675474000
2023-02-15,22.688140869140625,22.763999938964844,0.0,22.854999542236328,22.106000900268555,22.548999786376953,0.0,420575000
2023-02-16,21.928682327270508,22.00200080871582,0.0,22.549999237060547,21.927000045776367,22.132999420166016,0.0,412026000
2023-02-17,21.316734313964844,21.38800048828125,0.0,21.739999771118164,20.975000381469727,21.631000518798828,0.0,465888000
2023-02-21,20.586172103881836,20.655000686645508,0.0,21.493999481201172,20.618000030517578,21.0,0.0,410015000
2023-02-22,20.684839248657227,20.753999710083008,0.0,21.104000091552734,20.42099952697754,20.707000732421875,0.0,513184000
2023-02-23,23.58514404296875,23.663999557495117,0.0,23.88800048828125,23.024999618530273,23.440000534057617,0.0,1117995000
2023-02-24,23.208404541015625,23.285999298095703,0.0,23.474000930786133,22.94700050354004,23.225000381469727,0.0,589716000
2023-02-27,23.42268943786621,23.500999450683594,0.0,23.8799991607666,23.45400047302246,23.670000076293945,0.0,452994000
2023-02-28,23.138641357421875,23.215999603271484,0.0,23.825000762939453,23.20599937438965,23.371999740600586,0.0,455963000
2023-03-01,22.622365951538086,22.697999954223633,0.0,23.256000518798828,22.507999420166016,23.191999435424805,0.0,460026000
2023-03-02,23.236309051513672,23.31399917602539,0.0,23.3799991607666,22.43199920654297,22.488000869750977,0.0,389415000
2023-03-03,23.810388565063477,23.889999389648438,0.0,23.899999618530273,23.1299991607666,23.31999969482422,0.0,412393000
2023-03-06,23.47551155090332,23.554000854492188,0.0,24.24799919128418,23.48699951171875,23.891000747680664,0.0,437429000
2023-03-07,23.214340209960938,23.288000106811523,0.004,24.125,23.240999221801758,23.600000381469727,0.0,515154000
2023-03-08,24.10451316833496,24.180999755859375,0.0,24.200000762939453,23.423999786376953,23.48699951171875,0.0,513573000
2023-03-09,23.36186981201172,23.43600082397461,0.0,24.45400047302246,23.382999420166016,24.174999237060547,0.0,501257000
2023-03-10,22.892358779907227,22.96500015258789,0.0,23.62700080871582,22.72599983215332,23.409000396728516,0.0,474866000
2023-03-13,22.89335823059082,22.965999603271484,0.0,23.29800033569336,22.297000885009766,22.75200080871582,0.0,421890000
2023-03-14,23.986888885498047,24.062999725341797,0.0,24.2189998626709,23.459999084472656,23.496000289916992,0.0,474910000
2023-03-15,24.151371002197266,24.22800064086914,0.0,24.285999298095703,23.360000610351562,23.76099967956543,0.0,524486000
2023-03-16,25.460216522216797,25.541000366210938,0.0,25.58799934387207,23.893999099731445,24.027000427246094,0.0,583253000
2023-03-17,25.643632888793945,25.725000381469727,0.0,26.39900016784668,25.667999267578125,25.98200035095215,0.0,848547000
2023-03-20,25.81807518005371,25.899999618530273,0.0,26.02400016784668,25.1299991607666,25.614999771118164,0.0,432747000
2023-03-21,26.116132736206055,26.198999404907227,0.0,26.392000198364258,25.381000518798828,26.18000030517578,0.0,547408000
2023-03-22,26.384281158447266,26.468000411987305,0.0,27.589000701904297,26.23699951171875,26.424999237060547,0.0,797295000
2023-03-23,27.10499382019043,27.19099998474121,0.0,27.499000549316406,26.690000534057617,27.114999771118164,0.0,564889000
2023-03-24,26.694299697875977,26.77899932861328,0.0,27.16699981689453,26.354999542236328,27.0310001373291,0.0,454920000
2023-03-27,26.44708251953125,26.5310001373291,0.0,27.0,26.364999771118164,26.836999893188477,0.0,361026000
2023-03-28,26.32646369934082,26.40999984741211,0.0,26.51300048828125,25.850000381469727,26.44700050354004,0.0,356104000
2023-03-29,26.89864730834961,26.983999252319336,0.0,27.077999114990234,26.597000122070312,26.825000762939453,0.0,393694000
2023-03-30,27.29638671875,27.382999420166016,0.0,27.499000549316406,27.101999282836914,27.229000091552734,0.0,364516000
2023-03-31,27.689144134521484,27.777000427246094,0.0,27.833999633789062,27.104999542236328,27.139999389648438,0.0,433933000
2023-04-03,27.876548767089844,27.96500015258789,0.0,28.0,27.336000442504883,27.509000778198242,0.0,398716000
2023-04-04,27.366167068481445,27.452999114990234,0.0,28.0,27.30699920654297,27.965999603271484,0.0,368592000
2023-04-05,26.795970916748047,26.881000518798828,0.0,26.99799919128418,26.395000457763672,26.82900047302246,0.0,515015000
2023-04-06,26.95148277282715,27.03700065612793,0.0,27.079999923706055,26.427000045776367,26.583999633789062,0.0,397654000
2023-04-10,27.49176788330078,27.57900047302246,0.0,27.621000289916992,26.66900062561035,26.822999954223633,0.0,395279000
2023-04-11,27.08306312561035,27.16900062561035,0.0,27.790000915527344,27.125999450683594,27.724000930786133,0.0,314378000
2023-04-12,26.411197662353516,26.4950008392334,0.0,27.468000411987305,26.447999954223633,27.3700008392334,0.0,446259000
2023-04-13,26.379295349121094,26.46299934387207,0.0,26.886999130249023,26.32900047302246,26.733999252319336,0.0,353615000
2023-04-14,26.673364639282227,26.757999420166016,0.0,26.882999420166016,26.219999313354492,26.503999710083008,0.0,395660000
2023-04-17,26.916589736938477,27.00200080871582,0.0,27.006000518798828,26.433000564575195,26.565000534057617,0.0,321471000
2023-04-18,27.579486846923828,27.66699981689453,0.0,28.110000610351562,27.35700035095215,27.533000946044922,0.0,604812000
2023-04-19,27.842653274536133,27.930999755859375,0.0,28.0,27.23200035095215,27.361000061035156,0.0,358660000
2023-04-20,27.018268585205078,27.104000091552734,0.0,28.030000686645508,27.0,27.67099952697754,0.0,427713000
2023-04-21,27.033222198486328,27.118999481201172,0.0,27.183000564575195,26.722000122070312,26.95199966430664,0.0,345103000
2023-04-24,26.956466674804688,27.04199981689453,0.0,27.365999221801758,26.67099952697754,27.01300048828125,0.0,339282000
2023-04-25,26.15799903869629,26.240999221801758,0.0,27.246999740600586,26.225000381469727,27.077999114990234,0.0,378527000
2023-04-26,26.870738983154297,26.95599937438965,0.0,27.329999923706055,26.704999923706055,27.00200080871582,0.0,406337000
2023-04-27,27.13988494873047,27.22599983215332,0.0,27.4950008392334,26.625,27.363000869750977,0.0,377161000
2023-04-28,27.661230087280273,27.749000549316406,0.0,27.757999420166016,27.070999145507812,27.225000381469727,0.0,292216000
2023-05-01,28.818557739257812,28.90999984741211,0.0,29.058000564575195,27.780000686645508,27.84000015258789,0.0,570329000
2023-05-02,28.120769500732422,28.209999084472656,0.0,28.836000442504883,28.08300018310547,28.68000030517578,0.0,402730000
2023-05-03,27.714061737060547,27.802000045776367,0.0,28.367000579833984,27.472000122070312,27.84000015258789,0.0,383387000
2023-05-04,27.47481918334961,27.562000274658203,0.0,27.858999252319336,27.239999771118164,27.650999069213867,0.0,321850000
2023-05-05,28.58928680419922,28.68000030517578,0.0,28.7549991607666,27.731000900268555,27.826000213623047,0.0,361494000
2023-05-08,29.05879783630371,29.150999069213867,0.0,29.219999313354492,28.350000381469727,28.52199935913086,0.0,344979000
2023-05-09,28.480634689331055,28.570999145507812,0.0,28.972999572753906,28.450000762939453,28.89900016784668,0.0,314869000
2023-05-10,28.793636322021484,28.885000228881836,0.0,29.113000869750977,28.461000442504883,29.0049991607666,0.0,369350000
2023-05-11,28.48760414123535,28.577999114990234,0.0,28.950000762939453,28.246000289916992,28.895999908447266,0.0,322149000
2023-05-12,28.2503604888916,28.34000015258789,0.0,28.780000686645508,28.04599952697754,28.52899932861328,0.0,274222000
2023-05-15,28.861419677734375,28.952999114990234,0.0,28.9689998626709,28.152000427246094,28.507999420166016,0.0,293926000
2023-05-16,29.12059783935547,29.21299934387207,0.0,29.8700008392334,28.832000732421875,28.840999603271484,0.0,449405000
2023-05-17,30.082548141479492,30.17799949645996,0.0,30.198999404907227,29.43000030517578,29.583999633789062,0.0,432535000
2023-05-18,31.577800750732422,31.67799949645996,0.0,31.827999114990234,30.31999969482422,30.40999984741211,0.0,748725000
2023-05-19,31.165109634399414,31.263999938964844,0.0,31.579999923706055,30.916000366210938,31.535999298095703,0.0,473908000
2023-05-22,31.077394485473633,31.176000595092773,0.0,31.520000457763672,30.68000030517578,30.900999069213867,0.0,372000000
2023-05-23,30.59093475341797,30.687999725341797,0.0,31.288000106811523,30.631000518798828,31.0,0.0,356253000
2023-05-24,30.441408157348633,30.538000106811523,0.0,30.60700035095215,29.805999755859375,30.209999084472656,0.0,721419000
2023-05-25,37.85987091064453,37.97999954223633,0.0,39.47999954223633,36.6349983215332,38.52299880981445,0.0,1543911000
2023-05-26,38.82280349731445,38.94599914550781,0.0,39.16999816894531,37.54999923706055,37.88999938964844,0.0,714397000
2023-05-30,39.9841194152832,40.111000061035156,0.0,41.9379997253418,39.94900131225586,40.595001220703125,0.0,923401000
2023-05-31,37.714324951171875,37.83399963378906,0.0,40.29499816894531,37.821998596191406,39.487998962402344,0.0,1002580000
2023-06-01,39.64421081542969,39.77000045776367,0.0,40.04999923706055,38.34000015258789,38.48899841308594,0.0,635873000
2023-06-02,39.202613830566406,39.32699966430664,0.0,40.5,39.05799865722656,40.09700012207031,0.0,482731000
2023-06-05,39.04710388183594,39.17100143432617,0.0,39.564998626708984,38.707000732421875,38.909000396728516,0.0,396094000
2023-06-06,38.53173828125,38.65399932861328,0.0,39.15999984741211,38.14799880981445,38.83000183105469,0.0,388729000
2023-06-07,37.36033630371094,37.474998474121094,0.004,39.499000549316406,37.35599899291992,38.915000915527344,0.0,511998000
2023-06-08,38.39216995239258,38.5099983215332,0.0,38.86399841308594,37.505001068115234,37.7239990234375,0.0,417772000
2023-06-09,38.6513671875,38.77000045776367,0.0,39.71099853515625,38.56700134277344,39.0369987487793,0.0,427717000
2023-06-12,39.361183166503906,39.481998443603516,0.0,39.529998779296875,38.61800003051758,39.20000076293945,0.0,388701000
2023-06-13,40.896480560302734,41.02199935913086,0.0,41.10100173950195,39.7400016784668,40.18600082397461,0.0,613208000
2023-06-14,42.86543655395508,42.99700164794922,0.0,43.0,40.551998138427734,40.82400131225586,0.0,740465000
2023-06-15,42.522491455078125,42.65299987792969,0.0,43.28900146484375,42.14699935913086,42.60200119018555,0.0,568622000
2023-06-16,42.56137466430664,42.69200134277344,0.0,43.72100067138672,42.6609992980957,43.45000076293945,0.0,655709000
2023-06-20,43.67395782470703,43.80799865722656,0.0,43.9900016784668,42.67399978637695,42.99800109863281,0.0,451153000
2023-06-21,42.91328430175781,43.04499816894531,0.0,43.6150016784668,42.08000183105469,43.500999450683594,0.0,551603000
2023-06-22,42.89335250854492,43.025001525878906,0.0,43.42599868774414,42.23400115966797,42.25299835205078,0.0,417737000
2023-06-23,42.07984924316406,42.20899963378906,0.0,42.808998107910156,42.01499938964844,42.4640007019043,0.0,358140000
2023-06-26,40.50767517089844,40.63199996948242,0.0,42.763999938964844,40.099998474121094,42.46099853515625,0.0,594322000
2023-06-27,41.74787139892578,41.875999450683594,0.0,41.939998626708984,40.448001861572266,40.79899978637695,0.0,462175000
2023-06-28,40.99119567871094,41.117000579833984,0.0,41.845001220703125,40.518001556396484,40.65999984741211,0.0,582639000
2023-06-29,40.69708251953125,40.821998596191406,0.0,41.599998474121094,40.599998474121094,41.55799865722656,0.0,380514000
2023-06-30,42.17255783081055,42.301998138427734,0.0,42.54999923706055,41.500999450683594,41.68000030517578,0.0,501148000
2023-07-03,42.283226013183594,42.41299819946289,0.0,42.89799880981445,42.20199966430664,42.516998291015625,0.0,198209000
2023-07-05,42.18751907348633,42.31700134277344,0.0,43.176998138427734,42.084999084472656,42.1349983215332,0.0,323618000
2023-07-06,41.97416687011719,42.10300064086914,0.0,42.17900085449219,41.34600067138672,41.84400177001953,0.0,303582000
2023-07-07,42.372947692871094,42.50299835205078,0.0,43.2140007019043,42.18000030517578,42.321998596191406,0.0,355881000
2023-07-10,42.05093765258789,42.18000030517578,0.0,42.81100082397461,41.64899826049805,42.65700149536133,0.0,353908000
2023-07-11,42.275245666503906,42.404998779296875,0.0,42.757999420166016,42.06700134277344,42.48099899291992,0.0,298244000
2023-07-12,43.76767349243164,43.902000427246094,0.0,43.935001373291016,42.777000427246094,43.03300094604492,0.0,481277000
2023-07-13,45.8363151550293,45.97700119018555,0.0,46.154998779296875,44.492000579833984,44.518001556396484,0.0,478204000
2023-07-14,45.32987594604492,45.46900177001953,0.0,48.0880012512207,45.060001373291016,46.58300018310547,0.0,772075000
2023-07-17,46.31884002685547,46.46099853515625,0.0,46.49599838256836,45.262001037597656,46.28900146484375,0.0,510488000
2023-07-18,47.34867477416992,47.49399948120117,0.0,47.895999908447266,45.73400115966797,46.70100021362305,0.0,569164000
2023-07-19,46.932952880859375,47.07699966430664,0.0,47.81800079345703,46.742000579833984,47.4640007019043,0.0,427502000
2023-07-20,45.38071823120117,45.52000045776367,0.0,47.08700180053711,45.0620002746582,46.50699996948242,0.0,537865000
2023-07-21,44.17341995239258,44.308998107910156,0.0,45.86600112915039,44.099998474121094,45.78799819946289,0.0,963769000
2023-07-24,44.475494384765625,44.61199951171875,0.0,45.10900115966797,44.040000915527344,44.73099899291992,0.0,382516000
2023-07-25,45.53923416137695,45.67900085449219,0.0,46.18299865722656,44.92300033569336,44.941001892089844,0.0,348081000
2023-07-26,45.31292724609375,45.45199966430664,0.0,46.053001403808594,44.630001068115234,46.020999908447266,0.0,364237000
2023-07-27,45.759559631347656,45.900001525878906,0.0,47.39500045776367,45.75,46.51900100708008,0.0,455976000
2023-07-28,46.606956481933594,46.75,0.0,47.027000427246094,46.38100051879883,46.667999267578125,0.0,331194000
2023-07-31,46.58601760864258,46.729000091552734,0.0,47.130001068115234,46.50600051879883,46.75400161743164,0.0,251055000
2023-08-01,46.36469268798828,46.50699996948242,0.0,46.900001525878906,46.027000427246094,46.459999084472656,0.0,237858000
2023-08-02,44.13353729248047,44.26900100708008,0.0,45.84000015258789,43.387001037597656,45.83100128173828,0.0,530142000
2023-08-03,44.3787841796875,44.51499938964844,0.0,45.11800003051758,43.79999923706055,43.79999923706055,0.0,324176000
2023-08-04,44.54328536987305,44.68000030517578,0.0,45.641998291015625,44.393001556396484,44.98500061035156,0.0,362666000
2023-08-07,45.27803039550781,45.41699981689453,0.0,45.540000915527344,44.5629997253418,45.111000061035156,0.0,322154000
2023-08-08,44.527339935302734,44.66400146484375,0.0,45.242000579833984,44.055999755859375,44.85300064086914,0.0,353843000
2023-08-09,42.423797607421875,42.55400085449219,0.0,44.3120002746582,42.13399887084961,44.27399826049805,0.0,586449000
2023-08-10,42.2582893371582,42.38800048828125,0.0,43.57400131225586,41.834999084472656,42.15999984741211,0.0,492705000
2023-08-11,40.72998809814453,40.85499954223633,0.0,42.018001556396484,40.638999938964844,41.750999450683594,0.0,533085000
2023-08-14,43.61912155151367,43.75299835205078,0.0,43.79999923706055,40.31100082397461,40.486000061035156,0.0,690286000
2023-08-15,43.80554962158203,43.939998626708984,0.0,45.268001556396484,43.709999084472656,44.560001373291016,0.0,676512000
2023-08-16,43.352943420410156,43.486000061035156,0.0,44.67499923706055,43.40599822998047,44.52000045776367,0.0,527451000
2023-08-17,43.21137619018555,43.34400177001953,0.0,44.0620002746582,43.000999450683594,43.970001220703125,0.0,452395000
2023-08-18,43.16651153564453,43.29899978637695,0.0,43.577999114990234,41.65999984741211,42.6349983215332,0.0,583768000
2023-08-21,46.82329177856445,46.96699905395508,0.0,47.064998626708984,44.22200012207031,44.49399948120117,0.0,692573000
2023-08-22,45.528263092041016,45.667999267578125,0.0,48.1870002746582,45.33300018310547,48.1349983215332,0.0,755293000
2023-08-23,46.971832275390625,47.11600112915039,0.0,47.20000076293945,45.20800018310547,45.86600112915039,0.0,779046000
2023-08-24,47.01869201660156,47.16299819946289,0.0,50.26599884033203,47.159000396728516,50.215999603271484,0.0,1156044000
2023-08-25,45.877193450927734,46.018001556396484,0.0,47.80500030517578,45.02399826049805,47.012001037597656,0.0,925341000
2023-08-28,46.69169235229492,46.834999084472656,0.0,46.97999954223633,44.88800048828125,46.481998443603516,0.0,685192000
2023-08-29,48.634727478027344,48.784000396728516,0.0,49.08100128173828,46.39099884033203,46.66600036621094,0.0,701397000
2023-08-30,49.113258361816406,49.263999938964844,0.0,49.926998138427734,48.42499923706055,49.04399871826172,0.0,735206000
2023-08-31,49.203983306884766,49.35499954223633,0.0,49.74399948120117,48.95800018310547,49.380001068115234,0.0,528570000
2023-09-01,48.360565185546875,48.50899887084961,0.0,49.79999923706055,48.141998291015625,49.762001037597656,0.0,463830000
2023-09-05,48.39945602416992,48.54800033569336,0.0,48.85100173950195,47.86000061035156,48.222999572753906,0.0,382653000
2023-09-06,46.92086410522461,47.06100082397461,0.004,48.54899978637695,46.58000183105469,48.441001892089844,0.0,468670000
2023-09-07,46.10331344604492,46.24100112915039,0.0,46.34400177001953,45.152000427246094,45.525001525878906,0.0,433330000
2023-09-08,45.43629837036133,45.571998596191406,0.0,46.60599899291992,45.270999908447266,45.94200134277344,0.0,473069000
2023-09-11,45.04347229003906,45.178001403808594,0.0,46.16299819946289,44.3120002746582,46.14799880981445,0.0,473966000
2023-09-12,44.736385345458984,44.869998931884766,0.0,45.67300033569336,44.53099822998047,44.737998962402344,0.0,349256000
2023-09-13,45.349552154541016,45.48500061035156,0.0,45.93000030517578,44.50299835205078,44.599998474121094,0.0,398355000
2023-09-14,45.44527816772461,45.58100128173828,0.0,45.98699951171875,45.13100051879883,45.95000076293945,0.0,370097000
2023-09-15,43.769283294677734,43.900001525878906,0.0,45.5989990234375,43.80799865722656,45.340999603271484,0.0,506831000
2023-09-18,43.835086822509766,43.965999603271484,0.0,44.242000579833984,42.0,42.74800109863281,0.0,500271000
2023-09-19,43.390403747558594,43.52000045776367,0.0,43.965999603271484,43.00199890136719,43.83300018310547,0.0,373064000
2023-09-20,42.11322021484375,42.23899841308594,0.0,43.90299987792969,42.222999572753906,43.599998474121094,0.0,367108000
2023-09-21,40.89486312866211,41.016998291015625,0.0,42.099998474121094,40.97999954223633,41.58300018310547,0.0,450736000
2023-09-22,41.4860954284668,41.61000061035156,0.0,42.1150016784668,41.23099899291992,41.571998596191406,0.0,479236000
2023-09-25,42.09627914428711,42.22200012207031,0.0,42.5359992980957,41.176998138427734,41.590999603271484,0.0,419091000
2023-09-26,41.786197662353516,41.9109992980957,0.0,42.81999969482422,41.654998779296875,42.000999450683594,0.0,402282000
2023-09-27,42.34154510498047,42.46799850463867,0.0,42.87200164794922,41.62900161743164,42.33000183105469,0.0,444935000
2023-09-28,42.960697174072266,43.0890007019043,0.0,43.44599914550781,42.1150016784668,42.459999084472656,0.0,424663000
2023-09-29,43.369476318359375,43.499000549316406,0.0,44.14400100708008,43.30699920654297,43.82699966430664,0.0,397830000
2023-10-02,44.648651123046875,44.78200149536133,0.0,45.17499923706055,43.861000061035156,44.029998779296875,0.0,433298000
2023-10-03,43.38740921020508,43.516998291015625,0.0,45.130001068115234,43.24599838256836,44.80799865722656,0.0,470850000
2023-10-04,43.90985870361328,44.04100036621094,0.0,44.143001556396484,43.29199981689453,43.742000579833984,0.0,361821000
2023-10-05,44.554935455322266,44.6879997253418,0.0,44.900001525878906,43.88800048828125,44.04999923706055,0.0,393483000
2023-10-06,45.625736236572266,45.762001037597656,0.0,45.78900146484375,44.0260009765625,44.19300079345703,0.0,434436000
2023-10-09,45.13818359375,45.27299880981445,0.0,45.60499954223633,44.36800003051758,44.84199905395508,0.0,409675000
2023-10-10,45.6616325378418,45.79800033569336,0.0,46.25899887084961,45.0880012512207,45.310001373291016,0.0,368582000
2023-10-11,46.666629791259766,46.805999755859375,0.0,46.85900115966797,46.04999923706055,46.19599914550781,0.0,378137000
2023-10-12,46.805213928222656,46.94499969482422,0.0,47.60900115966797,46.33000183105469,46.777000427246094,0.0,481325000
2023-10-13,45.32563018798828,45.46099853515625,0.0,47.11600112915039,45.279998779296875,46.959999084472656,0.0,474115000
2023-10-16,45.957740783691406,46.095001220703125,0.0,46.224998474121094,44.9119987487793,45.0629997253418,0.0,375099000
2023-10-17,43.807159423828125,43.9379997253418,0.0,44.75400161743164,42.47999954223633,44.0,0.0,812333000
2023-10-18,42.07035827636719,42.19599914550781,0.0,43.21900177001953,41.82500076293945,42.590999603271484,0.0,627294000
2023-10-19,41.97563552856445,42.10100173950195,0.0,43.297000885009766,41.88199996948242,42.81100082397461,0.0,501233000
2023-10-20,41.263763427734375,41.387001037597656,0.0,42.470001220703125,41.077999114990234,41.88999938964844,0.0,477266000
2023-10-23,42.84703063964844,42.974998474121094,0.0,43.24800109863281,40.94499969482422,41.229000091552734,0.0,478530000
2023-10-24,43.532981872558594,43.66299819946289,0.0,43.696998596191406,42.691001892089844,43.07699966430664,0.0,401463000
2023-10-25,41.65459060668945,41.77899932861328,0.0,43.650001525878906,41.55500030517578,43.39799880981445,0.0,398379000
2023-10-26,40.20591354370117,40.32600021362305,0.0,42.25600051879883,39.880001068115234,41.85300064086914,0.0,541001000
2023-10-27,40.3794059753418,40.5,0.0,41.20600128173828,40.01499938964844,41.130001068115234,0.0,416784000
2023-10-30,41.03843688964844,41.1609992980957,0.0,41.76599884033203,40.48099899291992,41.08700180053711,0.0,388028000
2023-10-31,40.658565521240234,40.779998779296875,0.0,40.87900161743164,39.22999954223633,40.45000076293945,0.0,517969000
2023-11-01,42.198970794677734,42.32500076293945,0.0,42.38100051879883,40.86899948120117,40.88399887084961,0.0,437593000
2023-11-02,43.37644958496094,43.50600051879883,0.0,43.88399887084961,42.89400100708008,43.327999114990234,0.0,409172000
2023-11-03,44.87099075317383,45.005001068115234,0.0,45.308998107910156,43.722999572753906,44.02000045776367,0.0,424610000
2023-11-06,45.614768981933594,45.750999450683594,0.0,45.935001373291016,44.89899826049805,45.28499984741211,0.0,400733000
2023-11-07,45.81816482543945,45.95500183105469,0.0,46.21799850463867,45.15800094604492,45.71900177001953,0.0,343165000
2023-11-08,46.43531799316406,46.57400131225586,0.0,46.867000579833984,45.96799850463867,46.099998474121094,0.0,346719000
2023-11-09,46.81019973754883,46.95000076293945,0.0,48.22999954223633,46.75,47.46699905395508,0.0,540496000
2023-11-10,48.19107437133789,48.334999084472656,0.0,48.47200012207031,47.28300094604492,47.5,0.0,421245000
2023-11-13,48.475223541259766,48.619998931884766,0.0,49.11600112915039,48.0989990234375,48.31999969482422,0.0,384136000
2023-11-14,49.50813293457031,49.65599822998047,0.0,49.83399963378906,49.040000915527344,49.68000030517578,0.0,416954000
2023-11-15,48.74242401123047,48.88800048828125,0.0,49.959999084472656,48.20000076293945,49.935001373291016,0.0,475497000
2023-11-16,49.332664489746094,49.47999954223633,0.0,49.525001525878906,48.33000183105469,48.67900085449219,0.0,339756000
2023-11-17,49.15121078491211,49.29800033569336,0.0,49.71699905395508,49.00699996948242,49.52399826049805,0.0,325205000
2023-11-20,50.2588996887207,50.409000396728516,0.0,50.54800033569336,49.180999755859375,49.3120002746582,0.0,414120000
2023-11-21,49.79527282714844,49.944000244140625,0.0,50.516998291015625,49.22200012207031,50.125999450683594,0.0,565747000
2023-11-22,48.57093811035156,48.715999603271484,0.0,50.334999084472656,47.689998626708984,49.85200119018555,0.0,899420000
2023-11-24,47.63374328613281,47.7760009765625,0.0,48.92100143432617,47.744998931884766,48.470001220703125,0.0,294645000
2023-11-27,48.098350524902344,48.242000579833984,0.0,48.529998779296875,47.652000427246094,47.79999923706055,0.0,395662000
2023-11-28,47.6786003112793,47.82099914550781,0.0,48.323001861572266,47.472999572753906,48.236000061035156,0.0,401491000
2023-11-29,47.99665069580078,48.13999938964844,0.0,48.762001037597656,47.86000061035156,48.37900161743164,0.0,382005000
2023-11-30,46.63072204589844,46.77000045776367,0.0,48.11000061035156,46.422000885009766,48.02399826049805,0.0,526247000
2023-12-01,46.62574005126953,46.76499938964844,0.0,47.20000076293945,46.1870002746582,46.525001525878906,0.0,369317000
2023-12-04,45.37448501586914,45.5099983215332,0.0,46.07699966430664,45.0099983215332,46.07699966430664,0.0,437543000
2023-12-05,46.43142318725586,46.566001892089844,0.004,46.599998474121094,45.270999908447266,45.465999603271484,0.0,371718000
2023-12-06,45.37149429321289,45.50299835205078,0.0,47.387001037597656,45.4119987487793,47.21500015258789,0.0,380590000
2023-12-07,46.46133041381836,46.59600067138672,0.0,46.62900161743164,45.604000091552734,45.70000076293945,0.0,350823000
2023-12-08,47.368709564208984,47.50600051879883,0.0,47.74100112915039,46.54999923706055,46.595001220703125,0.0,359224000
2023-12-11,46.49224090576172,46.62699890136719,0.0,47.53099822998047,45.83000183105469,47.49100112915039,0.0,509728000
2023-12-12,47.519264221191406,47.65700149536133,0.0,47.66600036621094,46.04600143432617,46.04600143432617,0.0,372387000
2023-12-13,47.94902801513672,48.0880012512207,0.0,48.59400177001953,47.608001708984375,47.62900161743164,0.0,447792000
2023-12-14,48.210262298583984,48.349998474121094,0.0,48.66999816894531,47.422000885009766,48.38999938964844,0.0,391232000
2023-12-15,48.74869918823242,48.88999938964844,0.0,49.40399932861328,48.119998931884766,48.194000244140625,0.0,479948000
2023-12-18,49.93227767944336,50.07699966430664,0.0,50.43299865722656,49.150001525878906,49.400001525878906,0.0,412587000
2023-12-19,49.46063995361328,49.604000091552734,0.0,49.70000076293945,48.89500045776367,49.42399978637695,0.0,464444000
2023-12-20,47.97195816040039,48.111000061035156,0.0,49.999000549316406,48.097999572753906,49.654998779296875,0.0,397894000
2023-12-21,48.848426818847656,48.9900016784668,0.0,49.095001220703125,48.41899871826172,48.81100082397461,0.0,300425000
2023-12-22,48.688873291015625,48.83000183105469,0.0,49.382999420166016,48.46699905395508,49.19499969482422,0.0,252507000
2023-12-26,49.13657760620117,49.27899932861328,0.0,49.599998474121094,48.959999084472656,48.96799850463867,0.0,244200000
2023-12-27,49.2741813659668,49.41699981689453,0.0,49.68000030517578,49.084999084472656,49.51100158691406,0.0,233648000
2023-12-28,49.37887954711914,49.52199935913086,0.0,49.88399887084961,49.4119987487793,49.643001556396484,0.0,246587000
2023-12-29,49.37887954711914,49.52199935913086,0.0,49.99700164794922,48.750999450683594,49.8129997253418,0.0,389293000
2024-01-02,48.02878189086914,48.167999267578125,0.0,49.29499816894531,47.595001220703125,49.24399948120117,0.0,411254000
2024-01-03,47.43152618408203,47.569000244140625,0.0,48.183998107910156,47.31999969482422,47.48500061035156,0.0,320896000
2024-01-04,47.859283447265625,47.99800109863281,0.0,48.5,47.507999420166016,47.766998291015625,0.0,306535000
2024-01-05,48.955101013183594,49.09700012207031,0.0,49.547000885009766,48.305999755859375,48.46200180053711,0.0,415039000
2024-01-08,52.101985931396484,52.25299835205078,0.0,52.275001525878906,49.479000091552734,49.512001037597656,0.0,642510000
2024-01-09,52.98642349243164,53.13999938964844,0.0,54.32500076293945,51.689998626708984,52.4010009765625,0.0,773100000
2024-01-10,54.19292449951172,54.349998474121094,0.0,54.599998474121094,53.48899841308594,53.61600112915039,0.0,533796000
2024-01-11,54.66355895996094,54.821998596191406,0.0,55.34600067138672,53.560001373291016,54.999000549316406,0.0,596759000
2024-01-12,54.55188751220703,54.709999084472656,0.0,54.970001220703125,54.33000183105469,54.619998931884766,0.0,352994000
2024-01-16,56.21904754638672,56.38199996948242,0.0,56.834999084472656,54.900001525878906,55.018001556396484,0.0,449580000
2024-01-17,55.89101028442383,56.053001403808594,0.0,56.47100067138672,54.7400016784668,56.34700012207031,0.0,474394000
2024-01-18,56.94195556640625,57.106998443603516,0.0,57.599998474121094,56.106998443603516,57.2599983215332,0.0,491650000
2024-01-19,59.31906509399414,59.49100112915039,0.0,59.5,57.224998474121094,57.98899841308594,0.0,543501000
2024-01-22,59.48159408569336,59.65399932861328,0.0,60.33100128173828,59.06999969482422,60.04899978637695,0.0,452955000
2024-01-23,59.69996643066406,59.87300109863281,0.0,59.90999984741211,58.584999084472656,59.56999969482422,0.0,294654000
2024-01-24,61.18465805053711,61.36199951171875,0.0,62.8489990234375,59.9379997253418,60.30400085449219,0.0,560271000
2024-01-25,61.43891906738281,61.617000579833984,0.0,62.71900177001953,60.849998474121094,62.349998474121094,0.0,482777000
2024-01-26,60.854610443115234,61.03099822998047,0.0,61.78300094604492,60.573001861572266,60.959999084472656,0.0,390309000
2024-01-29,62.28446960449219,62.46500015258789,0.0,62.48899841308594,60.90700149536133,61.231998443603516,0.0,348733000
2024-01-30,62.59257125854492,62.77399826049805,0.0,63.49300003051758,62.2599983215332,62.900001525878906,0.0,410735000
2024-01-31,61.34918212890625,61.527000427246094,0.0,62.26900100708008,60.70000076293945,61.439998626708984,0.0,453795000
2024-02-01,62.844852447509766,63.027000427246094,0.0,63.191001892089844,61.650001525878906,62.099998474121094,0.0,369146000
2024-02-02,65.96878814697266,66.16000366210938,0.0,66.5999984741211,63.689998626708984,63.9739990234375,0.0,476578000
2024-02-05,69.13162994384766,69.33200073242188,0.0,69.49700164794922,67.20500183105469,68.2249984741211,0.0,680078000
2024-02-06,68.02583312988281,68.2229995727539,0.0,69.75399780273438,66.30000305175781,69.62999725341797,0.0,683111000
2024-02-07,69.89640045166016,70.0989990234375,0.0,70.22000122070312,67.5999984741211,68.31900024414062,0.0,495575000
2024-02-08,69.43972778320312,69.64099884033203,0.0,70.79399871826172,69.45500183105469,70.0739974975586,0.0,414422000
2024-02-09,71.92454528808594,72.13300323486328,0.0,72.18499755859375,70.21199798583984,70.53299713134766,0.0,436637000
2024-02-12,72.03919219970703,72.24800109863281,0.0,74.61100006103516,71.25,72.5999984741211,0.0,613710000
2024-02-13,71.91954803466797,72.12799835205078,0.0,73.44999694824219,69.62000274658203,70.4000015258789,0.0,602580000
2024-02-14,73.68641662597656,73.9000015258789,0.0,74.23600006103516,71.93800354003906,73.2020034790039,0.0,504917000
2024-02-15,72.447998046875,72.65799713134766,0.0,73.9749984741211,72.4000015258789,73.86900329589844,0.0,420122000
2024-02-16,72.40315246582031,72.61299896240234,0.0,74.4020004272461,72.5009994506836,74.0999984741211,0.0,495327000
2024-02-20,69.25129699707031,69.4520034790039,0.0,71.95600128173828,67.73400115966797,71.9469985961914,0.0,704833000
2024-02-21,67.27701568603516,67.47200012207031,0.0,68.88800048828125,66.24800109863281,68.00599670410156,0.0,673755000
2024-02-22,78.31100463867188,78.53800201416016,0.0,78.57499694824219,74.22000122070312,75.0250015258789,0.0,865100000
2024-02-23,78.58921813964844,78.81700134277344,0.0,82.39399719238281,77.56999969482422,80.79000091552734,0.0,829388000
2024-02-26,78.86341857910156,79.09200286865234,0.0,80.64600372314453,78.50499725341797,79.69999694824219,0.0,503973000
2024-02-27,78.47354888916016,78.70099639892578,0.0,79.4800033569336,77.16200256347656,79.38099670410156,0.0,391705000
2024-02-28,77.43856048583984,77.66300201416016,0.0,78.93299865722656,77.125,77.62000274658203,0.0,393110000
2024-02-29,78.88336944580078,79.11199951171875,0.0,79.98999786376953,78.3499984741211,79.09400177001953,0.0,507289000
2024-03-01,82.04119110107422,82.27899932861328,0.0,82.30000305175781,79.43499755859375,80.0,0.0,479135000
2024-03-04,84.99065399169922,85.23699951171875,0.0,87.69499969482422,83.71900177001953,84.12999725341797,0.0,615616000
2024-03-05,85.7195816040039,85.96399688720703,0.004,86.09700012207031,83.41699981689453,85.2699966430664,0.0,520639000
2024-03-06,88.44779968261719,88.69999694824219,0.0,89.7239990234375,87.02999877929688,88.02200317382812,0.0,582520000
2024-03-07,92.40552520751953,92.66899871826172,0.0,92.76699829101562,89.60199737548828,90.15799713134766,0.0,608119000
2024-03-08,87.27912139892578,87.52799987792969,0.0,97.4000015258789,86.50599670410156,95.13800048828125,0.0,1142269000
2024-03-11,85.53012084960938,85.77400207519531,0.0,88.7969970703125,84.16600036621094,86.42900085449219,0.0,678364000
2024-03-12,91.65166473388672,91.91300201416016,0.0,91.95999908447266,86.1500015258789,88.04900360107422,0.0,668075000
2024-03-13,90.62958526611328,90.88800048828125,0.0,91.50399780273438,88.43499755859375,91.05500030517578,0.0,635713000
2024-03-14,87.69395446777344,87.94400024414062,0.0,90.64600372314453,86.5999984741211,89.5770034790039,0.0,602318000
2024-03-15,87.58726501464844,87.83699798583984,0.0,89.5459976196289,86.25700378417969,86.93000030517578,0.0,642086000
2024-03-18,88.2034912109375,88.45500183105469,0.0,92.40499877929688,87.08499908447266,90.38800048828125,0.0,668976000
2024-03-19,89.1438217163086,89.39800262451172,0.0,90.54399871826172,85.01000213623047,86.69999694824219,0.0,672171000
2024-03-20,90.11505889892578,90.37200164794922,0.0,90.41000366210938,88.2229995727539,89.7969970703125,0.0,479063000
2024-03-21,91.17501831054688,91.43499755859375,0.0,92.64800262451172,90.40499877929688,92.30000305175781,0.0,480372000
2024-03-22,94.02091979980469,94.28900146484375,0.0,94.77799987792969,90.83399963378906,91.14099884033203,0.0,586719000
2024-03-25,94.73188781738281,95.00199890136719,0.0,96.76599884033203,93.51000213623047,93.94100189208984,0.0,552136000
2024-03-26,92.29782104492188,92.56099700927734,0.0,96.375,92.50199890136719,95.85099792480469,0.0,513648000
2024-03-27,89.99340057373047,90.25,0.0,93.23999786376953,89.12300109863281,93.11199951171875,0.0,586067000
2024-03-28,90.09909057617188,90.35600280761719,0.0,91.30000305175781,89.19300079345703,90.0,0.0,435212000
2024-04-01,90.10607147216797,90.36299896240234,0.0,92.2249984741211,89.2040023803711,90.29900360107422,0.0,452441000
2024-04-02,89.19766998291016,89.4520034790039,0.0,90.09400177001953,87.62000274658203,88.447998046875,0.0,433064000
2024-04-03,88.71104431152344,88.96399688720703,0.0,90.3740005493164,88.4000015258789,88.48400115966797,0.0,370067000
2024-04-04,85.66075134277344,85.90499877929688,0.0,90.63400268554688,85.87999725341797,90.40599822998047,0.0,434965000
2024-04-05,87.75777435302734,88.00800323486328,0.0,88.48100280761719,85.9260025024414,86.86599731445312,0.0,399678000
2024-04-08,86.88526916503906,87.13300323486328,0.0,88.83000183105469,86.73200225830078,88.69999694824219,0.0,283220000
2024-04-09,85.11131286621094,85.35399627685547,0.0,87.63500213623047,83.02200317382812,87.44200134277344,0.0,501700000
2024-04-10,86.7915267944336,87.03900146484375,0.0,87.4000015258789,83.70899963378906,83.9260025024414,0.0,431929000
2024-04-11,90.35835266113281,90.61599731445312,0.0,90.73899841308594,86.9260025024414,87.41999816894531,0.0,431637000
2024-04-12,87.93525695800781,88.18599700927734,0.0,90.17500305175781,87.52999877929688,89.6989974975586,0.0,426805000
2024-04-15,85.75647735595703,86.0009994506836,0.0,90.61299896240234,85.92900085449219,89.0979995727539,0.0,443077000
2024-04-16,87.16646575927734,87.41500091552734,0.0,88.11799621582031,86.06400299072266,86.43299865722656,0.0,370453000
2024-04-17,83.7960433959961,84.03500366210938,0.0,88.7750015258789,83.94999694824219,88.33999633789062,0.0,495400000
2024-04-18,84.43025207519531,84.6709976196289,0.0,86.19000244140625,82.4020004272461,84.97000122070312,0.0,447260000
2024-04-19,75.98334503173828,76.19999694824219,0.0,84.3239974975586,75.60600280761719,83.1500015258789,0.0,875198000
2024-04-22,79.29190826416016,79.51799774169922,0.0,80.072998046875,76.4000015258789,78.10399627685547,0.0,596341000
2024-04-23,82.18864440917969,82.4229965209961,0.0,82.76899719238281,80.26399993896484,80.76899719238281,0.0,438559000
2024-04-24,79.45045471191406,79.677001953125,0.0,84.08200073242188,79.18299865722656,83.94999694824219,0.0,512208000
2024-04-25,82.39706420898438,82.63200378417969,0.0,83.322998046875,78.2229995727539,78.86799621582031,0.0,424641000
2024-04-26,87.48555755615234,87.73500061035156,0.0,88.33100128173828,83.38700103759766,83.81800079345703,0.0,551011000
2024-04-29,87.50748443603516,87.75700378417969,0.0,87.99199676513672,85.26599884033203,87.59500122070312,0.0,388971000
2024-04-30,86.15634155273438,86.4020004272461,0.0,88.81900024414062,86.30000305175781,87.23999786376953,0.0,363709000
2024-05-01,82.80489349365234,83.04100036621094,0.0,86.0,81.25499725341797,85.0770034790039,0.0,559863000
2024-05-02,85.572998046875,85.81700134277344,0.0,86.23699951171875,83.19999694824219,84.4489974975586,0.0,377898000
2024-05-03,88.53654479980469,88.78900146484375,0.0,89.28099822998047,87.04000091552734,87.78900146484375,0.0,398341000
2024-05-06,91.87802124023438,92.13999938964844,0.0,92.22000122070312,89.05500030517578,89.38999938964844,0.0,376203000
2024-05-07,90.29652404785156,90.55400085449219,0.0,91.78099822998047,89.01100158691406,91.0979995727539,0.0,437342000
2024-05-08,90.15492248535156,90.41200256347656,0.0,91.19400024414062,89.41999816894531,89.48300170898438,0.0,325721000
2024-05-09,88.49466705322266,88.74700164794922,0.0,91.0719985961914,88.23100280761719,90.52899932861328,0.0,378013000
2024-05-10,89.62244415283203,89.87799835205078,0.0,91.4010009765625,89.22699737548828,90.30500030517578,0.0,335325000
2024-05-13,90.1419677734375,90.39900207519531,0.0,90.99800109863281,88.52899932861328,90.47799682617188,0.0,289680000
2024-05-14,91.09626007080078,91.35600280761719,0.0,91.6510009765625,88.93399810791016,89.5989990234375,0.0,296507000
2024-05-15,94.36093139648438,94.62999725341797,0.0,94.86199951171875,91.5989990234375,92.47200012207031,0.0,417735000
2024-05-16,94.09069061279297,94.35900115966797,0.0,95.81900024414062,94.10299682617188,94.91000366210938,0.0,323952000
2024-05-17,92.21605682373047,92.47899627685547,0.0,94.73999786376953,91.80599975585938,94.36900329589844,0.0,359691000
2024-05-20,94.51050567626953,94.77999877929688,0.0,95.19999694824219,93.44000244140625,93.75,0.0,318764000
2024-05-21,95.11479187011719,95.38600158691406,0.0,95.4000015258789,93.18000030517578,93.5989990234375,0.0,328946000
2024-05-22,94.68002319335938,94.94999694824219,0.0,96.0199966430664,93.2490005493164,95.45899963378906,0.0,548648000
2024-05-23,103.50389099121094,103.79900360107422,0.0,106.31999969482422,101.5199966430664,102.02799987792969,0.0,835065000
2024-05-24,106.16627502441406,106.46900177001953,0.0,106.4749984741211,103.0,104.4489974975586,0.0,429494000
2024-05-28,113.5771484375,113.9010009765625,0.0,114.93900299072266,109.88300323486328,110.24400329589844,0.0,652728000
2024-05-29,114.49852752685547,114.82499694824219,0.0,115.49199676513672,110.9010009765625,113.05000305175781,0.0,557442000
2024-05-30,110.1858139038086,110.5,0.0,115.81900024414062,109.66300201416016,114.6500015258789,0.0,484553000
2024-05-31,109.32128143310547,109.63300323486328,0.0,112.71700286865234,106.94000244140625,112.5199966430664,0.0,613263000
2024-06-03,114.67301940917969,115.0,0.0,115.0,112.00299835205078,113.62100219726562,0.0,438392000
2024-06-04,116.1059341430664,116.43699645996094,0.0,116.5999984741211,114.04499816894531,115.71600341796875,0.0,403324000
2024-06-05,122.09186553955078,122.44000244140625,0.0,122.4489974975586,117.46800231933594,118.37100219726562,0.0,528402000
2024-06-06,120.65396118164062,120.99800109863281,0.0,125.58699798583984,118.31999969482422,124.0479965209961,0.0,664696000
2024-06-07,120.5442886352539,120.88800048828125,0.0,121.69200134277344,118.02200317382812,119.7699966430664,0.0,412386000
2024-06-10,121.44371795654297,121.79000091552734,0.0,123.0999984741211,117.01000213623047,120.37000274658203,10.0,313434100
2024-06-11,120.57612609863281,120.91000366210938,0.01,122.87000274658203,118.73999786376953,121.7699966430664,0.0,222551200
2024-06-12,124.8542709350586,125.19999694824219,0.0,126.87999725341797,122.56999969482422,123.05999755859375,0.0,299595000
2024-06-13,129.25209045410156,129.61000061035156,0.0,129.8000030517578,127.16000366210938,129.38999938964844,0.0,260704500
2024-06-14,131.5158233642578,131.8800048828125,0.0,132.83999633789062,128.32000732421875,129.9600067138672,0.0,309320400
2024-06-17,130.61830139160156,130.97999572753906,0.0,133.72999572753906,129.5800018310547,132.99000549316406,0.0,288504400
2024-06-18,135.2056121826172,135.5800018310547,0.0,136.3300018310547,130.69000244140625,131.13999938964844,0.0,294335100
2024-06-20,130.4188690185547,130.77999877929688,0.0,140.75999450683594,129.52000427246094,139.8000030517578,0.0,517768400
2024-06-21,126.22049713134766,126.56999969482422,0.0,130.6300048828125,124.30000305175781,127.12000274658203,0.0,649445800
2024-06-24,117.78384399414062,118.11000061035156,0.0,124.45999908447266,118.04000091552734,123.23999786376953,0.0,476060900
2024-06-25,125.7417984008789,126.08999633789062,0.0,126.5,119.31999969482422,121.19999694824219,0.0,414192600
2024-06-26,126.05096435546875,126.4000015258789,0.0,128.1199951171875,122.5999984741211,126.12999725341797,0.0,362975900
2024-06-27,123.64762878417969,123.98999786376953,0.0,126.41000366210938,122.91999816894531,124.0999984741211,0.0,252571700
2024-06-28,123.19886016845703,123.54000091552734,0.0,127.70999908447266,122.75,124.58000183105469,0.0,315516700
2024-07-01,123.95677185058594,124.30000305175781,0.0,124.83999633789062,118.83000183105469,123.47000122070312,0.0,284885500
2024-07-02,122.33126068115234,122.66999816894531,0.0,123.41000366210938,121.02999877929688,121.12999725341797,0.0,218374000
2024-07-03,127.9257583618164,128.27999877929688,0.0,128.27999877929688,121.36000061035156,121.66000366210938,0.0,215749000
2024-07-05,125.48253631591797,125.83000183105469,0.0,128.85000610351562,125.68000030517578,127.37999725341797,0.0,214176700
2024-07-08,127.84599304199219,128.1999969482422,0.0,130.77000427246094,127.04000091552734,127.48999786376953,0.0,237677300
2024-07-09,131.01724243164062,131.3800048828125,0.0,133.82000732421875,128.64999389648438,130.35000610351562,0.0,285366600
2024-07-10,134.5374755859375,134.91000366210938,0.0,135.10000610351562,132.4199981689453,134.02999877929688,0.0,248978600
2024-07-11,127.0482177734375,127.4000015258789,0.0,136.14999389648438,127.05000305175781,135.75,0.0,374782700
2024-07-12,128.8831329345703,129.24000549316406,0.0,131.9199981689453,127.22000122070312,128.25999450683594,0.0,252680500
2024-07-15,128.08535766601562,128.44000244140625,0.0,131.38999938964844,127.18000030517578,130.55999755859375,0.0,208326200
2024-07-16,126.01107025146484,126.36000061035156,0.0,129.0399932861328,124.58000183105469,128.44000244140625,0.0,214769500
2024-07-17,117.6641845703125,117.98999786376953,0.0,121.8499984741211,116.72000122070312,121.3499984741211,0.0,390086200
2024-07-18,120.75562286376953,121.08999633789062,0.0,122.4000015258789,116.55999755859375,121.8499984741211,0.0,320979500
2024-07-19,117.60435485839844,117.93000030517578,0.0,121.5999984741211,117.37000274658203,120.3499984741211,0.0,217223800
2024-07-22,123.19886016845703,123.54000091552734,0.0,124.06999969482422,119.86000061035156,120.3499984741211,0.0,258068900
2024-07-23,122.25147247314453,122.58999633789062,0.0,124.69000244140625,122.0999984741211,122.77999877929688,0.0,173911000
2024-07-24,113.93453216552734,114.25,0.0,119.94999694824219,113.44000244140625,119.16999816894531,0.0,327776900
2024-07-25,111.96996307373047,112.27999877929688,0.0,116.62999725341797,106.30000305175781,113.04000091552734,0.0,460067000
2024-07-26,112.74779510498047,113.05999755859375,0.0,116.19999694824219,111.58000183105469,116.19000244140625,0.0,293399100
2024-07-29,111.28185272216797,111.58999633789062,0.0,116.27999877929688,111.30000305175781,113.69000244140625,0.0,248152100
2024-07-30,103.44355010986328,103.7300033569336,0.0,111.98999786376953,102.54000091552734,111.5199966430664,0.0,486833300
2024-07-31,116.69686889648438,117.0199966430664,0.0,118.33999633789062,110.87999725341797,112.9000015258789,0.0,473174200
2024-08-01,108.90843200683594,109.20999908447266,0.0,120.16000366210938,106.80999755859375,117.52999877929688,0.0,523462300
2024-08-02,106.97378540039062,107.2699966430664,0.0,108.72000122070312,101.37000274658203,103.76000213623047,0.0,482027500
2024-08-05,100.17261505126953,100.44999694824219,0.0,103.41000366210938,90.69000244140625,92.05999755859375,0.0,552842400
2024-08-06,103.96212005615234,104.25,0.0,107.70999908447266,100.55000305175781,103.83999633789062,0.0,409012100
2024-08-07,98.63687896728516,98.91000366210938,0.0,108.80000305175781,98.69000244140625,107.80999755859375,0.0,411440400
2024-08-08,104.68013763427734,104.97000122070312,0.0,105.5,97.5199966430664,102.0,0.0,391910000
2024-08-09,104.46075439453125,104.75,0.0,106.5999984741211,103.43000030517578,105.63999938964844,0.0,290844200
2024-08-12,108.71895599365234,109.0199966430664,0.0,111.06999969482422,106.26000213623047,106.31999969482422,0.0,325559900
2024-08-13,115.81929779052734,116.13999938964844,0.0,116.2300033569336,111.58000183105469,112.44000244140625,0.0,312646700
2024-08-14,117.75394439697266,118.08000183105469,0.0,118.5999984741211,114.06999969482422,118.52999877929688,0.0,339246400
2024-08-15,122.52073669433594,122.86000061035156,0.0,123.23999786376953,117.47000122070312,118.76000213623047,0.0,318086700
2024-08-16,124.23600006103516,124.58000183105469,0.0,125.0,121.18000030517578,121.94000244140625,0.0,302589900
2024-08-19,129.64102172851562,130.0,0.0,130.0,123.41999816894531,124.27999877929688,0.0,318333600
2024-08-20,126.89862060546875,127.25,0.0,129.8800048828125,125.88999938964844,128.39999389648438,0.0,300087400
2024-08-21,128.1451416015625,128.5,0.0,129.35000610351562,126.66000366210938,127.31999969482422,0.0,257883600
2024-08-22,123.39830017089844,123.73999786376953,0.0,130.75,123.0999984741211,130.02000427246094,0.0,376189100
2024-08-23,129.01275634765625,129.3699951171875,0.0,129.60000610351562,125.22000122070312,125.86000061035156,0.0,323230300
2024-08-26,126.11080169677734,126.45999908447266,0.0,131.25999450683594,124.37000274658203,129.57000732421875,0.0,331964700
2024-08-27,127.94571685791016,128.3000030517578,0.0,129.1999969482422,123.87999725341797,125.05000305175781,0.0,303134600
2024-08-28,125.26315307617188,125.61000061035156,0.0,128.3300018310547,122.63999938964844,128.1199951171875,0.0,448101100
2024-08-29,117.2652816772461,117.58999633789062,0.0,124.43000030517578,116.70999908447266,121.36000061035156,0.0,453023300
2024-08-30,119.04036712646484,119.37000274658203,0.0,121.75,117.22000122070312,119.52999877929688,0.0,333751600
2024-09-03,107.70176696777344,108.0,0.0,116.20999908447266,107.29000091552734,116.01000213623047,0.0,477155100
2024-09-04,105.91671752929688,106.20999908447266,0.0,113.2699966430664,104.12000274658203,105.41000366210938,0.0,372470300
2024-09-05,106.91395568847656,107.20999908447266,0.0,109.6500015258789,104.76000213623047,104.98999786376953,0.0,306850700
2024-09-06,102.54605102539062,102.83000183105469,0.0,108.1500015258789,100.94999694824219,108.04000091552734,0.0,413638100
2024-09-09,106.17599487304688,106.47000122070312,0.0,106.55000305175781,103.69000244140625,104.87999725341797,0.0,273912000
2024-09-10,107.8014907836914,108.0999984741211,0.0,109.4000015258789,104.94999694824219,107.80999755859375,0.0,268283700
2024-09-11,116.5871810913086,116.91000366210938,0.0,117.19000244140625,107.41999816894531,109.38999938964844,0.0,441422400
2024-09-12,118.82117462158203,119.13999938964844,0.01,120.79000091552734,115.37999725341797,116.83999633789062,0.0,366052700
2024-09-13,118.78128051757812,119.0999984741211,0.0,119.95999908447266,117.5999984741211,119.08000183105469,0.0,238358300
2024-09-16,116.46749114990234,116.77999877929688,0.0,118.18000030517578,114.36000061035156,116.79000091552734,0.0,248772300
2024-09-17,115.28068542480469,115.58999633789062,0.0,118.80000305175781,114.83000183105469,118.16999816894531,0.0,231925900
2024-09-18,113.06661987304688,113.37000274658203,0.0,117.69999694824219,113.22000122070312,115.88999938964844,0.0,310318900
2024-09-19,117.55457305908203,117.87000274658203,0.0,119.66000366210938,117.25,117.3499984741211,0.0,293506400
2024-09-20,115.68958282470703,116.0,0.0,118.62000274658203,115.38999938964844,117.05999755859375,0.0,382462400
2024-09-23,115.94888305664062,116.26000213623047,0.0,116.98999786376953,114.86000061035156,116.55000305175781,0.0,206228500
2024-09-24,120.54654693603516,120.87000274658203,0.0,121.80000305175781,115.37999725341797,116.5199966430664,0.0,354966800
2024-09-25,123.17948150634766,123.51000213623047,0.0,124.94000244140625,121.61000061035156,122.0199966430664,0.0,284692900
2024-09-26,123.70805358886719,124.04000091552734,0.0,127.66999816894531,121.80000305175781,126.80000305175781,0.0,302582900
2024-09-27,121.07512664794922,121.4000015258789,0.0,124.02999877929688,119.26000213623047,123.97000122070312,0.0,271009200
2024-09-30,121.11502075195312,121.44000244140625,0.0,121.5,118.1500015258789,118.30999755859375,0.0,226553700
2024-10-01,116.68689727783203,117.0,0.0,122.44000244140625,115.79000091552734,121.7699966430664,0.0,302094500
2024-10-02,118.53195190429688,118.8499984741211,0.0,119.37999725341797,115.13999938964844,116.44000244140625,0.0,221845900
2024-10-03,122.521240234375,122.8499984741211,0.0,124.36000061035156,120.33999633789062,120.91999816894531,0.0,277118000
2024-10-04,124.58570861816406,124.91999816894531,0.0,125.04000091552734,121.83000183105469,124.94000244140625,0.0,243678100
2024-10-07,127.37820434570312,127.72000122070312,0.0,130.63999938964844,124.94999694824219,124.98999786376953,0.0,346250200
2024-10-08,132.53436279296875,132.88999938964844,0.0,133.47999572753906,129.4199981689453,130.25999450683594,0.0,285722500
2024-10-09,132.29501342773438,132.64999389648438,0.0,134.52000427246094,131.3800048828125,134.11000061035156,0.0,246191600
2024-10-10,134.44923400878906,134.80999755859375,0.0,135.0,131.0,131.91000366210938,0.0,242311300
2024-10-11,134.4392547607422,134.8000030517578,0.0,135.77999877929688,133.66000366210938,134.00999450683594,0.0,170209500
2024-10-14,137.70053100585938,138.07000732421875,0.0,139.60000610351562,136.3000030517578,136.47000122070312,0.0,232347700
2024-10-15,131.2478485107422,131.60000610351562,0.0,138.57000732421875,128.74000549316406,137.8699951171875,0.0,377831000
2024-10-16,135.35682678222656,135.72000122070312,0.0,136.6199951171875,131.5800018310547,133.97999572753906,0.0,264879700
2024-10-17,136.56356811523438,136.92999267578125,0.0,140.88999938964844,136.8699951171875,139.33999633789062,0.0,306435900
2024-10-18,137.63070678710938,138.0,0.0,138.89999389648438,137.27999877929688,138.6699981689453,0.0,176090200
2024-10-21,143.325439453125,143.7100067138672,0.0,143.7100067138672,138.0,138.1300048828125,0.0,264554500
2024-10-22,143.2057342529297,143.58999633789062,0.0,144.4199981689453,141.77999877929688,142.91000366210938,0.0,226311600
2024-10-23,139.1865234375,139.55999755859375,0.0,142.42999267578125,137.4600067138672,142.02999877929688,0.0,285930000
2024-10-24,140.0342559814453,140.41000366210938,0.0,141.35000610351562,138.4600067138672,140.82000732421875,0.0,172354900
2024-10-25,141.16119384765625,141.5399932861328,0.0,144.1300048828125,140.8000030517578,140.92999267578125,0.0,205122100
2024-10-28,140.1439666748047,140.52000427246094,0.0,143.13999938964844,140.0500030517578,143.0,0.0,173586700
2024-10-29,140.87200927734375,141.25,0.0,142.25999450683594,138.89999389648438,140.2899932861328,0.0,157593600
2024-10-30,138.9670867919922,139.33999633789062,0.0,140.3300018310547,136.80999755859375,139.5399932861328,0.0,179418100
2024-10-31,132.40472412109375,132.75999450683594,0.0,137.61000061035156,132.11000061035156,137.60000610351562,0.0,270039600
2024-11-01,135.0376434326172,135.39999389648438,0.0,137.30999755859375,134.57000732421875,134.6999969482422,0.0,207127800
2024-11-04,135.6859130859375,136.0500030517578,0.0,138.9600067138672,135.57000732421875,137.2100067138672,0.0,187528200
2024-11-05,139.53561401367188,139.91000366210938,0.0,140.3699951171875,137.3300018310547,137.4499969482422,0.0,160537400
2024-11-06,145.22032165527344,145.61000061035156,0.0,146.49000549316406,141.9600067138672,142.9600067138672,0.0,242043900
2024-11-07,148.48158264160156,148.8800048828125,0.0,148.92999267578125,146.1699981689453,146.38999938964844,0.0,207323300
2024-11-08,147.23495483398438,147.6300048828125,0.0,149.77000427246094,146.25999450683594,148.77000427246094,0.0,175665800
2024-11-11,144.87127685546875,145.25999450683594,0.0,148.85000610351562,143.57000732421875,148.67999267578125,0.0,182325600
2024-11-12,147.8931427001953,148.2899932861328,0.0,149.64999389648438,146.00999450683594,146.77999877929688,0.0,198634700
2024-11-13,145.8785858154297,146.27000427246094,0.0,149.3300018310547,145.89999389648438,149.07000732421875,0.0,191903300
2024-11-14,146.36724853515625,146.75999450683594,0.0,149.0,145.5500030517578,147.63999938964844,0.0,194463300
2024-11-15,141.60003662109375,141.97999572753906,0.0,145.24000549316406,140.0800018310547,144.8699951171875,0.0,250132900
2024-11-18,139.7749481201172,140.14999389648438,0.0,141.5500030517578,137.14999389648438,139.5,0.0,221205300
2024-11-19,146.61659240722656,147.00999450683594,0.0,147.1300048828125,140.99000549316406,141.32000732421875,0.0,227834900
2024-11-20,145.49960327148438,145.88999938964844,0.0,147.55999755859375,142.72999572753906,147.41000366210938,0.0,309871700
2024-11-21,146.27748107910156,146.6699981689453,0.0,152.88999938964844,140.6999969482422,149.35000610351562,0.0,400946600
2024-11-22,141.57012939453125,141.9499969482422,0.0,147.16000366210938,141.10000610351562,145.92999267578125,0.0,236406200
2024-11-25,135.65602111816406,136.02000427246094,0.0,142.0500030517578,135.82000732421875,141.99000549316406,0.0,344941900
2024-11-26,136.5535888671875,136.9199981689453,0.0,139.3000030517578,135.6699981689453,137.6999969482422,0.0,190287700
2024-11-27,134.9778289794922,135.33999633789062,0.0,137.22000122070312,131.8000030517578,135.00999450683594,0.0,226370900
2024-11-29,137.88002014160156,138.25,0.0,139.35000610351562,136.0500030517578,136.77999877929688,0.0,141863200
2024-12-02,138.259033203125,138.6300048828125,0.0,140.4499969482422,137.82000732421875,138.8300018310547,0.0,171682800
2024-12-03,139.88465881347656,140.25999450683594,0.0,140.5399932861328,137.9499969482422,138.25999450683594,0.0,164414000
2024-12-04,144.75160217285156,145.13999938964844,0.0,145.7899932861328,140.2899932861328,142.0,0.0,231224300
2024-12-05,144.68177795410156,145.05999755859375,0.01,146.5399932861328,143.9499969482422,145.11000061035156,0.0,172621200
2024-12-06,142.068603515625,142.44000244140625,0.0,145.6999969482422,141.30999755859375,144.60000610351562,0.0,188505600
2024-12-09,138.4480743408203,138.80999755859375,0.0,139.9499969482422,137.1300048828125,138.97000122070312,0.0,189308600
2024-12-10,134.71783447265625,135.07000732421875,0.0,141.82000732421875,133.7899932861328,139.00999450683594,0.0,210020900
2024-12-11,138.94676208496094,139.30999755859375,0.0,140.1699981689453,135.2100067138672,137.36000061035156,0.0,184905200
2024-12-12,136.98191833496094,137.33999633789062,0.0,138.44000244140625,135.8000030517578,137.0800018310547,0.0,159211400
2024-12-13,133.8999786376953,134.25,0.0,139.60000610351562,132.5399932861328,138.94000244140625,0.0,231514900
2024-12-16,131.65582275390625,132.0,0.0,134.39999389648438,130.4199981689453,134.17999267578125,0.0,237951100
2024-12-17,130.05001831054688,130.38999938964844,0.0,131.58999633789062,126.86000061035156,129.08999633789062,0.0,259410300
2024-12-18,128.5738983154297,128.91000366210938,0.0,136.6999969482422,128.27999877929688,133.86000061035156,0.0,277444500
2024-12-19,130.33926391601562,130.67999267578125,0.0,134.02999877929688,129.5500030517578,131.75999450683594,0.0,209719200
2024-12-20,134.34877014160156,134.6999969482422,0.0,135.27999877929688,128.22000122070312,129.80999755859375,0.0,306528600
2024-12-23,139.3058319091797,139.6699981689453,0.0,139.7899932861328,135.1199951171875,136.27999877929688,0.0,176053500
2024-12-24,139.85440063476562,140.22000122070312,0.0,141.89999389648438,138.64999389648438,140.0,0.0,105157000
2024-12-26,139.56515502929688,139.92999267578125,0.0,140.85000610351562,137.72999572753906,139.6999969482422,0.0,116205600
2024-12-27,136.6527557373047,137.00999450683594,0.0,139.02000427246094,134.7100067138672,138.5500030517578,0.0,170582600
2024-12-30,137.13153076171875,137.49000549316406,0.0,140.27000427246094,134.02000427246094,134.8300018310547,0.0,167734700
2024-12-31,133.93984985351562,134.2899932861328,0.0,138.07000732421875,133.8300018310547,138.02999877929688,0.0,155659200
2025-01-02,137.9493865966797,138.30999755859375,0.0,138.8800048828125,134.6300048828125,136.0,0.0,198247200
2025-01-03,144.0933074951172,144.47000122070312,0.0,144.89999389648438,139.72999572753906,140.00999450683594,0.0,229322500
2025-01-06,149.04037475585938,149.42999267578125,0.0,152.16000366210938,147.82000732421875,148.58999633789062,0.0,265377400
2025-01-07,139.77459716796875,140.13999938964844,0.0,153.1300048828125,140.00999450683594,153.02999877929688,0.0,351782200
2025-01-08,139.7446746826172,140.11000061035156,0.0,143.9499969482422,137.55999755859375,142.5800018310547,0.0,227349900
2025-01-10,135.55563354492188,135.91000366210938,0.0,139.9199981689453,134.22000122070312,137.4499969482422,0.0,207602500
2025-01-13,132.8826141357422,133.22999572753906,0.0,133.49000549316406,129.50999450683594,129.99000549316406,0.0,204808900
2025-01-14,131.41647338867188,131.75999450683594,0.0,136.3800048828125,130.0500030517578,136.0500030517578,0.0,195590500
2025-01-15,135.88479614257812,136.24000549316406,0.0,136.4499969482422,131.2899932861328,133.64999389648438,0.0,185217300
2025-01-16,133.2217559814453,133.57000732421875,0.0,138.75,133.49000549316406,138.63999938964844,0.0,209235600
2025-01-17,137.3509521484375,137.7100067138672,0.0,138.5,135.4600067138672,136.69000244140625,0.0,201188800
2025-01-21,140.46282958984375,140.8300018310547,0.0,141.8300018310547,137.08999633789062,139.16000366210938,0.0,197749000
2025-01-22,146.6865692138672,147.07000732421875,0.0,147.7899932861328,143.6699981689453,144.66000366210938,0.0,237651400
2025-01-23,146.83615112304688,147.22000122070312,0.0,147.22999572753906,143.72000122070312,145.0500030517578,0.0,155915500
2025-01-24,142.2481231689453,142.6199951171875,0.0,148.97000122070312,141.8800048828125,148.3699951171875,0.0,234657600
2025-01-27,118.11124420166016,118.41999816894531,0.0,128.39999389648438,116.69999694824219,124.80000305175781,0.0,818830900
2025-01-28,128.65367126464844,128.99000549316406,0.0,129.0,116.25,121.80999755859375,0.0,579666400
2025-01-29,123.37747192382812,123.69999694824219,0.0,126.88999938964844,120.05000305175781,126.5,0.0,467120600
2025-01-30,124.32499694824219,124.6500015258789,0.0,125.0,118.0999984741211,123.0999984741211,0.0,392925500
2025-01-31,119.7569351196289,120.06999969482422,0.0,127.8499984741211,119.19000244140625,123.77999877929688,0.0,388161100
2025-02-03,116.3558349609375,116.66000366210938,0.0,118.56999969482422,113.01000213623047,114.75,0.0,371235700
2025-02-04,118.34063720703125,118.6500015258789,0.0,121.19999694824219,116.69999694824219,116.95999908447266,0.0,256550000
2025-02-05,124.5045394897461,124.83000183105469,0.0,125.0,120.76000213623047,121.76000213623047,0.0,262230800
2025-02-06,128.34449768066406,128.67999267578125,0.0,128.77000427246094,125.20999908447266,127.41999816894531,0.0,251483600
2025-02-07,129.50144958496094,129.83999633789062,0.0,130.3699951171875,125.0,129.22000122070312,0.0,228186300
2025-02-10,133.2217559814453,133.57000732421875,0.0,135.0,129.9600067138672,130.08999633789062,0.0,216989100
2025-02-11,132.4537353515625,132.8000030517578,0.0,134.47999572753906,131.02000427246094,132.5800018310547,0.0,178902400
2025-02-12,130.79808044433594,131.13999938964844,0.0,132.24000549316406,129.0800018310547,130.02000427246094,0.0,160278600
2025-02-13,134.93724060058594,135.2899932861328,0.0,136.5,131.1699981689453,131.55999755859375,0.0,197430000
2025-02-14,138.4879913330078,138.85000610351562,0.0,139.25,135.5,136.47999572753906,0.0,195479600
2025-02-18,139.0365447998047,139.39999389648438,0.0,143.44000244140625,137.92999267578125,141.27000427246094,0.0,219176600
2025-02-19,138.86697387695312,139.22999572753906,0.0,141.36000061035156,137.22000122070312,139.50999450683594,0.0,167536000
2025-02-20,139.7446746826172,140.11000061035156,0.0,140.66000366210938,136.7899932861328,140.02999877929688,0.0,143903600
2025-02-21,134.07948303222656,134.42999267578125,0.0,141.4600067138672,134.02999877929688,140.0399932861328,0.0,228217600
2025-02-24,129.94033813476562,130.27999877929688,0.0,138.58999633789062,130.0800018310547,136.55999755859375,0.0,251381100
2025-02-25,126.29981994628906,126.62999725341797,0.0,130.1999969482422,124.44000244140625,129.97999572753906,0.0,271428700
2025-02-26,130.93771362304688,131.27999877929688,0.0,133.72999572753906,128.49000549316406,129.99000549316406,0.0,322553800
2025-02-27,119.83673858642578,120.1500015258789,0.0,135.00999450683594,120.01000213623047,135.0,0.0,443175800
2025-02-28,124.59429931640625,124.91999816894531,0.0,125.08999633789062,116.4000015258789,118.0199966430664,0.0,389091100
2025-03-03,113.76260375976562,114.05999755859375,0.0,123.69999694824219,112.27999877929688,123.51000213623047,0.0,411381400
2025-03-04,115.68757629394531,115.98999786376953,0.0,119.30999755859375,110.11000061035156,110.6500015258789,0.0,398163300
2025-03-05,116.9941635131836,117.30000305175781,0.0,118.27999877929688,114.51000213623047,117.58000183105469,0.0,284337900
2025-03-06,110.28170776367188,110.56999969482422,0.0,115.3499984741211,110.22000122070312,113.52999877929688,0.0,321181900
2025-03-07,112.39618682861328,112.69000244140625,0.0,113.4800033569336,107.55999755859375,111.25,0.0,341755500
2025-03-10,106.70106506347656,106.9800033569336,0.0,111.8499984741211,105.45999908447266,109.9000015258789,0.0,366487400
2025-03-11,108.47642517089844,108.76000213623047,0.0,112.23999786376953,104.7699966430664,106.98999786376953,0.0,354865700
2025-03-12,115.4488525390625,115.73999786376953,0.01,116.76000213623047,112.87999725341797,114.12000274658203,0.0,323857500
2025-03-13,115.28924560546875,115.58000183105469,0.0,117.76000213623047,113.79000091552734,117.02999877929688,0.0,299033100
2025-03-14,121.36392211914062,121.66999816894531,0.0,121.87999725341797,118.1500015258789,118.61000061035156,0.0,277593500
2025-03-17,119.22930908203125,119.52999877929688,0.0,122.88999938964844,118.02999877929688,122.73999786376953,0.0,255501500
2025-03-18,115.1396255493164,115.43000030517578,0.0,119.0199966430664,114.54000091552734,118.0,0.0,299686900
2025-03-19,117.22435760498047,117.5199966430664,0.0,120.44999694824219,115.68000030517578,117.2699966430664,0.0,273426200
2025-03-20,118.23182678222656,118.52999877929688,0.0,120.19999694824219,116.47000122070312,116.55000305175781,0.0,248829700
2025-03-21,117.4039077758789,117.69999694824219,0.0,117.98999786376953,115.41999816894531,116.94000244140625,0.0,266498500
2025-03-24,121.1045913696289,121.41000366210938,0.0,122.22000122070312,119.33999633789062,119.87999725341797,0.0,228452500
2025-03-25,120.38639068603516,120.69000244140625,0.0,121.29000091552734,118.91999816894531,120.55000305175781,0.0,167447200
2025-03-26,113.47383117675781,113.76000213623047,0.0,118.83999633789062,112.70999908447266,118.7300033569336,0.0,293463300
2025-03-27,111.1496810913086,111.43000030517578,0.0,114.44999694824219,110.66000366210938,111.3499984741211,0.0,236902100
2025-03-28,109.39411163330078,109.66999816894531,0.0,112.87000274658203,109.06999969482422,111.48999786376953,0.0,229872500
2025-03-31,108.10736083984375,108.37999725341797,0.0,110.95999908447266,103.6500015258789,105.12999725341797,0.0,299212700
2025-04-01,109.87291717529297,110.1500015258789,0.0,110.19999694824219,106.47000122070312,108.5199966430664,0.0,222614000
2025-04-02,110.14221954345703,110.41999816894531,0.0,111.9800033569336,106.79000091552734,107.29000091552734,0.0,220601200
2025-04-03,101.5439224243164,101.80000305175781,0.0,105.62999725341797,101.5999984741211,103.51000213623047,0.0,338769400
2025-04-04,94.07276916503906,94.30999755859375,0.0,100.12999725341797,92.11000061035156,98.91000366210938,0.0,532273800
2025-04-07,97.39437103271484,97.63999938964844,0.0,101.75,86.62000274658203,87.45999908447266,0.0,611041300
2025-04-08,96.05775451660156,96.30000305175781,0.0,105.8499984741211,94.45999908447266,103.80999755859375,0.0,476243400
2025-04-09,114.04239654541016,114.33000183105469,0.0,115.0999984741211,97.52999877929688,98.88999938964844,0.0,612918300
2025-04-10,107.29939270019531,107.56999969482422,0.0,110.86000061035156,99.1500015258789,109.37000274658203,0.0,437812400
2025-04-11,110.65095520019531,110.93000030517578,0.0,111.55000305175781,107.4800033569336,108.5,0.0,313417300
2025-04-14,110.43150329589844,110.70999908447266,0.0,114.29000091552734,109.06999969482422,114.11000061035156,0.0,264705000
2025-04-15,111.9177474975586,112.19999694824219,0.0,113.62000274658203,110.5,110.97000122070312,0.0,228966900
2025-04-16,104.22714233398438,104.48999786376953,0.0,106.79000091552734,100.44999694824219,104.55000305175781,0.0,397016900
2025-04-17,101.23468780517578,101.48999786376953,0.0,104.47000122070312,100.05000305175781,104.44999694824219,0.0,292517500
2025-04-21,96.66621398925781,96.91000366210938,0.0,99.44000244140625,95.04000091552734,98.7699966430664,0.0,288501100
2025-04-22,98.64122772216797,98.88999938964844,0.0,99.80999755859375,97.27999877929688,98.77999877929688,0.0,241004800
2025-04-23,102.45162200927734,102.70999908447266,0.0,104.80000305175781,102.0199966430664,104.5199966430664,0.0,247526000
2025-04-24,106.16226196289062,106.43000030517578,0.0,106.54000091552734,103.11000061035156,103.4800033569336,0.0,220815000
2025-04-25,110.7307357788086,111.01000213623047,0.0,111.91999816894531,105.7300033569336,106.8499984741211,0.0,251064700
2025-04-28,108.45648956298828,108.7300033569336,0.0,110.37000274658203,106.0199966430664,109.69000244140625,0.0,207708500
2025-04-29,108.74574279785156,109.0199966430664,0.0,110.19999694824219,107.44000244140625,107.66999816894531,0.0,170444300
2025-04-30,108.64599609375,108.91999816894531,0.0,108.91999816894531,104.08000183105469,104.47000122070312,0.0,235044600
2025-05-01,111.32923889160156,111.61000061035156,0.0,114.94000244140625,111.30000305175781,113.08000183105469,0.0,236121500
2025-05-02,114.21196746826172,114.5,0.0,115.4000015258789,113.37000274658203,114.18000030517578,0.0,190194800
2025-05-05,113.53368377685547,113.81999969482422,0.0,114.66999816894531,112.66000366210938,112.91000366210938,0.0,133163200
2025-05-06,113.25438690185547,113.54000091552734,0.0,114.73999786376953,110.81999969482422,111.4800033569336,0.0,158525600
2025-05-07,116.7655258178711,117.05999755859375,0.0,117.68000030517578,112.27999877929688,113.05000305175781,0.0,206758800
2025-05-08,117.07474517822266,117.37000274658203,0.0,118.68000030517578,115.8499984741211,118.25,0.0,198428100
2025-05-09,116.3565673828125,116.6500015258789,0.0,118.2300033569336,115.20999908447266,117.3499984741211,0.0,132972200
2025-05-12,122.69058227539062,123.0,0.0,123.0,120.27999877929688,121.97000122070312,0.0,225023300
2025-05-13,129.60313415527344,129.92999267578125,0.0,131.22000122070312,124.47000122070312,124.9800033569336,0.0,330430100
2025-05-14,134.99954223632812,135.33999633789062,0.0,135.44000244140625,131.67999267578125,133.1999969482422,0.0,281180800
2025-05-15,134.49081420898438,134.8300018310547,0.0,136.3000030517578,132.66000366210938,134.2899932861328,0.0,226632600
2025-05-16,135.0593719482422,135.39999389648438,0.0,136.35000610351562,133.4600067138672,136.22000122070312,0.0,226542500
2025-05-19,135.2289581298828,135.57000732421875,0.0,135.8699951171875,132.38999938964844,132.38999938964844,0.0,193154600
2025-05-20,134.04197692871094,134.3800048828125,0.0,134.5800018310547,132.6199951171875,134.2899932861328,0.0,161514200
2025-05-21,131.4684600830078,131.8000030517578,0.0,137.39999389648438,130.58999633789062,133.05999755859375,0.0,270608700
2025-05-22,132.49586486816406,132.8300018310547,0.0,134.25,131.5500030517578,132.22999572753906,0.0,187344000
2025-05-23,130.95970153808594,131.2899932861328,0.0,132.67999267578125,129.16000366210938,130.0,0.0,198821300
2025-05-27,135.1591339111328,135.5,0.0,135.66000366210938,133.30999755859375,134.14999389648438,0.0,192953600
2025-05-28,134.4708709716797,134.80999755859375,0.0,137.25,134.7899932861328,136.02999877929688,0.0,304021100
2025-05-29,138.83984375,139.19000244140625,0.0,143.49000549316406,137.91000366210938,142.25,0.0,369241900
2025-05-30,134.79006958007812,135.1300048828125,0.0,139.6199951171875,132.9199981689453,138.72000122070312,0.0,333170900
2025-06-02,137.03440856933594,137.3800048828125,0.0,138.1199951171875,135.39999389648438,135.49000549316406,0.0,197663100
2025-06-03,140.86474609375,141.22000122070312,0.0,142.0,137.9499969482422,138.77999877929688,0.0,225578800
2025-06-04,141.56298828125,141.9199981689453,0.0,142.38999938964844,139.5399932861328,142.19000244140625,0.0,167120800
2025-06-05,139.6378631591797,139.99000549316406,0.0,144.0,138.8300018310547,142.1699981689453,0.0,231397900
2025-06-06,141.36349487304688,141.72000122070312,0.0,143.27000427246094,141.50999450683594,142.50999450683594,0.0,153986200
2025-06-09,142.2711944580078,142.6300048828125,0.0,145.0,141.94000244140625,143.19000244140625,0.0,185114500
2025-06-10,143.5978546142578,143.9600067138672,0.0,144.2899932861328,141.52999877929688,142.69000244140625,0.0,155881900
2025-06-11,142.4805908203125,142.8300018310547,0.01,144.99000549316406,141.8699951171875,144.61000061035156,0.0,167694000
2025-06-12,144.64527893066406,145.0,0.0,145.0,141.85000610351562,141.97000122070312,0.0,162365000
2025-06-13,141.62271118164062,141.97000122070312,0.0,143.5800018310547,140.85000610351562,142.47999572753906,0.0,180820600
2025-06-16,144.33604431152344,144.69000244140625,0.0,146.17999267578125,143.1999969482422,143.35000610351562,0.0,183133700
2025-06-17,143.76742553710938,144.1199951171875,0.0,145.22000122070312,143.77999877929688,144.49000549316406,0.0,139108000
2025-06-18,145.1240997314453,145.47999572753906,0.0,145.64999389648438,143.1199951171875,144.00999450683594,0.0,161494100
2025-06-20,143.4980926513672,143.85000610351562,0.0,146.1999969482422,142.64999389648438,145.4499969482422,0.0,242956200
2025-06-23,143.8173065185547,144.1699981689453,0.0,144.77999877929688,142.02999877929688,142.5,0.0,154308900
2025-06-24,147.53819274902344,147.89999389648438,0.0,147.9600067138672,145.5,145.55999755859375,0.0,187566100
2025-06-25,153.9324951171875,154.30999755859375,0.0,154.4499969482422,149.25999450683594,149.27000427246094,0.0,269146500
2025-06-26,154.64076232910156,155.02000427246094,0.0,156.72000122070312,154.0,155.97999572753906,0.0,198145700
2025-06-27,157.3640899658203,157.75,0.0,158.7100067138672,155.25999450683594,156.0399932861328,0.0,263234500
2025-06-30,157.603515625,157.99000549316406,0.0,158.66000366210938,155.9600067138672,158.39999389648438,0.0,194580300
2025-07-01,152.92498779296875,153.3000030517578,0.0,157.1999969482422,151.49000549316406,156.2899932861328,0.0,213143600
2025-07-02,156.86532592773438,157.25,0.0,157.60000610351562,152.97000122070312,152.97999572753906,0.0,171224100
2025-07-03,158.9501953125,159.33999633789062,0.0,160.97999572753906,157.77000427246094,158.3699951171875,0.0,143716100
2025-07-07,157.85289001464844,158.24000549316406,0.0,159.30999755859375,157.33999633789062,158.1999969482422,0.0,140139000
2025-07-08,159.6085968017578,160.0,0.0,160.22000122070312,158.38999938964844,159.3300018310547,0.0,138133000
2025-07-09,162.48153686523438,162.8800048828125,0.0,164.4199981689453,161.16000366210938,161.22000122070312,0.0,183656400
2025-07-10,163.6985626220703,164.10000610351562,0.0,164.5,161.61000061035156,164.32000732421875,0.0,167704100
2025-07-11,164.5165557861328,164.9199981689453,0.0,167.88999938964844,163.47000122070312,163.72000122070312,0.0,193633300
2025-07-14,163.66864013671875,164.07000732421875,0.0,165.49000549316406,162.02000427246094,165.3699951171875,0.0,136975800
2025-07-15,170.2824249267578,170.6999969482422,0.0,172.39999389648438,169.1999969482422,171.19000244140625,0.0,230627400
2025-07-16,170.95077514648438,171.3699951171875,0.0,171.75,168.89999389648438,171.05999755859375,0.0,158831500
2025-07-17,172.5767822265625,173.0,0.0,174.16000366210938,170.8300018310547,172.02000427246094,0.0,160841100
2025-07-18,171.98822021484375,172.41000366210938,0.0,174.25,171.25999450683594,173.63999938964844,0.0,146456400
2025-07-21,170.96075439453125,171.3800048828125,0.0,173.3800048828125,171.0,172.75,0.0,123126100
2025-07-22,166.6213836669922,167.02999877929688,0.0,171.38999938964844,164.5800018310547,171.33999633789062,0.0,193114300
2025-07-23,170.36221313476562,170.77999877929688,0.0,171.25999450683594,167.97000122070312,169.52999877929688,0.0,154082200
2025-07-24,173.31497192382812,173.74000549316406,0.0,173.8300018310547,171.3000030517578,172.44000244140625,0.0,128984600
2025-07-25,173.0755615234375,173.5,0.0,174.72000122070312,172.9600067138672,173.61000061035156,0.0,122316800
2025-07-28,176.31761169433594,176.75,0.0,177.0,173.97000122070312,174.02000427246094,0.0,140023500
2025-07-29,175.0806427001953,175.50999450683594,0.0,179.3800048828125,175.02000427246094,177.9600067138672,0.0,154077500
2025-07-30,178.8314666748047,179.27000427246094,0.0,179.88999938964844,176.0399932861328,176.50999450683594,0.0,174312200
2025-07-31,177.43487548828125,177.8699951171875,0.0,183.3000030517578,175.92999267578125,182.89999389648438,0.0,221685400
2025-08-01,173.29502868652344,173.72000122070312,0.0,176.5399932861328,170.88999938964844,174.08999633789062,0.0,204529000
2025-08-04,179.5596466064453,180.0,0.0,180.1999969482422,174.52000427246094,175.16000366210938,0.0,148174600
2025-08-05,177.82391357421875,178.25999450683594,0.0,180.25999450683594,175.89999389648438,179.6199951171875,0.0,156407600
2025-08-06,178.9810791015625,179.4199981689453,0.0,179.89999389648438,176.25,176.3300018310547,0.0,137192300
2025-08-07,180.32778930664062,180.77000427246094,0.0,183.8800048828125,178.8000030517578,181.57000732421875,0.0,151878400
2025-08-08,182.2530517578125,182.6999969482422,0.0,183.3000030517578,180.39999389648438,181.5500030517578,0.0,123396700
2025-08-11,181.6146240234375,182.05999755859375,0.0,183.83999633789062,180.25,182.0500030517578,0.0,138323200
2025-08-12,182.71192932128906,183.16000366210938,0.0,184.47999572753906,179.4600067138672,182.9600067138672,0.0,145485700
2025-08-13,181.145751953125,181.58999633789062,0.0,183.97000122070312,179.35000610351562,182.6199951171875,0.0,179871700
2025-08-14,181.57472229003906,182.02000427246094,0.0,183.02000427246094,179.4600067138672,179.75,0.0,129554000
2025-08-15,180.008544921875,180.4499969482422,0.0,181.89999389648438,178.0399932861328,181.8800048828125,0.0,156602200
2025-08-18,181.5647430419922,182.00999450683594,0.0,182.94000244140625,180.58999633789062,180.60000610351562,0.0,132008000
2025-08-19,175.21031188964844,175.63999938964844,0.0,182.5,175.49000549316406,182.42999267578125,0.0,185229200
2025-08-20,174.9709014892578,175.39999389648438,0.0,176.0,168.8000030517578,175.1699981689453,0.0,215142700
2025-08-21,174.55194091796875,174.97999572753906,0.0,176.89999389648438,173.80999755859375,174.85000610351562,0.0,140040900
2025-08-22,177.55458068847656,177.99000549316406,0.0,178.58999633789062,171.1999969482422,172.61000061035156,0.0,172789400
2025-08-25,179.37013244628906,179.80999755859375,0.0,181.91000366210938,176.57000732421875,178.35000610351562,0.0,163012800
2025-08-26,181.32533264160156,181.77000427246094,0.0,182.38999938964844,178.80999755859375,180.05999755859375,0.0,168688200
2025-08-27,181.15573120117188,181.60000610351562,0.0,182.49000549316406,179.10000610351562,181.97999572753906,0.0,235518900
2025-08-28,179.72923278808594,180.1699981689453,0.0,184.47000122070312,176.41000366210938,180.82000732421875,0.0,281787800
2025-08-29,173.75389099121094,174.17999267578125,0.0,178.14999389648438,173.14999389648438,178.11000061035156,0.0,243257900
2025-09-02,170.36221313476562,170.77999877929688,0.0,172.3800048828125,167.22000122070312,170.0,0.0,231164900
2025-09-03,170.20260620117188,170.6199951171875,0.0,172.41000366210938,168.8800048828125,171.05999755859375,0.0,164424900
2025-09-04,171.24008178710938,171.66000366210938,0.0,171.86000061035156,169.41000366210938,170.57000732421875,0.0,141670100
2025-09-05,166.61141967773438,167.02000427246094,0.0,169.02999877929688,164.07000732421875,168.02999877929688,0.0,224441400
2025-09-08,167.8982391357422,168.30999755859375,0.0,170.9600067138672,167.35000610351562,167.5500030517578,0.0,163769100
2025-09-09,170.3422393798828,170.75999450683594,0.0,170.97999572753906,166.74000549316406,169.08999633789062,0.0,157548400
2025-09-10,176.89620971679688,177.3300018310547,0.0,179.2899932861328,175.47000122070312,176.63999938964844,0.0,226852000
2025-09-11,176.7465362548828,177.1699981689453,0.01,180.27999877929688,176.47999572753906,179.67999267578125,0.0,151159300
2025-09-12,177.39501953125,177.82000732421875,0.0,178.60000610351562,176.4499969482422,177.77000427246094,0.0,124911000
2025-09-15,177.32516479492188,177.75,0.0,178.85000610351562,174.50999450683594,175.6699981689453,0.0,147061600
2025-09-16,174.46202087402344,174.8800048828125,0.0,177.5,174.3800048828125,177.0,0.0,140737800
2025-09-17,169.8829803466797,170.2899932861328,0.0,173.1999969482422,168.41000366210938,172.63999938964844,0.0,211843800
2025-09-18,175.8187713623047,176.24000549316406,0.0,177.10000610351562,172.9600067138672,173.97999572753906,0.0,191763300
2025-09-19,176.24774169921875,176.6699981689453,0.0,178.0800018310547,175.17999267578125,175.77000427246094,0.0,237182100
2025-09-22,183.17115783691406,183.61000061035156,0.0,184.5500030517578,174.7100067138672,175.3000030517578,0.0,269637000
2025-09-23,178.0035400390625,178.42999267578125,0.0,182.4199981689453,176.2100067138672,181.97000122070312,0.0,192559600
2025-09-24,176.54702758789062,176.97000122070312,0.0,179.77999877929688,175.39999389648438,179.77000427246094,0.0,143564100
2025-09-25,177.2653045654297,177.69000244140625,0.0,180.25999450683594,173.1300048828125,174.47999572753906,0.0,191586700
2025-09-26,177.76409912109375,178.19000244140625,0.0,179.77000427246094,174.92999267578125,178.1699981689453,0.0,148573700
2025-09-29,181.4153594970703,181.85000610351562,0.0,184.0,180.32000732421875,180.42999267578125,0.0,193063500
2025-09-30,186.13406372070312,186.5800018310547,0.0,187.35000610351562,181.47999572753906,182.0800018310547,0.0,236981000
2025-10-01,186.79248046875,187.24000549316406,0.0,188.13999938964844,183.89999389648438,185.24000549316406,0.0,173844900
2025-10-02,188.43853759765625,188.88999938964844,0.0,191.0500030517578,188.05999755859375,189.60000610351562,0.0,136805800
2025-10-03,187.17156982421875,187.6199951171875,0.0,190.36000061035156,185.3800048828125,189.19000244140625,0.0,137596900
2025-10-06,185.09654235839844,185.5399932861328,0.0,187.22999572753906,183.3300018310547,185.5,0.0,157678100
2025-10-07,184.5977325439453,185.0399932861328,0.0,189.05999755859375,184.0,186.22999572753906,0.0,140088000
2025-10-08,188.65802001953125,189.11000061035156,0.0,189.60000610351562,186.5399932861328,186.57000732421875,0.0,130168900
2025-10-09,192.10975646972656,192.57000732421875,0.0,195.3000030517578,191.05999755859375,192.22999572753906,0.0,182997200
2025-10-10,182.72222900390625,183.16000366210938,0.0,195.6199951171875,182.0500030517578,193.50999450683594,0.0,268774400
2025-10-13,187.86993408203125,188.32000732421875,0.0,190.11000061035156,185.9600067138672,187.97000122070312,0.0,153482800
2025-10-14,179.59971618652344,180.02999877929688,0.0,184.8000030517578,179.6999969482422,184.77000427246094,0.0,205641400
2025-10-15,179.4001922607422,179.8300018310547,0.0,184.8699951171875,177.2899932861328,184.8000030517578,0.0,214450500
2025-10-16,181.37545776367188,181.80999755859375,0.0,183.27999877929688,179.77000427246094,182.22999572753906,0.0,179723300
2025-10-17,182.7821044921875,183.22000122070312,0.0,184.10000610351562,179.75,180.17999267578125,0.0,173135200
2025-10-20,182.20347595214844,182.63999938964844,0.0,185.1999969482422,181.72999572753906,183.1300048828125,0.0,128544700
2025-10-21,180.72702026367188,181.16000366210938,0.0,182.7899932861328,179.8000030517578,182.7899932861328,0.0,124240200
2025-10-22,179.84912109375,180.27999877929688,0.0,183.44000244140625,176.75999450683594,181.13999938964844,0.0,162249600
2025-10-23,181.724609375,182.16000366210938,0.0,183.02999877929688,179.7899932861328,180.4199981689453,0.0,111363700
2025-10-24,185.8148193359375,186.25999450683594,0.0,187.47000122070312,183.5,183.83999633789062,0.0,131296700
2025-10-27,191.03233337402344,191.49000549316406,0.0,192.0,188.42999267578125,189.99000549316406,0.0,153452700
2025-10-28,200.54953002929688,201.02999877929688,0.0,203.14999389648438,191.91000366210938,193.0500030517578,0.0,297986200
2025-10-29,206.54513549804688,207.0399932861328,0.0,212.19000244140625,204.77999877929688,207.97999572753906,0.0,308829600
2025-10-30,202.4050750732422,202.88999938964844,0.0,206.16000366210938,201.41000366210938,205.14999389648438,0.0,178864400
2025-10-31,202.0060272216797,202.49000549316406,0.0,207.97000122070312,202.07000732421875,206.4499969482422,0.0,179802200
2025-11-03,206.38555908203125,206.8800048828125,0.0,211.33999633789062,205.55999755859375,208.0800018310547,0.0,180267300
2025-11-04,198.21511840820312,198.69000244140625,0.0,203.97000122070312,197.92999267578125,203.0,0.0,188919300
2025-11-05,194.74343872070312,195.2100067138672,0.0,202.9199981689453,194.64999389648438,198.77000427246094,0.0,171350300
2025-11-06,187.63046264648438,188.0800018310547,0.0,197.6199951171875,186.3800048828125,196.4199981689453,0.0,223029800
2025-11-07,187.70028686523438,188.14999389648438,0.0,188.32000732421875,178.91000366210938,184.89999389648438,0.0,264942300
2025-11-10,198.5742645263672,199.0500030517578,0.0,199.94000244140625,193.7899932861328,195.11000061035156,0.0,198897100
2025-11-11,192.69833374023438,193.16000366210938,0.0,195.4199981689453,191.3000030517578,195.16000366210938,0.0,176483300
2025-11-12,193.33680725097656,193.8000030517578,0.0,195.88999938964844,191.1300048828125,195.72000122070312,0.0,154935300
2025-11-13,186.41339111328125,186.86000061035156,0.0,191.44000244140625,183.85000610351562,191.0500030517578,0.0,207423100
2025-11-14,189.71546936035156,190.1699981689453,0.0,191.00999450683594,180.5800018310547,182.86000061035156,0.0,186591900
2025-11-17,186.15402221679688,186.60000610351562,0.0,189.0,184.32000732421875,185.97000122070312,0.0,173628900
2025-11-18,180.92654418945312,181.36000061035156,0.0,184.8000030517578,179.64999389648438,183.3800048828125,0.0,213598900
2025-11-19,186.07420349121094,186.52000427246094,0.0,187.86000061035156,182.8300018310547,184.7899932861328,0.0,247246400
2025-11-20,180.208251953125,180.63999938964844,0.0,196.0,179.85000610351562,195.9499969482422,0.0,343504800
2025-11-21,178.4524688720703,178.8800048828125,0.0,184.55999755859375,172.92999267578125,181.24000549316406,0.0,346926200
2025-11-24,182.11370849609375,182.5500030517578,0.0,183.5,176.47999572753906,179.49000549316406,0.0,256618300
2025-11-25,177.39501953125,177.82000732421875,0.0,178.16000366210938,169.5500030517578,174.91000366210938,0.0,320600300
2025-11-26,179.8291473388672,180.25999450683594,0.0,182.91000366210938,178.24000549316406,181.6300048828125,0.0,183852000
2025-11-28,176.57696533203125,177.0,0.0,179.2899932861328,176.5,179.00999450683594,0.0,121332800
2025-12-01,179.48995971679688,179.9199981689453,0.0,180.3000030517578,173.67999267578125,174.75999450683594,0.0,188131000
2025-12-02,181.0263214111328,181.4600067138672,0.0,185.66000366210938,180.0,181.75999450683594,0.0,182632200
2025-12-03,179.16075134277344,179.58999633789062,0.0,182.4499969482422,179.11000061035156,181.0800018310547,0.0,165138000
2025-12-04,182.95188903808594,183.3800048828125,0.01,184.52000427246094,179.9600067138672,181.6199951171875,0.0,167364900
2025-12-05,181.98414611816406,182.41000366210938,0.0,184.66000366210938,180.91000366210938,183.88999938964844,0.0,143971100
2025-12-08,185.1168212890625,185.5500030517578,0.0,188.0,182.39999389648438,182.63999938964844,0.0,204378100
2025-12-09,184.53817749023438,184.97000122070312,0.0,185.72000122070312,183.32000732421875,185.55999755859375,0.0,144719700
2025-12-10,183.35096740722656,183.77999877929688,0.0,185.47999572753906,182.0399932861328,184.97000122070312,0.0,162785400
2025-12-11,180.50759887695312,180.92999267578125,0.0,181.32000732421875,176.6199951171875,180.27999877929688,0.0,182136600
2025-12-12,174.61141967773438,175.02000427246094,0.0,182.82000732421875,174.6199951171875,181.11000061035156,0.0,204274900
2025-12-15,175.87843322753906,176.2899932861328,0.0,178.4199981689453,175.02999877929688,177.94000244140625,0.0,164775600
2025-12-16,177.3050994873047,177.72000122070312,0.0,178.49000549316406,174.89999389648438,176.25999450683594,0.0,148588100
2025-12-17,170.54092407226562,170.94000244140625,0.0,176.1300048828125,170.30999755859375,176.10000610351562,0.0,222775500
2025-12-18,173.73345947265625,174.13999938964844,0.0,176.14999389648438,171.82000732421875,174.52999877929688,0.0,176096000
2025-12-19,180.56748962402344,180.99000549316406,0.0,181.4499969482422,176.33999633789062,176.6699981689453,0.0,324925900
2025-12-22,183.26116943359375,183.69000244140625,0.0,184.16000366210938,182.35000610351562,183.9199981689453,0.0,129064400
2025-12-23,188.76829528808594,189.2100067138672,0.0,189.3300018310547,182.89999389648438,182.97000122070312,0.0,174873600
2025-12-24,188.169677734375,188.61000061035156,0.0,188.91000366210938,186.58999633789062,187.94000244140625,0.0,65528500
2025-12-26,190.085205078125,190.52999877929688,0.0,192.69000244140625,188.0,189.9199981689453,0.0,139740300
2025-12-29,187.7805938720703,188.22000122070312,0.0,188.75999450683594,185.91000366210938,187.7100067138672,0.0,120006100
2025-12-30,187.1021728515625,187.5399932861328,0.0,188.99000549316406,186.92999267578125,188.24000549316406,0.0,97687300
2025-12-31,186.06460571289062,186.5,0.0,190.55999755859375,186.49000549316406,189.57000732421875,0.0,120100500
2026-01-02,188.4091339111328,188.85000610351562,0.0,192.92999267578125,188.25999450683594,189.83999633789062,0.0,148240500
2026-01-05,187.68081665039062,188.1199951171875,0.0,193.6300048828125,186.14999389648438,191.75999450683594,0.0,183529700
2026-01-06,186.80288696289062,187.24000549316406,0.0,192.1699981689453,186.82000732421875,190.52000427246094,0.0,176862600
2026-01-07,188.66851806640625,189.11000061035156,0.0,191.3699951171875,186.55999755859375,188.57000732421875,0.0,153543200
2026-01-08,184.60801696777344,185.0399932861328,0.0,189.5500030517578,183.7100067138672,189.11000061035156,0.0,172457000
2026-01-09,184.42843627929688,184.86000061035156,0.0,186.33999633789062,183.6699981689453,185.0800018310547,0.0,131327500
2026-01-12,184.5082550048828,184.94000244140625,0.0,187.1199951171875,183.02000427246094,183.22000122070312,0.0,137968500
2026-01-13,185.37620544433594,185.80999755859375,0.0,188.11000061035156,183.39999389648438,185.0,0.0,160128900
2026-01-14,182.71246337890625,183.13999938964844,0.0,184.4600067138672,180.8000030517578,184.32000732421875,0.0,159586100
2026-01-15,186.6133270263672,187.0500030517578,0.0,189.6999969482422,186.3300018310547,186.5,0.0,206188600
2026-01-16,185.7952423095703,186.22999572753906,0.0,190.44000244140625,186.0800018310547,189.0800018310547,0.0,187967200
2026-01-20,177.65431213378906,178.07000732421875,0.0,182.3800048828125,177.61000061035156,181.89999389648438,0.0,223345300
2026-01-21,182.89202880859375,183.32000732421875,0.0,185.3800048828125,178.39999389648438,179.0500030517578,0.0,200381000
2026-01-22,184.40847778320312,184.83999633789062,0.0,186.1699981689453,183.92999267578125,184.75,0.0,139636600
2026-01-23,187.23187255859375,187.6699981689453,0.0,189.60000610351562,186.82000732421875,187.5,0.0,142748100
2026-01-26,186.03468322753906,186.47000122070312,0.0,189.1199951171875,185.99000549316406,187.16000366210938,0.0,124799600
2026-01-27,188.07989501953125,188.52000427246094,0.0,190.0,185.6999969482422,187.24000549316406,0.0,143711600
2026-01-28,191.0728759765625,191.52000427246094,0.0,192.35000610351562,189.83999633789062,191.27000427246094,0.0,148552700
2026-01-29,192.06057739257812,192.50999450683594,0.0,193.47999572753906,186.05999755859375,191.33999633789062,0.0,171764400
2026-01-30,190.68380737304688,191.1300048828125,0.0,194.49000549316406,189.47000122070312,191.2100067138672,0.0,179489500
2026-02-02,185.1766815185547,185.61000061035156,0.0,190.3000030517578,184.8800048828125,187.1999969482422,0.0,165794100
2026-02-03,179.91897583007812,180.33999633789062,0.0,186.27000427246094,176.22999572753906,186.24000549316406,0.0,204019600
2026-02-04,173.78335571289062,174.19000244140625,0.0,179.5800018310547,171.91000366210938,179.4600067138672,0.0,207014100
2026-02-05,171.47874450683594,171.8800048828125,0.0,176.82000732421875,171.02999877929688,174.92999267578125,0.0,206312900
2026-02-06,184.9771728515625,185.41000366210938,0.0,187.0,174.60000610351562,176.69000244140625,0.0,231346200
2026-02-09,189.59632873535156,190.0399932861328,0.0,193.66000366210938,183.9499969482422,184.25999450683594,0.0,196387400
2026-02-10,188.099853515625,188.5399932861328,0.0,192.47999572753906,188.1199951171875,191.3800048828125,0.0,136764800
2026-02-11,189.6063232421875,190.0500030517578,0.0,193.25999450683594,188.77000427246094,192.4499969482422,0.0,144192700
2026-02-12,186.5035858154297,186.94000244140625,0.0,193.61000061035156,186.50999450683594,193.02999877929688,0.0,189932500
2026-02-13,182.3832244873047,182.80999755859375,0.0,187.5,181.58999633789062,187.47999572753906,0.0,161888000
2026-02-17,184.53817749023438,184.97000122070312,0.0,187.14999389648438,179.17999267578125,181.75,0.0,162276900
2026-02-18,187.5411376953125,187.97999572753906,0.0,190.3699951171875,186.75999450683594,188.75,0.0,164749100
2026-02-19,187.46133422851562,187.89999389648438,0.0,188.42999267578125,185.66000366210938,187.05999755859375,0.0,126554500
2026-02-20,189.37686157226562,189.82000732421875,0.0,190.3300018310547,185.94000244140625,186.57000732421875,0.0,178422300
2026-02-23,191.10281372070312,191.5500030517578,0.0,193.9499969482422,189.5800018310547,191.39999389648438,0.0,171584800
2026-02-24,192.39979553222656,192.85000610351562,0.0,193.77000427246094,187.39999389648438,191.49000549316406,0.0,175123600
2026-02-25,195.10345458984375,195.55999755859375,0.0,197.6300048828125,193.7899932861328,194.4499969482422,0.0,250637100
2026-02-26,184.4583740234375,184.88999938964844,0.0,194.2899932861328,184.32000732421875,194.27000427246094,0.0,360807900
2026-02-27,176.77635192871094,177.19000244140625,0.0,182.58999633789062,176.3800048828125,181.25,0.0,311636500
2026-03-02,182.05398559570312,182.47999572753906,0.0,183.4600067138672,174.63999938964844,175.00999450683594,0.0,209095300
2026-03-03,179.62966918945312,180.0500030517578,0.0,180.89999389648438,176.9199981689453,178.49000549316406,0.0,178099400
2026-03-04,182.6126708984375,183.0399932861328,0.0,184.6999969482422,180.05999755859375,180.44000244140625,0.0,177731200
2026-03-05,182.91197204589844,183.33999633789062,0.0,184.05999755859375,177.8800048828125,181.1699981689453,0.0,198779700
2026-03-06,177.40489196777344,177.82000732421875,0.0,182.75999450683594,176.82000732421875,179.83999633789062,0.0,189021900
2026-03-09,182.2235870361328,182.64999389648438,0.0,182.91000366210938,175.55999755859375,176.8300018310547,0.0,177213600
2026-03-10,184.33863830566406,184.77000427246094,0.0,186.44000244140625,182.00999450683594,182.39999389648438,0.0,179118500
2026-03-11,185.60574340820312,186.02999877929688,0.01,187.6199951171875,184.4499969482422,185.91000366210938,0.0,145280400
2026-03-12,182.72235107421875,183.13999938964844,0.0,184.94000244140625,181.75,184.0500030517578,0.0,155762700
2026-03-13,179.83892822265625,180.25,0.0,186.08999633789062,179.94000244140625,184.9199981689453,0.0,160988400
2026-03-16,182.8021697998047,183.22000122070312,0.0,188.8800048828125,181.41000366210938,182.97000122070312,0.0,217307400
2026-03-17,181.5150909423828,181.92999267578125,0.0,185.39999389648438,181.67999267578125,185.05999755859375,0.0,182497800
2026-03-18,179.98858642578125,180.39999389648438,0.0,183.3800048828125,180.3300018310547,182.47999572753906,0.0,156683100
2026-03-19,178.1527862548828,178.55999755859375,0.0,179.97999572753906,175.7899932861328,178.00999450683594,0.0,170968500
2026-03-20,172.30613708496094,172.6999969482422,0.0,178.25999450683594,171.72000122070312,178.0,0.0,241323500
2026-03-23,175.23944091796875,175.63999938964844,0.0,178.3699951171875,174.75999450683594,177.25999450683594,0.0,182836300
2026-03-24,174.80044555664062,175.1999969482422,0.0,176.22000122070312,173.97999572753906,174.8300018310547,0.0,147667800
2026-03-25,178.2725067138672,178.67999267578125,0.0,181.22000122070312,176.85000610351562,177.10000610351562,0.0,162602100
2026-03-26,170.8494873046875,171.24000549316406,0.0,176.50999450683594,171.13999938964844,176.07000732421875,0.0,186152200
2026-03-27,167.13795471191406,167.52000427246094,0.0,170.97000122070312,167.00999450683594,170.0,0.0,196212700
2026-03-30,164.79331970214844,165.1699981689453,0.0,169.4499969482422,164.27000427246094,168.77999877929688,0.0,185627000
2026-03-31,174.0022735595703,174.39999389648438,0.0,174.6199951171875,166.9600067138672,166.97000122070312,0.0,226181300
2026-04-01,175.3491973876953,175.75,0.0,177.3699951171875,174.75,176.0,0.0,168132000
2026-04-02,176.98544311523438,177.38999938964844,0.0,177.49000549316406,171.3699951171875,172.17999267578125,0.0,143143200
2026-04-06,177.23487854003906,177.63999938964844,0.0,177.7899932861328,175.75999450683594,177.16000366210938,0.0,107564300
2026-04-07,177.69383239746094,178.10000610351562,0.0,178.22999572753906,173.66000366210938,175.72999572753906,0.0,132534900
2026-04-08,181.66476440429688,182.0800018310547,0.0,185.25999450683594,180.3000030517578,184.5,0.0,147732700
2026-04-09,183.49058532714844,183.91000366210938,0.0,184.0800018310547,180.6199951171875,181.83999633789062,0.0,116428500
2026-04-10,188.1998291015625,188.6300048828125,0.0,190.0,184.3000030517578,184.30999755859375,0.0,160459500
2026-04-13,188.87826538085938,189.30999755859375,0.0,189.66000366210938,185.74000549316406,186.02999877929688,0.0,133648200
2026-04-14,196.0618438720703,196.50999450683594,0.0,196.50999450683594,190.77000427246094,190.83999633789062,0.0,161307000
2026-04-15,198.41647338867188,198.8699951171875,0.0,200.39999389648438,195.74000549316406,196.5399932861328,0.0,185338400
2026-04-16,197.8976593017578,198.35000610351562,0.0,199.85000610351562,195.80999755859375,197.42999267578125,0.0,134012900
2026-04-17,201.2200469970703,201.67999267578125,0.0,201.6999969482422,199.27000427246094,199.89999389648438,0.0,160324400
2026-04-20,201.59918212890625,202.05999755859375,0.0,202.1699981689453,197.83999633789062,199.97999572753906,0.0,119381400
2026-04-21,199.42417907714844,199.8800048828125,0.0,202.75,199.0,202.1300048828125,0.0,107945300
2026-04-22,202.03819274902344,202.5,0.0,202.5,199.0,200.99000549316406,0.0,107501000
2026-04-23,199.18470764160156,199.63999938964844,0.0,203.8300018310547,197.22000122070312,202.4600067138672,0.0,113561800
2026-04-24,207.79502868652344,208.27000427246094,0.0,210.9499969482422,199.80999755859375,199.9600067138672,0.0,214134400
2026-04-27,216.1160125732422,216.61000061035156,0.0,216.8300018310547,207.3800048828125,209.64999389648438,0.0,187172400
2026-04-28,212.68385314941406,213.1699981689453,0.0,214.72999572753906,208.1999969482422,209.49000549316406,0.0,180275400
2026-04-29,208.77279663085938,209.25,0.0,212.72000122070312,207.5800018310547,212.6999969482422,0.0,123711800
2026-04-30,199.11488342285156,199.57000732421875,0.0,210.3000030517578,198.6999969482422,209.92999267578125,0.0,225239200
2026-05-01,197.99742126464844,198.4499969482422,0.0,203.0,197.1199951171875,201.27999877929688,0.0,128647000
2026-05-04,198.02734375,198.47999572753906,0.0,201.72999572753906,194.74000549316406,199.5,0.0,125368100
2026-05-05,196.05186462402344,196.5,0.0,200.24000549316406,196.02999877929688,199.3000030517578,0.0,113406600
2026-05-06,207.3560333251953,207.8300018310547,0.0,208.27000427246094,198.61000061035156,199.88999938964844,0.0,188362800
2026-05-07,211.01766967773438,211.5,0.0,214.1999969482422,206.5,208.33999633789062,0.0,168307900
2026-05-08,214.709228515625,215.1999969482422,0.0,217.8000030517578,212.88999938964844,213.02999877929688,0.0,136421400
2026-05-11,218.93955993652344,219.44000244140625,0.0,222.3000030517578,213.88999938964844,214.0399932861328,0.0,160685800
2026-05-12,220.27650451660156,220.77999877929688,0.0,223.75,214.9199981689453,218.5500030517578,0.0,159176600
2026-05-13,225.3149871826172,225.8300018310547,0.0,227.83999633789062,221.57000732421875,224.92999267578125,0.0,150405400
2026-05-14,235.202392578125,235.74000549316406,0.0,236.5399932861328,229.3000030517578,229.85000610351562,0.0,180782900
2026-05-15,224.80616760253906,225.32000732421875,0.0,231.5,224.24000549316406,229.75999450683594,0.0,180977600
2026-05-18,221.81300354003906,222.32000732421875,0.0,230.0,218.3699951171875,229.8699951171875,0.0,146280900
2026-05-19,220.1068878173828,220.61000061035156,0.0,224.47999572753906,217.91000366210938,219.6199951171875,0.0,140948200
2026-05-20,222.9603729248047,223.47000122070312,0.0,226.1300048828125,220.5,223.17999267578125,0.0,184201600
2026-05-21,219.0093994140625,219.50999450683594,0.0,227.39999389648438,217.92999267578125,222.2899932861328,0.0,203381800
2026-05-22,214.83892822265625,215.3300018310547,0.0,221.00999450683594,214.8000030517578,220.89999389648438,0.0,169275700
2026-05-26,214.37001037597656,214.86000061035156,0.0,218.17999267578125,212.0,216.5399932861328,0.0,187202600
2026-05-27,212.1151580810547,212.60000610351562,0.0,214.14999389648438,208.77999877929688,214.1199951171875,0.0,167601200
2026-05-28,213.76138305664062,214.25,0.0,215.52000427246094,211.22000122070312,211.27999877929688,0.0,143996000
2026-05-29,210.6584930419922,211.13999938964844,0.0,217.86000061035156,211.1300048828125,214.5800018310547,0.0,289410600
2026-06-01,223.8483428955078,224.36000061035156,0.0,224.8699951171875,215.6999969482422,215.72999572753906,0.0,212850700
2026-06-02,222.3118438720703,222.82000732421875,0.0,232.27999877929688,221.35000610351562,227.17999267578125,0.0,193362900
2026-06-03,214.26025390625,214.75,0.0,222.82000732421875,214.50999450683594,221.72000122070312,0.0,160907000
2026-06-04,218.4156036376953,218.66000366210938,0.25,221.60000610351562,210.97000122070312,213.91000366210938,0.0,169022200
2026-06-05,204.87075805664062,205.10000610351562,0.0,214.8699951171875,204.3300018310547,214.52999877929688,0.0,219655500
2026-06-08,208.40679931640625,208.63999938964844,0.0,210.47000122070312,206.0,210.17999267578125,0.0,138372800
2026-06-09,207.95730590820312,208.19000244140625,0.0,211.39999389648438,199.33999633789062,210.6199951171875,0.0,180962500
2026-06-10,200.19598388671875,200.4199981689453,0.0,207.22000122070312,199.9199981689453,204.42999267578125,0.0,161746600
2026-06-11,204.64100646972656,204.8699951171875,0.0,205.66000366210938,199.5399932861328,201.49000549316406,0.0,158643200
2026-06-12,204.96066284179688,205.19000244140625,0.0,207.07000732421875,203.44000244140625,204.86000061035156,0.0,112001800
2026-06-15,212.21253967285156,212.4499969482422,0.0,212.7100067138672,208.33999633789062,208.9199981689453,0.0,149936700
2026-06-16,207.1781768798828,207.41000366210938,0.0,211.49000549316406,207.2899932861328,211.17999267578125,0.0,125694100
2026-06-17,204.42124938964844,204.64999389648438,0.0,209.2100067138672,203.0800018310547,208.52999877929688,0.0,128363500
2026-06-18,210.4545135498047,210.69000244140625,0.0,211.38999938964844,206.5,207.3300018310547,0.0,241272000
2026-06-22,208.41677856445312,208.64999389648438,0.0,213.99000549316406,207.72000122070312,211.44000244140625,0.0,122041400
2026-06-23,199.81640625,200.0399932861328,0.0,203.77000427246094,200.0,202.1699981689453,0.0,153496200
2026-06-24,198.77757263183594,199.0,0.0,201.6699981689453,196.5800018310547,200.1199951171875,0.0,151810700
2026-06-25,195.52122497558594,195.74000549316406,0.0,200.8000030517578,192.1300048828125,200.0800018310547,0.0,149550000
2026-06-26,192.31480407714844,192.52999877929688,0.0,195.5500030517578,191.22000122070312,193.1199951171875,0.0,179304100
2026-06-29,194.7520751953125,194.97000122070312,0.0,196.17999267578125,189.8000030517578,193.85000610351562,0.0,148835700
2026-06-30,199.86634826660156,200.08999633789062,0.0,200.6300048828125,195.11000061035156,197.24000549316406,0.0,166476700
2026-07-01,197.35916137695312,197.5800018310547,0.0,199.85000610351562,193.4499969482422,196.1999969482422,0.0,146147600
2026-07-02,194.61224365234375,194.8300018310547,0.0,200.05999755859375,192.35000610351562,197.13999938964844,0.0,142068700
2026-07-06,195.33143615722656,195.5500030517578,0.0,197.5500030517578,193.99000549316406,194.4199981689453,0.0,108999000
2026-07-07,196.7098846435547,196.92999267578125,0.0,198.41000366210938,191.13999938964844,192.3699951171875,0.0,124154600
2026-07-08,203.891845703125,204.1199951171875,0.0,205.16000366210938,195.05999755859375,195.17999267578125,0.0,147419100
2026-07-09,202.5533447265625,202.77999877929688,0.0,204.58999633789062,198.9600067138672,204.4600067138672,0.0,132037400
2026-07-10,210.72421264648438,210.9600067138672,0.0,211.0,201.9199981689453,202.0,0.0,148421000
2026-07-13,203.30250549316406,203.52999877929688,0.0,210.57000732421875,203.0,208.5399932861328,0.0,121411000
2026-07-14,211.5632781982422,211.8000030517578,0.0,212.5500030517578,203.8000030517578,208.1999969482422,0.0,124379600
2026-07-15,212.26248168945312,212.5,0.0,213.80999755859375,206.0399932861328,211.9600067138672,0.0,124797200
2026-07-16,207.16818237304688,207.39999389648438,0.0,211.0800018310547,205.85000610351562,210.1699981689453,0.0,122986100
2026-07-17,202.58331298828125,202.80999755859375,0.0,206.64999389648438,197.97000122070312,202.63999938964844,0.0,144281900
2026-07-20,203.05279541015625,203.27999877929688,0.0,207.74000549316406,202.27999877929688,205.8699951171875,0.0,88701500
2026-07-21,207.0583038330078,207.2899932861328,0.0,208.64999389648438,204.00999450683594,207.5399932861328,0.0,108685600
2026-07-22,211.82298278808594,212.05999755859375,0.0,214.38999938964844,204.9499969482422,205.80999755859375,0.0,137645600
2026-07-23,208.5266571044922,208.75999450683594,0.0,210.8699951171875,205.9600067138672,209.4600067138672,0.0,110505300
2026-07-24,206.6088104248047,206.83999633789062,0.0,211.91000366210938,204.80999755859375,207.4499969482422,0.0,114836800
2026-07-27,196.2903594970703,196.50999450683594,0.0,208.75,195.44000244140625,208.1999969482422,0.0,154353700
2026-07-28,196.789794921875,197.00999450683594,0.0,198.6999969482422,192.74000549316406,195.0,0.0,134111500
2026-07-29,189.79762268066406,190.00999450683594,0.0,197.07000732421875,190.00999450683594,195.85000610351562,0.0,147680800
2026-07-30,194.82199096679688,195.0399932861328,0.0,197.25,191.52000427246094,193.4499969482422,0.0,129010200
2026-07-31,200.52561950683594,200.75,0.0,202.0,194.9499969482422,198.44000244140625,0.0,139961200
2026-08-03,206.40904235839844,206.63999938964844,0.0,208.74000549316406,196.85000610351562,197.69000244140625,0.0,128406900
2026-08-04,211.70310974121094,211.94000244140625,0.0,213.05999755859375,209.0500030517578,211.3000030517578,0.0,134922000
2026-08-05,218.9749755859375,219.22000122070312,0.0,222.22000122070312,216.39999389648438,216.86000061035156,0.0,158187400
2026-08-06,218.7452392578125,218.99000549316406,0.0,223.6300048828125,217.0,221.52999877929688,0.0,113940600
2026-08-07,223.70968627929688,223.9600067138672,0.0,224.75999450683594,220.66000366210938,221.5399932861328,0.0,105669400
2026-08-10,217.3068389892578,217.5500030517578,0.0,224.13999938964844,216.77000427246094,223.39999389648438,0.0,115846600
2026-08-11,217.25689697265625,217.5,0.0,222.1999969482422,216.1999969482422,222.1699981689453,0.0,101273100
2026-08-12,223.8395233154297,224.08999633789062,0.0,225.10000610351562,220.1999969482422,221.0399932861328,0.0,108783600
2026-08-13,225.04818725585938,225.3000030517578,0.0,227.22999572753906,223.7100067138672,225.05999755859375,0.0,98867200
2026-08-14,224.90834045410156,225.16000366210938,0.0,227.49000549316406,224.5,226.77000427246094,0.0,75680900
2026-08-17,224.7584991455078,225.00999450683594,0.0,227.9199981689453,224.86000061035156,225.97999572753906,0.0,93678700
2026-08-18,219.49440002441406,219.74000549316406,0.0,221.63999938964844,218.69000244140625,220.4499969482422,0.0,103128200
2026-08-19,217.31683349609375,217.55999755859375,0.0,222.8699951171875,216.75999450683594,221.6699981689453,0.0,96797300
2026-08-20,216.60763549804688,216.85000610351562,0.0,219.86000061035156,215.66000366210938,218.36000061035156,0.0,92457000
2026-08-21,214.48001098632812,214.72000122070312,0.0,218.74000549316406,214.5,218.4199981689453,0.0,98869300
2026-08-24,208.24697875976562,208.47999572753906,0.0,215.58999633789062,207.25,215.52999877929688,0.0,135187300
2026-08-25,212.81187438964844,213.0500030517578,0.0,214.72999572753906,210.11000061035156,211.02999877929688,0.0,122309000
2026-08-26,209.4256591796875,209.66000366210938,0.0,213.60000610351562,209.22999572753906,212.63999938964844,0.0,179900000
2026-08-27,227.7251739501953,227.97999572753906,0.0,230.47000122070312,220.89999389648438,222.86000061035156,0.0,298909800
2026-08-28,217.3068389892578,217.5500030517578,0.0,229.25999450683594,216.80999755859375,227.36000061035156,0.0,195116400
2026-08-31,220.53323364257812,220.77999877929688,0.0,221.3000030517578,216.2100067138672,218.8699951171875,0.0,124702700
2026-09-01,217.1969757080078,217.44000244140625,0.0,220.41000366210938,215.10000610351562,216.75,0.0,109756200
2026-09-02,224.1591796875,224.41000366210938,0.0,227.9499969482422,218.47999572753906,218.7899932861328,0.0,157104700
2026-09-03,228.1946563720703,228.4499969482422,0.0,230.39999389648438,224.75,226.02000427246094,0.0,134681600
2026-09-04,230.10252380371094,230.36000061035156,0.0,234.75999450683594,229.6300048828125,231.08999633789062,0.0,135352400
2026-09-08,225.47769165039062,225.72999572753906,0.0,233.7100067138672,224.85000610351562,233.11000061035156,0.0,122965600
2026-09-09,223.4199981689453,223.6699981689453,0.0,226.17999267578125,223.4600067138672,225.27999877929688,0.0,82955500
2026-09-10,218.36000061035156,218.36000061035156,0.25,220.99000549316406,217.1999969482422,220.52999877929688,0.0,105768000
2026-09-11,218.2899932861328,218.2899932861328,0.0,222.0,218.14999389648438,221.24000549316406,0.0,89060100
2026-09-14,210.9600067138672,210.9600067138672,0.0,212.77000427246094,208.92999267578125,211.24000549316406,0.0,132267200
2026-09-15,212.1699981689453,212.1699981689453,0.0,213.94000244140625,211.16000366210938,213.3800048828125,0.0,88059700
2026-09-16,213.89999389648438,213.89999389648438,0.0,216.75999450683594,212.5,214.13999938964844,0.0,96563600
2026-09-17,219.33999633789062,219.33999633789062,0.0,219.91000366210938,217.14999389648438,218.3800048828125,0.0,94191300
2026-09-18,222.27000427246094,222.27000427246094,0.0,222.72999572753906,218.02999877929688,219.35000610351562,0.0,190287400
2026-09-21,227.3800048828125,227.3800048828125,0.0,228.5,221.55999755859375,222.94000244140625,0.0,109806100
2026-09-22,228.8699951171875,228.8699951171875,0.0,229.97999572753906,226.5,226.85000610351562,0.0,95746700
2026-09-23,225.50999450683594,225.50999450683594,0.0,228.9499969482422,224.02000427246094,228.02999877929688,0.0,89547300
2026-09-24,224.5800018310547,224.5800018310547,0.0,224.94000244140625,221.08999633789062,222.0800018310547,0.0,77469900
2026-09-25,225.07000732421875,225.07000732421875,0.0,226.94000244140625,223.1300048828125,225.1300048828125,0.0,89947700
2026-09-28,228.86000061035156,228.86000061035156,0.0,233.2100067138672,228.0399932861328,229.75,0.0,142344300
2026-09-29,227.2100067138672,227.2100067138672,0.0,232.82000732421875,227.02999877929688,230.97000122070312,0.0,101494900
2026-09-30,228.3800048828125,228.3800048828125,0.0,232.3699951171875,228.1699981689453,229.27000427246094,0.0,121732200
