feature_name,candidate_feature,training_row_count,training_non_null_count,training_coverage,used,drop_reason,training_median,training_mean_after_imputation,training_std_after_imputation,scaler_scale,feature_position,coefficient,intercept,fold_id,model,representation,ridge_alpha,fit_target
simple_return,True,248,248,1.0,True,used,0.0038091465709463,0.0038834530193630613,0.03669615867840589,0.03669615867840589,0,-0.2400248675256053,0.01597428577500286,2021Q1,original_ols,original,,forward_return_5d
log_return,True,248,248,1.0,True,used,0.0038019070233774504,0.0032003175324745482,0.03688726400964991,0.03688726400964991,1,0.2398838430292345,0.01597428577500286,2021Q1,original_ols,original,,forward_return_5d
intraday_return,True,248,248,1.0,True,used,0.00156811968523725,0.0015378817037609957,0.026884342436535234,0.026884342436535234,2,-0.004552825872410071,0.01597428577500286,2021Q1,original_ols,original,,forward_return_5d
daily_range,True,248,248,1.0,True,used,0.0337176914759315,0.03945119143583599,0.023876387684505205,0.023876387684505205,3,0.009673674283483744,0.01597428577500286,2021Q1,original_ols,original,,forward_return_5d
sma_5,True,248,248,1.0,True,used,9.3729998588562,9.768972994819764,2.9156058137261556,2.9156058137261556,4,-0.0938077972513975,0.01597428577500286,2021Q1,original_ols,original,,forward_return_5d
sma_20,True,248,248,1.0,True,used,9.128937435150146,9.542192294905263,2.9000388118881033,2.9000388118881033,5,0.09357243142837324,0.01597428577500286,2021Q1,original_ols,original,,forward_return_5d
sma_60,True,248,248,1.0,True,used,8.156412494182586,8.892129235786777,2.7899491607706306,2.7899491607706306,6,-0.010185876523485517,0.01597428577500286,2021Q1,original_ols,original,,forward_return_5d
rolling_volatility_20,True,248,248,1.0,True,used,0.0258617380247042,0.03267010060382177,0.017870949347165835,0.017870949347165835,7,-0.0026036720860323874,0.01597428577500286,2021Q1,original_ols,original,,forward_return_5d
rolling_volatility_60,True,248,248,1.0,True,used,0.0297467548833106,0.033826736191299014,0.01380929802925044,0.01380929802925044,8,0.008812288270062025,0.01597428577500286,2021Q1,original_ols,original,,forward_return_5d
simple_return,True,248,248,1.0,True,used,0.0038091465709463,0.0038834530193630613,0.03669615867840589,0.03669615867840589,0,-0.03297089381384847,0.015974285775002862,2021Q1,original_ridge_alpha1,original,1.0,forward_return_5d
log_return,True,248,248,1.0,True,used,0.0038019070233774504,0.0032003175324745482,0.03688726400964991,0.03688726400964991,1,0.03303939464332424,0.015974285775002862,2021Q1,original_ridge_alpha1,original,1.0,forward_return_5d
intraday_return,True,248,248,1.0,True,used,0.00156811968523725,0.0015378817037609957,0.026884342436535234,0.026884342436535234,2,-0.005645556924689425,0.015974285775002862,2021Q1,original_ridge_alpha1,original,1.0,forward_return_5d
daily_range,True,248,248,1.0,True,used,0.0337176914759315,0.03945119143583599,0.023876387684505205,0.023876387684505205,3,0.006000161869878389,0.015974285775002862,2021Q1,original_ridge_alpha1,original,1.0,forward_return_5d
sma_5,True,248,248,1.0,True,used,9.3729998588562,9.768972994819764,2.9156058137261556,2.9156058137261556,4,-0.058425400468778185,0.015974285775002862,2021Q1,original_ridge_alpha1,original,1.0,forward_return_5d
sma_20,True,248,248,1.0,True,used,9.128937435150146,9.542192294905263,2.9000388118881033,2.9000388118881033,5,0.045396627906489434,0.015974285775002862,2021Q1,original_ridge_alpha1,original,1.0,forward_return_5d
sma_60,True,248,248,1.0,True,used,8.156412494182586,8.892129235786777,2.7899491607706306,2.7899491607706306,6,0.0035100424217947837,0.015974285775002862,2021Q1,original_ridge_alpha1,original,1.0,forward_return_5d
rolling_volatility_20,True,248,248,1.0,True,used,0.0258617380247042,0.03267010060382177,0.017870949347165835,0.017870949347165835,7,-0.003718738871880006,0.015974285775002862,2021Q1,original_ridge_alpha1,original,1.0,forward_return_5d
rolling_volatility_60,True,248,248,1.0,True,used,0.0297467548833106,0.033826736191299014,0.01380929802925044,0.01380929802925044,8,0.008543009331057646,0.015974285775002862,2021Q1,original_ridge_alpha1,original,1.0,forward_return_5d
simple_return,True,248,248,1.0,True,used,0.0038091465709463,0.0038834530193630613,0.03669615867840589,0.03669615867840589,0,-0.2355199895582267,0.01597428577500286,2021Q1,relative_ols,relative,,forward_return_5d
log_return,True,248,248,1.0,True,used,0.0038019070233774504,0.0032003175324745482,0.03688726400964991,0.03688726400964991,1,0.2508897525609095,0.01597428577500286,2021Q1,relative_ols,relative,,forward_return_5d
intraday_return,True,248,248,1.0,True,used,0.00156811968523725,0.0015378817037609957,0.026884342436535234,0.026884342436535234,2,-0.007005596415791793,0.01597428577500286,2021Q1,relative_ols,relative,,forward_return_5d
daily_range,True,248,248,1.0,True,used,0.0337176914759315,0.03945119143583599,0.023876387684505205,0.023876387684505205,3,0.00463620193716472,0.01597428577500286,2021Q1,relative_ols,relative,,forward_return_5d
close_to_sma_5,True,248,248,1.0,True,used,0.007093304849610682,0.006692891505597179,0.03417140856085896,0.03417140856085896,4,-0.01118256534173083,0.01597428577500286,2021Q1,relative_ols,relative,,forward_return_5d
close_to_sma_20,True,248,248,1.0,True,used,0.03517098480701886,0.03279901747934449,0.06457519650494081,0.06457519650494081,5,-0.015365209294579185,0.01597428577500286,2021Q1,relative_ols,relative,,forward_return_5d
close_to_sma_60,True,248,248,1.0,True,used,0.11952142422856948,0.11143011344086269,0.09689297704108364,0.09689297704108364,6,-0.0010495314646067622,0.01597428577500286,2021Q1,relative_ols,relative,,forward_return_5d
rolling_volatility_20,True,248,248,1.0,True,used,0.0258617380247042,0.03267010060382177,0.017870949347165835,0.017870949347165835,7,0.0006294289001580224,0.01597428577500286,2021Q1,relative_ols,relative,,forward_return_5d
rolling_volatility_60,True,248,248,1.0,True,used,0.0297467548833106,0.033826736191299014,0.01380929802925044,0.01380929802925044,8,0.012497615261123675,0.01597428577500286,2021Q1,relative_ols,relative,,forward_return_5d
simple_return,True,248,248,1.0,True,used,0.0038091465709463,0.0038834530193630613,0.03669615867840589,0.03669615867840589,0,-0.027223307848899987,0.01597428577500286,2021Q1,relative_ridge_alpha1,relative,1.0,forward_return_5d
log_return,True,248,248,1.0,True,used,0.0038019070233774504,0.0032003175324745482,0.03688726400964991,0.03688726400964991,1,0.04212810427666163,0.01597428577500286,2021Q1,relative_ridge_alpha1,relative,1.0,forward_return_5d
intraday_return,True,248,248,1.0,True,used,0.00156811968523725,0.0015378817037609957,0.026884342436535234,0.026884342436535234,2,-0.00816189545838063,0.01597428577500286,2021Q1,relative_ridge_alpha1,relative,1.0,forward_return_5d
daily_range,True,248,248,1.0,True,used,0.0337176914759315,0.03945119143583599,0.023876387684505205,0.023876387684505205,3,-0.0004522035222040638,0.01597428577500286,2021Q1,relative_ridge_alpha1,relative,1.0,forward_return_5d
close_to_sma_5,True,248,248,1.0,True,used,0.007093304849610682,0.006692891505597179,0.03417140856085896,0.03417140856085896,4,-0.011432332040393189,0.01597428577500286,2021Q1,relative_ridge_alpha1,relative,1.0,forward_return_5d
close_to_sma_20,True,248,248,1.0,True,used,0.03517098480701886,0.03279901747934449,0.06457519650494081,0.06457519650494081,5,-0.01400081411352147,0.01597428577500286,2021Q1,relative_ridge_alpha1,relative,1.0,forward_return_5d
close_to_sma_60,True,248,248,1.0,True,used,0.11952142422856948,0.11143011344086269,0.09689297704108364,0.09689297704108364,6,-0.0010437415163105242,0.01597428577500286,2021Q1,relative_ridge_alpha1,relative,1.0,forward_return_5d
rolling_volatility_20,True,248,248,1.0,True,used,0.0258617380247042,0.03267010060382177,0.017870949347165835,0.017870949347165835,7,-0.00020920118861899098,0.01597428577500286,2021Q1,relative_ridge_alpha1,relative,1.0,forward_return_5d
rolling_volatility_60,True,248,248,1.0,True,used,0.0297467548833106,0.033826736191299014,0.01380929802925044,0.01380929802925044,8,0.012733523953780254,0.01597428577500286,2021Q1,relative_ridge_alpha1,relative,1.0,forward_return_5d
simple_return,True,309,309,1.0,True,used,0.0034854136749604,0.003114754572761682,0.03553938710624448,0.03553938710624448,0,-0.20798993223833917,0.012443217785065453,2021Q2,original_ols,original,,forward_return_5d
log_return,True,309,309,1.0,True,used,0.0034793536976539,0.0024761223422979342,0.0357123993750439,0.0357123993750439,1,0.20829286321062102,0.012443217785065453,2021Q2,original_ols,original,,forward_return_5d
intraday_return,True,309,309,1.0,True,used,0.0005246151571447,0.000600698291448627,0.02625877358790914,0.02625877358790914,2,-0.004510644856612622,0.012443217785065453,2021Q2,original_ols,original,,forward_return_5d
daily_range,True,309,309,1.0,True,used,0.0330978897985767,0.03860231401163999,0.022571197960026018,0.022571197960026018,3,0.008867503539043264,0.012443217785065453,2021Q2,original_ols,original,,forward_return_5d
sma_5,True,309,309,1.0,True,used,11.219550132751465,10.497247423400385,3.0117229675380726,3.0117229675380726,4,-0.08198557833802175,0.012443217785065453,2021Q2,original_ols,original,,forward_return_5d
sma_20,True,309,309,1.0,True,used,10.689237546920776,10.324730836380647,3.044592103248162,3.044592103248162,5,0.06283587158707891,0.012443217785065453,2021Q2,original_ols,original,,forward_return_5d
sma_60,True,309,309,1.0,True,used,9.75379581451416,9.782710915553146,3.07797147268199,3.07797147268199,6,0.007087572678996366,0.012443217785065453,2021Q2,original_ols,original,,forward_return_5d
rolling_volatility_20,True,309,309,1.0,True,used,0.0257625415878531,0.03157026601726431,0.016546961988681795,0.016546961988681795,7,-0.005339597654926072,0.012443217785065453,2021Q2,original_ols,original,,forward_return_5d
rolling_volatility_60,True,309,309,1.0,True,used,0.0281660435785815,0.03210724023501019,0.012912827338289634,0.012912827338289634,8,0.00886534610705771,0.012443217785065453,2021Q2,original_ols,original,,forward_return_5d
simple_return,True,309,309,1.0,True,used,0.0034854136749604,0.003114754572761682,0.03553938710624448,0.03553938710624448,0,-0.0315363977372138,0.012443217785065448,2021Q2,original_ridge_alpha1,original,1.0,forward_return_5d
log_return,True,309,309,1.0,True,used,0.0034793536976539,0.0024761223422979342,0.0357123993750439,0.0357123993750439,1,0.032206461778416705,0.012443217785065448,2021Q2,original_ridge_alpha1,original,1.0,forward_return_5d
intraday_return,True,309,309,1.0,True,used,0.0005246151571447,0.000600698291448627,0.02625877358790914,0.02625877358790914,2,-0.005818903780937289,0.012443217785065448,2021Q2,original_ridge_alpha1,original,1.0,forward_return_5d
daily_range,True,309,309,1.0,True,used,0.0330978897985767,0.03860231401163999,0.022571197960026018,0.022571197960026018,3,0.005360192740806299,0.012443217785065448,2021Q2,original_ridge_alpha1,original,1.0,forward_return_5d
sma_5,True,309,309,1.0,True,used,11.219550132751465,10.497247423400385,3.0117229675380726,3.0117229675380726,4,-0.06092194421648787,0.012443217785065448,2021Q2,original_ridge_alpha1,original,1.0,forward_return_5d
sma_20,True,309,309,1.0,True,used,10.689237546920776,10.324730836380647,3.044592103248162,3.044592103248162,5,0.03646871459338727,0.012443217785065448,2021Q2,original_ridge_alpha1,original,1.0,forward_return_5d
sma_60,True,309,309,1.0,True,used,9.75379581451416,9.782710915553146,3.07797147268199,3.07797147268199,6,0.013069184810717555,0.012443217785065448,2021Q2,original_ridge_alpha1,original,1.0,forward_return_5d
rolling_volatility_20,True,309,309,1.0,True,used,0.0257625415878531,0.03157026601726431,0.016546961988681795,0.016546961988681795,7,-0.005811560785859842,0.012443217785065448,2021Q2,original_ridge_alpha1,original,1.0,forward_return_5d
rolling_volatility_60,True,309,309,1.0,True,used,0.0281660435785815,0.03210724023501019,0.012912827338289634,0.012912827338289634,8,0.008862945225051414,0.012443217785065448,2021Q2,original_ridge_alpha1,original,1.0,forward_return_5d
simple_return,True,309,309,1.0,True,used,0.0034854136749604,0.003114754572761682,0.03553938710624448,0.03553938710624448,0,-0.19437959458257426,0.012443217785065434,2021Q2,relative_ols,relative,,forward_return_5d
log_return,True,309,309,1.0,True,used,0.0034793536976539,0.0024761223422979342,0.0357123993750439,0.0357123993750439,1,0.2044514016859912,0.012443217785065434,2021Q2,relative_ols,relative,,forward_return_5d
intraday_return,True,309,309,1.0,True,used,0.0005246151571447,0.000600698291448627,0.02625877358790914,0.02625877358790914,2,-0.004603746948241089,0.012443217785065434,2021Q2,relative_ols,relative,,forward_return_5d
daily_range,True,309,309,1.0,True,used,0.0330978897985767,0.03860231401163999,0.022571197960026018,0.022571197960026018,3,0.0037269440855205935,0.012443217785065434,2021Q2,relative_ols,relative,,forward_return_5d
close_to_sma_5,True,309,309,1.0,True,used,0.006852120596889444,0.005257644999248341,0.03331112193804155,0.03331112193804155,4,-0.006207988474904835,0.012443217785065434,2021Q2,relative_ols,relative,,forward_return_5d
close_to_sma_20,True,309,309,1.0,True,used,0.027263126896062806,0.02557122591156894,0.06453531907966563,0.06453531907966563,5,-0.016547163014357782,0.012443217785065434,2021Q2,relative_ols,relative,,forward_return_5d
close_to_sma_60,True,309,309,1.0,True,used,0.1040522834567148,0.09011822387686184,0.10015074608292553,0.10015074608292553,6,0.001970059853749994,0.012443217785065434,2021Q2,relative_ols,relative,,forward_return_5d
rolling_volatility_20,True,309,309,1.0,True,used,0.0257625415878531,0.03157026601726431,0.016546961988681795,0.016546961988681795,7,-0.0003337969034712049,0.012443217785065434,2021Q2,relative_ols,relative,,forward_return_5d
rolling_volatility_60,True,309,309,1.0,True,used,0.0281660435785815,0.03210724023501019,0.012912827338289634,0.012912827338289634,8,0.013916062223330831,0.012443217785065434,2021Q2,relative_ols,relative,,forward_return_5d
simple_return,True,309,309,1.0,True,used,0.0034854136749604,0.003114754572761682,0.03553938710624448,0.03553938710624448,0,-0.026453794449351517,0.012443217785065434,2021Q2,relative_ridge_alpha1,relative,1.0,forward_return_5d
log_return,True,309,309,1.0,True,used,0.0034793536976539,0.0024761223422979342,0.0357123993750439,0.0357123993750439,1,0.03630944615147969,0.012443217785065434,2021Q2,relative_ridge_alpha1,relative,1.0,forward_return_5d
intraday_return,True,309,309,1.0,True,used,0.0005246151571447,0.000600698291448627,0.02625877358790914,0.02625877358790914,2,-0.005606563568347146,0.012443217785065434,2021Q2,relative_ridge_alpha1,relative,1.0,forward_return_5d
daily_range,True,309,309,1.0,True,used,0.0330978897985767,0.03860231401163999,0.022571197960026018,0.022571197960026018,3,-0.00013660790026163235,0.012443217785065434,2021Q2,relative_ridge_alpha1,relative,1.0,forward_return_5d
close_to_sma_5,True,309,309,1.0,True,used,0.006852120596889444,0.005257644999248341,0.03331112193804155,0.03331112193804155,4,-0.00647751007115463,0.012443217785065434,2021Q2,relative_ridge_alpha1,relative,1.0,forward_return_5d
close_to_sma_20,True,309,309,1.0,True,used,0.027263126896062806,0.02557122591156894,0.06453531907966563,0.06453531907966563,5,-0.015340460459453626,0.012443217785065434,2021Q2,relative_ridge_alpha1,relative,1.0,forward_return_5d
close_to_sma_60,True,309,309,1.0,True,used,0.1040522834567148,0.09011822387686184,0.10015074608292553,0.10015074608292553,6,0.0017398837960701905,0.012443217785065434,2021Q2,relative_ridge_alpha1,relative,1.0,forward_return_5d
rolling_volatility_20,True,309,309,1.0,True,used,0.0257625415878531,0.03157026601726431,0.016546961988681795,0.016546961988681795,7,-0.0010979495569460758,0.012443217785065434,2021Q2,relative_ridge_alpha1,relative,1.0,forward_return_5d
rolling_volatility_60,True,309,309,1.0,True,used,0.0281660435785815,0.03210724023501019,0.012912827338289634,0.012912827338289634,8,0.014077572813912743,0.012443217785065434,2021Q2,relative_ridge_alpha1,relative,1.0,forward_return_5d
simple_return,True,372,372,1.0,True,used,0.00352642126517115,0.003737823121649331,0.0337585021621602,0.0337585021621602,0,-0.17171307604715222,0.01603809367511821,2021Q3,original_ols,original,,forward_return_5d
log_return,True,372,372,1.0,True,used,0.00352021718601315,0.0031598539971952892,0.03389383407800283,0.03389383407800283,1,0.1702029425223502,0.01603809367511821,2021Q3,original_ols,original,,forward_return_5d
intraday_return,True,372,372,1.0,True,used,0.00083869162528175,0.0014184369602538724,0.025422082553152637,0.025422082553152637,2,-0.0007547377613150025,0.01603809367511821,2021Q3,original_ols,original,,forward_return_5d
daily_range,True,372,372,1.0,True,used,0.032220538704010995,0.03720070490141187,0.021351608935645475,0.021351608935645475,3,0.008614602045667025,0.01603809367511821,2021Q3,original_ols,original,,forward_return_5d
sma_5,True,372,372,1.0,True,used,12.762274932861327,11.311442067802595,3.345579744451261,3.345579744451261,4,-0.02393573545372788,0.01603809367511821,2021Q3,original_ols,original,,forward_return_5d
sma_20,True,372,372,1.0,True,used,12.76332507133484,11.067575876687163,3.2611891088317813,3.2611891088317813,5,-0.015199424438916174,0.01603809367511821,2021Q3,original_ols,original,,forward_return_5d
sma_60,True,372,372,1.0,True,used,11.618039584159849,10.518123832334327,3.252151933187932,3.252151933187932,6,0.035089097313540145,0.01603809367511821,2021Q3,original_ols,original,,forward_return_5d
rolling_volatility_20,True,372,372,1.0,True,used,0.025513535314882298,0.03045342449563766,0.015371344147356835,0.015371344147356835,7,-0.004587525704262854,0.01603809367511821,2021Q3,original_ols,original,,forward_return_5d
rolling_volatility_60,True,372,372,1.0,True,used,0.02916224399748115,0.03152404532220951,0.011896396981721707,0.011896396981721707,8,0.008079986068209491,0.01603809367511821,2021Q3,original_ols,original,,forward_return_5d
simple_return,True,372,372,1.0,True,used,0.00352642126517115,0.003737823121649331,0.0337585021621602,0.0337585021621602,0,-0.03051714437259936,0.01603809367511821,2021Q3,original_ridge_alpha1,original,1.0,forward_return_5d
log_return,True,372,372,1.0,True,used,0.00352021718601315,0.0031598539971952892,0.03389383407800283,0.03389383407800283,1,0.028939744114735474,0.01603809367511821,2021Q3,original_ridge_alpha1,original,1.0,forward_return_5d
intraday_return,True,372,372,1.0,True,used,0.00083869162528175,0.0014184369602538724,0.025422082553152637,0.025422082553152637,2,-0.0014580978775141258,0.01603809367511821,2021Q3,original_ridge_alpha1,original,1.0,forward_return_5d
daily_range,True,372,372,1.0,True,used,0.032220538704010995,0.03720070490141187,0.021351608935645475,0.021351608935645475,3,0.005012757508730095,0.01603809367511821,2021Q3,original_ridge_alpha1,original,1.0,forward_return_5d
sma_5,True,372,372,1.0,True,used,12.762274932861327,11.311442067802595,3.345579744451261,3.345579744451261,4,-0.021974686054977113,0.01603809367511821,2021Q3,original_ridge_alpha1,original,1.0,forward_return_5d
sma_20,True,372,372,1.0,True,used,12.76332507133484,11.067575876687163,3.2611891088317813,3.2611891088317813,5,-0.011129270511124549,0.01603809367511821,2021Q3,original_ridge_alpha1,original,1.0,forward_return_5d
sma_60,True,372,372,1.0,True,used,11.618039584159849,10.518123832334327,3.252151933187932,3.252151933187932,6,0.029416090749781156,0.01603809367511821,2021Q3,original_ridge_alpha1,original,1.0,forward_return_5d
rolling_volatility_20,True,372,372,1.0,True,used,0.025513535314882298,0.03045342449563766,0.015371344147356835,0.015371344147356835,7,-0.004698033687162297,0.01603809367511821,2021Q3,original_ridge_alpha1,original,1.0,forward_return_5d
rolling_volatility_60,True,372,372,1.0,True,used,0.02916224399748115,0.03152404532220951,0.011896396981721707,0.011896396981721707,8,0.00833494427347385,0.01603809367511821,2021Q3,original_ridge_alpha1,original,1.0,forward_return_5d
simple_return,True,372,372,1.0,True,used,0.00352642126517115,0.003737823121649331,0.0337585021621602,0.0337585021621602,0,-0.17773884873760715,0.01603809367511823,2021Q3,relative_ols,relative,,forward_return_5d
log_return,True,372,372,1.0,True,used,0.00352021718601315,0.0031598539971952892,0.03389383407800283,0.03389383407800283,1,0.18197944066977567,0.01603809367511823,2021Q3,relative_ols,relative,,forward_return_5d
intraday_return,True,372,372,1.0,True,used,0.00083869162528175,0.0014184369602538724,0.025422082553152637,0.025422082553152637,2,-0.0007838807908356338,0.01603809367511823,2021Q3,relative_ols,relative,,forward_return_5d
daily_range,True,372,372,1.0,True,used,0.032220538704010995,0.03720070490141187,0.021351608935645475,0.021351608935645475,3,0.006071937757885816,0.01603809367511823,2021Q3,relative_ols,relative,,forward_return_5d
close_to_sma_5,True,372,372,1.0,True,used,0.007632953599678749,0.006426851835503004,0.03219860166841678,0.03219860166841678,4,-0.0037561476257463033,0.01603809367511823,2021Q3,relative_ols,relative,,forward_return_5d
close_to_sma_20,True,372,372,1.0,True,used,0.03126840374491224,0.030175426832673095,0.06555092404313118,0.06555092404313118,5,-0.002939672847610833,0.01603809367511823,2021Q3,relative_ols,relative,,forward_return_5d
close_to_sma_60,True,372,372,1.0,True,used,0.10106139717251839,0.09087090368272009,0.09686865812750196,0.09686865812750196,6,-0.009404248402662463,0.01603809367511823,2021Q3,relative_ols,relative,,forward_return_5d
rolling_volatility_20,True,372,372,1.0,True,used,0.025513535314882298,0.03045342449563766,0.015371344147356835,0.015371344147356835,7,-0.005242300908558938,0.01603809367511823,2021Q3,relative_ols,relative,,forward_return_5d
rolling_volatility_60,True,372,372,1.0,True,used,0.02916224399748115,0.03152404532220951,0.011896396981721707,0.011896396981721707,8,0.011913626410424965,0.01603809367511823,2021Q3,relative_ols,relative,,forward_return_5d
simple_return,True,372,372,1.0,True,used,0.00352642126517115,0.003737823121649331,0.0337585021621602,0.0337585021621602,0,-0.029384683056226893,0.01603809367511823,2021Q3,relative_ridge_alpha1,relative,1.0,forward_return_5d
log_return,True,372,372,1.0,True,used,0.00352021718601315,0.0031598539971952892,0.03389383407800283,0.03389383407800283,1,0.0335168402505449,0.01603809367511823,2021Q3,relative_ridge_alpha1,relative,1.0,forward_return_5d
intraday_return,True,372,372,1.0,True,used,0.00083869162528175,0.0014184369602538724,0.025422082553152637,0.025422082553152637,2,-0.0016108711486926331,0.01603809367511823,2021Q3,relative_ridge_alpha1,relative,1.0,forward_return_5d
daily_range,True,372,372,1.0,True,used,0.032220538704010995,0.03720070490141187,0.021351608935645475,0.021351608935645475,3,0.002641203751972716,0.01603809367511823,2021Q3,relative_ridge_alpha1,relative,1.0,forward_return_5d
close_to_sma_5,True,372,372,1.0,True,used,0.007632953599678749,0.006426851835503004,0.03219860166841678,0.03219860166841678,4,-0.0038988413126513286,0.01603809367511823,2021Q3,relative_ridge_alpha1,relative,1.0,forward_return_5d
close_to_sma_20,True,372,372,1.0,True,used,0.03126840374491224,0.030175426832673095,0.06555092404313118,0.06555092404313118,5,-0.002363300513584993,0.01603809367511823,2021Q3,relative_ridge_alpha1,relative,1.0,forward_return_5d
close_to_sma_60,True,372,372,1.0,True,used,0.10106139717251839,0.09087090368272009,0.09686865812750196,0.09686865812750196,6,-0.009303073559416371,0.01603809367511823,2021Q3,relative_ridge_alpha1,relative,1.0,forward_return_5d
rolling_volatility_20,True,372,372,1.0,True,used,0.025513535314882298,0.03045342449563766,0.015371344147356835,0.015371344147356835,7,-0.005870767437485642,0.01603809367511823,2021Q3,relative_ridge_alpha1,relative,1.0,forward_return_5d
rolling_volatility_60,True,372,372,1.0,True,used,0.02916224399748115,0.03152404532220951,0.011896396981721707,0.011896396981721707,8,0.012107665195868167,0.01603809367511823,2021Q3,relative_ridge_alpha1,relative,1.0,forward_return_5d
simple_return,True,436,436,1.0,True,used,0.003345926084096,0.003600756795624564,0.032203254430339494,0.032203254430339494,0,-0.16994787798080777,0.01446021694327426,2021Q4,original_ols,original,,forward_return_5d
log_return,True,436,436,1.0,True,used,0.0033403409053704503,0.0030750759950662395,0.03231133305372319,0.03231133305372319,1,0.1684942843352138,0.01446021694327426,2021Q4,original_ols,original,,forward_return_5d
intraday_return,True,436,436,1.0,True,used,0.0006459599538227001,0.0013253775965835258,0.024438203991375272,0.024438203991375272,2,-0.0007857939987585411,0.01446021694327426,2021Q4,original_ols,original,,forward_return_5d
daily_range,True,436,436,1.0,True,used,0.03124098444463925,0.03595323461573838,0.02063889535270265,0.02063889535270265,3,0.01041440632694542,0.01446021694327426,2021Q4,original_ols,original,,forward_return_5d
sma_5,True,436,436,1.0,True,used,13.135475063323975,12.667772372928235,4.523732824964761,4.523732824964761,4,-0.03902449825639052,0.01446021694327426,2021Q4,original_ols,original,,forward_return_5d
sma_20,True,436,436,1.0,True,used,13.182393670082092,12.386328732748645,4.4016554377162596,4.4016554377162596,5,-0.0035951452655956376,0.01446021694327426,2021Q4,original_ols,original,,forward_return_5d
sma_60,True,436,436,1.0,True,used,13.137664596239727,11.670778679756578,4.133330340579567,4.133330340579567,6,0.03849856291846718,0.01446021694327426,2021Q4,original_ols,original,,forward_return_5d
rolling_volatility_20,True,436,436,1.0,True,used,0.0248618191419883,0.029065625549335818,0.014626376060120341,0.014626376060120341,7,-0.005590799396685137,0.01446021694327426,2021Q4,original_ols,original,,forward_return_5d
rolling_volatility_60,True,436,436,1.0,True,used,0.02648204524468915,0.030093878129436133,0.011522493148099276,0.011522493148099276,8,0.008261388220144869,0.01446021694327426,2021Q4,original_ols,original,,forward_return_5d
simple_return,True,436,436,1.0,True,used,0.003345926084096,0.003600756795624564,0.032203254430339494,0.032203254430339494,0,-0.033169472939655255,0.014460216943274259,2021Q4,original_ridge_alpha1,original,1.0,forward_return_5d
log_return,True,436,436,1.0,True,used,0.0033403409053704503,0.0030750759950662395,0.03231133305372319,0.03231133305372319,1,0.03191139264402823,0.014460216943274259,2021Q4,original_ridge_alpha1,original,1.0,forward_return_5d
intraday_return,True,436,436,1.0,True,used,0.0006459599538227001,0.0013253775965835258,0.024438203991375272,0.024438203991375272,2,-0.001623687743900746,0.014460216943274259,2021Q4,original_ridge_alpha1,original,1.0,forward_return_5d
daily_range,True,436,436,1.0,True,used,0.03124098444463925,0.03595323461573838,0.02063889535270265,0.02063889535270265,3,0.00728814400259062,0.014460216943274259,2021Q4,original_ridge_alpha1,original,1.0,forward_return_5d
sma_5,True,436,436,1.0,True,used,13.135475063323975,12.667772372928235,4.523732824964761,4.523732824964761,4,-0.03411371748681606,0.014460216943274259,2021Q4,original_ridge_alpha1,original,1.0,forward_return_5d
sma_20,True,436,436,1.0,True,used,13.182393670082092,12.386328732748645,4.4016554377162596,4.4016554377162596,5,-0.004055472906594592,0.014460216943274259,2021Q4,original_ridge_alpha1,original,1.0,forward_return_5d
sma_60,True,436,436,1.0,True,used,13.137664596239727,11.670778679756578,4.133330340579567,4.133330340579567,6,0.034318696982594855,0.014460216943274259,2021Q4,original_ridge_alpha1,original,1.0,forward_return_5d
rolling_volatility_20,True,436,436,1.0,True,used,0.0248618191419883,0.029065625549335818,0.014626376060120341,0.014626376060120341,7,-0.0060455301841379275,0.014460216943274259,2021Q4,original_ridge_alpha1,original,1.0,forward_return_5d
rolling_volatility_60,True,436,436,1.0,True,used,0.02648204524468915,0.030093878129436133,0.011522493148099276,0.011522493148099276,8,0.008533478332104523,0.014460216943274259,2021Q4,original_ridge_alpha1,original,1.0,forward_return_5d
simple_return,True,436,436,1.0,True,used,0.003345926084096,0.003600756795624564,0.032203254430339494,0.032203254430339494,0,-0.17937945889487758,0.014460216943274267,2021Q4,relative_ols,relative,,forward_return_5d
log_return,True,436,436,1.0,True,used,0.0033403409053704503,0.0030750759950662395,0.03231133305372319,0.03231133305372319,1,0.18222934583400607,0.014460216943274267,2021Q4,relative_ols,relative,,forward_return_5d
intraday_return,True,436,436,1.0,True,used,0.0006459599538227001,0.0013253775965835258,0.024438203991375272,0.024438203991375272,2,-0.0009284878215210235,0.014460216943274267,2021Q4,relative_ols,relative,,forward_return_5d
daily_range,True,436,436,1.0,True,used,0.03124098444463925,0.03595323461573838,0.02063889535270265,0.02063889535270265,3,0.00929310369586735,0.014460216943274267,2021Q4,relative_ols,relative,,forward_return_5d
close_to_sma_5,True,436,436,1.0,True,used,0.007093304849610682,0.006196909257142991,0.031210594322404563,0.031210594322404563,4,-0.0012829413370575443,0.014460216943274267,2021Q4,relative_ols,relative,,forward_return_5d
close_to_sma_20,True,436,436,1.0,True,used,0.03126840374491224,0.030223180729461258,0.0631158042317952,0.0631158042317952,5,-0.001576278472394041,0.014460216943274267,2021Q4,relative_ols,relative,,forward_return_5d
close_to_sma_60,True,436,436,1.0,True,used,0.10582104145056359,0.09622653256794114,0.09344029554537099,0.09344029554537099,6,-0.011669875929531316,0.014460216943274267,2021Q4,relative_ols,relative,,forward_return_5d
rolling_volatility_20,True,436,436,1.0,True,used,0.0248618191419883,0.029065625549335818,0.014626376060120341,0.014626376060120341,7,-0.008254626989138345,0.014460216943274267,2021Q4,relative_ols,relative,,forward_return_5d
rolling_volatility_60,True,436,436,1.0,True,used,0.02648204524468915,0.030093878129436133,0.011522493148099276,0.011522493148099276,8,0.01253920738750131,0.014460216943274267,2021Q4,relative_ols,relative,,forward_return_5d
simple_return,True,436,436,1.0,True,used,0.003345926084096,0.003600756795624564,0.032203254430339494,0.032203254430339494,0,-0.03333383791749802,0.014460216943274264,2021Q4,relative_ridge_alpha1,relative,1.0,forward_return_5d
log_return,True,436,436,1.0,True,used,0.0033403409053704503,0.0030750759950662395,0.03231133305372319,0.03231133305372319,1,0.036265617609552936,0.014460216943274264,2021Q4,relative_ridge_alpha1,relative,1.0,forward_return_5d
intraday_return,True,436,436,1.0,True,used,0.0006459599538227001,0.0013253775965835258,0.024438203991375272,0.024438203991375272,2,-0.001792037541645284,0.014460216943274264,2021Q4,relative_ridge_alpha1,relative,1.0,forward_return_5d
daily_range,True,436,436,1.0,True,used,0.03124098444463925,0.03595323461573838,0.02063889535270265,0.02063889535270265,3,0.006071978845265437,0.014460216943274264,2021Q4,relative_ridge_alpha1,relative,1.0,forward_return_5d
close_to_sma_5,True,436,436,1.0,True,used,0.007093304849610682,0.006196909257142991,0.031210594322404563,0.031210594322404563,4,-0.001423804330385505,0.014460216943274264,2021Q4,relative_ridge_alpha1,relative,1.0,forward_return_5d
close_to_sma_20,True,436,436,1.0,True,used,0.03126840374491224,0.030223180729461258,0.0631158042317952,0.0631158042317952,5,-0.001053322932169002,0.014460216943274264,2021Q4,relative_ridge_alpha1,relative,1.0,forward_return_5d
close_to_sma_60,True,436,436,1.0,True,used,0.10582104145056359,0.09622653256794114,0.09344029554537099,0.09344029554537099,6,-0.01163349409913124,0.014460216943274264,2021Q4,relative_ridge_alpha1,relative,1.0,forward_return_5d
rolling_volatility_20,True,436,436,1.0,True,used,0.0248618191419883,0.029065625549335818,0.014626376060120341,0.014626376060120341,7,-0.009024978456395749,0.014460216943274264,2021Q4,relative_ridge_alpha1,relative,1.0,forward_return_5d
rolling_volatility_60,True,436,436,1.0,True,used,0.02648204524468915,0.030093878129436133,0.011522493148099276,0.011522493148099276,8,0.01277982683996716,0.014460216943274264,2021Q4,relative_ridge_alpha1,relative,1.0,forward_return_5d
simple_return,True,500,500,1.0,True,used,0.0033211284718769,0.0037733399322549435,0.032653123721240095,0.032653123721240095,0,-0.1739223993540941,0.015810174192078138,2022Q1,original_ols,original,,forward_return_5d
log_return,True,500,500,1.0,True,used,0.00331562554394555,0.0032342858180692815,0.03267817642903265,0.03267817642903265,1,0.1731774707248586,0.015810174192078138,2022Q1,original_ols,original,,forward_return_5d
intraday_return,True,500,500,1.0,True,used,0.0006144893525403001,0.0011698599017569264,0.025281475491259447,0.025281475491259447,2,-0.0022311566099195296,0.015810174192078138,2022Q1,original_ols,original,,forward_return_5d
daily_range,True,500,500,1.0,True,used,0.031527639315371295,0.036763312107132094,0.02120552804541395,0.02120552804541395,3,0.010828024607392371,0.015810174192078138,2022Q1,original_ols,original,,forward_return_5d
sma_5,True,500,500,1.0,True,used,13.304400253295897,14.449712291145326,6.475063673147477,6.475063673147477,4,0.005204723446140942,0.015810174192078138,2022Q1,original_ols,original,,forward_return_5d
sma_20,True,500,500,1.0,True,used,13.309037494659425,14.093013243961336,6.238347916443006,6.238347916443006,5,-0.09928189820530413,0.015810174192078138,2022Q1,original_ols,original,,forward_return_5d
sma_60,True,500,500,1.0,True,used,13.300197935104368,13.139740586328506,5.495292569032211,5.495292569032211,6,0.09232838518049576,0.015810174192078138,2022Q1,original_ols,original,,forward_return_5d
rolling_volatility_20,True,500,500,1.0,True,used,0.0249802254332567,0.02929478936788907,0.014055884645713617,0.014055884645713617,7,-0.003351766068119038,0.015810174192078138,2022Q1,original_ols,original,,forward_return_5d
rolling_volatility_60,True,500,500,1.0,True,used,0.02648204524468915,0.029654381790140242,0.01098358218772326,0.01098358218772326,8,0.007887808229626644,0.015810174192078138,2022Q1,original_ols,original,,forward_return_5d
simple_return,True,500,500,1.0,True,used,0.0033211284718769,0.0037733399322549435,0.032653123721240095,0.032653123721240095,0,-0.03464450962563611,0.01581017419207814,2022Q1,original_ridge_alpha1,original,1.0,forward_return_5d
log_return,True,500,500,1.0,True,used,0.00331562554394555,0.0032342858180692815,0.03267817642903265,0.03267817642903265,1,0.03395173981302254,0.01581017419207814,2022Q1,original_ridge_alpha1,original,1.0,forward_return_5d
intraday_return,True,500,500,1.0,True,used,0.0006144893525403001,0.0011698599017569264,0.025281475491259447,0.025281475491259447,2,-0.0026298136905173264,0.01581017419207814,2022Q1,original_ridge_alpha1,original,1.0,forward_return_5d
daily_range,True,500,500,1.0,True,used,0.031527639315371295,0.036763312107132094,0.02120552804541395,0.02120552804541395,3,0.006945155195895953,0.01581017419207814,2022Q1,original_ridge_alpha1,original,1.0,forward_return_5d
sma_5,True,500,500,1.0,True,used,13.304400253295897,14.449712291145326,6.475063673147477,6.475063673147477,4,-0.003046438011639597,0.01581017419207814,2022Q1,original_ridge_alpha1,original,1.0,forward_return_5d
sma_20,True,500,500,1.0,True,used,13.309037494659425,14.093013243961336,6.238347916443006,6.238347916443006,5,-0.07467301566444402,0.01581017419207814,2022Q1,original_ridge_alpha1,original,1.0,forward_return_5d
sma_60,True,500,500,1.0,True,used,13.300197935104368,13.139740586328506,5.495292569032211,5.495292569032211,6,0.076142941198744,0.01581017419207814,2022Q1,original_ridge_alpha1,original,1.0,forward_return_5d
rolling_volatility_20,True,500,500,1.0,True,used,0.0249802254332567,0.02929478936788907,0.014055884645713617,0.014055884645713617,7,-0.0038785027196894736,0.01581017419207814,2022Q1,original_ridge_alpha1,original,1.0,forward_return_5d
rolling_volatility_60,True,500,500,1.0,True,used,0.02648204524468915,0.029654381790140242,0.01098358218772326,0.01098358218772326,8,0.007946945131144122,0.01581017419207814,2022Q1,original_ridge_alpha1,original,1.0,forward_return_5d
simple_return,True,500,500,1.0,True,used,0.0033211284718769,0.0037733399322549435,0.032653123721240095,0.032653123721240095,0,-0.17589830870655462,0.015810174192078173,2022Q1,relative_ols,relative,,forward_return_5d
log_return,True,500,500,1.0,True,used,0.00331562554394555,0.0032342858180692815,0.03267817642903265,0.03267817642903265,1,0.17902577588245439,0.015810174192078173,2022Q1,relative_ols,relative,,forward_return_5d
intraday_return,True,500,500,1.0,True,used,0.0006144893525403001,0.0011698599017569264,0.025281475491259447,0.025281475491259447,2,-0.0025891924590431825,0.015810174192078173,2022Q1,relative_ols,relative,,forward_return_5d
daily_range,True,500,500,1.0,True,used,0.031527639315371295,0.036763312107132094,0.02120552804541395,0.02120552804541395,3,0.010288572004015957,0.015810174192078173,2022Q1,relative_ols,relative,,forward_return_5d
close_to_sma_5,True,500,500,1.0,True,used,0.0074758449973791885,0.006581236701913803,0.0316916514861643,0.0316916514861643,4,-0.0031114701850691595,0.015810174192078173,2022Q1,relative_ols,relative,,forward_return_5d
close_to_sma_20,True,500,500,1.0,True,used,0.03144374197010247,0.03220275925451835,0.06840988537024875,0.06840988537024875,5,0.012022008431308049,0.015810174192078173,2022Q1,relative_ols,relative,,forward_return_5d
close_to_sma_60,True,500,500,1.0,True,used,0.1073533430696062,0.10367078355503571,0.10046418566105418,0.10046418566105418,6,-0.021233875944341903,0.015810174192078173,2022Q1,relative_ols,relative,,forward_return_5d
rolling_volatility_20,True,500,500,1.0,True,used,0.0249802254332567,0.02929478936788907,0.014055884645713617,0.014055884645713617,7,-0.008493825361852335,0.015810174192078173,2022Q1,relative_ols,relative,,forward_return_5d
rolling_volatility_60,True,500,500,1.0,True,used,0.02648204524468915,0.029654381790140242,0.01098358218772326,0.01098358218772326,8,0.009101700209650926,0.015810174192078173,2022Q1,relative_ols,relative,,forward_return_5d
simple_return,True,500,500,1.0,True,used,0.0033211284718769,0.0037733399322549435,0.032653123721240095,0.032653123721240095,0,-0.034072248891288084,0.01581017419207817,2022Q1,relative_ridge_alpha1,relative,1.0,forward_return_5d
log_return,True,500,500,1.0,True,used,0.00331562554394555,0.0032342858180692815,0.03267817642903265,0.03267817642903265,1,0.03708229040086189,0.01581017419207817,2022Q1,relative_ridge_alpha1,relative,1.0,forward_return_5d
intraday_return,True,500,500,1.0,True,used,0.0006144893525403001,0.0011698599017569264,0.025281475491259447,0.025281475491259447,2,-0.003170397270308933,0.01581017419207817,2022Q1,relative_ridge_alpha1,relative,1.0,forward_return_5d
daily_range,True,500,500,1.0,True,used,0.031527639315371295,0.036763312107132094,0.02120552804541395,0.02120552804541395,3,0.006935010610861744,0.01581017419207817,2022Q1,relative_ridge_alpha1,relative,1.0,forward_return_5d
close_to_sma_5,True,500,500,1.0,True,used,0.0074758449973791885,0.006581236701913803,0.0316916514861643,0.0316916514861643,4,-0.0030577101151494633,0.01581017419207817,2022Q1,relative_ridge_alpha1,relative,1.0,forward_return_5d
close_to_sma_20,True,500,500,1.0,True,used,0.03144374197010247,0.03220275925451835,0.06840988537024875,0.06840988537024875,5,0.011964002059872596,0.01581017419207817,2022Q1,relative_ridge_alpha1,relative,1.0,forward_return_5d
close_to_sma_60,True,500,500,1.0,True,used,0.1073533430696062,0.10367078355503571,0.10046418566105418,0.10046418566105418,6,-0.02066718952520116,0.01581017419207817,2022Q1,relative_ridge_alpha1,relative,1.0,forward_return_5d
rolling_volatility_20,True,500,500,1.0,True,used,0.0249802254332567,0.02929478936788907,0.014055884645713617,0.014055884645713617,7,-0.008964967443636392,0.01581017419207817,2022Q1,relative_ridge_alpha1,relative,1.0,forward_return_5d
rolling_volatility_60,True,500,500,1.0,True,used,0.02648204524468915,0.029654381790140242,0.01098358218772326,0.01098358218772326,8,0.00930881694486148,0.01581017419207817,2022Q1,relative_ridge_alpha1,relative,1.0,forward_return_5d
simple_return,True,562,562,1.0,True,used,0.00329714542004205,0.003357908487628432,0.03372072613729494,0.03372072613729494,0,-0.18034454907472516,0.013904089256836989,2022Q2,original_ols,original,,forward_return_5d
log_return,True,562,562,1.0,True,used,0.0032917217367964997,0.002785703683689128,0.033705250649388806,0.033705250649388806,1,0.1817939457404287,0.013904089256836989,2022Q2,original_ols,original,,forward_return_5d
intraday_return,True,562,562,1.0,True,used,0.0005625159359041001,0.0011292207494275903,0.02719850695433288,0.02719850695433288,2,-0.004345446801710784,0.013904089256836989,2022Q2,original_ols,original,,forward_return_5d
daily_range,True,562,562,1.0,True,used,0.0344573029250254,0.0389135462873134,0.021974823770680982,0.021974823770680982,3,0.009308991275203312,0.013904089256836989,2022Q2,original_ols,original,,forward_return_5d
sma_5,True,562,562,1.0,True,used,13.532950115203857,15.649804523406928,7.037646723068399,7.037646723068399,4,0.011807718903119307,0.013904089256836989,2022Q2,original_ols,original,,forward_return_5d
sma_20,True,562,562,1.0,True,used,13.45393123626709,15.405563286530167,7.007248948103618,7.007248948103618,5,-0.05415878576905567,0.013904089256836989,2022Q2,original_ols,original,,forward_return_5d
sma_60,True,562,562,1.0,True,used,13.42397088209788,14.73177960039175,6.892188371750077,6.892188371750077,6,0.03375202290428456,0.013904089256836989,2022Q2,original_ols,original,,forward_return_5d
rolling_volatility_20,True,562,562,1.0,True,used,0.025557290753075,0.03039937074504217,0.013805676524012595,0.013805676524012595,7,-0.0009319823023281578,0.013904089256836989,2022Q2,original_ols,original,,forward_return_5d
rolling_volatility_60,True,562,562,1.0,True,used,0.028428413537273697,0.030603308801719787,0.010713990589178216,0.010713990589178216,8,0.0006511344621136783,0.013904089256836989,2022Q2,original_ols,original,,forward_return_5d
simple_return,True,562,562,1.0,True,used,0.00329714542004205,0.003357908487628432,0.03372072613729494,0.03372072613729494,0,-0.03641333703409659,0.01390408925683699,2022Q2,original_ridge_alpha1,original,1.0,forward_return_5d
log_return,True,562,562,1.0,True,used,0.0032917217367964997,0.002785703683689128,0.033705250649388806,0.033705250649388806,1,0.037841136885200514,0.01390408925683699,2022Q2,original_ridge_alpha1,original,1.0,forward_return_5d
intraday_return,True,562,562,1.0,True,used,0.0005625159359041001,0.0011292207494275903,0.02719850695433288,0.02719850695433288,2,-0.004662234298379386,0.01390408925683699,2022Q2,original_ridge_alpha1,original,1.0,forward_return_5d
daily_range,True,562,562,1.0,True,used,0.0344573029250254,0.0389135462873134,0.021974823770680982,0.021974823770680982,3,0.00602905352234346,0.01390408925683699,2022Q2,original_ridge_alpha1,original,1.0,forward_return_5d
sma_5,True,562,562,1.0,True,used,13.532950115203857,15.649804523406928,7.037646723068399,7.037646723068399,4,0.005156683950072563,0.01390408925683699,2022Q2,original_ridge_alpha1,original,1.0,forward_return_5d
sma_20,True,562,562,1.0,True,used,13.45393123626709,15.405563286530167,7.007248948103618,7.007248948103618,5,-0.04295920397199246,0.01390408925683699,2022Q2,original_ridge_alpha1,original,1.0,forward_return_5d
sma_60,True,562,562,1.0,True,used,13.42397088209788,14.73177960039175,6.892188371750077,6.892188371750077,6,0.029804664517636085,0.01390408925683699,2022Q2,original_ridge_alpha1,original,1.0,forward_return_5d
rolling_volatility_20,True,562,562,1.0,True,used,0.025557290753075,0.03039937074504217,0.013805676524012595,0.013805676524012595,7,-0.001845776762851073,0.01390408925683699,2022Q2,original_ridge_alpha1,original,1.0,forward_return_5d
rolling_volatility_60,True,562,562,1.0,True,used,0.028428413537273697,0.030603308801719787,0.010713990589178216,0.010713990589178216,8,0.001379560896372701,0.01390408925683699,2022Q2,original_ridge_alpha1,original,1.0,forward_return_5d
simple_return,True,562,562,1.0,True,used,0.00329714542004205,0.003357908487628432,0.03372072613729494,0.03372072613729494,0,-0.13582686285211718,0.013904089256837003,2022Q2,relative_ols,relative,,forward_return_5d
log_return,True,562,562,1.0,True,used,0.0032917217367964997,0.002785703683689128,0.033705250649388806,0.033705250649388806,1,0.13758516891539213,0.013904089256837003,2022Q2,relative_ols,relative,,forward_return_5d
intraday_return,True,562,562,1.0,True,used,0.0005625159359041001,0.0011292207494275903,0.02719850695433288,0.02719850695433288,2,-0.0036155175490389657,0.013904089256837003,2022Q2,relative_ols,relative,,forward_return_5d
daily_range,True,562,562,1.0,True,used,0.0344573029250254,0.0389135462873134,0.021974823770680982,0.021974823770680982,3,0.0069365397816419355,0.013904089256837003,2022Q2,relative_ols,relative,,forward_return_5d
close_to_sma_5,True,562,562,1.0,True,used,0.006905547758283004,0.00558868131049835,0.0332101198415386,0.0332101198415386,4,-0.00030156960361156504,0.013904089256837003,2022Q2,relative_ols,relative,,forward_return_5d
close_to_sma_20,True,562,562,1.0,True,used,0.023896721891167427,0.02576442396519653,0.07166929733944409,0.07166929733944409,5,0.006507217426570337,0.013904089256837003,2022Q2,relative_ols,relative,,forward_return_5d
close_to_sma_60,True,562,562,1.0,True,used,0.09249294341032777,0.08311215561132632,0.11540258315986411,0.11540258315986411,6,-0.01245372275181061,0.013904089256837003,2022Q2,relative_ols,relative,,forward_return_5d
rolling_volatility_20,True,562,562,1.0,True,used,0.025557290753075,0.03039937074504217,0.013805676524012595,0.013805676524012595,7,-0.004235294453680355,0.013904089256837003,2022Q2,relative_ols,relative,,forward_return_5d
rolling_volatility_60,True,562,562,1.0,True,used,0.028428413537273697,0.030603308801719787,0.010713990589178216,0.010713990589178216,8,0.004259181675245239,0.013904089256837003,2022Q2,relative_ols,relative,,forward_return_5d
simple_return,True,562,562,1.0,True,used,0.00329714542004205,0.003357908487628432,0.03372072613729494,0.03372072613729494,0,-0.02775531717269567,0.013904089256837001,2022Q2,relative_ridge_alpha1,relative,1.0,forward_return_5d
log_return,True,562,562,1.0,True,used,0.0032917217367964997,0.002785703683689128,0.033705250649388806,0.033705250649388806,1,0.02947816025917538,0.013904089256837001,2022Q2,relative_ridge_alpha1,relative,1.0,forward_return_5d
intraday_return,True,562,562,1.0,True,used,0.0005625159359041001,0.0011292207494275903,0.02719850695433288,0.02719850695433288,2,-0.003969152677221155,0.013904089256837001,2022Q2,relative_ridge_alpha1,relative,1.0,forward_return_5d
daily_range,True,562,562,1.0,True,used,0.0344573029250254,0.0389135462873134,0.021974823770680982,0.021974823770680982,3,0.004660223955864759,0.013904089256837001,2022Q2,relative_ridge_alpha1,relative,1.0,forward_return_5d
close_to_sma_5,True,562,562,1.0,True,used,0.006905547758283004,0.00558868131049835,0.0332101198415386,0.0332101198415386,4,-0.00025832766736501534,0.013904089256837001,2022Q2,relative_ridge_alpha1,relative,1.0,forward_return_5d
close_to_sma_20,True,562,562,1.0,True,used,0.023896721891167427,0.02576442396519653,0.07166929733944409,0.07166929733944409,5,0.006577670383564842,0.013904089256837001,2022Q2,relative_ridge_alpha1,relative,1.0,forward_return_5d
close_to_sma_60,True,562,562,1.0,True,used,0.09249294341032777,0.08311215561132632,0.11540258315986411,0.11540258315986411,6,-0.012490529959335726,0.013904089256837001,2022Q2,relative_ridge_alpha1,relative,1.0,forward_return_5d
rolling_volatility_20,True,562,562,1.0,True,used,0.025557290753075,0.03039937074504217,0.013805676524012595,0.013805676524012595,7,-0.004910094350943725,0.013904089256837001,2022Q2,relative_ridge_alpha1,relative,1.0,forward_return_5d
rolling_volatility_60,True,562,562,1.0,True,used,0.028428413537273697,0.030603308801719787,0.010713990589178216,0.010713990589178216,8,0.004637904923178521,0.013904089256837001,2022Q2,relative_ridge_alpha1,relative,1.0,forward_return_5d
simple_return,True,624,624,1.0,True,used,0.00297875940097575,0.002234224347512251,0.034830366930005255,0.034830366930005255,0,-0.17571073100348522,0.008904241909675028,2022Q3,original_ols,original,,forward_return_5d
log_return,True,624,624,1.0,True,used,0.00297432840193975,0.0016259157296479136,0.03485069977941404,0.03485069977941404,1,0.17592078996490862,0.008904241909675028,2022Q3,original_ols,original,,forward_return_5d
intraday_return,True,624,624,1.0,True,used,-0.00024265383866265,0.0005628578127367602,0.028141860707993203,0.028141860707993203,2,-0.0016355170726033846,0.008904241909675028,2022Q3,original_ols,original,,forward_return_5d
daily_range,True,624,624,1.0,True,used,0.0360761655526022,0.040530080254661115,0.022316111843164472,0.022316111843164472,3,0.009912398076625702,0.008904241909675028,2022Q3,original_ols,original,,forward_return_5d
sma_5,True,624,624,1.0,True,used,14.10605001449585,16.098499267376386,6.911492937245928,6.911492937245928,4,-0.0003774023571483792,0.008904241909675028,2022Q3,original_ols,original,,forward_return_5d
sma_20,True,624,624,1.0,True,used,13.97437505722046,15.962887045129754,6.935950846280818,6.935950846280818,5,-0.027437262122912177,0.008904241909675028,2022Q3,original_ols,original,,forward_return_5d
sma_60,True,624,624,1.0,True,used,13.542741696039837,15.54294308132341,7.0007234241010465,7.0007234241010465,6,0.013718103225656865,0.008904241909675028,2022Q3,original_ols,original,,forward_return_5d
rolling_volatility_20,True,624,624,1.0,True,used,0.026783756776798798,0.0318329366203869,0.013911601557595642,0.013911601557595642,7,-0.0015625697946279596,0.008904241909675028,2022Q3,original_ols,original,,forward_return_5d
rolling_volatility_60,True,624,624,1.0,True,used,0.02969050412066425,0.03193084469689316,0.010935032579972059,0.010935032579972059,8,-0.0044343567243074825,0.008904241909675028,2022Q3,original_ols,original,,forward_return_5d
simple_return,True,624,624,1.0,True,used,0.00297875940097575,0.002234224347512251,0.034830366930005255,0.034830366930005255,0,-0.03680284703576191,0.008904241909675027,2022Q3,original_ridge_alpha1,original,1.0,forward_return_5d
log_return,True,624,624,1.0,True,used,0.00297432840193975,0.0016259157296479136,0.03485069977941404,0.03485069977941404,1,0.0370255366609449,0.008904241909675027,2022Q3,original_ridge_alpha1,original,1.0,forward_return_5d
intraday_return,True,624,624,1.0,True,used,-0.00024265383866265,0.0005628578127367602,0.028141860707993203,0.028141860707993203,2,-0.0020304951045842087,0.008904241909675027,2022Q3,original_ridge_alpha1,original,1.0,forward_return_5d
daily_range,True,624,624,1.0,True,used,0.0360761655526022,0.040530080254661115,0.022316111843164472,0.022316111843164472,3,0.006965684864101978,0.008904241909675027,2022Q3,original_ridge_alpha1,original,1.0,forward_return_5d
sma_5,True,624,624,1.0,True,used,14.10605001449585,16.098499267376386,6.911492937245928,6.911492937245928,4,-0.0025901465938183094,0.008904241909675027,2022Q3,original_ridge_alpha1,original,1.0,forward_return_5d
sma_20,True,624,624,1.0,True,used,13.97437505722046,15.962887045129754,6.935950846280818,6.935950846280818,5,-0.02357287868532997,0.008904241909675027,2022Q3,original_ridge_alpha1,original,1.0,forward_return_5d
sma_60,True,624,624,1.0,True,used,13.542741696039837,15.54294308132341,7.0007234241010465,7.0007234241010465,6,0.012662519676166172,0.008904241909675027,2022Q3,original_ridge_alpha1,original,1.0,forward_return_5d
rolling_volatility_20,True,624,624,1.0,True,used,0.026783756776798798,0.0318329366203869,0.013911601557595642,0.013911601557595642,7,-0.0024302221955936117,0.008904241909675027,2022Q3,original_ridge_alpha1,original,1.0,forward_return_5d
rolling_volatility_60,True,624,624,1.0,True,used,0.02969050412066425,0.03193084469689316,0.010935032579972059,0.010935032579972059,8,-0.00377086550369776,0.008904241909675027,2022Q3,original_ridge_alpha1,original,1.0,forward_return_5d
simple_return,True,624,624,1.0,True,used,0.00297875940097575,0.002234224347512251,0.034830366930005255,0.034830366930005255,0,-0.10575628827346784,0.008904241909675033,2022Q3,relative_ols,relative,,forward_return_5d
log_return,True,624,624,1.0,True,used,0.00297432840193975,0.0016259157296479136,0.03485069977941404,0.03485069977941404,1,0.10555508573885414,0.008904241909675033,2022Q3,relative_ols,relative,,forward_return_5d
intraday_return,True,624,624,1.0,True,used,-0.00024265383866265,0.0005628578127367602,0.028141860707993203,0.028141860707993203,2,-0.0003405428355417947,0.008904241909675033,2022Q3,relative_ols,relative,,forward_return_5d
daily_range,True,624,624,1.0,True,used,0.0360761655526022,0.040530080254661115,0.022316111843164472,0.022316111843164472,3,0.005857729258253001,0.008904241909675033,2022Q3,relative_ols,relative,,forward_return_5d
close_to_sma_5,True,624,624,1.0,True,used,0.005602412226737186,0.003461206331928808,0.03484531756331558,0.03484531756331558,4,0.0004883394161461149,0.008904241909675033,2022Q3,relative_ols,relative,,forward_return_5d
close_to_sma_20,True,624,624,1.0,True,used,0.01882238866737629,0.01775276982166228,0.07813174045614475,0.07813174045614475,5,0.0013579752986701762,0.008904241909675033,2022Q3,relative_ols,relative,,forward_return_5d
close_to_sma_60,True,624,624,1.0,True,used,0.07702294433908019,0.06109907309623153,0.13256410996326928,0.13256410996326928,6,-0.00437627576607634,0.008904241909675033,2022Q3,relative_ols,relative,,forward_return_5d
rolling_volatility_20,True,624,624,1.0,True,used,0.026783756776798798,0.0318329366203869,0.013911601557595642,0.013911601557595642,7,-0.0034022684614022553,0.008904241909675033,2022Q3,relative_ols,relative,,forward_return_5d
rolling_volatility_60,True,624,624,1.0,True,used,0.02969050412066425,0.03193084469689316,0.010935032579972059,0.010935032579972059,8,-0.0014442149665411003,0.008904241909675033,2022Q3,relative_ols,relative,,forward_return_5d
simple_return,True,624,624,1.0,True,used,0.00297875940097575,0.002234224347512251,0.034830366930005255,0.034830366930005255,0,-0.022660689575006138,0.008904241909675032,2022Q3,relative_ridge_alpha1,relative,1.0,forward_return_5d
log_return,True,624,624,1.0,True,used,0.00297432840193975,0.0016259157296479136,0.03485069977941404,0.03485069977941404,1,0.022467343009869245,0.008904241909675032,2022Q3,relative_ridge_alpha1,relative,1.0,forward_return_5d
intraday_return,True,624,624,1.0,True,used,-0.00024265383866265,0.0005628578127367602,0.028141860707993203,0.028141860707993203,2,-0.0006559174095347127,0.008904241909675032,2022Q3,relative_ridge_alpha1,relative,1.0,forward_return_5d
daily_range,True,624,624,1.0,True,used,0.0360761655526022,0.040530080254661115,0.022316111843164472,0.022316111843164472,3,0.004225318390994644,0.008904241909675032,2022Q3,relative_ridge_alpha1,relative,1.0,forward_return_5d
close_to_sma_5,True,624,624,1.0,True,used,0.005602412226737186,0.003461206331928808,0.03484531756331558,0.03484531756331558,4,0.0005214842538651059,0.008904241909675032,2022Q3,relative_ridge_alpha1,relative,1.0,forward_return_5d
close_to_sma_20,True,624,624,1.0,True,used,0.01882238866737629,0.01775276982166228,0.07813174045614475,0.07813174045614475,5,0.0014892841603033236,0.008904241909675032,2022Q3,relative_ridge_alpha1,relative,1.0,forward_return_5d
close_to_sma_60,True,624,624,1.0,True,used,0.07702294433908019,0.06109907309623153,0.13256410996326928,0.13256410996326928,6,-0.0045336102552725925,0.008904241909675032,2022Q3,relative_ridge_alpha1,relative,1.0,forward_return_5d
rolling_volatility_20,True,624,624,1.0,True,used,0.026783756776798798,0.0318329366203869,0.013911601557595642,0.013911601557595642,7,-0.003967498690246783,0.008904241909675032,2022Q3,relative_ridge_alpha1,relative,1.0,forward_return_5d
rolling_volatility_60,True,624,624,1.0,True,used,0.02969050412066425,0.03193084469689316,0.010935032579972059,0.010935032579972059,8,-0.001113159131100046,0.008904241909675032,2022Q3,relative_ridge_alpha1,relative,1.0,forward_return_5d
simple_return,True,688,688,1.0,True,used,0.00289267074073705,0.0017093139410419489,0.03493237127737215,0.03493237127737215,0,-0.17631262920089152,0.007051038343298427,2022Q4,original_ols,original,,forward_return_5d
log_return,True,688,688,1.0,True,used,0.0028884950080828,0.0010974214223068662,0.0349885419820335,0.0349885419820335,1,0.1762767160541084,0.007051038343298427,2022Q4,original_ols,original,,forward_return_5d
intraday_return,True,688,688,1.0,True,used,0.00028197609047585,0.0007625340918991083,0.028169766165022203,0.028169766165022203,2,-0.0019459265060682573,0.007051038343298427,2022Q4,original_ols,original,,forward_return_5d
daily_range,True,688,688,1.0,True,used,0.036303921105186904,0.04078524039264362,0.021759913222829098,0.021759913222829098,3,0.009721341142720191,0.007051038343298427,2022Q4,original_ols,original,,forward_return_5d
sma_5,True,688,688,1.0,True,used,14.76960000991821,16.109473751450693,6.604565281305282,6.604565281305282,4,0.019338603642579107,0.007051038343298427,2022Q4,original_ols,original,,forward_return_5d
sma_20,True,688,688,1.0,True,used,14.706699919700625,16.025235707122224,6.61692167028856,6.61692167028856,5,-0.05366526798718729,0.007051038343298427,2022Q4,original_ols,original,,forward_return_5d
sma_60,True,688,688,1.0,True,used,14.043681287765502,15.696844646692737,6.687881400716206,6.687881400716206,6,0.020950666263844137,0.007051038343298427,2022Q4,original_ols,original,,forward_return_5d
rolling_volatility_20,True,688,688,1.0,True,used,0.02907837697834715,0.032224318813621554,0.013340379831730316,0.013340379831730316,7,-0.002998351766169425,0.007051038343298427,2022Q4,original_ols,original,,forward_return_5d
rolling_volatility_60,True,688,688,1.0,True,used,0.030169845114405798,0.032641365610088256,0.010694885996413307,0.010694885996413307,8,-0.003268898178081764,0.007051038343298427,2022Q4,original_ols,original,,forward_return_5d
simple_return,True,688,688,1.0,True,used,0.00289267074073705,0.0017093139410419489,0.03493237127737215,0.03493237127737215,0,-0.03850480121290343,0.007051038343298423,2022Q4,original_ridge_alpha1,original,1.0,forward_return_5d
log_return,True,688,688,1.0,True,used,0.0028884950080828,0.0010974214223068662,0.0349885419820335,0.0349885419820335,1,0.03838666486906223,0.007051038343298423,2022Q4,original_ridge_alpha1,original,1.0,forward_return_5d
intraday_return,True,688,688,1.0,True,used,0.00028197609047585,0.0007625340918991083,0.028169766165022203,0.028169766165022203,2,-0.002224611929840293,0.007051038343298423,2022Q4,original_ridge_alpha1,original,1.0,forward_return_5d
daily_range,True,688,688,1.0,True,used,0.036303921105186904,0.04078524039264362,0.021759913222829098,0.021759913222829098,3,0.006775887532553303,0.007051038343298423,2022Q4,original_ridge_alpha1,original,1.0,forward_return_5d
sma_5,True,688,688,1.0,True,used,14.76960000991821,16.109473751450693,6.604565281305282,6.604565281305282,4,0.014985050965754339,0.007051038343298423,2022Q4,original_ridge_alpha1,original,1.0,forward_return_5d
sma_20,True,688,688,1.0,True,used,14.706699919700625,16.025235707122224,6.61692167028856,6.61692167028856,5,-0.046749205058830914,0.007051038343298423,2022Q4,original_ridge_alpha1,original,1.0,forward_return_5d
sma_60,True,688,688,1.0,True,used,14.043681287765502,15.696844646692737,6.687881400716206,6.687881400716206,6,0.018927652717254696,0.007051038343298423,2022Q4,original_ridge_alpha1,original,1.0,forward_return_5d
rolling_volatility_20,True,688,688,1.0,True,used,0.02907837697834715,0.032224318813621554,0.013340379831730316,0.013340379831730316,7,-0.0037991631307469254,0.007051038343298423,2022Q4,original_ridge_alpha1,original,1.0,forward_return_5d
rolling_volatility_60,True,688,688,1.0,True,used,0.030169845114405798,0.032641365610088256,0.010694885996413307,0.010694885996413307,8,-0.00259236316114364,0.007051038343298423,2022Q4,original_ridge_alpha1,original,1.0,forward_return_5d
simple_return,True,688,688,1.0,True,used,0.00289267074073705,0.0017093139410419489,0.03493237127737215,0.03493237127737215,0,-0.1015937168000863,0.007051038343298415,2022Q4,relative_ols,relative,,forward_return_5d
log_return,True,688,688,1.0,True,used,0.0028884950080828,0.0010974214223068662,0.0349885419820335,0.0349885419820335,1,0.1036141692664132,0.007051038343298415,2022Q4,relative_ols,relative,,forward_return_5d
intraday_return,True,688,688,1.0,True,used,0.00028197609047585,0.0007625340918991083,0.028169766165022203,0.028169766165022203,2,-0.0012590063783234143,0.007051038343298415,2022Q4,relative_ols,relative,,forward_return_5d
daily_range,True,688,688,1.0,True,used,0.036303921105186904,0.04078524039264362,0.021759913222829098,0.021759913222829098,3,0.005922266606077253,0.007051038343298415,2022Q4,relative_ols,relative,,forward_return_5d
close_to_sma_5,True,688,688,1.0,True,used,0.004770099338776479,0.0024540133203740143,0.03569622586618411,0.03569622586618411,4,-0.005186311112440618,0.007051038343298415,2022Q4,relative_ols,relative,,forward_return_5d
close_to_sma_20,True,688,688,1.0,True,used,0.0163363040698552,0.013100294910834923,0.08113535616312931,0.08113535616312931,5,0.010149871741650308,0.007051038343298415,2022Q4,relative_ols,relative,,forward_return_5d
close_to_sma_60,True,688,688,1.0,True,used,0.06746963165528008,0.049534900328898554,0.1356766379114909,0.1356766379114909,6,-0.008325464788401238,0.007051038343298415,2022Q4,relative_ols,relative,,forward_return_5d
rolling_volatility_20,True,688,688,1.0,True,used,0.02907837697834715,0.032224318813621554,0.013340379831730316,0.013340379831730316,7,-0.004494574575682977,0.007051038343298415,2022Q4,relative_ols,relative,,forward_return_5d
rolling_volatility_60,True,688,688,1.0,True,used,0.030169845114405798,0.032641365610088256,0.010694885996413307,0.010694885996413307,8,-0.0011020343466764055,0.007051038343298415,2022Q4,relative_ols,relative,,forward_return_5d
simple_return,True,688,688,1.0,True,used,0.00289267074073705,0.0017093139410419489,0.03493237127737215,0.03493237127737215,0,-0.021812212808030362,0.007051038343298414,2022Q4,relative_ridge_alpha1,relative,1.0,forward_return_5d
log_return,True,688,688,1.0,True,used,0.0028884950080828,0.0010974214223068662,0.0349885419820335,0.0349885419820335,1,0.023764563958386768,0.007051038343298414,2022Q4,relative_ridge_alpha1,relative,1.0,forward_return_5d
intraday_return,True,688,688,1.0,True,used,0.00028197609047585,0.0007625340918991083,0.028169766165022203,0.028169766165022203,2,-0.0015060729903838457,0.007051038343298414,2022Q4,relative_ridge_alpha1,relative,1.0,forward_return_5d
daily_range,True,688,688,1.0,True,used,0.036303921105186904,0.04078524039264362,0.021759913222829098,0.021759913222829098,3,0.004355418215377708,0.007051038343298414,2022Q4,relative_ridge_alpha1,relative,1.0,forward_return_5d
close_to_sma_5,True,688,688,1.0,True,used,0.004770099338776479,0.0024540133203740143,0.03569622586618411,0.03569622586618411,4,-0.005101161881516911,0.007051038343298414,2022Q4,relative_ridge_alpha1,relative,1.0,forward_return_5d
close_to_sma_20,True,688,688,1.0,True,used,0.0163363040698552,0.013100294910834923,0.08113535616312931,0.08113535616312931,5,0.010169902679275396,0.007051038343298414,2022Q4,relative_ridge_alpha1,relative,1.0,forward_return_5d
close_to_sma_60,True,688,688,1.0,True,used,0.06746963165528008,0.049534900328898554,0.1356766379114909,0.1356766379114909,6,-0.008431723746385117,0.007051038343298414,2022Q4,relative_ridge_alpha1,relative,1.0,forward_return_5d
rolling_volatility_20,True,688,688,1.0,True,used,0.02907837697834715,0.032224318813621554,0.013340379831730316,0.013340379831730316,7,-0.005000362466464677,0.007051038343298414,2022Q4,relative_ridge_alpha1,relative,1.0,forward_return_5d
rolling_volatility_60,True,688,688,1.0,True,used,0.030169845114405798,0.032641365610088256,0.010694885996413307,0.010694885996413307,8,-0.0007821794547519143,0.007051038343298414,2022Q4,relative_ridge_alpha1,relative,1.0,forward_return_5d
simple_return,True,751,751,1.0,True,used,0.0028974525125318,0.0018967158407656596,0.035205041648070874,0.035205041648070874,0,-0.18763364011375708,0.007723099336044792,2023Q1,original_ols,original,,forward_return_5d
log_return,True,751,751,1.0,True,used,0.0028932629876825,0.00127618737357013,0.03521077472789131,0.03521077472789131,1,0.1886335685240107,0.007723099336044792,2023Q1,original_ols,original,,forward_return_5d
intraday_return,True,751,751,1.0,True,used,0.0002938520700264,0.0009475556098532087,0.028360967430796715,0.028360967430796715,2,-0.0036796855285985974,0.007723099336044792,2023Q1,original_ols,original,,forward_return_5d
daily_range,True,751,751,1.0,True,used,0.0368247377844923,0.041261179686456324,0.021439558944650692,0.021439558944650692,3,0.009291967940910067,0.007723099336044792,2023Q1,original_ols,original,,forward_return_5d
sma_5,True,751,751,1.0,True,used,14.659550094604493,15.965403912769016,6.364165341836628,6.364165341836628,4,0.02303122968274094,0.007723099336044792,2023Q1,original_ols,original,,forward_return_5d
sma_20,True,751,751,1.0,True,used,14.577124881744384,15.854882242898649,6.37462385371645,6.37462385371645,5,-0.062122124921976184,0.007723099336044792,2023Q1,original_ols,original,,forward_return_5d
sma_60,True,751,751,1.0,True,used,14.071054204305012,15.592211071576111,6.414875700737913,6.414875700737913,6,0.025781187863370525,0.007723099336044792,2023Q1,original_ols,original,,forward_return_5d
rolling_volatility_20,True,751,751,1.0,True,used,0.0312860048510803,0.03265900627833896,0.012929823736571833,0.012929823736571833,7,-0.001229032386683456,0.007723099336044792,2023Q1,original_ols,original,,forward_return_5d
rolling_volatility_60,True,751,751,1.0,True,used,0.0310077128534395,0.03301936328313986,0.010323694873524396,0.010323694873524396,8,-0.004605729919469752,0.007723099336044792,2023Q1,original_ols,original,,forward_return_5d
simple_return,True,751,751,1.0,True,used,0.0028974525125318,0.0018967158407656596,0.035205041648070874,0.035205041648070874,0,-0.044248068726950675,0.007723099336044791,2023Q1,original_ridge_alpha1,original,1.0,forward_return_5d
log_return,True,751,751,1.0,True,used,0.0028932629876825,0.00127618737357013,0.03521077472789131,0.03521077472789131,1,0.045174731003109224,0.007723099336044791,2023Q1,original_ridge_alpha1,original,1.0,forward_return_5d
intraday_return,True,751,751,1.0,True,used,0.0002938520700264,0.0009475556098532087,0.028360967430796715,0.028360967430796715,2,-0.0038798504463688583,0.007723099336044791,2023Q1,original_ridge_alpha1,original,1.0,forward_return_5d
daily_range,True,751,751,1.0,True,used,0.0368247377844923,0.041261179686456324,0.021439558944650692,0.021439558944650692,3,0.006311804110317099,0.007723099336044791,2023Q1,original_ridge_alpha1,original,1.0,forward_return_5d
sma_5,True,751,751,1.0,True,used,14.659550094604493,15.965403912769016,6.364165341836628,6.364165341836628,4,0.018481602561178045,0.007723099336044791,2023Q1,original_ridge_alpha1,original,1.0,forward_return_5d
sma_20,True,751,751,1.0,True,used,14.577124881744384,15.854882242898649,6.37462385371645,6.37462385371645,5,-0.05531768872185177,0.007723099336044791,2023Q1,original_ridge_alpha1,original,1.0,forward_return_5d
sma_60,True,751,751,1.0,True,used,14.071054204305012,15.592211071576111,6.414875700737913,6.414875700737913,6,0.024031979629401606,0.007723099336044791,2023Q1,original_ridge_alpha1,original,1.0,forward_return_5d
rolling_volatility_20,True,751,751,1.0,True,used,0.0312860048510803,0.03265900627833896,0.012929823736571833,0.012929823736571833,7,-0.002073611874712485,0.007723099336044791,2023Q1,original_ridge_alpha1,original,1.0,forward_return_5d
rolling_volatility_60,True,751,751,1.0,True,used,0.0310077128534395,0.03301936328313986,0.010323694873524396,0.010323694873524396,8,-0.003928262081333783,0.007723099336044791,2023Q1,original_ridge_alpha1,original,1.0,forward_return_5d
simple_return,True,751,751,1.0,True,used,0.0028974525125318,0.0018967158407656596,0.035205041648070874,0.035205041648070874,0,-0.11922641246644565,0.0077230993360447985,2023Q1,relative_ols,relative,,forward_return_5d
log_return,True,751,751,1.0,True,used,0.0028932629876825,0.00127618737357013,0.03521077472789131,0.03521077472789131,1,0.12320397284763364,0.0077230993360447985,2023Q1,relative_ols,relative,,forward_return_5d
intraday_return,True,751,751,1.0,True,used,0.0002938520700264,0.0009475556098532087,0.028360967430796715,0.028360967430796715,2,-0.0031040482141440062,0.0077230993360447985,2023Q1,relative_ols,relative,,forward_return_5d
daily_range,True,751,751,1.0,True,used,0.0368247377844923,0.041261179686456324,0.021439558944650692,0.021439558944650692,3,0.005926609914578799,0.0077230993360447985,2023Q1,relative_ols,relative,,forward_return_5d
close_to_sma_5,True,751,751,1.0,True,used,0.005306600503507619,0.0028607796660215143,0.03593371943769948,0.03593371943769948,4,-0.00734855575133387,0.0077230993360447985,2023Q1,relative_ols,relative,,forward_return_5d
close_to_sma_20,True,751,751,1.0,True,used,0.017344033937191305,0.014941891327792153,0.08110194253895717,0.08110194253895717,5,0.014731549353902026,0.0077230993360447985,2023Q1,relative_ols,relative,,forward_return_5d
close_to_sma_60,True,751,751,1.0,True,used,0.06429876883298324,0.04636727229856632,0.1404371717248662,0.1404371717248662,6,-0.012505396475219213,0.0077230993360447985,2023Q1,relative_ols,relative,,forward_return_5d
rolling_volatility_20,True,751,751,1.0,True,used,0.0312860048510803,0.03265900627833896,0.012929823736571833,0.012929823736571833,7,-0.003037762913027927,0.0077230993360447985,2023Q1,relative_ols,relative,,forward_return_5d
rolling_volatility_60,True,751,751,1.0,True,used,0.0310077128534395,0.03301936328313986,0.010323694873524396,0.010323694873524396,8,-0.0025247224966776323,0.0077230993360447985,2023Q1,relative_ols,relative,,forward_return_5d
simple_return,True,751,751,1.0,True,used,0.0028974525125318,0.0018967158407656596,0.035205041648070874,0.035205041648070874,0,-0.027290711928352637,0.007723099336044797,2023Q1,relative_ridge_alpha1,relative,1.0,forward_return_5d
log_return,True,751,751,1.0,True,used,0.0028932629876825,0.00127618737357013,0.03521077472789131,0.03521077472789131,1,0.031109831898640788,0.007723099336044797,2023Q1,relative_ridge_alpha1,relative,1.0,forward_return_5d
intraday_return,True,751,751,1.0,True,used,0.0002938520700264,0.0009475556098532087,0.028360967430796715,0.028360967430796715,2,-0.0032902919823583677,0.007723099336044797,2023Q1,relative_ridge_alpha1,relative,1.0,forward_return_5d
daily_range,True,751,751,1.0,True,used,0.0368247377844923,0.041261179686456324,0.021439558944650692,0.021439558944650692,3,0.004149601431975429,0.007723099336044797,2023Q1,relative_ridge_alpha1,relative,1.0,forward_return_5d
close_to_sma_5,True,751,751,1.0,True,used,0.005306600503507619,0.0028607796660215143,0.03593371943769948,0.03593371943769948,4,-0.007151695306099218,0.007723099336044797,2023Q1,relative_ridge_alpha1,relative,1.0,forward_return_5d
close_to_sma_20,True,751,751,1.0,True,used,0.017344033937191305,0.014941891327792153,0.08110194253895717,0.08110194253895717,5,0.014685039301046142,0.007723099336044797,2023Q1,relative_ridge_alpha1,relative,1.0,forward_return_5d
close_to_sma_60,True,751,751,1.0,True,used,0.06429876883298324,0.04636727229856632,0.1404371717248662,0.1404371717248662,6,-0.012622184082499793,0.007723099336044797,2023Q1,relative_ridge_alpha1,relative,1.0,forward_return_5d
rolling_volatility_20,True,751,751,1.0,True,used,0.0312860048510803,0.03265900627833896,0.012929823736571833,0.012929823736571833,7,-0.0036253757581529225,0.007723099336044797,2023Q1,relative_ridge_alpha1,relative,1.0,forward_return_5d
rolling_volatility_60,True,751,751,1.0,True,used,0.0310077128534395,0.03301936328313986,0.010323694873524396,0.010323694873524396,8,-0.002155264166471628,0.007723099336044797,2023Q1,relative_ridge_alpha1,relative,1.0,forward_return_5d
simple_return,True,813,813,1.0,True,used,0.0031897788014427,0.0024884157781092237,0.03531262272460715,0.03531262272460715,0,-0.17488778707208985,0.011130182181917131,2023Q2,original_ols,original,,forward_return_5d
log_return,True,813,813,1.0,True,used,0.003184702249562,0.0018642510484549442,0.035267132849384854,0.035267132849384854,1,0.17504759251716134,0.011130182181917131,2023Q2,original_ols,original,,forward_return_5d
intraday_return,True,813,813,1.0,True,used,0.000725710447287,0.0015672745015279737,0.028275756648623546,0.028275756648623546,2,-0.0024601304041993177,0.011130182181917131,2023Q2,original_ols,original,,forward_return_5d
daily_range,True,813,813,1.0,True,used,0.0369892928833421,0.04133880843857356,0.02097616165380185,0.02097616165380185,3,0.008270532982372644,0.011130182181917131,2023Q2,original_ols,original,,forward_return_5d
sma_5,True,813,813,1.0,True,used,15.267150115966796,16.294652080535887,6.301114716284499,6.301114716284499,4,0.029557812341161675,0.011130182181917131,2023Q2,original_ols,original,,forward_return_5d
sma_20,True,813,813,1.0,True,used,15.15292501449585,16.119323144129133,6.252376395363892,6.252376395363892,5,-0.051948272907502556,0.011130182181917131,2023Q2,original_ols,original,,forward_return_5d
sma_60,True,813,813,1.0,True,used,14.70304996172587,15.714265496723963,6.200920091893459,6.200920091893459,6,0.01093763354148958,0.011130182181917131,2023Q2,original_ols,original,,forward_return_5d
rolling_volatility_20,True,813,813,1.0,True,used,0.0329807677311944,0.033048050889585914,0.012557060629157695,0.012557060629157695,7,-0.0010563303324145918,0.011130182181917131,2023Q2,original_ols,original,,forward_return_5d
rolling_volatility_60,True,813,813,1.0,True,used,0.0329249927088633,0.0334155158761139,0.010024630376907576,0.010024630376907576,8,-0.0007941802802268682,0.011130182181917131,2023Q2,original_ols,original,,forward_return_5d
simple_return,True,813,813,1.0,True,used,0.0031897788014427,0.0024884157781092237,0.03531262272460715,0.03531262272460715,0,-0.044807511137147614,0.011130182181917133,2023Q2,original_ridge_alpha1,original,1.0,forward_return_5d
log_return,True,813,813,1.0,True,used,0.003184702249562,0.0018642510484549442,0.035267132849384854,0.035267132849384854,1,0.044658275681508174,0.011130182181917133,2023Q2,original_ridge_alpha1,original,1.0,forward_return_5d
intraday_return,True,813,813,1.0,True,used,0.000725710447287,0.0015672745015279737,0.028275756648623546,0.028275756648623546,2,-0.002278471407410991,0.011130182181917133,2023Q2,original_ridge_alpha1,original,1.0,forward_return_5d
daily_range,True,813,813,1.0,True,used,0.0369892928833421,0.04133880843857356,0.02097616165380185,0.02097616165380185,3,0.005659546951726081,0.011130182181917133,2023Q2,original_ridge_alpha1,original,1.0,forward_return_5d
sma_5,True,813,813,1.0,True,used,15.267150115966796,16.294652080535887,6.301114716284499,6.301114716284499,4,0.02600649182202225,0.011130182181917133,2023Q2,original_ridge_alpha1,original,1.0,forward_return_5d
sma_20,True,813,813,1.0,True,used,15.15292501449585,16.119323144129133,6.252376395363892,6.252376395363892,5,-0.04697673544281928,0.011130182181917133,2023Q2,original_ridge_alpha1,original,1.0,forward_return_5d
sma_60,True,813,813,1.0,True,used,14.70304996172587,15.714265496723963,6.200920091893459,6.200920091893459,6,0.009952203917051162,0.011130182181917133,2023Q2,original_ridge_alpha1,original,1.0,forward_return_5d
rolling_volatility_20,True,813,813,1.0,True,used,0.0329807677311944,0.033048050889585914,0.012557060629157695,0.012557060629157695,7,-0.0018740421108537908,0.011130182181917133,2023Q2,original_ridge_alpha1,original,1.0,forward_return_5d
rolling_volatility_60,True,813,813,1.0,True,used,0.0329249927088633,0.0334155158761139,0.010024630376907576,0.010024630376907576,8,-0.00021401433733506537,0.011130182181917133,2023Q2,original_ridge_alpha1,original,1.0,forward_return_5d
simple_return,True,813,813,1.0,True,used,0.0031897788014427,0.0024884157781092237,0.03531262272460715,0.03531262272460715,0,-0.1192558699243252,0.011130182181917128,2023Q2,relative_ols,relative,,forward_return_5d
log_return,True,813,813,1.0,True,used,0.003184702249562,0.0018642510484549442,0.035267132849384854,0.035267132849384854,1,0.12061147972112042,0.011130182181917128,2023Q2,relative_ols,relative,,forward_return_5d
intraday_return,True,813,813,1.0,True,used,0.000725710447287,0.0015672745015279737,0.028275756648623546,0.028275756648623546,2,-0.0018213162643250375,0.011130182181917128,2023Q2,relative_ols,relative,,forward_return_5d
daily_range,True,813,813,1.0,True,used,0.0369892928833421,0.04133880843857356,0.02097616165380185,0.02097616165380185,3,0.005554499696116321,0.011130182181917128,2023Q2,relative_ols,relative,,forward_return_5d
close_to_sma_5,True,813,813,1.0,True,used,0.006114209973056894,0.003939407955140186,0.03613316393526337,0.03613316393526337,4,-0.004897453901360649,0.011130182181917128,2023Q2,relative_ols,relative,,forward_return_5d
close_to_sma_20,True,813,813,1.0,True,used,0.021408494971969727,0.01887523559255778,0.08298625040698984,0.08298625040698984,5,0.011896326880646419,0.011130182181917128,2023Q2,relative_ols,relative,,forward_return_5d
close_to_sma_60,True,813,813,1.0,True,used,0.07064425755662862,0.05742505239558073,0.14356957834967107,0.14356957834967107,6,-0.007830202775405005,0.011130182181917128,2023Q2,relative_ols,relative,,forward_return_5d
rolling_volatility_20,True,813,813,1.0,True,used,0.0329807677311944,0.033048050889585914,0.012557060629157695,0.012557060629157695,7,-0.0022378585184913476,0.011130182181917128,2023Q2,relative_ols,relative,,forward_return_5d
rolling_volatility_60,True,813,813,1.0,True,used,0.0329249927088633,0.0334155158761139,0.010024630376907576,0.010024630376907576,8,3.680541959234871e-05,0.011130182181917128,2023Q2,relative_ols,relative,,forward_return_5d
simple_return,True,813,813,1.0,True,used,0.0031897788014427,0.0024884157781092237,0.03531262272460715,0.03531262272460715,0,-0.030464380617044123,0.011130182181917128,2023Q2,relative_ridge_alpha1,relative,1.0,forward_return_5d
log_return,True,813,813,1.0,True,used,0.003184702249562,0.0018642510484549442,0.035267132849384854,0.035267132849384854,1,0.031483416576083285,0.011130182181917128,2023Q2,relative_ridge_alpha1,relative,1.0,forward_return_5d
intraday_return,True,813,813,1.0,True,used,0.000725710447287,0.0015672745015279737,0.028275756648623546,0.028275756648623546,2,-0.0017607492316941403,0.011130182181917128,2023Q2,relative_ridge_alpha1,relative,1.0,forward_return_5d
daily_range,True,813,813,1.0,True,used,0.0369892928833421,0.04133880843857356,0.02097616165380185,0.02097616165380185,3,0.003885477920624881,0.011130182181917128,2023Q2,relative_ridge_alpha1,relative,1.0,forward_return_5d
close_to_sma_5,True,813,813,1.0,True,used,0.006114209973056894,0.003939407955140186,0.03613316393526337,0.03613316393526337,4,-0.004683764429967599,0.011130182181917128,2023Q2,relative_ridge_alpha1,relative,1.0,forward_return_5d
close_to_sma_20,True,813,813,1.0,True,used,0.021408494971969727,0.01887523559255778,0.08298625040698984,0.08298625040698984,5,0.011903393024773926,0.011130182181917128,2023Q2,relative_ridge_alpha1,relative,1.0,forward_return_5d
close_to_sma_60,True,813,813,1.0,True,used,0.07064425755662862,0.05742505239558073,0.14356957834967107,0.14356957834967107,6,-0.007965490889069202,0.011130182181917128,2023Q2,relative_ridge_alpha1,relative,1.0,forward_return_5d
rolling_volatility_20,True,813,813,1.0,True,used,0.0329807677311944,0.033048050889585914,0.012557060629157695,0.012557060629157695,7,-0.0028153208103504166,0.011130182181917128,2023Q2,relative_ridge_alpha1,relative,1.0,forward_return_5d
rolling_volatility_60,True,813,813,1.0,True,used,0.0329249927088633,0.0334155158761139,0.010024630376907576,0.010024630376907576,8,0.0003887877167573368,0.011130182181917128,2023Q2,relative_ridge_alpha1,relative,1.0,forward_return_5d
simple_return,True,875,875,1.0,True,used,0.0031897788014427,0.002879391423718403,0.035500531493893345,0.035500531493893345,0,-0.08628586917149232,0.01264875996687628,2023Q3,original_ols,original,,forward_return_5d
log_return,True,875,875,1.0,True,used,0.003184702249562,0.0022521732445349497,0.03527092029045267,0.03527092029045267,1,0.08700620255957565,0.01264875996687628,2023Q3,original_ols,original,,forward_return_5d
intraday_return,True,875,875,1.0,True,used,0.0010039157272472,0.001676722577210612,0.02773957954906975,0.02773957954906975,2,-0.0032756814005688376,0.01264875996687628,2023Q3,original_ols,original,,forward_return_5d
daily_range,True,875,875,1.0,True,used,0.0363287263883954,0.040575786825364744,0.02063668029772985,0.02063668029772985,3,0.005529275255571407,0.01264875996687628,2023Q3,original_ols,original,,forward_return_5d
sma_5,True,875,875,1.0,True,used,15.898200225830076,17.3740972921099,7.375169757785738,7.375169757785738,4,0.045741210388053455,0.01264875996687628,2023Q3,original_ols,original,,forward_return_5d
sma_20,True,875,875,1.0,True,used,15.829250049591064,17.07221457950047,7.034059627046501,7.034059627046501,5,-0.06144270410806837,0.01264875996687628,2023Q3,original_ols,original,,forward_return_5d
sma_60,True,875,875,1.0,True,used,15.503449980417887,16.449589575513205,6.591713836260591,6.591713836260591,6,0.009827658141547669,0.01264875996687628,2023Q3,original_ols,original,,forward_return_5d
rolling_volatility_20,True,875,875,1.0,True,used,0.0324688501217117,0.03303933113669317,0.01304919188106523,0.01304919188106523,7,-0.002175503516979072,0.01264875996687628,2023Q3,original_ols,original,,forward_return_5d
rolling_volatility_60,True,875,875,1.0,True,used,0.0330223049125645,0.03337717449609536,0.009746850376344835,0.009746850376344835,8,-0.0007349108889137613,0.01264875996687628,2023Q3,original_ols,original,,forward_return_5d
simple_return,True,875,875,1.0,True,used,0.0031897788014427,0.002879391423718403,0.035500531493893345,0.035500531493893345,0,-0.029515994718340217,0.012648759966876278,2023Q3,original_ridge_alpha1,original,1.0,forward_return_5d
log_return,True,875,875,1.0,True,used,0.003184702249562,0.0022521732445349497,0.03527092029045267,0.03527092029045267,1,0.029598918132855714,0.012648759966876278,2023Q3,original_ridge_alpha1,original,1.0,forward_return_5d
intraday_return,True,875,875,1.0,True,used,0.0010039157272472,0.001676722577210612,0.02773957954906975,0.02773957954906975,2,-0.002494550871354501,0.012648759966876278,2023Q3,original_ridge_alpha1,original,1.0,forward_return_5d
daily_range,True,875,875,1.0,True,used,0.0363287263883954,0.040575786825364744,0.02063668029772985,0.02063668029772985,3,0.00420968271163601,0.012648759966876278,2023Q3,original_ridge_alpha1,original,1.0,forward_return_5d
sma_5,True,875,875,1.0,True,used,15.898200225830076,17.3740972921099,7.375169757785738,7.375169757785738,4,0.040477423662620665,0.012648759966876278,2023Q3,original_ridge_alpha1,original,1.0,forward_return_5d
sma_20,True,875,875,1.0,True,used,15.829250049591064,17.07221457950047,7.034059627046501,7.034059627046501,5,-0.05424640505926522,0.012648759966876278,2023Q3,original_ridge_alpha1,original,1.0,forward_return_5d
sma_60,True,875,875,1.0,True,used,15.503449980417887,16.449589575513205,6.591713836260591,6.591713836260591,6,0.007915248395327354,0.012648759966876278,2023Q3,original_ridge_alpha1,original,1.0,forward_return_5d
rolling_volatility_20,True,875,875,1.0,True,used,0.0324688501217117,0.03303933113669317,0.01304919188106523,0.01304919188106523,7,-0.002371803804879687,0.012648759966876278,2023Q3,original_ridge_alpha1,original,1.0,forward_return_5d
rolling_volatility_60,True,875,875,1.0,True,used,0.0330223049125645,0.03337717449609536,0.009746850376344835,0.009746850376344835,8,-0.0005206571243140864,0.012648759966876278,2023Q3,original_ridge_alpha1,original,1.0,forward_return_5d
simple_return,True,875,875,1.0,True,used,0.0031897788014427,0.002879391423718403,0.035500531493893345,0.035500531493893345,0,-0.06628849112244439,0.012648759966876266,2023Q3,relative_ols,relative,,forward_return_5d
log_return,True,875,875,1.0,True,used,0.003184702249562,0.0022521732445349497,0.03527092029045267,0.03527092029045267,1,0.0685967191634725,0.012648759966876266,2023Q3,relative_ols,relative,,forward_return_5d
intraday_return,True,875,875,1.0,True,used,0.0010039157272472,0.001676722577210612,0.02773957954906975,0.02773957954906975,2,-0.0028275576424760043,0.012648759966876266,2023Q3,relative_ols,relative,,forward_return_5d
daily_range,True,875,875,1.0,True,used,0.0363287263883954,0.040575786825364744,0.02063668029772985,0.02063668029772985,3,0.004062019822290259,0.012648759966876266,2023Q3,relative_ols,relative,,forward_return_5d
close_to_sma_5,True,875,875,1.0,True,used,0.00659468421197662,0.004748045813038585,0.03636585189372945,0.03636585189372945,4,-0.005992451721849867,0.012648759966876266,2023Q3,relative_ols,relative,,forward_return_5d
close_to_sma_20,True,875,875,1.0,True,used,0.025533104632886605,0.023121683064149214,0.08391951568681663,0.08391951568681663,5,0.013175792183530759,0.012648759966876266,2023Q3,relative_ols,relative,,forward_return_5d
close_to_sma_60,True,875,875,1.0,True,used,0.08976595317147051,0.06901058965392777,0.14742864643043652,0.14742864643043652,6,-0.008103044063667884,0.012648759966876266,2023Q3,relative_ols,relative,,forward_return_5d
rolling_volatility_20,True,875,875,1.0,True,used,0.0324688501217117,0.03303933113669317,0.01304919188106523,0.01304919188106523,7,-0.002227825658948281,0.012648759966876266,2023Q3,relative_ols,relative,,forward_return_5d
rolling_volatility_60,True,875,875,1.0,True,used,0.0330223049125645,0.03337717449609536,0.009746850376344835,0.009746850376344835,8,-0.0012381489369006544,0.012648759966876266,2023Q3,relative_ols,relative,,forward_return_5d
simple_return,True,875,875,1.0,True,used,0.0031897788014427,0.002879391423718403,0.035500531493893345,0.035500531493893345,0,-0.022292924413927658,0.012648759966876266,2023Q3,relative_ridge_alpha1,relative,1.0,forward_return_5d
log_return,True,875,875,1.0,True,used,0.003184702249562,0.0022521732445349497,0.03527092029045267,0.03527092029045267,1,0.02399848074261693,0.012648759966876266,2023Q3,relative_ridge_alpha1,relative,1.0,forward_return_5d
intraday_return,True,875,875,1.0,True,used,0.0010039157272472,0.001676722577210612,0.02773957954906975,0.02773957954906975,2,-0.002274215111447308,0.012648759966876266,2023Q3,relative_ridge_alpha1,relative,1.0,forward_return_5d
daily_range,True,875,875,1.0,True,used,0.0363287263883954,0.040575786825364744,0.02063668029772985,0.02063668029772985,3,0.003143162780034648,0.012648759966876266,2023Q3,relative_ridge_alpha1,relative,1.0,forward_return_5d
close_to_sma_5,True,875,875,1.0,True,used,0.00659468421197662,0.004748045813038585,0.03636585189372945,0.03636585189372945,4,-0.005804401711613899,0.012648759966876266,2023Q3,relative_ridge_alpha1,relative,1.0,forward_return_5d
close_to_sma_20,True,875,875,1.0,True,used,0.025533104632886605,0.023121683064149214,0.08391951568681663,0.08391951568681663,5,0.013074558921252852,0.012648759966876266,2023Q3,relative_ridge_alpha1,relative,1.0,forward_return_5d
close_to_sma_60,True,875,875,1.0,True,used,0.08976595317147051,0.06901058965392777,0.14742864643043652,0.14742864643043652,6,-0.00811830923123695,0.012648759966876266,2023Q3,relative_ridge_alpha1,relative,1.0,forward_return_5d
rolling_volatility_20,True,875,875,1.0,True,used,0.0324688501217117,0.03303933113669317,0.01304919188106523,0.01304919188106523,7,-0.0025028025389304278,0.012648759966876266,2023Q3,relative_ridge_alpha1,relative,1.0,forward_return_5d
rolling_volatility_60,True,875,875,1.0,True,used,0.0330223049125645,0.03337717449609536,0.009746850376344835,0.009746850376344835,8,-0.00105259477325637,0.012648759966876266,2023Q3,relative_ridge_alpha1,relative,1.0,forward_return_5d
simple_return,True,938,938,1.0,True,used,0.0027314682557405996,0.0026921256083691516,0.034919325464007826,0.034919325464007826,0,-0.07763294007269017,0.011884129805991859,2023Q4,original_ols,original,,forward_return_5d
log_return,True,938,938,1.0,True,used,0.00272773883126585,0.002085670220535341,0.03468946641022892,0.03468946641022892,1,0.07838074704434944,0.011884129805991859,2023Q4,original_ols,original,,forward_return_5d
intraday_return,True,938,938,1.0,True,used,0.0007157822216454,0.0013981274784099125,0.027543121823934424,0.027543121823934424,2,-0.0032952014125600254,0.011884129805991859,2023Q4,original_ols,original,,forward_return_5d
daily_range,True,938,938,1.0,True,used,0.0360761655526022,0.04018992117532099,0.020352305923144253,0.020352305923144253,3,0.005389413283977895,0.011884129805991859,2023Q4,original_ols,original,,forward_return_5d
sma_5,True,938,938,1.0,True,used,16.632900047302247,19.211661116654938,9.894256128809788,9.894256128809788,4,0.03962655367154567,0.011884129805991859,2023Q4,original_ols,original,,forward_return_5d
sma_20,True,938,938,1.0,True,used,16.421675062179567,18.89726727222329,9.623824739072255,9.623824739072255,5,-0.04717061325636207,0.011884129805991859,2023Q4,original_ols,original,,forward_return_5d
sma_60,True,938,938,1.0,True,used,16.287599968910218,18.039775054871658,8.76143193168937,8.76143193168937,6,0.0007174184994617771,0.011884129805991859,2023Q4,original_ols,original,,forward_return_5d
rolling_volatility_20,True,938,938,1.0,True,used,0.03127724427583875,0.03256355441792399,0.012782498310903612,0.012782498310903612,7,-0.0039896951368254,0.011884129805991859,2023Q4,original_ols,original,,forward_return_5d
rolling_volatility_60,True,938,938,1.0,True,used,0.0334079044354407,0.03345082742986329,0.00955967023724343,0.00955967023724343,8,0.0015454637137743486,0.011884129805991859,2023Q4,original_ols,original,,forward_return_5d
simple_return,True,938,938,1.0,True,used,0.0027314682557405996,0.0026921256083691516,0.034919325464007826,0.034919325464007826,0,-0.02757292702327756,0.01188412980599186,2023Q4,original_ridge_alpha1,original,1.0,forward_return_5d
log_return,True,938,938,1.0,True,used,0.00272773883126585,0.002085670220535341,0.03468946641022892,0.03468946641022892,1,0.02780566227139323,0.01188412980599186,2023Q4,original_ridge_alpha1,original,1.0,forward_return_5d
intraday_return,True,938,938,1.0,True,used,0.0007157822216454,0.0013981274784099125,0.027543121823934424,0.027543121823934424,2,-0.002668983875938019,0.01188412980599186,2023Q4,original_ridge_alpha1,original,1.0,forward_return_5d
daily_range,True,938,938,1.0,True,used,0.0360761655526022,0.04018992117532099,0.020352305923144253,0.020352305923144253,3,0.004239293649538938,0.01188412980599186,2023Q4,original_ridge_alpha1,original,1.0,forward_return_5d
sma_5,True,938,938,1.0,True,used,16.632900047302247,19.211661116654938,9.894256128809788,9.894256128809788,4,0.03365233310358095,0.01188412980599186,2023Q4,original_ridge_alpha1,original,1.0,forward_return_5d
sma_20,True,938,938,1.0,True,used,16.421675062179567,18.89726727222329,9.623824739072255,9.623824739072255,5,-0.03938029718759847,0.01188412980599186,2023Q4,original_ridge_alpha1,original,1.0,forward_return_5d
sma_60,True,938,938,1.0,True,used,16.287599968910218,18.039775054871658,8.76143193168937,8.76143193168937,6,-0.001073612970544752,0.01188412980599186,2023Q4,original_ridge_alpha1,original,1.0,forward_return_5d
rolling_volatility_20,True,938,938,1.0,True,used,0.03127724427583875,0.03256355441792399,0.012782498310903612,0.012782498310903612,7,-0.004031626699518062,0.01188412980599186,2023Q4,original_ridge_alpha1,original,1.0,forward_return_5d
rolling_volatility_60,True,938,938,1.0,True,used,0.0334079044354407,0.03345082742986329,0.00955967023724343,0.00955967023724343,8,0.0015879515287616807,0.01188412980599186,2023Q4,original_ridge_alpha1,original,1.0,forward_return_5d
simple_return,True,938,938,1.0,True,used,0.0027314682557405996,0.0026921256083691516,0.034919325464007826,0.034919325464007826,0,-0.06251251745609462,0.01188412980599187,2023Q4,relative_ols,relative,,forward_return_5d
log_return,True,938,938,1.0,True,used,0.00272773883126585,0.002085670220535341,0.03468946641022892,0.03468946641022892,1,0.06482453401198633,0.01188412980599187,2023Q4,relative_ols,relative,,forward_return_5d
intraday_return,True,938,938,1.0,True,used,0.0007157822216454,0.0013981274784099125,0.027543121823934424,0.027543121823934424,2,-0.003051612665870042,0.01188412980599187,2023Q4,relative_ols,relative,,forward_return_5d
daily_range,True,938,938,1.0,True,used,0.0360761655526022,0.04018992117532099,0.020352305923144253,0.020352305923144253,3,0.004245520424098132,0.01188412980599187,2023Q4,relative_ols,relative,,forward_return_5d
close_to_sma_5,True,938,938,1.0,True,used,0.005946264486852426,0.004384781998182532,0.03582835016267379,0.03582835016267379,4,-0.00537304087043243,0.01188412980599187,2023Q4,relative_ols,relative,,forward_return_5d
close_to_sma_20,True,938,938,1.0,True,used,0.024731602351930504,0.02231175670973597,0.08212655645838164,0.08212655645838164,5,0.011155974234137441,0.01188412980599187,2023Q4,relative_ols,relative,,forward_return_5d
close_to_sma_60,True,938,938,1.0,True,used,0.09244548618579707,0.0726761704103138,0.1456489862131048,0.1456489862131048,6,-0.0066995871149712494,0.01188412980599187,2023Q4,relative_ols,relative,,forward_return_5d
rolling_volatility_20,True,938,938,1.0,True,used,0.03127724427583875,0.03256355441792399,0.012782498310903612,0.012782498310903612,7,-0.0029995788269004064,0.01188412980599187,2023Q4,relative_ols,relative,,forward_return_5d
rolling_volatility_60,True,938,938,1.0,True,used,0.0334079044354407,0.03345082742986329,0.00955967023724343,0.00955967023724343,8,0.00016784904351467805,0.01188412980599187,2023Q4,relative_ols,relative,,forward_return_5d
simple_return,True,938,938,1.0,True,used,0.0027314682557405996,0.0026921256083691516,0.034919325464007826,0.034919325464007826,0,-0.02168250488161279,0.01188412980599187,2023Q4,relative_ridge_alpha1,relative,1.0,forward_return_5d
log_return,True,938,938,1.0,True,used,0.00272773883126585,0.002085670220535341,0.03468946641022892,0.03468946641022892,1,0.023460767195408697,0.01188412980599187,2023Q4,relative_ridge_alpha1,relative,1.0,forward_return_5d
intraday_return,True,938,938,1.0,True,used,0.0007157822216454,0.0013981274784099125,0.027543121823934424,0.027543121823934424,2,-0.002571341364778417,0.01188412980599187,2023Q4,relative_ridge_alpha1,relative,1.0,forward_return_5d
daily_range,True,938,938,1.0,True,used,0.0360761655526022,0.04018992117532099,0.020352305923144253,0.020352305923144253,3,0.00340998595717532,0.01188412980599187,2023Q4,relative_ridge_alpha1,relative,1.0,forward_return_5d
close_to_sma_5,True,938,938,1.0,True,used,0.005946264486852426,0.004384781998182532,0.03582835016267379,0.03582835016267379,4,-0.005202172469854497,0.01188412980599187,2023Q4,relative_ridge_alpha1,relative,1.0,forward_return_5d
close_to_sma_20,True,938,938,1.0,True,used,0.024731602351930504,0.02231175670973597,0.08212655645838164,0.08212655645838164,5,0.011099148689485161,0.01188412980599187,2023Q4,relative_ridge_alpha1,relative,1.0,forward_return_5d
close_to_sma_60,True,938,938,1.0,True,used,0.09244548618579707,0.0726761704103138,0.1456489862131048,0.1456489862131048,6,-0.00673997682465381,0.01188412980599187,2023Q4,relative_ridge_alpha1,relative,1.0,forward_return_5d
rolling_volatility_20,True,938,938,1.0,True,used,0.03127724427583875,0.03256355441792399,0.012782498310903612,0.012782498310903612,7,-0.0032357933395160588,0.01188412980599187,2023Q4,relative_ridge_alpha1,relative,1.0,forward_return_5d
rolling_volatility_60,True,938,938,1.0,True,used,0.0334079044354407,0.03345082742986329,0.00955967023724343,0.00955967023724343,8,0.0003062027386488606,0.01188412980599187,2023Q4,relative_ridge_alpha1,relative,1.0,forward_return_5d
simple_return,True,1001,1001,1.0,True,used,0.0031606210379204,0.00270009485731201,0.03421441960628472,0.03421441960628472,0,-0.07464008102859276,0.01188970633822178,2024Q1,original_ols,original,,forward_return_5d
log_return,True,1001,1001,1.0,True,used,0.003155636774731,0.002117516842268544,0.03399763361810046,0.03399763361810046,1,0.07586311779463611,0.01188970633822178,2024Q1,original_ols,original,,forward_return_5d
intraday_return,True,1001,1001,1.0,True,used,0.0010735323025614,0.0014362145572400674,0.027063152581579396,0.027063152581579396,2,-0.003166669794763155,0.01188970633822178,2024Q1,original_ols,original,,forward_return_5d
daily_range,True,1001,1001,1.0,True,used,0.0355583280484895,0.03950764357487732,0.02003835829596234,0.02003835829596234,3,0.00434982323487808,0.01188970633822178,2024Q1,original_ols,original,,forward_return_5d
sma_5,True,1001,1001,1.0,True,used,17.36079978942871,20.871412909733547,11.540735789861671,11.540735789861671,4,0.015521355090259151,0.01188970633822178,2024Q1,original_ols,original,,forward_return_5d
sma_20,True,1001,1001,1.0,True,used,17.273300075531004,20.556538209857997,11.312696848740732,11.312696848740732,5,-0.024453642643357285,0.01188970633822178,2024Q1,original_ols,original,,forward_return_5d
sma_60,True,1001,1001,1.0,True,used,16.973483339945474,19.733521710583815,10.70754430808235,10.70754430808235,6,0.0032231759121214894,0.01188970633822178,2024Q1,original_ols,original,,forward_return_5d
rolling_volatility_20,True,1001,1001,1.0,True,used,0.0294239620910176,0.03184775540769812,0.01270820893035879,0.01270820893035879,7,-0.002952289055107079,0.01188970633822178,2024Q1,original_ols,original,,forward_return_5d
rolling_volatility_60,True,1001,1001,1.0,True,used,0.0313860735709947,0.0328419984589565,0.00955957254430631,0.00955957254430631,8,0.00017819236308502665,0.01188970633822178,2024Q1,original_ols,original,,forward_return_5d
simple_return,True,1001,1001,1.0,True,used,0.0031606210379204,0.00270009485731201,0.03421441960628472,0.03421441960628472,0,-0.027131260902076283,0.01188970633822178,2024Q1,original_ridge_alpha1,original,1.0,forward_return_5d
log_return,True,1001,1001,1.0,True,used,0.003155636774731,0.002117516842268544,0.03399763361810046,0.03399763361810046,1,0.027859118454438905,0.01188970633822178,2024Q1,original_ridge_alpha1,original,1.0,forward_return_5d
intraday_return,True,1001,1001,1.0,True,used,0.0010735323025614,0.0014362145572400674,0.027063152581579396,0.027063152581579396,2,-0.0026106386102859413,0.01188970633822178,2024Q1,original_ridge_alpha1,original,1.0,forward_return_5d
daily_range,True,1001,1001,1.0,True,used,0.0355583280484895,0.03950764357487732,0.02003835829596234,0.02003835829596234,3,0.003318253652840542,0.01188970633822178,2024Q1,original_ridge_alpha1,original,1.0,forward_return_5d
sma_5,True,1001,1001,1.0,True,used,17.36079978942871,20.871412909733547,11.540735789861671,11.540735789861671,4,0.012317764330676774,0.01188970633822178,2024Q1,original_ridge_alpha1,original,1.0,forward_return_5d
sma_20,True,1001,1001,1.0,True,used,17.273300075531004,20.556538209857997,11.312696848740732,11.312696848740732,5,-0.0202642437908789,0.01188970633822178,2024Q1,original_ridge_alpha1,original,1.0,forward_return_5d
sma_60,True,1001,1001,1.0,True,used,16.973483339945474,19.733521710583815,10.70754430808235,10.70754430808235,6,0.0022661678945592786,0.01188970633822178,2024Q1,original_ridge_alpha1,original,1.0,forward_return_5d
rolling_volatility_20,True,1001,1001,1.0,True,used,0.0294239620910176,0.03184775540769812,0.01270820893035879,0.01270820893035879,7,-0.0031052519566725375,0.01188970633822178,2024Q1,original_ridge_alpha1,original,1.0,forward_return_5d
rolling_volatility_60,True,1001,1001,1.0,True,used,0.0313860735709947,0.0328419984589565,0.00955957254430631,0.00955957254430631,8,0.0002857244905004115,0.01188970633822178,2024Q1,original_ridge_alpha1,original,1.0,forward_return_5d
simple_return,True,1001,1001,1.0,True,used,0.0031606210379204,0.00270009485731201,0.03421441960628472,0.03421441960628472,0,-0.06654136695453548,0.01188970633822178,2024Q1,relative_ols,relative,,forward_return_5d
log_return,True,1001,1001,1.0,True,used,0.003155636774731,0.002117516842268544,0.03399763361810046,0.03399763361810046,1,0.06838080383332636,0.01188970633822178,2024Q1,relative_ols,relative,,forward_return_5d
intraday_return,True,1001,1001,1.0,True,used,0.0010735323025614,0.0014362145572400674,0.027063152581579396,0.027063152581579396,2,-0.0031075488903338708,0.01188970633822178,2024Q1,relative_ols,relative,,forward_return_5d
daily_range,True,1001,1001,1.0,True,used,0.0355583280484895,0.03950764357487732,0.02003835829596234,0.02003835829596234,3,0.0042171443314219705,0.01188970633822178,2024Q1,relative_ols,relative,,forward_return_5d
close_to_sma_5,True,1001,1001,1.0,True,used,0.006068883037279038,0.004434249901433644,0.035223536704685116,0.035223536704685116,4,-0.002932032591058731,0.01188970633822178,2024Q1,relative_ols,relative,,forward_return_5d
close_to_sma_20,True,1001,1001,1.0,True,used,0.023869975346980432,0.02169741262116781,0.08071814827520368,0.08071814827520368,5,0.007746964594483992,0.01188970633822178,2024Q1,relative_ols,relative,,forward_return_5d
close_to_sma_60,True,1001,1001,1.0,True,used,0.0834055946332799,0.06929450268568894,0.1423266256374161,0.1423266256374161,6,-0.005385627362553389,0.01188970633822178,2024Q1,relative_ols,relative,,forward_return_5d
rolling_volatility_20,True,1001,1001,1.0,True,used,0.0294239620910176,0.03184775540769812,0.01270820893035879,0.01270820893035879,7,-0.002570203886863515,0.01188970633822178,2024Q1,relative_ols,relative,,forward_return_5d
rolling_volatility_60,True,1001,1001,1.0,True,used,0.0313860735709947,0.0328419984589565,0.00955957254430631,0.00955957254430631,8,0.0002489746838501143,0.01188970633822178,2024Q1,relative_ols,relative,,forward_return_5d
simple_return,True,1001,1001,1.0,True,used,0.0031606210379204,0.00270009485731201,0.03421441960628472,0.03421441960628472,0,-0.023975321807821377,0.01188970633822178,2024Q1,relative_ridge_alpha1,relative,1.0,forward_return_5d
log_return,True,1001,1001,1.0,True,used,0.003155636774731,0.002117516842268544,0.03399763361810046,0.03399763361810046,1,0.02527516792353981,0.01188970633822178,2024Q1,relative_ridge_alpha1,relative,1.0,forward_return_5d
intraday_return,True,1001,1001,1.0,True,used,0.0010735323025614,0.0014362145572400674,0.027063152581579396,0.027063152581579396,2,-0.0026236508869670874,0.01188970633822178,2024Q1,relative_ridge_alpha1,relative,1.0,forward_return_5d
daily_range,True,1001,1001,1.0,True,used,0.0355583280484895,0.03950764357487732,0.02003835829596234,0.02003835829596234,3,0.0033500492118997624,0.01188970633822178,2024Q1,relative_ridge_alpha1,relative,1.0,forward_return_5d
close_to_sma_5,True,1001,1001,1.0,True,used,0.006068883037279038,0.004434249901433644,0.035223536704685116,0.035223536704685116,4,-0.0027769564063682677,0.01188970633822178,2024Q1,relative_ridge_alpha1,relative,1.0,forward_return_5d
close_to_sma_20,True,1001,1001,1.0,True,used,0.023869975346980432,0.02169741262116781,0.08071814827520368,0.08071814827520368,5,0.007712553456671936,0.01188970633822178,2024Q1,relative_ridge_alpha1,relative,1.0,forward_return_5d
close_to_sma_60,True,1001,1001,1.0,True,used,0.0834055946332799,0.06929450268568894,0.1423266256374161,0.1423266256374161,6,-0.005438974757697162,0.01188970633822178,2024Q1,relative_ridge_alpha1,relative,1.0,forward_return_5d
rolling_volatility_20,True,1001,1001,1.0,True,used,0.0294239620910176,0.03184775540769812,0.01270820893035879,0.01270820893035879,7,-0.002821413507069271,0.01188970633822178,2024Q1,relative_ridge_alpha1,relative,1.0,forward_return_5d
rolling_volatility_60,True,1001,1001,1.0,True,used,0.0313860735709947,0.0328419984589565,0.00955957254430631,0.00955957254430631,8,0.0004005097087611498,0.01188970633822178,2024Q1,relative_ridge_alpha1,relative,1.0,forward_return_5d
simple_return,True,1062,1062,1.0,True,used,0.0033211284718769,0.0031623011456259897,0.0340991128061106,0.0340991128061106,0,-0.07506344812762114,0.013917330518032888,2024Q2,original_ols,original,,forward_return_5d
log_return,True,1062,1062,1.0,True,used,0.00331562554394555,0.002583471223940211,0.0338379065839505,0.0338379065839505,1,0.07571097677057687,0.013917330518032888,2024Q2,original_ols,original,,forward_return_5d
intraday_return,True,1062,1062,1.0,True,used,0.00113034664906085,0.00156059820454214,0.026756300071771513,0.026756300071771513,2,-0.0029262681683500866,0.013917330518032888,2024Q2,original_ols,original,,forward_return_5d
daily_range,True,1062,1062,1.0,True,used,0.035186580085888805,0.03923950053577192,0.019961097839232615,0.019961097839232615,3,0.004366020310864304,0.013917330518032888,2024Q2,original_ols,original,,forward_return_5d
sma_5,True,1062,1062,1.0,True,used,18.270400047302246,23.554419514553697,15.962816805419603,15.962816805419603,4,0.04613609980361772,0.013917330518032888,2024Q2,original_ols,original,,forward_return_5d
sma_20,True,1062,1062,1.0,True,used,17.82374999523163,22.97425461295859,15.003148718223251,15.003148718223251,5,-0.04320784300075988,0.013917330518032888,2024Q2,original_ols,original,,forward_return_5d
sma_60,True,1062,1062,1.0,True,used,17.200183359781903,21.714696717359548,13.239070882068921,13.239070882068921,6,-0.002229161536086596,0.013917330518032888,2024Q2,original_ols,original,,forward_return_5d
rolling_volatility_20,True,1062,1062,1.0,True,used,0.02842419307181985,0.031647623770583395,0.012669592179272002,0.012669592179272002,7,-0.002452903418014451,0.013917330518032888,2024Q2,original_ols,original,,forward_return_5d
rolling_volatility_60,True,1062,1062,1.0,True,used,0.03086189449733505,0.032337009744386074,0.009572135642754994,0.009572135642754994,8,-0.0010027493618176763,0.013917330518032888,2024Q2,original_ols,original,,forward_return_5d
simple_return,True,1062,1062,1.0,True,used,0.0033211284718769,0.0031623011456259897,0.0340991128061106,0.0340991128061106,0,-0.028948245206852147,0.013917330518032888,2024Q2,original_ridge_alpha1,original,1.0,forward_return_5d
log_return,True,1062,1062,1.0,True,used,0.00331562554394555,0.002583471223940211,0.0338379065839505,0.0338379065839505,1,0.029096349167141728,0.013917330518032888,2024Q2,original_ridge_alpha1,original,1.0,forward_return_5d
intraday_return,True,1062,1062,1.0,True,used,0.00113034664906085,0.00156059820454214,0.026756300071771513,0.026756300071771513,2,-0.0023265912698655893,0.013917330518032888,2024Q2,original_ridge_alpha1,original,1.0,forward_return_5d
daily_range,True,1062,1062,1.0,True,used,0.035186580085888805,0.03923950053577192,0.019961097839232615,0.019961097839232615,3,0.003337485676883483,0.013917330518032888,2024Q2,original_ridge_alpha1,original,1.0,forward_return_5d
sma_5,True,1062,1062,1.0,True,used,18.270400047302246,23.554419514553697,15.962816805419603,15.962816805419603,4,0.03707535868668762,0.013917330518032888,2024Q2,original_ridge_alpha1,original,1.0,forward_return_5d
sma_20,True,1062,1062,1.0,True,used,17.82374999523163,22.97425461295859,15.003148718223251,15.003148718223251,5,-0.031227861711161223,0.013917330518032888,2024Q2,original_ridge_alpha1,original,1.0,forward_return_5d
sma_60,True,1062,1062,1.0,True,used,17.200183359781903,21.714696717359548,13.239070882068921,13.239070882068921,6,-0.005164737147542506,0.013917330518032888,2024Q2,original_ridge_alpha1,original,1.0,forward_return_5d
rolling_volatility_20,True,1062,1062,1.0,True,used,0.02842419307181985,0.031647623770583395,0.012669592179272002,0.012669592179272002,7,-0.0024816286343006615,0.013917330518032888,2024Q2,original_ridge_alpha1,original,1.0,forward_return_5d
rolling_volatility_60,True,1062,1062,1.0,True,used,0.03086189449733505,0.032337009744386074,0.009572135642754994,0.009572135642754994,8,-0.0010056972411353366,0.013917330518032888,2024Q2,original_ridge_alpha1,original,1.0,forward_return_5d
simple_return,True,1062,1062,1.0,True,used,0.0033211284718769,0.0031623011456259897,0.0340991128061106,0.0340991128061106,0,-0.07337394583997088,0.013917330518032884,2024Q2,relative_ols,relative,,forward_return_5d
log_return,True,1062,1062,1.0,True,used,0.00331562554394555,0.002583471223940211,0.0338379065839505,0.0338379065839505,1,0.07518125162290465,0.013917330518032884,2024Q2,relative_ols,relative,,forward_return_5d
intraday_return,True,1062,1062,1.0,True,used,0.00113034664906085,0.00156059820454214,0.026756300071771513,0.026756300071771513,2,-0.003330642040317071,0.013917330518032884,2024Q2,relative_ols,relative,,forward_return_5d
daily_range,True,1062,1062,1.0,True,used,0.035186580085888805,0.03923950053577192,0.019961097839232615,0.019961097839232615,3,0.003974839309490812,0.013917330518032884,2024Q2,relative_ols,relative,,forward_return_5d
close_to_sma_5,True,1062,1062,1.0,True,used,0.006908660641562592,0.005345807041568023,0.035078581529057,0.035078581529057,4,-0.003709471041530618,0.013917330518032884,2024Q2,relative_ols,relative,,forward_return_5d
close_to_sma_20,True,1062,1062,1.0,True,used,0.02930845882933797,0.02608997810882713,0.08118885225805504,0.08118885225805504,5,0.008035862114255457,0.013917330518032884,2024Q2,relative_ols,relative,,forward_return_5d
close_to_sma_60,True,1062,1062,1.0,True,used,0.09121585315707148,0.0802303508377526,0.14778282321108255,0.14778282321108255,6,-0.0038403382705647516,0.013917330518032884,2024Q2,relative_ols,relative,,forward_return_5d
rolling_volatility_20,True,1062,1062,1.0,True,used,0.02842419307181985,0.031647623770583395,0.012669592179272002,0.012669592179272002,7,-0.001356019557472972,0.013917330518032884,2024Q2,relative_ols,relative,,forward_return_5d
rolling_volatility_60,True,1062,1062,1.0,True,used,0.03086189449733505,0.032337009744386074,0.009572135642754994,0.009572135642754994,8,-0.0021454951263906834,0.013917330518032884,2024Q2,relative_ols,relative,,forward_return_5d
simple_return,True,1062,1062,1.0,True,used,0.0033211284718769,0.0031623011456259897,0.0340991128061106,0.0340991128061106,0,-0.027878719992462747,0.013917330518032884,2024Q2,relative_ridge_alpha1,relative,1.0,forward_return_5d
log_return,True,1062,1062,1.0,True,used,0.00331562554394555,0.002583471223940211,0.0338379065839505,0.0338379065839505,1,0.029051890725578136,0.013917330518032884,2024Q2,relative_ridge_alpha1,relative,1.0,forward_return_5d
intraday_return,True,1062,1062,1.0,True,used,0.00113034664906085,0.00156059820454214,0.026756300071771513,0.026756300071771513,2,-0.002781369936856501,0.013917330518032884,2024Q2,relative_ridge_alpha1,relative,1.0,forward_return_5d
daily_range,True,1062,1062,1.0,True,used,0.035186580085888805,0.03923950053577192,0.019961097839232615,0.019961097839232615,3,0.0030701232378156137,0.013917330518032884,2024Q2,relative_ridge_alpha1,relative,1.0,forward_return_5d
close_to_sma_5,True,1062,1062,1.0,True,used,0.006908660641562592,0.005345807041568023,0.035078581529057,0.035078581529057,4,-0.0034987970809524983,0.013917330518032884,2024Q2,relative_ridge_alpha1,relative,1.0,forward_return_5d
close_to_sma_20,True,1062,1062,1.0,True,used,0.02930845882933797,0.02608997810882713,0.08118885225805504,0.08118885225805504,5,0.007990822119780992,0.013917330518032884,2024Q2,relative_ridge_alpha1,relative,1.0,forward_return_5d
close_to_sma_60,True,1062,1062,1.0,True,used,0.09121585315707148,0.0802303508377526,0.14778282321108255,0.14778282321108255,6,-0.0038679378434750677,0.013917330518032884,2024Q2,relative_ridge_alpha1,relative,1.0,forward_return_5d
rolling_volatility_20,True,1062,1062,1.0,True,used,0.02842419307181985,0.031647623770583395,0.012669592179272002,0.012669592179272002,7,-0.0016224203122901803,0.013917330518032884,2024Q2,relative_ridge_alpha1,relative,1.0,forward_return_5d
rolling_volatility_60,True,1062,1062,1.0,True,used,0.03086189449733505,0.032337009744386074,0.009572135642754994,0.009572135642754994,8,-0.001986736532811073,0.013917330518032884,2024Q2,relative_ridge_alpha1,relative,1.0,forward_return_5d
simple_return,True,1125,1125,1.0,True,used,0.003339132385068,0.0033033511743703918,0.03398184902452667,0.03398184902452667,0,-0.061867278450894916,0.014271244822316419,2024Q3,original_ols,original,,forward_return_5d
log_return,True,1125,1125,1.0,True,used,0.0033335698617538,0.0027278343480819076,0.03373107742401948,0.03373107742401948,1,0.06258945027048429,0.014271244822316419,2024Q3,original_ols,original,,forward_return_5d
intraday_return,True,1125,1125,1.0,True,used,0.0014013391915166,0.001474156056313057,0.026763885395574998,0.026763885395574998,2,-0.003402731578800819,0.014271244822316419,2024Q3,original_ols,original,,forward_return_5d
daily_range,True,1125,1125,1.0,True,used,0.0350376935268357,0.03923075504260838,0.019781737185736874,0.019781737185736874,3,0.0034453458615111773,0.014271244822316419,2024Q3,original_ols,original,,forward_return_5d
sma_5,True,1125,1125,1.0,True,used,19.1996997833252,27.6882790570577,23.257011874860364,23.257011874860364,4,0.07253631171072067,0.014271244822316419,2024Q3,original_ols,original,,forward_return_5d
sma_20,True,1125,1125,1.0,True,used,18.90599994659424,26.899274009323115,21.845425132849215,21.845425132849215,5,-0.11022797014296687,0.014271244822316419,2024Q3,original_ols,original,,forward_return_5d
sma_60,True,1125,1125,1.0,True,used,18.10248335202535,25.24223237428312,19.450992545474104,19.450992545474104,6,0.03938748640868838,0.014271244822316419,2024Q3,original_ols,original,,forward_return_5d
rolling_volatility_20,True,1125,1125,1.0,True,used,0.0294239620910176,0.03163121864840039,0.012374419897712333,0.012374419897712333,7,-0.0014582394766604453,0.014271244822316419,2024Q3,original_ols,original,,forward_return_5d
rolling_volatility_60,True,1125,1125,1.0,True,used,0.0315277439006984,0.0324064224041476,0.009320724987107709,0.009320724987107709,8,-0.0014808919000242923,0.014271244822316419,2024Q3,original_ols,original,,forward_return_5d
simple_return,True,1125,1125,1.0,True,used,0.003339132385068,0.0033033511743703918,0.03398184902452667,0.03398184902452667,0,-0.024344371646202966,0.01427124482231641,2024Q3,original_ridge_alpha1,original,1.0,forward_return_5d
log_return,True,1125,1125,1.0,True,used,0.0033335698617538,0.0027278343480819076,0.03373107742401948,0.03373107742401948,1,0.02467602472656986,0.01427124482231641,2024Q3,original_ridge_alpha1,original,1.0,forward_return_5d
intraday_return,True,1125,1125,1.0,True,used,0.0014013391915166,0.001474156056313057,0.026763885395574998,0.026763885395574998,2,-0.002860440307596036,0.01427124482231641,2024Q3,original_ridge_alpha1,original,1.0,forward_return_5d
daily_range,True,1125,1125,1.0,True,used,0.0350376935268357,0.03923075504260838,0.019781737185736874,0.019781737185736874,3,0.002509839718050185,0.01427124482231641,2024Q3,original_ridge_alpha1,original,1.0,forward_return_5d
sma_5,True,1125,1125,1.0,True,used,19.1996997833252,27.6882790570577,23.257011874860364,23.257011874860364,4,0.052732234020008976,0.01427124482231641,2024Q3,original_ridge_alpha1,original,1.0,forward_return_5d
sma_20,True,1125,1125,1.0,True,used,18.90599994659424,26.899274009323115,21.845425132849215,21.845425132849215,5,-0.08101224321280001,0.01427124482231641,2024Q3,original_ridge_alpha1,original,1.0,forward_return_5d
sma_60,True,1125,1125,1.0,True,used,18.10248335202535,25.24223237428312,19.450992545474104,19.450992545474104,6,0.029930776614803926,0.01427124482231641,2024Q3,original_ridge_alpha1,original,1.0,forward_return_5d
rolling_volatility_20,True,1125,1125,1.0,True,used,0.0294239620910176,0.03163121864840039,0.012374419897712333,0.012374419897712333,7,-0.0012496833443652333,0.01427124482231641,2024Q3,original_ridge_alpha1,original,1.0,forward_return_5d
rolling_volatility_60,True,1125,1125,1.0,True,used,0.0315277439006984,0.0324064224041476,0.009320724987107709,0.009320724987107709,8,-0.0016018763279949015,0.01427124482231641,2024Q3,original_ridge_alpha1,original,1.0,forward_return_5d
simple_return,True,1125,1125,1.0,True,used,0.003339132385068,0.0033033511743703918,0.03398184902452667,0.03398184902452667,0,-0.0637670632877282,0.014271244822316391,2024Q3,relative_ols,relative,,forward_return_5d
log_return,True,1125,1125,1.0,True,used,0.0033335698617538,0.0027278343480819076,0.03373107742401948,0.03373107742401948,1,0.06610629754426281,0.014271244822316391,2024Q3,relative_ols,relative,,forward_return_5d
intraday_return,True,1125,1125,1.0,True,used,0.0014013391915166,0.001474156056313057,0.026763885395574998,0.026763885395574998,2,-0.0037552668474330683,0.014271244822316391,2024Q3,relative_ols,relative,,forward_return_5d
daily_range,True,1125,1125,1.0,True,used,0.0350376935268357,0.03923075504260838,0.019781737185736874,0.019781737185736874,3,0.0034609720874926404,0.014271244822316391,2024Q3,relative_ols,relative,,forward_return_5d
close_to_sma_5,True,1125,1125,1.0,True,used,0.006958974919676564,0.005704275340313548,0.035022890141753305,0.035022890141753305,4,-0.005114874289809751,0.014271244822316391,2024Q3,relative_ols,relative,,forward_return_5d
close_to_sma_20,True,1125,1125,1.0,True,used,0.029993774375507876,0.02771132634679521,0.08153368117201265,0.08153368117201265,5,0.011711329488363637,0.014271244822316391,2024Q3,relative_ols,relative,,forward_return_5d
close_to_sma_60,True,1125,1125,1.0,True,used,0.0924769904839029,0.08473994626597096,0.14752435829920374,0.14752435829920374,6,-0.007123641239413142,0.014271244822316391,2024Q3,relative_ols,relative,,forward_return_5d
rolling_volatility_20,True,1125,1125,1.0,True,used,0.0294239620910176,0.03163121864840039,0.012374419897712333,0.012374419897712333,7,-0.0008100768412556849,0.014271244822316391,2024Q3,relative_ols,relative,,forward_return_5d
rolling_volatility_60,True,1125,1125,1.0,True,used,0.0315277439006984,0.0324064224041476,0.009320724987107709,0.009320724987107709,8,-0.0024643747612384534,0.014271244822316391,2024Q3,relative_ols,relative,,forward_return_5d
simple_return,True,1125,1125,1.0,True,used,0.003339132385068,0.0033033511743703918,0.03398184902452667,0.03398184902452667,0,-0.024375847587135506,0.01427124482231639,2024Q3,relative_ridge_alpha1,relative,1.0,forward_return_5d
log_return,True,1125,1125,1.0,True,used,0.0033335698617538,0.0027278343480819076,0.03373107742401948,0.03373107742401948,1,0.026151237546333823,0.01427124482231639,2024Q3,relative_ridge_alpha1,relative,1.0,forward_return_5d
intraday_return,True,1125,1125,1.0,True,used,0.0014013391915166,0.001474156056313057,0.026763885395574998,0.026763885395574998,2,-0.003279497542180048,0.01427124482231639,2024Q3,relative_ridge_alpha1,relative,1.0,forward_return_5d
daily_range,True,1125,1125,1.0,True,used,0.0350376935268357,0.03923075504260838,0.019781737185736874,0.019781737185736874,3,0.0026821705547849005,0.01427124482231639,2024Q3,relative_ridge_alpha1,relative,1.0,forward_return_5d
close_to_sma_5,True,1125,1125,1.0,True,used,0.006958974919676564,0.005704275340313548,0.035022890141753305,0.035022890141753305,4,-0.0049261798706323485,0.01427124482231639,2024Q3,relative_ridge_alpha1,relative,1.0,forward_return_5d
close_to_sma_20,True,1125,1125,1.0,True,used,0.029993774375507876,0.02771132634679521,0.08153368117201265,0.08153368117201265,5,0.011644515205991694,0.01427124482231639,2024Q3,relative_ridge_alpha1,relative,1.0,forward_return_5d
close_to_sma_60,True,1125,1125,1.0,True,used,0.0924769904839029,0.08473994626597096,0.14752435829920374,0.14752435829920374,6,-0.007112780058516004,0.01427124482231639,2024Q3,relative_ridge_alpha1,relative,1.0,forward_return_5d
rolling_volatility_20,True,1125,1125,1.0,True,used,0.0294239620910176,0.03163121864840039,0.012374419897712333,0.012374419897712333,7,-0.0010357213785675949,0.01427124482231639,2024Q3,relative_ridge_alpha1,relative,1.0,forward_return_5d
rolling_volatility_60,True,1125,1125,1.0,True,used,0.0315277439006984,0.0324064224041476,0.009320724987107709,0.009320724987107709,8,-0.002326408871415109,0.01427124482231639,2024Q3,relative_ridge_alpha1,relative,1.0,forward_return_5d
simple_return,True,1189,1189,1.0,True,used,0.0032094110469647,0.0031003719642402074,0.03443929192142499,0.03443929192142499,0,-0.09294705800049684,0.013567180943737087,2024Q4,original_ols,original,,forward_return_5d
log_return,True,1189,1189,1.0,True,used,0.0032042718801937,0.002509543490199084,0.03420334947494939,0.03420334947494939,1,0.09344542995122085,0.013567180943737087,2024Q4,original_ols,original,,forward_return_5d
intraday_return,True,1189,1189,1.0,True,used,0.0011970960593252,0.0012948788142302574,0.02714489806190951,0.02714489806190951,2,-0.002523122835607579,0.013567180943737087,2024Q4,original_ols,original,,forward_return_5d
daily_range,True,1189,1189,1.0,True,used,0.0353892878562145,0.039742281727378335,0.020142727269086322,0.020142727269086322,3,0.003490677576905273,0.013567180943737087,2024Q4,original_ols,original,,forward_return_5d
sma_5,True,1189,1189,1.0,True,used,20.04020004272461,32.585168991136996,30.60715202118478,30.60715202118478,4,0.004286777921665679,0.013567180943737087,2024Q4,original_ols,original,,forward_return_5d
sma_20,True,1189,1189,1.0,True,used,19.70499992370605,31.902573469328814,29.881417034866036,29.881417034866036,5,-0.0346670492888854,0.013567180943737087,2024Q4,original_ols,original,,forward_return_5d
sma_60,True,1189,1189,1.0,True,used,19.375400002797445,30.024333734936096,27.609028619138478,27.609028619138478,6,0.02907730339680413,0.013567180943737087,2024Q4,original_ols,original,,forward_return_5d
rolling_volatility_20,True,1189,1189,1.0,True,used,0.0311302281235846,0.03213631507011017,0.012343793781888468,0.012343793781888468,7,0.0001082760216756639,0.013567180943737087,2024Q4,original_ols,original,,forward_return_5d
rolling_volatility_60,True,1189,1189,1.0,True,used,0.0322485782632962,0.032714053885844994,0.009197807867553255,0.009197807867553255,8,-0.0028058079380441003,0.013567180943737087,2024Q4,original_ols,original,,forward_return_5d
simple_return,True,1189,1189,1.0,True,used,0.0032094110469647,0.0031003719642402074,0.03443929192142499,0.03443929192142499,0,-0.03702856134500127,0.013567180943737083,2024Q4,original_ridge_alpha1,original,1.0,forward_return_5d
log_return,True,1189,1189,1.0,True,used,0.0032042718801937,0.002509543490199084,0.03420334947494939,0.03420334947494939,1,0.03690094567529586,0.013567180943737083,2024Q4,original_ridge_alpha1,original,1.0,forward_return_5d
intraday_return,True,1189,1189,1.0,True,used,0.0011970960593252,0.0012948788142302574,0.02714489806190951,0.02714489806190951,2,-0.0018701194254216458,0.013567180943737083,2024Q4,original_ridge_alpha1,original,1.0,forward_return_5d
daily_range,True,1189,1189,1.0,True,used,0.0353892878562145,0.039742281727378335,0.020142727269086322,0.020142727269086322,3,0.002315571101465943,0.013567180943737083,2024Q4,original_ridge_alpha1,original,1.0,forward_return_5d
sma_5,True,1189,1189,1.0,True,used,20.04020004272461,32.585168991136996,30.60715202118478,30.60715202118478,4,0.0005715070184117645,0.013567180943737083,2024Q4,original_ridge_alpha1,original,1.0,forward_return_5d
sma_20,True,1189,1189,1.0,True,used,19.70499992370605,31.902573469328814,29.881417034866036,29.881417034866036,5,-0.02784528452243012,0.013567180943737083,2024Q4,original_ridge_alpha1,original,1.0,forward_return_5d
sma_60,True,1189,1189,1.0,True,used,19.375400002797445,30.024333734936096,27.609028619138478,27.609028619138478,6,0.026024073028473253,0.013567180943737083,2024Q4,original_ridge_alpha1,original,1.0,forward_return_5d
rolling_volatility_20,True,1189,1189,1.0,True,used,0.0311302281235846,0.03213631507011017,0.012343793781888468,0.012343793781888468,7,-0.00010275913063327087,0.013567180943737083,2024Q4,original_ridge_alpha1,original,1.0,forward_return_5d
rolling_volatility_60,True,1189,1189,1.0,True,used,0.0322485782632962,0.032714053885844994,0.009197807867553255,0.009197807867553255,8,-0.0026392879314441064,0.013567180943737083,2024Q4,original_ridge_alpha1,original,1.0,forward_return_5d
simple_return,True,1189,1189,1.0,True,used,0.0032094110469647,0.0031003719642402074,0.03443929192142499,0.03443929192142499,0,-0.09006772517730403,0.013567180943737076,2024Q4,relative_ols,relative,,forward_return_5d
log_return,True,1189,1189,1.0,True,used,0.0032042718801937,0.002509543490199084,0.03420334947494939,0.03420334947494939,1,0.09057204448940609,0.013567180943737076,2024Q4,relative_ols,relative,,forward_return_5d
intraday_return,True,1189,1189,1.0,True,used,0.0011970960593252,0.0012948788142302574,0.02714489806190951,0.02714489806190951,2,-0.0025238681320054676,0.013567180943737076,2024Q4,relative_ols,relative,,forward_return_5d
daily_range,True,1189,1189,1.0,True,used,0.0353892878562145,0.039742281727378335,0.020142727269086322,0.020142727269086322,3,0.0039064803354832795,0.013567180943737076,2024Q4,relative_ols,relative,,forward_return_5d
close_to_sma_5,True,1189,1189,1.0,True,used,0.006457937997948804,0.005223100638423644,0.03545837729629585,0.03545837729629585,4,-0.002174027048059815,0.013567180943737076,2024Q4,relative_ols,relative,,forward_return_5d
close_to_sma_20,True,1189,1189,1.0,True,used,0.027263126896062806,0.02554063597906706,0.08170203383613568,0.08170203383613568,5,0.008154701821069182,0.013567180943737076,2024Q4,relative_ols,relative,,forward_return_5d
close_to_sma_60,True,1189,1189,1.0,True,used,0.08907999784846377,0.08243048144142799,0.1464423985727511,0.1464423985727511,6,-0.006425697765391336,0.013567180943737076,2024Q4,relative_ols,relative,,forward_return_5d
rolling_volatility_20,True,1189,1189,1.0,True,used,0.0311302281235846,0.03213631507011017,0.012343793781888468,0.012343793781888468,7,-0.0005293419480030862,0.013567180943737076,2024Q4,relative_ols,relative,,forward_return_5d
rolling_volatility_60,True,1189,1189,1.0,True,used,0.0322485782632962,0.032714053885844994,0.009197807867553255,0.009197807867553255,8,-0.0024541846048632726,0.013567180943737076,2024Q4,relative_ols,relative,,forward_return_5d
simple_return,True,1189,1189,1.0,True,used,0.0032094110469647,0.0031003719642402074,0.03443929192142499,0.03443929192142499,0,-0.0357709184011089,0.013567180943737076,2024Q4,relative_ridge_alpha1,relative,1.0,forward_return_5d
log_return,True,1189,1189,1.0,True,used,0.0032042718801937,0.002509543490199084,0.03420334947494939,0.03420334947494939,1,0.035539582008643524,0.013567180943737076,2024Q4,relative_ridge_alpha1,relative,1.0,forward_return_5d
intraday_return,True,1189,1189,1.0,True,used,0.0011970960593252,0.0012948788142302574,0.02714489806190951,0.02714489806190951,2,-0.0019109258046087097,0.013567180943737076,2024Q4,relative_ridge_alpha1,relative,1.0,forward_return_5d
daily_range,True,1189,1189,1.0,True,used,0.0353892878562145,0.039742281727378335,0.020142727269086322,0.020142727269086322,3,0.0028326393632503773,0.013567180943737076,2024Q4,relative_ridge_alpha1,relative,1.0,forward_return_5d
close_to_sma_5,True,1189,1189,1.0,True,used,0.006457937997948804,0.005223100638423644,0.03545837729629585,0.03545837729629585,4,-0.001962910789196166,0.013567180943737076,2024Q4,relative_ridge_alpha1,relative,1.0,forward_return_5d
close_to_sma_20,True,1189,1189,1.0,True,used,0.027263126896062806,0.02554063597906706,0.08170203383613568,0.08170203383613568,5,0.00811828359684999,0.013567180943737076,2024Q4,relative_ridge_alpha1,relative,1.0,forward_return_5d
close_to_sma_60,True,1189,1189,1.0,True,used,0.08907999784846377,0.08243048144142799,0.1464423985727511,0.1464423985727511,6,-0.006452697086887312,0.013567180943737076,2024Q4,relative_ridge_alpha1,relative,1.0,forward_return_5d
rolling_volatility_20,True,1189,1189,1.0,True,used,0.0311302281235846,0.03213631507011017,0.012343793781888468,0.012343793781888468,7,-0.0008309511346642584,0.013567180943737076,2024Q4,relative_ridge_alpha1,relative,1.0,forward_return_5d
rolling_volatility_60,True,1189,1189,1.0,True,used,0.0322485782632962,0.032714053885844994,0.009197807867553255,0.009197807867553255,8,-0.0022699915167009336,0.013567180943737076,2024Q4,relative_ridge_alpha1,relative,1.0,forward_return_5d
simple_return,True,1253,1253,1.0,True,used,0.0033031245586858,0.0031028274237139123,0.03396880381185942,0.03396880381185942,0,-0.08916892532099845,0.013222677112870014,2025Q1,original_ols,original,,forward_return_5d
log_return,True,1253,1253,1.0,True,used,0.0032976812261373,0.002527773833524921,0.03374116250533775,0.03374116250533775,1,0.08961719078430821,0.013222677112870014,2025Q1,original_ols,original,,forward_return_5d
intraday_return,True,1253,1253,1.0,True,used,0.0011646841629611,0.00119116301303446,0.026855066898806675,0.026855066898806675,2,-0.002853653318001609,0.013222677112870014,2025Q1,original_ols,original,,forward_return_5d
daily_range,True,1253,1253,1.0,True,used,0.0352404954452914,0.0394141715283085,0.01992489567438049,0.01992489567438049,3,0.0035024346418810522,0.013222677112870014,2025Q1,original_ols,original,,forward_return_5d
sma_5,True,1253,1253,1.0,True,used,21.315599822998045,37.86850431180438,37.56136327215451,37.56136327215451,4,0.010857655257799208,0.013222677112870014,2025Q1,original_ols,original,,forward_return_5d
sma_20,True,1253,1253,1.0,True,used,21.12530012130737,37.08966467062759,36.76994720413583,36.76994720413583,5,-0.05341769264767126,0.013222677112870014,2025Q1,original_ols,original,,forward_return_5d
sma_60,True,1253,1253,1.0,True,used,20.62095006306966,34.9311808738026,34.251634154572905,34.251634154572905,6,0.04042487739839979,0.013222677112870014,2025Q1,original_ols,original,,forward_return_5d
rolling_volatility_20,True,1253,1253,1.0,True,used,0.029847703888249,0.03178593938752459,0.012154718740599287,0.012154718740599287,7,-0.0003907160975073361,0.013222677112870014,2025Q1,original_ols,original,,forward_return_5d
rolling_volatility_60,True,1253,1253,1.0,True,used,0.0320850771750476,0.032688491593700304,0.009089432327793575,0.009089432327793575,8,-0.00197550798066351,0.013222677112870014,2025Q1,original_ols,original,,forward_return_5d
simple_return,True,1253,1253,1.0,True,used,0.0033031245586858,0.0031028274237139123,0.03396880381185942,0.03396880381185942,0,-0.03640586474196133,0.013222677112870018,2025Q1,original_ridge_alpha1,original,1.0,forward_return_5d
log_return,True,1253,1253,1.0,True,used,0.0032976812261373,0.002527773833524921,0.03374116250533775,0.03374116250533775,1,0.03628131458507694,0.013222677112870018,2025Q1,original_ridge_alpha1,original,1.0,forward_return_5d
intraday_return,True,1253,1253,1.0,True,used,0.0011646841629611,0.00119116301303446,0.026855066898806675,0.026855066898806675,2,-0.002247884072420298,0.013222677112870018,2025Q1,original_ridge_alpha1,original,1.0,forward_return_5d
daily_range,True,1253,1253,1.0,True,used,0.0352404954452914,0.0394141715283085,0.01992489567438049,0.01992489567438049,3,0.002378972752091318,0.013222677112870018,2025Q1,original_ridge_alpha1,original,1.0,forward_return_5d
sma_5,True,1253,1253,1.0,True,used,21.315599822998045,37.86850431180438,37.56136327215451,37.56136327215451,4,0.003449775181219814,0.013222677112870018,2025Q1,original_ridge_alpha1,original,1.0,forward_return_5d
sma_20,True,1253,1253,1.0,True,used,21.12530012130737,37.08966467062759,36.76994720413583,36.76994720413583,5,-0.04002256185188599,0.013222677112870018,2025Q1,original_ridge_alpha1,original,1.0,forward_return_5d
sma_60,True,1253,1253,1.0,True,used,20.62095006306966,34.9311808738026,34.251634154572905,34.251634154572905,6,0.034473578759333226,0.013222677112870018,2025Q1,original_ridge_alpha1,original,1.0,forward_return_5d
rolling_volatility_20,True,1253,1253,1.0,True,used,0.029847703888249,0.03178593938752459,0.012154718740599287,0.012154718740599287,7,-0.0005675918118140208,0.013222677112870018,2025Q1,original_ridge_alpha1,original,1.0,forward_return_5d
rolling_volatility_60,True,1253,1253,1.0,True,used,0.0320850771750476,0.032688491593700304,0.009089432327793575,0.009089432327793575,8,-0.0017866899602280994,0.013222677112870018,2025Q1,original_ridge_alpha1,original,1.0,forward_return_5d
simple_return,True,1253,1253,1.0,True,used,0.0033031245586858,0.0031028274237139123,0.03396880381185942,0.03396880381185942,0,-0.0870556400928906,0.01322267711287002,2025Q1,relative_ols,relative,,forward_return_5d
log_return,True,1253,1253,1.0,True,used,0.0032976812261373,0.002527773833524921,0.03374116250533775,0.03374116250533775,1,0.08816577859225416,0.01322267711287002,2025Q1,relative_ols,relative,,forward_return_5d
intraday_return,True,1253,1253,1.0,True,used,0.0011646841629611,0.00119116301303446,0.026855066898806675,0.026855066898806675,2,-0.002795490128503053,0.01322267711287002,2025Q1,relative_ols,relative,,forward_return_5d
daily_range,True,1253,1253,1.0,True,used,0.0352404954452914,0.0394141715283085,0.01992489567438049,0.01992489567438049,3,0.00383544652939113,0.01322267711287002,2025Q1,relative_ols,relative,,forward_return_5d
close_to_sma_5,True,1253,1253,1.0,True,used,0.0062924283169008,0.005205432380738799,0.035076598304884916,0.035076598304884916,4,-0.003382953842120895,0.01322267711287002,2025Q1,relative_ols,relative,,forward_return_5d
close_to_sma_20,True,1253,1253,1.0,True,used,0.027263126896062806,0.025565931219058518,0.08037655285197343,0.08037655285197343,5,0.008960405904443674,0.01322267711287002,2025Q1,relative_ols,relative,,forward_return_5d
close_to_sma_60,True,1253,1253,1.0,True,used,0.08885107443994911,0.08258206013399955,0.14343757004206562,0.14343757004206562,6,-0.006843498985759184,0.01322267711287002,2025Q1,relative_ols,relative,,forward_return_5d
rolling_volatility_20,True,1253,1253,1.0,True,used,0.029847703888249,0.03178593938752459,0.012154718740599287,0.012154718740599287,7,-0.0007445521427600923,0.01322267711287002,2025Q1,relative_ols,relative,,forward_return_5d
rolling_volatility_60,True,1253,1253,1.0,True,used,0.0320850771750476,0.032688491593700304,0.009089432327793575,0.009089432327793575,8,-0.0017673939648551321,0.01322267711287002,2025Q1,relative_ols,relative,,forward_return_5d
simple_return,True,1253,1253,1.0,True,used,0.0033031245586858,0.0031028274237139123,0.03396880381185942,0.03396880381185942,0,-0.035164915030635804,0.013222677112870021,2025Q1,relative_ridge_alpha1,relative,1.0,forward_return_5d
log_return,True,1253,1253,1.0,True,used,0.0032976812261373,0.002527773833524921,0.03374116250533775,0.03374116250533775,1,0.03558818074820361,0.013222677112870021,2025Q1,relative_ridge_alpha1,relative,1.0,forward_return_5d
intraday_return,True,1253,1253,1.0,True,used,0.0011646841629611,0.00119116301303446,0.026855066898806675,0.026855066898806675,2,-0.0022320224140594275,0.013222677112870021,2025Q1,relative_ridge_alpha1,relative,1.0,forward_return_5d
daily_range,True,1253,1253,1.0,True,used,0.0352404954452914,0.0394141715283085,0.01992489567438049,0.01992489567438049,3,0.002830519827828874,0.013222677112870021,2025Q1,relative_ridge_alpha1,relative,1.0,forward_return_5d
close_to_sma_5,True,1253,1253,1.0,True,used,0.0062924283169008,0.005205432380738799,0.035076598304884916,0.035076598304884916,4,-0.003179650938313995,0.013222677112870021,2025Q1,relative_ridge_alpha1,relative,1.0,forward_return_5d
close_to_sma_20,True,1253,1253,1.0,True,used,0.027263126896062806,0.025565931219058518,0.08037655285197343,0.08037655285197343,5,0.008924237253839954,0.013222677112870021,2025Q1,relative_ridge_alpha1,relative,1.0,forward_return_5d
close_to_sma_60,True,1253,1253,1.0,True,used,0.08885107443994911,0.08258206013399955,0.14343757004206562,0.14343757004206562,6,-0.0068728632170105795,0.013222677112870021,2025Q1,relative_ridge_alpha1,relative,1.0,forward_return_5d
rolling_volatility_20,True,1253,1253,1.0,True,used,0.029847703888249,0.03178593938752459,0.012154718740599287,0.012154718740599287,7,-0.0010370467184860448,0.013222677112870021,2025Q1,relative_ridge_alpha1,relative,1.0,forward_return_5d
rolling_volatility_60,True,1253,1253,1.0,True,used,0.0320850771750476,0.032688491593700304,0.009089432327793575,0.009089432327793575,8,-0.0016008364976863548,0.013222677112870021,2025Q1,relative_ridge_alpha1,relative,1.0,forward_return_5d
simple_return,True,1313,1313,1.0,True,used,0.003339132385068,0.0028945685659743196,0.0343409847261129,0.0343409847261129,0,-0.09663822059906967,0.011968621812457848,2025Q2,original_ols,original,,forward_return_5d
log_return,True,1313,1313,1.0,True,used,0.0033335698617538,0.0023055532421309625,0.03419712275109229,0.03419712275109229,1,0.09557512583234153,0.011968621812457848,2025Q2,original_ols,original,,forward_return_5d
intraday_return,True,1313,1313,1.0,True,used,0.0014160449622682,0.0010096964539091306,0.02708739481829065,0.02708739481829065,2,-0.001499221594400732,0.011968621812457848,2025Q2,original_ols,original,,forward_return_5d
daily_range,True,1313,1313,1.0,True,used,0.0353025899444521,0.03966810500657214,0.020065802551600516,0.020065802551600516,3,0.0026693054519565437,0.011968621812457848,2025Q2,original_ols,original,,forward_return_5d
sma_5,True,1313,1313,1.0,True,used,22.133599853515623,42.049331209701336,41.42067127199428,41.42067127199428,4,-0.03482362244883782,0.011968621812457848,2025Q2,original_ols,original,,forward_return_5d
sma_20,True,1313,1313,1.0,True,used,21.917350101470948,41.41946367476609,41.02787768646093,41.02787768646093,5,0.02852097210444176,0.011968621812457848,2025Q2,original_ols,original,,forward_return_5d
sma_60,True,1313,1313,1.0,True,used,21.229383277893067,39.553452471852694,39.57642764978392,39.57642764978392,6,0.0014068983214372349,0.011968621812457848,2025Q2,original_ols,original,,forward_return_5d
rolling_volatility_20,True,1313,1313,1.0,True,used,0.0305318035977566,0.03211474943379501,0.012205035390824188,0.012205035390824188,7,0.00021629315391240127,0.011968621812457848,2025Q2,original_ols,original,,forward_return_5d
rolling_volatility_60,True,1313,1313,1.0,True,used,0.0323647385186406,0.03271908579107362,0.008997006007298951,0.008997006007298951,8,-0.0016107028851970854,0.011968621812457848,2025Q2,original_ols,original,,forward_return_5d
simple_return,True,1313,1313,1.0,True,used,0.003339132385068,0.0028945685659743196,0.0343409847261129,0.0343409847261129,0,-0.04287395741300897,0.011968621812457848,2025Q2,original_ridge_alpha1,original,1.0,forward_return_5d
log_return,True,1313,1313,1.0,True,used,0.0033335698617538,0.0023055532421309625,0.03419712275109229,0.03419712275109229,1,0.041289903458486724,0.011968621812457848,2025Q2,original_ridge_alpha1,original,1.0,forward_return_5d
intraday_return,True,1313,1313,1.0,True,used,0.0014160449622682,0.0010096964539091306,0.02708739481829065,0.02708739481829065,2,-0.0010392699558869425,0.011968621812457848,2025Q2,original_ridge_alpha1,original,1.0,forward_return_5d
daily_range,True,1313,1313,1.0,True,used,0.0353025899444521,0.03966810500657214,0.020065802551600516,0.020065802551600516,3,0.0016630085686437854,0.011968621812457848,2025Q2,original_ridge_alpha1,original,1.0,forward_return_5d
sma_5,True,1313,1313,1.0,True,used,22.133599853515623,42.049331209701336,41.42067127199428,41.42067127199428,4,-0.028182283115354746,0.011968621812457848,2025Q2,original_ridge_alpha1,original,1.0,forward_return_5d
sma_20,True,1313,1313,1.0,True,used,21.917350101470948,41.41946367476609,41.02787768646093,41.02787768646093,5,0.01920149515590411,0.011968621812457848,2025Q2,original_ridge_alpha1,original,1.0,forward_return_5d
sma_60,True,1313,1313,1.0,True,used,21.229383277893067,39.553452471852694,39.57642764978392,39.57642764978392,6,0.004151068589969768,0.011968621812457848,2025Q2,original_ridge_alpha1,original,1.0,forward_return_5d
rolling_volatility_20,True,1313,1313,1.0,True,used,0.0305318035977566,0.03211474943379501,0.012205035390824188,0.012205035390824188,7,-0.00015585301756398766,0.011968621812457848,2025Q2,original_ridge_alpha1,original,1.0,forward_return_5d
rolling_volatility_60,True,1313,1313,1.0,True,used,0.0323647385186406,0.03271908579107362,0.008997006007298951,0.008997006007298951,8,-0.0013917352082531832,0.011968621812457848,2025Q2,original_ridge_alpha1,original,1.0,forward_return_5d
simple_return,True,1313,1313,1.0,True,used,0.003339132385068,0.0028945685659743196,0.0343409847261129,0.0343409847261129,0,-0.0932976985657732,0.011968621812457846,2025Q2,relative_ols,relative,,forward_return_5d
log_return,True,1313,1313,1.0,True,used,0.0033335698617538,0.0023055532421309625,0.03419712275109229,0.03419712275109229,1,0.09224333447486038,0.011968621812457846,2025Q2,relative_ols,relative,,forward_return_5d
intraday_return,True,1313,1313,1.0,True,used,0.0014160449622682,0.0010096964539091306,0.02708739481829065,0.02708739481829065,2,-0.0010944360469566858,0.011968621812457846,2025Q2,relative_ols,relative,,forward_return_5d
daily_range,True,1313,1313,1.0,True,used,0.0353025899444521,0.03966810500657214,0.020065802551600516,0.020065802551600516,3,0.0032599609372804443,0.011968621812457846,2025Q2,relative_ols,relative,,forward_return_5d
close_to_sma_5,True,1313,1313,1.0,True,used,0.00594717600949779,0.004788658840528327,0.03541648384450124,0.03541648384450124,4,-0.0018275337616117729,0.011968621812457846,2025Q2,relative_ols,relative,,forward_return_5d
close_to_sma_20,True,1313,1313,1.0,True,used,0.02380861866546069,0.02333271827401194,0.08028375230758412,0.08028375230758412,5,0.005191526124488671,0.011968621812457846,2025Q2,relative_ols,relative,,forward_return_5d
close_to_sma_60,True,1313,1313,1.0,True,used,0.08063006756180102,0.0763348061971366,0.14365788977135496,0.14365788977135496,6,-0.004009739200443483,0.011968621812457846,2025Q2,relative_ols,relative,,forward_return_5d
rolling_volatility_20,True,1313,1313,1.0,True,used,0.0305318035977566,0.03211474943379501,0.012205035390824188,0.012205035390824188,7,-0.0007044571380283205,0.011968621812457846,2025Q2,relative_ols,relative,,forward_return_5d
rolling_volatility_60,True,1313,1313,1.0,True,used,0.0323647385186406,0.03271908579107362,0.008997006007298951,0.008997006007298951,8,-0.0012047565770212465,0.011968621812457846,2025Q2,relative_ols,relative,,forward_return_5d
simple_return,True,1313,1313,1.0,True,used,0.003339132385068,0.0028945685659743196,0.0343409847261129,0.0343409847261129,0,-0.04136884616023336,0.011968621812457846,2025Q2,relative_ridge_alpha1,relative,1.0,forward_return_5d
log_return,True,1313,1313,1.0,True,used,0.0033335698617538,0.0023055532421309625,0.03419712275109229,0.03419712275109229,1,0.03970636624041943,0.011968621812457846,2025Q2,relative_ridge_alpha1,relative,1.0,forward_return_5d
intraday_return,True,1313,1313,1.0,True,used,0.0014160449622682,0.0010096964539091306,0.02708739481829065,0.02708739481829065,2,-0.0006521020637954228,0.011968621812457846,2025Q2,relative_ridge_alpha1,relative,1.0,forward_return_5d
daily_range,True,1313,1313,1.0,True,used,0.0353025899444521,0.03966810500657214,0.020065802551600516,0.020065802551600516,3,0.0022187982948166166,0.011968621812457846,2025Q2,relative_ridge_alpha1,relative,1.0,forward_return_5d
close_to_sma_5,True,1313,1313,1.0,True,used,0.00594717600949779,0.004788658840528327,0.03541648384450124,0.03541648384450124,4,-0.0016376207190548907,0.011968621812457846,2025Q2,relative_ridge_alpha1,relative,1.0,forward_return_5d
close_to_sma_20,True,1313,1313,1.0,True,used,0.02380861866546069,0.02333271827401194,0.08028375230758412,0.08028375230758412,5,0.005159784128546269,0.011968621812457846,2025Q2,relative_ridge_alpha1,relative,1.0,forward_return_5d
close_to_sma_60,True,1313,1313,1.0,True,used,0.08063006756180102,0.0763348061971366,0.14365788977135496,0.14365788977135496,6,-0.004061440596174062,0.011968621812457846,2025Q2,relative_ridge_alpha1,relative,1.0,forward_return_5d
rolling_volatility_20,True,1313,1313,1.0,True,used,0.0305318035977566,0.03211474943379501,0.012205035390824188,0.012205035390824188,7,-0.0009948344918994537,0.011968621812457846,2025Q2,relative_ridge_alpha1,relative,1.0,forward_return_5d
rolling_volatility_60,True,1313,1313,1.0,True,used,0.0323647385186406,0.03271908579107362,0.008997006007298951,0.008997006007298951,8,-0.0010310914860905396,0.011968621812457846,2025Q2,relative_ridge_alpha1,relative,1.0,forward_return_5d
simple_return,True,1375,1375,1.0,True,used,0.0032094110469647,0.002919454545225542,0.03447869244276269,0.03447869244276269,0,-0.09006147770189124,0.012778019118738352,2025Q3,original_ols,original,,forward_return_5d
log_return,True,1375,1375,1.0,True,used,0.0032042718801937,0.002326553654779678,0.03429662530526519,0.03429662530526519,1,0.08815208311004746,0.012778019118738352,2025Q3,original_ols,original,,forward_return_5d
intraday_return,True,1375,1375,1.0,True,used,0.0014119544641733,0.0011924485106906072,0.027342422509146064,0.027342422509146064,2,-0.0012211666863939444,0.012778019118738352,2025Q3,original_ols,original,,forward_return_5d
daily_range,True,1375,1375,1.0,True,used,0.0351131336694948,0.03961674721592422,0.020575574308399652,0.020575574308399652,3,0.002459041773999575,0.012778019118738352,2025Q3,original_ols,original,,forward_return_5d
sma_5,True,1375,1375,1.0,True,used,22.88419952392578,45.63937738501809,43.83504533467191,43.83504533467191,4,-0.019968653807605506,0.012778019118738352,2025Q3,original_ols,original,,forward_return_5d
sma_20,True,1375,1375,1.0,True,used,23.1295000076294,44.89314714032953,43.2306614291236,43.2306614291236,5,0.0063654473243375245,0.012778019118738352,2025Q3,original_ols,original,,forward_return_5d
sma_60,True,1375,1375,1.0,True,used,22.331699911753336,43.13838406676668,42.054519132487805,42.054519132487805,6,0.010671259832560051,0.012778019118738352,2025Q3,original_ols,original,,forward_return_5d
rolling_volatility_20,True,1375,1375,1.0,True,used,0.030608966999451,0.0323208462096146,0.012395334613409041,0.012395334613409041,7,-0.0008781769591331796,0.012778019118738352,2025Q3,original_ols,original,,forward_return_5d
rolling_volatility_60,True,1375,1375,1.0,True,used,0.03299837059563,0.03318940467591015,0.009084958476469987,0.009084958476469987,8,0.00015087773336118932,0.012778019118738352,2025Q3,original_ols,original,,forward_return_5d
simple_return,True,1375,1375,1.0,True,used,0.0032094110469647,0.002919454545225542,0.03447869244276269,0.03447869244276269,0,-0.04186375828897811,0.012778019118738354,2025Q3,original_ridge_alpha1,original,1.0,forward_return_5d
log_return,True,1375,1375,1.0,True,used,0.0032042718801937,0.002326553654779678,0.03429662530526519,0.03429662530526519,1,0.03955280622160857,0.012778019118738354,2025Q3,original_ridge_alpha1,original,1.0,forward_return_5d
intraday_return,True,1375,1375,1.0,True,used,0.0014119544641733,0.0011924485106906072,0.027342422509146064,0.027342422509146064,2,-0.0008663204457832778,0.012778019118738354,2025Q3,original_ridge_alpha1,original,1.0,forward_return_5d
daily_range,True,1375,1375,1.0,True,used,0.0351131336694948,0.03961674721592422,0.020575574308399652,0.020575574308399652,3,0.0014791829786688624,0.012778019118738354,2025Q3,original_ridge_alpha1,original,1.0,forward_return_5d
sma_5,True,1375,1375,1.0,True,used,22.88419952392578,45.63937738501809,43.83504533467191,43.83504533467191,4,-0.017641749429549894,0.012778019118738354,2025Q3,original_ridge_alpha1,original,1.0,forward_return_5d
sma_20,True,1375,1375,1.0,True,used,23.1295000076294,44.89314714032953,43.2306614291236,43.2306614291236,5,0.0037233986513828146,0.012778019118738354,2025Q3,original_ridge_alpha1,original,1.0,forward_return_5d
sma_60,True,1375,1375,1.0,True,used,22.331699911753336,43.13838406676668,42.054519132487805,42.054519132487805,6,0.010998642893728757,0.012778019118738354,2025Q3,original_ridge_alpha1,original,1.0,forward_return_5d
rolling_volatility_20,True,1375,1375,1.0,True,used,0.030608966999451,0.0323208462096146,0.012395334613409041,0.012395334613409041,7,-0.0011148438428141777,0.012778019118738354,2025Q3,original_ridge_alpha1,original,1.0,forward_return_5d
rolling_volatility_60,True,1375,1375,1.0,True,used,0.03299837059563,0.03318940467591015,0.009084958476469987,0.009084958476469987,8,0.0002821859065129388,0.012778019118738354,2025Q3,original_ridge_alpha1,original,1.0,forward_return_5d
simple_return,True,1375,1375,1.0,True,used,0.0032094110469647,0.002919454545225542,0.03447869244276269,0.03447869244276269,0,-0.08969317400473165,0.012778019118738356,2025Q3,relative_ols,relative,,forward_return_5d
log_return,True,1375,1375,1.0,True,used,0.0032042718801937,0.002326553654779678,0.03429662530526519,0.03429662530526519,1,0.08906078581434697,0.012778019118738356,2025Q3,relative_ols,relative,,forward_return_5d
intraday_return,True,1375,1375,1.0,True,used,0.0014119544641733,0.0011924485106906072,0.027342422509146064,0.027342422509146064,2,-0.001216049105423632,0.012778019118738356,2025Q3,relative_ols,relative,,forward_return_5d
daily_range,True,1375,1375,1.0,True,used,0.0351131336694948,0.03961674721592422,0.020575574308399652,0.020575574308399652,3,0.0030570658666496057,0.012778019118738356,2025Q3,relative_ols,relative,,forward_return_5d
close_to_sma_5,True,1375,1375,1.0,True,used,0.00623095445363564,0.004861175840362325,0.035613763339932214,0.035613763339932214,4,-0.0035340223858173966,0.012778019118738356,2025Q3,relative_ols,relative,,forward_return_5d
close_to_sma_20,True,1375,1375,1.0,True,used,0.0248468318802173,0.023750201677749813,0.08015275492352587,0.08015275492352587,5,0.006229722617137855,0.012778019118738356,2025Q3,relative_ols,relative,,forward_return_5d
close_to_sma_60,True,1375,1375,1.0,True,used,0.07895723956230061,0.07430342930214369,0.14415957318675698,0.14415957318675698,6,-0.004614333453255643,0.012778019118738356,2025Q3,relative_ols,relative,,forward_return_5d
rolling_volatility_20,True,1375,1375,1.0,True,used,0.030608966999451,0.0323208462096146,0.012395334613409041,0.012395334613409041,7,-0.0009993142196797668,0.012778019118738356,2025Q3,relative_ols,relative,,forward_return_5d
rolling_volatility_60,True,1375,1375,1.0,True,used,0.03299837059563,0.03318940467591015,0.009084958476469987,0.009084958476469987,8,-0.00027130556043247615,0.012778019118738356,2025Q3,relative_ols,relative,,forward_return_5d
simple_return,True,1375,1375,1.0,True,used,0.0032094110469647,0.002919454545225542,0.03447869244276269,0.03447869244276269,0,-0.041306548926436266,0.012778019118738358,2025Q3,relative_ridge_alpha1,relative,1.0,forward_return_5d
log_return,True,1375,1375,1.0,True,used,0.0032042718801937,0.002326553654779678,0.03429662530526519,0.03429662530526519,1,0.04019046207597762,0.012778019118738358,2025Q3,relative_ridge_alpha1,relative,1.0,forward_return_5d
intraday_return,True,1375,1375,1.0,True,used,0.0014119544641733,0.0011924485106906072,0.027342422509146064,0.027342422509146064,2,-0.0008609698499209066,0.012778019118738358,2025Q3,relative_ridge_alpha1,relative,1.0,forward_return_5d
daily_range,True,1375,1375,1.0,True,used,0.0351131336694948,0.03961674721592422,0.020575574308399652,0.020575574308399652,3,0.0020381823561341286,0.012778019118738358,2025Q3,relative_ridge_alpha1,relative,1.0,forward_return_5d
close_to_sma_5,True,1375,1375,1.0,True,used,0.00623095445363564,0.004861175840362325,0.035613763339932214,0.035613763339932214,4,-0.003392979619895395,0.012778019118738358,2025Q3,relative_ridge_alpha1,relative,1.0,forward_return_5d
close_to_sma_20,True,1375,1375,1.0,True,used,0.0248468318802173,0.023750201677749813,0.08015275492352587,0.08015275492352587,5,0.0062111671881478975,0.012778019118738358,2025Q3,relative_ridge_alpha1,relative,1.0,forward_return_5d
close_to_sma_60,True,1375,1375,1.0,True,used,0.07895723956230061,0.07430342930214369,0.14415957318675698,0.14415957318675698,6,-0.004666888907248194,0.012778019118738358,2025Q3,relative_ridge_alpha1,relative,1.0,forward_return_5d
rolling_volatility_20,True,1375,1375,1.0,True,used,0.030608966999451,0.0323208462096146,0.012395334613409041,0.012395334613409041,7,-0.0012423131100072933,0.012778019118738358,2025Q3,relative_ridge_alpha1,relative,1.0,forward_return_5d
rolling_volatility_60,True,1375,1375,1.0,True,used,0.03299837059563,0.03318940467591015,0.009084958476469987,0.009084958476469987,8,-0.00014030363284190026,0.012778019118738358,2025Q3,relative_ridge_alpha1,relative,1.0,forward_return_5d
simple_return,True,1439,1439,1.0,True,used,0.0032911662813983,0.0029454151755121043,0.03392299164152814,0.03392299164152814,0,-0.08531625146034126,0.012699969233347912,2025Q4,original_ols,original,,forward_return_5d
log_return,True,1439,1439,1.0,True,used,0.0032857622474557,0.0023712400664309312,0.0337450880879756,0.0337450880879756,1,0.08314520983807205,0.012699969233347912,2025Q4,original_ols,original,,forward_return_5d
intraday_return,True,1439,1439,1.0,True,used,0.0014013391915166,0.0012223921465128846,0.026900856624938598,0.026900856624938598,2,-0.001028560874629443,0.012699969233347912,2025Q4,original_ols,original,,forward_return_5d
daily_range,True,1439,1439,1.0,True,used,0.0344249014668546,0.0389210817899317,0.020459734816339063,0.020459734816339063,3,0.0023261450384551487,0.012699969233347912,2025Q4,original_ols,original,,forward_return_5d
sma_5,True,1439,1439,1.0,True,used,24.08739967346192,51.22404441084607,50.10050166181668,50.10050166181668,4,-0.017003514416958635,0.012699969233347912,2025Q4,original_ols,original,,forward_return_5d
sma_20,True,1439,1439,1.0,True,used,24.381949996948244,50.34397660266037,49.30117703830784,49.30117703830784,5,0.007171382676980353,0.012699969233347912,2025Q4,original_ols,original,,forward_return_5d
sma_60,True,1439,1439,1.0,True,used,23.926116625467937,47.96778373125667,46.92525882348836,46.92525882348836,6,0.007031794075265633,0.012699969233347912,2025Q4,original_ols,original,,forward_return_5d
rolling_volatility_20,True,1439,1439,1.0,True,used,0.0290122854734497,0.03162735259756725,0.012539264794154646,0.012539264794154646,7,-0.0012630817797436291,0.012699969233347912,2025Q4,original_ols,original,,forward_return_5d
rolling_volatility_60,True,1439,1439,1.0,True,used,0.0324832292267841,0.03264137055902844,0.009340323920136662,0.009340323920136662,8,0.00046406464608627306,0.012699969233347912,2025Q4,original_ols,original,,forward_return_5d
simple_return,True,1439,1439,1.0,True,used,0.0032911662813983,0.0029454151755121043,0.03392299164152814,0.03392299164152814,0,-0.04049825698733211,0.012699969233347912,2025Q4,original_ridge_alpha1,original,1.0,forward_return_5d
log_return,True,1439,1439,1.0,True,used,0.0032857622474557,0.0023712400664309312,0.0337450880879756,0.0337450880879756,1,0.037957111425152255,0.012699969233347912,2025Q4,original_ridge_alpha1,original,1.0,forward_return_5d
intraday_return,True,1439,1439,1.0,True,used,0.0014013391915166,0.0012223921465128846,0.026900856624938598,0.026900856624938598,2,-0.0007036798222937533,0.012699969233347912,2025Q4,original_ridge_alpha1,original,1.0,forward_return_5d
daily_range,True,1439,1439,1.0,True,used,0.0344249014668546,0.0389210817899317,0.020459734816339063,0.020459734816339063,3,0.0014131298367768574,0.012699969233347912,2025Q4,original_ridge_alpha1,original,1.0,forward_return_5d
sma_5,True,1439,1439,1.0,True,used,24.08739967346192,51.22404441084607,50.10050166181668,50.10050166181668,4,-0.01446030622822882,0.012699969233347912,2025Q4,original_ridge_alpha1,original,1.0,forward_return_5d
sma_20,True,1439,1439,1.0,True,used,24.381949996948244,50.34397660266037,49.30117703830784,49.30117703830784,5,0.003931221421063113,0.012699969233347912,2025Q4,original_ridge_alpha1,original,1.0,forward_return_5d
sma_60,True,1439,1439,1.0,True,used,23.926116625467937,47.96778373125667,46.92525882348836,46.92525882348836,6,0.007716106236987612,0.012699969233347912,2025Q4,original_ridge_alpha1,original,1.0,forward_return_5d
rolling_volatility_20,True,1439,1439,1.0,True,used,0.0290122854734497,0.03162735259756725,0.012539264794154646,0.012539264794154646,7,-0.0014887292016087263,0.012699969233347912,2025Q4,original_ridge_alpha1,original,1.0,forward_return_5d
rolling_volatility_60,True,1439,1439,1.0,True,used,0.0324832292267841,0.03264137055902844,0.009340323920136662,0.009340323920136662,8,0.0005846397661787687,0.012699969233347912,2025Q4,original_ridge_alpha1,original,1.0,forward_return_5d
simple_return,True,1439,1439,1.0,True,used,0.0032911662813983,0.0029454151755121043,0.03392299164152814,0.03392299164152814,0,-0.08617120329084837,0.012699969233347912,2025Q4,relative_ols,relative,,forward_return_5d
log_return,True,1439,1439,1.0,True,used,0.0032857622474557,0.0023712400664309312,0.0337450880879756,0.0337450880879756,1,0.08556698376993335,0.012699969233347912,2025Q4,relative_ols,relative,,forward_return_5d
intraday_return,True,1439,1439,1.0,True,used,0.0014013391915166,0.0012223921465128846,0.026900856624938598,0.026900856624938598,2,-0.0011863114355336116,0.012699969233347912,2025Q4,relative_ols,relative,,forward_return_5d
daily_range,True,1439,1439,1.0,True,used,0.0344249014668546,0.0389210817899317,0.020459734816339063,0.020459734816339063,3,0.0029075548083112813,0.012699969233347912,2025Q4,relative_ols,relative,,forward_return_5d
close_to_sma_5,True,1439,1439,1.0,True,used,0.006462139397029443,0.004950298671600181,0.03504234930039066,0.03504234930039066,4,-0.00386173872293695,0.012699969233347912,2025Q4,relative_ols,relative,,forward_return_5d
close_to_sma_20,True,1439,1439,1.0,True,used,0.025533104632886605,0.024083422073970347,0.07882900748061265,0.07882900748061265,5,0.006321956481138598,0.012699969233347912,2025Q4,relative_ols,relative,,forward_return_5d
close_to_sma_60,True,1439,1439,1.0,True,used,0.08414002535760767,0.07738460302360142,0.142737842148999,0.142737842148999,6,-0.004462494791728994,0.012699969233347912,2025Q4,relative_ols,relative,,forward_return_5d
rolling_volatility_20,True,1439,1439,1.0,True,used,0.0290122854734497,0.03162735259756725,0.012539264794154646,0.012539264794154646,7,-0.0013074296012554533,0.012699969233347912,2025Q4,relative_ols,relative,,forward_return_5d
rolling_volatility_60,True,1439,1439,1.0,True,used,0.0324832292267841,0.03264137055902844,0.009340323920136662,0.009340323920136662,8,0.00034275292223491006,0.012699969233347912,2025Q4,relative_ols,relative,,forward_return_5d
simple_return,True,1439,1439,1.0,True,used,0.0032911662813983,0.0029454151755121043,0.03392299164152814,0.03392299164152814,0,-0.04044964966232903,0.012699969233347914,2025Q4,relative_ridge_alpha1,relative,1.0,forward_return_5d
log_return,True,1439,1439,1.0,True,used,0.0032857622474557,0.0023712400664309312,0.0337450880879756,0.0337450880879756,1,0.03938934303136507,0.012699969233347914,2025Q4,relative_ridge_alpha1,relative,1.0,forward_return_5d
intraday_return,True,1439,1439,1.0,True,used,0.0014013391915166,0.0012223921465128846,0.026900856624938598,0.026900856624938598,2,-0.0008525877765065789,0.012699969233347914,2025Q4,relative_ridge_alpha1,relative,1.0,forward_return_5d
daily_range,True,1439,1439,1.0,True,used,0.0344249014668546,0.0389210817899317,0.020459734816339063,0.020459734816339063,3,0.0019440044048031515,0.012699969233347914,2025Q4,relative_ridge_alpha1,relative,1.0,forward_return_5d
close_to_sma_5,True,1439,1439,1.0,True,used,0.006462139397029443,0.004950298671600181,0.03504234930039066,0.03504234930039066,4,-0.0037299447498771615,0.012699969233347914,2025Q4,relative_ridge_alpha1,relative,1.0,forward_return_5d
close_to_sma_20,True,1439,1439,1.0,True,used,0.025533104632886605,0.024083422073970347,0.07882900748061265,0.07882900748061265,5,0.006310946979425945,0.012699969233347914,2025Q4,relative_ridge_alpha1,relative,1.0,forward_return_5d
close_to_sma_60,True,1439,1439,1.0,True,used,0.08414002535760767,0.07738460302360142,0.142737842148999,0.142737842148999,6,-0.0045186962372247555,0.012699969233347914,2025Q4,relative_ridge_alpha1,relative,1.0,forward_return_5d
rolling_volatility_20,True,1439,1439,1.0,True,used,0.0290122854734497,0.03162735259756725,0.012539264794154646,0.012539264794154646,7,-0.0015355507693945367,0.012699969233347914,2025Q4,relative_ridge_alpha1,relative,1.0,forward_return_5d
rolling_volatility_60,True,1439,1439,1.0,True,used,0.0324832292267841,0.03264137055902844,0.009340323920136662,0.009340323920136662,8,0.00047349016439965504,0.012699969233347914,2025Q4,relative_ridge_alpha1,relative,1.0,forward_return_5d
simple_return,True,1503,1503,1.0,True,used,0.0032911662813983,0.002870402263803163,0.03353491024120306,0.03353491024120306,0,-0.08235669196715074,0.012231445968847789,2026Q1,original_ols,original,,forward_return_5d
log_return,True,1503,1503,1.0,True,used,0.0032857622474557,0.002309298518979546,0.0333624598161689,0.0333624598161689,1,0.08023771883660935,0.012231445968847789,2026Q1,original_ols,original,,forward_return_5d
intraday_return,True,1503,1503,1.0,True,used,0.0011135919387621,0.001084586707334444,0.026666395075439032,0.026666395075439032,2,-0.0009699775891427939,0.012231445968847789,2026Q1,original_ols,original,,forward_return_5d
daily_range,True,1503,1503,1.0,True,used,0.0340123241115775,0.038569674560881805,0.0203187019490477,0.0203187019490477,3,0.001846951083543504,0.012231445968847789,2026Q1,original_ols,original,,forward_return_5d
sma_5,True,1503,1503,1.0,True,used,26.49720001220703,56.93558880488079,56.023809567287344,56.023809567287344,4,-0.033568423893831176,0.012231445968847789,2026Q1,original_ols,original,,forward_return_5d
sma_20,True,1503,1503,1.0,True,used,25.37845001220704,56.07003286375019,55.3671553476157,55.3671553476157,5,0.02218644580864222,0.012231445968847789,2026Q1,original_ols,original,,forward_return_5d
sma_60,True,1503,1503,1.0,True,used,24.91066659291585,53.663499323944734,53.2746570561527,53.2746570561527,6,0.007746550798279873,0.012231445968847789,2026Q1,original_ols,original,,forward_return_5d
rolling_volatility_20,True,1503,1503,1.0,True,used,0.027817346722135,0.03127200077792936,0.012404727173520758,0.012404727173520758,7,-0.001541699514004723,0.012231445968847789,2026Q1,original_ols,original,,forward_return_5d
rolling_volatility_60,True,1503,1503,1.0,True,used,0.03178478508055,0.032146700007169134,0.00944969431165249,0.00944969431165249,8,0.0008211215792520126,0.012231445968847789,2026Q1,original_ols,original,,forward_return_5d
simple_return,True,1503,1503,1.0,True,used,0.0032911662813983,0.002870402263803163,0.03353491024120306,0.03353491024120306,0,-0.03976713916301278,0.012231445968847789,2026Q1,original_ridge_alpha1,original,1.0,forward_return_5d
log_return,True,1503,1503,1.0,True,used,0.0032857622474557,0.002309298518979546,0.0333624598161689,0.0333624598161689,1,0.03730107540138457,0.012231445968847789,2026Q1,original_ridge_alpha1,original,1.0,forward_return_5d
intraday_return,True,1503,1503,1.0,True,used,0.0011135919387621,0.001084586707334444,0.026666395075439032,0.026666395075439032,2,-0.0006682830160484625,0.012231445968847789,2026Q1,original_ridge_alpha1,original,1.0,forward_return_5d
daily_range,True,1503,1503,1.0,True,used,0.0340123241115775,0.038569674560881805,0.0203187019490477,0.0203187019490477,3,0.0010444755979492602,0.012231445968847789,2026Q1,original_ridge_alpha1,original,1.0,forward_return_5d
sma_5,True,1503,1503,1.0,True,used,26.49720001220703,56.93558880488079,56.023809567287344,56.023809567287344,4,-0.02688682655681036,0.012231445968847789,2026Q1,original_ridge_alpha1,original,1.0,forward_return_5d
sma_20,True,1503,1503,1.0,True,used,25.37845001220704,56.07003286375019,55.3671553476157,55.3671553476157,5,0.01341219932984867,0.012231445968847789,2026Q1,original_ridge_alpha1,original,1.0,forward_return_5d
sma_60,True,1503,1503,1.0,True,used,24.91066659291585,53.663499323944734,53.2746570561527,53.2746570561527,6,0.009844265653889328,0.012231445968847789,2026Q1,original_ridge_alpha1,original,1.0,forward_return_5d
rolling_volatility_20,True,1503,1503,1.0,True,used,0.027817346722135,0.03127200077792936,0.012404727173520758,0.012404727173520758,7,-0.0017840145070654036,0.012231445968847789,2026Q1,original_ridge_alpha1,original,1.0,forward_return_5d
rolling_volatility_60,True,1503,1503,1.0,True,used,0.03178478508055,0.032146700007169134,0.00944969431165249,0.00944969431165249,8,0.0009186638728369753,0.012231445968847789,2026Q1,original_ridge_alpha1,original,1.0,forward_return_5d
simple_return,True,1503,1503,1.0,True,used,0.0032911662813983,0.002870402263803163,0.03353491024120306,0.03353491024120306,0,-0.08364730049487734,0.012231445968847794,2026Q1,relative_ols,relative,,forward_return_5d
log_return,True,1503,1503,1.0,True,used,0.0032857622474557,0.002309298518979546,0.0333624598161689,0.0333624598161689,1,0.08313530104000597,0.012231445968847794,2026Q1,relative_ols,relative,,forward_return_5d
intraday_return,True,1503,1503,1.0,True,used,0.0011135919387621,0.001084586707334444,0.026666395075439032,0.026666395075439032,2,-0.0009692054939661188,0.012231445968847794,2026Q1,relative_ols,relative,,forward_return_5d
daily_range,True,1503,1503,1.0,True,used,0.0340123241115775,0.038569674560881805,0.0203187019490477,0.0203187019490477,3,0.002562909327659184,0.012231445968847794,2026Q1,relative_ols,relative,,forward_return_5d
close_to_sma_5,True,1503,1503,1.0,True,used,0.006225849726325006,0.004779940428409311,0.03466142627782528,0.03466142627782528,4,-0.003806786883865612,0.012231445968847794,2026Q1,relative_ols,relative,,forward_return_5d
close_to_sma_20,True,1503,1503,1.0,True,used,0.023923468435354422,0.023236650456469894,0.07772477450458423,0.07772477450458423,5,0.005596283104658959,0.012231445968847794,2026Q1,relative_ols,relative,,forward_return_5d
close_to_sma_60,True,1503,1503,1.0,True,used,0.07369639901638214,0.07499729100266979,0.14048992069403443,0.14048992069403443,6,-0.004078460435375604,0.012231445968847794,2026Q1,relative_ols,relative,,forward_return_5d
rolling_volatility_20,True,1503,1503,1.0,True,used,0.027817346722135,0.03127200077792936,0.012404727173520758,0.012404727173520758,7,-0.0015747068037615113,0.012231445968847794,2026Q1,relative_ols,relative,,forward_return_5d
rolling_volatility_60,True,1503,1503,1.0,True,used,0.03178478508055,0.032146700007169134,0.00944969431165249,0.00944969431165249,8,0.0011708453027480924,0.012231445968847794,2026Q1,relative_ols,relative,,forward_return_5d
simple_return,True,1503,1503,1.0,True,used,0.0032911662813983,0.002870402263803163,0.03353491024120306,0.03353491024120306,0,-0.03989233993643164,0.012231445968847794,2026Q1,relative_ridge_alpha1,relative,1.0,forward_return_5d
log_return,True,1503,1503,1.0,True,used,0.0032857622474557,0.002309298518979546,0.0333624598161689,0.0333624598161689,1,0.03896031904199991,0.012231445968847794,2026Q1,relative_ridge_alpha1,relative,1.0,forward_return_5d
intraday_return,True,1503,1503,1.0,True,used,0.0011135919387621,0.001084586707334444,0.026666395075439032,0.026666395075439032,2,-0.0006646887555036495,0.012231445968847794,2026Q1,relative_ridge_alpha1,relative,1.0,forward_return_5d
daily_range,True,1503,1503,1.0,True,used,0.0340123241115775,0.038569674560881805,0.0203187019490477,0.0203187019490477,3,0.0016557027515140157,0.012231445968847794,2026Q1,relative_ridge_alpha1,relative,1.0,forward_return_5d
close_to_sma_5,True,1503,1503,1.0,True,used,0.006225849726325006,0.004779940428409311,0.03466142627782528,0.03466142627782528,4,-0.0036894601101046345,0.012231445968847794,2026Q1,relative_ridge_alpha1,relative,1.0,forward_return_5d
close_to_sma_20,True,1503,1503,1.0,True,used,0.023923468435354422,0.023236650456469894,0.07772477450458423,0.07772477450458423,5,0.005588562447058418,0.012231445968847794,2026Q1,relative_ridge_alpha1,relative,1.0,forward_return_5d
close_to_sma_60,True,1503,1503,1.0,True,used,0.07369639901638214,0.07499729100266979,0.14048992069403443,0.14048992069403443,6,-0.00413037314320509,0.012231445968847794,2026Q1,relative_ridge_alpha1,relative,1.0,forward_return_5d
rolling_volatility_20,True,1503,1503,1.0,True,used,0.027817346722135,0.03127200077792936,0.012404727173520758,0.012404727173520758,7,-0.0017950648914580487,0.012231445968847794,2026Q1,relative_ridge_alpha1,relative,1.0,forward_return_5d
rolling_volatility_60,True,1503,1503,1.0,True,used,0.03178478508055,0.032146700007169134,0.00944969431165249,0.00944969431165249,8,0.0012925828962970071,0.012231445968847794,2026Q1,relative_ridge_alpha1,relative,1.0,forward_return_5d
simple_return,True,1564,1564,1.0,True,used,0.0031513363233992,0.0027179154498760878,0.03314506142554936,0.03314506142554936,0,-0.07970392539438835,0.011417878877171718,2026Q2,original_ols,original,,forward_return_5d
log_return,True,1564,1564,1.0,True,used,0.00314638122755155,0.002170042385091106,0.03297510234465195,0.03297510234465195,1,0.07731049826348585,0.011417878877171718,2026Q2,original_ols,original,,forward_return_5d
intraday_return,True,1564,1564,1.0,True,used,0.00104258713638565,0.0009454901033964776,0.02638763416128389,0.02638763416128389,2,-0.0008222102894323846,0.011417878877171718,2026Q2,original_ols,original,,forward_return_5d
daily_range,True,1564,1564,1.0,True,used,0.03373188112915785,0.038151249960446776,0.020164244928414315,0.020164244928414315,3,0.0019845057769538243,0.011417878877171718,2026Q2,original_ols,original,,forward_return_5d
sma_5,True,1564,1564,1.0,True,used,27.411999893188476,61.936214816966626,60.27289895168032,60.27289895168032,4,-0.03778803698144696,0.011417878877171718,2026Q2,original_ols,original,,forward_return_5d
sma_20,True,1564,1564,1.0,True,used,27.064824914932252,61.09624866533767,59.73698759706093,59.73698759706093,5,0.03370975555895677,0.011417878877171718,2026Q2,original_ols,original,,forward_return_5d
sma_60,True,1564,1564,1.0,True,used,25.810691579182944,58.79469300665514,58.10553334440309,58.10553334440309,6,-0.0007929994691898642,0.011417878877171718,2026Q2,original_ols,original,,forward_return_5d
rolling_volatility_20,True,1564,1564,1.0,True,used,0.027390327975368098,0.030905589764537018,0.012324068050539217,0.012324068050539217,7,-0.001353075427110037,0.011417878877171718,2026Q2,original_ols,original,,forward_return_5d
rolling_volatility_60,True,1564,1564,1.0,True,used,0.0310939859239787,0.03175065966759018,0.009471569209661352,0.009471569209661352,8,0.0011168330996546706,0.011417878877171718,2026Q2,original_ols,original,,forward_return_5d
simple_return,True,1564,1564,1.0,True,used,0.0031513363233992,0.0027179154498760878,0.03314506142554936,0.03314506142554936,0,-0.03912339389990346,0.01141787887717172,2026Q2,original_ridge_alpha1,original,1.0,forward_return_5d
log_return,True,1564,1564,1.0,True,used,0.00314638122755155,0.002170042385091106,0.03297510234465195,0.03297510234465195,1,0.03640739029211682,0.01141787887717172,2026Q2,original_ridge_alpha1,original,1.0,forward_return_5d
intraday_return,True,1564,1564,1.0,True,used,0.00104258713638565,0.0009454901033964776,0.02638763416128389,0.02638763416128389,2,-0.0005359992288430302,0.01141787887717172,2026Q2,original_ridge_alpha1,original,1.0,forward_return_5d
daily_range,True,1564,1564,1.0,True,used,0.03373188112915785,0.038151249960446776,0.020164244928414315,0.020164244928414315,3,0.0012533909944741537,0.01141787887717172,2026Q2,original_ridge_alpha1,original,1.0,forward_return_5d
sma_5,True,1564,1564,1.0,True,used,27.411999893188476,61.936214816966626,60.27289895168032,60.27289895168032,4,-0.028167431073381582,0.01141787887717172,2026Q2,original_ridge_alpha1,original,1.0,forward_return_5d
sma_20,True,1564,1564,1.0,True,used,27.064824914932252,61.09624866533767,59.73698759706093,59.73698759706093,5,0.020345722860306347,0.01141787887717172,2026Q2,original_ridge_alpha1,original,1.0,forward_return_5d
sma_60,True,1564,1564,1.0,True,used,25.810691579182944,58.79469300665514,58.10553334440309,58.10553334440309,6,0.002953385376181387,0.01141787887717172,2026Q2,original_ridge_alpha1,original,1.0,forward_return_5d
rolling_volatility_20,True,1564,1564,1.0,True,used,0.027390327975368098,0.030905589764537018,0.012324068050539217,0.012324068050539217,7,-0.001611940111292104,0.01141787887717172,2026Q2,original_ridge_alpha1,original,1.0,forward_return_5d
rolling_volatility_60,True,1564,1564,1.0,True,used,0.0310939859239787,0.03175065966759018,0.009471569209661352,0.009471569209661352,8,0.0012006429301436457,0.01141787887717172,2026Q2,original_ridge_alpha1,original,1.0,forward_return_5d
simple_return,True,1564,1564,1.0,True,used,0.0031513363233992,0.0027179154498760878,0.03314506142554936,0.03314506142554936,0,-0.08196577337563292,0.011417878877171724,2026Q2,relative_ols,relative,,forward_return_5d
log_return,True,1564,1564,1.0,True,used,0.00314638122755155,0.002170042385091106,0.03297510234465195,0.03297510234465195,1,0.08143757346539889,0.011417878877171724,2026Q2,relative_ols,relative,,forward_return_5d
intraday_return,True,1564,1564,1.0,True,used,0.00104258713638565,0.0009454901033964776,0.02638763416128389,0.02638763416128389,2,-0.0007646039005388336,0.011417878877171724,2026Q2,relative_ols,relative,,forward_return_5d
daily_range,True,1564,1564,1.0,True,used,0.03373188112915785,0.038151249960446776,0.020164244928414315,0.020164244928414315,3,0.0028431400504373237,0.011417878877171724,2026Q2,relative_ols,relative,,forward_return_5d
close_to_sma_5,True,1564,1564,1.0,True,used,0.005940761767542768,0.0045307142600426,0.03427367532638974,0.03427367532638974,4,-0.0042084866570667595,0.011417878877171724,2026Q2,relative_ols,relative,,forward_return_5d
close_to_sma_20,True,1564,1564,1.0,True,used,0.022569507142350953,0.022311975545964594,0.07652322594963284,0.07652322594963284,5,0.0051368031046299355,0.011417878877171724,2026Q2,relative_ols,relative,,forward_return_5d
close_to_sma_60,True,1564,1564,1.0,True,used,0.06763280455012521,0.07199298801818024,0.13863356114637485,0.13863356114637485,6,-0.003008099591812084,0.011417878877171724,2026Q2,relative_ols,relative,,forward_return_5d
rolling_volatility_20,True,1564,1564,1.0,True,used,0.027390327975368098,0.030905589764537018,0.012324068050539217,0.012324068050539217,7,-0.0014241398913145402,0.011417878877171724,2026Q2,relative_ols,relative,,forward_return_5d
rolling_volatility_60,True,1564,1564,1.0,True,used,0.0310939859239787,0.03175065966759018,0.009471569209661352,0.009471569209661352,8,0.0019864514256571087,0.011417878877171724,2026Q2,relative_ols,relative,,forward_return_5d
simple_return,True,1564,1564,1.0,True,used,0.0031513363233992,0.0027179154498760878,0.03314506142554936,0.03314506142554936,0,-0.039669197686843315,0.011417878877171724,2026Q2,relative_ridge_alpha1,relative,1.0,forward_return_5d
log_return,True,1564,1564,1.0,True,used,0.00314638122755155,0.002170042385091106,0.03297510234465195,0.03297510234465195,1,0.0387425207627925,0.011417878877171724,2026Q2,relative_ridge_alpha1,relative,1.0,forward_return_5d
intraday_return,True,1564,1564,1.0,True,used,0.00104258713638565,0.0009454901033964776,0.02638763416128389,0.02638763416128389,2,-0.0004729651330964162,0.011417878877171724,2026Q2,relative_ridge_alpha1,relative,1.0,forward_return_5d
daily_range,True,1564,1564,1.0,True,used,0.03373188112915785,0.038151249960446776,0.020164244928414315,0.020164244928414315,3,0.0019700597006396163,0.011417878877171724,2026Q2,relative_ridge_alpha1,relative,1.0,forward_return_5d
close_to_sma_5,True,1564,1564,1.0,True,used,0.005940761767542768,0.0045307142600426,0.03427367532638974,0.03427367532638974,4,-0.004097052393446701,0.011417878877171724,2026Q2,relative_ridge_alpha1,relative,1.0,forward_return_5d
close_to_sma_20,True,1564,1564,1.0,True,used,0.022569507142350953,0.022311975545964594,0.07652322594963284,0.07652322594963284,5,0.005130604943234279,0.011417878877171724,2026Q2,relative_ridge_alpha1,relative,1.0,forward_return_5d
close_to_sma_60,True,1564,1564,1.0,True,used,0.06763280455012521,0.07199298801818024,0.13863356114637485,0.13863356114637485,6,-0.0030551217534487275,0.011417878877171724,2026Q2,relative_ridge_alpha1,relative,1.0,forward_return_5d
rolling_volatility_20,True,1564,1564,1.0,True,used,0.027390327975368098,0.030905589764537018,0.012324068050539217,0.012324068050539217,7,-0.0016377304831550381,0.011417878877171724,2026Q2,relative_ridge_alpha1,relative,1.0,forward_return_5d
rolling_volatility_60,True,1564,1564,1.0,True,used,0.0310939859239787,0.03175065966759018,0.009471569209661352,0.009471569209661352,8,0.002107050039305031,0.011417878877171724,2026Q2,relative_ridge_alpha1,relative,1.0,forward_return_5d
