date,fold_id,calendar_year,y_true,target_entry_date,target_exit_date_5d,zero_return,historical_mean,original_ols,original_ridge_alpha1,relative_ols,relative_ridge_alpha1
2021-01-04,2021Q1,2021,0.039829040054577325,2021-01-05,2021-01-11,0.0,0.01597428577500286,0.018289598206042847,0.015016372048539764,0.023980533621323515,0.017358034156688497
2021-01-05,2021Q1,2021,0.019833613130694427,2021-01-06,2021-01-12,0.0,0.01597428577500286,-0.0017341604174101188,0.001272551158892481,0.008064275147685273,0.007976579038245115
2021-01-06,2021Q1,2021,0.04351262803082556,2021-01-07,2021-01-13,0.0,0.01597428577500286,0.013835201230810706,0.021239568146930385,0.02272674759276786,0.02663526777349648
2021-01-07,2021Q1,2021,-0.012142227613312073,2021-01-08,2021-01-14,0.0,0.01597428577500286,-0.009576110482921178,0.00025626921988479087,0.01605966266210679,0.021477982579785695
2021-01-08,2021Q1,2021,-0.0416767497627496,2021-01-11,2021-01-15,0.0,0.01597428577500286,0.005205488449089905,0.006843228794983169,0.014788815700858084,0.013378014593119193
2021-01-11,2021Q1,2021,-0.05288123379004994,2021-01-12,2021-01-19,0.0,0.01597428577500286,0.0023894440710941107,0.004261961731948691,0.010193111769060976,0.007240212100547953
2021-01-12,2021Q1,2021,-0.009210486317353661,2021-01-13,2021-01-20,0.0,0.01597428577500286,0.006183876764480612,0.008470287463729825,0.011472097453533944,0.010522650720286828
2021-01-13,2021Q1,2021,0.02154699815988259,2021-01-14,2021-01-21,0.0,0.01597428577500286,-0.008447038068785759,-0.002860841547007234,0.011285602836716174,0.012189147828185545
2021-01-14,2021Q1,2021,0.03662684780711478,2021-01-15,2021-01-22,0.0,0.01597428577500286,0.0021431356831560777,0.007233808953292347,0.022764684984674675,0.02283475373432648
2021-01-15,2021Q1,2021,0.04893883420533229,2021-01-19,2021-01-25,0.0,0.01597428577500286,0.006297643587639602,0.009923120894562466,0.03572150584407644,0.03443781437510496
2021-01-19,2021Q1,2021,0.024672575506598182,2021-01-20,2021-01-26,0.0,0.01597428577500286,-0.0022116977640802594,0.001681472520224176,0.03106912317820436,0.03169614765705083
2021-01-20,2021Q1,2021,-0.03731785147413513,2021-01-21,2021-01-27,0.0,0.01597428577500286,-0.00304939724910519,0.00020355321794060868,0.016076510378721685,0.015995338761190726
2021-01-21,2021Q1,2021,-0.05014557068246861,2021-01-22,2021-01-28,0.0,0.01597428577500286,0.0010336964124658555,0.0024070808155080177,0.000110787245910203,-0.003439279762956795
2021-01-22,2021Q1,2021,-0.05746729063278566,2021-01-25,2021-01-29,0.0,0.01597428577500286,-0.0053856695339264335,-0.0009743170932204788,-0.0030287475598414146,-0.0014257950164803697
2021-01-25,2021Q1,2021,-0.025293560070072107,2021-01-26,2021-02-01,0.0,0.01597428577500286,0.003093452169743516,0.004921719010477259,0.0142324689628024,0.010048439760046005
2021-01-26,2021Q1,2021,0.024697714785772984,2021-01-27,2021-02-02,0.0,0.01597428577500286,-0.00951226933928817,-0.002945718118623323,0.01541422937867487,0.01667355225165524
2021-01-27,2021Q1,2021,0.04110803140343,2021-01-28,2021-02-03,0.0,0.01597428577500286,-0.001750832336655135,0.004608500413648957,0.029043219799556395,0.030234307374680174
2021-01-28,2021Q1,2021,0.045066965443291584,2021-01-29,2021-02-04,0.0,0.01597428577500286,-0.0006027465098313277,0.001090103440128859,0.034479679284003945,0.0323682186432578
2021-01-29,2021Q1,2021,0.041196581508804675,2021-02-01,2021-02-05,0.0,0.01597428577500286,0.007890003050769142,0.007140160706409139,0.031523822952468,0.02851420301182908
2021-02-01,2021Q1,2021,0.07761917627879744,2021-02-02,2021-02-08,0.0,0.01597428577500286,0.003211410249077576,0.002973819287002088,0.020260962973943912,0.01891177009228613
2021-02-02,2021Q1,2021,0.04599961030555755,2021-02-03,2021-02-09,0.0,0.01597428577500286,-0.0007901219442647892,0.0007743478803248459,0.006926604834719527,0.00806475076374126
2021-02-03,2021Q1,2021,0.09114253579115505,2021-02-04,2021-02-10,0.0,0.01597428577500286,0.005418239452647602,0.005157162612732406,0.009914871800411344,0.007850110906796666
2021-02-04,2021Q1,2021,0.1111656950190616,2021-02-05,2021-02-11,0.0,0.01597428577500286,-0.002594167526932138,-0.0011640777939042751,0.006211910395255505,0.005457757977159274
2021-02-05,2021Q1,2021,0.08989420292321881,2021-02-08,2021-02-12,0.0,0.01597428577500286,-0.006651427349210946,-0.002027319418723174,0.008471358060598354,0.010459154276557935
2021-02-08,2021Q1,2021,0.06899918509664515,2021-02-09,2021-02-16,0.0,0.01597428577500286,-0.023128912570221302,-0.012206862137292256,-0.01596228683355414,-0.012288434596005773
2021-02-09,2021Q1,2021,0.030612066596873877,2021-02-10,2021-02-17,0.0,0.01597428577500286,-0.013762004655186073,-0.00782370034577944,-0.011895904490199262,-0.011697472150396605
2021-02-10,2021Q1,2021,-0.010096619344712177,2021-02-11,2021-02-18,0.0,0.01597428577500286,-0.023985922497888536,-0.014505597808796244,-0.01497447820119005,-0.014345106355697811
2021-02-11,2021Q1,2021,-0.00820597134452683,2021-02-12,2021-02-19,0.0,0.01597428577500286,-0.03668319413075061,-0.022671680440284562,-0.028027458659275112,-0.023938683840822518
2021-02-12,2021Q1,2021,-0.04703187405984954,2021-02-16,2021-02-22,0.0,0.01597428577500286,-0.029598194657794577,-0.018187920263516778,-0.01712684715699485,-0.017651221655895867
2021-02-16,2021Q1,2021,-0.06782673262783279,2021-02-17,2021-02-23,0.0,0.01597428577500286,-0.04043191664663054,-0.026410718151932407,-0.016972858354405207,-0.015323178272373034
2021-02-17,2021Q1,2021,-0.015615486080589602,2021-02-18,2021-02-24,0.0,0.01597428577500286,-0.03337336083666593,-0.019550879162378323,-0.006213719918563839,-0.004475859283479239
2021-02-18,2021Q1,2021,-0.11428001063834514,2021-02-19,2021-02-25,0.0,0.01597428577500286,-0.03787416141532923,-0.025809076591500762,0.0014691843306948744,0.002286160715643963
2021-02-19,2021Q1,2021,-0.07176089924587781,2021-02-22,2021-02-26,0.0,0.01597428577500286,-0.03164791478115926,-0.02033425785526381,0.005178028392826111,0.006414463822968614
2021-02-22,2021Q1,2021,-0.016589370165355,2021-02-23,2021-03-01,0.0,0.01597428577500286,-0.012119895024745062,-0.0046723140330301,0.01660223711117692,0.014112055218898852
2021-02-23,2021Q1,2021,-0.050733764172422924,2021-02-24,2021-03-02,0.0,0.01597428577500286,-0.004602690762454696,-0.005050941991502862,0.02588073483013341,0.017569427589086223
2021-02-24,2021Q1,2021,-0.08833785743860534,2021-02-25,2021-03-03,0.0,0.01597428577500286,-0.010205280216309433,-0.009517609170434496,0.017480013077606063,0.012034756333481592
2021-02-25,2021Q1,2021,-0.10050898922585494,2021-02-26,2021-03-04,0.0,0.01597428577500286,0.011631044095496902,0.020261692810300217,0.025753289178273638,0.03129220133591254
2021-02-26,2021Q1,2021,-0.1018738617768159,2021-03-01,2021-03-05,0.0,0.01597428577500286,0.0074540827356755525,0.004875508203618078,0.04614521848781068,0.04489630093931633
2021-03-01,2021Q1,2021,-0.16595319476102077,2021-03-02,2021-03-08,0.0,0.01597428577500286,0.011873632085936798,0.005692827278590315,0.03205692951810436,0.030037105491494825
2021-03-02,2021Q1,2021,-0.06747975841648413,2021-03-03,2021-03-09,0.0,0.01597428577500286,0.02608667169551892,0.018549616121030645,0.03922673788818139,0.03741823977658444
2021-03-03,2021Q1,2021,-0.025975002233180833,2021-03-04,2021-03-10,0.0,0.01597428577500286,0.03972693531704803,0.029704202559217557,0.05274004935867973,0.05091914937779611
2021-03-04,2021Q1,2021,0.035338610229817435,2021-03-05,2021-03-11,0.0,0.01597428577500286,0.05294363945007979,0.03557046182958607,0.07415351948681331,0.06448243028975494
2021-03-05,2021Q1,2021,0.03261045329711254,2021-03-08,2021-03-12,0.0,0.01597428577500286,0.055869056805274514,0.03390745919944972,0.0757573362326068,0.06295448857640151
2021-03-08,2021Q1,2021,0.08746727168048962,2021-03-09,2021-03-15,0.0,0.01597428577500286,0.06795036208405525,0.054521782167572835,0.07343689204031867,0.07346878507570587
2021-03-09,2021Q1,2021,0.03510380088293141,2021-03-10,2021-03-16,0.0,0.01597428577500286,0.03188078464847417,0.026733398803683896,0.0493886332672266,0.05833302575262182
2021-03-10,2021Q1,2021,0.03021240278873516,2021-03-11,2021-03-17,0.0,0.01597428577500286,0.06333633195769396,0.04179918764065596,0.05226038575928376,0.04588172410448506
2021-03-11,2021Q1,2021,0.005870394991167371,2021-03-12,2021-03-18,0.0,0.01597428577500286,0.03669482669521526,0.02595240172569535,0.031336948280630064,0.03368584420356856
2021-03-12,2021Q1,2021,-0.0014769081047806276,2021-03-15,2021-03-19,0.0,0.01597428577500286,0.03511739167931528,0.02057317284269092,0.019221012501837054,0.015855279388371224
2021-03-15,2021Q1,2021,-0.012746598521060415,2021-03-16,2021-03-22,0.0,0.01597428577500286,0.021397395636457275,0.013068315410283424,0.02340763725105502,0.02032311780233345
2021-03-16,2021Q1,2021,0.0023773567049454325,2021-03-17,2021-03-23,0.0,0.01597428577500286,0.019587484730574225,0.014275020334363888,0.023437816967648736,0.02074083616305071
2021-03-17,2021Q1,2021,-0.03756713706564241,2021-03-18,2021-03-24,0.0,0.01597428577500286,0.009039286319795056,0.005003188001389949,0.016673309505266826,0.011809750920184915
2021-03-18,2021Q1,2021,-0.01684315999348962,2021-03-19,2021-03-25,0.0,0.01597428577500286,0.012400274035119953,0.01568522033593318,0.028967431397685595,0.030889347660362776
2021-03-19,2021Q1,2021,-0.00569209748892141,2021-03-22,2021-03-26,0.0,0.01597428577500286,0.0022092232946918314,0.003508686453677138,0.03780937852560595,0.03596041225612877
2021-03-22,2021Q1,2021,-0.023086916703938032,2021-03-23,2021-03-29,0.0,0.01597428577500286,0.0008402005740598822,0.002807577784603178,0.02529003637594762,0.0225284581327997
2021-03-23,2021Q1,2021,-0.0212527333950443,2021-03-24,2021-03-30,0.0,0.01597428577500286,0.004764957768318697,0.007457199989154924,0.023512307894564675,0.02248290173355654
2021-03-24,2021Q1,2021,0.06790272377222095,2021-03-25,2021-03-31,0.0,0.01597428577500286,0.015006569350774955,0.01798690628496729,0.034616745517431574,0.033217322400684854
2021-03-25,2021Q1,2021,0.10014344046081436,2021-03-26,2021-04-01,0.0,0.01597428577500286,0.008564736784550012,0.00918721240883739,0.03842542630785056,0.03416292334340268
2021-03-26,2021Q1,2021,0.09104741900732627,2021-03-29,2021-04-05,0.0,0.01597428577500286,0.0020292265908930848,0.004775182655404529,0.03024628781519608,0.02704118746721925
2021-03-29,2021Q1,2021,0.07938792852685506,2021-03-30,2021-04-06,0.0,0.01597428577500286,0.002606355551980216,0.005523888032389002,0.020383504968763053,0.01823579652628131
2021-03-30,2021Q1,2021,0.08666591782478883,2021-03-31,2021-04-07,0.0,0.01597428577500286,0.002252268344698098,0.005939730341702698,0.017510307815151956,0.016807762476013035
2021-03-31,2021Q1,2021,0.05487299473507279,2021-04-01,2021-04-08,0.0,0.01597428577500286,-0.004595224017196704,0.0022114508882017936,0.00960814249731092,0.009582713874877583
2021-04-01,2021Q2,2021,0.038399084307627396,2021-04-05,2021-04-09,0.0,0.012443217785065427,-0.008224207871329443,-0.002629958568362161,-0.006610195816384565,-0.004204982194892138
2021-04-05,2021Q2,2021,0.08637650562316845,2021-04-06,2021-04-12,0.0,0.012443217785065427,-0.0108877763731818,-0.006206913979025853,-0.010490268648842298,-0.009365828725798957
2021-04-06,2021Q2,2021,0.12958593464069912,2021-04-07,2021-04-13,0.0,0.012443217785065427,-0.008590923091768076,-0.003500449354073924,-0.004344696752116845,-0.0030194358520436154
2021-04-07,2021Q2,2021,0.07186332476240365,2021-04-08,2021-04-14,0.0,0.012443217785065427,-0.011725469669013746,-0.007701831924650774,-0.0034896490666865582,-0.004510887850741227
2021-04-08,2021Q2,2021,0.13530682328020083,2021-04-09,2021-04-15,0.0,0.012443217785065427,-0.02040648327126395,-0.012570449482612338,-0.006948485916464983,-0.004292211643181625
2021-04-09,2021Q2,2021,0.1135604381479336,2021-04-12,2021-04-16,0.0,0.012443217785065427,-0.02240464894487298,-0.015315652156115469,-0.009219847175363125,-0.007291913829582835
2021-04-12,2021Q2,2021,0.008551356065864102,2021-04-13,2021-04-19,0.0,0.012443217785065427,-0.02038218493939648,-0.015905170291579757,-0.02173852154771066,-0.02432130850804371
2021-04-13,2021Q2,2021,-0.029039978027343705,2021-04-14,2021-04-20,0.0,0.012443217785065427,-0.03199084022972147,-0.02358628187325583,-0.029868592339235,-0.028786795398845502
2021-04-14,2021Q2,2021,-0.01928172631578451,2021-04-15,2021-04-21,0.0,0.012443217785065427,-0.027344983911926742,-0.017522260621388633,-0.018175949739728713,-0.01629930027459498
2021-04-15,2021Q2,2021,-0.07492364605035773,2021-04-16,2021-04-22,0.0,0.012443217785065427,-0.05058038751577017,-0.033905322961441726,-0.029759498500738182,-0.023084172661462087
2021-04-16,2021Q2,2021,-0.01745887243058386,2021-04-19,2021-04-23,0.0,0.012443217785065427,-0.04491617343249031,-0.032189082949554054,-0.02188105730246038,-0.01878382870712262
2021-04-19,2021Q2,2021,0.01009902417238373,2021-04-20,2021-04-26,0.0,0.012443217785065427,-0.038619479588626826,-0.02770094928069608,-0.007873249353679513,-0.00639203122252093
2021-04-20,2021Q2,2021,0.01739565075929983,2021-04-21,2021-04-27,0.0,0.012443217785065427,-0.03218321606749659,-0.024393474695887138,0.006461783877033368,0.005805947193662149
2021-04-21,2021Q2,2021,-0.006390269209698762,2021-04-22,2021-04-28,0.0,0.012443217785065427,-0.04223146197659072,-0.03285588708833024,0.0022457855107365574,0.004125479139685608
2021-04-22,2021Q2,2021,0.02614795331914488,2021-04-23,2021-04-29,0.0,0.012443217785065427,-0.015383948853484007,-0.009610757724031046,0.01487807572902667,0.01495542067759019
2021-04-23,2021Q2,2021,-0.011557514975386818,2021-04-26,2021-04-30,0.0,0.012443217785065427,-0.025129852111333225,-0.020537204554408772,0.007848193566600976,0.008627214482298246
2021-04-26,2021Q2,2021,-0.047613683814031305,2021-04-27,2021-05-03,0.0,0.012443217785065427,-0.022632227553642473,-0.019817985338646663,0.0021342081575070303,0.002369990344559066
2021-04-27,2021Q2,2021,-0.06594749897056917,2021-04-28,2021-05-04,0.0,0.012443217785065427,-0.015829257185455324,-0.012822189001991504,0.008032596224722709,0.008986892959469923
2021-04-28,2021Q2,2021,-0.06113634632497866,2021-04-29,2021-05-05,0.0,0.012443217785065427,-0.013976313790477462,-0.01243796478182217,0.011458547739767164,0.011904494977467511
2021-04-29,2021Q2,2021,-0.042933914258997063,2021-04-30,2021-05-06,0.0,0.012443217785065427,-0.013297931845804557,-0.012140424859907526,0.015859713296106963,0.015818933796928274
2021-04-30,2021Q2,2021,-0.02067767687080324,2021-05-03,2021-05-07,0.0,0.012443217785065427,-0.009921201682214296,-0.00917945544715919,0.01906149561709022,0.019453927361490077
2021-05-03,2021Q2,2021,-0.025380451697842976,2021-05-04,2021-05-10,0.0,0.012443217785065427,-0.0009215254570020693,-0.0024209613448972853,0.02870686353117583,0.027550592572995115
2021-05-04,2021Q2,2021,-0.027381196905709726,2021-05-05,2021-05-11,0.0,0.012443217785065427,0.0077886711826235236,0.004312408961477818,0.03450358390556779,0.032646666184913346
2021-05-05,2021Q2,2021,-0.05082697172139572,2021-05-06,2021-05-12,0.0,0.012443217785065427,0.00816873230510364,0.004327518201800646,0.03911744398449769,0.03778653400939567
2021-05-06,2021Q2,2021,-0.07718674183272389,2021-05-07,2021-05-13,0.0,0.012443217785065427,0.007653527603981473,0.002276545226155585,0.030580270479767177,0.02921075523535714
2021-05-07,2021Q2,2021,-0.03680532557525351,2021-05-10,2021-05-14,0.0,0.012443217785065427,0.006160651116234291,0.0024935236017944746,0.024475908074944458,0.02509779000639861
2021-05-10,2021Q2,2021,0.024629286265992922,2021-05-11,2021-05-17,0.0,0.012443217785065427,0.020615447739937967,0.015957079626637827,0.029814884746435254,0.029783737565541063
2021-05-11,2021Q2,2021,0.00044615308687334654,2021-05-12,2021-05-18,0.0,0.012443217785065427,0.012268811648235131,0.0020957534850769514,0.029769204080115783,0.024050373532088998
2021-05-12,2021Q2,2021,0.002280256000273928,2021-05-13,2021-05-19,0.0,0.012443217785065427,0.01899285474396902,0.013675454709615505,0.03679385558079031,0.0359907413820788
2021-05-13,2021Q2,2021,0.05201582646176339,2021-05-14,2021-05-20,0.0,0.012443217785065427,0.02964127519121923,0.02134264248479506,0.049882899679931154,0.045772523894711
2021-05-14,2021Q2,2021,0.05896377762014571,2021-05-17,2021-05-21,0.0,0.012443217785065427,0.013735528923257526,0.009292393949373864,0.028562815357273473,0.028321393706264283
2021-05-17,2021Q2,2021,0.09427351568853393,2021-05-18,2021-05-24,0.0,0.012443217785065427,0.016324597199021594,0.010508347378793947,0.023603541603580806,0.02269967859984188
2021-05-18,2021Q2,2021,0.15341099290246696,2021-05-19,2021-05-25,0.0,0.012443217785065427,0.021905784089880632,0.016135104099700277,0.028539344239259558,0.027320094399286968
2021-05-19,2021Q2,2021,0.09771019475693499,2021-05-20,2021-05-26,0.0,0.012443217785065427,0.013358545125322401,0.00462501215070911,0.02268086754399711,0.01790179920002262
2021-05-20,2021Q2,2021,0.021383248060544924,2021-05-21,2021-05-27,0.0,0.012443217785065427,0.0016064456753005617,0.001374058056469403,0.01507164286496697,0.01697133287455975
2021-05-21,2021Q2,2021,0.06783892285233795,2021-05-24,2021-05-28,0.0,0.012443217785065427,0.0025088365754214227,0.003444376089718801,0.0077672307975203,0.009920508048564865
2021-05-24,2021Q2,2021,0.031618665280574554,2021-05-25,2021-06-01,0.0,0.012443217785065427,-0.01017821445637328,-0.008144485177295708,-0.009437617644461294,-0.007874221800916148
2021-05-25,2021Q2,2021,0.0663520452121964,2021-05-26,2021-06-02,0.0,0.012443217785065427,-0.01317526257251176,-0.010341079759152704,-0.007733974803863062,-0.006687802264008178
2021-05-26,2021Q2,2021,0.08089297653844851,2021-05-27,2021-06-03,0.0,0.012443217785065427,-0.02595982638775483,-0.019878376951236947,-0.007139343615602886,-0.0046638712077897
2021-05-27,2021Q2,2021,0.13400751090025542,2021-05-28,2021-06-04,0.0,0.012443217785065427,-0.027015628915818653,-0.020144283284367348,-0.0014957643377131527,0.0005385974860783477
2021-05-28,2021Q2,2021,0.08291327507577217,2021-06-01,2021-06-07,0.0,0.012443217785065427,-0.03942453254773248,-0.031454577614228735,-0.014591042471325965,-0.013391744494500214
2021-06-01,2021Q2,2021,0.07412819832739892,2021-06-02,2021-06-08,0.0,0.012443217785065427,-0.032360525610617974,-0.02609300319139403,-0.01234148167558466,-0.01245368370269403
2021-06-02,2021Q2,2021,0.03936944745222215,2021-06-03,2021-06-09,0.0,0.012443217785065427,-0.041358593368108376,-0.03424090961701917,-0.022220572784794612,-0.022345866329978814
2021-06-03,2021Q2,2021,0.018261505562157776,2021-06-04,2021-06-10,0.0,0.012443217785065427,-0.04144013299160783,-0.035324920837042494,-0.024074821854651554,-0.025704689244828632
2021-06-04,2021Q2,2021,0.014455414204947337,2021-06-07,2021-06-11,0.0,0.012443217785065427,-0.05820749480912861,-0.04609265611310747,-0.03260346409010276,-0.029939415448095537
2021-06-07,2021Q2,2021,0.028041988276181762,2021-06-08,2021-06-14,0.0,0.012443217785065427,-0.05320613503239398,-0.043713140074710014,-0.028610249571088618,-0.02905962323298355
2021-06-08,2021Q2,2021,0.015571638860025994,2021-06-09,2021-06-15,0.0,0.012443217785065427,-0.05993309777336074,-0.04764456111826465,-0.023081173872179214,-0.020988132758616496
2021-06-09,2021Q2,2021,0.02652731625499638,2021-06-10,2021-06-16,0.0,0.012443217785065427,-0.06010245388480215,-0.04751624993783215,-0.015221555140871664,-0.012726127036098033
2021-06-10,2021Q2,2021,0.06737890935819202,2021-06-11,2021-06-17,0.0,0.012443217785065427,-0.06025065231596047,-0.04874046459796453,-0.012602643820484928,-0.010470447675679883
2021-06-11,2021Q2,2021,0.040922033583439044,2021-06-14,2021-06-18,0.0,0.012443217785065427,-0.05764813350406013,-0.04780845422006298,-0.01620122668137522,-0.014795185926824156
2021-06-14,2021Q2,2021,0.028593299846049414,2021-06-15,2021-06-21,0.0,0.012443217785065427,-0.05497869184251128,-0.04567655149092019,-0.01872355867260933,-0.01681820229071717
2021-06-15,2021Q2,2021,0.061604976351054,2021-06-16,2021-06-22,0.0,0.012443217785065427,-0.05213020889605276,-0.043082348461439365,-0.013738583776786698,-0.011127792147046187
2021-06-16,2021Q2,2021,0.0721679475503536,2021-06-17,2021-06-23,0.0,0.012443217785065427,-0.049832928204977395,-0.04267124998223085,-0.007031175381948905,-0.0058084081738280485
2021-06-17,2021Q2,2021,0.022439269773053327,2021-06-18,2021-06-24,0.0,0.012443217785065427,-0.05277950254393099,-0.04692418779462172,-0.017715782129991073,-0.01852045112823643
2021-06-18,2021Q2,2021,0.03231585307561624,2021-06-21,2021-06-25,0.0,0.012443217785065427,-0.04183068477636666,-0.03819010968714368,-0.011496415741308557,-0.01359499601181609
2021-06-21,2021Q2,2021,0.08193704794501122,2021-06-22,2021-06-28,0.0,0.012443217785065427,-0.043271323676683016,-0.04019385829225993,-0.007809958311110478,-0.00969835331494369
2021-06-22,2021Q2,2021,0.05360976605872114,2021-06-23,2021-06-29,0.0,0.012443217785065427,-0.054570246284155216,-0.04859251367832277,-0.011417157265377712,-0.01084297854479691
2021-06-23,2021Q2,2021,0.040293311724106884,2021-06-24,2021-06-30,0.0,0.012443217785065427,-0.059270175354570354,-0.05093286650818589,-0.01228249128428738,-0.00941385407781514
2021-06-24,2021Q2,2021,0.04831303448026869,2021-06-25,2021-07-01,0.0,0.012443217785065427,-0.055949419845262735,-0.048749610731121926,-0.010935211272300965,-0.008810940515732441
2021-06-25,2021Q2,2021,0.058144468587966625,2021-06-28,2021-07-02,0.0,0.012443217785065427,-0.04947918052332419,-0.044007125684971816,-0.005029105447287749,-0.004009008706060803
2021-06-28,2021Q2,2021,0.041041116422279256,2021-06-29,2021-07-06,0.0,0.012443217785065427,-0.06378928235713432,-0.05421282304633125,-0.017650644110775042,-0.01388770159394793
2021-06-29,2021Q2,2021,0.018625671376118813,2021-06-30,2021-07-07,0.0,0.012443217785065427,-0.059828089164749715,-0.054000828130986236,-0.01713457874910538,-0.016287361870157703
2021-06-30,2021Q2,2021,-0.011043477502668875,2021-07-01,2021-07-08,0.0,0.012443217785065427,-0.06280168237759412,-0.05549565712586817,-0.013263795519131415,-0.011059882139891753
2021-07-01,2021Q3,2021,-0.01908006455045652,2021-07-02,2021-07-09,0.0,0.01603809367511823,-0.02436747575957816,-0.019620904502623892,-0.008010074461264241,-0.006810305713067476
2021-07-02,2021Q3,2021,-0.01084983640259729,2021-07-06,2021-07-12,0.0,0.01603809367511823,-0.030466322852885915,-0.0234250840861048,-0.011609135680999461,-0.0082542358032658
2021-07-06,2021Q3,2021,-0.028940003146368354,2021-07-07,2021-07-13,0.0,0.01603809367511823,-0.02522253688348847,-0.02039970040981456,-0.008811949749538493,-0.007637713413194427
2021-07-07,2021Q3,2021,-0.0007554854342119999,2021-07-08,2021-07-14,0.0,0.01603809367511823,-0.02298263273728778,-0.01808838728283488,-0.005368690645383291,-0.004219825115758566
2021-07-08,2021Q3,2021,-0.049906082485938974,2021-07-09,2021-07-15,0.0,0.01603809367511823,-0.025974327170850287,-0.02044339109467389,-0.0021741701592212018,-0.0007953230630283956
2021-07-09,2021Q3,2021,-0.10271741583659144,2021-07-12,2021-07-16,0.0,0.01603809367511823,-0.028746195655953013,-0.022912677662890197,-0.0010175357981429545,0.0005128093443961274
2021-07-12,2021Q3,2021,-0.07944651219453136,2021-07-13,2021-07-19,0.0,0.01603809367511823,-0.03147388584660586,-0.024754442143992462,-0.007219648858319251,-0.004768164684091452
2021-07-13,2021Q3,2021,-0.08575360403188359,2021-07-14,2021-07-20,0.0,0.01603809367511823,-0.026753640554803098,-0.020830716016584237,-0.00554547146651092,-0.00394420444934012
2021-07-14,2021Q3,2021,-0.020278398234419126,2021-07-15,2021-07-21,0.0,0.01603809367511823,-0.019053863527153683,-0.01506294580001942,0.0035084406071772024,0.003281280918733495
2021-07-15,2021Q3,2021,0.02961033280704717,2021-07-16,2021-07-22,0.0,0.01603809367511823,-0.012043647890619177,-0.00789684899248366,0.013993411061713423,0.014056523018230183
2021-07-16,2021Q3,2021,0.09169560653742437,2021-07-19,2021-07-23,0.0,0.01603809367511823,-0.004695131382971597,-0.002344753440755753,0.027026381488021237,0.02539023450603818
2021-07-19,2021Q3,2021,0.03011217817182521,2021-07-20,2021-07-26,0.0,0.01603809367511823,-0.006801906462024922,-0.008246280314800552,0.024018445402273547,0.018404479158710456
2021-07-20,2021Q3,2021,0.017265131561801317,2021-07-21,2021-07-27,0.0,0.01603809367511823,-0.007596806437039361,-0.00618426168678916,0.017158195810372555,0.014510144332307778
2021-07-21,2021Q3,2021,-0.007076669257768176,2021-07-22,2021-07-28,0.0,0.01603809367511823,-0.013367021452898344,-0.009426010860841386,0.006868320588500025,0.007046342768036612
2021-07-22,2021Q3,2021,0.0003052766970341736,2021-07-23,2021-07-29,0.0,0.01603809367511823,-0.010058614960726651,-0.0077604200940430725,0.00494056974826494,0.003460572916289482
2021-07-23,2021Q3,2021,0.009735369339759714,2021-07-26,2021-07-30,0.0,0.01603809367511823,-0.013655292386925345,-0.010192545245515699,0.004480488537300492,0.0040910952361997415
2021-07-26,2021Q3,2021,0.02517522064455191,2021-07-27,2021-08-02,0.0,0.01603809367511823,-0.011754552515267486,-0.008972989738174463,0.00872030170427526,0.00766333522506173
2021-07-27,2021Q3,2021,0.025674221421857935,2021-07-28,2021-08-03,0.0,0.01603809367511823,-0.0036150934615190172,-0.004190175344760905,0.018438385194841995,0.014374741156609014
2021-07-28,2021Q3,2021,0.03868031676509598,2021-07-29,2021-08-04,0.0,0.01603809367511823,-0.01014786790883511,-0.008386112999643567,0.01228021202356501,0.010647754096680007
2021-07-29,2021Q3,2021,0.06277680032186628,2021-07-30,2021-08-05,0.0,0.01603809367511823,-0.011347157369889498,-0.009032811346490269,0.007968176221655372,0.0070467761168745355
2021-07-30,2021Q3,2021,0.03380702705937022,2021-08-02,2021-08-06,0.0,0.01603809367511823,-0.012141082589212402,-0.008841654734875595,0.0068106962659662835,0.006995993391604935
2021-08-02,2021Q3,2021,0.028115517305517423,2021-08-03,2021-08-09,0.0,0.01603809367511823,-0.00855946114215973,-0.006798727595990879,0.009668222720415232,0.008665012782425078
2021-08-03,2021Q3,2021,-0.002701298037110167,2021-08-04,2021-08-10,0.0,0.01603809367511823,0.0007792085061461666,-0.0014914890707579675,0.01499284066012857,0.010296409823947066
2021-08-04,2021Q3,2021,-0.03907319976062307,2021-08-05,2021-08-11,0.0,0.01603809367511823,-0.013290298194782939,-0.010130432460071611,0.0023863137248785315,0.0031462213392777095
2021-08-05,2021Q3,2021,-0.030159787377653124,2021-08-06,2021-08-12,0.0,0.01603809367511823,-0.01459398687810053,-0.010883828809023149,-0.0016873656712106666,-0.00024391461109563722
2021-08-06,2021Q3,2021,-0.012618577274209342,2021-08-09,2021-08-13,0.0,0.01603809367511823,-0.012935995560741462,-0.009454207088245823,0.00020314280944192659,0.0014881916653729562
2021-08-09,2021Q3,2021,-0.018305271694870062,2021-08-10,2021-08-16,0.0,0.01603809367511823,-0.012423580669493568,-0.009336532394239372,0.0040974238898140065,0.005132007457973042
2021-08-10,2021Q3,2021,-0.02918720280646625,2021-08-11,2021-08-17,0.0,0.01603809367511823,-0.0064626589459789545,-0.004808208069382404,0.010615754533721967,0.010476689205461109
2021-08-11,2021Q3,2021,-0.04177150924257722,2021-08-12,2021-08-18,0.0,0.01603809367511823,-0.0038243183504006358,-0.0029975477515545856,0.01527201041731888,0.01444048625781413
2021-08-12,2021Q3,2021,-0.005375551231401654,2021-08-13,2021-08-19,0.0,0.01603809367511823,-0.007573059060253257,-0.005359668414161734,0.011840152944921087,0.01248737245773357
2021-08-13,2021Q3,2021,0.03382169099171595,2021-08-16,2021-08-20,0.0,0.01603809367511823,-0.007653565775004791,-0.005155747854689634,0.00875466961900026,0.009806845844472344
2021-08-16,2021Q3,2021,0.11546867050190546,2021-08-17,2021-08-23,0.0,0.01603809367511823,0.0057620190127485905,0.004258432544165034,0.017122050627715813,0.014526277679535807
2021-08-17,2021Q3,2021,0.11758970602964736,2021-08-18,2021-08-24,0.0,0.01603809367511823,0.0001393062211922612,0.0020626980628548237,0.01634820941750132,0.0170358723927452
2021-08-18,2021Q3,2021,0.13947881066134937,2021-08-19,2021-08-25,0.0,0.01603809367511823,0.0057648646065704134,0.006308470063956042,0.025073563777319584,0.024619273222563236
2021-08-19,2021Q3,2021,0.103896836201671,2021-08-20,2021-08-26,0.0,0.01603809367511823,0.020261847821873052,0.013588819158265146,0.03262096459998015,0.0255126004718013
2021-08-20,2021Q3,2021,0.07939530565417763,2021-08-23,2021-08-27,0.0,0.01603809367511823,-0.0017533810445245004,0.0003551132503270861,0.005728045859141072,0.0071869613554945595
2021-08-23,2021Q3,2021,0.04298255205225665,2021-08-24,2021-08-30,0.0,0.01603809367511823,-0.004415522886263842,-0.0019716137989173356,-0.005875257274864085,-0.004017137816657829
2021-08-24,2021Q3,2021,0.029810955132687056,2021-08-25,2021-08-31,0.0,0.01603809367511823,-0.006681182016097156,-0.004816764537728207,-0.006200235121833549,-0.005485490028984068
2021-08-25,2021Q3,2021,0.010855820428802954,2021-08-26,2021-09-01,0.0,0.01603809367511823,-0.008139104769331433,-0.007819092015563998,-0.0015681748594117625,-0.0025431761196419364
2021-08-26,2021Q3,2021,0.009556432250390268,2021-08-27,2021-09-02,0.0,0.01603809367511823,-0.011419614307014287,-0.009651284114772885,-0.00015039499693374203,8.87594368662592e-05
2021-08-27,2021Q3,2021,0.0005694475832105361,2021-08-30,2021-09-03,0.0,0.01603809367511823,-0.01823945981417367,-0.0151415576627449,-0.0034524771837358,-0.0020568943397374084
2021-08-30,2021Q3,2021,-0.0014540224340172658,2021-08-31,2021-09-07,0.0,0.01603809367511823,-0.016516617021909357,-0.013783972985855653,-0.0035435542078399024,-0.0026148104796899357
2021-08-31,2021Q3,2021,-0.006493213452707147,2021-09-01,2021-09-08,0.0,0.01603809367511823,-0.014741648167795322,-0.012253783001953573,0.0008034563625439993,0.0013485936341605734
2021-09-01,2021Q3,2021,-0.015143423420645785,2021-09-02,2021-09-09,0.0,0.01603809367511823,-0.01981975208739602,-0.015989156309670623,-0.00013524078567197367,0.0015515667965102613
2021-09-02,2021Q3,2021,0.006853297769363387,2021-09-03,2021-09-10,0.0,0.01603809367511823,-0.02011160408604697,-0.015942745500030584,0.0005613074393711181,0.0025489577713831563
2021-09-03,2021Q3,2021,-0.029825241991775497,2021-09-07,2021-09-13,0.0,0.01603809367511823,-0.014645339931553664,-0.013669860115179469,0.00261456953834272,0.0015240481249194741
2021-09-07,2021Q3,2021,-0.012037485122799563,2021-09-08,2021-09-14,0.0,0.01603809367511823,-0.017997402883783143,-0.014271030107858539,-0.0007408427278841022,0.0007864239231946228
2021-09-08,2021Q3,2021,0.0012997189071486392,2021-09-09,2021-09-15,0.0,0.01603809367511823,-0.01280501204305699,-0.01082041312138374,0.006245566107839596,0.005984629658555736
2021-09-09,2021Q3,2021,-0.004743108776910421,2021-09-10,2021-09-16,0.0,0.01603809367511823,-0.016357039152654806,-0.012952946759607165,0.006833109721883789,0.007784285736414251
2021-09-10,2021Q3,2021,-0.03456182314411638,2021-09-13,2021-09-17,0.0,0.01603809367511823,-0.019267764607336427,-0.015156163011372712,0.004733115442648943,0.00630745581471014
2021-09-13,2021Q3,2021,-0.052166050221282734,2021-09-14,2021-09-20,0.0,0.01603809367511823,-0.0022876248477160972,-0.0035444566191647243,0.01528340171915415,0.011812877350864585
2021-09-14,2021Q3,2021,-0.047648918580605715,2021-09-15,2021-09-21,0.0,0.01603809367511823,-0.017110397002154772,-0.013153870869738456,0.006145489295045244,0.007448512225347764
2021-09-15,2021Q3,2021,-0.01090928069579744,2021-09-16,2021-09-22,0.0,0.01603809367511823,-0.015559807827334366,-0.012169329825215371,0.006794915595374863,0.007479687237034242
2021-09-16,2021Q3,2021,0.008161485207099473,2021-09-17,2021-09-23,0.0,0.01603809367511823,-0.01600867306770586,-0.012297198899047266,0.007198277807594888,0.008013603933130196
2021-09-17,2021Q3,2021,0.044216375200534896,2021-09-20,2021-09-24,0.0,0.01603809367511823,-0.011377956009448006,-0.007939518406485092,0.012343048971343572,0.01295978365873423
2021-09-20,2021Q3,2021,0.011346128430457902,2021-09-21,2021-09-27,0.0,0.01603809367511823,-0.005090417564104246,-0.002664807967440442,0.020312964995774507,0.020024414397843006
2021-09-21,2021Q3,2021,-0.031217815276054606,2021-09-22,2021-09-28,0.0,0.01603809367511823,-0.0067705287183627665,-0.004024752242552197,0.023359507283860763,0.0235453307190175
2021-09-22,2021Q3,2021,-0.07330619855586007,2021-09-23,2021-09-29,0.0,0.01603809367511823,-0.007047887120590689,-0.005000714254134168,0.016048145769363094,0.01574710277743704
2021-09-23,2021Q3,2021,-0.06135025420368578,2021-09-24,2021-09-30,0.0,0.01603809367511823,-0.00746216049354698,-0.005142625483904772,0.009072566131191248,0.009152134621410093
2021-09-24,2021Q3,2021,-0.044587680583137335,2021-09-27,2021-10-01,0.0,0.01603809367511823,-0.009797075731152079,-0.0056635870198576375,0.006616354259765988,0.008374488259566352
2021-09-27,2021Q3,2021,-0.06985954095962277,2021-09-28,2021-10-04,0.0,0.01603809367511823,-0.00620377887149166,-0.0034374523536034804,0.01498558987686757,0.015462440224981102
2021-09-28,2021Q3,2021,-0.02335245023701127,2021-09-29,2021-10-05,0.0,0.01603809367511823,-0.0008844871536428447,0.0028141727954960408,0.0236331908571228,0.025345843870200953
2021-09-29,2021Q3,2021,-0.0032742145251103416,2021-09-30,2021-10-06,0.0,0.01603809367511823,-0.00010802389197334117,0.0013948966971933686,0.030088545229853908,0.029498928973838007
2021-09-30,2021Q3,2021,0.01566268737057608,2021-10-01,2021-10-07,0.0,0.01603809367511823,-0.0024401000578627777,-5.447029339401138e-06,0.02442170077284081,0.02493167391031632
2021-10-01,2021Q4,2021,0.015948091539712328,2021-10-04,2021-10-08,0.0,0.014460216943274266,0.019520528569750045,0.016757926620721272,0.02661733029897413,0.024639200411647882
2021-10-04,2021Q4,2021,0.037343303428275076,2021-10-05,2021-10-11,0.0,0.014460216943274266,0.030175469640055658,0.02964328606596056,0.03428857501559998,0.03512758055073966
2021-10-05,2021Q4,2021,0.02738561952093499,2021-10-06,2021-10-12,0.0,0.014460216943274266,0.02008098799392013,0.018275590165475638,0.02832786707845738,0.027647065916226427
2021-10-06,2021Q4,2021,-0.007253929679131188,2021-10-07,2021-10-13,0.0,0.014460216943274266,0.02022656702012574,0.01660532250023141,0.023799865540600942,0.021269700735250724
2021-10-07,2021Q4,2021,0.030567293630363146,2021-10-08,2021-10-14,0.0,0.014460216943274266,0.012518787135798251,0.012622903336972826,0.014834790561491357,0.0161701167090544
2021-10-08,2021Q4,2021,0.06255157720807936,2021-10-11,2021-10-15,0.0,0.014460216943274266,0.01708660770401936,0.01596822202854744,0.017298582612563486,0.017452970060360506
2021-10-11,2021Q4,2021,0.06692918505440093,2021-10-12,2021-10-18,0.0,0.014460216943274266,0.01773571756536555,0.015140013835293776,0.020952929440884064,0.019430922777052613
2021-10-12,2021Q4,2021,0.06558952557550546,2021-10-13,2021-10-19,0.0,0.014460216943274266,0.01709981697043188,0.01516375494687298,0.02145563438979481,0.020604961492526788
2021-10-13,2021Q4,2021,0.038284504414148435,2021-10-14,2021-10-20,0.0,0.014460216943274266,0.009190312322766972,0.009482400867456414,0.013751665250366633,0.015228463178333493
2021-10-14,2021Q4,2021,0.04044016465290223,2021-10-15,2021-10-21,0.0,0.014460216943274266,0.01005382749647794,0.010515065122352663,0.01027583228134219,0.011997625181757406
2021-10-15,2021Q4,2021,0.04492157148194198,2021-10-18,2021-10-22,0.0,0.014460216943274266,0.006611880354081388,0.006792435411328501,0.00481983033518054,0.006124182618763475
2021-10-18,2021Q4,2021,0.03995337287597045,2021-10-19,2021-10-25,0.0,0.014460216943274266,0.01142514813412128,0.009450129204140394,0.010252485320017992,0.009171425746264061
2021-10-19,2021Q4,2021,0.10813713139558256,2021-10-20,2021-10-26,0.0,0.014460216943274266,0.004229361185003886,0.004539366581002353,0.004942048909175803,0.005993823898688031
2021-10-20,2021Q4,2021,0.10653030178524436,2021-10-21,2021-10-27,0.0,0.014460216943274266,0.006481730014587883,0.006489270882312052,0.00962894848526787,0.010227563044860099
2021-10-21,2021Q4,2021,0.0928011231987762,2021-10-22,2021-10-28,0.0,0.014460216943274266,0.004095339711289022,0.003953722220100441,0.007767684329196772,0.008148421696834282
2021-10-22,2021Q4,2021,0.11291515739840086,2021-10-25,2021-10-29,0.0,0.014460216943274266,0.006266995930698285,0.005759793804967328,0.008583713263015203,0.008511649095189148
2021-10-25,2021Q4,2021,0.07661842174833788,2021-10-26,2021-11-01,0.0,0.014460216943274266,0.002899233658280877,0.0032087067464360852,0.0055329389390598015,0.0062373464873769924
2021-10-26,2021Q4,2021,0.07873653939449432,2021-10-27,2021-11-02,0.0,0.014460216943274266,0.0005372716200213387,0.005410503334436816,-0.0010770513014251963,0.004363577411329825
2021-10-27,2021Q4,2021,0.06913736214407518,2021-10-28,2021-11-03,0.0,0.014460216943274266,0.003252184535870605,0.0023852568299378533,0.0010486767951628142,1.0996745292594229e-05
2021-10-28,2021Q4,2021,0.19199237030013716,2021-10-29,2021-11-04,0.0,0.014460216943274266,-0.010961231293357748,-0.00793729793157118,-0.007667381703364911,-0.005074697601106194
2021-10-29,2021Q4,2021,0.15996727412449463,2021-11-01,2021-11-05,0.0,0.014460216943274266,-0.011477921535919993,-0.009670323264315463,-0.00743269069021125,-0.0064844817136268645
2021-11-01,2021Q4,2021,0.19293626573468403,2021-11-02,2021-11-08,0.0,0.014460216943274266,-0.011981546468595798,-0.010149643059096491,-0.00511696524142115,-0.0044900209916323725
2021-11-02,2021Q4,2021,0.1494937945374306,2021-11-03,2021-11-09,0.0,0.014460216943274266,-0.012377883634672028,-0.010893103936598116,-0.00535581616651932,-0.0052675256446698075
2021-11-03,2021Q4,2021,0.08189795933520694,2021-11-04,2021-11-10,0.0,0.014460216943274266,-0.018948379420216557,-0.015584724550323642,-0.009926608299290792,-0.008230850310326455
2021-11-04,2021Q4,2021,0.006724719685402336,2021-11-05,2021-11-11,0.0,0.014460216943274266,-0.01107673719654992,0.0016343165937252931,-0.013662403267814429,-0.002100170324545703
2021-11-05,2021Q4,2021,0.007993605773327861,2021-11-08,2021-11-12,0.0,0.014460216943274266,-0.00895011464163926,-0.01120029779803549,-0.010328578204011491,-0.015648047272730316
2021-11-08,2021Q4,2021,-0.06991517787877433,2021-11-09,2021-11-15,0.0,0.014460216943274266,-0.036859115340781685,-0.031891638073137205,-0.029720006256464683,-0.028328639641217658
2021-11-09,2021Q4,2021,0.02885264302856494,2021-11-10,2021-11-16,0.0,0.014460216943274266,-0.016026543504723635,-0.016974719806537152,-0.005123483453140872,-0.010613645922797876
2021-11-10,2021Q4,2021,-0.0396153576244207,2021-11-11,2021-11-17,0.0,0.014460216943274266,-0.027312902359030375,-0.026269836761884043,-0.0059718294569373765,-0.009973738687194212
2021-11-11,2021Q4,2021,0.05548147269176962,2021-11-12,2021-11-18,0.0,0.014460216943274266,-0.05159454539516378,-0.04366109824400252,-0.024022139789554378,-0.021052411255608708
2021-11-12,2021Q4,2021,0.07963473949102529,2021-11-15,2021-11-19,0.0,0.014460216943274266,-0.04368659324286849,-0.040259657176003966,-0.019020135490364375,-0.020730565302568914
2021-11-15,2021Q4,2021,0.07382635635403978,2021-11-16,2021-11-22,0.0,0.014460216943274266,-0.034466363068036264,-0.03216129361504165,-0.010578543517262987,-0.013262300414493852
2021-11-16,2021Q4,2021,0.04365839484237055,2021-11-17,2021-11-23,0.0,0.014460216943274266,-0.04718283859511526,-0.04252891965782768,-0.021934407480934164,-0.02209538397861307
2021-11-17,2021Q4,2021,0.009484944574513321,2021-11-18,2021-11-24,0.0,0.014460216943274266,-0.026600988881109157,-0.02450994929134286,-0.001101775592093136,-0.003810640038418878
2021-11-18,2021Q4,2021,-0.022950710864924728,2021-11-19,2021-11-26,0.0,0.014460216943274266,-0.05607258101898509,-0.038727036644312374,-0.031215145802284204,-0.017980601371518717
2021-11-19,2021Q4,2021,-0.0042067860345903485,2021-11-22,2021-11-29,0.0,0.014460216943274266,-0.0503057776295715,-0.04366014186782996,-0.033553057980978566,-0.03182407815369574
2021-11-22,2021Q4,2021,0.036181983378879456,2021-11-23,2021-11-30,0.0,0.014460216943274266,-0.019146381359533123,-0.020418829032038007,-0.002424230276019833,-0.009190378880427572
2021-11-23,2021Q4,2021,-0.0008264510408694248,2021-11-24,2021-12-01,0.0,0.014460216943274266,-0.04070899394377224,-0.03916494339074275,-0.013556377899607753,-0.017796940222197938
2021-11-24,2021Q4,2021,-0.014539848025262203,2021-11-26,2021-12-02,0.0,0.014460216943274266,-0.04430529239104815,-0.0427859910430797,-0.013062665699403364,-0.01780084554921898
2021-11-26,2021Q4,2021,-0.051690053677547865,2021-11-29,2021-12-03,0.0,0.014460216943274266,-0.0459566849418604,-0.04013979724464116,-0.01397330929454742,-0.01413046946607418
2021-11-29,2021Q4,2021,-0.09442546302760169,2021-11-30,2021-12-06,0.0,0.014460216943274266,-0.0596568622366903,-0.049595937824226735,-0.028209926306754403,-0.023838048721256395
2021-11-30,2021Q4,2021,-0.023841885348481084,2021-12-01,2021-12-07,0.0,0.014460216943274266,-0.043405562941083636,-0.04036130265260339,-0.01543897378565902,-0.018438020989796793
2021-12-01,2021Q4,2021,0.019606570704069126,2021-12-02,2021-12-08,0.0,0.014460216943274266,-0.03464006599333548,-0.030994422240241026,-0.0016535096694620267,-0.003940056755225485
2021-12-02,2021Q4,2021,-0.04718750715255737,2021-12-03,2021-12-09,0.0,0.014460216943274266,-0.0440940213718642,-0.042166944934778405,-0.008634479477796117,-0.012638362546202783
2021-12-03,2021Q4,2021,0.010642597134828069,2021-12-06,2021-12-10,0.0,0.014460216943274266,-0.025902780644900175,-0.02269978765551293,0.00933962499175232,0.007226940729927666
2021-12-06,2021Q4,2021,-0.09031887353989898,2021-12-07,2021-12-13,0.0,0.014460216943274266,-0.013648755168786346,-0.01701630562031445,0.02187985716770401,0.013478047510013247
2021-12-07,2021Q4,2021,-0.11444109482369935,2021-12-08,2021-12-14,0.0,0.014460216943274266,-0.04322475639140258,-0.03186302146371771,-0.012579321772350867,-0.005212518543124862
2021-12-08,2021Q4,2021,-0.04017771628443867,2021-12-09,2021-12-15,0.0,0.014460216943274266,-0.03402518459077766,-0.030637647374748254,-0.008760682863030887,-0.009767681672950416
2021-12-09,2021Q4,2021,-0.0886998562477549,2021-12-10,2021-12-16,0.0,0.014460216943274266,-0.01525278401125208,-0.013265797888816273,0.010921733307958028,0.008929493233890938
2021-12-10,2021Q4,2021,-0.08092829216729125,2021-12-13,2021-12-17,0.0,0.014460216943274266,-0.01603346148276765,-0.01596183715567638,0.015944491404113713,0.011942169712741769
2021-12-13,2021Q4,2021,0.0007220642692287171,2021-12-14,2021-12-20,0.0,0.014460216943274266,-0.004367733289467516,0.0006955739063980587,0.02729075786732591,0.02915119990404861
2021-12-14,2021Q4,2021,0.02376764624914829,2021-12-15,2021-12-21,0.0,0.014460216943274266,-0.005265218298447642,-0.008784135106791872,0.02796608780257906,0.021326410521771366
2021-12-15,2021Q4,2021,-0.05624039498867883,2021-12-16,2021-12-22,0.0,0.014460216943274266,-0.002990066639749432,-0.00174061974575691,0.017693444430030555,0.016797638364483954
2021-12-16,2021Q4,2021,0.05913877946047652,2021-12-17,2021-12-23,0.0,0.014460216943274266,0.027521884059295933,0.026635106303495144,0.03886043169116923,0.03639106582588978
2021-12-17,2021Q4,2021,0.13330889393758616,2021-12-20,2021-12-27,0.0,0.014460216943274266,0.006697075763199239,0.004188851973854352,0.02767905273589494,0.02362003489261532
2021-12-20,2021Q4,2021,0.06865439897478831,2021-12-21,2021-12-28,0.0,0.014460216943274266,0.005405337050931006,0.002365241631275404,0.028075761767883355,0.023614331519307738
2021-12-21,2021Q4,2021,0.03842022340095119,2021-12-22,2021-12-29,0.0,0.014460216943274266,0.007146505118242204,0.006226938186538857,0.026077609360704475,0.02397109348881103
2021-12-22,2021Q4,2021,-0.005679674778299115,2021-12-23,2021-12-30,0.0,0.014460216943274266,0.007416148691261403,0.004213755005004163,0.01760666869117691,0.013500558539950771
2021-12-23,2021Q4,2021,-0.00839516354003389,2021-12-27,2021-12-31,0.0,0.014460216943274266,-0.00029117467443083404,-0.00030083196717926516,0.01060004778408412,0.009771970890028518
2021-12-27,2021Q4,2021,-0.03803653469258317,2021-12-28,2022-01-03,0.0,0.014460216943274266,0.0003013581510544795,-0.00013029818535833897,0.010581168644431175,0.009089424160572745
2021-12-28,2021Q4,2021,-0.03247117161657653,2021-12-29,2022-01-04,0.0,0.014460216943274266,0.006954791217142417,0.005668645752246355,0.018653140545730945,0.0160135058900111
2021-12-29,2021Q4,2021,-0.07452977496137925,2021-12-30,2022-01-05,0.0,0.014460216943274266,0.004047578722872487,0.0021966109348100053,0.019988373183305014,0.016692225940077857
2021-12-30,2021Q4,2021,-0.05041451441284295,2021-12-31,2022-01-06,0.0,0.014460216943274266,0.0011460921655669244,0.0005568673878959401,0.019500781189147925,0.017613764235995283
2021-12-31,2021Q4,2021,-0.08613116711246116,2022-01-03,2022-01-07,0.0,0.014460216943274266,-0.0005290049678427378,-0.0003394617115303287,0.019209338961728547,0.018286393422624232
2022-01-03,2022Q1,2022,-0.09502264980406772,2022-01-04,2022-01-10,0.0,0.015810174192078173,0.030484003889762128,0.02788841413545591,0.017682057446448234,0.016920133863956417
2022-01-04,2022Q1,2022,-0.03910325029370565,2022-01-05,2022-01-11,0.0,0.015810174192078173,0.05925656582110389,0.04959151103225971,0.04171260229049136,0.03559709770064248
2022-01-05,2022Q1,2022,0.012988464818939782,2022-01-06,2022-01-12,0.0,0.015810174192078173,0.0587970581249259,0.055080745858815554,0.04236968856944666,0.04275796445084092
2022-01-06,2022Q1,2022,-0.055648340255642026,2022-01-07,2022-01-13,0.0,0.015810174192078173,0.05363275271494129,0.045649136569066204,0.03966407283594804,0.03514359975410017
2022-01-07,2022Q1,2022,0.013581131993967599,2022-01-10,2022-01-14,0.0,0.015810174192078173,0.06280291366157753,0.05620276719724241,0.04398789019446971,0.04174877328966368
2022-01-10,2022Q1,2022,-0.05197086991446731,2022-01-11,2022-01-18,0.0,0.015810174192078173,0.07071842958624698,0.057846255306731605,0.050743573717153226,0.04212690751647646
2022-01-11,2022Q1,2022,-0.10688709375229988,2022-01-12,2022-01-19,0.0,0.015810174192078173,0.061972305482922874,0.05401957667592695,0.040996971487090195,0.036855496155461256
2022-01-12,2022Q1,2022,-0.14901864529249675,2022-01-13,2022-01-20,0.0,0.015810174192078173,0.061931600230503425,0.05502655823555858,0.038695998146367934,0.03603512467847243
2022-01-13,2022Q1,2022,-0.11125470618345035,2022-01-14,2022-01-21,0.0,0.015810174192078173,0.08722477505759717,0.07896725260707803,0.06125004941668988,0.05930673951240312
2022-01-14,2022Q1,2022,-0.10997716919685763,2022-01-18,2022-01-24,0.0,0.015810174192078173,0.06817952671743745,0.06017532433339007,0.04756396425789798,0.044358307095715394
2022-01-18,2022Q1,2022,-0.14398562061454823,2022-01-19,2022-01-25,0.0,0.015810174192078173,0.0699543045857442,0.06553366410315714,0.04592476567303841,0.04675175157952387
2022-01-19,2022Q1,2022,-0.10006328682651089,2022-01-20,2022-01-26,0.0,0.015810174192078173,0.08884015743421833,0.07914518936247109,0.06576606257629242,0.06187429826130146
2022-01-20,2022Q1,2022,-0.06649082092019143,2022-01-21,2022-01-27,0.0,0.015810174192078173,0.09435293452694367,0.0849480571407998,0.07106641215797486,0.0674782284328295
2022-01-21,2022Q1,2022,0.022839240063785793,2022-01-24,2022-01-28,0.0,0.015810174192078173,0.09725259067498329,0.08541248722807045,0.07274961014045364,0.06667066895294003
2022-01-24,2022Q1,2022,0.08604633082406932,2022-01-25,2022-01-31,0.0,0.015810174192078173,0.11908552704282149,0.096761278310946,0.0915921068567833,0.07575118440605447
2022-01-25,2022Q1,2022,0.06015493678706796,2022-01-26,2022-02-01,0.0,0.015810174192078173,0.09327091310386777,0.08725519574943863,0.06252162821503146,0.06256003004000668
2022-01-26,2022Q1,2022,0.0710285017828789,2022-01-27,2022-02-02,0.0,0.015810174192078173,0.11922732630744708,0.10291427422845999,0.08799612683916763,0.07918589155836682
2022-01-27,2022Q1,2022,0.08795206707573189,2022-01-28,2022-02-03,0.0,0.015810174192078173,0.14212797356729862,0.12226616113239981,0.10311695167224448,0.09282867409078249
2022-01-28,2022Q1,2022,0.04904672058123216,2022-01-31,2022-02-04,0.0,0.015810174192078173,0.11469192651862721,0.09981039681945916,0.07570642543638847,0.06956693400604982
2022-01-31,2022Q1,2022,-0.01497767086170898,2022-02-01,2022-02-07,0.0,0.015810174192078173,0.1018429039238539,0.09419479004057713,0.055163644089489206,0.057439576661630694
2022-02-01,2022Q1,2022,-0.026595363547192052,2022-02-02,2022-02-08,0.0,0.015810174192078173,0.11995366052440651,0.10284482537994093,0.06641489670357191,0.061065937568581516
2022-02-02,2022Q1,2022,0.09187176890090609,2022-02-03,2022-02-09,0.0,0.015810174192078173,0.12015684168993188,0.10329247342484346,0.06656972490490778,0.06271442082470705
2022-02-03,2022Q1,2022,0.07725676928942748,2022-02-04,2022-02-10,0.0,0.015810174192078173,0.12015472565403379,0.1058256898307478,0.06416863809420376,0.06400210439484293
2022-02-04,2022Q1,2022,-0.017355996233197613,2022-02-07,2022-02-11,0.0,0.015810174192078173,0.11686934357182602,0.09856281100415958,0.06758331011250321,0.0633208045975186
2022-02-07,2022Q1,2022,-0.0037767994079775935,2022-02-08,2022-02-14,0.0,0.015810174192078173,0.1164974445599671,0.0982603192504217,0.06552091523636355,0.06170538568843335
2022-02-08,2022Q1,2022,0.034072324856418534,2022-02-09,2022-02-15,0.0,0.015810174192078173,0.12064693345902273,0.09986928536228981,0.06747289170927742,0.0616635988610578
2022-02-09,2022Q1,2022,0.019849925896261222,2022-02-10,2022-02-16,0.0,0.015810174192078173,0.10956142036308104,0.09579875037968331,0.05484597762684214,0.0567096188323742
2022-02-10,2022Q1,2022,-0.05436797255820214,2022-02-11,2022-02-17,0.0,0.015810174192078173,0.12462558120485559,0.10455444661865647,0.06395984553706989,0.060729915382583564
2022-02-11,2022Q1,2022,-0.012200209605932044,2022-02-14,2022-02-18,0.0,0.015810174192078173,0.14523974623630967,0.1265343392208934,0.08631914693781578,0.0862619451459269
2022-02-14,2022Q1,2022,-0.06248747654994713,2022-02-15,2022-02-22,0.0,0.015810174192078173,0.12264200817638436,0.10107835989352686,0.07253317547985312,0.06723120114757022
2022-02-15,2022Q1,2022,-0.1474542645645518,2022-02-16,2022-02-23,0.0,0.015810174192078173,0.10354224971597496,0.0942880718652813,0.0518368556926289,0.0594490315691652
2022-02-16,2022Q1,2022,-0.07342957593082222,2022-02-17,2022-02-24,0.0,0.015810174192078173,0.11445324639528612,0.0943872967487476,0.055746488704648586,0.0517425243903855
2022-02-17,2022Q1,2022,-0.020715084106438075,2022-02-18,2022-02-25,0.0,0.015810174192078173,0.11664930612360813,0.10556263377499593,0.056688561871483606,0.06219266107491138
2022-02-18,2022Q1,2022,0.05860648536628488,2022-02-22,2022-02-28,0.0,0.015810174192078173,0.13250689432541846,0.10949872786967857,0.08240825558004686,0.0752100247562392
2022-02-22,2022Q1,2022,-0.013654346790790695,2022-02-23,2022-03-01,0.0,0.015810174192078173,0.10944293926198322,0.0901376114049029,0.06457004640553157,0.05892532071748685
2022-02-23,2022Q1,2022,0.1525101126238797,2022-02-24,2022-03-02,0.0,0.015810174192078173,0.12809766490698357,0.10828160422622389,0.0831357890707265,0.07702390697121742
2022-02-24,2022Q1,2022,-0.0002950958764089684,2022-02-25,2022-03-03,0.0,0.015810174192078173,0.1201663443537294,0.09543286923411397,0.0769295028427085,0.0640988016730872
2022-02-25,2022Q1,2022,-0.044014660317529986,2022-02-28,2022-03-04,0.0,0.015810174192078173,0.09095867337238417,0.07790668088543182,0.0471535783629812,0.043893133907783266
2022-02-28,2022Q1,2022,-0.12099135643100978,2022-03-01,2022-03-07,0.0,0.015810174192078173,0.09120955071339826,0.07734511523503873,0.04787830851754653,0.043571183906214964
2022-03-01,2022Q1,2022,-0.0943761799491385,2022-03-02,2022-03-08,0.0,0.015810174192078173,0.09929328843067307,0.08659149824343788,0.05688396281633305,0.054326545313052484
2022-03-02,2022Q1,2022,-0.051438431952139374,2022-03-03,2022-03-09,0.0,0.015810174192078173,0.08641957049194401,0.0742184711051159,0.049976466868581024,0.04727693099648404
2022-03-03,2022Q1,2022,-0.03104686144341029,2022-03-04,2022-03-10,0.0,0.015810174192078173,0.08994576616943632,0.0779272284718793,0.05088637524584101,0.04867228326820366
2022-03-04,2022Q1,2022,-0.031423897606882245,2022-03-07,2022-03-11,0.0,0.015810174192078173,0.09363174608725705,0.08055905449811157,0.05694959472604534,0.053398258493922796
2022-03-07,2022Q1,2022,0.000985494787752783,2022-03-08,2022-03-14,0.0,0.015810174192078173,0.10130137448225074,0.09265171107292189,0.06557057868108995,0.066789896959267
2022-03-08,2022Q1,2022,0.02617592644264155,2022-03-09,2022-03-15,0.0,0.015810174192078173,0.10558516751138523,0.08586502873965568,0.076272795119022,0.0650769350607226
2022-03-09,2022Q1,2022,0.08721317920247573,2022-03-10,2022-03-16,0.0,0.015810174192078173,0.07045533178166091,0.06759354729513473,0.039489019701910585,0.0441497136224866
2022-03-10,2022Q1,2022,0.07575368938832439,2022-03-11,2022-03-17,0.0,0.015810174192078173,0.08672836764571352,0.07467396509660124,0.04744216850484463,0.043440850079642455
2022-03-11,2022Q1,2022,0.2096117674578355,2022-03-14,2022-03-18,0.0,0.015810174192078173,0.09617823776249752,0.08360721508351868,0.05790455945603125,0.054119238522838356
2022-03-14,2022Q1,2022,0.24240169571256076,2022-03-15,2022-03-21,0.0,0.015810174192078173,0.09363276287943974,0.08175030769538605,0.05878816046402981,0.055570275041926236
2022-03-15,2022Q1,2022,0.12868085820624175,2022-03-16,2022-03-22,0.0,0.015810174192078173,0.08184928815142456,0.07373413390990842,0.049511439955077854,0.05038271114119938
2022-03-16,2022Q1,2022,0.06276948118932824,2022-03-17,2022-03-23,0.0,0.015810174192078173,0.08187118289958988,0.07355366358458626,0.043079467510949696,0.04450818633934459
2022-03-17,2022Q1,2022,0.13512641078347665,2022-03-18,2022-03-24,0.0,0.015810174192078173,0.08606209794214036,0.07200155243666524,0.04176398290533907,0.03794836047137502
2022-03-18,2022Q1,2022,0.044705152122332725,2022-03-21,2022-03-25,0.0,0.015810174192078173,0.0867706208322436,0.07445263755457547,0.04369606228924977,0.04309514802936826
2022-03-21,2022Q1,2022,0.05582372207388375,2022-03-22,2022-03-28,0.0,0.015810174192078173,0.0879012330843373,0.07174949711911649,0.04428625884290649,0.04029776062466128
2022-03-22,2022Q1,2022,0.09683842684836708,2022-03-23,2022-03-29,0.0,0.015810174192078173,0.08698234931654605,0.07082400991925364,0.046330765345701394,0.04258514292730141
2022-03-23,2022Q1,2022,0.05824352772748087,2022-03-24,2022-03-30,0.0,0.015810174192078173,0.08005813384410483,0.06754463159348155,0.043600774954107996,0.04284039882820538
2022-03-24,2022Q1,2022,-0.02151618691688506,2022-03-25,2022-03-31,0.0,0.015810174192078173,0.06747184468537515,0.06264125709073722,0.03440354641620065,0.04196330698155945
2022-03-25,2022Q1,2022,-0.037613510811950635,2022-03-28,2022-04-01,0.0,0.015810174192078173,0.0740739027050948,0.06028260121170799,0.035035079444795836,0.032685302759102954
2022-03-28,2022Q1,2022,-0.0465237532207905,2022-03-29,2022-04-04,0.0,0.015810174192078173,0.06646402975661048,0.053519323135031466,0.031246718769506292,0.029022750633954417
2022-03-29,2022Q1,2022,-0.08383977625043748,2022-03-30,2022-04-05,0.0,0.015810174192078173,0.06312722816416194,0.051357283994713884,0.02947095717084472,0.028060369306823204
2022-03-30,2022Q1,2022,-0.12148153660819416,2022-03-31,2022-04-06,0.0,0.015810174192078173,0.06167225499030876,0.05181163169619788,0.029565565564093274,0.030028449559501645
2022-03-31,2022Q1,2022,-0.11568949102811077,2022-04-01,2022-04-07,0.0,0.015810174192078173,0.05974451044749332,0.04893062931684508,0.033226687170874875,0.03146853873546851
2022-04-01,2022Q2,2022,-0.13502697819265752,2022-04-04,2022-04-08,0.0,0.013904089256837003,0.015773972473958425,0.011748915927233995,0.023950962649643796,0.022124133392763326
2022-04-04,2022Q2,2022,-0.1958244642973992,2022-04-05,2022-04-11,0.0,0.013904089256837003,0.0025553411761621726,0.0007474537330741469,0.015351783029633661,0.014413654248841834
2022-04-05,2022Q2,2022,-0.13756317891540604,2022-04-06,2022-04-12,0.0,0.013904089256837003,0.011529238513859164,0.012825204461503545,0.023448921539594707,0.024637458775724628
2022-04-06,2022Q2,2022,-0.09156748378332247,2022-04-07,2022-04-13,0.0,0.013904089256837003,0.0009430405618187938,0.005065624082481962,0.01769839787041317,0.020189590321663013
2022-04-07,2022Q2,2022,-0.11117616829391141,2022-04-08,2022-04-14,0.0,0.013904089256837003,0.008244685353972957,0.005572578932446927,0.025086309628970793,0.02183663767347353
2022-04-08,2022Q2,2022,-0.019402167202706155,2022-04-11,2022-04-18,0.0,0.013904089256837003,-0.003099597632260446,0.0017960552660756107,0.018116585826360533,0.01988978985263968
2022-04-11,2022Q2,2022,-0.015041961753331834,2022-04-12,2022-04-19,0.0,0.013904089256837003,-0.014052508841059337,-0.005721396235878352,0.011829143508814173,0.015157272651434739
2022-04-12,2022Q2,2022,-0.011321809769016644,2022-04-13,2022-04-20,0.0,0.013904089256837003,0.013756567534204095,0.012636658286336729,0.0356858108148665,0.03178168398660639
2022-04-13,2022Q2,2022,-0.10317701323177075,2022-04-14,2022-04-21,0.0,0.013904089256837003,-0.005037287174845995,-0.0022310397443613093,0.02147238192988369,0.01991019167035307
2022-04-14,2022Q2,2022,-0.07948119399300346,2022-04-18,2022-04-22,0.0,0.013904089256837003,0.013897212059192435,0.015540795317459615,0.036202847994685775,0.03410684626594202
2022-04-18,2022Q2,2022,-0.08370160882052158,2022-04-19,2022-04-25,0.0,0.013904089256837003,-0.004053901179458997,-0.0017304793526284855,0.022738835787355735,0.020650745325548323
2022-04-19,2022Q2,2022,-0.16560820973939594,2022-04-20,2022-04-26,0.0,0.013904089256837003,-0.00046884746074668873,0.0007791622558433221,0.024097201282126682,0.02158537543479111
2022-04-20,2022Q2,2022,-0.15173424726281537,2022-04-21,2022-04-27,0.0,0.013904089256837003,0.016710787693951068,0.016905275038091253,0.0369813385757249,0.03440308933597398
2022-04-21,2022Q2,2022,-0.025661228457308005,2022-04-22,2022-04-28,0.0,0.013904089256837003,0.03430722164982624,0.03315126506775927,0.05071021286461923,0.04760378275605018
2022-04-22,2022Q2,2022,-0.034110967125700276,2022-04-25,2022-04-29,0.0,0.013904089256837003,0.012088807471909067,0.01518278575586934,0.03663810537875043,0.03620811355777481
2022-04-25,2022Q2,2022,-0.009382263012324477,2022-04-26,2022-05-02,0.0,0.013904089256837003,0.0032385215444040976,0.004596240421458172,0.028600287254749758,0.026708217758317897
2022-04-26,2022Q2,2022,0.053984285038584545,2022-04-27,2022-05-03,0.0,0.013904089256837003,0.014734922526478537,0.020810976410016793,0.03729519249987656,0.03949213636299677
2022-04-27,2022Q2,2022,0.07207258122095639,2022-04-28,2022-05-04,0.0,0.013904089256837003,0.015523017719483882,0.0165642540549956,0.03765732207635165,0.03596361188985134
2022-04-28,2022Q2,2022,-0.02875995012306043,2022-04-29,2022-05-05,0.0,0.013904089256837003,0.013387721001109208,0.018508230625599968,0.03365367806130171,0.035527357936353206
2022-04-29,2022Q2,2022,0.0072271651045219265,2022-05-02,2022-05-06,0.0,0.013904089256837003,0.030385370133501455,0.03254436653030511,0.04492851831845349,0.04533871476095591
2022-05-02,2022Q2,2022,-0.1262886032869126,2022-05-03,2022-05-09,0.0,0.013904089256837003,0.014607119674959198,0.01573794566075242,0.03190297577513224,0.0313000813751491
2022-05-03,2022Q2,2022,-0.11684992135286476,2022-05-04,2022-05-10,0.0,0.013904089256837003,0.01879716290391326,0.017844460995751543,0.033968341456378455,0.03235612381030673
2022-05-04,2022Q2,2022,-0.1629335745000734,2022-05-05,2022-05-11,0.0,0.013904089256837003,0.036880633655025134,0.030967523675547955,0.04653394495075315,0.04215530416897638
2022-05-05,2022Q2,2022,-0.13668877111612898,2022-05-06,2022-05-12,0.0,0.013904089256837003,0.030806810712634435,0.03577864255943086,0.04139331022346728,0.04552944472837825
2022-05-06,2022Q2,2022,-0.018187923651059257,2022-05-09,2022-05-13,0.0,0.013904089256837003,0.044997392355016284,0.036027660174573206,0.05207181768432919,0.0458442624944099
2022-05-09,2022Q2,2022,-0.024026188979451413,2022-05-10,2022-05-16,0.0,0.013904089256837003,0.027799964261505113,0.03851305842721357,0.03868242934664784,0.047338523738850086
2022-05-10,2022Q2,2022,0.04784688521734992,2022-05-11,2022-05-17,0.0,0.013904089256837003,0.0386618688685351,0.034636815450102235,0.04812915186534171,0.045299132440918
2022-05-11,2022Q2,2022,0.044330715134027754,2022-05-12,2022-05-18,0.0,0.013904089256837003,0.037496759912179704,0.03744206229841712,0.046441247175341774,0.04650009510750959
2022-05-12,2022Q2,2022,0.020014322156726383,2022-05-13,2022-05-19,0.0,0.013904089256837003,0.0412896969804322,0.0351147288571228,0.04917728558726723,0.04442922808401691
2022-05-13,2022Q2,2022,-0.046547518295414925,2022-05-16,2022-05-20,0.0,0.013904089256837003,0.017024831960591697,0.026005572579863745,0.03081493665966397,0.037315154380154286
2022-05-16,2022Q2,2022,-0.06506576997146785,2022-05-17,2022-05-23,0.0,0.013904089256837003,0.029620914851343903,0.028039591979375434,0.038681730794489916,0.037536211091404065
2022-05-17,2022Q2,2022,-0.08760240620029969,2022-05-18,2022-05-24,0.0,0.013904089256837003,0.026102033558386036,0.027897562199522365,0.03624883367616548,0.03790313561839615
2022-05-18,2022Q2,2022,0.0022436149374325254,2022-05-19,2022-05-25,0.0,0.013904089256837003,0.03805678017842738,0.03996393691960985,0.0434880878085623,0.045911950067301976
2022-05-19,2022Q2,2022,0.029944557915958736,2022-05-20,2022-05-26,0.0,0.013904089256837003,0.03912197995491617,0.03247690046147754,0.045068139936098046,0.040933821131156956
2022-05-20,2022Q2,2022,0.1558928739069576,2022-05-23,2022-05-27,0.0,0.013904089256837003,0.06228456504724242,0.050911006559398,0.06220341613760357,0.055069415580982606
2022-05-23,2022Q2,2022,0.13095097675079548,2022-05-24,2022-05-31,0.0,0.013904089256837003,0.030213650156188362,0.02501777288933585,0.0378569531568643,0.03466048921139084
2022-05-24,2022Q2,2022,0.14357048510232184,2022-05-25,2022-06-01,0.0,0.013904089256837003,0.03493136110929227,0.03378176249140341,0.04166916355990539,0.041614226103183785
2022-05-25,2022Q2,2022,0.22175105459637034,2022-05-26,2022-06-02,0.0,0.013904089256837003,0.031190493514948646,0.02757358541531462,0.03900383397525884,0.0369618297044397
2022-05-26,2022Q2,2022,0.029363162057922443,2022-05-27,2022-06-03,0.0,0.013904089256837003,0.044450285925189785,0.03272121399506654,0.0480895029369072,0.04041903309231044
2022-05-27,2022Q2,2022,-0.010221298673317447,2022-05-31,2022-06-06,0.0,0.013904089256837003,0.025287869130071673,0.02577808636651849,0.03451640839926041,0.03603995523777185
2022-05-31,2022Q2,2022,0.010788274634963901,2022-06-01,2022-06-07,0.0,0.013904089256837003,0.0403339285961685,0.03484645780865833,0.04532844121084048,0.042878774364205334
2022-06-01,2022Q2,2022,0.01946210932824055,2022-06-02,2022-06-08,0.0,0.013904089256837003,0.04300626079787119,0.036926651255673716,0.04660826103130346,0.04409386071873925
2022-06-02,2022Q2,2022,-0.05418721082908584,2022-06-03,2022-06-09,0.0,0.013904089256837003,0.030898506593574106,0.028750013919157706,0.03690343849097367,0.037576570693382945
2022-06-03,2022Q2,2022,-0.11311975626119408,2022-06-06,2022-06-10,0.0,0.013904089256837003,0.034701895787465936,0.03272546623931866,0.03913934842446245,0.04013962929846378
2022-06-06,2022Q2,2022,-0.15293415930036902,2022-06-07,2022-06-13,0.0,0.013904089256837003,0.04100984977442491,0.03493753599084489,0.04479551959347089,0.04264097007146772
2022-06-07,2022Q2,2022,-0.15761473363169398,2022-06-08,2022-06-14,0.0,0.013904089256837003,0.034342806892178224,0.028058555094953155,0.04046261940473298,0.037875590893695806
2022-06-08,2022Q2,2022,-0.10573022984886427,2022-06-09,2022-06-15,0.0,0.013904089256837003,0.03408537891069489,0.029889106208911866,0.04036495113661049,0.03935463486952024
2022-06-09,2022Q2,2022,-0.11357957420393394,2022-06-10,2022-06-16,0.0,0.013904089256837003,0.03832668016962136,0.034403244991489154,0.043834782019569425,0.042856340561470335
2022-06-10,2022Q2,2022,-0.007499992847442627,2022-06-13,2022-06-17,0.0,0.013904089256837003,0.030006037440951858,0.03233031244036348,0.037381414386986826,0.040715107696459196
2022-06-13,2022Q2,2022,0.053079908523408825,2022-06-14,2022-06-21,0.0,0.013904089256837003,0.017180722505205376,0.02654334487177095,0.02906570440352084,0.03709905923159976
2022-06-14,2022Q2,2022,0.016464821888944714,2022-06-15,2022-06-22,0.0,0.013904089256837003,0.030671976428517836,0.027079491188372627,0.04063123096178461,0.038381195728207834
2022-06-15,2022Q2,2022,0.02301391757211113,2022-06-16,2022-06-23,0.0,0.013904089256837003,0.030093761760487205,0.027917751278538704,0.0405018118840195,0.03917772763273032
2022-06-16,2022Q2,2022,0.09445294667267423,2022-06-17,2022-06-24,0.0,0.013904089256837003,0.018089171988070984,0.023568766805682075,0.03129765949120334,0.035348846097170344
2022-06-17,2022Q2,2022,0.02391496756349687,2022-06-21,2022-06-27,0.0,0.013904089256837003,0.02682522945208847,0.024555942875530964,0.0387147131058016,0.03673642402647509
2022-06-21,2022Q2,2022,-0.015037562167211638,2022-06-22,2022-06-28,0.0,0.013904089256837003,0.022252251967289666,0.02383671561071231,0.03431193525208987,0.035352102500148946
2022-06-22,2022Q2,2022,-0.059143975790445835,2022-06-23,2022-06-29,0.0,0.013904089256837003,0.020328495231692625,0.019467780331906655,0.03167671464325925,0.030833672205248634
2022-06-23,2022Q2,2022,-0.08127270322857483,2022-06-24,2022-06-30,0.0,0.013904089256837003,0.03051021334081206,0.027663024139205235,0.0399370054847788,0.03769766977051739
2022-06-24,2022Q2,2022,-0.1611021526641293,2022-06-27,2022-07-01,0.0,0.013904089256837003,0.017620194054131014,0.019522896622954013,0.029686144017048485,0.030963158220061297
2022-06-27,2022Q2,2022,-0.11455620792899512,2022-06-28,2022-07-05,0.0,0.013904089256837003,0.02904590689717572,0.02694445961911666,0.03794603911173466,0.03654524533536077
2022-06-28,2022Q2,2022,-0.043252814572461995,2022-06-29,2022-07-06,0.0,0.013904089256837003,0.04049911543489977,0.03901995874967264,0.04695663466716045,0.04638890662803394
2022-06-29,2022Q2,2022,0.032354647394428504,2022-06-30,2022-07-07,0.0,0.013904089256837003,0.02576072471158438,0.024807523752455332,0.03617800190875822,0.03547646017041084
2022-06-30,2022Q2,2022,0.06302437204653177,2022-07-01,2022-07-08,0.0,0.013904089256837003,0.0274987489704675,0.025509412212616496,0.03756408696358615,0.03603407370843418
2022-07-01,2022Q3,2022,0.06892417801516659,2022-07-05,2022-07-11,0.0,0.00890424190967503,0.008637481837450913,0.009862197468345973,0.012740936190920486,0.01341661382612523
2022-07-05,2022Q3,2022,0.004796772069808775,2022-07-06,2022-07-12,0.0,0.00890424190967503,0.013596798676429187,0.01008353893596143,0.01676806665674431,0.014519688695161691
2022-07-06,2022Q3,2022,-0.018892388999154797,2022-07-07,2022-07-13,0.0,0.00890424190967503,0.0070393254618939215,0.006010736277561483,0.011881293001277812,0.011149970932378751
2022-07-07,2022Q3,2022,-0.003758947727028783,2022-07-08,2022-07-14,0.0,0.00890424190967503,0.0007911612778591596,0.0036340442576312283,0.007671507711065359,0.00932732921281619
2022-07-08,2022Q3,2022,0.015200313067580185,2022-07-11,2022-07-15,0.0,0.00890424190967503,0.009395537491468446,0.006727095569762219,0.012878373998838774,0.011333743528191007
2022-07-11,2022Q3,2022,0.05455856708494333,2022-07-12,2022-07-18,0.0,0.00890424190967503,0.003698870767530101,0.006497052850451449,0.008236228288761405,0.010044413757040842
2022-07-12,2022Q3,2022,0.16463333804832359,2022-07-13,2022-07-19,0.0,0.00890424190967503,0.0103932836126482,0.008790643321465424,0.0122408349816058,0.011436906933993407
2022-07-13,2022Q3,2022,0.1786470373540121,2022-07-14,2022-07-20,0.0,0.00890424190967503,0.018203198280053776,0.013083993584048974,0.01853138595746598,0.015634657135933344
2022-07-14,2022Q3,2022,0.1526916648416179,2022-07-15,2022-07-21,0.0,0.00890424190967503,0.01390061503721562,0.010973842566998421,0.01543391114328765,0.01384579738072354
2022-07-15,2022Q3,2022,0.06238499543053,2022-07-18,2022-07-22,0.0,0.00890424190967503,0.001442580595475809,0.003234081777636435,0.007856032326952433,0.009003877233994312
2022-07-18,2022Q3,2022,0.03263375620646114,2022-07-19,2022-07-25,0.0,0.00890424190967503,0.018142524211324056,0.015423142139433703,0.017577010832592867,0.016320124781256776
2022-07-19,2022Q3,2022,-0.024429075659060606,2022-07-20,2022-07-26,0.0,0.00890424190967503,0.008686928581673593,0.0102708272281238,0.01195597258139181,0.013246758667013294
2022-07-20,2022Q3,2022,-0.005311675266354232,2022-07-21,2022-07-27,0.0,0.00890424190967503,0.012566585671194714,0.011167570863765706,0.014361217452327333,0.013970839236621613
2022-07-21,2022Q3,2022,0.005085765665698627,2022-07-22,2022-07-28,0.0,0.00890424190967503,0.006151143028072667,0.005068258493100506,0.009643532602452912,0.00943125621330503
2022-07-22,2022Q3,2022,0.06721905326959732,2022-07-25,2022-07-29,0.0,0.00890424190967503,0.010814414414829358,0.011037223377124724,0.011464371696885236,0.01217794436612725
2022-07-25,2022Q3,2022,0.09189413531796675,2022-07-26,2022-08-01,0.0,0.00890424190967503,0.0038188393012774657,0.0035823017205878042,0.008054278404980224,0.008289165448302872
2022-07-26,2022Q3,2022,0.08771720980152353,2022-07-27,2022-08-02,0.0,0.00890424190967503,0.0033877933735752177,0.0046255599062169,0.007258667304536035,0.008374366166890874
2022-07-27,2022Q3,2022,0.05107089001925602,2022-07-28,2022-08-03,0.0,0.00890424190967503,0.0010873282069320776,0.006859570581281391,0.0060379049912308805,0.009924698075839539
2022-07-28,2022Q3,2022,0.07870658782145079,2022-07-29,2022-08-04,0.0,0.00890424190967503,0.00857090821667124,0.006606777868143583,0.010432237606972075,0.009668465492078072
2022-07-29,2022Q3,2022,0.04438461935479543,2022-08-01,2022-08-05,0.0,0.00890424190967503,0.00315511834991859,0.0020959686234205705,0.007827339528732283,0.007471327188233497
2022-08-01,2022Q3,2022,-0.018154755420582203,2022-08-02,2022-08-08,0.0,0.00890424190967503,0.00977053172455068,0.007103280460546174,0.011893538309728075,0.010663002071275806
2022-08-02,2022Q3,2022,-0.060382730523126815,2022-08-03,2022-08-09,0.0,0.00890424190967503,0.009202405152653302,0.00599457887479076,0.011655792011297194,0.01006371055004144
2022-08-03,2022Q3,2022,-0.03989605663860807,2022-08-04,2022-08-10,0.0,0.00890424190967503,0.005829510418656645,0.003413040152133207,0.009884839369161718,0.008686535097442915
2022-08-04,2022Q3,2022,-0.046145670130889105,2022-08-05,2022-08-11,0.0,0.00890424190967503,-0.00016794244057660376,-0.000269692016842165,0.005947791233018146,0.006095327922492223
2022-08-05,2022Q3,2022,0.06896347670559866,2022-08-08,2022-08-12,0.0,0.00890424190967503,0.0014528334111079165,0.0007335607064671845,0.007013405217407375,0.0067758621964115525
2022-08-08,2022Q3,2022,0.10317636771716376,2022-08-09,2022-08-15,0.0,0.00890424190967503,0.0016994686794983343,0.005229162638916161,0.007856805418600753,0.010120058729661197
2022-08-09,2022Q3,2022,0.06673069041214053,2022-08-10,2022-08-16,0.0,0.00890424190967503,0.00294586880778612,0.0037484097665126054,0.008040875996884288,0.008522663885474804
2022-08-10,2022Q3,2022,0.011251368365596592,2022-08-11,2022-08-17,0.0,0.00890424190967503,-0.0024666087587652766,0.0013113572223337026,0.0042432963420209364,0.0064218815950574165
2022-08-11,2022Q3,2022,0.033755554785334096,2022-08-12,2022-08-18,0.0,0.00890424190967503,0.008027627883987145,0.005378864954785996,0.010766918915274969,0.009104179396535088
2022-08-12,2022Q3,2022,-0.04555902214343921,2022-08-15,2022-08-19,0.0,0.00890424190967503,-0.0014345263277111397,-0.0003595224719293473,0.0055334293359225635,0.005941917663124734
2022-08-15,2022Q3,2022,-0.0996828579260165,2022-08-16,2022-08-22,0.0,0.00890424190967503,-0.0024311063711134062,-0.002690019121863889,0.004808393914141057,0.004392033215289231
2022-08-16,2022Q3,2022,-0.07245051607973219,2022-08-17,2022-08-23,0.0,0.00890424190967503,0.0012790320420382716,0.00014155859072439297,0.006987372705581455,0.006137448933178068
2022-08-17,2022Q3,2022,-0.058958550786113006,2022-08-18,2022-08-24,0.0,0.00890424190967503,-0.002219980681211556,-0.0011312267921285112,0.0051842690704563925,0.005624133780029724
2022-08-18,2022Q3,2022,-0.026784745563362633,2022-08-19,2022-08-25,0.0,0.00890424190967503,-0.0005997765958257045,-0.0013766728970201637,0.006281989507920775,0.00558876366663294
2022-08-19,2022Q3,2022,-0.07032587526201506,2022-08-22,2022-08-26,0.0,0.00890424190967503,-0.0001027729392065694,0.002865381906579067,0.00624992207226807,0.007884643416922563
2022-08-22,2022Q3,2022,-0.06992763886096187,2022-08-23,2022-08-29,0.0,0.00890424190967503,-0.002782069709706422,0.00042879593845944475,0.004924284116481787,0.00652752022022764
2022-08-23,2022Q3,2022,-0.09075939320478421,2022-08-24,2022-08-30,0.0,0.00890424190967503,-0.0020038623646961,-0.002392527217436711,0.006055812972249145,0.0053200375910734095
2022-08-24,2022Q3,2022,-0.10389456270884279,2022-08-25,2022-08-31,0.0,0.00890424190967503,-0.0006745073361699473,-0.0010490142006859202,0.007739858879081768,0.007013407161318683
2022-08-25,2022Q3,2022,-0.2195217561321786,2022-08-26,2022-09-01,0.0,0.00890424190967503,0.006675648275074394,0.004504698892366832,0.012650041279384489,0.01091846758854022
2022-08-26,2022Q3,2022,-0.14812734563989882,2022-08-29,2022-09-02,0.0,0.00890424190967503,0.013568455206324591,0.022463964111309034,0.013879770002828386,0.019270107505229214
2022-08-29,2022Q3,2022,-0.15632831325787155,2022-08-30,2022-09-06,0.0,0.00890424190967503,0.0010109028327946728,0.0014225303762214429,0.007631122387942318,0.007319390620874988
2022-08-30,2022Q3,2022,-0.10855434837120626,2022-08-31,2022-09-07,0.0,0.00890424190967503,0.012148908574446697,0.009567079456711416,0.013772833984707168,0.01181386672085587
2022-08-31,2022Q3,2022,-0.015412757288705614,2022-09-01,2022-09-08,0.0,0.00890424190967503,0.004231545499616355,0.004065654596614415,0.009521984740492227,0.008856652304742266
2022-09-01,2022Q3,2022,0.02035458827581227,2022-09-02,2022-09-09,0.0,0.00890424190967503,0.008432762373402498,0.013913985469142368,0.012372215996502197,0.015200115258860482
2022-09-02,2022Q3,2022,0.05636881296752594,2022-09-06,2022-09-12,0.0,0.00890424190967503,0.008292546879790553,0.007574848643572178,0.011600332143508345,0.010541368704413023
2022-09-06,2022Q3,2022,-0.03185137277634198,2022-09-07,2022-09-13,0.0,0.00890424190967503,0.0044431605613410394,0.004593384243290168,0.009848181592650421,0.009216130399874815
2022-09-07,2022Q3,2022,-0.024593163191614087,2022-09-08,2022-09-14,0.0,0.00890424190967503,0.005000266201626454,0.004568291028332434,0.01053087504366436,0.009533520182950566
2022-09-08,2022Q3,2022,-0.0867415217158457,2022-09-09,2022-09-15,0.0,0.00890424190967503,0.009142935908609297,0.007207208352244669,0.013879806724362445,0.012058960931558903
2022-09-09,2022Q3,2022,-0.08149491580567292,2022-09-12,2022-09-16,0.0,0.00890424190967503,0.00044439461335752176,0.0022877858374309116,0.007631225580021186,0.008127941314765522
2022-09-12,2022Q3,2022,-0.03043037783661451,2022-09-13,2022-09-19,0.0,0.00890424190967503,0.003694697035475927,0.004074621337097619,0.009412619059449229,0.009177746801398276
2022-09-13,2022Q3,2022,-0.005885021153668291,2022-09-14,2022-09-20,0.0,0.00890424190967503,8.002713849750154e-06,0.014498153113095647,0.005655264468447097,0.01419961247843348
2022-09-14,2022Q3,2022,0.018901216269954446,2022-09-15,2022-09-21,0.0,0.00890424190967503,0.008206006491270632,0.007658667543580258,0.010351186540993228,0.009692413535577291
2022-09-15,2022Q3,2022,-0.014204972623588774,2022-09-16,2022-09-22,0.0,0.00890424190967503,0.01102943182811665,0.010035572755646028,0.011956042737134258,0.011115641566052707
2022-09-16,2022Q3,2022,-0.038118681733626314,2022-09-19,2022-09-23,0.0,0.00890424190967503,0.013974230747277012,0.011387677697913514,0.014218463665003338,0.012481369901320264
2022-09-19,2022Q3,2022,-0.07468788906519852,2022-09-20,2022-09-26,0.0,0.00890424190967503,0.010786847687385245,0.009272421145172785,0.012241462215541668,0.011184729521040125
2022-09-20,2022Q3,2022,-0.06054644461662673,2022-09-21,2022-09-27,0.0,0.00890424190967503,0.012758062044475852,0.01179783544366127,0.012697942549651255,0.012110971785428411
2022-09-21,2022Q3,2022,-0.025554678009772958,2022-09-22,2022-09-28,0.0,0.00890424190967503,0.030096410218361368,0.02370106275078869,0.022618743557950988,0.01906921020420885
2022-09-22,2022Q3,2022,-0.016103044125327703,2022-09-23,2022-09-29,0.0,0.00890424190967503,0.020562017265287495,0.0217171854059927,0.015960492780676364,0.016976977443733197
2022-09-23,2022Q3,2022,-0.02818030834731089,2022-09-26,2022-09-30,0.0,0.00890424190967503,0.013594857352615834,0.012364369337692346,0.012615063329306606,0.012000974217423951
2022-09-26,2022Q3,2022,0.0003997852764945353,2022-09-27,2022-10-03,0.0,0.00890424190967503,0.01870875708770697,0.018052729920473895,0.015848994166301422,0.01574076663354352
2022-09-27,2022Q3,2022,0.06099919248913466,2022-09-28,2022-10-04,0.0,0.00890424190967503,0.02044841992412924,0.018720666393099432,0.01672486079467862,0.01602579894880822
2022-09-28,2022Q3,2022,0.06113429324903086,2022-09-29,2022-10-05,0.0,0.00890424190967503,0.01705450270714235,0.015878417677044947,0.015235720054848634,0.014843954143849588
2022-09-29,2022Q3,2022,0.08629107557452831,2022-09-30,2022-10-06,0.0,0.00890424190967503,0.02093122993433401,0.021045305343125494,0.01677022496457032,0.017304617921304447
2022-09-30,2022Q3,2022,-0.021948643862313655,2022-10-03,2022-10-07,0.0,0.00890424190967503,0.025076480881482392,0.02179003611232021,0.019980409048726933,0.01844974114266873
2022-10-03,2022Q4,2022,-0.09387372164024,2022-10-04,2022-10-10,0.0,0.007051038343298413,0.021783209464373548,0.02005199474710548,0.017775821020868013,0.017326637088567985
2022-10-04,2022Q4,2022,-0.10262565126071355,2022-10-05,2022-10-11,0.0,0.007051038343298413,0.0075717509772238855,0.011702778739743552,0.007676220187232458,0.010580414659154625
2022-10-05,2022Q4,2022,-0.13010591772214675,2022-10-06,2022-10-12,0.0,0.007051038343298413,0.027169120316091,0.022168682095591825,0.017450239764862045,0.015299962847795966
2022-10-06,2022Q4,2022,-0.04358257267543508,2022-10-07,2022-10-13,0.0,0.007051038343298413,0.02525588361720198,0.021905151255072874,0.0183315495348772,0.01720612545553151
2022-10-07,2022Q4,2022,-0.0672924720416227,2022-10-10,2022-10-14,0.0,0.007051038343298413,0.015470193655251199,0.023668956393996896,0.014089316045062219,0.019727220210758237
2022-10-10,2022Q4,2022,0.028284721734725515,2022-10-11,2022-10-17,0.0,0.007051038343298413,0.032853897290393536,0.02898769540697021,0.02833852566193558,0.026974596339871218
2022-10-11,2022Q4,2022,0.033508897033981855,2022-10-12,2022-10-18,0.0,0.007051038343298413,0.028278529339172048,0.02424121542161248,0.025982614450413284,0.024297235534540475
2022-10-12,2022Q4,2022,0.09844134094383583,2022-10-13,2022-10-19,0.0,0.007051038343298413,0.021976847159810742,0.020136101642034603,0.01957748803867509,0.019053992394582008
2022-10-13,2022Q4,2022,0.011362700680338289,2022-10-14,2022-10-20,0.0,0.007051038343298413,0.042263204496005416,0.032913014098467135,0.029017312385206974,0.0243215657766057
2022-10-14,2022Q4,2022,0.08230595442864086,2022-10-17,2022-10-21,0.0,0.007051038343298413,0.03639330369123903,0.03620748715428116,0.022937885426251595,0.02380258372690362
2022-10-17,2022Q4,2022,0.020657818962883878,2022-10-18,2022-10-24,0.0,0.007051038343298413,0.009479378962729428,0.013451416648918111,0.009197931785690252,0.011944592603981553
2022-10-18,2022Q4,2022,0.11633975950932696,2022-10-19,2022-10-25,0.0,0.007051038343298413,0.039455667501994716,0.0322856724523705,0.024894965221549492,0.021691614878753287
2022-10-19,2022Q4,2022,0.0646412942950152,2022-10-20,2022-10-26,0.0,0.007051038343298413,0.02343819376141461,0.01980427089242219,0.015902301077215582,0.014472540273032557
2022-10-20,2022Q4,2022,0.08910564611791938,2022-10-21,2022-10-27,0.0,0.007051038343298413,0.02972954932372739,0.024781774848184373,0.019844923025099825,0.017788271119125964
2022-10-21,2022Q4,2022,0.10601208988784272,2022-10-24,2022-10-28,0.0,0.007051038343298413,0.025019241594856478,0.021152787741993875,0.018360686730961754,0.01688574397601351
2022-10-24,2022Q4,2022,0.06325819135151001,2022-10-25,2022-10-31,0.0,0.007051038343298413,0.028741679708319038,0.02398479721960722,0.02051668189472767,0.018634119200070763
2022-10-25,2022Q4,2022,0.052373903457986204,2022-10-26,2022-11-01,0.0,0.007051038343298413,0.017414795550427742,0.017780098371002914,0.014352274942453332,0.015372884039437228
2022-10-26,2022Q4,2022,-0.030154090118793664,2022-10-27,2022-11-02,0.0,0.007051038343298413,0.028042150630419812,0.02404396211385541,0.0196263855488699,0.018274095603431007
2022-10-27,2022Q4,2022,0.024191043437885362,2022-10-28,2022-11-03,0.0,0.007051038343298413,0.03166004590739978,0.027401513500788812,0.02495256183566253,0.023570888281283054
2022-10-28,2022Q4,2022,0.02743506044044275,2022-10-31,2022-11-04,0.0,0.007051038343298413,0.020909707682143695,0.019254964460159084,0.01819123769963397,0.01811598493577579
2022-10-31,2022Q4,2022,0.03547894980231514,2022-11-01,2022-11-07,0.0,0.007051038343298413,0.023603534619087187,0.02108548966600594,0.018510774054701744,0.018035920912452874
2022-11-01,2022Q4,2022,0.05429601691907693,2022-11-02,2022-11-08,0.0,0.007051038343298413,0.02067637023062916,0.01851919803027843,0.018615530572697145,0.018266612173598918
2022-11-02,2022Q4,2022,0.056198711124867184,2022-11-03,2022-11-09,0.0,0.007051038343298413,0.041609135460469175,0.03448978742261079,0.031860525582553874,0.028976695417398387
2022-11-03,2022Q4,2022,0.12612612121169153,2022-11-04,2022-11-10,0.0,0.007051038343298413,0.03070688848381472,0.024169859142755653,0.026350207762215805,0.023481111435848398
2022-11-04,2022Q4,2022,0.14752600669515847,2022-11-07,2022-11-11,0.0,0.007051038343298413,0.013851249062918446,0.016476306530955782,0.015405370371991033,0.017759656879444446
2022-11-07,2022Q4,2022,0.10093915756167893,2022-11-08,2022-11-14,0.0,0.007051038343298413,0.01895005145286887,0.016838423109965597,0.015783031409634843,0.015366877097661491
2022-11-08,2022Q4,2022,0.1768112354446314,2022-11-09,2022-11-15,0.0,0.007051038343298413,0.0248419086675234,0.021746139510715027,0.019389442548099857,0.018516037601423768
2022-11-09,2022Q4,2022,0.07499997583595519,2022-11-10,2022-11-16,0.0,0.007051038343298413,0.011409618425744164,0.015558807602726023,0.010602361087600265,0.013733903840892906
2022-11-10,2022Q4,2022,-0.008224211622904765,2022-11-11,2022-11-17,0.0,0.007051038343298413,-0.019646809239564557,0.008255968226344793,-0.005032198335647263,0.0119038344667565
2022-11-11,2022Q4,2022,-0.04988284589392589,2022-11-14,2022-11-18,0.0,0.007051038343298413,0.01730098609632158,0.01393347560529369,0.010336991416138622,0.00918072838689432
2022-11-14,2022Q4,2022,-0.08402103353155843,2022-11-15,2022-11-21,0.0,0.007051038343298413,0.014640404511942295,0.01120188384113795,0.008689203858720814,0.007429717198531455
2022-11-15,2022Q4,2022,-0.007672351459124038,2022-11-16,2022-11-22,0.0,0.007051038343298413,0.012661202318805352,0.010488039404223146,0.009129832286450507,0.008593346681605274
2022-11-16,2022Q4,2022,0.05116124335583638,2022-11-17,2022-11-23,0.0,0.007051038343298413,0.006258103547987658,0.007766998222396897,0.006528780308414221,0.008041255371843643
2022-11-17,2022Q4,2022,0.019040514972197276,2022-11-18,2022-11-25,0.0,0.007051038343298413,0.01530807359120634,0.011074676562985577,0.01366149235304246,0.011746729372247485
2022-11-18,2022Q4,2022,0.04489333448594435,2022-11-21,2022-11-28,0.0,0.007051038343298413,0.020241328155059607,0.015278763039849621,0.01571503079055343,0.013371984934670083
2022-11-21,2022Q4,2022,0.02028965741826161,2022-11-22,2022-11-29,0.0,0.007051038343298413,0.002401938663100495,0.0009068688269244993,0.0036413748793359835,0.002826409936727406
2022-11-22,2022Q4,2022,0.05124865106443277,2022-11-23,2022-11-30,0.0,0.007051038343298413,0.007148766973413949,0.005550683647525796,0.004466638231392272,0.003624962594080762
2022-11-23,2022Q4,2022,0.05006737318902421,2022-11-25,2022-12-01,0.0,0.007051038343298413,-0.0021428500500879823,-0.001978351231154414,-0.004399829471844195,-0.004363152601284591
2022-11-25,2022Q4,2022,0.05303883881427329,2022-11-28,2022-12-02,0.0,0.007051038343298413,-0.0032937667999275427,-0.002954131999777448,-0.006134010430040809,-0.006035126853430208
2022-11-28,2022Q4,2022,0.04947248137060112,2022-11-29,2022-12-05,0.0,0.007051038343298413,0.005277088504921612,0.00388708363774954,0.001065650530406085,0.000255768289451481
2022-11-29,2022Q4,2022,0.018474926663919256,2022-11-30,2022-12-06,0.0,0.007051038343298413,0.00010980084235610171,-0.0005146665526665848,4.35693887261869e-05,-0.0004821714958994803
2022-11-30,2022Q4,2022,-0.051708905328458066,2022-12-01,2022-12-07,0.0,0.007051038343298413,-0.0010383819723298604,0.002986585444615047,-0.0015300763582300515,0.0007105384124943505
2022-12-01,2022Q4,2022,0.030614095488105564,2022-12-02,2022-12-08,0.0,0.007051038343298413,0.0005247400518129143,-0.0014879704910440552,-0.005417293132229653,-0.006741638068094159
2022-12-02,2022Q4,2022,0.019305628616517634,2022-12-05,2022-12-09,0.0,0.007051038343298413,-0.00427330312382313,-0.005175095972056267,-0.008248520666125204,-0.009074918689926607
2022-12-05,2022Q4,2022,0.06079849479852317,2022-12-06,2022-12-12,0.0,0.007051038343298413,-0.0022273991887664414,-0.003216546124028671,-0.004617314988502782,-0.0054803104767819555
2022-12-06,2022Q4,2022,0.1458280589094023,2022-12-07,2022-12-13,0.0,0.007051038343298413,0.003182476942494796,0.002603726088955545,0.0009351286037036109,0.00041083627535353114
2022-12-07,2022Q4,2022,0.08609346816633745,2022-12-08,2022-12-14,0.0,0.007051038343298413,-0.004502034785062661,-0.0060813652799719805,-0.0032700973617690015,-0.0047089742821481905
2022-12-08,2022Q4,2022,-0.012121222899476702,2022-12-09,2022-12-15,0.0,0.007051038343298413,-0.001240289430115395,-7.2540465675122e-05,-0.00357669967186537,-0.003293280235698237
2022-12-09,2022Q4,2022,-0.02735232098805518,2022-12-12,2022-12-16,0.0,0.007051038343298413,0.0005719755209830585,-0.00021256392015035503,-0.0033897093859932437,-0.004218365106666661
2022-12-12,2022Q4,2022,-0.12287520427239507,2022-12-13,2022-12-19,0.0,0.007051038343298413,-0.001450115666007678,-0.0016760231322517855,-0.0036971668040864086,-0.004224047475623213
2022-12-13,2022Q4,2022,-0.10574306326115801,2022-12-14,2022-12-20,0.0,0.007051038343298413,0.010799983993585838,0.008423769142946447,0.003921960848753647,0.0025389244784597125
2022-12-14,2022Q4,2022,-0.03761813024657146,2022-12-15,2022-12-21,0.0,0.007051038343298413,0.006852244440464431,0.004874076810119367,0.002597101500588371,0.0013938260128806374
2022-12-15,2022Q4,2022,-0.09042934910032618,2022-12-16,2022-12-22,0.0,0.007051038343298413,-0.001597330907916271,0.00023535562906587103,-9.079597645542722e-05,0.0007382255537400611
2022-12-16,2022Q4,2022,-0.08242820021543418,2022-12-19,2022-12-23,0.0,0.007051038343298413,0.0020668607465420714,0.0014894275013501296,0.004551695855773887,0.003935057419481708
2022-12-19,2022Q4,2022,-0.12095362212220573,2022-12-20,2022-12-27,0.0,0.007051038343298413,-0.002686603792556915,-0.0020251645207613788,0.001959541483314991,0.0018953073584360124
2022-12-20,2022Q4,2022,-0.12895618886325744,2022-12-21,2022-12-28,0.0,0.007051038343298413,-0.004808453123247437,-0.00455081838265415,-0.0004803963579889728,-0.0009696996174287644
2022-12-21,2022Q4,2022,-0.09264323276989472,2022-12-22,2022-12-29,0.0,0.007051038343298413,-0.007027298083113798,-0.005990661348377197,-0.0032464937774644154,-0.0033618192240477502
2022-12-22,2022Q4,2022,-0.038299537703930464,2022-12-23,2022-12-30,0.0,0.007051038343298413,0.008310732956692194,0.011879009854127542,0.004913781401865391,0.006683821303665318
2022-12-23,2022Q4,2022,-0.0503516492067847,2022-12-27,2023-01-03,0.0,0.007051038343298413,-0.005873609104586506,-0.005523482613878917,-0.0014073157699122062,-0.0020455100981456057
2022-12-27,2022Q4,2022,0.05902201099762405,2022-12-28,2023-01-04,0.0,0.007051038343298413,0.004010572954052735,0.009271160662953366,0.0046045891041827346,0.007139195734381761
2022-12-28,2022Q4,2022,-0.009512573243933509,2022-12-29,2023-01-05,0.0,0.007051038343298413,-0.009531616417152475,-0.008645184810630768,-0.002470222418782588,-0.0030737386946845203
2022-12-29,2022Q4,2022,0.03662624428753469,2022-12-30,2023-01-06,0.0,0.007051038343298413,-0.01150110252241424,-0.007664894138231065,-0.006323785222126899,-0.005162959300886048
2022-12-30,2022Q4,2022,0.05231973847066107,2023-01-03,2023-01-09,0.0,0.007051038343298413,-0.008641445174401095,-0.007618316657896551,-0.007911827989590154,-0.008346164216293944
2023-01-03,2023Q1,2023,0.0921260363687264,2023-01-04,2023-01-10,0.0,0.007723099336044795,0.009404783162538573,0.006907887376651522,0.00016273823874654592,-0.002111412767858466
2023-01-04,2023Q1,2023,0.10420255723707572,2023-01-05,2023-01-11,0.0,0.007723099336044795,-0.003987016876052551,-0.0033087142962544584,-0.0069034452184848875,-0.007323776205165432
2023-01-05,2023Q1,2023,0.14073509089918357,2023-01-06,2023-01-12,0.0,0.007723099336044795,-0.006756740409122988,-0.0037927357529131704,-0.008625268489810078,-0.007467455484727204
2023-01-06,2023Q1,2023,0.10566603828823817,2023-01-09,2023-01-13,0.0,0.007723099336044795,0.004837742332334511,0.0033225825390804974,0.0004083352362175569,-0.0011786843066013495
2023-01-09,2023Q1,2023,0.1415489584796512,2023-01-10,2023-01-17,0.0,0.007723099336044795,0.0018189676442026698,0.00300930749630413,-0.003606904701306056,-0.0032277311500486672
2023-01-10,2023Q1,2023,0.09703286877032125,2023-01-11,2023-01-18,0.0,0.007723099336044795,-0.003478562510404567,-0.0033703818654182817,-0.008096450383415285,-0.008337171887120999
2023-01-11,2023Q1,2023,0.04130428524362584,2023-01-12,2023-01-19,0.0,0.007723099336044795,0.0007453409696371281,0.00034655700813288233,-0.0030513998201315336,-0.0034353954342566367
2023-01-12,2023Q1,2023,0.09589635309501832,2023-01-13,2023-01-20,0.0,0.007723099336044795,0.017257950896046335,0.012611345345959578,0.011623326595053253,0.008899326135923435
2023-01-13,2023Q1,2023,0.1357477130496212,2023-01-17,2023-01-23,0.0,0.007723099336044795,0.008088847514490714,0.005492330454601246,0.007020616554225927,0.005639198115672558
2023-01-17,2023Q1,2023,0.09045110031788095,2023-01-18,2023-01-24,0.0,0.007723099336044795,0.005322085349695683,0.005412771458980498,0.006524709238429532,0.0070198130224848766
2023-01-18,2023Q1,2023,0.13424517200957964,2023-01-19,2023-01-25,0.0,0.007723099336044795,0.012164983953374325,0.010646376038418663,0.01163532014440766,0.011306103047619828
2023-01-19,2023Q1,2023,0.16407033206658883,2023-01-20,2023-01-26,0.0,0.007723099336044795,0.006833895719842336,0.00796602957562312,0.011820058957918416,0.013079530986645299
2023-01-20,2023Q1,2023,0.1273804639089371,2023-01-23,2023-01-27,0.0,0.007723099336044795,0.006949670777775886,0.008519948117159894,0.014978259358012294,0.01649698821479826
2023-01-23,2023Q1,2023,0.017793647304110927,2023-01-24,2023-01-30,0.0,0.007723099336044795,0.00872258146722344,0.010671167649396157,0.012484975701949154,0.014570321026038838
2023-01-24,2023Q1,2023,0.03299320815271778,2023-01-25,2023-01-31,0.0,0.007723099336044795,0.009614187333597686,0.00648341260692584,0.009885647210892056,0.008741783782744926
2023-01-25,2023Q1,2023,0.06304251390115478,2023-01-26,2023-02-01,0.0,0.007723099336044795,0.012203261373451622,0.008189261566097584,0.013858719445094857,0.01215168897363472
2023-01-26,2023Q1,2023,0.11545574724758945,2023-01-27,2023-02-02,0.0,0.007723099336044795,0.015590665704824563,0.01251668412535802,0.020817115839700237,0.019758768726454972
2023-01-27,2023Q1,2023,0.057644088949941,2023-01-30,2023-02-03,0.0,0.007723099336044795,0.015719481310588694,0.010584372459985805,0.019957378261633504,0.017597045573713756
2023-01-30,2023Q1,2023,0.10010436191825733,2023-01-31,2023-02-06,0.0,0.007723099336044795,0.010528753129234562,0.013089200152389072,0.014987576293546155,0.01758551889127718
2023-01-31,2023Q1,2023,0.12604745075798496,2023-02-01,2023-02-07,0.0,0.007723099336044795,0.0060718399744156566,0.0036058655128823882,0.0156362471736012,0.014500679446747317
2023-02-01,2023Q1,2023,0.05738094874790711,2023-02-02,2023-02-08,0.0,0.007723099336044795,0.0038417208066634863,0.005109027722680315,0.011385013923110742,0.01276402889300314
2023-02-02,2023Q1,2023,0.0636666615804038,2023-02-03,2023-02-09,0.0,0.007723099336044795,0.007308970392729944,0.003960760222298554,0.00874472551407719,0.007236411642178012
2023-02-03,2023Q1,2023,0.022060926616122245,2023-02-06,2023-02-10,0.0,0.007723099336044795,0.0029150713361868414,0.000805206117729316,0.0037025259554828854,0.0028927390814897126
2023-02-06,2023Q1,2023,0.01898794022582373,2023-02-07,2023-02-13,0.0,0.007723099336044795,-3.720467236190822e-05,-0.002720640910226832,0.0061714867941712135,0.004731200173823229
2023-02-07,2023Q1,2023,0.026086637951783453,2023-02-08,2023-02-14,0.0,0.007723099336044795,-0.0034252131091423183,-0.0030238981083566653,0.005450709237598723,0.005980552483500982
2023-02-08,2023Q1,2023,0.006989252074851127,2023-02-09,2023-02-15,0.0,0.007723099336044795,0.0033020320662592324,0.0002400409525283127,0.0067674483631855725,0.005156950335298509
2023-02-09,2023Q1,2023,0.01438452129903367,2023-02-10,2023-02-16,0.0,0.007723099336044795,0.0021775195827169478,-0.0007446566916459061,0.0057841137222805865,0.00413094103709582
2023-02-10,2023Q1,2023,-0.006964417206165585,2023-02-13,2023-02-17,0.0,0.007723099336044795,0.0013579900057056988,0.0007393698896346846,0.0051431598087689585,0.004948873000708792
2023-02-13,2023Q1,2023,-0.04277497757906201,2023-02-14,2023-02-21,0.0,0.007723099336044795,-0.0016738363536073723,-0.004759693965970283,0.006922539248793647,0.00476978731507881
2023-02-14,2023Q1,2023,-0.07960442118494349,2023-02-15,2023-02-22,0.0,0.007723099336044795,-0.005121154234210544,-0.007186210950806835,0.00020254720712489273,-0.0012562351872855183
2023-02-15,2023Q1,2023,0.06917273652183664,2023-02-16,2023-02-23,0.0,0.007723099336044795,-0.011505687289475328,-0.012917144529159541,-0.0068250668673981284,-0.007967446603630048
2023-02-16,2023Q1,2023,0.07651050527499037,2023-02-17,2023-02-24,0.0,0.007723099336044795,-0.017465137054514086,-0.015605562272917008,-0.009258199563400139,-0.008513027029307771
2023-02-17,2023Q1,2023,0.11909521193731432,2023-02-21,2023-02-27,0.0,0.007723099336044795,-0.01371593574354771,-0.01337111140789192,-0.0025869731925071224,-0.002966319457550763
2023-02-21,2023Q1,2023,0.12116669638791078,2023-02-22,2023-02-28,0.0,0.007723099336044795,-0.012433326482487484,-0.011774446589547773,0.0008646707283147077,0.0005591139628154107
2023-02-22,2023Q1,2023,-0.031655314118097966,2023-02-23,2023-03-01,0.0,0.007723099336044795,-0.01672295169888533,-0.016965450985846304,-0.002086098266858436,-0.0033035919618212596
2023-02-23,2023Q1,2023,0.003832025536872452,2023-02-24,2023-03-02,0.0,0.007723099336044795,-0.06432319235349322,-0.029096198456592153,-0.03825016119052421,-0.016736162085932916
2023-02-24,2023Q1,2023,0.009294436529167172,2023-02-27,2023-03-03,0.0,0.007723099336044795,-0.02643983512709995,-0.025211986611796907,-0.023896723232178646,-0.023892287135666112
2023-02-27,2023Q1,2023,0.0077871434156933095,2023-02-28,2023-03-06,0.0,0.007723099336044795,-0.025383671481917447,-0.024010519954149847,-0.018580616723217272,-0.018521172878079566
2023-02-28,2023Q1,2023,0.004139387449280552,2023-03-01,2023-03-07,0.0,0.007723099336044795,-0.02146072360370859,-0.021211803810607544,-0.012726851931939393,-0.013302811803736683
2023-03-01,2023Q1,2023,0.07528454378466698,2023-03-02,2023-03-08,0.0,0.007723099336044795,-0.017956701230773288,-0.017896239819779444,-0.0058889528651394265,-0.006568936131366337
2023-03-02,2023Q1,2023,0.004974319496931168,2023-03-03,2023-03-09,0.0,0.007723099336044795,-0.022130793492586065,-0.022880648472003974,-0.00870231418740613,-0.010087638652214587
2023-03-03,2023Q1,2023,-0.038759389147089984,2023-03-06,2023-03-10,0.0,0.007723099336044795,-0.024015822469523537,-0.023735522724739593,-0.011895655478277522,-0.012560926800428963
2023-03-06,2023Q1,2023,-0.02686443931992677,2023-03-07,2023-03-13,0.0,0.007723099336044795,-0.019429865287631458,-0.019552022197765265,-0.009519084952828572,-0.010341958267708704
2023-03-07,2023Q1,2023,0.02452421448451325,2023-03-08,2023-03-14,0.0,0.007723099336044795,-0.01741608840170522,-0.01841016191924906,-0.006343549406129072,-0.007787626612806825
2023-03-08,2023Q1,2023,0.002192405604188874,2023-03-09,2023-03-15,0.0,0.007723099336044795,-0.02677450438912956,-0.024794965693584147,-0.011394073833373828,-0.01103149230695791
2023-03-09,2023Q1,2023,0.09107607900166337,2023-03-10,2023-03-16,0.0,0.007723099336044795,-0.014000622533070899,-0.014352237193132993,-0.004007736055648218,-0.0048500771704620416
2023-03-10,2023Q1,2023,0.13066980780059634,2023-03-13,2023-03-17,0.0,0.007723099336044795,-0.017155950110797444,-0.01772626056075115,-0.003790214205367886,-0.004992604851448635
2023-03-13,2023Q1,2023,0.10231525787156781,2023-03-14,2023-03-20,0.0,0.007723099336044795,-0.01800519283909114,-0.019991022033900952,-0.003535871279665457,-0.005798602963191511
2023-03-14,2023Q1,2023,0.10260509903707837,2023-03-15,2023-03-21,0.0,0.007723099336044795,-0.030056916479432302,-0.026098209810274015,-0.012120845080100673,-0.01066380556426251
2023-03-15,2023Q1,2023,0.10159403759668528,2023-03-16,2023-03-22,0.0,0.007723099336044795,-0.02162986770622588,-0.022820634124360185,-0.010739215073608572,-0.01238268745110889
2023-03-16,2023Q1,2023,0.046532199886786474,2023-03-17,2023-03-23,0.0,0.007723099336044795,-0.02073571697430459,-0.020794740522376964,-0.011115107319902047,-0.011849625455153872
2023-03-17,2023Q1,2023,0.04544210688643324,2023-03-20,2023-03-24,0.0,0.007723099336044795,-0.02055016877171853,-0.020607637636528398,-0.010434422284932581,-0.01104232411728568
2023-03-20,2023Q1,2023,0.013407174486698814,2023-03-21,2023-03-27,0.0,0.007723099336044795,-0.019924033718053548,-0.021157439261713793,-0.007663587360943306,-0.008975101161269837
2023-03-21,2023Q1,2023,-0.0005676211951370913,2023-03-22,2023-03-28,0.0,0.007723099336044795,-0.017251983596671433,-0.01877416084445197,-0.00397367818578662,-0.005432797326202922
2023-03-22,2023Q1,2023,-0.004831293376530432,2023-03-23,2023-03-29,0.0,0.007723099336044795,-0.011688159694515041,-0.015165093832243955,0.0006835634955411549,-0.0019377358210082418
2023-03-23,2023Q1,2023,0.01302205915610255,2023-03-24,2023-03-30,0.0,0.007723099336044795,-0.020666562861301134,-0.019109043846323722,-0.002241864679135513,-0.0016582650841781357
2023-03-24,2023Q1,2023,0.03502628974173061,2023-03-27,2023-03-31,0.0,0.007723099336044795,-0.01811851595183238,-0.017628464939078634,-0.0009953497466073432,-0.0009994487547750515
2023-03-27,2023Q1,2023,0.057397800134070476,2023-03-28,2023-04-03,0.0,0.007723099336044795,-0.020287398831711427,-0.019201244234674845,0.00032128131462127226,0.0005870703039264086
2023-03-28,2023Q1,2023,0.023410935104926534,2023-03-29,2023-04-04,0.0,0.007723099336044795,-0.021294422059683904,-0.020488673171545745,0.0009356925111995464,0.000927641448562464
2023-03-29,2023Q1,2023,-0.012780475654038503,2023-03-30,2023-04-05,0.0,0.007723099336044795,-0.026679544032080914,-0.023893261735370017,-0.001923011826556768,-0.0007883206372996873
2023-03-30,2023Q1,2023,-0.003795089750805114,2023-03-31,2023-04-06,0.0,0.007723099336044795,-0.02843819666217006,-0.025547638058988905,-0.004985371454462716,-0.0037985055892152692
2023-03-31,2023Q1,2023,0.0025446105944968433,2023-04-03,2023-04-10,0.0,0.007723099336044795,-0.025873183260659835,-0.024745921441151102,-0.004245162733232255,-0.004122839669338898
2023-04-03,2023Q2,2023,-0.02849885535891583,2023-04-04,2023-04-11,0.0,0.011130182181917128,-0.009035548214432356,-0.007938114357750246,0.006227436941074917,0.006558784752430923
2023-04-04,2023Q2,2023,-0.01244920153193596,2023-04-05,2023-04-12,0.0,0.011130182181917128,-0.0068229465432300875,-0.0052661165392486955,0.008595378642381302,0.00928041921139634
2023-04-05,2023Q2,2023,-0.00455162095936823,2023-04-06,2023-04-13,0.0,0.011130182181917128,-0.01082568885522379,-0.00847374854317226,0.007016931748085855,0.008046211914604164
2023-04-06,2023Q2,2023,-0.0024233133567667098,2023-04-10,2023-04-14,0.0,0.011130182181917128,-0.011507769329234295,-0.010119964705225436,0.0075282699273516865,0.007728587492040596
2023-04-10,2023Q2,2023,-0.026042421650208758,2023-04-11,2023-04-17,0.0,0.011130182181917128,-0.010823851678767487,-0.009941314665640393,0.007734095583459153,0.00756575970637734
2023-04-11,2023Q2,2023,0.010851259355293852,2023-04-12,2023-04-18,0.0,0.011130182181917128,-0.012791153288840321,-0.010625399262590048,0.006175021353123695,0.006872512453502821
2023-04-12,2023Q2,2023,0.04477446461498613,2023-04-13,2023-04-19,0.0,0.011130182181917128,-0.00888357688800344,-0.0074144149838099305,0.009874841126852834,0.010040568810419384
2023-04-13,2023Q2,2023,0.02263810700395763,2023-04-14,2023-04-20,0.0,0.011130182181917128,-0.016878146921976922,-0.014486324444065765,0.005373881005840233,0.005884402453174075
2023-04-14,2023Q2,2023,0.020854467758556927,2023-04-17,2023-04-21,0.0,0.011130182181917128,-0.017460664309453956,-0.015047226964432656,0.00530426870921998,0.005803484839186666
2023-04-17,2023Q2,2023,-0.01783318607777551,2023-04-18,2023-04-24,0.0,0.011130182181917128,-0.020117990699571556,-0.017206833690980212,0.002923814962344234,0.0037546482155089832
2023-04-18,2023Q2,2023,-0.04093420696374306,2023-04-19,2023-04-25,0.0,0.011130182181917128,-0.01783631836071268,-0.015109417864205825,0.004022146787054806,0.004848572268557524
2023-04-19,2023Q2,2023,-0.025839332326640707,2023-04-20,2023-04-26,0.0,0.011130182181917128,-0.01703556485605126,-0.015158547035993886,0.004160927769810196,0.004500549777766382
2023-04-20,2023Q2,2023,0.01016622778492926,2023-04-21,2023-04-27,0.0,0.011130182181917128,-0.011307317586384003,-0.009133727982422013,0.008718527236448621,0.009421027149991662
2023-04-21,2023Q2,2023,0.027246142514025573,2023-04-24,2023-04-28,0.0,0.011130182181917128,-0.01867186528503352,-0.015764954637970254,0.00512771508193727,0.006086902037334748
2023-04-24,2023Q2,2023,0.06765642928940374,2023-04-25,2023-05-01,0.0,0.011130182181917128,-0.014673260396313585,-0.01281553801059853,0.00808761066326608,0.008400674931657198
2023-04-25,2023Q2,2023,0.04473736166124809,2023-04-26,2023-05-02,0.0,0.011130182181917128,-0.010326387729960173,-0.00825905603050451,0.011236390432184804,0.011757975014012809
2023-04-26,2023Q2,2023,0.01604353185219143,2023-04-27,2023-05-03,0.0,0.011130182181917128,-0.018968723458896893,-0.01584135774154557,0.005515645260956519,0.006513319750964032
2023-04-27,2023Q2,2023,0.012378324645234917,2023-04-28,2023-05-04,0.0,0.011130182181917128,-0.013563032138507182,-0.012473117251485411,0.008319911045563594,0.00810936621281586
2023-04-28,2023Q2,2023,0.030172419108618787,2023-05-01,2023-05-05,0.0,0.011130182181917128,-0.018351587276068677,-0.01600231369389912,0.004555843989905646,0.005208146765129802
2023-05-01,2023Q2,2023,0.016422550872605246,2023-05-02,2023-05-08,0.0,0.011130182181917128,-0.014112961120954235,-0.012202364941888519,0.0065078534002748975,0.0070992971551998825
2023-05-02,2023Q2,2023,0.026257147590279972,2023-05-03,2023-05-09,0.0,0.011130182181917128,-0.012329825657780588,-0.01003344037428924,0.007827995355366886,0.008893363603830884
2023-05-03,2023Q2,2023,0.044627724176588224,2023-05-04,2023-05-10,0.0,0.011130182181917128,-0.009555349769007267,-0.00877241105340908,0.011144760779160079,0.01110130994409749
2023-05-04,2023Q2,2023,0.027025044763674844,2023-05-05,2023-05-11,0.0,0.011130182181917128,-0.012550763787513379,-0.01092537289184612,0.010027243622727314,0.01045700390480145
2023-05-05,2023Q2,2023,-0.006381011522065827,2023-05-08,2023-05-12,0.0,0.011130182181917128,-0.013332602547351592,-0.011132529689697464,0.00930473650193436,0.010145936231085775
2023-05-08,2023Q2,2023,0.0018685403242302279,2023-05-09,2023-05-15,0.0,0.011130182181917128,-0.0120595829111781,-0.011299878137825965,0.00885707515776407,0.008851490901197395
2023-05-09,2023Q2,2023,0.0071711839035948355,2023-05-10,2023-05-16,0.0,0.011130182181917128,-0.014432051362022443,-0.011768543554738706,0.007373968530090504,0.00870345054028525
2023-05-10,2023Q2,2023,0.04436598809781711,2023-05-11,2023-05-17,0.0,0.011130182181917128,-0.01202468164166086,-0.010775239365713719,0.0101504669652546,0.010457942179844325
2023-05-11,2023Q2,2023,0.11037892116630865,2023-05-12,2023-05-18,0.0,0.011130182181917128,-0.010562312941611906,-0.00943254595556732,0.011306148871724632,0.011577374125204695
2023-05-12,2023Q2,2023,0.09667463781584362,2023-05-15,2023-05-19,0.0,0.011130182181917128,-0.011130651730669265,-0.010163342665297826,0.011390543107260016,0.011456741442239361
2023-05-15,2023Q2,2023,0.08096116722516178,2023-05-16,2023-05-22,0.0,0.011130182181917128,-0.013590241794958274,-0.012412266949827788,0.009653566971793018,0.009784053742208868
2023-05-16,2023Q2,2023,0.03731747245872108,2023-05-17,2023-05-23,0.0,0.011130182181917128,-0.0094031424718141,-0.00970409441021379,0.012032913135534671,0.011290860142011703
2023-05-17,2023Q2,2023,0.0042091502808838666,2023-05-18,2023-05-24,0.0,0.011130182181917128,-0.01568111614523974,-0.013347835008254462,0.007482230974260011,0.00855684942990098
2023-05-18,2023Q2,2023,0.2043379118330253,2023-05-19,2023-05-25,0.0,0.011130182181917128,-0.010719734166079567,-0.008990214728390844,0.010048275591459245,0.010983685612189167
2023-05-19,2023Q2,2023,0.2603475718786401,2023-05-22,2023-05-26,0.0,0.011130182181917128,-0.010223391510418572,-0.009355240107582694,0.009885101059193244,0.010390237252459744
2023-05-22,2023Q2,2023,0.29390322777532796,2023-05-23,2023-05-30,0.0,0.011130182181917128,-0.008366636362122497,-0.008654256048407236,0.012330158930420717,0.011976965355815746
2023-05-23,2023Q2,2023,0.25236679180288335,2023-05-24,2023-05-31,0.0,0.011130182181917128,-0.009817373336108699,-0.008857460764342032,0.012410763206742557,0.012844112541715554
2023-05-24,2023Q2,2023,0.032370316083272455,2023-05-25,2023-06-01,0.0,0.011130182181917128,-0.009968816465397523,-0.00993628995799524,0.013114555875425503,0.012766701561584753
2023-05-25,2023Q2,2023,0.03792558188984274,2023-05-26,2023-06-02,0.0,0.011130182181917128,-0.11527483749909775,-0.03188555198180319,-0.06263046694494696,-0.00555164004648478
2023-05-26,2023Q2,2023,-0.03507820528530303,2023-05-30,2023-06-05,0.0,0.011130182181917128,-0.0059010728895009645,-0.009113918946909941,0.006340728514867657,0.004868313902774339
2023-05-30,2023Q2,2023,-0.02112033163754712,2023-05-31,2023-06-06,0.0,0.011130182181917128,0.0043813728572866945,-0.00028622772688165384,0.014749016310623107,0.01264047932490469
2023-05-31,2023Q2,2023,-0.026345189035111405,2023-06-01,2023-06-07,0.0,0.011130182181917128,0.009042244780245269,0.007438768784979769,0.01862124199973203,0.01883845691039058
2023-06-01,2023Q2,2023,-0.03957906565842029,2023-06-02,2023-06-08,0.0,0.011130182181917128,0.001038690747096515,-0.0008605576340311762,0.01612370140202094,0.01583679797572555
2023-06-02,2023Q2,2023,-0.0035724366482706715,2023-06-05,2023-06-09,0.0,0.011130182181917128,0.005227060697579462,0.00043627179565749845,0.018082097707948996,0.01584961731989941
2023-06-05,2023Q2,2023,0.01679105284067739,2023-06-06,2023-06-12,0.0,0.011130182181917128,-0.006160720179518199,-0.008914264803598776,0.011233107782738316,0.009974594559887535
2023-06-06,2023Q2,2023,0.054143605140268836,2023-06-07,2023-06-13,0.0,0.011130182181917128,-0.008871901307779031,-0.01133922554133502,0.010148784964191625,0.008816449621416129
2023-06-07,2023Q2,2023,0.13977846360444612,2023-06-08,2023-06-14,0.0,0.011130182181917128,0.00040050404647206,-0.004119633886112133,0.017819466191716586,0.015019456039293388
2023-06-08,2023Q2,2023,0.09263010080311229,2023-06-09,2023-06-15,0.0,0.011130182181917128,-0.0168719878669691,-0.018983663832438557,0.007388039365756671,0.005619459577997056
2023-06-09,2023Q2,2023,0.08908164571097155,2023-06-12,2023-06-16,0.0,0.011130182181917128,-0.019531016367658312,-0.021671725631686786,0.0055225216766777475,0.0036033261705552093
2023-06-12,2023Q2,2023,0.09013083558917123,2023-06-13,2023-06-20,0.0,0.011130182181917128,-0.027732639160745302,-0.028246268125816747,0.00033039285927906684,-0.0007489785286704104
2023-06-13,2023Q2,2023,0.05440419325145096,2023-06-14,2023-06-21,0.0,0.011130182181917128,-0.029945592836301063,-0.029606682238930437,-0.0013721199378707444,-0.001911652099932496
2023-06-14,2023Q2,2023,0.009929118911691237,2023-06-15,2023-06-22,0.0,0.011130182181917128,-0.025288975666086864,-0.026530474302957702,0.0009264780691976646,-0.0005139700482492422
2023-06-15,2023Q2,2023,-0.028561590503098366,2023-06-16,2023-06-23,0.0,0.011130182181917128,-0.02869156329609459,-0.029816220106254687,-0.0011814728614556874,-0.0025406683675422165
2023-06-16,2023Q2,2023,-0.05502584000877242,2023-06-20,2023-06-26,0.0,0.011130182181917128,-0.027974495364800622,-0.02924010045829935,0.00093542619005842,-0.0005891438467924524
2023-06-20,2023Q2,2023,-0.037355463564515023,2023-06-21,2023-06-27,0.0,0.011130182181917128,-0.031097315340939173,-0.031888015468160044,-0.0005109784278270746,-0.0018192557216834757
2023-06-21,2023Q2,2023,-0.026885613246939166,2023-06-22,2023-06-28,0.0,0.011130182181917128,-0.02848801867292239,-0.030073757225024738,0.0019781996884554575,0.00010897728627072903
2023-06-22,2023Q2,2023,-0.03866809717811759,2023-06-23,2023-06-29,0.0,0.011130182181917128,-0.0377604415699431,-0.038503784692470164,-0.002430444327626305,-0.004188497635071354
2023-06-23,2023Q2,2023,-0.003744622175968715,2023-06-26,2023-06-30,0.0,0.011130182181917128,-0.04510285030859566,-0.04351665059848178,-0.005564844924380403,-0.006052191934383342
2023-06-26,2023Q2,2023,0.0395597544434132,2023-06-27,2023-07-03,0.0,0.011130182181917128,-0.026376125772353737,-0.026301030916235524,0.012877693897989562,0.011489281543304001
2023-06-27,2023Q2,2023,0.04075261932070062,2023-06-28,2023-07-05,0.0,0.011130182181917128,-0.044838899439743354,-0.04217109763735202,0.001334478769398342,0.0011540273165196908
2023-06-28,2023Q2,2023,0.013114249994033544,2023-06-29,2023-07-06,0.0,0.011130182181917128,-0.04574346630876158,-0.04293333778113792,0.00047973693008336593,0.00040815477258554674
2023-06-29,2023Q2,2023,0.019745634377377863,2023-06-30,2023-07-07,0.0,0.011130182181917128,-0.04812941719766092,-0.04465282455359075,0.0007312572301814181,0.0009105286957561756
2023-06-30,2023Q2,2023,-0.007926194213740079,2023-07-03,2023-07-10,0.0,0.011130182181917128,-0.05385861457507692,-0.04838562906590574,-0.003292419613335127,-0.0018287832901645092
2023-07-03,2023Q3,2023,0.006407985487582035,2023-07-05,2023-07-11,0.0,0.012648759966876266,-0.02440607094065835,-0.021469907805174313,-0.0009970296869159755,-0.0004628264433366395
2023-07-05,2023Q3,2023,0.049182644349783144,2023-07-06,2023-07-12,0.0,0.012648759966876266,-0.023307291684123748,-0.020618599595221193,0.00021335765820163638,0.000572870494385383
2023-07-06,2023Q3,2023,0.08636176728957823,2023-07-07,2023-07-13,0.0,0.012648759966876266,-0.025150711916124415,-0.021958949472133567,-0.0003840701947787923,0.00033119034432979935
2023-07-07,2023Q3,2023,0.06592118939639935,2023-07-10,2023-07-14,0.0,0.012648759966876266,-0.022738506235120293,-0.020291191751228947,0.002198696554587938,0.002379465176792458
2023-07-10,2023Q3,2023,0.0936889347376142,2023-07-11,2023-07-17,0.0,0.012648759966876266,-0.021921516338987774,-0.019523553574345057,0.003473301092155826,0.003596583405213561
2023-07-11,2023Q3,2023,0.10366459315141618,2023-07-12,2023-07-18,0.0,0.012648759966876266,-0.026739774273630324,-0.023640596847239737,0.0007653185698266798,0.0012594508676246532
2023-07-12,2023Q3,2023,0.05748232217181548,2023-07-13,2023-07-19,0.0,0.012648759966876266,-0.026707354584199924,-0.023612012929982114,-0.00011227645577255481,0.00045784316180910375
2023-07-13,2023Q3,2023,-0.022819477516764164,2023-07-14,2023-07-20,0.0,0.012648759966876266,-0.023331397384410608,-0.020471855621589555,-0.0003601678214611992,0.0004105368409495977
2023-07-14,2023Q3,2023,-0.04277481246678849,2023-07-17,2023-07-21,0.0,0.012648759966876266,-0.004720752130196619,-0.005757946050452911,0.01245668155534761,0.010845444031730864
2023-07-17,2023Q3,2023,-0.04473139102692958,2023-07-18,2023-07-24,0.0,0.012648759966876266,-0.01387850516614764,-0.012740520766702483,0.005515805132300911,0.00561477429389871
2023-07-18,2023Q3,2023,-0.03760744608577615,2023-07-19,2023-07-25,0.0,0.012648759966876266,-0.005681873935093333,-0.005971033157416017,0.009886741180618608,0.009368506330861176
2023-07-19,2023Q3,2023,-0.0226847637101526,2023-07-20,2023-07-26,0.0,0.012648759966876266,-0.00634874265596614,-0.005722629129458695,0.008939247505761111,0.0093575562427756
2023-07-20,2023Q3,2023,0.0024461284795220806,2023-07-21,2023-07-27,0.0,0.012648759966876266,-0.0025650135890138755,-0.0020561668105156944,0.013375523951363325,0.013713456723422732
2023-07-21,2023Q3,2023,0.04513650605924657,2023-07-24,2023-07-28,0.0,0.012648759966876266,-0.0034737051007596685,-0.0033601320512103242,0.015542884318958866,0.015360785088742961
2023-07-24,2023Q3,2023,0.0397854548004104,2023-07-25,2023-07-31,0.0,0.012648759966876266,-0.012007831720885986,-0.011237032635529729,0.011084320266062778,0.011012095865460297
2023-07-25,2023Q3,2023,0.010560397688055057,2023-07-26,2023-08-01,0.0,0.012648759966876266,-0.01704288038675052,-0.01557931980010535,0.007670890912526649,0.007887068352267365
2023-07-26,2023Q3,2023,-0.04836733273050198,2023-07-27,2023-08-02,0.0,0.012648759966876266,-0.016058329752172543,-0.014919134092341335,0.008725144827062117,0.008626237324855499
2023-07-27,2023Q3,2023,-0.04613439426843935,2023-07-28,2023-08-03,0.0,0.012648759966876266,-0.015354567441911111,-0.014782837970423792,0.010132947079992016,0.009531628651504977
2023-07-28,2023Q3,2023,-0.04435986740186526,2023-07-31,2023-08-04,0.0,0.012648759966876266,-0.02209494488378706,-0.01987945131981194,0.004687976150430781,0.005323822422429613
2023-07-31,2023Q3,2023,-0.022449403532741496,2023-08-01,2023-08-07,0.0,0.012648759966876266,-0.020858453821818574,-0.01856545347235608,0.005190984276407246,0.006043837681135358
2023-08-01,2023Q3,2023,-0.02546310977847943,2023-08-02,2023-08-08,0.0,0.012648759966876266,-0.02008124321903589,-0.01795313724845337,0.0064261203737932425,0.007157615676131896
2023-08-02,2023Q3,2023,-0.0284474521523298,2023-08-03,2023-08-09,0.0,0.012648759966876266,-0.013130701562825434,-0.011014939031401034,0.013449174428315584,0.014223327491680607
2023-08-03,2023Q3,2023,-0.05773035649293101,2023-08-04,2023-08-10,0.0,0.012648759966876266,-0.023515876020934825,-0.021534456177268985,0.008357982706705767,0.008498552527498229
2023-08-04,2023Q3,2023,-0.09434507133604819,2023-08-07,2023-08-11,0.0,0.012648759966876266,-0.024374167191459534,-0.022572712998135014,0.008608528328900886,0.008459083337312275
2023-08-07,2023Q3,2023,-0.02452460867949291,2023-08-08,2023-08-14,0.0,0.012648759966876266,-0.030195062663834493,-0.02748379226945112,0.004460068246208161,0.004804583877360574
2023-08-08,2023Q3,2023,-0.007543923000219999,2023-08-09,2023-08-15,0.0,0.012648759966876266,-0.03170773961683429,-0.02838402830978689,0.003753809379501179,0.004465036061145492
2023-08-09,2023Q3,2023,0.03145161808401786,2023-08-10,2023-08-16,0.0,0.012648759966876266,-0.026065474910220782,-0.02266748850614516,0.010175829437746392,0.010991829495210294
2023-08-10,2023Q3,2023,0.038154830789562055,2023-08-11,2023-08-17,0.0,0.012648759966876266,-0.02988301887689714,-0.027589726519858027,0.009367278968706054,0.009069311978393245
2023-08-11,2023Q3,2023,0.06948080129182976,2023-08-14,2023-08-18,0.0,0.012648759966876266,-0.034121730680903795,-0.029877499739304626,0.007379452258413558,0.008446518905234941
2023-08-14,2023Q3,2023,0.05401700194082126,2023-08-15,2023-08-21,0.0,0.012648759966876266,-0.035706155264147,-0.03178414983277865,0.0046639963618877785,0.005423939464206144
2023-08-15,2023Q3,2023,0.025786136523146874,2023-08-16,2023-08-22,0.0,0.012648759966876266,-0.03182994903384885,-0.02987556391697458,0.005223327146364435,0.004753256422452277
2023-08-16,2023Q3,2023,0.07154877919280067,2023-08-17,2023-08-23,0.0,0.012648759966876266,-0.030024652593364013,-0.027819061943413978,0.006090380752025504,0.006068361455681456
2023-08-17,2023Q3,2023,0.10620382446790844,2023-08-18,2023-08-24,0.0,0.012648759966876266,-0.029383714494969623,-0.027197498521772084,0.00665678269193959,0.006764828454858699
2023-08-18,2023Q3,2023,0.03425185627197225,2023-08-21,2023-08-25,0.0,0.012648759966876266,-0.023602910025728393,-0.02236968542923748,0.010202240694156681,0.009908884408594599
2023-08-21,2023Q3,2023,-0.027007360182642604,2023-08-22,2023-08-28,0.0,0.012648759966876266,-0.027025539827952725,-0.023103096057732975,0.005016744708442093,0.007077090241076238
2023-08-22,2023Q3,2023,0.06362009322246287,2023-08-23,2023-08-29,0.0,0.012648759966876266,-0.007224138160772442,-0.008718420669826062,0.018525910714652184,0.016971177451614552
2023-08-23,2023Q3,2023,-0.018958094468453424,2023-08-24,2023-08-30,0.0,0.012648759966876266,-0.016158081580780012,-0.016153867310284425,0.011388771569193492,0.01096402375530936
2023-08-24,2023Q3,2023,0.04983830623939767,2023-08-25,2023-08-31,0.0,0.012648759966876266,0.005047353427278719,0.0006186782094236912,0.026328639857725246,0.023161009899167032
2023-08-25,2023Q3,2023,0.04360828912520698,2023-08-28,2023-09-01,0.0,0.012648759966876266,0.0011730619676484852,-0.0010725420412409196,0.022513620055221593,0.021215287645086157
2023-08-28,2023Q3,2023,0.04032914658881093,2023-08-29,2023-09-05,0.0,0.012648759966876266,-0.004591101983743757,-0.006478703766131752,0.019059103995181428,0.017849189294343135
2023-08-29,2023Q3,2023,-0.04043303862066072,2023-08-30,2023-09-06,0.0,0.012648759966876266,-0.004199069711845711,-0.005637045480620889,0.017086626611504264,0.016506467611566794
2023-08-30,2023Q3,2023,-0.06356824364249969,2023-08-31,2023-09-07,0.0,0.012648759966876266,-0.00407717874233458,-0.005546730299648117,0.016081969165616456,0.015620576842553652
2023-08-31,2023Q3,2023,-0.08420084309392006,2023-09-01,2023-09-08,0.0,0.012648759966876266,-0.006688756084183949,-0.007334861677642119,0.013982456559008611,0.014176085405521255
2023-09-01,2023Q3,2023,-0.06314410542528237,2023-09-05,2023-09-11,0.0,0.012648759966876266,0.0017092018372107751,-0.00024336503699542468,0.020570965958554066,0.019995906711009887
2023-09-05,2023Q3,2023,-0.07371860243848916,2023-09-06,2023-09-12,0.0,0.012648759966876266,-0.0036943230307578505,-0.004755225486486844,0.017090273105713278,0.017096710444548913
2023-09-06,2023Q3,2023,-0.0008786581919081327,2023-09-07,2023-09-13,0.0,0.012648759966876266,0.0007793968444216731,-0.0006415703518000016,0.021747016447301412,0.02141157578076524
2023-09-07,2023Q3,2023,-0.007857734763049073,2023-09-08,2023-09-14,0.0,0.012648759966876266,-0.012371598836164992,-0.011811046809557283,0.014534931366485267,0.015094431816609624
2023-09-08,2023Q3,2023,-0.04871277936016283,2023-09-11,2023-09-15,0.0,0.012648759966876266,-0.014379909264615732,-0.014206102318958058,0.0158592460924905,0.015671595000174423
2023-09-11,2023Q3,2023,-0.017256010037007496,2023-09-12,2023-09-18,0.0,0.012648759966876266,-0.01504716880331293,-0.015571752649162237,0.01794930724537708,0.01680861107855639
2023-09-12,2023Q3,2023,-0.02421520298894353,2023-09-13,2023-09-19,0.0,0.012648759966876266,-0.026253818462012777,-0.02455406410725671,0.011047268116798977,0.011153101128052786
2023-09-13,2023Q3,2023,-0.08076174729569519,2023-09-14,2023-09-20,0.0,0.012648759966876266,-0.028676334299384165,-0.02706097793784814,0.009699418967818153,0.009538378780978341
2023-09-14,2023Q3,2023,-0.09536625460599413,2023-09-15,2023-09-21,0.0,0.012648759966876266,-0.030602745845179084,-0.028594018616830495,0.008460058396210201,0.008505936500818621
2023-09-15,2023Q3,2023,-0.026621139211995715,2023-09-18,2023-09-22,0.0,0.012648759966876266,-0.027584673946075392,-0.025161224359332005,0.01179508749763973,0.01211722374300523
2023-09-18,2023Q3,2023,-0.036753132441435854,2023-09-19,2023-09-25,0.0,0.012648759966876266,-0.030632447292807393,-0.029187325886176375,0.010932158783136537,0.01019092044202977
2023-09-19,2023Q3,2023,-0.038738514567331794,2023-09-20,2023-09-26,0.0,0.012648759966876266,-0.033504606850034535,-0.030676686172002893,0.009536914178166983,0.009879402141471389
2023-09-20,2023Q3,2023,0.0212826952753824,2023-09-21,2023-09-27,0.0,0.012648759966876266,-0.030095705824495705,-0.027613774506075606,0.013433724744278341,0.013439983660542427
2023-09-21,2023Q3,2023,0.0364909592259024,2023-09-22,2023-09-28,0.0,0.012648759966876266,-0.0382997925110045,-0.034204587831142025,0.009009048706682718,0.009898193329372099
2023-09-22,2023Q3,2023,0.0458753327461463,2023-09-25,2023-09-29,0.0,0.012648759966876266,-0.03975399038816402,-0.03659232843110396,0.00842351753286117,0.008462429742253981
2023-09-25,2023Q3,2023,0.0662127587688266,2023-09-26,2023-10-02,0.0,0.012648759966876266,-0.03898477462170552,-0.03607406653935525,0.007380837182330412,0.007310316674648407
2023-09-26,2023Q3,2023,0.028041493234477466,2023-09-27,2023-10-03,0.0,0.012648759966876266,-0.03843128229758294,-0.0352478506972521,0.006932496570536124,0.0071770967707274575
2023-09-27,2023Q3,2023,0.03723507573782414,2023-09-28,2023-10-04,0.0,0.012648759966876266,-0.034565349899846984,-0.03212654548994666,0.00890669555110694,0.008849653954094833
2023-09-28,2023Q3,2023,0.019645425596778177,2023-09-29,2023-10-05,0.0,0.012648759966876266,-0.030259312483224454,-0.02822515098811889,0.009743649461422244,0.009828203291984708
2023-09-29,2023Q3,2023,0.039336868188040164,2023-10-02,2023-10-06,0.0,0.012648759966876266,-0.025895895095789708,-0.02427845601493739,0.011278504561009923,0.01146579357037931
2023-10-02,2023Q4,2023,0.010377614857228101,2023-10-03,2023-10-09,0.0,0.01188412980599187,-0.014029197192906644,-0.013490805899830698,0.010961263119937392,0.011175196202188403
2023-10-03,2023Q4,2023,0.04700287432228767,2023-10-04,2023-10-10,0.0,0.01188412980599187,-0.004563990636380437,-0.004883992970246675,0.017994183727796542,0.017985717580232624
2023-10-04,2023Q4,2023,0.06256527960345859,2023-10-05,2023-10-11,0.0,0.01188412980599187,-0.01076153144996629,-0.010701055784008623,0.013843400208151675,0.014130097371223263
2023-10-05,2023Q4,2023,0.06227227959081327,2023-10-06,2023-10-12,0.0,0.01188412980599187,-0.009198208128919328,-0.009425589544122585,0.014307726217224183,0.014585075105206478
2023-10-06,2023Q4,2023,0.013804011735881305,2023-10-09,2023-10-13,0.0,0.01188412980599187,-0.0060722240750138,-0.006957101965173448,0.01568787967607853,0.015699000520956956
2023-10-09,2023Q4,2023,0.017325089905533497,2023-10-10,2023-10-16,0.0,0.01188412980599187,-0.006336660525136798,-0.006717413808380014,0.014845093244729395,0.015344212575885386
2023-10-10,2023Q4,2023,-0.04887867914824806,2023-10-11,2023-10-17,0.0,0.01188412980599187,-0.004597844585796174,-0.0056186064547248706,0.016787705325399745,0.016867113969820727
2023-10-11,2023Q4,2023,-0.09793277123152166,2023-10-12,2023-10-18,0.0,0.01188412980599187,-0.005318677092100937,-0.006098017522667167,0.015603455417166932,0.016048292713680395
2023-10-12,2023Q4,2023,-0.10347098466143989,2023-10-13,2023-10-19,0.0,0.01188412980599187,-0.0002237189279375336,-0.0018795587668018945,0.018801259999901263,0.01879485837520922
2023-10-13,2023Q4,2023,-0.08157465570754918,2023-10-16,2023-10-20,0.0,0.01188412980599187,0.004637441381897072,0.003112535433826844,0.023237632355228147,0.02337139050250149
2023-10-16,2023Q4,2023,-0.023295489224520738,2023-10-17,2023-10-23,0.0,0.01188412980599187,-0.002434538442686783,-0.003774004660434739,0.01845288935199097,0.0185139670638416
2023-10-17,2023Q4,2023,0.025169604051956895,2023-10-18,2023-10-24,0.0,0.01188412980599187,-0.00024602035940865,-0.00022891722637977986,0.01997501108894105,0.021115948013601907
2023-10-18,2023Q4,2023,-0.024105988542631684,2023-10-19,2023-10-25,0.0,0.01188412980599187,-0.007168061902164754,-0.00635132255217408,0.017142156550455003,0.018299781595173772
2023-10-19,2023Q4,2023,-0.03733586055892557,2023-10-20,2023-10-26,0.0,0.01188412980599187,-0.0067971694234776735,-0.007619270498458699,0.019563219398656746,0.018854920870592075
2023-10-20,2023Q4,2023,-0.017681731061483963,2023-10-23,2023-10-27,0.0,0.01188412980599187,-0.011449741346811806,-0.011104656618666747,0.015867929762828966,0.015769316206573545
2023-10-23,2023Q4,2023,-0.04447850085061811,2023-10-24,2023-10-30,0.0,0.01188412980599187,-0.015021068919526702,-0.014663290251930472,0.012332802162285252,0.011955452961265958
2023-10-24,2023Q4,2023,-0.06032536297331548,2023-10-25,2023-10-31,0.0,0.01188412980599187,-0.01982836141462134,-0.018600474754497845,0.006930939830955402,0.007187468613428923
2023-10-25,2023Q4,2023,0.011277569465578674,2023-10-26,2023-11-01,0.0,0.01188412980599187,-0.011261396458295754,-0.010034824151110965,0.01412781093722126,0.014555086942355338
2023-10-26,2023Q4,2023,0.057768037660604676,2023-10-27,2023-11-02,0.0,0.01188412980599187,-0.00903075989735713,-0.00886835037479088,0.0182518802396822,0.017618756119513503
2023-10-27,2023Q4,2023,0.09535860724514844,2023-10-30,2023-11-03,0.0,0.01188412980599187,-0.016530996800874824,-0.01606081021826549,0.013470658189636034,0.012821312560000086
2023-10-30,2023Q4,2023,0.13105064493845342,2023-10-31,2023-11-06,0.0,0.01188412980599187,-0.01827585606691285,-0.017545380541219704,0.011007449440579277,0.01056365484078473
2023-10-31,2023Q4,2023,0.12403392770418842,2023-11-01,2023-11-07,0.0,0.01188412980599187,-0.018792613647396525,-0.01769020395502585,0.009358340328375122,0.009171204106643686
2023-11-01,2023Q4,2023,0.07491696509342383,2023-11-02,2023-11-08,0.0,0.01188412980599187,-0.022583482385278096,-0.020919203324862332,0.005701588248739264,0.005983546827013794
2023-11-02,2023Q4,2023,0.06656066048856712,2023-11-03,2023-11-09,0.0,0.01188412980599187,-0.019357500868397458,-0.018327810034860628,0.006884838456999067,0.0070235711577319344
2023-11-03,2023Q4,2023,0.06735120343022016,2023-11-06,2023-11-10,0.0,0.01188412980599187,-0.014779613259856638,-0.014494837810134414,0.008809741046687,0.008862007390622833
2023-11-06,2023Q4,2023,0.06345276689237722,2023-11-07,2023-11-13,0.0,0.01188412980599187,-0.012855457177910394,-0.012900094051494972,0.009253499234025927,0.009447258580590095
2023-11-07,2023Q4,2023,0.07713665669328806,2023-11-08,2023-11-14,0.0,0.01188412980599187,-0.008404201750064592,-0.009110799345982884,0.012611757747944355,0.012708492968313842
2023-11-08,2023Q4,2023,0.029936618337951693,2023-11-09,2023-11-15,0.0,0.01188412980599187,-0.0063066969955405065,-0.007317302902925298,0.014121789985706387,0.01431438445456739
2023-11-09,2023Q4,2023,0.041684200889185785,2023-11-10,2023-11-16,0.0,0.01188412980599187,0.002137348255016304,-0.000425484666498643,0.020616739880369474,0.019951046396571838
2023-11-10,2023Q4,2023,0.020240079616016704,2023-11-13,2023-11-17,0.0,0.01188412980599187,-0.0010963968013993335,-0.002867981234036289,0.017281625217887273,0.01742571598163405
2023-11-13,2023Q4,2023,0.01467391479618807,2023-11-14,2023-11-20,0.0,0.01188412980599187,0.0010769602371205455,-0.0010293652612950906,0.017945403254950094,0.018067579928668462
2023-11-14,2023Q4,2023,0.00018021168723603154,2023-11-15,2023-11-21,0.0,0.01188412980599187,0.0026110894385480907,0.00032983930781092623,0.01935641731182507,0.01947479604650273
2023-11-15,2023Q4,2023,0.000760055632404999,2023-11-16,2023-11-22,0.0,0.01188412980599187,0.01002268960471073,0.006875704334492251,0.024728573969121315,0.0243279031624333
2023-11-16,2023Q4,2023,-0.03529596448859029,2023-11-17,2023-11-24,0.0,0.01188412980599187,0.003720051197252319,0.0013359844355824452,0.02013347296547205,0.020175556076743845
2023-11-17,2023Q4,2023,-0.021698566046084666,2023-11-20,2023-11-27,0.0,0.01188412980599187,0.0022514699551108904,0.0004273014452255454,0.01895756528561501,0.01930546255002473
2023-11-20,2023Q4,2023,-0.04598412660965612,2023-11-21,2023-11-28,0.0,0.01188412980599187,0.002679048386408615,0.000534732639752759,0.019214188165230857,0.019261023687637126
2023-11-21,2023Q4,2023,-0.034341686585575903,2023-11-22,2023-11-29,0.0,0.01188412980599187,0.0033808234004382466,0.0013940494106617508,0.019367194670114555,0.01945863426362826
2023-11-22,2023Q4,2023,-0.0350732560372482,2023-11-24,2023-11-30,0.0,0.01188412980599187,0.010739991441970432,0.007780861920405535,0.02629031022995886,0.025501411726896024
2023-11-24,2023Q4,2023,-0.021652716818657325,2023-11-27,2023-12-01,0.0,0.01188412980599187,-0.0003682715598528636,-0.0012417053212507335,0.019038745197054556,0.01934875428536448
2023-11-27,2023Q4,2023,-0.05651384310582608,2023-11-28,2023-12-04,0.0,0.01188412980599187,-0.006242673583157379,-0.006686209503082765,0.015290290725827379,0.01549635621726732
2023-11-28,2023Q4,2023,-0.03747493054276996,2023-11-29,2023-12-05,0.0,0.01188412980599187,-0.008692527053391996,-0.00849801158168206,0.01361276095667283,0.013956981317167605
2023-11-29,2023Q4,2023,-0.052494586035351065,2023-11-30,2023-12-06,0.0,0.01188412980599187,-0.011391398996238889,-0.011047777851485134,0.012160015189896851,0.01222704293524246
2023-11-30,2023Q4,2023,0.0015260428410373006,2023-12-01,2023-12-07,0.0,0.01188412980599187,-0.009204415569334561,-0.008483682319879882,0.01448312793990407,0.014672291443695518
2023-12-01,2023Q4,2023,0.03101332258834466,2023-12-04,2023-12-08,0.0,0.01188412980599187,-0.01618994406015676,-0.014980705246211395,0.010125943791385058,0.01033907522480664
2023-12-04,2023Q4,2023,0.025535549822425008,2023-12-05,2023-12-11,0.0,0.01188412980599187,-0.017613851795324716,-0.01536467180707296,0.009669906295469521,0.010522632805185748
2023-12-05,2023Q4,2023,0.0093614601576828,2023-12-06,2023-12-12,0.0,0.01188412980599187,-0.019880940003616253,-0.01827690147320919,0.008376691082835104,0.008484868974338125
2023-12-06,2023Q4,2023,0.05225383913380166,2023-12-07,2023-12-13,0.0,0.01188412980599187,-0.012589299119281626,-0.011783349614789385,0.014281088757650945,0.013744044225151502
2023-12-07,2023Q4,2023,0.037664925580862096,2023-12-08,2023-12-14,0.0,0.01188412980599187,-0.023580086103299418,-0.021389782278370757,0.00547257186819527,0.005813517130408508
2023-12-08,2023Q4,2023,0.029458175806686304,2023-12-11,2023-12-15,0.0,0.01188412980599187,-0.022356238397313044,-0.020445333794030445,0.004991432409376721,0.005249381996920071
2023-12-11,2023Q4,2023,0.08754285072352586,2023-12-12,2023-12-18,0.0,0.01188412980599187,-0.01466711296993207,-0.01356747859142992,0.011036360236142684,0.010942169724873595
2023-12-12,2023Q4,2023,0.04146630009137686,2023-12-13,2023-12-19,0.0,0.01188412980599187,-0.019439849110330358,-0.018065804740660846,0.006997613607680699,0.007124752306121653
2023-12-13,2023Q4,2023,-0.005765640258986182,2023-12-14,2023-12-20,0.0,0.01188412980599187,-0.01737173050443326,-0.016174954603613415,0.007864757739023662,0.008157830401849175
2023-12-14,2023Q4,2023,0.01651660850507919,2023-12-15,2023-12-21,0.0,0.01188412980599187,-0.013227949935540073,-0.012774510421185617,0.010911331630651937,0.010840681876911194
2023-12-15,2023Q4,2023,-0.01153845500441164,2023-12-18,2023-12-22,0.0,0.01188412980599187,-0.01362034890364419,-0.013135243540296507,0.010081467683620768,0.010192656147945955
2023-12-18,2023Q4,2023,-0.0029338066200712554,2023-12-19,2023-12-26,0.0,0.01188412980599187,-0.011383188018532378,-0.01128108322932845,0.011176233426744127,0.011281463186087616
2023-12-19,2023Q4,2023,-0.004793051419861971,2023-12-20,2023-12-27,0.0,0.01188412980599187,-0.011390048204689364,-0.010813248758052015,0.010336752657680349,0.011075475645565982
2023-12-20,2023Q4,2023,0.014566358467434481,2023-12-21,2023-12-28,0.0,0.01188412980599187,-0.002554255977928606,-0.0030715560584308344,0.01860685019184599,0.01862961327555616
2023-12-21,2023Q4,2023,0.006647010190774516,2023-12-22,2023-12-29,0.0,0.01188412980599187,-0.010540548892965363,-0.01051279760109711,0.01321509506323556,0.013488241580245381
2023-12-22,2023Q4,2023,-0.01633718472248291,2023-12-26,2024-01-02,0.0,0.01188412980599187,-0.008459998375134626,-0.008640974180345488,0.014314500544581608,0.014498249200402737
2023-12-26,2023Q4,2023,-0.03922363273876306,2023-12-27,2024-01-03,0.0,0.01188412980599187,-0.01214824361508556,-0.011821218970549989,0.011416552273000417,0.011884397510813355
2023-12-27,2023Q4,2023,-0.03313660347259373,2023-12-28,2024-01-04,0.0,0.01188412980599187,-0.012095128966175381,-0.011731473681480802,0.01129553420778673,0.011775281219401072
2023-12-28,2023Q4,2023,-0.014373749969272098,2023-12-29,2024-01-05,0.0,0.01188412980599187,-0.011965155162864038,-0.011594367642628802,0.011429453104838396,0.011993836153317108
2023-12-29,2023Q4,2023,0.06110386854338046,2024-01-02,2024-01-08,0.0,0.01188412980599187,-0.007307136699046644,-0.00781570440630645,0.01524805998701521,0.015175146825289438
2024-01-02,2024Q1,2024,0.11909021178498436,2024-01-03,2024-01-09,0.0,0.01188970633822178,0.0020373769927500927,0.002186829668018994,0.015805609803789575,0.016020666770219863
2024-01-03,2024Q1,2024,0.13781481815120977,2024-01-04,2024-01-10,0.0,0.01188970633822178,-0.0034908558432773275,-0.002611089297974878,0.010834500927045443,0.011477693107232328
2024-01-04,2024Q1,2024,0.13123677436667114,2024-01-05,2024-01-11,0.0,0.01188970633822178,-0.0025341645479982963,-0.0021675457508798096,0.01182581064993112,0.011926432402667973
2024-01-05,2024Q1,2024,0.10498460853819713,2024-01-08,2024-01-12,0.0,0.01188970633822178,-0.0026863052743958914,-0.002313015399256959,0.011359626057270622,0.011455473516683577
2024-01-08,2024Q1,2024,0.07597181196405978,2024-01-09,2024-01-16,0.0,0.01188970633822178,-0.0041326446187801465,-0.0029732291207751824,0.009626296221097041,0.010574404623143942
2024-01-09,2024Q1,2024,0.04545285406100974,2024-01-10,2024-01-17,0.0,0.01188970633822178,0.002366724736008456,0.001212488331973259,0.014918720758371145,0.014069573041165375
2024-01-10,2024Q1,2024,0.03832793093025244,2024-01-11,2024-01-18,0.0,0.01188970633822178,-0.002730859229642448,-0.002613590994831525,0.010155466923000072,0.010535447025548837
2024-01-11,2024Q1,2024,0.08917982959575177,2024-01-12,2024-01-19,0.0,0.01188970633822178,0.002833141708542552,0.0017441944684451916,0.015648015470302555,0.015180176154429473
2024-01-12,2024Q1,2024,0.08426328912482672,2024-01-16,2024-01-22,0.0,0.01188970633822178,-0.0019179483214725353,-0.0018479594443183076,0.011328877760453515,0.011946693631258939
2024-01-16,2024Q1,2024,0.06257655188250943,2024-01-17,2024-01-23,0.0,0.01188970633822178,0.001039041249561088,0.0001840990858609677,0.014493760623769657,0.014372067930028508
2024-01-17,2024Q1,2024,0.0716381646948625,2024-01-18,2024-01-24,0.0,0.01188970633822178,0.0030039431087786218,0.0018876331499094665,0.016146374874425082,0.015877771397028874
2024-01-18,2024Q1,2024,0.06256362872322585,2024-01-19,2024-01-25,0.0,0.01188970633822178,0.002659971588778646,0.0014398914208732377,0.016138962418510046,0.015763651297747344
2024-01-19,2024Q1,2024,0.0163532856017079,2024-01-22,2024-01-26,0.0,0.01188970633822178,0.0016214006114784515,0.0006670817506316453,0.015067198798883203,0.015048069526931942
2024-01-22,2024Q1,2024,0.04859829566215712,2024-01-23,2024-01-29,0.0,0.01188970633822178,0.0022647283211538888,0.001183748700314128,0.015166633846826844,0.01514196682068613
2024-01-23,2024Q1,2024,0.040959096759860536,2024-01-24,2024-01-30,0.0,0.01188970633822178,0.0009928449197941,5.2501089437181556e-05,0.014172303617300989,0.014245825191052431
2024-01-24,2024Q1,2024,-0.013199648228004124,2024-01-25,2024-01-31,0.0,0.01188970633822178,0.005593572932637195,0.00342915388392611,0.018889305054464123,0.017969002704650607
2024-01-25,2024Q1,2024,0.0339075028513236,2024-01-26,2024-02-01,0.0,0.01188970633822178,0.00490540098572278,0.0030332160475583427,0.018125167619304106,0.017493971998788056
2024-01-26,2024Q1,2024,0.08048088162669864,2024-01-29,2024-02-02,0.0,0.01188970633822178,-0.000498379119984755,-0.0010967525973570123,0.01315741003221199,0.013528076226373486
2024-01-29,2024Q1,2024,0.10225753657409142,2024-01-30,2024-02-05,0.0,0.01188970633822178,-0.0009353336632830118,-0.0018302063104685927,0.013167840524919653,0.013188916999916684
2024-01-30,2024Q1,2024,0.11040040849050814,2024-01-31,2024-02-06,0.0,0.01188970633822178,-0.0004539245635381793,-0.0013926129132383735,0.013529012892281264,0.013492383187099041
2024-01-31,2024Q1,2024,0.1288083856016491,2024-02-01,2024-02-07,0.0,0.01188970633822178,-0.0023830001642244254,-0.002485936104036043,0.01203170615386863,0.012582679856086342
2024-02-01,2024Q1,2024,0.08858286027763196,2024-02-02,2024-02-08,0.0,0.01188970633822178,-0.0032238005134468967,-0.003712975847853503,0.011791221172853627,0.011777761306355336
2024-02-02,2024Q1,2024,0.05728112639276284,2024-02-05,2024-02-09,0.0,0.01188970633822178,-0.0028057822788686744,-0.0032107372771135786,0.01203952566397228,0.012160682357000746
2024-02-05,2024Q1,2024,0.037598792883570376,2024-02-06,2024-02-12,0.0,0.01188970633822178,-0.0034586780892822983,-0.00379159299153679,0.010726747255253645,0.011010864629970592
2024-02-06,2024Q1,2024,0.055753130085313796,2024-02-07,2024-02-13,0.0,0.01188970633822178,0.003879038517859267,0.0019843393450223717,0.01747327074815091,0.01652975950547667
2024-02-07,2024Q1,2024,0.0545994829031069,2024-02-08,2024-02-14,0.0,0.01188970633822178,-0.002242301905899533,-0.0033783869969647266,0.012072157056047281,0.011788989436523078
2024-02-08,2024Q1,2024,0.03012774284981523,2024-02-09,2024-02-15,0.0,0.01188970633822178,-0.003189486817528467,-0.003872757255428766,0.011119539130306456,0.011299916473099768
2024-02-09,2024Q1,2024,0.00017907009028217402,2024-02-12,2024-02-16,0.0,0.01188970633822178,-0.004320319436628136,-0.005016603381839142,0.010398807724794684,0.010552150818926853
2024-02-12,2024Q1,2024,-0.013465881055791162,2024-02-13,2024-02-20,0.0,0.01188970633822178,0.0017802036168192287,-0.0004191549146740827,0.01609928417360714,0.01493312841237995
2024-02-13,2024Q1,2024,-0.07827659195935932,2024-02-14,2024-02-21,0.0,0.01188970633822178,-0.0009119910867014785,-0.002730533669435903,0.013911099399290796,0.013016642909924369
2024-02-14,2024Q1,2024,0.06320646698804122,2024-02-15,2024-02-22,0.0,0.01188970633822178,-0.003993862095993287,-0.005096911231675268,0.011342552154279964,0.010937957261859256
2024-02-15,2024Q1,2024,0.06365725999710681,2024-02-16,2024-02-23,0.0,0.01188970633822178,-0.005723998280993188,-0.0060487950005992,0.009943484614868207,0.010166848713557549
2024-02-16,2024Q1,2024,0.09930927504791232,2024-02-20,2024-02-26,0.0,0.01188970633822178,-0.004144197208993464,-0.005162773406740644,0.012291408595999139,0.011705932396094201
2024-02-20,2024Q1,2024,0.1572655385282984,2024-02-21,2024-02-27,0.0,0.01188970633822178,-0.0016801541240533385,-0.0021188676711079244,0.01596763424039941,0.015721529595937454
2024-02-21,2024Q1,2024,0.03516161858885547,2024-02-22,2024-02-28,0.0,0.01188970633822178,-0.009807795571365612,-0.009368818101336468,0.009681548921496757,0.009721664843276077
2024-02-22,2024Q1,2024,-0.020769914405163625,2024-02-23,2024-02-29,0.0,0.01188970633822178,-0.03372008716911576,-0.021065564694930605,-0.011799425406910907,-0.0009481616921761353
2024-02-23,2024Q1,2024,0.03235887677694538,2024-02-26,2024-03-01,0.0,0.01188970633822178,-0.00511624761014514,-0.00766396325715242,0.011828591911120657,0.009537052285999163
2024-02-26,2024Q1,2024,0.07377084000904977,2024-02-27,2024-03-04,0.0,0.01188970633822178,-0.014486791407101431,-0.015000646191768423,0.0032700481529826797,0.0027026373709988488
2024-02-27,2024Q1,2024,0.10749798821660606,2024-02-28,2024-03-05,0.0,0.01188970633822178,-0.013438096091782998,-0.01414709858490366,0.004779442322058939,0.004178562070534198
2024-02-28,2024Q1,2024,0.12145036239478513,2024-02-29,2024-03-06,0.0,0.01188970633822178,-0.015225196850388423,-0.01547263043970832,0.003600411980767179,0.0035571554850071328
2024-02-29,2024Q1,2024,0.15836248397827157,2024-03-01,2024-03-07,0.0,0.01188970633822178,-0.01578098414294736,-0.016277860999971867,0.003947650679026851,0.0034368582414331782
2024-03-01,2024Q1,2024,0.04038990533039244,2024-03-04,2024-03-08,0.0,0.01188970633822178,-0.017369436926126157,-0.017548402684885597,0.0024777738351016015,0.0022265826440298116
2024-03-04,2024Q1,2024,0.00591070073848643,2024-03-05,2024-03-11,0.0,0.01188970633822178,-0.012978420286201952,-0.014234537874141553,0.0062574749288108866,0.005208389152795148
2024-03-05,2024Q1,2024,0.04420484310778505,2024-03-06,2024-03-12,0.0,0.01188970633822178,-0.015259090509049614,-0.01616982620691677,0.003770903050960275,0.0031690586506720724
2024-03-06,2024Q1,2024,0.008096934050898064,2024-03-07,2024-03-13,0.0,0.01188970633822178,-0.014210179404093162,-0.015276795388216368,0.00481894578967536,0.004282241966863646
2024-03-07,2024Q1,2024,-0.07561647509111502,2024-03-08,2024-03-14,0.0,0.01188970633822178,-0.014834455391908793,-0.015716169277521355,0.0035936638103666735,0.0035698810984099126
2024-03-08,2024Q1,2024,0.016290794958026877,2024-03-11,2024-03-15,0.0,0.01188970633822178,0.01008145174906349,0.0055245718940448475,0.028545835435920545,0.025586579803438435
2024-03-11,2024Q1,2024,0.004611048545420715,2024-03-12,2024-03-18,0.0,0.01188970633822178,-0.009991036970802777,-0.012065494044030761,0.010790441350233925,0.00949902154741809
2024-03-12,2024Q1,2024,-0.018197767010164623,2024-03-13,2024-03-19,0.0,0.01188970633822178,-0.015197858820897192,-0.015714227334434363,0.006442877490745643,0.006498830635810934
2024-03-13,2024Q1,2024,0.008875025263952452,2024-03-14,2024-03-20,0.0,0.01188970633822178,-0.016320799297450093,-0.017526059160866827,0.004803414470174929,0.004212653118095006
2024-03-14,2024Q1,2024,0.0518232743311029,2024-03-15,2024-03-21,0.0,0.01188970633822178,-0.016665597643350873,-0.01721344002243543,0.006403790861560473,0.006028178699043307
2024-03-15,2024Q1,2024,0.0431583944272369,2024-03-18,2024-03-22,0.0,0.01188970633822178,-0.020420561761075737,-0.021213491804313787,0.004145754932910014,0.003240087820477808
2024-03-18,2024Q1,2024,0.09575550455994941,2024-03-19,2024-03-25,0.0,0.01188970633822178,-0.012194813359120201,-0.014883286738971453,0.012878005540557081,0.010261536967240113
2024-03-19,2024Q1,2024,0.030780538649868072,2024-03-20,2024-03-26,0.0,0.01188970633822178,-0.020074935193031215,-0.021351736239019047,0.006234460954428379,0.004533924350675632
2024-03-20,2024Q1,2024,-0.022210216511133196,2024-03-21,2024-03-27,0.0,0.01188970633822178,-0.0275200716927954,-0.02696200269495257,4.5175938512916416e-05,-0.0003931031204580885
2024-03-21,2024Q1,2024,-0.008612984745647312,2024-03-22,2024-03-28,0.0,0.01188970633822178,-0.021976253261110138,-0.021585702898615406,0.0053389013377927105,0.004937136274100489
2024-03-22,2024Q1,2024,-0.03808776633868094,2024-03-25,2024-04-01,0.0,0.01188970633822178,-0.023111910054920127,-0.02273110401360245,0.004154716514001041,0.003892154182848495
2024-03-25,2024Q1,2024,-0.06675981037590029,2024-03-26,2024-04-02,0.0,0.01188970633822178,-0.021933835145648544,-0.021858033381496608,0.00515325274107813,0.004767792121159344
2024-03-26,2024Q1,2024,-0.04454852915052776,2024-03-27,2024-04-03,0.0,0.01188970633822178,-0.017933317826434838,-0.017961743036414853,0.010085714808472451,0.00961229088044601
2024-03-27,2024Q1,2024,-0.04550001356336808,2024-03-28,2024-04-04,0.0,0.01188970633822178,-0.01876907730996613,-0.018786013872073935,0.010965799641756946,0.010267837978852922
2024-03-28,2024Q1,2024,-0.025371269613695735,2024-04-01,2024-04-05,0.0,0.01188970633822178,-0.026942937697702025,-0.025955859788883307,0.004287394368486991,0.004168339564525142
2024-04-01,2024Q2,2024,-0.014867434436614424,2024-04-02,2024-04-08,0.0,0.013917330518032884,0.010062598767924053,0.012837297289608432,0.010542923466121151,0.009994047493156119
2024-04-02,2024Q2,2024,-0.03537368158978771,2024-04-03,2024-04-09,0.0,0.013917330518032884,0.0033557556166790518,0.0076398014703195315,0.006465179216648353,0.006802452689327457
2024-04-03,2024Q2,2024,-0.03724306828150448,2024-04-04,2024-04-10,0.0,0.013917330518032884,0.000425295822364476,0.00507253326785371,0.005995388159690083,0.006297099919755062
2024-04-04,2024Q2,2024,0.043169941242084287,2024-04-05,2024-04-11,0.0,0.013917330518032884,0.009134294589733446,0.012634760286689927,0.016856889328909934,0.016037014379404347
2024-04-05,2024Q2,2024,-0.005794813490971995,2024-04-08,2024-04-12,0.0,0.013917330518032884,-0.0012045502404028768,0.003106047293032351,0.007748240715700557,0.007465630692676235
2024-04-08,2024Q2,2024,-0.016479516364694136,2024-04-09,2024-04-15,0.0,0.013917330518032884,-0.0009552647111501708,0.003686098774932799,0.008883156998326544,0.008912983661894497
2024-04-09,2024Q2,2024,0.04157231738738476,2024-04-10,2024-04-16,0.0,0.013917330518032884,0.003119083672474139,0.006899106219187657,0.014510658806493971,0.013532282374161432
2024-04-10,2024Q2,2024,-0.03872105442388818,2024-04-11,2024-04-17,0.0,0.013917330518032884,-0.0039570147675061385,0.0006690561521448916,0.00732786676400061,0.0071897514747255855
2024-04-11,2024Q2,2024,-0.05605413681537008,2024-04-12,2024-04-18,0.0,0.013917330518032884,-0.0023943773678741804,0.0018886002320591556,0.0069678655728290205,0.007178063572362064
2024-04-12,2024Q2,2024,-0.14476197766909138,2024-04-15,2024-04-19,0.0,0.013917330518032884,-0.0005967219834426812,0.004066415810685117,0.00873638645009128,0.009614948941030557
2024-04-15,2024Q2,2024,-0.08000417691107364,2024-04-16,2024-04-22,0.0,0.013917330518032884,0.006263860937020154,0.009085931760153147,0.01690627732403254,0.016048633593389823
2024-04-16,2024Q2,2024,-0.06697985128120976,2024-04-17,2024-04-23,0.0,0.013917330518032884,-0.002427638750156341,0.0013600726306757654,0.008425724230860415,0.008525179808766423
2024-04-17,2024Q2,2024,-0.06229256433491115,2024-04-18,2024-04-24,0.0,0.013917330518032884,0.006786960436109642,0.009775011086348727,0.018271368951130795,0.017879085038327736
2024-04-18,2024Q2,2024,-0.006229678078093603,2024-04-19,2024-04-25,0.0,0.013917330518032884,-0.0002744612573484292,0.002553148415894676,0.013761627449671994,0.012642366471102343
2024-04-19,2024Q2,2024,0.12331000707514428,2024-04-22,2024-04-26,0.0,0.013917330518032884,0.0012227223109284695,0.009407903510238253,0.018554051980577288,0.022532847023202126
2024-04-22,2024Q2,2024,0.0865184270537891,2024-04-23,2024-04-29,0.0,0.013917330518032884,-0.01157772266633608,-0.007261164530974385,0.009794074550914902,0.009006130062474648
2024-04-23,2024Q2,2024,0.029207904325662337,2024-04-24,2024-04-30,0.0,0.013917330518032884,-0.016358929588728054,-0.011387901744895715,0.004401458361612525,0.004445805332734842
2024-04-24,2024Q2,2024,0.052911248549681655,2024-04-25,2024-05-01,0.0,0.013917330518032884,-0.0048801914300976214,-0.0015504964772640878,0.015643892505365076,0.014608088656782814
2024-04-25,2024Q2,2024,0.023849298842647304,2024-04-26,2024-05-02,0.0,0.013917330518032884,-0.013676366556140131,-0.009928278953031626,0.006495379752099558,0.005775915233685485
2024-04-26,2024Q2,2024,0.013630917603759674,2024-04-29,2024-05-03,0.0,0.013917330518032884,-0.010108136017488318,-0.006646307992643185,0.005341748619136754,0.0058121455452041
2024-04-29,2024Q2,2024,0.05616691478524061,2024-04-30,2024-05-06,0.0,0.013917330518032884,-0.003779060255807579,-0.002124486102803117,0.008161573671185758,0.008020667196210286
2024-04-30,2024Q2,2024,0.06437694266982441,2024-05-01,2024-05-07,0.0,0.013917330518032884,-0.0010788252798888728,0.0003302556891739989,0.009776653242577768,0.00995626846590682
2024-05-01,2024Q2,2024,0.07061072650495781,2024-05-02,2024-05-08,0.0,0.013917330518032884,0.006872375017622501,0.00734253438882928,0.016491958606600375,0.016409251429606777
2024-05-02,2024Q2,2024,0.010912530808191434,2024-05-03,2024-05-09,0.0,0.013917330518032884,0.002637826414801857,0.0025582258212175357,0.012531731178070528,0.011971922477251025
2024-05-03,2024Q2,2024,0.005459212056543095,2024-05-06,2024-05-10,0.0,0.013917330518032884,0.0012581112595435647,0.0014594903154843686,0.010256288673290561,0.010237094011984808
2024-05-06,2024Q2,2024,-0.007673027957110445,2024-05-07,2024-05-13,0.0,0.013917330518032884,0.0025871665967802052,0.002442017100351834,0.009216675643979889,0.009370253116659871
2024-05-07,2024Q2,2024,0.02093136196664691,2024-05-08,2024-05-14,0.0,0.013917330518032884,0.006645117867618045,0.006172952867668733,0.011823194840627556,0.012094688082436512
2024-05-08,2024Q2,2024,0.045300378389452556,2024-05-09,2024-05-15,0.0,0.013917330518032884,0.007110869698189007,0.006202529116802346,0.010775182153307635,0.011118061460670122
2024-05-09,2024Q2,2024,0.04489231870651822,2024-05-10,2024-05-16,0.0,0.013917330518032884,0.014180605025836669,0.012152425255223379,0.0169221084155927,0.016690649197506364
2024-05-10,2024Q2,2024,0.022115868176524334,2024-05-13,2024-05-17,0.0,0.013917330518032884,0.012592910332544376,0.010278145992946488,0.01582189716603594,0.015282659573524779
2024-05-13,2024Q2,2024,0.057824303980272385,2024-05-14,2024-05-20,0.0,0.013917330518032884,0.01116423509580762,0.00917094485039693,0.014946822071544411,0.0145243754848187
2024-05-14,2024Q2,2024,0.03151225734273111,2024-05-15,2024-05-21,0.0,0.013917330518032884,0.009400898277614676,0.007671669776293459,0.012876906657552981,0.01272748354524163
2024-05-15,2024Q2,2024,0.00042138114624057366,2024-05-16,2024-05-22,0.0,0.013917330518032884,0.01066462024295426,0.008778428075768483,0.013436182276343422,0.013338622788884655
2024-05-16,2024Q2,2024,0.099926882512551,2024-05-17,2024-05-23,0.0,0.013917330518032884,0.012072551629490688,0.010139989930135332,0.013513566835396366,0.013738200632650577
2024-05-17,2024Q2,2024,0.13566935221354148,2024-05-20,2024-05-24,0.0,0.013917330518032884,0.0169961052486974,0.015073254647830218,0.018969919413879988,0.018996987906700954
2024-05-20,2024Q2,2024,0.21690404988242773,2024-05-21,2024-05-28,0.0,0.013917330518032884,0.01255570586473451,0.011074114475702616,0.014919650327534974,0.015117520410949038
2024-05-21,2024Q2,2024,0.2028724100267889,2024-05-22,2024-05-29,0.0,0.013917330518032884,0.013228941891948022,0.011762570173007077,0.014312622049090654,0.014615498685953944
2024-05-22,2024Q2,2024,0.08303603062107023,2024-05-23,2024-05-30,0.0,0.013917330518032884,0.01506386655966825,0.01352522780801101,0.01735468030466059,0.017203713614007615
2024-05-23,2024Q2,2024,0.0496319338768747,2024-05-24,2024-05-31,0.0,0.013917330518032884,0.01173584630871751,0.012647019633877333,0.012944913895224156,0.015492481587402691
2024-05-24,2024Q2,2024,0.043140638600870806,2024-05-28,2024-06-03,0.0,0.013917330518032884,0.020234777760213856,0.017467971455134818,0.01530639737708728,0.015346860142745073
2024-05-28,2024Q2,2024,0.02996013548670562,2024-05-29,2024-06-04,0.0,0.013917330518032884,0.024984358259521985,0.02232072305782394,0.014978746759199229,0.01632011076733103
2024-05-29,2024Q2,2024,0.06794592945355493,2024-05-30,2024-06-05,0.0,0.013917330518032884,0.03606006806527663,0.030444116531525553,0.019600943005924326,0.0192700553951214
2024-05-30,2024Q2,2024,0.07534664689388637,2024-05-31,2024-06-06,0.0,0.013917330518032884,0.046905748083784116,0.04066760273086301,0.02696308768487996,0.026766205585390675
2024-05-31,2024Q2,2024,0.06395823087705965,2024-06-03,2024-06-07,0.0,0.013917330518032884,0.04761614964136365,0.040269470728278245,0.028754865317969846,0.02699631178602558
2024-06-03,2024Q2,2024,0.0524905572103036,2024-06-04,2024-06-10,0.0,0.013917330518032884,0.038133992723829474,0.03312540580409803,0.0191678854885339,0.019434052464014286
2024-06-04,2024Q2,2024,0.021449522414387356,2024-06-05,2024-06-11,0.0,0.013917330518032884,0.03706762714897287,0.03214226055589838,0.01812536279401945,0.01808169750323769
2024-06-05,2024Q2,2024,0.009286731422954775,2024-06-06,2024-06-12,0.0,0.013917330518032884,0.036394465776789446,0.03208577734144853,0.016765220191347022,0.01715921062519345
2024-06-06,2024Q2,2024,0.08215750390817766,2024-06-07,2024-06-13,0.0,0.013917330518032884,0.04913300515203135,0.04234771015687044,0.02718290963597753,0.025478304367726808
2024-06-07,2024Q2,2024,0.095621848247879,2024-06-10,2024-06-14,0.0,0.013917330518032884,0.041417012232038065,0.03644910112473153,0.01854290327047905,0.01837401109721654
2024-06-10,2024Q2,2024,0.07563438727414207,2024-06-11,2024-06-17,0.0,0.013917330518032884,0.04495141802334208,0.03923126866777215,0.022248665990483075,0.021007395229085724
2024-06-11,2024Q2,2024,0.10173902584793781,2024-06-12,2024-06-18,0.0,0.013917330518032884,0.041048641032152756,0.03667772301601164,0.019950018548467258,0.019385912876486885
2024-06-12,2024Q2,2024,0.010742711153916673,2024-06-13,2024-06-20,0.0,0.013917330518032884,0.03519492985080215,0.031994478674208134,0.016517732743809955,0.0161686072025067
2024-06-13,2024Q2,2024,-0.026085001876821612,2024-06-14,2024-06-21,0.0,0.013917330518032884,0.033656184681205424,0.031093023145862833,0.014554638490427674,0.014629371474128872
2024-06-14,2024Q2,2024,-0.11188814398219837,2024-06-17,2024-06-24,0.0,0.013917330518032884,0.03653866195057643,0.03346961041510514,0.015236586439420188,0.014846650953572
2024-06-17,2024Q2,2024,-0.038508487686911175,2024-06-18,2024-06-25,0.0,0.013917330518032884,0.038433666991048034,0.03561412027077726,0.01720190540035633,0.01674857222570138
2024-06-18,2024Q2,2024,-0.09585122484523734,2024-06-20,2024-06-26,0.0,0.013917330518032884,0.03790969284934025,0.035228311579186676,0.0143572626895888,0.014083431080143729
2024-06-20,2024Q2,2024,-0.024622441906741455,2024-06-21,2024-06-27,0.0,0.013917330518032884,0.05329227793299032,0.04859449176033418,0.030637391233700587,0.02816841558358439
2024-06-21,2024Q2,2024,0.002434299391091077,2024-06-24,2024-06-28,0.0,0.013917330518032884,0.03251718765668145,0.03226286952857306,0.015603095650649827,0.015595093796592607
2024-06-24,2024Q2,2024,0.02557760875884707,2024-06-25,2024-07-01,0.0,0.013917330518032884,0.02213390989427294,0.026217534152638507,0.014093877777985382,0.01641276246398171
2024-06-25,2024Q2,2024,-0.027432007926876167,2024-06-26,2024-07-02,0.0,0.013917330518032884,0.01262068678218417,0.016009873606746265,0.010122685474417598,0.010232546712481258
2024-06-26,2024Q2,2024,0.0336825169747883,2024-06-27,2024-07-03,0.0,0.013917330518032884,0.009776272255336442,0.013042868279951624,0.01088823544716494,0.009896520532709206
2024-06-27,2024Q2,2024,0.010033713129135702,2024-06-28,2024-07-05,0.0,0.013917330518032884,9.210599838377007e-05,0.005890669121505002,0.005574393311669767,0.006056588491256482
2024-06-28,2024Q2,2024,0.03830886596562166,2024-07-01,2024-07-08,0.0,0.013917330518032884,0.0010303306723917702,0.0061496803632634265,0.0097974179147554,0.008935696464399083
2024-07-01,2024Q3,2024,0.08461989483868604,2024-07-02,2024-07-09,0.0,0.014271244822316387,-0.017783600230160616,-0.008387259520359422,0.0068257194153020905,0.005813869915061349
2024-07-02,2024Q3,2024,0.10891007398618613,2024-07-03,2024-07-10,0.0,0.014271244822316387,-0.0271353986897422,-0.014998559067824968,-0.0008400183942505173,-4.308862706517251e-05
2024-07-03,2024Q3,2024,0.00015704406415673056,2024-07-05,2024-07-11,0.0,0.014271244822316387,-0.02672034573773912,-0.015336386230749654,-0.000357608222459619,-0.00039333570467447315
2024-07-05,2024Q3,2024,0.013726626862638591,2024-07-08,2024-07-12,0.0,0.014271244822316387,-0.022153926480294815,-0.010848785164140553,0.002113191209909028,0.002604119779715598
2024-07-08,2024Q3,2024,-0.014652885099158075,2024-07-09,2024-07-15,0.0,0.014271244822316387,-0.01991184253807684,-0.009837863482787068,0.0034032158953760244,0.0031318260595396535
2024-07-09,2024Q3,2024,-0.057225981040074925,2024-07-10,2024-07-16,0.0,0.014271244822316387,-0.015311873271792797,-0.006476553497333887,0.005085125807328981,0.004499914466802098
2024-07-10,2024Q3,2024,-0.13082874501827246,2024-07-11,2024-07-17,0.0,0.014271244822316387,-0.012673249811575471,-0.004502722768637746,0.0028831358648932284,0.0030658526779338523
2024-07-11,2024Q3,2024,-0.05590206203044212,2024-07-12,2024-07-18,0.0,0.014271244822316387,-0.0014760003649673809,0.006205163692637022,0.01495051692178737,0.015171140280163717
2024-07-12,2024Q3,2024,-0.09673711312494304,2024-07-15,2024-07-19,0.0,0.014271244822316387,-0.008524791911158233,-0.0015258917989603629,0.008031717048304984,0.007353345707705189
2024-07-15,2024Q3,2024,-0.03815012015523955,2024-07-16,2024-07-22,0.0,0.014271244822316387,-0.004557675611807387,0.001953476029573832,0.01025060853161796,0.009689514849449058
2024-07-16,2024Q3,2024,0.010218359121232146,2024-07-17,2024-07-23,0.0,0.014271244822316387,-0.005029197531445418,0.0018340143816880164,0.010081462507372893,0.009777321108550573
2024-07-17,2024Q3,2024,-0.0623717568263672,2024-07-18,2024-07-24,0.0,0.014271244822316387,-0.013882620233685774,-0.002472434350044841,0.006079649232987653,0.008828574708840846
2024-07-18,2024Q3,2024,-0.06705442290935726,2024-07-19,2024-07-25,0.0,0.014271244822316387,-0.007703811333931082,-0.00034906399223180035,0.013788204584158978,0.012237138603358805
2024-07-19,2024Q3,2024,-0.060573336169130965,2024-07-22,2024-07-26,0.0,0.014271244822316387,-0.0125185309427275,-0.0030434714724042137,0.009092929720973981,0.009096424286563654
2024-07-22,2024Q3,2024,-0.09113864271591032,2024-07-23,2024-07-29,0.0,0.014271244822316387,-0.018527194518721084,-0.008340586500669581,0.0034507766116257145,0.003610490227022806
2024-07-23,2024Q3,2024,-0.12956276788829613,2024-07-24,2024-07-30,0.0,0.014271244822316387,-0.018872047832723546,-0.008184855431396658,0.0024804380364707047,0.0028453400922258208
2024-07-24,2024Q3,2024,0.0352087375734651,2024-07-25,2024-07-31,0.0,0.014271244822316387,-0.012656924602039814,-0.0009648665808419821,0.008534429936941116,0.010863697711752133
2024-07-25,2024Q3,2024,-0.0600740443262624,2024-07-26,2024-08-01,0.0,0.014271244822316387,-0.006090065899530685,0.0014420249643900228,0.018306245006453486,0.015884644242507167
2024-07-26,2024Q3,2024,-0.05646939625714742,2024-07-29,2024-08-02,0.0,0.014271244822316387,-0.010704469107364431,-0.001901309834690763,0.013698058067377774,0.012237618512143469
2024-07-29,2024Q3,2024,-0.0992647061338704,2024-07-30,2024-08-05,0.0,0.014271244822316387,-0.015353028409777363,-0.005081633881362362,0.010169709906628303,0.009326466026055389
2024-07-30,2024Q3,2024,-0.07661648723623937,2024-07-31,2024-08-06,0.0,0.014271244822316387,-0.013922756108149765,-0.0011972233154269457,0.01606773315730366,0.016720709035886662
2024-07-31,2024Q3,2024,-0.15842759559755437,2024-08-01,2024-08-07,0.0,0.014271244822316387,-0.032227092346483806,-0.01533754908585165,-0.00461491562749157,0.00023660745258211567
2024-08-01,2024Q3,2024,0.011661517536246668,2024-08-02,2024-08-08,0.0,0.014271244822316387,-0.0022552540355236343,0.006775894946433589,0.019041745689732822,0.018109850739633115
2024-08-02,2024Q3,2024,0.13784491394679188,2024-08-05,2024-08-09,0.0,0.014271244822316387,-0.01753559444188761,-0.007645039775615961,0.003963826904858497,0.003160661191864181
2024-08-05,2024Q3,2024,0.049884442294472864,2024-08-06,2024-08-12,0.0,0.014271244822316387,-0.019826042953957033,-0.008454696493095068,0.0005651559680032881,0.0017589016032380361
2024-08-06,2024Q3,2024,0.07726557851489968,2024-08-07,2024-08-13,0.0,0.014271244822316387,-0.005070577470177109,0.0016592536803236146,0.013354636976942743,0.01118189446128123
2024-08-07,2024Q3,2024,0.15764707677504575,2024-08-08,2024-08-14,0.0,0.014271244822316387,0.0054257222362384915,0.011917236987241073,0.022677391989481998,0.02062249613736726
2024-08-08,2024Q3,2024,0.1630064494528054,2024-08-09,2024-08-15,0.0,0.014271244822316387,-0.007038739527334418,0.00035240665974669606,0.007309011982112524,0.006238943181983909
2024-08-09,2024Q3,2024,0.17174569402410733,2024-08-12,2024-08-16,0.0,0.014271244822316387,-0.0040175980659006155,0.0026847058858766627,0.003749689917869451,0.0032983433331342377
2024-08-12,2024Q3,2024,0.15617215561467535,2024-08-13,2024-08-19,0.0,0.014271244822316387,0.004674049209501364,0.00860967791111003,0.004748682296459195,0.004296641131492961
2024-08-13,2024Q3,2024,0.07356788416862958,2024-08-14,2024-08-20,0.0,0.014271244822316387,0.011904383351951764,0.014232755042249405,0.002926428729050908,0.0037606538934601332
2024-08-14,2024Q3,2024,0.08201412671411612,2024-08-15,2024-08-21,0.0,0.014271244822316387,0.031161420734716484,0.028146669753708164,0.012439288673818294,0.011572708576921355
2024-08-15,2024Q3,2024,0.014761320209323525,2024-08-16,2024-08-22,0.0,0.014271244822316387,0.0389737487830341,0.033449290846109855,0.012222696697725856,0.011886065733029479
2024-08-16,2024Q3,2024,0.04095587695434166,2024-08-19,2024-08-23,0.0,0.014271244822316387,0.04986366692835441,0.04141018732382235,0.01475754769071911,0.014556062126028552
2024-08-19,2024Q3,2024,-0.015108994581228163,2024-08-20,2024-08-26,0.0,0.014271244822316387,0.062361495743327264,0.05036784756225833,0.01895599219516844,0.01864619624154293
2024-08-20,2024Q3,2024,0.007697167446454545,2024-08-21,2024-08-27,0.0,0.014271244822316387,0.07177155434705233,0.05832768685470877,0.023058316975502494,0.023119860793824103
2024-08-21,2024Q3,2024,-0.033917885842151496,2024-08-22,2024-08-28,0.0,0.014271244822316387,0.0730369791419373,0.058596253381015026,0.02304259432202515,0.022849711644699768
2024-08-22,2024Q3,2024,-0.06570796307290627,2024-08-23,2024-08-29,0.0,0.014271244822316387,0.08262710044549085,0.06730663424814473,0.03403752897451788,0.03297987629776029
2024-08-23,2024Q3,2024,-0.07872195725136888,2024-08-26,2024-08-30,0.0,0.014271244822316387,0.06960858384767249,0.05602454143642519,0.023010882452608385,0.022833551797460053
2024-08-26,2024Q3,2024,-0.13634548289215842,2024-08-27,2024-09-03,0.0,0.014271244822316387,0.07339371473960744,0.05976231619293908,0.028871197699069914,0.02772007395396196
2024-08-27,2024Q3,2024,-0.17101152722238577,2024-08-28,2024-09-04,0.0,0.014271244822316387,0.06182713924763977,0.05017701733399466,0.02131334803155892,0.020572448485295228
2024-08-28,2024Q3,2024,-0.11659526577714896,2024-08-29,2024-09-05,0.0,0.014271244822316387,0.06421416798191182,0.053144658962048195,0.0254935048887441,0.02490291781980159
2024-08-29,2024Q3,2024,-0.1397138552563485,2024-08-30,2024-09-06,0.0,0.014271244822316387,0.058161092546379835,0.05047056201993196,0.023895551936451615,0.02542441782713734
2024-08-30,2024Q3,2024,-0.08223429652491976,2024-09-03,2024-09-09,0.0,0.014271244822316387,0.04677679803457928,0.03970857493333579,0.021936784560209144,0.020845910201196277
2024-09-03,2024Q3,2024,0.025519350332578128,2024-09-04,2024-09-10,0.0,0.014271244822316387,0.03597132570408845,0.03671145388715468,0.019774840530106638,0.023815012948190592
2024-09-04,2024Q3,2024,0.11353467988261845,2024-09-05,2024-09-11,0.0,0.014271244822316387,0.023613717921593266,0.022893334289660935,0.021016980647146098,0.018834059121699925
2024-09-05,2024Q3,2024,0.10273971103350688,2024-09-06,2024-09-12,0.0,0.014271244822316387,0.002065988908196854,0.006692226861370065,0.00902526365539127,0.00815035824650118
2024-09-06,2024Q3,2024,0.13558353921714783,2024-09-09,2024-09-13,0.0,0.014271244822316387,0.0026670320741975454,0.009138532812601642,0.015783183543700223,0.014925932027215942
2024-09-09,2024Q3,2024,0.0832019425269721,2024-09-10,2024-09-16,0.0,0.014271244822316387,-0.018991478746060206,-0.008503031922918512,0.0004910650703927755,0.0005088138836681268
2024-09-10,2024Q3,2024,0.05667791372918596,2024-09-11,2024-09-17,0.0,0.014271244822316387,-0.014987273010124025,-0.005504611906757174,0.0031768405313943437,0.002415567910761746
2024-09-11,2024Q3,2024,-0.029698679391204963,2024-09-12,2024-09-18,0.0,0.014271244822316387,-0.0137293753272545,-0.004452746782797558,-0.0015465289313391084,-0.000618410703798004
2024-09-12,2024Q3,2024,-0.01016122829918431,2024-09-13,2024-09-19,0.0,0.014271244822316387,-0.004048696358539442,0.0020689524445944036,0.0013656309048765136,0.0009556658280480256
2024-09-13,2024Q3,2024,-0.006764285549571536,2024-09-16,2024-09-20,0.0,0.014271244822316387,0.004334243806785175,0.008546032770564259,0.00312109527090702,0.0034975978187732053
2024-09-16,2024Q3,2024,-0.016163121454771945,2024-09-17,2024-09-23,0.0,0.014271244822316387,0.01353390970997432,0.01556446464099389,0.0076246821947186065,0.008002446190802117
2024-09-17,2024Q3,2024,0.04297181278075346,2024-09-18,2024-09-24,0.0,0.014271244822316387,0.02530408607821858,0.024303224859088077,0.015332201435386926,0.01476076302130584
2024-09-18,2024Q3,2024,0.052492575562051114,2024-09-19,2024-09-25,0.0,0.014271244822316387,0.026896644268560498,0.02570571206994824,0.016318410073420067,0.015860555803735528
2024-09-19,2024Q3,2024,0.0596275713523724,2024-09-20,2024-09-26,0.0,0.014271244822316387,0.022801011011433878,0.022129012054106445,0.01151107981186095,0.011622042819649554
2024-09-20,2024Q3,2024,0.04161302743138773,2024-09-23,2024-09-27,0.0,0.014271244822316387,0.024788773796195644,0.023956192054251528,0.011785570041661001,0.011978791383700014
2024-09-23,2024Q3,2024,0.042224561792695514,2024-09-24,2024-09-30,0.0,0.014271244822316387,0.026082588359126614,0.024583324048915604,0.01159687049882271,0.01171443031367664
2024-09-24,2024Q3,2024,-0.04114077021122142,2024-09-25,2024-10-01,0.0,0.014271244822316387,0.03141697675169078,0.027958257632197288,0.01333092187535805,0.012861403536741398
2024-09-25,2024Q3,2024,-0.06269719547555241,2024-09-26,2024-10-02,0.0,0.014271244822316387,0.037889163461453004,0.032875321697225006,0.01366410650293563,0.013603438987200726
2024-09-26,2024Q3,2024,-0.009034465883307474,2024-09-27,2024-10-03,0.0,0.014271244822316387,0.049889776947687495,0.04214697315732492,0.02247781940784163,0.02115501058583749
2024-09-27,2024Q3,2024,0.05587017789496551,2024-09-30,2024-10-04,0.0,0.014271244822316387,0.04958979942087686,0.04235282214984102,0.020621872276589265,0.020437516867830033
2024-09-30,2024Q3,2024,0.04886264877773994,2024-10-01,2024-10-07,0.0,0.014271244822316387,0.04532089587031134,0.038198427396997636,0.015289569452832958,0.015543061713561764
2024-10-01,2024Q4,2024,0.14127444695408697,2024-10-02,2024-10-08,0.0,0.013567180943737076,0.02355545606214826,0.02173915279836837,0.021967266260966248,0.021586673782496138
2024-10-02,2024Q4,2024,0.09700625128318552,2024-10-03,2024-10-09,0.0,0.013567180943737076,0.016532237635706593,0.015202165891743946,0.014406853024136681,0.014041201114616934
2024-10-03,2024Q4,2024,0.07899787837619332,2024-10-04,2024-10-10,0.0,0.013567180943737076,0.014704678465281333,0.013837997832470455,0.012667427199865721,0.012643439421902226
2024-10-04,2024Q4,2024,0.07848632175096548,2024-10-07,2024-10-11,0.0,0.013567180943737076,0.014487695476805399,0.013653306966563705,0.012886752545839592,0.012853558052778144
2024-10-07,2024Q4,2024,0.05995710998569814,2024-10-08,2024-10-14,0.0,0.013567180943737076,0.014496427146404079,0.013206395100102575,0.013990942365971617,0.013516822167276104
2024-10-08,2024Q4,2024,-0.01871593837456298,2024-10-09,2024-10-15,0.0,0.013567180943737076,0.01031808586790078,0.010061919738811865,0.010819243057466187,0.011405596220503106
2024-10-09,2024Q4,2024,0.028883310232885373,2024-10-10,2024-10-16,0.0,0.013567180943737076,0.0123420179343192,0.011594662233454706,0.014076668917500854,0.014404111675398271
2024-10-10,2024Q4,2024,0.021789405929692585,2024-10-11,2024-10-17,0.0,0.013567180943737076,0.010579296656471336,0.009794886593275437,0.01321253232288365,0.01354592936180593
2024-10-11,2024Q4,2024,0.011211246175798939,2024-10-14,2024-10-18,0.0,0.013567180943737076,0.009115221451240354,0.008935119849558993,0.012180803012474215,0.013122372690336023
2024-10-14,2024Q4,2024,0.04235882935743751,2024-10-15,2024-10-21,0.0,0.013567180943737076,0.009435625874891367,0.008641883647603658,0.013390578974387113,0.013756631675911365
2024-10-15,2024Q4,2024,0.07172713029409561,2024-10-16,2024-10-22,0.0,0.013567180943737076,0.018064101988741393,0.016574592486864746,0.0232344813880704,0.022953192091645234
2024-10-16,2024Q4,2024,0.0015788806264185329,2024-10-17,2024-10-23,0.0,0.013567180943737076,0.009469935546962214,0.00835467970893875,0.014073527311226165,0.013679233501753806
2024-10-17,2024Q4,2024,0.012547815072761148,2024-10-18,2024-10-24,0.0,0.013567180943737076,0.01106675131843707,0.009731780141990158,0.01564453408274108,0.015034051417470445
2024-10-18,2024Q4,2024,0.024686804334896673,2024-10-21,2024-10-25,0.0,0.013567180943737076,0.0061311754480257875,0.00627687036063804,0.01061401765199372,0.011277446538801684
2024-10-21,2024Q4,2024,-0.016723807490056863,2024-10-22,2024-10-28,0.0,0.013567180943737076,0.00472284078187434,0.00476794548131718,0.010041624467072931,0.010595015236949475
2024-10-22,2024Q4,2024,-0.005491788960083954,2024-10-23,2024-10-29,0.0,0.013567180943737076,0.004801248414494464,0.0050257088403856,0.010461587233015384,0.01128853591344222
2024-10-23,2024Q4,2024,-0.010509948227176324,2024-10-24,2024-10-30,0.0,0.013567180943737076,0.007968812116443826,0.00810738708547279,0.014209510913943992,0.014915560754163927
2024-10-24,2024Q4,2024,-0.05797203287834496,2024-10-25,2024-10-31,0.0,0.013567180943737076,0.006831184156379255,0.006549716169679764,0.012792581376942513,0.0128403023675137
2024-10-25,2024Q4,2024,-0.05314689582878063,2024-10-28,2024-11-01,0.0,0.013567180943737076,0.006565679609478124,0.006328598255820574,0.012765003726448286,0.012791638292908107
2024-10-28,2024Q4,2024,-0.030223041109761817,2024-10-29,2024-11-04,0.0,0.013567180943737076,0.0072415710359076575,0.007241832863435168,0.013259239288499654,0.01334932654506067
2024-10-29,2024Q4,2024,0.002651643928474723,2024-10-30,2024-11-05,0.0,0.013567180943737076,0.005350362703054567,0.0057171725687634525,0.011324452664826826,0.011528260822078685
2024-10-30,2024Q4,2024,0.05821216679896124,2024-10-31,2024-11-06,0.0,0.013567180943737076,0.005017122186474803,0.005943295612185214,0.0111225183185663,0.011711442364597582
2024-10-31,2024Q4,2024,0.10527103382206393,2024-11-01,2024-11-07,0.0,0.013567180943737076,0.006803931279384666,0.008914215162324258,0.01301677133047336,0.01453413631049565
2024-11-01,2024Q4,2024,0.07594196967481248,2024-11-04,2024-11-08,0.0,0.013567180943737076,0.004213631242942519,0.005167479634525737,0.009208913923200994,0.009192448983559857
2024-11-04,2024Q4,2024,0.056820645558360194,2024-11-05,2024-11-11,0.0,0.013567180943737076,0.006236463975377292,0.006882284127700753,0.010856980670648636,0.010550065554848123
2024-11-05,2024Q4,2024,0.037283060450140626,2024-11-06,2024-11-12,0.0,0.013567180943737076,0.003120278593243188,0.004591171473062948,0.0071757062598736005,0.007667636481762039
2024-11-06,2024Q4,2024,-0.0008196947721005321,2024-11-07,2024-11-13,0.0,0.013567180943737076,0.0041237582595549365,0.005285209307904487,0.008240266682412352,0.008628638357647152
2024-11-07,2024Q4,2024,-0.013510853719838734,2024-11-08,2024-11-14,0.0,0.013567180943737076,0.0031716655709507005,0.004354344617381009,0.007750104934845972,0.008444797340930465
2024-11-08,2024Q4,2024,-0.04506320472353342,2024-11-11,2024-11-15,0.0,0.013567180943737076,0.006066289866333784,0.006703116410856245,0.011545785965782675,0.01189989656175467
2024-11-11,2024Q4,2024,-0.04516967528240401,2024-11-12,2024-11-18,0.0,0.013567180943737076,0.009339370424212335,0.009078398765648463,0.01568324339346909,0.01526144738855718
2024-11-12,2024Q4,2024,-0.013819096506129558,2024-11-13,2024-11-19,0.0,0.013567180943737076,0.004873718690644582,0.005143957863101917,0.011544889228899003,0.011545118753228487
2024-11-13,2024Q4,2024,-0.011853156375200458,2024-11-14,2024-11-20,0.0,0.013567180943737076,0.0063350213117345025,0.006861813920892793,0.013164089312020927,0.013420867804391992
2024-11-14,2024Q4,2024,0.012424954182553627,2024-11-15,2024-11-21,0.0,0.013567180943737076,0.005651975848719043,0.0059678938030022655,0.01233608022966024,0.012225309404332172
2024-11-15,2024Q4,2024,0.01756270213793676,2024-11-18,2024-11-22,0.0,0.013567180943737076,0.006490988733238062,0.007791609441497778,0.013278904751974671,0.014032099528453754
2024-11-18,2024Q4,2024,-0.03750355772058844,2024-11-19,2024-11-25,0.0,0.013567180943737076,0.005633453030498474,0.006561307552480234,0.011975729474872392,0.012180742064308749
2024-11-19,2024Q4,2024,-0.07116210048545324,2024-11-20,2024-11-26,0.0,0.013567180943737076,0.003246100632627407,0.004374641799025332,0.009092356616138993,0.00948339015987408
2024-11-20,2024Q4,2024,-0.09380655636474866,2024-11-21,2024-11-27,0.0,0.013567180943737076,0.007585096717000702,0.007865261948221269,0.013218685800340713,0.012926496317183678
2024-11-21,2024Q4,2024,-0.05262792476694089,2024-11-22,2024-11-29,0.0,0.013567180943737076,0.017484219079840754,0.014288379083650516,0.023986048794918696,0.02043966466598554
2024-11-22,2024Q4,2024,-0.023663641667464597,2024-11-25,2024-12-02,0.0,0.013567180943737076,0.009397827169216057,0.010217136902418636,0.015058646215498933,0.015279963944755275
2024-11-25,2024Q4,2024,0.01859112284189801,2024-11-26,2024-12-03,0.0,0.013567180943737076,0.01026969332514733,0.0114432416598708,0.01581418880390682,0.016223128476986527
2024-11-26,2024Q4,2024,0.07503151836880928,2024-11-27,2024-12-04,0.0,0.013567180943737076,0.008934895264589316,0.009320937199891736,0.012818578864769344,0.012154819575478776
2024-11-27,2024Q4,2024,0.060535157575612786,2024-11-29,2024-12-05,0.0,0.013567180943737076,0.01026634657536245,0.010824810294501996,0.013512244611860385,0.012997746754277752
2024-11-29,2024Q4,2024,0.02600302933615639,2024-12-02,2024-12-06,0.0,0.013567180943737076,0.007295684882166923,0.008532862385062047,0.009360207784154046,0.009317792857642965
2024-12-02,2024Q4,2024,0.00397803467098079,2024-12-03,2024-12-09,0.0,0.013567180943737076,0.008125093267188828,0.009582567678119842,0.009490227416676742,0.009720292985420076
2024-12-03,2024Q4,2024,-0.04880276532240313,2024-12-04,2024-12-10,0.0,0.013567180943737076,0.007239060605644568,0.008825833235455587,0.008420327519246672,0.008868156374041019
2024-12-04,2024Q4,2024,-0.03996969903771097,2024-12-05,2024-12-11,0.0,0.013567180943737076,0.009731569739364183,0.010343477368079872,0.011186827011701646,0.010978963533554879
2024-12-05,2024Q4,2024,-0.050207534295868106,2024-12-06,2024-12-12,0.0,0.013567180943737076,0.010199446514965453,0.01120355884000028,0.011486390285760834,0.011946551570208156
2024-12-06,2024Q4,2024,-0.033964173413275955,2024-12-09,2024-12-13,0.0,0.013567180943737076,0.01364314167850105,0.014117466037428455,0.01522411136357531,0.015370626548424493
2024-12-09,2024Q4,2024,-0.05042798923707037,2024-12-10,2024-12-16,0.0,0.013567180943737076,0.010622802264758377,0.012387877617200643,0.011757977687681307,0.013135985930483363
2024-12-10,2024Q4,2024,-0.05074258291884326,2024-12-11,2024-12-17,0.0,0.013567180943737076,0.02050503509490314,0.01941159412265278,0.021884437871382625,0.020565043671925874
2024-12-11,2024Q4,2024,-0.05960021928665049,2024-12-12,2024-12-18,0.0,0.013567180943737076,0.01475763252555409,0.014532313599935285,0.01453752260234951,0.013938200942944056
2024-12-12,2024Q4,2024,-0.059450191596969404,2024-12-13,2024-12-19,0.0,0.013567180943737076,0.013338248316378008,0.01452483784758123,0.011917351271212615,0.01276164477496361
2024-12-13,2024Q4,2024,0.0038754233182694,2024-12-16,2024-12-20,0.0,0.013567180943737076,0.022593602146211905,0.02149605348585657,0.021043778477878798,0.019761350935688995
2024-12-16,2024Q4,2024,0.08195834015954051,2024-12-17,2024-12-23,0.0,0.013567180943737076,0.018241390495556016,0.01854906318078437,0.015539936042583464,0.015464863062036392
2024-12-17,2024Q4,2024,0.04751233065405902,2024-12-18,2024-12-24,0.0,0.013567180943737076,0.017851124172339777,0.01816692957416132,0.014672600970477328,0.01458676203497783
2024-12-18,2024Q4,2024,0.06200666749816408,2024-12-19,2024-12-26,0.0,0.013567180943737076,0.02832169177306131,0.02585033404385517,0.024811616799306158,0.02217308941386187
2024-12-19,2024Q4,2024,0.05546565814387483,2024-12-20,2024-12-27,0.0,0.013567180943737076,0.021878275904889624,0.02118188728705262,0.016703141396610322,0.01571778562654644
2024-12-20,2024Q4,2024,0.00887882832921627,2024-12-23,2024-12-30,0.0,0.013567180943737076,0.021122573909657348,0.020395972052586392,0.015665233644898486,0.014923301648823136
2024-12-23,2024Q4,2024,-0.04078576224190844,2024-12-24,2024-12-31,0.0,0.013567180943737076,0.01928053518742515,0.019249784036318794,0.013395411437030356,0.01361659222247322
2024-12-24,2024Q4,2024,-0.009949888475397906,2024-12-26,2025-01-02,0.0,0.013567180943737076,0.02071225001501748,0.020417116262331496,0.015182562544410071,0.015418716719285068
2024-12-26,2024Q4,2024,0.04272824278996068,2024-12-27,2025-01-03,0.0,0.013567180943737076,0.02107427308048394,0.020715083597017826,0.016019387104890682,0.016369160259918275
2024-12-27,2024Q4,2024,0.10828443704258572,2024-12-30,2025-01-06,0.0,0.013567180943737076,0.022984745555607818,0.022527990032621962,0.01843730132140196,0.018797021663702486
2024-12-30,2024Q4,2024,0.015286536470418666,2024-12-31,2025-01-07,0.0,0.013567180943737076,0.024422804261948452,0.022716782419590208,0.02010382315993114,0.01927998155225699
2024-12-31,2024Q4,2024,0.030220592723173345,2025-01-02,2025-01-08,0.0,0.013567180943737076,0.024971157160319477,0.024239381880276425,0.019946880494106794,0.020015716620546624
2025-01-02,2025Q1,2025,-0.0292835583571599,2025-01-03,2025-01-10,0.0,0.013222677112870023,0.020100211696975748,0.018613770398672944,0.0162785832778174,0.016099712392859813
2025-01-03,2025Q1,2025,-0.10337170057816836,2025-01-06,2025-01-13,0.0,0.013222677112870023,0.018954095320589205,0.017709918886368626,0.014327640142706271,0.014745829970492612
2025-01-06,2025Q1,2025,-0.13899238346813936,2025-01-07,2025-01-14,0.0,0.013222677112870023,0.021875480175522245,0.01961970816226451,0.016734911574070716,0.01670542657816757
2025-01-07,2025Q1,2025,-0.04446623829759089,2025-01-08,2025-01-15,0.0,0.013222677112870023,0.035980629843626655,0.03279617156197296,0.03191273653632809,0.03152162126163617
2025-01-08,2025Q1,2025,-0.028228371845540834,2025-01-10,2025-01-16,0.0,0.013222677112870023,0.028073736617103207,0.024004914821370155,0.024886229156885542,0.02324585406363598
2025-01-10,2025Q1,2025,0.05938919066442461,2025-01-13,2025-01-17,0.0,0.013222677112870023,0.024364225090209152,0.022298410941753645,0.021323753335810994,0.021489806855296292
2025-01-13,2025Q1,2025,0.03513413209905192,2025-01-14,2025-01-21,0.0,0.013222677112870023,0.01939543372034959,0.018454210713519867,0.015949217458595368,0.016753659785705595
2025-01-14,2025Q1,2025,0.10041162768872658,2025-01-15,2025-01-22,0.0,0.013222677112870023,0.028589682470586818,0.025499216271244997,0.024333509108573462,0.022642245380356137
2025-01-15,2025Q1,2025,0.06188691480689168,2025-01-16,2025-01-23,0.0,0.013222677112870023,0.02096412743109502,0.01934569610188397,0.01622069533634811,0.01570873577678742
2025-01-16,2025Q1,2025,0.04338278271904494,2025-01-17,2025-01-24,0.0,0.013222677112870023,0.0258905622617726,0.024111055927173476,0.020207363348833503,0.019465325426679135
2025-01-17,2025Q1,2025,-0.14903711517227536,2025-01-21,2025-01-27,0.0,0.013222677112870023,0.018496566847973732,0.017798914522580818,0.013038861293011883,0.01309750076052845
2025-01-21,2025Q1,2025,-0.10832294879202842,2025-01-22,2025-01-28,0.0,0.013222677112870023,0.01984700912492065,0.01841085527730857,0.014753867897762799,0.014294361971860965
2025-01-22,2025Q1,2025,-0.14719066290469052,2025-01-23,2025-01-29,0.0,0.013222677112870023,0.0168897131417695,0.01605181269984005,0.012413789502746657,0.012841714493901243
2025-01-23,2025Q1,2025,-0.15987055585311416,2025-01-24,2025-01-30,0.0,0.013222677112870023,0.01740515594657346,0.016229201331939978,0.013200872376292382,0.013571342703086882
2025-01-24,2025Q1,2025,-0.03790066699735517,2025-01-27,2025-01-31,0.0,0.013222677112870023,0.02559555181401096,0.02312223717192585,0.022930225646565952,0.022398714222227018
2025-01-27,2025Q1,2025,-0.04227890977509552,2025-01-28,2025-02-03,0.0,0.013222677112870023,-0.012977294886404356,0.010547965908794863,-0.013578957943867613,0.01092457306074061
2025-01-28,2025Q1,2025,-0.06205532390609558,2025-01-29,2025-02-04,0.0,0.013222677112870023,0.015852632184349784,0.015262210231782727,0.01634838638744867,0.01614254435644229
2025-01-29,2025Q1,2025,0.014053642391370635,2025-01-30,2025-02-05,0.0,0.013222677112870023,0.01968474887845976,0.01944253706820902,0.015919528040447346,0.015666594259870124
2025-01-30,2025Q1,2025,0.03958631398293355,2025-01-31,2025-02-06,0.0,0.013222677112870023,0.019307421042091943,0.01785689371128153,0.014009681015524115,0.011905951419387075
2025-01-31,2025Q1,2025,0.131503236060049,2025-02-03,2025-02-07,0.0,0.013222677112870023,0.023013279397050633,0.02259833290659813,0.016054904096991198,0.014613631021722055
2025-02-03,2025Q1,2025,0.14201443544600023,2025-02-04,2025-02-10,0.0,0.013222677112870023,0.015830308612969538,0.016913054814380928,0.009095368326222292,0.009052325538413031
2025-02-04,2025Q1,2025,0.09067017675620015,2025-02-05,2025-02-11,0.0,0.013222677112870023,0.017393735236050888,0.01731694739645486,0.009168596455785341,0.00795896674242338
2025-02-05,2025Q1,2025,0.02919479888683396,2025-02-06,2025-02-12,0.0,0.013222677112870023,0.014896907565227168,0.015729394292137166,0.005027749257664098,0.005222553523385538
2025-02-06,2025Q1,2025,0.04697409076062731,2025-02-07,2025-02-13,0.0,0.013222677112870023,0.01767874948176176,0.017475494714951585,0.0064752426716196305,0.006148679608642658
2025-02-07,2025Q1,2025,0.06733807373529399,2025-02-10,2025-02-14,0.0,0.013222677112870023,0.02203601904175844,0.020350749774940405,0.011268711289261303,0.010099195576698906
2025-02-10,2025Q1,2025,0.05144057905596,2025-02-11,2025-02-18,0.0,0.013222677112870023,0.019591885028203568,0.017968377576062212,0.010061893118144653,0.009490949723991908
2025-02-11,2025Q1,2025,0.07083518806674016,2025-02-12,2025-02-19,0.0,0.013222677112870023,0.02074100550805701,0.019022847051224177,0.012063758984805915,0.011847109523075529
2025-02-12,2025Q1,2025,0.0649893828703505,2025-02-13,2025-02-20,0.0,0.013222677112870023,0.019397120767958475,0.018012535650567107,0.011739250475039782,0.011947405083832902
2025-02-13,2025Q1,2025,-0.015020538657184002,2025-02-14,2025-02-21,0.0,0.013222677112870023,0.020439293246085687,0.017837162585664354,0.013725059760850814,0.012972451540125982
2025-02-14,2025Q1,2025,-0.0777943311445517,2025-02-18,2025-02-24,0.0,0.013222677112870023,0.01975406261780426,0.017259080067576812,0.012913219860123809,0.012539167710656144
2025-02-18,2025Q1,2025,-0.09232311490620027,2025-02-19,2025-02-25,0.0,0.013222677112870023,0.02561765346444272,0.02162284213707394,0.01894798700342351,0.01744645855425918
2025-02-19,2025Q1,2025,-0.06248661055686355,2025-02-20,2025-02-26,0.0,0.013222677112870023,0.02302547430871126,0.01969855525500714,0.016769079372484442,0.016077137099249968
2025-02-20,2025Q1,2025,-0.1420307962998415,2025-02-21,2025-02-27,0.0,0.013222677112870023,0.02350612166369786,0.01973042086030725,0.017863966199108263,0.017110016770151417
2025-02-21,2025Q1,2025,-0.08523725540236671,2025-02-24,2025-02-28,0.0,0.013222677112870023,0.029574035377647474,0.025746269783000784,0.024273057437052707,0.023777734030851316
2025-02-24,2025Q1,2025,-0.12248037153591251,2025-02-25,2025-03-03,0.0,0.013222677112870023,0.03339709772176612,0.028184266510232075,0.028374951306228715,0.02630663266483812
2025-02-25,2025Q1,2025,-0.10770064649417055,2025-02-26,2025-03-04,0.0,0.013222677112870023,0.027169266958952658,0.02424438747425126,0.022553628297027645,0.022068611747915787
2025-02-26,2025Q1,2025,-0.1311110885054978,2025-02-27,2025-03-05,0.0,0.013222677112870023,0.023085121397923257,0.020366481941021128,0.01834944632784238,0.01769257118502507
2025-02-27,2025Q1,2025,-0.0631248700232857,2025-02-28,2025-03-06,0.0,0.013222677112870023,0.03692389807486009,0.03576224461944977,0.03207900215809274,0.032907649630214295
2025-02-28,2025Q1,2025,-0.08760423858538902,2025-03-03,2025-03-07,0.0,0.013222677112870023,0.02032030232702066,0.018254282432040858,0.015315081440067848,0.014159326693813638
2025-03-03,2025Q1,2025,-0.033167628724225295,2025-03-04,2025-03-10,0.0,0.013222677112870023,0.026018393843592343,0.028361864550716934,0.02044920059684483,0.023476050302878387
2025-03-04,2025Q1,2025,-0.07501275350800929,2025-03-05,2025-03-11,0.0,0.013222677112870023,0.021563203682421987,0.01940568537517881,0.016574077010251955,0.014234600502324609
2025-03-05,2025Q1,2025,0.019466212527394555,2025-03-06,2025-03-12,0.0,0.013222677112870023,0.017486880603437838,0.017481595564760477,0.010067547827509817,0.009280927091863312
2025-03-06,2025Q1,2025,0.03892136477352515,2025-03-07,2025-03-13,0.0,0.013222677112870023,0.015671028394185132,0.019049458812165417,0.00836980885609804,0.010843151509130218
2025-03-07,2025Q1,2025,0.10709732920517623,2025-03-10,2025-03-14,0.0,0.013222677112870023,0.01891244690534822,0.018590103194986697,0.011127790406567157,0.009603255204262742
2025-03-10,2025Q1,2025,0.11720722652499305,2025-03-11,2025-03-17,0.0,0.013222677112870023,0.019673706855500055,0.021732238336202272,0.011443228372784171,0.012439577139995467
2025-03-11,2025Q1,2025,0.011479123090303078,2025-03-12,2025-03-18,0.0,0.013222677112870023,0.02280961115661752,0.02152005525354224,0.014211399440675298,0.011902304311112687
2025-03-12,2025Q1,2025,0.004186942398364035,2025-03-13,2025-03-19,0.0,0.013222677112870023,0.013896469772353147,0.015921249285615512,0.00283340532639546,0.00392772377762848
2025-03-13,2025Q1,2025,-0.0006744948203609713,2025-03-14,2025-03-20,0.0,0.013222677112870023,0.0210772615262565,0.020716519937308213,0.00912020380672048,0.008483979249338884
2025-03-14,2025Q1,2025,-0.04106241651658871,2025-03-17,2025-03-21,0.0,0.013222677112870023,0.015597381202090485,0.016367055879574398,0.003665732655020614,0.0046086107140115035
2025-03-17,2025Q1,2025,0.028898336119570933,2025-03-18,2025-03-24,0.0,0.013222677112870023,0.025743928878479157,0.024031637351424537,0.014233746224187941,0.013670769342651283
2025-03-18,2025Q1,2025,0.02916351919706517,2025-03-19,2025-03-25,0.0,0.013222677112870023,0.025030233667126738,0.024026531524706574,0.014572602085906683,0.015143682088338589
2025-03-19,2025Q1,2025,-0.023938231166654944,2025-03-20,2025-03-26,0.0,0.013222677112870023,0.02702740086328801,0.023890962061433305,0.0168212665417738,0.015573426144891385
2025-03-20,2025Q1,2025,-0.0471181975474243,2025-03-21,2025-03-27,0.0,0.013222677112870023,0.025386533663570108,0.022687262787137993,0.014525683934503413,0.014155522654851245
2025-03-21,2025Q1,2025,-0.08516849614944022,2025-03-24,2025-03-28,0.0,0.013222677112870023,0.025073616834528658,0.022997283875602244,0.013337780455169973,0.013705289392153383
2025-03-24,2025Q1,2025,-0.10095400655539333,2025-03-25,2025-03-31,0.0,0.013222677112870023,0.025106339106309748,0.022547962154810697,0.013505545277067911,0.01357955760675897
2025-03-25,2025Q1,2025,-0.07226481587186473,2025-03-26,2025-04-01,0.0,0.013222677112870023,0.026070754309530136,0.02351472006769044,0.014516221952531367,0.01489481132777195
2025-03-26,2025Q1,2025,-0.00835204596246053,2025-03-27,2025-04-02,0.0,0.013222677112870023,0.030941101813182475,0.029486497720639614,0.020083727903672625,0.021780463316632283
2025-03-27,2025Q1,2025,-0.08691357967242941,2025-03-28,2025-04-03,0.0,0.013222677112870023,0.027903865403587847,0.02539451812874223,0.017541536124083608,0.017718287583997263
2025-03-28,2025Q1,2025,-0.10292019383147477,2025-03-31,2025-04-04,0.0,0.013222677112870023,0.030332168713457244,0.027274910266839824,0.019677075518647027,0.01921021990461867
2025-03-31,2025Q1,2025,-0.10025799474730368,2025-04-01,2025-04-07,0.0,0.013222677112870023,0.030679305134253352,0.027196076982290346,0.020087213854618403,0.018932555105625207
2025-04-01,2025Q2,2025,-0.10243263836321803,2025-04-02,2025-04-08,0.0,0.011968621812457848,0.006122787503239793,0.0062041863754341165,0.012275635126237422,0.011980336750729202
2025-04-02,2025Q2,2025,0.10453095808638757,2025-04-03,2025-04-09,0.0,0.011968621812457848,0.008096837875359067,0.007782305137404187,0.014255562180659043,0.013682198537436765
2025-04-03,2025Q2,2025,0.08755429897969291,2025-04-04,2025-04-10,0.0,0.011968621812457848,0.0033922384102997635,0.009222060324490775,0.007877243397070983,0.013507406475171973
2025-04-04,2025Q2,2025,0.2683512630503777,2025-04-07,2025-04-11,0.0,0.011968621812457848,0.01395777459808055,0.015899291935288683,0.0171620535092276,0.019015862928926902
2025-04-07,2025Q2,2025,0.06646760127303053,2025-04-08,2025-04-14,0.0,0.011968621812457848,0.019796645429210127,0.014795609876079639,0.024457359369336632,0.019536827608499438
2025-04-08,2025Q2,2025,0.13459396946853475,2025-04-09,2025-04-15,0.0,0.011968621812457848,0.029631012818416014,0.023175442247760372,0.027550613873457263,0.021923765976389332
2025-04-09,2025Q2,2025,-0.04461922611559077,2025-04-10,2025-04-16,0.0,0.011968621812457848,-0.02711093110672319,-0.011488263529362901,-0.02612886896005769,-0.010379872384627387
2025-04-10,2025Q2,2025,-0.06460831461963579,2025-04-11,2025-04-17,0.0,0.011968621812457848,0.0184201094308189,0.01706267871989035,0.017219406827753192,0.0168329930047318
2025-04-11,2025Q2,2025,-0.1507317225154925,2025-04-14,2025-04-21,0.0,0.011968621812457848,0.005488120351114536,0.004959457675700945,0.00732422808854649,0.007061606316773782
2025-04-14,2025Q2,2025,-0.10885826528044573,2025-04-15,2025-04-22,0.0,0.011968621812457848,0.009227712067627847,0.007752286956491875,0.01459444672452262,0.012860261529305035
2025-04-15,2025Q2,2025,-0.017599272248459363,2025-04-16,2025-04-23,0.0,0.011968621812457848,0.001067104829399283,0.001584489453114138,0.010664141388899855,0.010273337570439208
2025-04-16,2025Q2,2025,0.01895647118031718,2025-04-17,2025-04-24,0.0,0.011968621812457848,0.0021019304959546455,0.0061010936287202175,0.011651429388981933,0.014746562896349659
2025-04-17,2025Q2,2025,0.1239243283301592,2025-04-21,2025-04-25,0.0,0.011968621812457848,0.006792916852414453,0.006978268850685023,0.01491181096066284,0.01423353970143509
2025-04-21,2025Q2,2025,0.10072894007488209,2025-04-22,2025-04-28,0.0,0.011968621812457848,0.006638863648453534,0.007965444932483724,0.013072679913647177,0.01373271787761471
2025-04-22,2025Q2,2025,0.04305396234719949,2025-04-23,2025-04-29,0.0,0.011968621812457848,0.005168609692617489,0.004894118900070885,0.0091902332461318,0.008530932100342902
2025-04-23,2025Q2,2025,0.052570493192269696,2025-04-24,2025-04-30,0.0,0.011968621812457848,0.00637970236864714,0.005889156252054258,0.007977243004579596,0.00746050496597615
2025-04-24,2025Q2,2025,0.04454845301081911,2025-04-25,2025-05-01,0.0,0.011968621812457848,0.004446233610769146,0.004494170193912457,0.007294339744338973,0.007319119819371711
2025-04-25,2025Q2,2025,0.04385082916889482,2025-04-28,2025-05-02,0.0,0.011968621812457848,0.004516748891435045,0.004102538159237343,0.010212231476098607,0.009508752403221021
2025-04-28,2025Q2,2025,0.05711898978793428,2025-04-29,2025-05-05,0.0,0.011968621812457848,0.00616382126577066,0.0063977879834101374,0.014124398385711938,0.013708848220402733
2025-04-29,2025Q2,2025,0.08681917860480315,2025-04-30,2025-05-06,0.0,0.011968621812457848,0.0015264621289061923,0.0023198103701876967,0.011940546399953443,0.011656810409904452
2025-04-30,2025Q2,2025,0.03519628283598131,2025-05-01,2025-05-07,0.0,0.011968621812457848,0.001417666228889754,0.0020392504621436543,0.014553000603003002,0.013782285932014627
2025-05-01,2025Q2,2025,0.027938364274655347,2025-05-02,2025-05-08,0.0,0.011968621812457848,0.0007509492493812369,0.0010768111978610977,0.013717359072977813,0.012551771448265848
2025-05-02,2025Q2,2025,0.03312370686800903,2025-05-05,2025-05-09,0.0,0.011968621812457848,-0.002341610148987089,-0.0009448955778883824,0.010381330009834024,0.010412580686186909
2025-05-05,2025Q2,2025,0.10333688819672893,2025-05-06,2025-05-12,0.0,0.011968621812457848,-0.001366549849574612,0.0003393909465053066,0.011683556644016603,0.012090227307209924
2025-05-06,2025Q2,2025,0.1493143668142607,2025-05-07,2025-05-13,0.0,0.011968621812457848,5.65709627168183e-05,0.0009470965475164121,0.01387040170035389,0.013417998091729038
2025-05-07,2025Q2,2025,0.14452428192719347,2025-05-08,2025-05-14,0.0,0.011968621812457848,-0.0019546326750714133,-0.001336465399265168,0.012834720406923003,0.012037918483093239
2025-05-08,2025Q2,2025,0.148956144731339,2025-05-09,2025-05-15,0.0,0.011968621812457848,-0.001886678063838021,-0.0002673786467343297,0.01430812773594526,0.014357734272154199
2025-05-09,2025Q2,2025,0.11010898205600461,2025-05-12,2025-05-16,0.0,0.011968621812457848,-0.0017141667048301886,0.00010450428736036473,0.01477230273548781,0.015018363420993469
2025-05-12,2025Q2,2025,0.0847335868366148,2025-05-13,2025-05-19,0.0,0.011968621812457848,-0.009297056157500613,-0.006020477197600375,0.008238941025825853,0.009756647002430778
2025-05-13,2025Q2,2025,0.008858918630672674,2025-05-14,2025-05-20,0.0,0.011968621812457848,-0.009513406000452933,-0.006837536187217367,0.011535196501605142,0.01219635214697734
2025-05-14,2025Q2,2025,-0.01854188963335157,2025-05-15,2025-05-21,0.0,0.011968621812457848,-0.01153944317517278,-0.00851850335694898,0.010994836828181802,0.011844915154466031
2025-05-15,2025Q2,2025,-0.024886208774554164,2025-05-16,2025-05-22,0.0,0.011968621812457848,-0.009743942052805278,-0.006853156053181606,0.015303819864089142,0.01576441959550314
2025-05-16,2025Q2,2025,-0.008308830792257194,2025-05-19,2025-05-23,0.0,0.011968621812457848,-0.012104797235669597,-0.009011278409038872,0.015081807811517087,0.015386166392371604
2025-05-19,2025Q2,2025,0.009010401179252447,2025-05-20,2025-05-27,0.0,0.011968621812457848,-0.013889968038177608,-0.010379239348260362,0.01464439104213923,0.015267489805945795
2025-05-20,2025Q2,2025,0.013151961762432496,2025-05-21,2025-05-28,0.0,0.011968621812457848,-0.013452889122141114,-0.009785094193642272,0.013208421215699763,0.014237529763360537
2025-05-21,2025Q2,2025,0.05263561172767739,2025-05-22,2025-05-29,0.0,0.011968621812457848,-0.006536476043749609,-0.0048961033250750855,0.01853054873816596,0.017880760776517103
2025-05-22,2025Q2,2025,0.03946157602163458,2025-05-23,2025-05-30,0.0,0.011968621812457848,-0.010278860553910316,-0.00801523698761549,0.011825678306617685,0.012203996161556395
2025-05-23,2025Q2,2025,0.024077608149729368,2025-05-27,2025-06-02,0.0,0.011968621812457848,-0.0077986335096694535,-0.005648447736160517,0.012484613557347214,0.013114465947495817
2025-05-27,2025Q2,2025,0.0381533668159979,2025-05-28,2025-06-03,0.0,0.011968621812457848,-0.010166234092490395,-0.008080663901445831,0.007799307333913541,0.00869694610624295
2025-05-28,2025Q2,2025,-0.0023198722745496614,2025-05-29,2025-06-04,0.0,0.011968621812457848,-0.005774165341083317,-0.0043265023829307196,0.010449881908640525,0.011075460846078957
2025-05-29,2025Q2,2025,0.009155163359899188,2025-05-30,2025-06-05,0.0,0.011968621812457848,-0.0045009082709843665,-0.0044684338638239975,0.01173053116425863,0.010973486412333304
2025-05-30,2025Q2,2025,0.04598121983140224,2025-06-02,2025-06-06,0.0,0.011968621812457848,-0.0011453081627197294,-0.0006662037424955084,0.014841843268995781,0.014698205351518842
2025-06-02,2025Q2,2025,0.02774179375544117,2025-06-03,2025-06-09,0.0,0.011968621812457848,-0.007448092504553095,-0.006314534045114393,0.008135088807807344,0.00864826158784665
2025-06-03,2025Q2,2025,0.012448162613896363,2025-06-04,2025-06-10,0.0,0.011968621812457848,-0.0073782711920256875,-0.006578515642720844,0.00792297636364789,0.00822797344645538
2025-06-04,2025Q2,2025,0.0046423554238572695,2025-06-05,2025-06-11,0.0,0.011968621812457848,-0.00603741354480857,-0.005289847543529869,0.008732667511357404,0.009114837395317165
2025-06-05,2025Q2,2025,0.01747249729242406,2025-06-06,2025-06-12,0.0,0.011968621812457848,-0.002246455444909177,-0.0022409074248611813,0.01198505844928257,0.011779694341591936
2025-06-06,2025Q2,2025,-0.008520156434820625,2025-06-09,2025-06-13,0.0,0.011968621812457848,-0.006612307508586079,-0.005857718369695475,0.007035405152676261,0.007604984845555562
2025-06-09,2025Q2,2025,0.014016398947230169,2025-06-10,2025-06-16,0.0,0.011968621812457848,-0.0051997230339739815,-0.004915886030683011,0.00846638293826842,0.008653271205174937
2025-06-10,2025Q2,2025,-0.0033884620088231454,2025-06-11,2025-06-17,0.0,0.011968621812457848,-0.006000681990481082,-0.005476871476434426,0.007284587205571876,0.007836335262956254
2025-06-11,2025Q2,2025,0.02472349423579545,2025-06-12,2025-06-18,0.0,0.011968621812457848,-0.0038379450983396807,-0.003453690282159456,0.009122931385610811,0.009615946812169675
2025-06-12,2025Q2,2025,0.009615457727808918,2025-06-13,2025-06-20,0.0,0.011968621812457848,-0.0068624517521898385,-0.006134983962631591,0.007218148060551236,0.007912471633532652
2025-06-13,2025Q2,2025,0.005720209490870598,2025-06-16,2025-06-23,0.0,0.011968621812457848,-0.005201838489177784,-0.0038823815600835965,0.00850293218258803,0.009842984706299318
2025-06-16,2025Q2,2025,0.023600167995575516,2025-06-17,2025-06-24,0.0,0.011968621812457848,-0.006403722200430383,-0.005890913829908856,0.007211769609821637,0.007728234356801479
2025-06-17,2025Q2,2025,0.07152283483538979,2025-06-18,2025-06-25,0.0,0.011968621812457848,-0.005936366136429777,-0.0049292382027042985,0.0068800051640153905,0.008025165429579224
2025-06-18,2025Q2,2025,0.06579585785501396,2025-06-20,2025-06-26,0.0,0.011968621812457848,-0.006037831103016695,-0.005430660935235495,0.0071049420095551825,0.007834883318739647
2025-06-20,2025Q2,2025,0.10701754385964923,2025-06-23,2025-06-27,0.0,0.011968621812457848,-0.0029378729395262825,-0.0027076695191321828,0.009456530685823384,0.009961772619705716
2025-06-23,2025Q2,2025,0.08539439504707835,2025-06-24,2025-06-30,0.0,0.011968621812457848,-0.004835382539871981,-0.004371284631024505,0.007631507671526958,0.008361921209030787
2025-06-24,2025Q2,2025,0.026998048261196228,2025-06-25,2025-07-01,0.0,0.011968621812457848,-0.006697334851347702,-0.0060859812535591935,0.005245748500716673,0.006195806391878994
2025-06-25,2025Q2,2025,0.008142097110191981,2025-06-26,2025-07-02,0.0,0.011968621812457848,-0.008435524248345585,-0.007692406924182051,0.0049910102901899005,0.005929332196578942
2025-06-26,2025Q2,2025,0.02114844394863913,2025-06-27,2025-07-03,0.0,0.011968621812457848,-0.005962784175500583,-0.0055432756084422465,0.007529282184897724,0.008158168450249694
2025-06-27,2025Q2,2025,-0.001010027837658023,2025-06-30,2025-07-07,0.0,0.011968621812457848,-0.008663224478154328,-0.007912768440095095,0.007388649633513814,0.007981535304553592
2025-06-30,2025Q2,2025,0.023737967069171084,2025-07-01,2025-07-08,0.0,0.011968621812457848,-0.009352550612532233,-0.008181176024601425,0.008599252721840964,0.009336559306695049
2025-07-01,2025Q3,2025,0.06471440339758927,2025-07-02,2025-07-09,0.0,0.012778019118738358,0.002412149311697233,0.0032954398712276966,0.01455229413727083,0.0151064139292379
2025-07-02,2025Q3,2025,0.036181165391134584,2025-07-03,2025-07-10,0.0,0.012778019118738358,-0.002522314651596639,-0.001921260411792327,0.010251839383349072,0.010486169049725429
2025-07-03,2025Q3,2025,0.042477884641816344,2025-07-07,2025-07-11,0.0,0.012778019118738358,-0.001538371448778707,-0.0008804384135454695,0.010147712343578714,0.01051066134231092
2025-07-07,2025Q3,2025,0.029749610485727107,2025-07-08,2025-07-14,0.0,0.012778019118738358,-0.0008137092619974907,0.00039365426270414165,0.009807550099599037,0.010805286172526516
2025-07-08,2025Q3,2025,0.058801610567918106,2025-07-09,2025-07-15,0.0,0.012778019118738358,-0.0019681458847797973,-0.0011145615509372247,0.008929802069735353,0.009591738596402832
2025-07-09,2025Q3,2025,0.042904013380783645,2025-07-10,2025-07-16,0.0,0.012778019118738358,-0.002284734704412787,-0.0017302245833829815,0.009591545498502687,0.00989084749410552
2025-07-10,2025Q3,2025,0.05668213236076736,2025-07-11,2025-07-17,0.0,0.012778019118738358,-0.001527032284015243,-0.000980103809503684,0.010298933576108728,0.010596529618287937
2025-07-11,2025Q3,2025,0.042571256895382215,2025-07-14,2025-07-18,0.0,0.012778019118738358,-0.0007649941337659425,-0.0005126179558596726,0.011434975975241176,0.011421578794540912
2025-07-14,2025Q3,2025,0.0011098921589844934,2025-07-15,2025-07-21,0.0,0.012778019118738358,-0.0005188632696643478,9.588066945115728e-06,0.01205210798750875,0.0122981544358003
2025-07-15,2025Q3,2025,-0.023558978351536974,2025-07-16,2025-07-22,0.0,0.012778019118738358,-0.005481760088095656,-0.004535912799635708,0.007871210943874805,0.008485954002197562
2025-07-16,2025Q3,2025,-0.007208495886327437,2025-07-17,2025-07-23,0.0,0.012778019118738358,-0.0026764623944846404,-0.0019750684415891125,0.010023910205209128,0.010440482383721092
2025-07-17,2025Q3,2025,0.0005759393219715303,2025-07-18,2025-07-24,0.0,0.012778019118738358,-0.003145137872936585,-0.002568842903706523,0.010306002471638525,0.010558565337642026
2025-07-18,2025Q3,2025,0.004341534008682979,2025-07-21,2025-07-25,0.0,0.012778019118738358,-0.0023509831073385834,-0.0016554410507418939,0.0114547105113129,0.011813279084704083
2025-07-21,2025Q3,2025,0.03157466894910277,2025-07-22,2025-07-28,0.0,0.012778019118738358,-0.002807517504394128,-0.0018884706958581677,0.011782304273063999,0.012327083984513617
2025-07-22,2025Q3,2025,0.035273967855825594,2025-07-23,2025-07-29,0.0,0.012778019118738358,0.0018359363009642898,0.0019315034066801611,0.01638470354546997,0.01614303323667655
2025-07-23,2025Q3,2025,0.039607989644835806,2025-07-24,2025-07-30,0.0,0.012778019118738358,-0.0035037907900149472,-0.0030611734963722458,0.010155832004588632,0.010333553718069126
2025-07-24,2025Q3,2025,0.02453772531455156,2025-07-25,2025-07-31,0.0,0.012778019118738358,-0.0031256468124386243,-0.002512596247482372,0.008809969800363856,0.009280851385232533
2025-07-25,2025Q3,2025,-0.001723957271533627,2025-07-28,2025-08-01,0.0,0.012778019118738358,-0.001823035925851332,-0.0009944587988773464,0.009014384228096204,0.009784704987776283
2025-07-28,2025Q3,2025,0.011463212009273693,2025-07-29,2025-08-04,0.0,0.012778019118738358,-0.00306473576583933,-0.002491088704139178,0.008176839620878073,0.008665729877893416
2025-07-29,2025Q3,2025,0.0099144527475028,2025-07-30,2025-08-05,0.0,0.012778019118738358,0.00023947198413087206,0.000386379297698183,0.012357227515151685,0.012362370743508825
2025-07-30,2025Q3,2025,-0.019026767871346495,2025-07-31,2025-08-06,0.0,0.012778019118738358,-0.003362831570410939,-0.002879301920780602,0.009459454195904344,0.009759027968617367
2025-07-31,2025Q3,2025,0.038371003935258274,2025-08-01,2025-08-07,0.0,0.012778019118738358,0.0027364174238766626,0.001985360579639977,0.0156955661231307,0.01476231800955742
2025-08-01,2025Q3,2025,0.043046318386004145,2025-08-04,2025-08-08,0.0,0.012778019118738358,0.0008097186568242522,0.001404496046659931,0.013815482027248607,0.014243496080961458
2025-08-04,2025Q3,2025,0.013584247342921296,2025-08-05,2025-08-11,0.0,0.012778019118738358,-0.004006352149195364,-0.003650442013073952,0.00914764839544379,0.009327544046505286
2025-08-05,2025Q3,2025,0.0387342015546428,2025-08-06,2025-08-12,0.0,0.012778019118738358,0.00027190921948983156,0.0005243806214409244,0.012058554164242093,0.012232600920001967
2025-08-06,2025Q3,2025,0.00011008984339699879,2025-08-07,2025-08-13,0.0,0.012778019118738358,-0.0015608998959274374,-0.0011702519810246996,0.009864833079419506,0.010211505177642306
2025-08-07,2025Q3,2025,0.0025888251875660906,2025-08-08,2025-08-14,0.0,0.012778019118738358,0.00037123105846947543,7.12124730354452e-05,0.011745218045449259,0.011412406196299163
2025-08-08,2025Q3,2025,-0.008788827666543542,2025-08-11,2025-08-15,0.0,0.012778019118738358,-0.0022617486731717935,-0.00183009388296251,0.009594594946136759,0.009960470907179378
2025-08-11,2025Q3,2025,-0.005192458308754477,2025-08-12,2025-08-18,0.0,0.012778019118738358,-0.0006636391591315904,-0.0003318083843185469,0.010864773534516278,0.011167080702868122
2025-08-12,2025Q3,2025,-0.03822142106103987,2025-08-13,2025-08-19,0.0,0.012778019118738358,-0.00022537662058272172,-0.0003526228046674719,0.01216005422868769,0.011947991149883399
2025-08-13,2025Q3,2025,-0.02420031211969753,2025-08-14,2025-08-20,0.0,0.012778019118738358,0.0004605303517424258,0.0006402432993058652,0.01283621548715519,0.012937230812038465
2025-08-14,2025Q3,2025,-0.037937150703944655,2025-08-15,2025-08-21,0.0,0.012778019118738358,-0.0012739110488760481,-0.0008414607147093425,0.011174398080892725,0.011526016395819289
2025-08-15,2025Q3,2025,-0.01445183013369078,2025-08-18,2025-08-22,0.0,0.012778019118738358,0.0006792306823893337,0.0009724364965066346,0.012544238914181986,0.012806095074386252
2025-08-18,2025Q3,2025,-0.0143616467816442,2025-08-19,2025-08-25,0.0,0.012778019118738358,-0.001460210158768932,-0.0009200648179953901,0.009989113176786964,0.010530275724615238
2025-08-19,2025Q3,2025,0.03767771977225309,2025-08-20,2025-08-26,0.0,0.012778019118738358,0.004955096041637807,0.005187145390156353,0.015708739372656322,0.01601902805132279
2025-08-20,2025Q3,2025,0.03860451681084753,2025-08-21,2025-08-27,0.0,0.012778019118738358,0.004402471897269862,0.00348646230019916,0.015159580845084532,0.014332276293082256
2025-08-21,2025Q3,2025,0.043798143397610234,2025-08-22,2025-08-28,0.0,0.012778019118738358,0.0025126172874069194,0.002655251219715748,0.011234469046532615,0.011610863612336377
2025-08-22,2025Q3,2025,-0.023381066919134663,2025-08-25,2025-08-29,0.0,0.012778019118738358,0.0032271386159670075,0.0024146671462069343,0.011742787928825561,0.011176208654902212
2025-08-25,2025Q3,2025,-0.05153837001623329,2025-08-26,2025-09-02,0.0,0.012778019118738358,0.0037901604983428816,0.0032164106227520334,0.010569966390995719,0.010354256408468182
2025-08-26,2025Q3,2025,-0.06242444706592787,2025-08-27,2025-09-03,0.0,0.012778019118738358,0.002162730560289424,0.002122411663894057,0.009118923118251084,0.009413332689580035
2025-08-27,2025Q3,2025,-0.05065813124144536,2025-08-28,2025-09-04,0.0,0.012778019118738358,0.002889711361433858,0.0029682252220867913,0.01060758992836253,0.010957639999536615
2025-08-28,2025Q3,2025,-0.062264871707861214,2025-08-29,2025-09-05,0.0,0.012778019118738358,0.005988699346325391,0.005032508467704103,0.015618614882842902,0.014800648386618223
2025-08-29,2025Q3,2025,-0.00994119083180145,2025-09-02,2025-09-08,0.0,0.012778019118738358,0.0050159592652667,0.0057798332036652165,0.014246363615841464,0.015188417246116692
2025-09-02,2025Q3,2025,-0.001753788472112272,2025-09-03,2025-09-09,0.0,0.012778019118738358,0.005406678493628091,0.005628005836344104,0.014730086882531737,0.01513110336615459
2025-09-03,2025Q3,2025,0.03963178880555818,2025-09-04,2025-09-10,0.0,0.012778019118738358,0.005394471114383659,0.0052582122040955945,0.013148815204435508,0.013300935706308805
2025-09-04,2025Q3,2025,0.054395045266015796,2025-09-05,2025-09-11,0.0,0.012778019118738358,0.004859030175510089,0.004957928611316283,0.010527666688301157,0.011053197662565304
2025-09-05,2025Q3,2025,0.061295160163550966,2025-09-08,2025-09-12,0.0,0.012778019118738358,0.008873404075831877,0.009106776364459338,0.012928205767480118,0.013704975000926482
2025-09-08,2025Q3,2025,0.05121535188163451,2025-09-09,2025-09-15,0.0,0.012778019118738358,0.007389292789663405,0.006989366427514827,0.011246600583037804,0.011386412623949686
2025-09-09,2025Q3,2025,-0.009963737052294586,2025-09-10,2025-09-16,0.0,0.012778019118738358,0.007062466539000327,0.006573286257622274,0.01073509621124058,0.010774356407927198
2025-09-10,2025Q3,2025,-0.052259571306817465,2025-09-11,2025-09-17,0.0,0.012778019118738358,0.003671767110149783,0.0037280268843788867,0.007449929736576757,0.007991765189881738
2025-09-11,2025Q3,2025,-0.008606619466307142,2025-09-12,2025-09-18,0.0,0.012778019118738358,0.007565752621977326,0.007201781493686684,0.01121164758166008,0.011318361690839725
2025-09-12,2025Q3,2025,0.005692491662909305,2025-09-15,2025-09-19,0.0,0.012778019118738358,0.00472970365748699,0.005048949133240558,0.010414339373154807,0.011042209012501688
2025-09-15,2025Q3,2025,0.03734463621667561,2025-09-16,2025-09-22,0.0,0.012778019118738358,0.005136199403875093,0.005201053878238734,0.013047376200103725,0.013251138646495762
2025-09-16,2025Q3,2025,0.03353795937559512,2025-09-17,2025-09-23,0.0,0.012778019118738358,0.005425741864947699,0.006049806824626225,0.014441986667293247,0.015114540588414715
2025-09-17,2025Q3,2025,0.017185915430453003,2025-09-18,2025-09-24,0.0,0.012778019118738358,0.007361896702296434,0.007943858405639999,0.016396319522748747,0.017033084745737465
2025-09-18,2025Q3,2025,0.010923355079226926,2025-09-19,2025-09-25,0.0,0.012778019118738358,0.0025137640282734547,0.0027994966434292078,0.011583919098602439,0.011913924464120767
2025-09-19,2025Q3,2025,0.016486020190171757,2025-09-22,2025-09-26,0.0,0.012778019118738358,0.005102902960500592,0.005378063242824731,0.012368581472206621,0.012804352570794056
2025-09-22,2025Q3,2025,-0.0006594225222980032,2025-09-23,2025-09-29,0.0,0.012778019118738358,0.0037184044183122943,0.0031561112704418283,0.012264491505939284,0.011766628793909903
2025-09-23,2025Q3,2025,0.03788172329501904,2025-09-24,2025-09-30,0.0,0.012778019118738358,0.00786344921751758,0.008160135742105872,0.015648199788994437,0.01604616063150596
2025-09-24,2025Q3,2025,0.0731316487739404,2025-09-25,2025-10-01,0.0,0.012778019118738358,0.006051182969326695,0.006057337573280075,0.016211450293465737,0.016141528699334096
2025-09-25,2025Q3,2025,0.060167263461147646,2025-09-26,2025-10-02,0.0,0.012778019118738358,0.005856547421846775,0.005323849363968444,0.017117710091049676,0.016427384735488562
2025-09-26,2025Q3,2025,0.03984926416488932,2025-09-29,2025-10-03,0.0,0.012778019118738358,0.005122038109575612,0.005009343377960836,0.016164802366479568,0.01590032795355069
2025-09-29,2025Q3,2025,0.019002589083278565,2025-09-30,2025-10-06,0.0,0.012778019118738358,0.003066764187157279,0.003316185086184609,0.012879092540201843,0.01306605875253919
2025-09-30,2025Q3,2025,-0.0010797462810411274,2025-10-01,2025-10-07,0.0,0.012778019118738358,0.002606833675397253,0.0026576435253241933,0.012708063624459202,0.0126745921101648
2025-10-01,2025Q4,2025,-0.002584417074841694,2025-10-02,2025-10-08,0.0,0.012699969233347914,0.005330249176367568,0.00561849539922072,0.012800093366988874,0.012974963974034033
2025-10-02,2025Q4,2025,0.01786566329718875,2025-10-03,2025-10-09,0.0,0.012699969233347914,0.004185726749937325,0.004613087830338269,0.012872344928828694,0.013105143315449437
2025-10-03,2025Q4,2025,-0.012614535514235636,2025-10-06,2025-10-10,0.0,0.012699969233347914,0.006103140053352238,0.006310761121142365,0.01596346697594078,0.015897429984355425
2025-10-06,2025Q4,2025,0.011222744158451592,2025-10-07,2025-10-13,0.0,0.012699969233347914,0.005168891771575171,0.005836785853184433,0.015448335002399026,0.01583709184436832
2025-10-07,2025Q4,2025,-0.035053911605185006,2025-10-08,2025-10-14,0.0,0.012699969233347914,0.0061218018383259265,0.0061425663919239815,0.016471164655544105,0.01622714986900066
2025-10-08,2025Q4,2025,-0.06450603013100886,2025-10-09,2025-10-15,0.0,0.012699969233347914,0.0023498853688793554,0.0029820278952282352,0.012103413217098007,0.012523681790907489
2025-10-09,2025Q4,2025,-0.060461977574129855,2025-10-10,2025-10-16,0.0,0.012699969233347914,0.0037299820557078166,0.003915889776281701,0.01267215754459107,0.01268935913647768
2025-10-10,2025Q4,2025,-0.02526998972789729,2025-10-13,2025-10-17,0.0,0.012699969233347914,0.012631240960727088,0.012353724841552107,0.02219220516233298,0.02172989980180004
2025-10-13,2025Q4,2025,-0.011527871589327776,2025-10-14,2025-10-20,0.0,0.012699969233347914,0.002609494104643069,0.0027980418906134157,0.01254735174214084,0.012547016991956709
2025-10-14,2025Q4,2025,-0.019696966068929345,2025-10-15,2025-10-21,0.0,0.012699969233347914,0.0068047372832833325,0.00839962155747756,0.015282327897182434,0.016820293338635744
2025-10-15,2025Q4,2025,-0.010700746276467554,2025-10-16,2025-10-22,0.0,0.012699969233347914,0.00949439262495057,0.008241283937333374,0.01854827964826338,0.01721516961645759
2025-10-16,2025Q4,2025,0.010989072409892442,2025-10-17,2025-10-23,0.0,0.012699969233347914,0.0060938715854836865,0.005912734750322015,0.012096149865046384,0.012072251274914247
2025-10-17,2025Q4,2025,0.01709162638873085,2025-10-20,2025-10-24,0.0,0.012699969233347914,0.006164291939751889,0.006014080531476439,0.011376793959679785,0.011430746994624149
2025-10-20,2025Q4,2025,0.047595670039839666,2025-10-21,2025-10-27,0.0,0.012699969233347914,0.007568622097138186,0.007535633759668257,0.01141542168268763,0.011686737908561284
2025-10-21,2025Q4,2025,0.10980456805050132,2025-10-22,2025-10-28,0.0,0.012699969233347914,0.007752353516095402,0.007900771018955276,0.011985121902363864,0.0124218509168296
2025-10-22,2025Q4,2025,0.14754459254711083,2025-10-23,2025-10-29,0.0,0.012699969233347914,0.009827057510455314,0.009018156789997792,0.015067357609502107,0.014476023959617487
2025-10-23,2025Q4,2025,0.10362273406894884,2025-10-24,2025-10-30,0.0,0.012699969233347914,0.006199926603056467,0.006192762473977187,0.010809835974550524,0.01107510975113091
2025-10-24,2025Q4,2025,0.06579293456807522,2025-10-27,2025-10-31,0.0,0.012699969233347914,0.005194902446717152,0.005116974596339838,0.009365964685555308,0.00958035888883612
2025-10-27,2025Q4,2025,0.07163947999185871,2025-10-28,2025-11-03,0.0,0.012699969233347914,0.003943905980925463,0.004061313887505077,0.007956100687337812,0.008352755052388593
2025-10-28,2025Q4,2025,-0.04466772515133133,2025-10-29,2025-11-04,0.0,0.012699969233347914,0.0024213705081896422,0.0021104743985300312,0.008465728592027542,0.008240719399193717
2025-10-29,2025Q4,2025,-0.04845229090103109,2025-10-30,2025-11-05,0.0,0.012699969233347914,0.003125331314069028,0.0026981402233683723,0.010594053546336343,0.010095210150400435
2025-10-30,2025Q4,2025,-0.08898036032324541,2025-10-31,2025-11-06,0.0,0.012699969233347914,0.0037939901509306748,0.0045834757078632125,0.013352945276657677,0.01390693718554059
2025-10-31,2025Q4,2025,-0.09578050633982571,2025-11-03,2025-11-07,0.0,0.012699969233347914,0.0034000399797870316,0.0033639291357610915,0.016636398705221142,0.016105121272462428
2025-11-03,2025Q4,2025,-0.019458113045528025,2025-11-04,2025-11-10,0.0,0.012699969233347914,0.00015158508406561827,0.00030764576339540467,0.015187538971026527,0.014719932417452918
2025-11-04,2025Q4,2025,-0.028223577450155912,2025-11-05,2025-11-11,0.0,0.012699969233347914,0.002873590928807561,0.004508149953913349,0.016724568483822776,0.017853182917955946
2025-11-05,2025Q4,2025,-0.013338739138638922,2025-11-06,2025-11-12,0.0,0.012699969233347914,0.005459441946088205,0.005197877334029479,0.01950054112258818,0.01875241468756071
2025-11-06,2025Q4,2025,0.010600361160447047,2025-11-07,2025-11-13,0.0,0.012699969233347914,0.008955345621601878,0.008523740323135976,0.022408540520664294,0.021580284220450455
2025-11-07,2025Q4,2025,-0.025319063225630378,2025-11-10,2025-11-14,0.0,0.012699969233347914,0.006622260167371075,0.00565702559971514,0.018554898591269846,0.017332475196201024
2025-11-10,2025Q4,2025,-0.04386143368501916,2025-11-11,2025-11-17,0.0,0.012699969233347914,-0.0021025506534077497,-0.0011900769468301039,0.006649746500796688,0.00756719832190272
2025-11-11,2025Q4,2025,-0.07337012324130587,2025-11-12,2025-11-18,0.0,0.012699969233347914,0.005955991100605764,0.006859826703239564,0.011130242039330525,0.012275980464854222
2025-11-12,2025Q4,2025,-0.023711063632224416,2025-11-13,2025-11-19,0.0,0.012699969233347914,0.005933479398985349,0.005455783510876102,0.01191488999272758,0.011642521061121854
2025-11-13,2025Q4,2025,-0.012140441940792002,2025-11-14,2025-11-20,0.0,0.012699969233347914,0.008648643139251382,0.008837232159000917,0.015185970591449665,0.015576545145020325
2025-11-14,2025Q4,2025,-0.03812440872910705,2025-11-17,2025-11-21,0.0,0.012699969233347914,0.006337211880893297,0.005005592716756833,0.014538952784310718,0.013282890842816902
2025-11-17,2025Q4,2025,-0.004526130488354485,2025-11-18,2025-11-24,0.0,0.012699969233347914,0.0070184121376284676,0.007115457989492122,0.01170260963840097,0.01216147684250456
2025-11-18,2025Q4,2025,-0.03771841666297149,2025-11-19,2025-11-25,0.0,0.012699969233347914,0.008620266809592166,0.00873222729861057,0.012651211258516357,0.013220374435312215
2025-11-19,2025Q4,2025,-0.08007146050403113,2025-11-20,2025-11-26,0.0,0.012699969233347914,0.005302257167412584,0.004602643616950865,0.008520518357381771,0.008347794446300266
2025-11-20,2025Q4,2025,-0.023394423773199557,2025-11-21,2025-11-28,0.0,0.012699969233347914,0.018878354301661793,0.015490081437726585,0.022513195737744206,0.019614469811032684
2025-11-21,2025Q4,2025,0.0023956357603300837,2025-11-24,2025-12-01,0.0,0.012699969233347914,0.014387078082411426,0.011783852839740896,0.016725398459029935,0.01472597448437949
2025-11-24,2025Q4,2025,0.03744784697627179,2025-11-25,2025-12-02,0.0,0.012699969233347914,0.008530778573236215,0.007140506972156675,0.00950911640381891,0.008812663910782913
2025-11-25,2025Q4,2025,-0.011231671475415594,2025-11-26,2025-12-03,0.0,0.012699969233347914,0.0120378259499726,0.011293108145049744,0.012791686265052086,0.012732896972613759
2025-11-26,2025Q4,2025,0.024412102732116914,2025-11-28,2025-12-04,0.0,0.012699969233347914,0.009336163475998189,0.008304217512228337,0.010126224035255047,0.009756524444253288
2025-11-28,2025Q4,2025,0.04377437282978458,2025-12-01,2025-12-05,0.0,0.012699969233347914,0.009853308234334265,0.009948507438588577,0.010075776431315632,0.010850965110592602
2025-12-01,2025Q4,2025,0.02085172017750736,2025-12-02,2025-12-08,0.0,0.012699969233347914,0.008735051135619032,0.007798953116737991,0.01070753923607607,0.010278962648226425
2025-12-02,2025Q4,2025,0.02148221421644214,2025-12-03,2025-12-09,0.0,0.012699969233347914,0.009914286688882883,0.0089480539955766,0.011510452742995895,0.011030239652683625
2025-12-03,2025Q4,2025,0.011892983813349689,2025-12-04,2025-12-10,0.0,0.012699969233347914,0.009534826020613568,0.009515855965047948,0.011473582145708917,0.011896464910701432
2025-12-04,2025Q4,2025,-0.016096616040523037,2025-12-05,2025-12-11,0.0,0.012699969233347914,0.007203462279908793,0.006839774828414044,0.01028715362595712,0.010258571868506674
2025-12-05,2025Q4,2025,-0.04172139259008001,2025-12-08,2025-12-12,0.0,0.012699969233347914,0.008976310735530324,0.008885938936846397,0.012363995620523894,0.01256371776152784
2025-12-08,2025Q4,2025,-0.04995691094215349,2025-12-09,2025-12-15,0.0,0.012699969233347914,0.0072656925074235795,0.006871903305880825,0.011905754545887996,0.011694515795907917
2025-12-09,2025Q4,2025,-0.03919554496488009,2025-12-10,2025-12-16,0.0,0.012699969233347914,0.0075231580060461985,0.007999799096780065,0.01213907864732501,0.012777004198628443
2025-12-10,2025Q4,2025,-0.051808278240144,2025-12-11,2025-12-17,0.0,0.012699969233347914,0.008187523601539709,0.008540005942143101,0.014295611027690624,0.014689808028481844
2025-12-11,2025Q4,2025,-0.03848490529078363,2025-12-12,2025-12-18,0.0,0.012699969233347914,0.008918308884181495,0.009380498689546494,0.015603901362306917,0.016060016422603365
2025-12-12,2025Q4,2025,0.01714062610942224,2025-12-15,2025-12-19,0.0,0.012699969233347914,0.012984690710592167,0.01290899142557636,0.020580518642686424,0.020454508691071405
2025-12-15,2025Q4,2025,0.042153683003105735,2025-12-16,2025-12-22,0.0,0.012699969233347914,0.008725868908964481,0.008725555961703543,0.015542090245305475,0.015553220962398499
2025-12-16,2025Q4,2025,0.07444633819402147,2025-12-17,2025-12-23,0.0,0.012699969233347914,0.008508814609601196,0.008620905238749142,0.01369740082292573,0.013922769679675016
2025-12-17,2025Q4,2025,0.08067382071582818,2025-12-18,2025-12-24,0.0,0.012699969233347914,0.012828880540312285,0.013545110311993139,0.01661952908081121,0.01757457069996421
2025-12-18,2025Q4,2025,0.07845135424237437,2025-12-19,2025-12-26,0.0,0.012699969233347914,0.009698246829375482,0.009348053407977522,0.01369239518193505,0.01355944039588264
2025-12-19,2025Q4,2025,0.023379747143146057,2025-12-22,2025-12-29,0.0,0.012699969233347914,0.006106556102895729,0.006385483866414513,0.009703484506650418,0.0102030758480474
2025-12-22,2025Q4,2025,0.024976728616388,2025-12-23,2025-12-30,0.0,0.012699969233347914,0.007372170065711034,0.007796329859339309,0.009883828798929703,0.010569293340386109
2025-12-23,2025Q4,2025,-0.0076620326843679365,2025-12-24,2025-12-31,0.0,0.012699969233347914,0.006409015608526021,0.006445606836708375,0.010260121056759067,0.010432894202495931
2025-12-24,2025Q4,2025,-0.005633909413151339,2025-12-26,2026-01-02,0.0,0.012699969233347914,0.006860943028256675,0.0076656681146493495,0.01206729442576244,0.012897364028608888
2025-12-26,2025Q4,2025,0.0021841584819997095,2025-12-29,2026-01-05,0.0,0.012699969233347914,0.006458590414846125,0.006667590356854212,0.01482161547873614,0.014823208570221
2025-12-29,2025Q4,2025,-0.005312367035796295,2025-12-30,2026-01-06,0.0,0.012699969233347914,0.006103864878408341,0.007201928144011861,0.014898400638683328,0.01576800614748785
2025-12-30,2025Q4,2025,-0.002426579606975565,2025-12-31,2026-01-07,0.0,0.012699969233347914,0.005422528423230932,0.006402792118477305,0.015232761259504728,0.015927221226890127
2025-12-31,2025Q4,2025,-0.02528446662638184,2026-01-02,2026-01-08,0.0,0.012699969233347914,0.007428413880465203,0.007776340948121363,0.017206693217592377,0.017280410418999654
2026-01-02,2026Q1,2026,-0.03598244729944666,2026-01-05,2026-01-09,0.0,0.012231445968847794,0.004010144543737626,0.004624051621054047,0.014989730388759614,0.014828447029366065
2026-01-05,2026Q1,2026,-0.02928827265337841,2026-01-06,2026-01-12,0.0,0.012231445968847794,0.007309194632410281,0.00727282111137202,0.01751420199749302,0.016751982602138275
2026-01-06,2026Q1,2026,-0.014636525738049189,2026-01-07,2026-01-13,0.0,0.012231445968847794,0.006453637164529453,0.006831319537680889,0.016100148168390227,0.015866578824448224
2026-01-07,2026Q1,2026,-0.03156893449016451,2026-01-08,2026-01-14,0.0,0.012231445968847794,0.0044544469104960205,0.004993248106692968,0.014244660548049546,0.014165075677249868
2026-01-08,2026Q1,2026,0.01064405230826293,2026-01-09,2026-01-15,0.0,0.012231445968847794,0.007129659408208006,0.007872257908225027,0.016659592896777424,0.016811566043288068
2026-01-09,2026Q1,2026,0.016428307427037492,2026-01-12,2026-01-16,0.0,0.012231445968847794,0.0048073464993336505,0.005698396087028786,0.013801798710506243,0.014245448389011999
2026-01-12,2026Q1,2026,-0.03745941986908785,2026-01-13,2026-01-20,0.0,0.012231445968847794,0.0055743210722883855,0.0061585370049307316,0.013971292039867342,0.014182640120238765
2026-01-13,2026Q1,2026,-0.005425347006638326,2026-01-14,2026-01-21,0.0,0.012231445968847794,0.006417436035303712,0.006678422596028394,0.01405908290378377,0.014053562586145
2026-01-14,2026Q1,2026,-0.008900823925519274,2026-01-15,2026-01-22,0.0,0.012231445968847794,0.007874614241152688,0.00846506610184404,0.01366396374361031,0.014240467494879557
2026-01-15,2026Q1,2026,-0.007457180285883602,2026-01-16,2026-01-23,0.0,0.012231445968847794,0.005161066851787877,0.005453083010211484,0.011306014251319557,0.011594300807120941
2026-01-16,2026Q1,2026,0.025123735445639506,2026-01-20,2026-01-26,0.0,0.012231445968847794,0.008615986728106425,0.008617576797223511,0.01375063945275484,0.013834679009334315
2026-01-20,2026Q1,2026,0.052890260035156844,2026-01-21,2026-01-27,0.0,0.012231445968847794,0.009373362922280278,0.010855418542822072,0.013835925285038901,0.01561159576317889
2026-01-21,2026Q1,2026,0.036644136792751913,2026-01-22,2026-01-28,0.0,0.012231445968847794,0.006887715306322665,0.006408870310389935,0.012750376892212454,0.012486101183419092
2026-01-22,2026Q1,2026,0.026719970703125373,2026-01-23,2026-01-29,0.0,0.012231445968847794,0.007227610018776283,0.007397828101843351,0.010982962131415372,0.011521226441811194
2026-01-23,2026Q1,2026,0.021211803499803672,2026-01-26,2026-01-30,0.0,0.012231445968847794,0.006903229759880646,0.007001068698310912,0.010253548313384713,0.010707604260830485
2026-01-26,2026Q1,2026,-0.008705430650460033,2026-01-27,2026-02-02,0.0,0.012231445968847794,0.008385973881735492,0.008601632782204665,0.01130724273355397,0.011880275286056481
2026-01-27,2026Q1,2026,-0.057144391124708926,2026-01-28,2026-02-03,0.0,0.012231445968847794,0.006203012861819821,0.006304680776889763,0.01200299064644855,0.012131556107438535
2026-01-28,2026Q1,2026,-0.089630993125969,2026-01-29,2026-02-04,0.0,0.012231445968847794,0.004150187695094395,0.004731916826861254,0.010595662876159609,0.011098979315093929
2026-01-29,2026Q1,2026,-0.1010930450935067,2026-01-30,2026-02-05,0.0,0.012231445968847794,0.006261825463259565,0.006068897581929496,0.014372980419832981,0.013842309984213319
2026-01-30,2026Q1,2026,-0.009561930103170857,2026-02-02,2026-02-06,0.0,0.012231445968847794,0.00559885501854489,0.006075158925237462,0.013785892915787136,0.013946743135028375
2026-02-02,2026Q1,2026,0.020403713922292566,2026-02-03,2026-02-09,0.0,0.012231445968847794,0.006146956366099313,0.00727055933100083,0.015190114324067066,0.01597119619948313
2026-02-03,2026Q1,2026,0.05059615642800486,2026-02-04,2026-02-10,0.0,0.012231445968847794,0.010078791738501354,0.009705699236954161,0.020337377986027343,0.019573430481561155
2026-02-04,2026Q1,2026,0.08643463676352114,2026-02-05,2026-02-11,0.0,0.012231445968847794,0.010391068119948395,0.010491532870763003,0.018632129754547002,0.01870661896558984
2026-02-05,2026Q1,2026,0.05801120526555592,2026-02-06,2026-02-12,0.0,0.012231445968847794,0.011286158277093006,0.010562176468069376,0.016907620193211487,0.016544816527818553
2026-02-06,2026Q1,2026,-0.007869298770593947,2026-02-09,2026-02-13,0.0,0.012231445968847794,0.00021961733313280614,0.0007818345946437062,0.004731714242301439,0.005783953014941156
2026-02-09,2026Q1,2026,-0.03349359127686513,2026-02-10,2026-02-17,0.0,0.012231445968847794,0.008004565509091479,0.006554633556516537,0.008720377797079381,0.007865320183294135
2026-02-10,2026Q1,2026,-0.023226818870281996,2026-02-11,2026-02-18,0.0,0.012231445968847794,0.008543275042413902,0.008040601583762737,0.00914525827897568,0.009224549021065297
2026-02-11,2026Q1,2026,-0.02657620533209415,2026-02-12,2026-02-19,0.0,0.012231445968847794,0.005839586534672395,0.005416123156409327,0.010344606413171488,0.010079135210460216
2026-02-12,2026Q1,2026,0.012481393482003389,2026-02-13,2026-02-20,0.0,0.012231445968847794,0.007082691251018214,0.006748780883263306,0.015459501137152403,0.01483853653376326
2026-02-13,2026Q1,2026,0.05392023687349545,2026-02-17,2026-02-23,0.0,0.012231445968847794,0.00656358874510473,0.00673832909870949,0.015474120921064032,0.015385604041653877
2026-02-17,2026Q1,2026,0.021721886641142163,2026-02-18,2026-02-24,0.0,0.012231445968847794,0.005249435904226491,0.004562698347776795,0.01427472351431143,0.01334674298062143
2026-02-18,2026Q1,2026,0.0454399663794367,2026-02-19,2026-02-25,0.0,0.012231445968847794,0.003972636467361084,0.003928741314762427,0.01075990171109393,0.010723758888253812
2026-02-19,2026Q1,2026,-0.009004705304271221,2026-02-20,2026-02-26,0.0,0.012231445968847794,0.004843998551368855,0.005115935035159668,0.010000508719295701,0.010426141911869382
2026-02-20,2026Q1,2026,-0.07424238196560962,2026-02-23,2026-02-27,0.0,0.012231445968847794,0.00424667360207895,0.004255393996079014,0.010012011388784853,0.010092822975166593
2026-02-23,2026Q1,2026,-0.047052115030341346,2026-02-24,2026-03-02,0.0,0.012231445968847794,0.003963366181825644,0.003986435201603498,0.010979369360463166,0.010887567280496013
2026-02-24,2026Q1,2026,-0.07405499677285832,2026-02-25,2026-03-03,0.0,0.012231445968847794,0.004024032969594124,0.003875954840408922,0.012444422458190073,0.011978229840945168
2026-02-25,2026Q1,2026,-0.05780620136589987,2026-02-26,2026-03-04,0.0,0.012231445968847794,0.001569425056213507,0.0020414739247521744,0.010440430170883587,0.010528490141452776
2026-02-26,2026Q1,2026,0.011531014278017393,2026-02-27,2026-03-05,0.0,0.012231445968847794,0.006655121432925111,0.008131919339402532,0.016575743152111334,0.017572816300112912
2026-02-27,2026Q1,2026,0.016056299100523974,2026-03-02,2026-03-06,0.0,0.012231445968847794,0.005993737017791486,0.0072473919016868395,0.01632668485795359,0.017256069829296276
2026-03-02,2026Q1,2026,0.023306562133977193,2026-03-03,2026-03-09,0.0,0.012231445968847794,0.003121761638932182,0.0026258420542798633,0.013782433368461532,0.012977514352997753
2026-03-03,2026Q1,2026,0.023996906298317855,2026-03-04,2026-03-10,0.0,0.012231445968847794,0.006495222353608866,0.006686371022292146,0.0122523232591237,0.012622756049018996
2026-03-04,2026Q1,2026,0.02682563702307661,2026-03-05,2026-03-11,0.0,0.012231445968847794,0.006558119799792922,0.005926359553059378,0.009667005467034306,0.009542517608445326
2026-03-05,2026Q1,2026,0.01834966147106476,2026-03-06,2026-03-12,0.0,0.012231445968847794,0.009012811303877013,0.008018335271169057,0.0108607552393327,0.010478250859719054
2026-03-06,2026Q1,2026,0.019340599069906705,2026-03-09,2026-03-13,0.0,0.012231445968847794,0.010283450431571391,0.010120966658857927,0.012545162058030399,0.013033496981303025
2026-03-09,2026Q1,2026,0.0044956543402303595,2026-03-10,2026-03-16,0.0,0.012231445968847794,0.0072558335898025555,0.006356720141352163,0.010895916105675033,0.010521565114537182
2026-03-10,2026Q1,2026,-0.021408266945987964,2026-03-11,2026-03-17,0.0,0.012231445968847794,0.007410747723606292,0.006979198387538501,0.01030912763749557,0.010370172727692268
2026-03-11,2026Q1,2026,-0.01983161692340185,2026-03-12,2026-03-18,0.0,0.012231445968847794,0.0071734672971195,0.006994675483158715,0.009952525175546203,0.010224738824421492
2026-03-12,2026Q1,2026,-0.03439325477680888,2026-03-13,2026-03-19,0.0,0.012231445968847794,0.008168049456288302,0.00846657087439782,0.01115048388648002,0.011852823149831425
2026-03-13,2026Q1,2026,-0.056129443099653176,2026-03-16,2026-03-20,0.0,0.012231445968847794,0.010022468142231403,0.009555666007341162,0.015489231815026976,0.015170302609726117
2026-03-16,2026Q1,2026,-0.05090240080632602,2026-03-17,2026-03-23,0.0,0.012231445968847794,0.007983454793382146,0.007037237874774936,0.014280759907631906,0.013406222779681128
2026-03-17,2026Q1,2026,-0.03989477723446799,2026-03-18,2026-03-24,0.0,0.012231445968847794,0.008530543909108828,0.008398434073155124,0.012877305846550138,0.012996251932863117
2026-03-18,2026Q1,2026,0.0037638233224011053,2026-03-19,2026-03-25,0.0,0.012231445968847794,0.008620135638521336,0.008662098283778384,0.01228643337012715,0.01266752495244351
2026-03-19,2026Q1,2026,-0.03797749722941535,2026-03-20,2026-03-26,0.0,0.012231445968847794,0.009038425913472108,0.008993282565659243,0.01277772429532131,0.013066766543859397
2026-03-20,2026Q1,2026,-0.054947481305486434,2026-03-23,2026-03-27,0.0,0.012231445968847794,0.011958018095252694,0.011933234107556905,0.016130068545532415,0.016419244963958256
2026-03-23,2026Q1,2026,-0.055253695366566546,2026-03-24,2026-03-30,0.0,0.012231445968847794,0.00857592513791371,0.008026180910728816,0.012263512440625679,0.012125131497204261
2026-03-24,2026Q1,2026,-0.015245692343189843,2026-03-25,2026-03-31,0.0,0.012231445968847794,0.009227169999615823,0.0092357617578296,0.010934137079349164,0.01148283713052857
2026-03-25,2026Q1,2026,-0.0018175004879137369,2026-03-26,2026-04-01,0.0,0.012231445968847794,0.008257847981994313,0.007830128341281481,0.010359056966731894,0.010345791233390793
2026-03-26,2026Q1,2026,0.04347058464499076,2026-03-27,2026-04-02,0.0,0.012231445968847794,0.01243593054184237,0.013219449003835744,0.013372461390464408,0.014681832390368516
2026-03-27,2026Q1,2026,0.05249437536693691,2026-03-30,2026-04-06,0.0,0.012231445968847794,0.012391139172822764,0.012416599640547666,0.014647297053521566,0.015182347664048556
2026-03-30,2026Q1,2026,0.06665870995653123,2026-03-31,2026-04-07,0.0,0.012231445968847794,0.014315069854195672,0.013548054492450822,0.016286748450106848,0.01608813430964197
2026-03-31,2026Q1,2026,0.03454546494917432,2026-04-01,2026-04-08,0.0,0.012231445968847794,0.005653632400027563,0.005705989929122243,0.007737115851268412,0.008342023889802631
2026-04-01,2026Q2,2026,0.06812644607562457,2026-04-02,2026-04-09,0.0,0.011417878877171724,0.005969050565401446,0.005417188862845642,0.005780876218947858,0.006147620035312765
2026-04-02,2026Q2,2026,0.0647437400293771,2026-04-06,2026-04-10,0.0,0.011417878877171724,0.00583619871465034,0.005158625960616292,0.007829707278374034,0.007687099056909377
2026-04-06,2026Q2,2026,0.07727765413543719,2026-04-07,2026-04-13,0.0,0.011417878877171724,0.0038340770191359315,0.004102822295977082,0.006954887623529874,0.007581589946639329
2026-04-07,2026Q2,2026,0.06509482117526288,2026-04-08,2026-04-14,0.0,0.011417878877171724,0.0031560530091221655,0.0034835713644057933,0.010419198705712422,0.010502146276184347
2026-04-08,2026Q2,2026,0.09365375672166265,2026-04-09,2026-04-15,0.0,0.011417878877171724,0.0013145271923300766,0.00154334672331655,0.010138215549064595,0.009833461196623745
2026-04-09,2026Q2,2026,0.07617605518365034,2026-04-10,2026-04-16,0.0,0.011417878877171724,-0.0001651004973015173,0.0008719024424976747,0.009167886753103392,0.009472536453330604
2026-04-10,2026Q2,2026,0.08412618394440408,2026-04-13,2026-04-17,0.0,0.011417878877171724,-0.002275952963839983,-0.0011401935644108855,0.00918680490219383,0.009221703024269251
2026-04-13,2026Q2,2026,0.058792713456342405,2026-04-14,2026-04-20,0.0,0.011417878877171724,-0.0021354776364205814,-0.0004712696170488459,0.010061971306798298,0.010419159812125283
2026-04-14,2026Q2,2026,0.016994055717795442,2026-04-15,2026-04-21,0.0,0.011417878877171724,-0.007414623529365857,-0.0051880359307900255,0.008376956670752595,0.0087883865887026
2026-04-15,2026Q2,2026,0.025680025894265768,2026-04-16,2026-04-22,0.0,0.011417878877171724,-0.0059927493534462795,-0.0037558877536501313,0.010763420577207129,0.010870168910424145
2026-04-16,2026Q2,2026,-0.0013006228853142954,2026-04-17,2026-04-23,0.0,0.011417878877171724,-0.0064104948792281635,-0.003711341024989316,0.012382662399740944,0.012663743022967274
2026-04-17,2026Q2,2026,0.04145418902906939,2026-04-20,2026-04-24,0.0,0.011417878877171724,-0.009843081707238471,-0.0067607715783685254,0.01065556734451541,0.011162315793968133
2026-04-20,2026Q2,2026,0.07163704238731938,2026-04-21,2026-04-27,0.0,0.011417878877171724,-0.008313774020428993,-0.005349184849746065,0.013446640729907776,0.013660633858640761
2026-04-21,2026Q2,2026,0.06059999175528885,2026-04-22,2026-04-28,0.0,0.011417878877171724,-0.007051772314407826,-0.004106368789570988,0.014314101063145823,0.014669859875020017
2026-04-22,2026Q2,2026,0.033537454613092876,2026-04-23,2026-04-29,0.0,0.011417878877171724,-0.00895636103904836,-0.006277373505231942,0.012415151896118679,0.01265679300666338
2026-04-23,2026Q2,2026,-0.0019503869601610324,2026-04-24,2026-04-30,0.0,0.011417878877171724,-0.004729350570429057,-0.002586748186788829,0.01611693398111727,0.015916782896423134
2026-04-24,2026Q2,2026,-0.053422357616534244,2026-04-27,2026-05-01,0.0,0.011417878877171724,-0.009348455104612222,-0.0074126689354404515,0.012446906851808253,0.012086221480998749
2026-04-27,2026Q2,2026,-0.05255625317163082,2026-04-28,2026-05-04,0.0,0.011417878877171724,-0.009909630656712564,-0.00785943020622647,0.009635519215306582,0.009585277312932999
2026-04-28,2026Q2,2026,-0.07616359746438661,2026-04-29,2026-05-05,0.0,0.011417878877171724,-0.0061258086184794395,-0.003775859086938815,0.012050183869921233,0.01249797549065518
2026-04-29,2026Q2,2026,-0.010003291182741125,2026-04-30,2026-05-06,0.0,0.011417878877171724,-0.005339065493293096,-0.0031583244740403024,0.013824887128240381,0.01421850023308327
2026-04-30,2026Q2,2026,0.050775046118265,2026-05-01,2026-05-07,0.0,0.011417878877171724,-0.0012060516067959985,0.0006790745504936611,0.020044810973524306,0.020158876933978206
2026-05-01,2026Q2,2026,0.07869672655760485,2026-05-04,2026-05-08,0.0,0.011417878877171724,-0.003253558427105504,-0.002486845632276658,0.01643893419703315,0.01601628690253283
2026-05-04,2026Q2,2026,0.10105368329782771,2026-05-05,2026-05-11,0.0,0.011417878877171724,-0.0004487706478595848,-0.0006843395474670829,0.014565623074757113,0.01392759724733228
2026-05-05,2026Q2,2026,0.10450747637918223,2026-05-06,2026-05-12,0.0,0.011417878877171724,0.0012918897784051555,0.0009340560787805922,0.010812037471554882,0.01092027634860767
2026-05-06,2026Q2,2026,0.08394934146393251,2026-05-07,2026-05-13,0.0,0.011417878877171724,-0.00490168666748622,-0.0051110355628987865,0.0036067486213358663,0.004101148891033951
2026-05-07,2026Q2,2026,0.10660473568980877,2026-05-08,2026-05-14,0.0,0.011417878877171724,-5.615036074155255e-05,-0.0012225265805533639,0.006248818051564208,0.00579227808892684
2026-05-08,2026Q2,2026,0.05270049706554891,2026-05-11,2026-05-15,0.0,0.011417878877171724,-0.002542226039364716,-0.003000312490546308,0.004799244027352692,0.0048772129483742165
2026-05-11,2026Q2,2026,0.01725007650339916,2026-05-12,2026-05-18,0.0,0.011417878877171724,-0.0035167889669047003,-0.003995879955330708,0.006955168830616287,0.006526258775903649
2026-05-12,2026Q2,2026,-0.01920594054193825,2026-05-13,2026-05-19,0.0,0.011417878877171724,-0.003941624575380597,-0.004075781276975086,0.010244818946626686,0.009564812386845398
2026-05-13,2026Q2,2026,-0.02775725348442737,2026-05-14,2026-05-20,0.0,0.011417878877171724,-0.008042948747659545,-0.007461719650023433,0.007970758593726049,0.007756465946232087
2026-05-14,2026Q2,2026,-0.04461176986881865,2026-05-15,2026-05-21,0.0,0.011417878877171724,-0.013352200034313687,-0.011755471697421034,0.004798320902938207,0.005218253863078963
2026-05-15,2026Q2,2026,-0.06325311521723542,2026-05-18,2026-05-22,0.0,0.011417878877171724,-0.007462374537801455,-0.004849607662833742,0.010654937691748412,0.012057985876950145
2026-05-18,2026Q2,2026,-0.02167377567008877,2026-05-19,2026-05-26,0.0,0.011417878877171724,-0.004595369171803027,-0.004598311655130062,0.01707774929954354,0.015649440082153285
2026-05-19,2026Q2,2026,-0.04740562290292505,2026-05-20,2026-05-27,0.0,0.011417878877171724,-0.007563488451147087,-0.006713010922278641,0.013243382147705521,0.013003919326299886
2026-05-20,2026Q2,2026,-0.03616893935384524,2026-05-21,2026-05-28,0.0,0.011417878877171724,-0.008399381594282886,-0.007960001365958199,0.010989612534316264,0.010640876116911719
2026-05-21,2026Q2,2026,-0.04418286453828324,2026-05-22,2026-05-29,0.0,0.011417878877171724,-0.0019472011850942845,-0.002437546654597571,0.013177462585952957,0.012567007539143454
2026-05-22,2026Q2,2026,0.036113455096886016,2026-05-26,2026-06-01,0.0,0.011417878877171724,-0.0014985675293281361,-0.0019090798564398194,0.011722838580726362,0.011630146596079027
2026-05-26,2026Q2,2026,0.04063147956952706,2026-05-27,2026-06-02,0.0,0.011417878877171724,-0.001682983885626892,-0.0025505252916251647,0.011075557548871864,0.010663453348356054
2026-05-27,2026Q2,2026,0.01642370901529544,2026-05-28,2026-06-03,0.0,0.011417878877171724,-0.0006975636021521372,-0.0014462669005441044,0.01043597282204972,0.010402935056633766
2026-05-28,2026Q2,2026,0.019013895965323435,2026-05-29,2026-06-04,0.0,0.011417878877171724,-0.0015922688186049503,-0.0025568487355960724,0.007467817506964859,0.007573242660012139
2026-05-29,2026Q2,2026,-0.049274509036976055,2026-06-01,2026-06-05,0.0,0.011417878877171724,0.00329021862819843,0.001705765510645137,0.010238515778489091,0.010040128669345328
2026-06-01,2026Q2,2026,-0.08160926967099635,2026-06-02,2026-06-08,0.0,0.011417878877171724,-0.0070100670705318235,-0.007369680127316609,0.0009303512854429482,0.0019250662096023906
2026-06-02,2026Q2,2026,-0.061022905939049354,2026-06-03,2026-06-09,0.0,0.011417878877171724,0.0037980534143521698,0.0013368015473169664,0.009731938037272509,0.008558786438093376
2026-06-03,2026Q2,2026,-0.06306392998091237,2026-06-04,2026-06-10,0.0,0.011417878877171724,0.003529742478532577,0.002459954508904027,0.010024188291795008,0.010422144278969635
2026-06-04,2026Q2,2026,-0.04502868464585852,2026-06-05,2026-06-11,0.0,0.011417878877171724,0.0007917607080594278,-0.001450275131874396,0.010227358009286315,0.009199695788459559
2026-06-05,2026Q2,2026,-0.02374150922191931,2026-06-08,2026-06-12,0.0,0.011417878877171724,0.003986973894512031,0.004340659633382566,0.012579052774036283,0.01438306576721751
2026-06-08,2026Q2,2026,0.008688642453136941,2026-06-09,2026-06-15,0.0,0.011417878877171724,0.0012612217179055925,-0.0008841673198303063,0.008727157269593888,0.008439077447640277
2026-06-09,2026Q2,2026,0.01457717112505219,2026-06-10,2026-06-16,0.0,0.011417878877171724,0.008037468404274512,0.004352226741724849,0.013173819462131399,0.011477817136445133
2026-06-10,2026Q2,2026,0.015683102472432653,2026-06-11,2026-06-17,0.0,0.011417878877171724,0.007786335359266502,0.006014729984864218,0.010403483045644542,0.01105540903125261
2026-06-11,2026Q2,2026,0.028458468289002115,2026-06-12,2026-06-18,0.0,0.011417878877171724,0.004678741731941481,0.0018172248076786732,0.006417310306096095,0.006139378999743371
2026-06-12,2026Q2,2026,-0.0012923811737858282,2026-06-15,2026-06-22,0.0,0.011417878877171724,0.005120567762963918,0.002985954154622116,0.006434174687266771,0.006630459514578934
